<?xml version="1.0" encoding="UTF-8"?>
<gpx version="1.1" creator="bakalgaijin-mapa" xmlns="http://www.topografix.com/GPX/1/1">
  <trk>
    <name>Rota estimada da live (Baka Gaijin)</name>
    <trkseg>
      <trkpt lat="-23.561298" lon="-46.641119">
        <name>0:00</name>
      </trkpt>
      <trkpt lat="-23.561298" lon="-46.641119">
        <name>0:01</name>
      </trkpt>
      <trkpt lat="-23.561298" lon="-46.641119">
        <name>0:02</name>
      </trkpt>
      <trkpt lat="-23.561298" lon="-46.641119">
        <name>0:03</name>
      </trkpt>
      <trkpt lat="-23.561298" lon="-46.641119">
        <name>0:04</name>
      </trkpt>
      <trkpt lat="-23.561298" lon="-46.641119">
        <name>0:05</name>
      </trkpt>
      <trkpt lat="-23.561298" lon="-46.641119">
        <name>0:06</name>
      </trkpt>
      <trkpt lat="-23.561298" lon="-46.641119">
        <name>0:07</name>
      </trkpt>
      <trkpt lat="-23.561298" lon="-46.641119">
        <name>0:08</name>
      </trkpt>
      <trkpt lat="-23.562073" lon="-46.641119">
        <name>0:09</name>
      </trkpt>
      <trkpt lat="-23.562200" lon="-46.641119">
        <name>0:10</name>
      </trkpt>
      <trkpt lat="-23.562229" lon="-46.641119">
        <name>0:11</name>
      </trkpt>
      <trkpt lat="-23.562325" lon="-46.641119">
        <name>0:12</name>
      </trkpt>
      <trkpt lat="-23.562423" lon="-46.641119">
        <name>0:13</name>
      </trkpt>
      <trkpt lat="-23.562468" lon="-46.641119">
        <name>0:14</name>
      </trkpt>
      <trkpt lat="-23.562533" lon="-46.641119">
        <name>0:15</name>
      </trkpt>
      <trkpt lat="-23.562907" lon="-46.641119">
        <name>0:16</name>
      </trkpt>
      <trkpt lat="-23.563265" lon="-46.641119">
        <name>0:17</name>
      </trkpt>
      <trkpt lat="-23.563361" lon="-46.641119">
        <name>0:18</name>
      </trkpt>
      <trkpt lat="-23.563375" lon="-46.641119">
        <name>0:19</name>
      </trkpt>
      <trkpt lat="-23.563386" lon="-46.641119">
        <name>0:20</name>
      </trkpt>
      <trkpt lat="-23.563603" lon="-46.641119">
        <name>0:21</name>
      </trkpt>
      <trkpt lat="-23.563618" lon="-46.641103">
        <name>0:22</name>
      </trkpt>
      <trkpt lat="-23.563632" lon="-46.641044">
        <name>0:23</name>
      </trkpt>
      <trkpt lat="-23.563036" lon="-46.640867">
        <name>0:24</name>
      </trkpt>
      <trkpt lat="-23.562993" lon="-46.640855">
        <name>0:25</name>
      </trkpt>
      <trkpt lat="-23.562760" lon="-46.640797">
        <name>0:26</name>
      </trkpt>
      <trkpt lat="-23.562743" lon="-46.640762">
        <name>0:27</name>
      </trkpt>
      <trkpt lat="-23.562722" lon="-46.640744">
        <name>0:28</name>
      </trkpt>
      <trkpt lat="-23.562701" lon="-46.640734">
        <name>0:29</name>
      </trkpt>
      <trkpt lat="-23.562650" lon="-46.640725">
        <name>0:30</name>
      </trkpt>
      <trkpt lat="-23.562585" lon="-46.640719">
        <name>0:31</name>
      </trkpt>
      <trkpt lat="-23.562667" lon="-46.640594">
        <name>0:32</name>
      </trkpt>
      <trkpt lat="-23.562766" lon="-46.640182">
        <name>0:33</name>
      </trkpt>
      <trkpt lat="-23.562807" lon="-46.639978">
        <name>0:34</name>
      </trkpt>
      <trkpt lat="-23.562861" lon="-46.639737">
        <name>0:35</name>
      </trkpt>
      <trkpt lat="-23.562900" lon="-46.639652">
        <name>0:36</name>
      </trkpt>
      <trkpt lat="-23.563066" lon="-46.639011">
        <name>0:37</name>
      </trkpt>
      <trkpt lat="-23.563135" lon="-46.638985">
        <name>0:38</name>
      </trkpt>
      <trkpt lat="-23.563173" lon="-46.638968">
        <name>0:39</name>
      </trkpt>
      <trkpt lat="-23.563261" lon="-46.638914">
        <name>0:40</name>
      </trkpt>
      <trkpt lat="-23.563310" lon="-46.638824">
        <name>0:41</name>
      </trkpt>
      <trkpt lat="-23.563669" lon="-46.636797">
        <name>0:42</name>
      </trkpt>
      <trkpt lat="-23.563698" lon="-46.636623">
        <name>0:43</name>
      </trkpt>
      <trkpt lat="-23.563772" lon="-46.636193">
        <name>0:44</name>
      </trkpt>
      <trkpt lat="-23.563794" lon="-46.636102">
        <name>0:45</name>
      </trkpt>
      <trkpt lat="-23.563832" lon="-46.636014">
        <name>0:46</name>
      </trkpt>
      <trkpt lat="-23.564305" lon="-46.635365">
        <name>0:47</name>
      </trkpt>
      <trkpt lat="-23.564366" lon="-46.635278">
        <name>0:48</name>
      </trkpt>
      <trkpt lat="-23.564302" lon="-46.635223">
        <name>0:49</name>
      </trkpt>
      <trkpt lat="-23.564000" lon="-46.634964">
        <name>0:50</name>
      </trkpt>
      <trkpt lat="-23.563711" lon="-46.634715">
        <name>0:51</name>
      </trkpt>
      <trkpt lat="-23.563568" lon="-46.634592">
        <name>0:52</name>
      </trkpt>
      <trkpt lat="-23.563524" lon="-46.634555">
        <name>0:53</name>
      </trkpt>
      <trkpt lat="-23.563492" lon="-46.634608">
        <name>0:54</name>
      </trkpt>
      <trkpt lat="-23.563488" lon="-46.634614">
        <name>0:55</name>
      </trkpt>
      <trkpt lat="-23.563480" lon="-46.634622">
        <name>0:56</name>
      </trkpt>
      <trkpt lat="-23.563473" lon="-46.634625">
        <name>0:57</name>
      </trkpt>
      <trkpt lat="-23.563461" lon="-46.634628">
        <name>0:58</name>
      </trkpt>
      <trkpt lat="-23.562567" lon="-46.634706">
        <name>0:59</name>
      </trkpt>
      <trkpt lat="-23.562135" lon="-46.634743">
        <name>1:00</name>
      </trkpt>
      <trkpt lat="-23.561263" lon="-46.634825">
        <name>1:01</name>
      </trkpt>
      <trkpt lat="-23.561167" lon="-46.634834">
        <name>1:02</name>
      </trkpt>
      <trkpt lat="-23.561093" lon="-46.634840">
        <name>1:03</name>
      </trkpt>
      <trkpt lat="-23.560398" lon="-46.634892">
        <name>1:04</name>
      </trkpt>
      <trkpt lat="-23.560110" lon="-46.634915">
        <name>1:05</name>
      </trkpt>
      <trkpt lat="-23.558997" lon="-46.635003">
        <name>1:06</name>
      </trkpt>
      <trkpt lat="-23.558691" lon="-46.635027">
        <name>1:07</name>
      </trkpt>
      <trkpt lat="-23.558409" lon="-46.635050">
        <name>1:08</name>
      </trkpt>
      <trkpt lat="-23.558353" lon="-46.635054">
        <name>1:09</name>
      </trkpt>
      <trkpt lat="-23.558350" lon="-46.634995">
        <name>1:10</name>
      </trkpt>
      <trkpt lat="-23.558329" lon="-46.634509">
        <name>1:11</name>
      </trkpt>
      <trkpt lat="-23.558329" lon="-46.634509">
        <name>1:12</name>
      </trkpt>
      <trkpt lat="-23.558312" lon="-46.634101">
        <name>1:13</name>
      </trkpt>
      <trkpt lat="-23.558307" lon="-46.634026">
        <name>1:14</name>
      </trkpt>
      <trkpt lat="-23.558302" lon="-46.633935">
        <name>1:15</name>
      </trkpt>
      <trkpt lat="-23.558288" lon="-46.633703">
        <name>1:16</name>
      </trkpt>
      <trkpt lat="-23.558249" lon="-46.633050">
        <name>1:17</name>
      </trkpt>
      <trkpt lat="-23.558242" lon="-46.632934">
        <name>1:18</name>
      </trkpt>
      <trkpt lat="-23.558138" lon="-46.632941">
        <name>1:19</name>
      </trkpt>
      <trkpt lat="-23.557695" lon="-46.632966">
        <name>1:20</name>
      </trkpt>
      <trkpt lat="-23.557178" lon="-46.632995">
        <name>1:21</name>
      </trkpt>
      <trkpt lat="-23.557148" lon="-46.632997">
        <name>1:22</name>
      </trkpt>
      <trkpt lat="-23.557041" lon="-46.633003">
        <name>1:23</name>
      </trkpt>
      <trkpt lat="-23.556956" lon="-46.633009">
        <name>1:24</name>
      </trkpt>
      <trkpt lat="-23.556796" lon="-46.633017">
        <name>1:25</name>
      </trkpt>
      <trkpt lat="-23.556314" lon="-46.633044">
        <name>1:26</name>
      </trkpt>
      <trkpt lat="-23.556264" lon="-46.633048">
        <name>1:27</name>
      </trkpt>
      <trkpt lat="-23.556186" lon="-46.633054">
        <name>1:28</name>
      </trkpt>
      <trkpt lat="-23.556160" lon="-46.633056">
        <name>1:29</name>
      </trkpt>
      <trkpt lat="-23.556110" lon="-46.633059">
        <name>1:30</name>
      </trkpt>
      <trkpt lat="-23.555974" lon="-46.633069">
        <name>1:31</name>
      </trkpt>
      <trkpt lat="-23.555885" lon="-46.633076">
        <name>1:32</name>
      </trkpt>
      <trkpt lat="-23.555583" lon="-46.633098">
        <name>1:33</name>
      </trkpt>
      <trkpt lat="-23.555470" lon="-46.633106">
        <name>1:34</name>
      </trkpt>
      <trkpt lat="-23.555343" lon="-46.633114">
        <name>1:35</name>
      </trkpt>
      <trkpt lat="-23.555218" lon="-46.633122">
        <name>1:36</name>
      </trkpt>
      <trkpt lat="-23.554715" lon="-46.633163">
        <name>1:37</name>
      </trkpt>
      <trkpt lat="-23.554499" lon="-46.633181">
        <name>1:38</name>
      </trkpt>
      <trkpt lat="-23.554499" lon="-46.633181">
        <name>1:39</name>
      </trkpt>
      <trkpt lat="-23.554715" lon="-46.633163">
        <name>1:40</name>
      </trkpt>
      <trkpt lat="-23.555218" lon="-46.633122">
        <name>1:41</name>
      </trkpt>
      <trkpt lat="-23.555343" lon="-46.633114">
        <name>1:42</name>
      </trkpt>
      <trkpt lat="-23.555470" lon="-46.633106">
        <name>1:43</name>
      </trkpt>
      <trkpt lat="-23.555583" lon="-46.633098">
        <name>1:44</name>
      </trkpt>
      <trkpt lat="-23.555885" lon="-46.633076">
        <name>1:45</name>
      </trkpt>
      <trkpt lat="-23.555974" lon="-46.633069">
        <name>1:46</name>
      </trkpt>
      <trkpt lat="-23.556110" lon="-46.633059">
        <name>1:47</name>
      </trkpt>
      <trkpt lat="-23.556160" lon="-46.633056">
        <name>1:48</name>
      </trkpt>
      <trkpt lat="-23.556186" lon="-46.633054">
        <name>1:49</name>
      </trkpt>
      <trkpt lat="-23.556264" lon="-46.633048">
        <name>1:50</name>
      </trkpt>
      <trkpt lat="-23.556314" lon="-46.633044">
        <name>1:51</name>
      </trkpt>
      <trkpt lat="-23.556796" lon="-46.633017">
        <name>1:52</name>
      </trkpt>
      <trkpt lat="-23.556956" lon="-46.633009">
        <name>1:53</name>
      </trkpt>
      <trkpt lat="-23.557041" lon="-46.633003">
        <name>1:54</name>
      </trkpt>
      <trkpt lat="-23.557148" lon="-46.632997">
        <name>1:55</name>
      </trkpt>
      <trkpt lat="-23.557178" lon="-46.632995">
        <name>1:56</name>
      </trkpt>
      <trkpt lat="-23.557695" lon="-46.632966">
        <name>1:57</name>
      </trkpt>
      <trkpt lat="-23.558138" lon="-46.632941">
        <name>1:58</name>
      </trkpt>
      <trkpt lat="-23.558242" lon="-46.632934">
        <name>1:59</name>
      </trkpt>
      <trkpt lat="-23.558329" lon="-46.632929">
        <name>2:00</name>
      </trkpt>
      <trkpt lat="-23.558390" lon="-46.632925">
        <name>2:01</name>
      </trkpt>
      <trkpt lat="-23.558515" lon="-46.632918">
        <name>2:02</name>
      </trkpt>
      <trkpt lat="-23.559334" lon="-46.632869">
        <name>2:03</name>
      </trkpt>
      <trkpt lat="-23.559745" lon="-46.632845">
        <name>2:04</name>
      </trkpt>
      <trkpt lat="-23.559992" lon="-46.633178">
        <name>2:05</name>
      </trkpt>
      <trkpt lat="-23.560491" lon="-46.633881">
        <name>2:06</name>
      </trkpt>
      <trkpt lat="-23.561106" lon="-46.634749">
        <name>2:07</name>
      </trkpt>
      <trkpt lat="-23.561167" lon="-46.634834">
        <name>2:08</name>
      </trkpt>
      <trkpt lat="-23.561093" lon="-46.634840">
        <name>2:09</name>
      </trkpt>
      <trkpt lat="-23.560398" lon="-46.634892">
        <name>2:10</name>
      </trkpt>
      <trkpt lat="-23.560110" lon="-46.634915">
        <name>2:11</name>
      </trkpt>
      <trkpt lat="-23.558997" lon="-46.635003">
        <name>2:12</name>
      </trkpt>
      <trkpt lat="-23.558691" lon="-46.635027">
        <name>2:13</name>
      </trkpt>
      <trkpt lat="-23.558503" lon="-46.635042">
        <name>2:14</name>
      </trkpt>
      <trkpt lat="-23.558503" lon="-46.635042">
        <name>2:15</name>
      </trkpt>
      <trkpt lat="-23.558409" lon="-46.635050">
        <name>2:16</name>
      </trkpt>
      <trkpt lat="-23.558353" lon="-46.635054">
        <name>2:17</name>
      </trkpt>
      <trkpt lat="-23.558350" lon="-46.634995">
        <name>2:18</name>
      </trkpt>
      <trkpt lat="-23.558312" lon="-46.634101">
        <name>2:19</name>
      </trkpt>
      <trkpt lat="-23.558307" lon="-46.634026">
        <name>2:20</name>
      </trkpt>
      <trkpt lat="-23.558302" lon="-46.633935">
        <name>2:21</name>
      </trkpt>
      <trkpt lat="-23.558288" lon="-46.633703">
        <name>2:22</name>
      </trkpt>
      <trkpt lat="-23.558249" lon="-46.633050">
        <name>2:23</name>
      </trkpt>
      <trkpt lat="-23.558242" lon="-46.632934">
        <name>2:24</name>
      </trkpt>
      <trkpt lat="-23.558138" lon="-46.632941">
        <name>2:25</name>
      </trkpt>
      <trkpt lat="-23.557695" lon="-46.632966">
        <name>2:26</name>
      </trkpt>
      <trkpt lat="-23.557178" lon="-46.632995">
        <name>2:27</name>
      </trkpt>
      <trkpt lat="-23.557148" lon="-46.632997">
        <name>2:28</name>
      </trkpt>
      <trkpt lat="-23.557041" lon="-46.633003">
        <name>2:29</name>
      </trkpt>
      <trkpt lat="-23.556956" lon="-46.633009">
        <name>2:30</name>
      </trkpt>
      <trkpt lat="-23.556796" lon="-46.633017">
        <name>2:31</name>
      </trkpt>
      <trkpt lat="-23.556314" lon="-46.633044">
        <name>2:32</name>
      </trkpt>
      <trkpt lat="-23.556264" lon="-46.633048">
        <name>2:33</name>
      </trkpt>
      <trkpt lat="-23.556186" lon="-46.633054">
        <name>2:34</name>
      </trkpt>
      <trkpt lat="-23.556160" lon="-46.633056">
        <name>2:35</name>
      </trkpt>
      <trkpt lat="-23.556110" lon="-46.633059">
        <name>2:36</name>
      </trkpt>
      <trkpt lat="-23.555974" lon="-46.633069">
        <name>2:37</name>
      </trkpt>
      <trkpt lat="-23.555885" lon="-46.633076">
        <name>2:38</name>
      </trkpt>
      <trkpt lat="-23.555583" lon="-46.633098">
        <name>2:39</name>
      </trkpt>
      <trkpt lat="-23.555470" lon="-46.633106">
        <name>2:40</name>
      </trkpt>
      <trkpt lat="-23.555343" lon="-46.633114">
        <name>2:41</name>
      </trkpt>
      <trkpt lat="-23.555218" lon="-46.633122">
        <name>2:42</name>
      </trkpt>
      <trkpt lat="-23.554715" lon="-46.633163">
        <name>2:43</name>
      </trkpt>
      <trkpt lat="-23.554499" lon="-46.633181">
        <name>2:44</name>
      </trkpt>
      <trkpt lat="-23.554499" lon="-46.633181">
        <name>2:45</name>
      </trkpt>
      <trkpt lat="-23.554499" lon="-46.633181">
        <name>2:46</name>
      </trkpt>
      <trkpt lat="-23.554499" lon="-46.633181">
        <name>2:47</name>
      </trkpt>
      <trkpt lat="-23.554499" lon="-46.633181">
        <name>2:48</name>
      </trkpt>
      <trkpt lat="-23.554499" lon="-46.633181">
        <name>2:49</name>
      </trkpt>
      <trkpt lat="-23.554715" lon="-46.633163">
        <name>2:50</name>
      </trkpt>
      <trkpt lat="-23.555218" lon="-46.633122">
        <name>2:51</name>
      </trkpt>
      <trkpt lat="-23.555343" lon="-46.633114">
        <name>2:52</name>
      </trkpt>
      <trkpt lat="-23.555470" lon="-46.633106">
        <name>2:53</name>
      </trkpt>
      <trkpt lat="-23.555461" lon="-46.632958">
        <name>2:54</name>
      </trkpt>
      <trkpt lat="-23.555396" lon="-46.632065">
        <name>2:55</name>
      </trkpt>
      <trkpt lat="-23.555390" lon="-46.631988">
        <name>2:56</name>
      </trkpt>
      <trkpt lat="-23.555385" lon="-46.631911">
        <name>2:57</name>
      </trkpt>
      <trkpt lat="-23.555362" lon="-46.631610">
        <name>2:58</name>
      </trkpt>
      <trkpt lat="-23.555329" lon="-46.631185">
        <name>2:59</name>
      </trkpt>
      <trkpt lat="-23.555327" lon="-46.631147">
        <name>3:00</name>
      </trkpt>
      <trkpt lat="-23.555324" lon="-46.631091">
        <name>3:01</name>
      </trkpt>
      <trkpt lat="-23.555241" lon="-46.631091">
        <name>3:02</name>
      </trkpt>
      <trkpt lat="-23.554500" lon="-46.631087">
        <name>3:03</name>
      </trkpt>
      <trkpt lat="-23.554500" lon="-46.631087">
        <name>3:04</name>
      </trkpt>
      <trkpt lat="-23.554500" lon="-46.631087">
        <name>3:05</name>
      </trkpt>
      <trkpt lat="-23.554500" lon="-46.631087">
        <name>3:06</name>
      </trkpt>
      <trkpt lat="-23.554500" lon="-46.631087">
        <name>3:07</name>
      </trkpt>
      <trkpt lat="-23.554500" lon="-46.631087">
        <name>3:08</name>
      </trkpt>
      <trkpt lat="-23.554500" lon="-46.631087">
        <name>3:09</name>
      </trkpt>
      <trkpt lat="-23.554500" lon="-46.631087">
        <name>3:10</name>
      </trkpt>
      <trkpt lat="-23.554500" lon="-46.631087">
        <name>3:11</name>
      </trkpt>
      <trkpt lat="-23.554500" lon="-46.631087">
        <name>3:12</name>
      </trkpt>
      <trkpt lat="-23.554500" lon="-46.631087">
        <name>3:13</name>
      </trkpt>
      <trkpt lat="-23.554500" lon="-46.631087">
        <name>3:14</name>
      </trkpt>
      <trkpt lat="-23.554500" lon="-46.631087">
        <name>3:15</name>
      </trkpt>
      <trkpt lat="-23.554500" lon="-46.631087">
        <name>3:16</name>
      </trkpt>
      <trkpt lat="-23.555241" lon="-46.631091">
        <name>3:17</name>
      </trkpt>
      <trkpt lat="-23.555324" lon="-46.631091">
        <name>3:18</name>
      </trkpt>
      <trkpt lat="-23.555318" lon="-46.631016">
        <name>3:19</name>
      </trkpt>
      <trkpt lat="-23.555305" lon="-46.630829">
        <name>3:20</name>
      </trkpt>
      <trkpt lat="-23.555369" lon="-46.630820">
        <name>3:21</name>
      </trkpt>
      <trkpt lat="-23.555507" lon="-46.630806">
        <name>3:22</name>
      </trkpt>
      <trkpt lat="-23.555634" lon="-46.630795">
        <name>3:23</name>
      </trkpt>
      <trkpt lat="-23.555893" lon="-46.630777">
        <name>3:24</name>
      </trkpt>
      <trkpt lat="-23.555969" lon="-46.630770">
        <name>3:25</name>
      </trkpt>
      <trkpt lat="-23.556118" lon="-46.630948">
        <name>3:26</name>
      </trkpt>
      <trkpt lat="-23.556125" lon="-46.631024">
        <name>3:27</name>
      </trkpt>
      <trkpt lat="-23.556132" lon="-46.631103">
        <name>3:28</name>
      </trkpt>
      <trkpt lat="-23.556150" lon="-46.631360">
        <name>3:29</name>
      </trkpt>
      <trkpt lat="-23.556141" lon="-46.631550">
        <name>3:30</name>
      </trkpt>
      <trkpt lat="-23.556087" lon="-46.631998">
        <name>3:31</name>
      </trkpt>
      <trkpt lat="-23.555987" lon="-46.632933">
        <name>3:32</name>
      </trkpt>
      <trkpt lat="-23.555974" lon="-46.633069">
        <name>3:33</name>
      </trkpt>
      <trkpt lat="-23.555885" lon="-46.633076">
        <name>3:34</name>
      </trkpt>
      <trkpt lat="-23.555583" lon="-46.633098">
        <name>3:35</name>
      </trkpt>
      <trkpt lat="-23.555470" lon="-46.633106">
        <name>3:36</name>
      </trkpt>
      <trkpt lat="-23.555343" lon="-46.633114">
        <name>3:37</name>
      </trkpt>
      <trkpt lat="-23.555218" lon="-46.633122">
        <name>3:38</name>
      </trkpt>
      <trkpt lat="-23.554715" lon="-46.633163">
        <name>3:39</name>
      </trkpt>
      <trkpt lat="-23.554499" lon="-46.633212">
        <name>3:40</name>
      </trkpt>
      <trkpt lat="-23.554499" lon="-46.633259">
        <name>3:41</name>
      </trkpt>
      <trkpt lat="-23.554499" lon="-46.633264">
        <name>3:42</name>
      </trkpt>
      <trkpt lat="-23.554499" lon="-46.633286">
        <name>3:43</name>
      </trkpt>
      <trkpt lat="-23.554499" lon="-46.633156">
        <name>3:44</name>
      </trkpt>
      <trkpt lat="-23.554499" lon="-46.633170">
        <name>3:45</name>
      </trkpt>
      <trkpt lat="-23.554499" lon="-46.633173">
        <name>3:46</name>
      </trkpt>
      <trkpt lat="-23.554499" lon="-46.633164">
        <name>3:47</name>
      </trkpt>
      <trkpt lat="-23.554499" lon="-46.633168">
        <name>3:48</name>
      </trkpt>
      <trkpt lat="-23.554499" lon="-46.633173">
        <name>3:49</name>
      </trkpt>
      <trkpt lat="-23.554499" lon="-46.633183">
        <name>3:50</name>
      </trkpt>
      <trkpt lat="-23.554499" lon="-46.633199">
        <name>3:51</name>
      </trkpt>
      <trkpt lat="-23.554499" lon="-46.633219">
        <name>3:52</name>
      </trkpt>
      <trkpt lat="-23.554499" lon="-46.633244">
        <name>3:53</name>
      </trkpt>
      <trkpt lat="-23.554499" lon="-46.633263">
        <name>3:54</name>
      </trkpt>
      <trkpt lat="-23.554499" lon="-46.633285">
        <name>3:55</name>
      </trkpt>
      <trkpt lat="-23.554499" lon="-46.633401">
        <name>3:56</name>
      </trkpt>
      <trkpt lat="-23.554499" lon="-46.633502">
        <name>3:57</name>
      </trkpt>
      <trkpt lat="-23.554499" lon="-46.634218">
        <name>3:58</name>
      </trkpt>
      <trkpt lat="-23.554499" lon="-46.634299">
        <name>3:59</name>
      </trkpt>
      <trkpt lat="-23.554499" lon="-46.634360">
        <name>4:00</name>
      </trkpt>
      <trkpt lat="-23.554499" lon="-46.634353">
        <name>4:01</name>
      </trkpt>
      <trkpt lat="-23.554499" lon="-46.634315">
        <name>4:02</name>
      </trkpt>
      <trkpt lat="-23.554499" lon="-46.634315">
        <name>4:03</name>
      </trkpt>
      <trkpt lat="-23.554500" lon="-46.634313">
        <name>4:04</name>
      </trkpt>
      <trkpt lat="-23.554500" lon="-46.634313">
        <name>4:05</name>
      </trkpt>
      <trkpt lat="-23.554966" lon="-46.634280">
        <name>4:06</name>
      </trkpt>
      <trkpt lat="-23.555409" lon="-46.634249">
        <name>4:07</name>
      </trkpt>
      <trkpt lat="-23.555534" lon="-46.634240">
        <name>4:08</name>
      </trkpt>
      <trkpt lat="-23.555613" lon="-46.634236">
        <name>4:09</name>
      </trkpt>
      <trkpt lat="-23.556130" lon="-46.634194">
        <name>4:10</name>
      </trkpt>
      <trkpt lat="-23.556281" lon="-46.634185">
        <name>4:11</name>
      </trkpt>
      <trkpt lat="-23.556418" lon="-46.634174">
        <name>4:12</name>
      </trkpt>
      <trkpt lat="-23.556659" lon="-46.634155">
        <name>4:13</name>
      </trkpt>
      <trkpt lat="-23.556839" lon="-46.634140">
        <name>4:14</name>
      </trkpt>
      <trkpt lat="-23.557000" lon="-46.634128">
        <name>4:15</name>
      </trkpt>
      <trkpt lat="-23.557109" lon="-46.634119">
        <name>4:16</name>
      </trkpt>
      <trkpt lat="-23.557124" lon="-46.634289">
        <name>4:17</name>
      </trkpt>
      <trkpt lat="-23.557181" lon="-46.635054">
        <name>4:18</name>
      </trkpt>
      <trkpt lat="-23.557186" lon="-46.635139">
        <name>4:19</name>
      </trkpt>
      <trkpt lat="-23.557193" lon="-46.635245">
        <name>4:20</name>
      </trkpt>
      <trkpt lat="-23.557238" lon="-46.635926">
        <name>4:21</name>
      </trkpt>
      <trkpt lat="-23.557252" lon="-46.636393">
        <name>4:22</name>
      </trkpt>
      <trkpt lat="-23.557253" lon="-46.636440">
        <name>4:23</name>
      </trkpt>
      <trkpt lat="-23.557270" lon="-46.636518">
        <name>4:24</name>
      </trkpt>
      <trkpt lat="-23.557285" lon="-46.636587">
        <name>4:25</name>
      </trkpt>
      <trkpt lat="-23.558141" lon="-46.637053">
        <name>4:26</name>
      </trkpt>
      <trkpt lat="-23.558239" lon="-46.637106">
        <name>4:27</name>
      </trkpt>
      <trkpt lat="-23.559078" lon="-46.637568">
        <name>4:28</name>
      </trkpt>
      <trkpt lat="-23.559182" lon="-46.637625">
        <name>4:29</name>
      </trkpt>
      <trkpt lat="-23.559227" lon="-46.637650">
        <name>4:30</name>
      </trkpt>
      <trkpt lat="-23.559306" lon="-46.637693">
        <name>4:31</name>
      </trkpt>
      <trkpt lat="-23.559247" lon="-46.637773">
        <name>4:32</name>
      </trkpt>
      <trkpt lat="-23.559100" lon="-46.637969">
        <name>4:33</name>
      </trkpt>
      <trkpt lat="-23.558852" lon="-46.638300">
        <name>4:34</name>
      </trkpt>
      <trkpt lat="-23.558643" lon="-46.638580">
        <name>4:35</name>
      </trkpt>
      <trkpt lat="-23.558463" lon="-46.638831">
        <name>4:36</name>
      </trkpt>
      <trkpt lat="-23.558335" lon="-46.639001">
        <name>4:37</name>
      </trkpt>
      <trkpt lat="-23.558258" lon="-46.639108">
        <name>4:38</name>
      </trkpt>
      <trkpt lat="-23.558212" lon="-46.639169">
        <name>4:39</name>
      </trkpt>
      <trkpt lat="-23.558136" lon="-46.639273">
        <name>4:40</name>
      </trkpt>
      <trkpt lat="-23.557766" lon="-46.639774">
        <name>4:41</name>
      </trkpt>
      <trkpt lat="-23.557707" lon="-46.639855">
        <name>4:42</name>
      </trkpt>
      <trkpt lat="-23.557661" lon="-46.639917">
        <name>4:43</name>
      </trkpt>
      <trkpt lat="-23.557628" lon="-46.639962">
        <name>4:44</name>
      </trkpt>
      <trkpt lat="-23.557252" lon="-46.640473">
        <name>4:45</name>
      </trkpt>
      <trkpt lat="-23.557172" lon="-46.640582">
        <name>4:46</name>
      </trkpt>
      <trkpt lat="-23.557155" lon="-46.640567">
        <name>4:47</name>
      </trkpt>
      <trkpt lat="-23.557076" lon="-46.640497">
        <name>4:48</name>
      </trkpt>
      <trkpt lat="-23.556856" lon="-46.640314">
        <name>4:49</name>
      </trkpt>
      <trkpt lat="-23.556795" lon="-46.640377">
        <name>4:50</name>
      </trkpt>
      <trkpt lat="-23.555987" lon="-46.641119">
        <name>4:51</name>
      </trkpt>
      <trkpt lat="-23.555987" lon="-46.641119">
        <name>4:52</name>
      </trkpt>
      <trkpt lat="-23.555987" lon="-46.641119">
        <name>4:53</name>
      </trkpt>
      <trkpt lat="-23.555987" lon="-46.641119">
        <name>4:54</name>
      </trkpt>
      <trkpt lat="-23.555987" lon="-46.641119">
        <name>4:55</name>
      </trkpt>
      <trkpt lat="-23.555987" lon="-46.641119">
        <name>4:56</name>
      </trkpt>
      <trkpt lat="-23.555969" lon="-46.641119">
        <name>4:57</name>
      </trkpt>
      <trkpt lat="-23.555905" lon="-46.641119">
        <name>4:58</name>
      </trkpt>
      <trkpt lat="-23.555829" lon="-46.641119">
        <name>4:59</name>
      </trkpt>
      <trkpt lat="-23.555762" lon="-46.641119">
        <name>5:00</name>
      </trkpt>
      <trkpt lat="-23.555732" lon="-46.641119">
        <name>5:01</name>
      </trkpt>
      <trkpt lat="-23.555819" lon="-46.640686">
        <name>5:02</name>
      </trkpt>
      <trkpt lat="-23.555865" lon="-46.640379">
        <name>5:03</name>
      </trkpt>
      <trkpt lat="-23.555891" lon="-46.640217">
        <name>5:04</name>
      </trkpt>
      <trkpt lat="-23.555912" lon="-46.640087">
        <name>5:05</name>
      </trkpt>
      <trkpt lat="-23.556097" lon="-46.640053">
        <name>5:06</name>
      </trkpt>
      <trkpt lat="-23.556201" lon="-46.640029">
        <name>5:07</name>
      </trkpt>
      <trkpt lat="-23.556237" lon="-46.639953">
        <name>5:08</name>
      </trkpt>
      <trkpt lat="-23.556255" lon="-46.639902">
        <name>5:09</name>
      </trkpt>
      <trkpt lat="-23.556275" lon="-46.639834">
        <name>5:10</name>
      </trkpt>
      <trkpt lat="-23.556222" lon="-46.639803">
        <name>5:11</name>
      </trkpt>
      <trkpt lat="-23.555988" lon="-46.639679">
        <name>5:12</name>
      </trkpt>
      <trkpt lat="-23.555980" lon="-46.639675">
        <name>5:13</name>
      </trkpt>
      <trkpt lat="-23.555846" lon="-46.639605">
        <name>5:14</name>
      </trkpt>
      <trkpt lat="-23.555712" lon="-46.639532">
        <name>5:15</name>
      </trkpt>
      <trkpt lat="-23.555641" lon="-46.639495">
        <name>5:16</name>
      </trkpt>
      <trkpt lat="-23.555603" lon="-46.639475">
        <name>5:17</name>
      </trkpt>
      <trkpt lat="-23.555515" lon="-46.639426">
        <name>5:18</name>
      </trkpt>
      <trkpt lat="-23.555202" lon="-46.639251">
        <name>5:19</name>
      </trkpt>
      <trkpt lat="-23.554982" lon="-46.639128">
        <name>5:20</name>
      </trkpt>
      <trkpt lat="-23.554591" lon="-46.638913">
        <name>5:21</name>
      </trkpt>
      <trkpt lat="-23.554499" lon="-46.638784">
        <name>5:22</name>
      </trkpt>
      <trkpt lat="-23.554499" lon="-46.638732">
        <name>5:23</name>
      </trkpt>
      <trkpt lat="-23.554499" lon="-46.638706">
        <name>5:24</name>
      </trkpt>
      <trkpt lat="-23.554499" lon="-46.638693">
        <name>5:25</name>
      </trkpt>
      <trkpt lat="-23.554499" lon="-46.638377">
        <name>5:26</name>
      </trkpt>
      <trkpt lat="-23.554499" lon="-46.638284">
        <name>5:27</name>
      </trkpt>
      <trkpt lat="-23.554499" lon="-46.637919">
        <name>5:28</name>
      </trkpt>
      <trkpt lat="-23.554499" lon="-46.637867">
        <name>5:29</name>
      </trkpt>
      <trkpt lat="-23.554499" lon="-46.637830">
        <name>5:30</name>
      </trkpt>
      <trkpt lat="-23.554499" lon="-46.637679">
        <name>5:31</name>
      </trkpt>
      <trkpt lat="-23.554499" lon="-46.637657">
        <name>5:32</name>
      </trkpt>
      <trkpt lat="-23.554499" lon="-46.637464">
        <name>5:33</name>
      </trkpt>
      <trkpt lat="-23.554499" lon="-46.637128">
        <name>5:34</name>
      </trkpt>
      <trkpt lat="-23.554499" lon="-46.636959">
        <name>5:35</name>
      </trkpt>
      <trkpt lat="-23.554499" lon="-46.636319">
        <name>5:36</name>
      </trkpt>
      <trkpt lat="-23.554499" lon="-46.636024">
        <name>5:37</name>
      </trkpt>
      <trkpt lat="-23.554499" lon="-46.635606">
        <name>5:38</name>
      </trkpt>
      <trkpt lat="-23.554499" lon="-46.635437">
        <name>5:39</name>
      </trkpt>
      <trkpt lat="-23.554499" lon="-46.635212">
        <name>5:40</name>
      </trkpt>
      <trkpt lat="-23.554499" lon="-46.635047">
        <name>5:41</name>
      </trkpt>
      <trkpt lat="-23.554499" lon="-46.634943">
        <name>5:42</name>
      </trkpt>
      <trkpt lat="-23.554499" lon="-46.634416">
        <name>5:43</name>
      </trkpt>
      <trkpt lat="-23.554499" lon="-46.634324">
        <name>5:44</name>
      </trkpt>
      <trkpt lat="-23.554499" lon="-46.634254">
        <name>5:45</name>
      </trkpt>
      <trkpt lat="-23.554499" lon="-46.634007">
        <name>5:46</name>
      </trkpt>
      <trkpt lat="-23.554499" lon="-46.633903">
        <name>5:47</name>
      </trkpt>
      <trkpt lat="-23.554499" lon="-46.633788">
        <name>5:48</name>
      </trkpt>
      <trkpt lat="-23.554499" lon="-46.633605">
        <name>5:49</name>
      </trkpt>
      <trkpt lat="-23.554499" lon="-46.633234">
        <name>5:50</name>
      </trkpt>
      <trkpt lat="-23.554499" lon="-46.633204">
        <name>5:51</name>
      </trkpt>
      <trkpt lat="-23.554499" lon="-46.633184">
        <name>5:52</name>
      </trkpt>
      <trkpt lat="-23.554499" lon="-46.633174">
        <name>5:53</name>
      </trkpt>
      <trkpt lat="-23.554499" lon="-46.633199">
        <name>5:54</name>
      </trkpt>
      <trkpt lat="-23.554499" lon="-46.633219">
        <name>5:55</name>
      </trkpt>
      <trkpt lat="-23.554499" lon="-46.633244">
        <name>5:56</name>
      </trkpt>
      <trkpt lat="-23.554499" lon="-46.633263">
        <name>5:57</name>
      </trkpt>
      <trkpt lat="-23.554499" lon="-46.633285">
        <name>5:58</name>
      </trkpt>
      <trkpt lat="-23.554499" lon="-46.633401">
        <name>5:59</name>
      </trkpt>
      <trkpt lat="-23.554499" lon="-46.633502">
        <name>6:00</name>
      </trkpt>
      <trkpt lat="-23.554499" lon="-46.634218">
        <name>6:01</name>
      </trkpt>
      <trkpt lat="-23.554499" lon="-46.634299">
        <name>6:02</name>
      </trkpt>
      <trkpt lat="-23.554499" lon="-46.634360">
        <name>6:03</name>
      </trkpt>
      <trkpt lat="-23.554499" lon="-46.634353">
        <name>6:04</name>
      </trkpt>
      <trkpt lat="-23.554499" lon="-46.634315">
        <name>6:05</name>
      </trkpt>
      <trkpt lat="-23.554499" lon="-46.634315">
        <name>6:06</name>
      </trkpt>
      <trkpt lat="-23.554966" lon="-46.634280">
        <name>6:07</name>
      </trkpt>
      <trkpt lat="-23.555409" lon="-46.634249">
        <name>6:08</name>
      </trkpt>
      <trkpt lat="-23.555534" lon="-46.634240">
        <name>6:09</name>
      </trkpt>
      <trkpt lat="-23.555613" lon="-46.634236">
        <name>6:10</name>
      </trkpt>
      <trkpt lat="-23.556130" lon="-46.634194">
        <name>6:11</name>
      </trkpt>
      <trkpt lat="-23.556281" lon="-46.634185">
        <name>6:12</name>
      </trkpt>
      <trkpt lat="-23.556418" lon="-46.634174">
        <name>6:13</name>
      </trkpt>
      <trkpt lat="-23.556659" lon="-46.634155">
        <name>6:14</name>
      </trkpt>
      <trkpt lat="-23.556839" lon="-46.634140">
        <name>6:15</name>
      </trkpt>
      <trkpt lat="-23.557000" lon="-46.634128">
        <name>6:16</name>
      </trkpt>
      <trkpt lat="-23.557109" lon="-46.634119">
        <name>6:17</name>
      </trkpt>
      <trkpt lat="-23.557124" lon="-46.634289">
        <name>6:18</name>
      </trkpt>
      <trkpt lat="-23.557181" lon="-46.635054">
        <name>6:19</name>
      </trkpt>
      <trkpt lat="-23.557186" lon="-46.635139">
        <name>6:20</name>
      </trkpt>
      <trkpt lat="-23.557114" lon="-46.635142">
        <name>6:21</name>
      </trkpt>
      <trkpt lat="-23.556779" lon="-46.635157">
        <name>6:22</name>
      </trkpt>
      <trkpt lat="-23.556287" lon="-46.635205">
        <name>6:23</name>
      </trkpt>
      <trkpt lat="-23.556242" lon="-46.635209">
        <name>6:24</name>
      </trkpt>
      <trkpt lat="-23.555491" lon="-46.635263">
        <name>6:25</name>
      </trkpt>
      <trkpt lat="-23.555527" lon="-46.634633">
        <name>6:26</name>
      </trkpt>
      <trkpt lat="-23.555684" lon="-46.634638">
        <name>6:27</name>
      </trkpt>
      <trkpt lat="-23.555684" lon="-46.634638">
        <name>6:28</name>
      </trkpt>
      <trkpt lat="-23.555527" lon="-46.634633">
        <name>6:29</name>
      </trkpt>
      <trkpt lat="-23.555529" lon="-46.634501">
        <name>6:30</name>
      </trkpt>
      <trkpt lat="-23.555529" lon="-46.634501">
        <name>6:31</name>
      </trkpt>
      <trkpt lat="-23.555532" lon="-46.634325">
        <name>6:32</name>
      </trkpt>
      <trkpt lat="-23.555534" lon="-46.634240">
        <name>6:33</name>
      </trkpt>
      <trkpt lat="-23.555613" lon="-46.634236">
        <name>6:34</name>
      </trkpt>
      <trkpt lat="-23.556130" lon="-46.634194">
        <name>6:35</name>
      </trkpt>
      <trkpt lat="-23.556281" lon="-46.634185">
        <name>6:36</name>
      </trkpt>
      <trkpt lat="-23.556418" lon="-46.634174">
        <name>6:37</name>
      </trkpt>
      <trkpt lat="-23.556659" lon="-46.634155">
        <name>6:38</name>
      </trkpt>
      <trkpt lat="-23.556839" lon="-46.634140">
        <name>6:39</name>
      </trkpt>
      <trkpt lat="-23.557000" lon="-46.634128">
        <name>6:40</name>
      </trkpt>
      <trkpt lat="-23.557109" lon="-46.634119">
        <name>6:41</name>
      </trkpt>
      <trkpt lat="-23.557124" lon="-46.634289">
        <name>6:42</name>
      </trkpt>
      <trkpt lat="-23.557181" lon="-46.635054">
        <name>6:43</name>
      </trkpt>
      <trkpt lat="-23.557186" lon="-46.635139">
        <name>6:44</name>
      </trkpt>
      <trkpt lat="-23.557193" lon="-46.635245">
        <name>6:45</name>
      </trkpt>
      <trkpt lat="-23.557238" lon="-46.635926">
        <name>6:46</name>
      </trkpt>
      <trkpt lat="-23.557252" lon="-46.636393">
        <name>6:47</name>
      </trkpt>
      <trkpt lat="-23.557253" lon="-46.636440">
        <name>6:48</name>
      </trkpt>
      <trkpt lat="-23.557270" lon="-46.636518">
        <name>6:49</name>
      </trkpt>
      <trkpt lat="-23.557285" lon="-46.636587">
        <name>6:50</name>
      </trkpt>
      <trkpt lat="-23.558141" lon="-46.637053">
        <name>6:51</name>
      </trkpt>
      <trkpt lat="-23.558239" lon="-46.637106">
        <name>6:52</name>
      </trkpt>
      <trkpt lat="-23.559078" lon="-46.637568">
        <name>6:53</name>
      </trkpt>
      <trkpt lat="-23.559182" lon="-46.637625">
        <name>6:54</name>
      </trkpt>
      <trkpt lat="-23.559227" lon="-46.637650">
        <name>6:55</name>
      </trkpt>
      <trkpt lat="-23.559306" lon="-46.637693">
        <name>6:56</name>
      </trkpt>
      <trkpt lat="-23.559247" lon="-46.637773">
        <name>6:57</name>
      </trkpt>
      <trkpt lat="-23.559100" lon="-46.637969">
        <name>6:58</name>
      </trkpt>
      <trkpt lat="-23.558852" lon="-46.638300">
        <name>6:59</name>
      </trkpt>
      <trkpt lat="-23.558643" lon="-46.638580">
        <name>7:00</name>
      </trkpt>
      <trkpt lat="-23.558463" lon="-46.638831">
        <name>7:01</name>
      </trkpt>
      <trkpt lat="-23.558335" lon="-46.639001">
        <name>7:02</name>
      </trkpt>
      <trkpt lat="-23.558258" lon="-46.639108">
        <name>7:03</name>
      </trkpt>
      <trkpt lat="-23.558212" lon="-46.639169">
        <name>7:04</name>
      </trkpt>
      <trkpt lat="-23.558136" lon="-46.639273">
        <name>7:05</name>
      </trkpt>
      <trkpt lat="-23.557766" lon="-46.639774">
        <name>7:06</name>
      </trkpt>
      <trkpt lat="-23.557707" lon="-46.639855">
        <name>7:07</name>
      </trkpt>
      <trkpt lat="-23.557661" lon="-46.639917">
        <name>7:08</name>
      </trkpt>
      <trkpt lat="-23.557628" lon="-46.639962">
        <name>7:09</name>
      </trkpt>
      <trkpt lat="-23.557252" lon="-46.640473">
        <name>7:10</name>
      </trkpt>
      <trkpt lat="-23.557172" lon="-46.640582">
        <name>7:11</name>
      </trkpt>
      <trkpt lat="-23.557155" lon="-46.640567">
        <name>7:12</name>
      </trkpt>
      <trkpt lat="-23.557076" lon="-46.640497">
        <name>7:13</name>
      </trkpt>
      <trkpt lat="-23.556856" lon="-46.640314">
        <name>7:14</name>
      </trkpt>
      <trkpt lat="-23.556795" lon="-46.640377">
        <name>7:15</name>
      </trkpt>
      <trkpt lat="-23.555987" lon="-46.641119">
        <name>7:16</name>
      </trkpt>
      <trkpt lat="-23.555987" lon="-46.641119">
        <name>7:17</name>
      </trkpt>
      <trkpt lat="-23.555969" lon="-46.641119">
        <name>7:18</name>
      </trkpt>
      <trkpt lat="-23.555905" lon="-46.641119">
        <name>7:19</name>
      </trkpt>
      <trkpt lat="-23.555829" lon="-46.641119">
        <name>7:20</name>
      </trkpt>
      <trkpt lat="-23.555762" lon="-46.641119">
        <name>7:21</name>
      </trkpt>
      <trkpt lat="-23.555732" lon="-46.641119">
        <name>7:22</name>
      </trkpt>
      <trkpt lat="-23.555819" lon="-46.640686">
        <name>7:23</name>
      </trkpt>
      <trkpt lat="-23.555865" lon="-46.640379">
        <name>7:24</name>
      </trkpt>
      <trkpt lat="-23.555891" lon="-46.640217">
        <name>7:25</name>
      </trkpt>
      <trkpt lat="-23.555912" lon="-46.640087">
        <name>7:26</name>
      </trkpt>
      <trkpt lat="-23.556097" lon="-46.640053">
        <name>7:27</name>
      </trkpt>
      <trkpt lat="-23.556201" lon="-46.640029">
        <name>7:28</name>
      </trkpt>
      <trkpt lat="-23.556237" lon="-46.639953">
        <name>7:29</name>
      </trkpt>
      <trkpt lat="-23.556255" lon="-46.639902">
        <name>7:30</name>
      </trkpt>
      <trkpt lat="-23.556275" lon="-46.639834">
        <name>7:31</name>
      </trkpt>
      <trkpt lat="-23.556222" lon="-46.639803">
        <name>7:32</name>
      </trkpt>
      <trkpt lat="-23.555988" lon="-46.639679">
        <name>7:33</name>
      </trkpt>
      <trkpt lat="-23.555980" lon="-46.639675">
        <name>7:34</name>
      </trkpt>
      <trkpt lat="-23.555846" lon="-46.639605">
        <name>7:35</name>
      </trkpt>
      <trkpt lat="-23.555712" lon="-46.639532">
        <name>7:36</name>
      </trkpt>
      <trkpt lat="-23.555641" lon="-46.639495">
        <name>7:37</name>
      </trkpt>
      <trkpt lat="-23.555603" lon="-46.639475">
        <name>7:38</name>
      </trkpt>
      <trkpt lat="-23.555515" lon="-46.639426">
        <name>7:39</name>
      </trkpt>
      <trkpt lat="-23.555202" lon="-46.639251">
        <name>7:40</name>
      </trkpt>
      <trkpt lat="-23.554982" lon="-46.639128">
        <name>7:41</name>
      </trkpt>
      <trkpt lat="-23.554591" lon="-46.638913">
        <name>7:42</name>
      </trkpt>
      <trkpt lat="-23.554499" lon="-46.638784">
        <name>7:43</name>
      </trkpt>
      <trkpt lat="-23.554499" lon="-46.638732">
        <name>7:44</name>
      </trkpt>
      <trkpt lat="-23.554499" lon="-46.638706">
        <name>7:45</name>
      </trkpt>
      <trkpt lat="-23.554499" lon="-46.638693">
        <name>7:46</name>
      </trkpt>
      <trkpt lat="-23.554499" lon="-46.638377">
        <name>7:47</name>
      </trkpt>
      <trkpt lat="-23.554499" lon="-46.638284">
        <name>7:48</name>
      </trkpt>
      <trkpt lat="-23.554499" lon="-46.637919">
        <name>7:49</name>
      </trkpt>
      <trkpt lat="-23.554499" lon="-46.637867">
        <name>7:50</name>
      </trkpt>
      <trkpt lat="-23.554499" lon="-46.637830">
        <name>7:51</name>
      </trkpt>
      <trkpt lat="-23.554499" lon="-46.637679">
        <name>7:52</name>
      </trkpt>
      <trkpt lat="-23.554499" lon="-46.637657">
        <name>7:53</name>
      </trkpt>
      <trkpt lat="-23.554499" lon="-46.637464">
        <name>7:54</name>
      </trkpt>
      <trkpt lat="-23.554499" lon="-46.637128">
        <name>7:55</name>
      </trkpt>
      <trkpt lat="-23.554499" lon="-46.636959">
        <name>7:56</name>
      </trkpt>
      <trkpt lat="-23.554499" lon="-46.636319">
        <name>7:57</name>
      </trkpt>
      <trkpt lat="-23.554499" lon="-46.636024">
        <name>7:58</name>
      </trkpt>
      <trkpt lat="-23.554499" lon="-46.635606">
        <name>7:59</name>
      </trkpt>
      <trkpt lat="-23.554499" lon="-46.635437">
        <name>8:00</name>
      </trkpt>
      <trkpt lat="-23.554499" lon="-46.635212">
        <name>8:01</name>
      </trkpt>
      <trkpt lat="-23.554499" lon="-46.635047">
        <name>8:02</name>
      </trkpt>
      <trkpt lat="-23.554499" lon="-46.634943">
        <name>8:03</name>
      </trkpt>
      <trkpt lat="-23.554499" lon="-46.634416">
        <name>8:04</name>
      </trkpt>
      <trkpt lat="-23.554499" lon="-46.634324">
        <name>8:05</name>
      </trkpt>
      <trkpt lat="-23.554499" lon="-46.634254">
        <name>8:06</name>
      </trkpt>
      <trkpt lat="-23.554499" lon="-46.634007">
        <name>8:07</name>
      </trkpt>
      <trkpt lat="-23.554499" lon="-46.633903">
        <name>8:08</name>
      </trkpt>
      <trkpt lat="-23.554499" lon="-46.633788">
        <name>8:09</name>
      </trkpt>
      <trkpt lat="-23.554499" lon="-46.633605">
        <name>8:10</name>
      </trkpt>
      <trkpt lat="-23.554499" lon="-46.633234">
        <name>8:11</name>
      </trkpt>
      <trkpt lat="-23.554499" lon="-46.633204">
        <name>8:12</name>
      </trkpt>
      <trkpt lat="-23.554499" lon="-46.633184">
        <name>8:13</name>
      </trkpt>
      <trkpt lat="-23.554499" lon="-46.633174">
        <name>8:14</name>
      </trkpt>
      <trkpt lat="-23.554499" lon="-46.633199">
        <name>8:15</name>
      </trkpt>
      <trkpt lat="-23.554499" lon="-46.633219">
        <name>8:16</name>
      </trkpt>
      <trkpt lat="-23.554499" lon="-46.633244">
        <name>8:17</name>
      </trkpt>
      <trkpt lat="-23.554499" lon="-46.633263">
        <name>8:18</name>
      </trkpt>
      <trkpt lat="-23.554499" lon="-46.633285">
        <name>8:19</name>
      </trkpt>
      <trkpt lat="-23.554499" lon="-46.633401">
        <name>8:20</name>
      </trkpt>
      <trkpt lat="-23.554499" lon="-46.633502">
        <name>8:21</name>
      </trkpt>
      <trkpt lat="-23.554499" lon="-46.634218">
        <name>8:22</name>
      </trkpt>
      <trkpt lat="-23.554499" lon="-46.634299">
        <name>8:23</name>
      </trkpt>
      <trkpt lat="-23.554499" lon="-46.634360">
        <name>8:24</name>
      </trkpt>
      <trkpt lat="-23.554499" lon="-46.634353">
        <name>8:25</name>
      </trkpt>
      <trkpt lat="-23.554499" lon="-46.634315">
        <name>8:26</name>
      </trkpt>
      <trkpt lat="-23.554499" lon="-46.634315">
        <name>8:27</name>
      </trkpt>
      <trkpt lat="-23.554500" lon="-46.634313">
        <name>8:28</name>
      </trkpt>
      <trkpt lat="-23.554500" lon="-46.634313">
        <name>8:29</name>
      </trkpt>
      <trkpt lat="-23.554966" lon="-46.634280">
        <name>8:30</name>
      </trkpt>
      <trkpt lat="-23.555409" lon="-46.634249">
        <name>8:31</name>
      </trkpt>
      <trkpt lat="-23.555534" lon="-46.634240">
        <name>8:32</name>
      </trkpt>
      <trkpt lat="-23.555613" lon="-46.634236">
        <name>8:33</name>
      </trkpt>
      <trkpt lat="-23.556130" lon="-46.634194">
        <name>8:34</name>
      </trkpt>
      <trkpt lat="-23.556281" lon="-46.634185">
        <name>8:35</name>
      </trkpt>
      <trkpt lat="-23.556418" lon="-46.634174">
        <name>8:36</name>
      </trkpt>
      <trkpt lat="-23.556659" lon="-46.634155">
        <name>8:37</name>
      </trkpt>
      <trkpt lat="-23.556839" lon="-46.634140">
        <name>8:38</name>
      </trkpt>
      <trkpt lat="-23.557000" lon="-46.634128">
        <name>8:39</name>
      </trkpt>
      <trkpt lat="-23.557109" lon="-46.634119">
        <name>8:40</name>
      </trkpt>
      <trkpt lat="-23.557190" lon="-46.634113">
        <name>8:41</name>
      </trkpt>
      <trkpt lat="-23.557385" lon="-46.634098">
        <name>8:42</name>
      </trkpt>
      <trkpt lat="-23.558194" lon="-46.634035">
        <name>8:43</name>
      </trkpt>
      <trkpt lat="-23.558307" lon="-46.634026">
        <name>8:44</name>
      </trkpt>
      <trkpt lat="-23.558365" lon="-46.634021">
        <name>8:45</name>
      </trkpt>
      <trkpt lat="-23.558375" lon="-46.634020">
        <name>8:46</name>
      </trkpt>
      <trkpt lat="-23.558595" lon="-46.633995">
        <name>8:47</name>
      </trkpt>
      <trkpt lat="-23.558838" lon="-46.633937">
        <name>8:48</name>
      </trkpt>
      <trkpt lat="-23.559146" lon="-46.633786">
        <name>8:49</name>
      </trkpt>
      <trkpt lat="-23.559430" lon="-46.633613">
        <name>8:50</name>
      </trkpt>
      <trkpt lat="-23.559706" lon="-46.633425">
        <name>8:51</name>
      </trkpt>
      <trkpt lat="-23.559864" lon="-46.633317">
        <name>8:52</name>
      </trkpt>
      <trkpt lat="-23.559922" lon="-46.633262">
        <name>8:53</name>
      </trkpt>
      <trkpt lat="-23.559954" lon="-46.633230">
        <name>8:54</name>
      </trkpt>
      <trkpt lat="-23.559992" lon="-46.633178">
        <name>8:55</name>
      </trkpt>
      <trkpt lat="-23.560491" lon="-46.633881">
        <name>8:56</name>
      </trkpt>
      <trkpt lat="-23.561106" lon="-46.634749">
        <name>8:57</name>
      </trkpt>
      <trkpt lat="-23.561167" lon="-46.634834">
        <name>8:58</name>
      </trkpt>
      <trkpt lat="-23.561093" lon="-46.634840">
        <name>8:59</name>
      </trkpt>
      <trkpt lat="-23.560398" lon="-46.634892">
        <name>9:00</name>
      </trkpt>
      <trkpt lat="-23.560110" lon="-46.634915">
        <name>9:01</name>
      </trkpt>
      <trkpt lat="-23.558997" lon="-46.635003">
        <name>9:02</name>
      </trkpt>
      <trkpt lat="-23.558691" lon="-46.635027">
        <name>9:03</name>
      </trkpt>
      <trkpt lat="-23.558503" lon="-46.635042">
        <name>9:04</name>
      </trkpt>
      <trkpt lat="-23.558503" lon="-46.635042">
        <name>9:05</name>
      </trkpt>
      <trkpt lat="-23.558409" lon="-46.635050">
        <name>9:06</name>
      </trkpt>
      <trkpt lat="-23.558353" lon="-46.635054">
        <name>9:07</name>
      </trkpt>
      <trkpt lat="-23.558287" lon="-46.635059">
        <name>9:08</name>
      </trkpt>
      <trkpt lat="-23.557771" lon="-46.635098">
        <name>9:09</name>
      </trkpt>
      <trkpt lat="-23.557268" lon="-46.635133">
        <name>9:10</name>
      </trkpt>
      <trkpt lat="-23.557186" lon="-46.635139">
        <name>9:11</name>
      </trkpt>
      <trkpt lat="-23.557114" lon="-46.635142">
        <name>9:12</name>
      </trkpt>
      <trkpt lat="-23.556779" lon="-46.635157">
        <name>9:13</name>
      </trkpt>
      <trkpt lat="-23.556287" lon="-46.635205">
        <name>9:14</name>
      </trkpt>
      <trkpt lat="-23.556242" lon="-46.635209">
        <name>9:15</name>
      </trkpt>
      <trkpt lat="-23.555491" lon="-46.635263">
        <name>9:16</name>
      </trkpt>
      <trkpt lat="-23.555469" lon="-46.635765">
        <name>9:17</name>
      </trkpt>
      <trkpt lat="-23.555467" lon="-46.635817">
        <name>9:18</name>
      </trkpt>
      <trkpt lat="-23.555452" lon="-46.635905">
        <name>9:19</name>
      </trkpt>
      <trkpt lat="-23.555350" lon="-46.635854">
        <name>9:20</name>
      </trkpt>
      <trkpt lat="-23.554686" lon="-46.635522">
        <name>9:21</name>
      </trkpt>
      <trkpt lat="-23.554499" lon="-46.635430">
        <name>9:22</name>
      </trkpt>
      <trkpt lat="-23.554499" lon="-46.635351">
        <name>9:23</name>
      </trkpt>
      <trkpt lat="-23.554499" lon="-46.635100">
        <name>9:24</name>
      </trkpt>
      <trkpt lat="-23.554499" lon="-46.634901">
        <name>9:25</name>
      </trkpt>
      <trkpt lat="-23.554499" lon="-46.634861">
        <name>9:26</name>
      </trkpt>
      <trkpt lat="-23.554499" lon="-46.634850">
        <name>9:27</name>
      </trkpt>
      <trkpt lat="-23.554499" lon="-46.634752">
        <name>9:28</name>
      </trkpt>
      <trkpt lat="-23.554499" lon="-46.634701">
        <name>9:29</name>
      </trkpt>
      <trkpt lat="-23.554499" lon="-46.634579">
        <name>9:30</name>
      </trkpt>
      <trkpt lat="-23.554499" lon="-46.634547">
        <name>9:31</name>
      </trkpt>
      <trkpt lat="-23.554499" lon="-46.634462">
        <name>9:32</name>
      </trkpt>
      <trkpt lat="-23.554499" lon="-46.634427">
        <name>9:33</name>
      </trkpt>
      <trkpt lat="-23.554499" lon="-46.634402">
        <name>9:34</name>
      </trkpt>
      <trkpt lat="-23.554499" lon="-46.634389">
        <name>9:35</name>
      </trkpt>
      <trkpt lat="-23.554499" lon="-46.634377">
        <name>9:36</name>
      </trkpt>
      <trkpt lat="-23.554499" lon="-46.634360">
        <name>9:37</name>
      </trkpt>
      <trkpt lat="-23.554499" lon="-46.634353">
        <name>9:38</name>
      </trkpt>
      <trkpt lat="-23.554499" lon="-46.634315">
        <name>9:39</name>
      </trkpt>
      <trkpt lat="-23.554499" lon="-46.634315">
        <name>9:40</name>
      </trkpt>
      <trkpt lat="-23.554500" lon="-46.634313">
        <name>9:41</name>
      </trkpt>
      <trkpt lat="-23.554500" lon="-46.634313">
        <name>9:42</name>
      </trkpt>
      <trkpt lat="-23.554966" lon="-46.634280">
        <name>9:43</name>
      </trkpt>
      <trkpt lat="-23.555409" lon="-46.634249">
        <name>9:44</name>
      </trkpt>
      <trkpt lat="-23.555534" lon="-46.634240">
        <name>9:45</name>
      </trkpt>
      <trkpt lat="-23.555531" lon="-46.634154">
        <name>9:46</name>
      </trkpt>
      <trkpt lat="-23.555479" lon="-46.633248">
        <name>9:47</name>
      </trkpt>
      <trkpt lat="-23.555470" lon="-46.633106">
        <name>9:48</name>
      </trkpt>
      <trkpt lat="-23.555461" lon="-46.632958">
        <name>9:49</name>
      </trkpt>
      <trkpt lat="-23.555396" lon="-46.632065">
        <name>9:50</name>
      </trkpt>
      <trkpt lat="-23.555390" lon="-46.631988">
        <name>9:51</name>
      </trkpt>
      <trkpt lat="-23.555385" lon="-46.631911">
        <name>9:52</name>
      </trkpt>
      <trkpt lat="-23.555362" lon="-46.631610">
        <name>9:53</name>
      </trkpt>
      <trkpt lat="-23.555329" lon="-46.631185">
        <name>9:54</name>
      </trkpt>
      <trkpt lat="-23.555327" lon="-46.631147">
        <name>9:55</name>
      </trkpt>
      <trkpt lat="-23.555324" lon="-46.631091">
        <name>9:56</name>
      </trkpt>
      <trkpt lat="-23.555241" lon="-46.631091">
        <name>9:57</name>
      </trkpt>
      <trkpt lat="-23.554500" lon="-46.631087">
        <name>9:58</name>
      </trkpt>
      <trkpt lat="-23.554500" lon="-46.631087">
        <name>9:59</name>
      </trkpt>
      <trkpt lat="-23.554500" lon="-46.631087">
        <name>10:00</name>
      </trkpt>
      <trkpt lat="-23.554500" lon="-46.631087">
        <name>10:01</name>
      </trkpt>
      <trkpt lat="-23.554500" lon="-46.631087">
        <name>10:02</name>
      </trkpt>
      <trkpt lat="-23.554500" lon="-46.631087">
        <name>10:03</name>
      </trkpt>
      <trkpt lat="-23.554500" lon="-46.631087">
        <name>10:04</name>
      </trkpt>
      <trkpt lat="-23.554500" lon="-46.631087">
        <name>10:05</name>
      </trkpt>
      <trkpt lat="-23.555241" lon="-46.631091">
        <name>10:06</name>
      </trkpt>
      <trkpt lat="-23.555324" lon="-46.631091">
        <name>10:07</name>
      </trkpt>
      <trkpt lat="-23.555318" lon="-46.631016">
        <name>10:08</name>
      </trkpt>
      <trkpt lat="-23.555305" lon="-46.630829">
        <name>10:09</name>
      </trkpt>
      <trkpt lat="-23.555369" lon="-46.630820">
        <name>10:10</name>
      </trkpt>
      <trkpt lat="-23.555507" lon="-46.630806">
        <name>10:11</name>
      </trkpt>
      <trkpt lat="-23.555634" lon="-46.630795">
        <name>10:12</name>
      </trkpt>
      <trkpt lat="-23.555893" lon="-46.630777">
        <name>10:13</name>
      </trkpt>
      <trkpt lat="-23.555969" lon="-46.630770">
        <name>10:14</name>
      </trkpt>
      <trkpt lat="-23.556118" lon="-46.630948">
        <name>10:15</name>
      </trkpt>
      <trkpt lat="-23.556125" lon="-46.631024">
        <name>10:16</name>
      </trkpt>
      <trkpt lat="-23.556132" lon="-46.631103">
        <name>10:17</name>
      </trkpt>
      <trkpt lat="-23.556150" lon="-46.631360">
        <name>10:18</name>
      </trkpt>
      <trkpt lat="-23.556141" lon="-46.631550">
        <name>10:19</name>
      </trkpt>
      <trkpt lat="-23.556087" lon="-46.631998">
        <name>10:20</name>
      </trkpt>
      <trkpt lat="-23.555987" lon="-46.632933">
        <name>10:21</name>
      </trkpt>
      <trkpt lat="-23.555974" lon="-46.633069">
        <name>10:22</name>
      </trkpt>
      <trkpt lat="-23.556110" lon="-46.633059">
        <name>10:23</name>
      </trkpt>
      <trkpt lat="-23.556160" lon="-46.633056">
        <name>10:24</name>
      </trkpt>
      <trkpt lat="-23.556186" lon="-46.633054">
        <name>10:25</name>
      </trkpt>
      <trkpt lat="-23.556264" lon="-46.633048">
        <name>10:26</name>
      </trkpt>
      <trkpt lat="-23.556314" lon="-46.633044">
        <name>10:27</name>
      </trkpt>
      <trkpt lat="-23.556796" lon="-46.633017">
        <name>10:28</name>
      </trkpt>
      <trkpt lat="-23.556956" lon="-46.633009">
        <name>10:29</name>
      </trkpt>
      <trkpt lat="-23.557041" lon="-46.633003">
        <name>10:30</name>
      </trkpt>
      <trkpt lat="-23.557148" lon="-46.632997">
        <name>10:31</name>
      </trkpt>
      <trkpt lat="-23.557178" lon="-46.632995">
        <name>10:32</name>
      </trkpt>
      <trkpt lat="-23.557695" lon="-46.632966">
        <name>10:33</name>
      </trkpt>
      <trkpt lat="-23.558138" lon="-46.632941">
        <name>10:34</name>
      </trkpt>
      <trkpt lat="-23.558242" lon="-46.632934">
        <name>10:35</name>
      </trkpt>
      <trkpt lat="-23.558249" lon="-46.633050">
        <name>10:36</name>
      </trkpt>
      <trkpt lat="-23.558288" lon="-46.633703">
        <name>10:37</name>
      </trkpt>
      <trkpt lat="-23.558302" lon="-46.633935">
        <name>10:38</name>
      </trkpt>
      <trkpt lat="-23.558307" lon="-46.634026">
        <name>10:39</name>
      </trkpt>
      <trkpt lat="-23.558312" lon="-46.634101">
        <name>10:40</name>
      </trkpt>
      <trkpt lat="-23.558342" lon="-46.634798">
        <name>10:41</name>
      </trkpt>
      <trkpt lat="-23.558342" lon="-46.634798">
        <name>10:42</name>
      </trkpt>
      <trkpt lat="-23.558312" lon="-46.634101">
        <name>10:43</name>
      </trkpt>
      <trkpt lat="-23.558307" lon="-46.634026">
        <name>10:44</name>
      </trkpt>
      <trkpt lat="-23.558302" lon="-46.633935">
        <name>10:45</name>
      </trkpt>
      <trkpt lat="-23.558288" lon="-46.633703">
        <name>10:46</name>
      </trkpt>
      <trkpt lat="-23.558249" lon="-46.633050">
        <name>10:47</name>
      </trkpt>
      <trkpt lat="-23.558242" lon="-46.632934">
        <name>10:48</name>
      </trkpt>
      <trkpt lat="-23.558138" lon="-46.632941">
        <name>10:49</name>
      </trkpt>
      <trkpt lat="-23.557695" lon="-46.632966">
        <name>10:50</name>
      </trkpt>
      <trkpt lat="-23.557178" lon="-46.632995">
        <name>10:51</name>
      </trkpt>
      <trkpt lat="-23.557148" lon="-46.632997">
        <name>10:52</name>
      </trkpt>
      <trkpt lat="-23.557041" lon="-46.633003">
        <name>10:53</name>
      </trkpt>
      <trkpt lat="-23.556956" lon="-46.633009">
        <name>10:54</name>
      </trkpt>
      <trkpt lat="-23.556796" lon="-46.633017">
        <name>10:55</name>
      </trkpt>
      <trkpt lat="-23.556314" lon="-46.633044">
        <name>10:56</name>
      </trkpt>
      <trkpt lat="-23.556264" lon="-46.633048">
        <name>10:57</name>
      </trkpt>
      <trkpt lat="-23.556186" lon="-46.633054">
        <name>10:58</name>
      </trkpt>
      <trkpt lat="-23.556160" lon="-46.633056">
        <name>10:59</name>
      </trkpt>
      <trkpt lat="-23.556110" lon="-46.633059">
        <name>11:00</name>
      </trkpt>
      <trkpt lat="-23.555974" lon="-46.633069">
        <name>11:01</name>
      </trkpt>
      <trkpt lat="-23.555885" lon="-46.633076">
        <name>11:02</name>
      </trkpt>
      <trkpt lat="-23.555583" lon="-46.633098">
        <name>11:03</name>
      </trkpt>
      <trkpt lat="-23.555470" lon="-46.633106">
        <name>11:04</name>
      </trkpt>
      <trkpt lat="-23.555461" lon="-46.632958">
        <name>11:05</name>
      </trkpt>
      <trkpt lat="-23.555396" lon="-46.632065">
        <name>11:06</name>
      </trkpt>
      <trkpt lat="-23.555390" lon="-46.631988">
        <name>11:07</name>
      </trkpt>
      <trkpt lat="-23.555385" lon="-46.631911">
        <name>11:08</name>
      </trkpt>
      <trkpt lat="-23.555362" lon="-46.631610">
        <name>11:09</name>
      </trkpt>
      <trkpt lat="-23.555329" lon="-46.631185">
        <name>11:10</name>
      </trkpt>
      <trkpt lat="-23.555327" lon="-46.631147">
        <name>11:11</name>
      </trkpt>
      <trkpt lat="-23.555324" lon="-46.631091">
        <name>11:12</name>
      </trkpt>
      <trkpt lat="-23.555241" lon="-46.631091">
        <name>11:13</name>
      </trkpt>
      <trkpt lat="-23.554500" lon="-46.631087">
        <name>11:14</name>
      </trkpt>
      <trkpt lat="-23.554500" lon="-46.631087">
        <name>11:15</name>
      </trkpt>
      <trkpt lat="-23.554500" lon="-46.631087">
        <name>11:16</name>
      </trkpt>
      <trkpt lat="-23.554500" lon="-46.631087">
        <name>11:17</name>
      </trkpt>
      <trkpt lat="-23.554500" lon="-46.631087">
        <name>11:18</name>
      </trkpt>
      <trkpt lat="-23.554500" lon="-46.631087">
        <name>11:19</name>
      </trkpt>
      <trkpt lat="-23.554500" lon="-46.631087">
        <name>11:20</name>
      </trkpt>
      <trkpt lat="-23.554500" lon="-46.631087">
        <name>11:21</name>
      </trkpt>
      <trkpt lat="-23.554500" lon="-46.631087">
        <name>11:22</name>
      </trkpt>
      <trkpt lat="-23.554500" lon="-46.631087">
        <name>11:23</name>
      </trkpt>
      <trkpt lat="-23.555241" lon="-46.631091">
        <name>11:24</name>
      </trkpt>
      <trkpt lat="-23.555324" lon="-46.631091">
        <name>11:25</name>
      </trkpt>
      <trkpt lat="-23.555318" lon="-46.631016">
        <name>11:26</name>
      </trkpt>
      <trkpt lat="-23.555305" lon="-46.630829">
        <name>11:27</name>
      </trkpt>
      <trkpt lat="-23.555369" lon="-46.630820">
        <name>11:28</name>
      </trkpt>
      <trkpt lat="-23.555507" lon="-46.630806">
        <name>11:29</name>
      </trkpt>
      <trkpt lat="-23.555634" lon="-46.630795">
        <name>11:30</name>
      </trkpt>
      <trkpt lat="-23.555893" lon="-46.630777">
        <name>11:31</name>
      </trkpt>
      <trkpt lat="-23.555969" lon="-46.630770">
        <name>11:32</name>
      </trkpt>
      <trkpt lat="-23.556118" lon="-46.630948">
        <name>11:33</name>
      </trkpt>
      <trkpt lat="-23.556125" lon="-46.631024">
        <name>11:34</name>
      </trkpt>
      <trkpt lat="-23.556132" lon="-46.631103">
        <name>11:35</name>
      </trkpt>
      <trkpt lat="-23.556150" lon="-46.631360">
        <name>11:36</name>
      </trkpt>
      <trkpt lat="-23.556141" lon="-46.631550">
        <name>11:37</name>
      </trkpt>
      <trkpt lat="-23.556087" lon="-46.631998">
        <name>11:38</name>
      </trkpt>
      <trkpt lat="-23.555987" lon="-46.632933">
        <name>11:39</name>
      </trkpt>
      <trkpt lat="-23.555974" lon="-46.633069">
        <name>11:40</name>
      </trkpt>
      <trkpt lat="-23.555885" lon="-46.633076">
        <name>11:41</name>
      </trkpt>
      <trkpt lat="-23.555583" lon="-46.633098">
        <name>11:42</name>
      </trkpt>
      <trkpt lat="-23.555470" lon="-46.633106">
        <name>11:43</name>
      </trkpt>
      <trkpt lat="-23.555343" lon="-46.633114">
        <name>11:44</name>
      </trkpt>
      <trkpt lat="-23.555218" lon="-46.633122">
        <name>11:45</name>
      </trkpt>
      <trkpt lat="-23.554715" lon="-46.633163">
        <name>11:46</name>
      </trkpt>
      <trkpt lat="-23.554499" lon="-46.633212">
        <name>11:47</name>
      </trkpt>
      <trkpt lat="-23.554499" lon="-46.633259">
        <name>11:48</name>
      </trkpt>
      <trkpt lat="-23.554499" lon="-46.633264">
        <name>11:49</name>
      </trkpt>
      <trkpt lat="-23.554499" lon="-46.633286">
        <name>11:50</name>
      </trkpt>
      <trkpt lat="-23.554499" lon="-46.633156">
        <name>11:51</name>
      </trkpt>
      <trkpt lat="-23.554499" lon="-46.633170">
        <name>11:52</name>
      </trkpt>
      <trkpt lat="-23.554499" lon="-46.633173">
        <name>11:53</name>
      </trkpt>
      <trkpt lat="-23.554499" lon="-46.633164">
        <name>11:54</name>
      </trkpt>
      <trkpt lat="-23.554499" lon="-46.633168">
        <name>11:55</name>
      </trkpt>
      <trkpt lat="-23.554499" lon="-46.633173">
        <name>11:56</name>
      </trkpt>
      <trkpt lat="-23.554499" lon="-46.633183">
        <name>11:57</name>
      </trkpt>
      <trkpt lat="-23.554499" lon="-46.633199">
        <name>11:58</name>
      </trkpt>
      <trkpt lat="-23.554499" lon="-46.633219">
        <name>11:59</name>
      </trkpt>
      <trkpt lat="-23.554499" lon="-46.633244">
        <name>12:00</name>
      </trkpt>
      <trkpt lat="-23.554499" lon="-46.633263">
        <name>12:01</name>
      </trkpt>
      <trkpt lat="-23.554499" lon="-46.633285">
        <name>12:02</name>
      </trkpt>
      <trkpt lat="-23.554499" lon="-46.633401">
        <name>12:03</name>
      </trkpt>
      <trkpt lat="-23.554499" lon="-46.633502">
        <name>12:04</name>
      </trkpt>
      <trkpt lat="-23.554499" lon="-46.634218">
        <name>12:05</name>
      </trkpt>
      <trkpt lat="-23.554499" lon="-46.634299">
        <name>12:06</name>
      </trkpt>
      <trkpt lat="-23.554499" lon="-46.634360">
        <name>12:07</name>
      </trkpt>
      <trkpt lat="-23.554499" lon="-46.634353">
        <name>12:08</name>
      </trkpt>
      <trkpt lat="-23.554499" lon="-46.634315">
        <name>12:09</name>
      </trkpt>
      <trkpt lat="-23.554499" lon="-46.634315">
        <name>12:10</name>
      </trkpt>
      <trkpt lat="-23.554500" lon="-46.634313">
        <name>12:11</name>
      </trkpt>
      <trkpt lat="-23.554500" lon="-46.634313">
        <name>12:12</name>
      </trkpt>
      <trkpt lat="-23.554500" lon="-46.634313">
        <name>12:13</name>
      </trkpt>
      <trkpt lat="-23.554500" lon="-46.634313">
        <name>12:14</name>
      </trkpt>
      <trkpt lat="-23.554966" lon="-46.634280">
        <name>12:15</name>
      </trkpt>
      <trkpt lat="-23.555409" lon="-46.634249">
        <name>12:16</name>
      </trkpt>
      <trkpt lat="-23.555534" lon="-46.634240">
        <name>12:17</name>
      </trkpt>
      <trkpt lat="-23.555613" lon="-46.634236">
        <name>12:18</name>
      </trkpt>
      <trkpt lat="-23.556130" lon="-46.634194">
        <name>12:19</name>
      </trkpt>
      <trkpt lat="-23.556281" lon="-46.634185">
        <name>12:20</name>
      </trkpt>
      <trkpt lat="-23.556418" lon="-46.634174">
        <name>12:21</name>
      </trkpt>
      <trkpt lat="-23.556659" lon="-46.634155">
        <name>12:22</name>
      </trkpt>
      <trkpt lat="-23.556839" lon="-46.634140">
        <name>12:23</name>
      </trkpt>
      <trkpt lat="-23.557000" lon="-46.634128">
        <name>12:24</name>
      </trkpt>
      <trkpt lat="-23.557109" lon="-46.634119">
        <name>12:25</name>
      </trkpt>
      <trkpt lat="-23.557190" lon="-46.634113">
        <name>12:26</name>
      </trkpt>
      <trkpt lat="-23.557385" lon="-46.634098">
        <name>12:27</name>
      </trkpt>
      <trkpt lat="-23.558194" lon="-46.634035">
        <name>12:28</name>
      </trkpt>
      <trkpt lat="-23.558307" lon="-46.634026">
        <name>12:29</name>
      </trkpt>
      <trkpt lat="-23.558312" lon="-46.634101">
        <name>12:30</name>
      </trkpt>
      <trkpt lat="-23.558337" lon="-46.634698">
        <name>12:31</name>
      </trkpt>
      <trkpt lat="-23.558337" lon="-46.634698">
        <name>12:32</name>
      </trkpt>
      <trkpt lat="-23.558350" lon="-46.634995">
        <name>12:33</name>
      </trkpt>
      <trkpt lat="-23.558353" lon="-46.635054">
        <name>12:34</name>
      </trkpt>
      <trkpt lat="-23.558355" lon="-46.635116">
        <name>12:35</name>
      </trkpt>
      <trkpt lat="-23.558372" lon="-46.635439">
        <name>12:36</name>
      </trkpt>
      <trkpt lat="-23.558395" lon="-46.635885">
        <name>12:37</name>
      </trkpt>
      <trkpt lat="-23.558400" lon="-46.635981">
        <name>12:38</name>
      </trkpt>
      <trkpt lat="-23.558370" lon="-46.636395">
        <name>12:39</name>
      </trkpt>
      <trkpt lat="-23.558368" lon="-46.636425">
        <name>12:40</name>
      </trkpt>
      <trkpt lat="-23.558287" lon="-46.636875">
        <name>12:41</name>
      </trkpt>
      <trkpt lat="-23.558267" lon="-46.636995">
        <name>12:42</name>
      </trkpt>
      <trkpt lat="-23.558187" lon="-46.636952">
        <name>12:43</name>
      </trkpt>
      <trkpt lat="-23.557696" lon="-46.636686">
        <name>12:44</name>
      </trkpt>
      <trkpt lat="-23.557581" lon="-46.636622">
        <name>12:45</name>
      </trkpt>
      <trkpt lat="-23.557287" lon="-46.636459">
        <name>12:46</name>
      </trkpt>
      <trkpt lat="-23.557253" lon="-46.636440">
        <name>12:47</name>
      </trkpt>
      <trkpt lat="-23.557172" lon="-46.636404">
        <name>12:48</name>
      </trkpt>
      <trkpt lat="-23.557101" lon="-46.636372">
        <name>12:49</name>
      </trkpt>
      <trkpt lat="-23.556719" lon="-46.636279">
        <name>12:50</name>
      </trkpt>
      <trkpt lat="-23.556593" lon="-46.636247">
        <name>12:51</name>
      </trkpt>
      <trkpt lat="-23.556177" lon="-46.636136">
        <name>12:52</name>
      </trkpt>
      <trkpt lat="-23.555639" lon="-46.635980">
        <name>12:53</name>
      </trkpt>
      <trkpt lat="-23.555563" lon="-46.635949">
        <name>12:54</name>
      </trkpt>
      <trkpt lat="-23.555452" lon="-46.635905">
        <name>12:55</name>
      </trkpt>
      <trkpt lat="-23.555350" lon="-46.635854">
        <name>12:56</name>
      </trkpt>
      <trkpt lat="-23.554686" lon="-46.635522">
        <name>12:57</name>
      </trkpt>
      <trkpt lat="-23.554499" lon="-46.635430">
        <name>12:58</name>
      </trkpt>
      <trkpt lat="-23.554499" lon="-46.635351">
        <name>12:59</name>
      </trkpt>
      <trkpt lat="-23.554499" lon="-46.635100">
        <name>13:00</name>
      </trkpt>
      <trkpt lat="-23.554499" lon="-46.634901">
        <name>13:01</name>
      </trkpt>
      <trkpt lat="-23.554499" lon="-46.634861">
        <name>13:02</name>
      </trkpt>
      <trkpt lat="-23.554499" lon="-46.634850">
        <name>13:03</name>
      </trkpt>
      <trkpt lat="-23.554499" lon="-46.634752">
        <name>13:04</name>
      </trkpt>
      <trkpt lat="-23.554499" lon="-46.634701">
        <name>13:05</name>
      </trkpt>
      <trkpt lat="-23.554499" lon="-46.634579">
        <name>13:06</name>
      </trkpt>
      <trkpt lat="-23.554499" lon="-46.634547">
        <name>13:07</name>
      </trkpt>
      <trkpt lat="-23.554499" lon="-46.634462">
        <name>13:08</name>
      </trkpt>
      <trkpt lat="-23.554499" lon="-46.634427">
        <name>13:09</name>
      </trkpt>
      <trkpt lat="-23.554499" lon="-46.634402">
        <name>13:10</name>
      </trkpt>
      <trkpt lat="-23.554499" lon="-46.634389">
        <name>13:11</name>
      </trkpt>
      <trkpt lat="-23.554499" lon="-46.634377">
        <name>13:12</name>
      </trkpt>
      <trkpt lat="-23.554499" lon="-46.634360">
        <name>13:13</name>
      </trkpt>
      <trkpt lat="-23.554499" lon="-46.634353">
        <name>13:14</name>
      </trkpt>
      <trkpt lat="-23.554499" lon="-46.634315">
        <name>13:15</name>
      </trkpt>
      <trkpt lat="-23.554499" lon="-46.634315">
        <name>13:16</name>
      </trkpt>
      <trkpt lat="-23.554500" lon="-46.634313">
        <name>13:17</name>
      </trkpt>
      <trkpt lat="-23.554500" lon="-46.634313">
        <name>13:18</name>
      </trkpt>
      <trkpt lat="-23.554966" lon="-46.634280">
        <name>13:19</name>
      </trkpt>
      <trkpt lat="-23.555409" lon="-46.634249">
        <name>13:20</name>
      </trkpt>
      <trkpt lat="-23.555534" lon="-46.634240">
        <name>13:21</name>
      </trkpt>
      <trkpt lat="-23.555613" lon="-46.634236">
        <name>13:22</name>
      </trkpt>
      <trkpt lat="-23.556130" lon="-46.634194">
        <name>13:23</name>
      </trkpt>
      <trkpt lat="-23.556281" lon="-46.634185">
        <name>13:24</name>
      </trkpt>
      <trkpt lat="-23.556418" lon="-46.634174">
        <name>13:25</name>
      </trkpt>
      <trkpt lat="-23.556659" lon="-46.634155">
        <name>13:26</name>
      </trkpt>
      <trkpt lat="-23.556839" lon="-46.634140">
        <name>13:27</name>
      </trkpt>
      <trkpt lat="-23.557000" lon="-46.634128">
        <name>13:28</name>
      </trkpt>
      <trkpt lat="-23.557109" lon="-46.634119">
        <name>13:29</name>
      </trkpt>
      <trkpt lat="-23.557190" lon="-46.634113">
        <name>13:30</name>
      </trkpt>
      <trkpt lat="-23.557385" lon="-46.634098">
        <name>13:31</name>
      </trkpt>
      <trkpt lat="-23.558194" lon="-46.634035">
        <name>13:32</name>
      </trkpt>
      <trkpt lat="-23.558307" lon="-46.634026">
        <name>13:33</name>
      </trkpt>
      <trkpt lat="-23.558365" lon="-46.634021">
        <name>13:34</name>
      </trkpt>
      <trkpt lat="-23.558375" lon="-46.634020">
        <name>13:35</name>
      </trkpt>
      <trkpt lat="-23.558595" lon="-46.633995">
        <name>13:36</name>
      </trkpt>
      <trkpt lat="-23.558838" lon="-46.633937">
        <name>13:37</name>
      </trkpt>
      <trkpt lat="-23.559146" lon="-46.633786">
        <name>13:38</name>
      </trkpt>
      <trkpt lat="-23.559430" lon="-46.633613">
        <name>13:39</name>
      </trkpt>
      <trkpt lat="-23.559706" lon="-46.633425">
        <name>13:40</name>
      </trkpt>
      <trkpt lat="-23.559864" lon="-46.633317">
        <name>13:41</name>
      </trkpt>
      <trkpt lat="-23.559922" lon="-46.633262">
        <name>13:42</name>
      </trkpt>
      <trkpt lat="-23.559954" lon="-46.633230">
        <name>13:43</name>
      </trkpt>
      <trkpt lat="-23.559992" lon="-46.633178">
        <name>13:44</name>
      </trkpt>
      <trkpt lat="-23.560491" lon="-46.633881">
        <name>13:45</name>
      </trkpt>
      <trkpt lat="-23.561106" lon="-46.634749">
        <name>13:46</name>
      </trkpt>
      <trkpt lat="-23.561167" lon="-46.634834">
        <name>13:47</name>
      </trkpt>
      <trkpt lat="-23.561093" lon="-46.634840">
        <name>13:48</name>
      </trkpt>
      <trkpt lat="-23.560398" lon="-46.634892">
        <name>13:49</name>
      </trkpt>
      <trkpt lat="-23.560110" lon="-46.634915">
        <name>13:50</name>
      </trkpt>
      <trkpt lat="-23.558997" lon="-46.635003">
        <name>13:51</name>
      </trkpt>
      <trkpt lat="-23.558708" lon="-46.635026">
        <name>13:52</name>
      </trkpt>
      <trkpt lat="-23.558708" lon="-46.635026">
        <name>13:53</name>
      </trkpt>
      <trkpt lat="-23.558691" lon="-46.635027">
        <name>13:54</name>
      </trkpt>
      <trkpt lat="-23.558409" lon="-46.635050">
        <name>13:55</name>
      </trkpt>
      <trkpt lat="-23.558353" lon="-46.635054">
        <name>13:56</name>
      </trkpt>
      <trkpt lat="-23.558350" lon="-46.634995">
        <name>13:57</name>
      </trkpt>
      <trkpt lat="-23.558329" lon="-46.634509">
        <name>13:58</name>
      </trkpt>
      <trkpt lat="-23.558329" lon="-46.634509">
        <name>13:59</name>
      </trkpt>
      <trkpt lat="-23.558350" lon="-46.634995">
        <name>14:00</name>
      </trkpt>
      <trkpt lat="-23.558353" lon="-46.635054">
        <name>14:01</name>
      </trkpt>
      <trkpt lat="-23.558287" lon="-46.635059">
        <name>14:02</name>
      </trkpt>
      <trkpt lat="-23.557771" lon="-46.635098">
        <name>14:03</name>
      </trkpt>
      <trkpt lat="-23.557679" lon="-46.635104">
        <name>14:04</name>
      </trkpt>
      <trkpt lat="-23.557679" lon="-46.635104">
        <name>14:05</name>
      </trkpt>
      <trkpt lat="-23.557268" lon="-46.635133">
        <name>14:06</name>
      </trkpt>
      <trkpt lat="-23.557186" lon="-46.635139">
        <name>14:07</name>
      </trkpt>
      <trkpt lat="-23.557114" lon="-46.635142">
        <name>14:08</name>
      </trkpt>
      <trkpt lat="-23.556779" lon="-46.635157">
        <name>14:09</name>
      </trkpt>
      <trkpt lat="-23.556287" lon="-46.635205">
        <name>14:10</name>
      </trkpt>
      <trkpt lat="-23.556242" lon="-46.635209">
        <name>14:11</name>
      </trkpt>
      <trkpt lat="-23.555491" lon="-46.635263">
        <name>14:12</name>
      </trkpt>
      <trkpt lat="-23.555527" lon="-46.634633">
        <name>14:13</name>
      </trkpt>
      <trkpt lat="-23.555532" lon="-46.634325">
        <name>14:14</name>
      </trkpt>
      <trkpt lat="-23.555534" lon="-46.634240">
        <name>14:15</name>
      </trkpt>
      <trkpt lat="-23.555613" lon="-46.634236">
        <name>14:16</name>
      </trkpt>
      <trkpt lat="-23.556130" lon="-46.634194">
        <name>14:17</name>
      </trkpt>
      <trkpt lat="-23.556281" lon="-46.634185">
        <name>14:18</name>
      </trkpt>
      <trkpt lat="-23.556418" lon="-46.634174">
        <name>14:19</name>
      </trkpt>
      <trkpt lat="-23.556659" lon="-46.634155">
        <name>14:20</name>
      </trkpt>
      <trkpt lat="-23.556839" lon="-46.634140">
        <name>14:21</name>
      </trkpt>
      <trkpt lat="-23.557000" lon="-46.634128">
        <name>14:22</name>
      </trkpt>
      <trkpt lat="-23.557109" lon="-46.634119">
        <name>14:23</name>
      </trkpt>
      <trkpt lat="-23.557190" lon="-46.634113">
        <name>14:24</name>
      </trkpt>
      <trkpt lat="-23.557385" lon="-46.634098">
        <name>14:25</name>
      </trkpt>
      <trkpt lat="-23.558194" lon="-46.634035">
        <name>14:26</name>
      </trkpt>
      <trkpt lat="-23.558307" lon="-46.634026">
        <name>14:27</name>
      </trkpt>
      <trkpt lat="-23.558365" lon="-46.634021">
        <name>14:28</name>
      </trkpt>
      <trkpt lat="-23.558375" lon="-46.634020">
        <name>14:29</name>
      </trkpt>
      <trkpt lat="-23.558595" lon="-46.633995">
        <name>14:30</name>
      </trkpt>
      <trkpt lat="-23.558838" lon="-46.633937">
        <name>14:31</name>
      </trkpt>
      <trkpt lat="-23.559146" lon="-46.633786">
        <name>14:32</name>
      </trkpt>
      <trkpt lat="-23.559430" lon="-46.633613">
        <name>14:33</name>
      </trkpt>
      <trkpt lat="-23.559706" lon="-46.633425">
        <name>14:34</name>
      </trkpt>
      <trkpt lat="-23.559864" lon="-46.633317">
        <name>14:35</name>
      </trkpt>
      <trkpt lat="-23.559922" lon="-46.633262">
        <name>14:36</name>
      </trkpt>
      <trkpt lat="-23.559954" lon="-46.633230">
        <name>14:37</name>
      </trkpt>
      <trkpt lat="-23.559992" lon="-46.633178">
        <name>14:38</name>
      </trkpt>
      <trkpt lat="-23.560121" lon="-46.632819">
        <name>14:39</name>
      </trkpt>
      <trkpt lat="-23.560190" lon="-46.632815">
        <name>14:40</name>
      </trkpt>
      <trkpt lat="-23.560260" lon="-46.632808">
        <name>14:41</name>
      </trkpt>
      <trkpt lat="-23.560329" lon="-46.632801">
        <name>14:42</name>
      </trkpt>
      <trkpt lat="-23.560818" lon="-46.632747">
        <name>14:43</name>
      </trkpt>
      <trkpt lat="-23.561084" lon="-46.632725">
        <name>14:44</name>
      </trkpt>
      <trkpt lat="-23.561261" lon="-46.632708">
        <name>14:45</name>
      </trkpt>
      <trkpt lat="-23.561368" lon="-46.632698">
        <name>14:46</name>
      </trkpt>
      <trkpt lat="-23.561487" lon="-46.632801">
        <name>14:47</name>
      </trkpt>
      <trkpt lat="-23.561986" lon="-46.633243">
        <name>14:48</name>
      </trkpt>
      <trkpt lat="-23.562250" lon="-46.633467">
        <name>14:49</name>
      </trkpt>
      <trkpt lat="-23.562537" lon="-46.633710">
        <name>14:50</name>
      </trkpt>
      <trkpt lat="-23.562898" lon="-46.634017">
        <name>14:51</name>
      </trkpt>
      <trkpt lat="-23.562975" lon="-46.634082">
        <name>14:52</name>
      </trkpt>
      <trkpt lat="-23.563033" lon="-46.634133">
        <name>14:53</name>
      </trkpt>
      <trkpt lat="-23.563382" lon="-46.634434">
        <name>14:54</name>
      </trkpt>
      <trkpt lat="-23.563442" lon="-46.634486">
        <name>14:55</name>
      </trkpt>
      <trkpt lat="-23.563524" lon="-46.634555">
        <name>14:56</name>
      </trkpt>
      <trkpt lat="-23.563568" lon="-46.634592">
        <name>14:57</name>
      </trkpt>
      <trkpt lat="-23.563711" lon="-46.634715">
        <name>14:58</name>
      </trkpt>
      <trkpt lat="-23.564000" lon="-46.634964">
        <name>14:59</name>
      </trkpt>
      <trkpt lat="-23.564302" lon="-46.635223">
        <name>15:00</name>
      </trkpt>
      <trkpt lat="-23.564366" lon="-46.635278">
        <name>15:01</name>
      </trkpt>
      <trkpt lat="-23.564410" lon="-46.635316">
        <name>15:02</name>
      </trkpt>
      <trkpt lat="-23.564566" lon="-46.635450">
        <name>15:03</name>
      </trkpt>
      <trkpt lat="-23.564637" lon="-46.635511">
        <name>15:04</name>
      </trkpt>
      <trkpt lat="-23.565182" lon="-46.635978">
        <name>15:05</name>
      </trkpt>
      <trkpt lat="-23.565200" lon="-46.635992">
        <name>15:06</name>
      </trkpt>
      <trkpt lat="-23.565227" lon="-46.636017">
        <name>15:07</name>
      </trkpt>
      <trkpt lat="-23.565942" lon="-46.636635">
        <name>15:08</name>
      </trkpt>
      <trkpt lat="-23.566016" lon="-46.636698">
        <name>15:09</name>
      </trkpt>
      <trkpt lat="-23.566197" lon="-46.636854">
        <name>15:10</name>
      </trkpt>
      <trkpt lat="-23.566278" lon="-46.636925">
        <name>15:11</name>
      </trkpt>
      <trkpt lat="-23.566358" lon="-46.636993">
        <name>15:12</name>
      </trkpt>
      <trkpt lat="-23.566542" lon="-46.637149">
        <name>15:13</name>
      </trkpt>
      <trkpt lat="-23.566889" lon="-46.637444">
        <name>15:14</name>
      </trkpt>
      <trkpt lat="-23.567107" lon="-46.637629">
        <name>15:15</name>
      </trkpt>
      <trkpt lat="-23.567377" lon="-46.637858">
        <name>15:16</name>
      </trkpt>
      <trkpt lat="-23.567557" lon="-46.638015">
        <name>15:17</name>
      </trkpt>
      <trkpt lat="-23.567570" lon="-46.638027">
        <name>15:18</name>
      </trkpt>
      <trkpt lat="-23.567638" lon="-46.638083">
        <name>15:19</name>
      </trkpt>
      <trkpt lat="-23.567637" lon="-46.638085">
        <name>15:20</name>
      </trkpt>
      <trkpt lat="-23.567703" lon="-46.638140">
        <name>15:21</name>
      </trkpt>
      <trkpt lat="-23.568002" lon="-46.638390">
        <name>15:22</name>
      </trkpt>
      <trkpt lat="-23.568091" lon="-46.638465">
        <name>15:23</name>
      </trkpt>
      <trkpt lat="-23.568473" lon="-46.638788">
        <name>15:24</name>
      </trkpt>
      <trkpt lat="-23.568492" lon="-46.638802">
        <name>15:25</name>
      </trkpt>
      <trkpt lat="-23.568510" lon="-46.638810">
        <name>15:26</name>
      </trkpt>
      <trkpt lat="-23.568533" lon="-46.638811">
        <name>15:27</name>
      </trkpt>
      <trkpt lat="-23.568575" lon="-46.638806">
        <name>15:28</name>
      </trkpt>
      <trkpt lat="-23.568785" lon="-46.638774">
        <name>15:29</name>
      </trkpt>
      <trkpt lat="-23.568893" lon="-46.638755">
        <name>15:30</name>
      </trkpt>
      <trkpt lat="-23.569005" lon="-46.638738">
        <name>15:31</name>
      </trkpt>
      <trkpt lat="-23.569029" lon="-46.638735">
        <name>15:32</name>
      </trkpt>
      <trkpt lat="-23.569083" lon="-46.638725">
        <name>15:33</name>
      </trkpt>
      <trkpt lat="-23.569343" lon="-46.638684">
        <name>15:34</name>
      </trkpt>
      <trkpt lat="-23.569498" lon="-46.638679">
        <name>15:35</name>
      </trkpt>
      <trkpt lat="-23.569585" lon="-46.638679">
        <name>15:36</name>
      </trkpt>
      <trkpt lat="-23.569673" lon="-46.638686">
        <name>15:37</name>
      </trkpt>
      <trkpt lat="-23.569886" lon="-46.638711">
        <name>15:38</name>
      </trkpt>
      <trkpt lat="-23.570045" lon="-46.638734">
        <name>15:39</name>
      </trkpt>
      <trkpt lat="-23.570192" lon="-46.638754">
        <name>15:40</name>
      </trkpt>
      <trkpt lat="-23.570324" lon="-46.638814">
        <name>15:41</name>
      </trkpt>
      <trkpt lat="-23.570658" lon="-46.638962">
        <name>15:42</name>
      </trkpt>
      <trkpt lat="-23.570792" lon="-46.639032">
        <name>15:43</name>
      </trkpt>
      <trkpt lat="-23.570849" lon="-46.639048">
        <name>15:44</name>
      </trkpt>
      <trkpt lat="-23.570955" lon="-46.639062">
        <name>15:45</name>
      </trkpt>
      <trkpt lat="-23.571175" lon="-46.639079">
        <name>15:46</name>
      </trkpt>
      <trkpt lat="-23.571285" lon="-46.639088">
        <name>15:47</name>
      </trkpt>
      <trkpt lat="-23.571344" lon="-46.639092">
        <name>15:48</name>
      </trkpt>
      <trkpt lat="-23.572370" lon="-46.639171">
        <name>15:49</name>
      </trkpt>
      <trkpt lat="-23.572508" lon="-46.639181">
        <name>15:50</name>
      </trkpt>
      <trkpt lat="-23.573356" lon="-46.639246">
        <name>15:51</name>
      </trkpt>
      <trkpt lat="-23.573594" lon="-46.639267">
        <name>15:52</name>
      </trkpt>
      <trkpt lat="-23.573832" lon="-46.639288">
        <name>15:53</name>
      </trkpt>
      <trkpt lat="-23.573909" lon="-46.639294">
        <name>15:54</name>
      </trkpt>
      <trkpt lat="-23.573883" lon="-46.639379">
        <name>15:55</name>
      </trkpt>
      <trkpt lat="-23.573647" lon="-46.640151">
        <name>15:56</name>
      </trkpt>
      <trkpt lat="-23.573622" lon="-46.640224">
        <name>15:57</name>
      </trkpt>
      <trkpt lat="-23.573606" lon="-46.640273">
        <name>15:58</name>
      </trkpt>
      <trkpt lat="-23.573588" lon="-46.640331">
        <name>15:59</name>
      </trkpt>
      <trkpt lat="-23.573664" lon="-46.640352">
        <name>16:00</name>
      </trkpt>
      <trkpt lat="-23.573699" lon="-46.640361">
        <name>16:01</name>
      </trkpt>
      <trkpt lat="-23.573799" lon="-46.640386">
        <name>16:02</name>
      </trkpt>
      <trkpt lat="-23.573997" lon="-46.640441">
        <name>16:03</name>
      </trkpt>
      <trkpt lat="-23.574057" lon="-46.640482">
        <name>16:04</name>
      </trkpt>
      <trkpt lat="-23.574084" lon="-46.640503">
        <name>16:05</name>
      </trkpt>
      <trkpt lat="-23.574110" lon="-46.640530">
        <name>16:06</name>
      </trkpt>
      <trkpt lat="-23.574129" lon="-46.640558">
        <name>16:07</name>
      </trkpt>
      <trkpt lat="-23.574147" lon="-46.640593">
        <name>16:08</name>
      </trkpt>
      <trkpt lat="-23.574167" lon="-46.640650">
        <name>16:09</name>
      </trkpt>
      <trkpt lat="-23.574178" lon="-46.640725">
        <name>16:10</name>
      </trkpt>
      <trkpt lat="-23.574169" lon="-46.640766">
        <name>16:11</name>
      </trkpt>
      <trkpt lat="-23.574152" lon="-46.640805">
        <name>16:12</name>
      </trkpt>
      <trkpt lat="-23.574118" lon="-46.640847">
        <name>16:13</name>
      </trkpt>
      <trkpt lat="-23.574065" lon="-46.640887">
        <name>16:14</name>
      </trkpt>
      <trkpt lat="-23.573995" lon="-46.640908">
        <name>16:15</name>
      </trkpt>
      <trkpt lat="-23.573538" lon="-46.640873">
        <name>16:16</name>
      </trkpt>
      <trkpt lat="-23.573494" lon="-46.640869">
        <name>16:17</name>
      </trkpt>
      <trkpt lat="-23.573329" lon="-46.640855">
        <name>16:18</name>
      </trkpt>
      <trkpt lat="-23.572634" lon="-46.640791">
        <name>16:19</name>
      </trkpt>
      <trkpt lat="-23.572316" lon="-46.640761">
        <name>16:20</name>
      </trkpt>
      <trkpt lat="-23.570961" lon="-46.640670">
        <name>16:21</name>
      </trkpt>
      <trkpt lat="-23.570806" lon="-46.640660">
        <name>16:22</name>
      </trkpt>
      <trkpt lat="-23.570678" lon="-46.640650">
        <name>16:23</name>
      </trkpt>
      <trkpt lat="-23.570608" lon="-46.640660">
        <name>16:24</name>
      </trkpt>
      <trkpt lat="-23.570589" lon="-46.640662">
        <name>16:25</name>
      </trkpt>
      <trkpt lat="-23.570526" lon="-46.640682">
        <name>16:26</name>
      </trkpt>
      <trkpt lat="-23.570443" lon="-46.640716">
        <name>16:27</name>
      </trkpt>
      <trkpt lat="-23.570078" lon="-46.640687">
        <name>16:28</name>
      </trkpt>
      <trkpt lat="-23.568505" lon="-46.640573">
        <name>16:29</name>
      </trkpt>
      <trkpt lat="-23.567969" lon="-46.640522">
        <name>16:30</name>
      </trkpt>
      <trkpt lat="-23.567574" lon="-46.640499">
        <name>16:31</name>
      </trkpt>
      <trkpt lat="-23.567112" lon="-46.640510">
        <name>16:32</name>
      </trkpt>
      <trkpt lat="-23.566355" lon="-46.640554">
        <name>16:33</name>
      </trkpt>
      <trkpt lat="-23.565971" lon="-46.640573">
        <name>16:34</name>
      </trkpt>
      <trkpt lat="-23.565752" lon="-46.640577">
        <name>16:35</name>
      </trkpt>
      <trkpt lat="-23.565620" lon="-46.640572">
        <name>16:36</name>
      </trkpt>
      <trkpt lat="-23.565391" lon="-46.640557">
        <name>16:37</name>
      </trkpt>
      <trkpt lat="-23.565153" lon="-46.640525">
        <name>16:38</name>
      </trkpt>
      <trkpt lat="-23.564950" lon="-46.640490">
        <name>16:39</name>
      </trkpt>
      <trkpt lat="-23.564770" lon="-46.640447">
        <name>16:40</name>
      </trkpt>
      <trkpt lat="-23.564347" lon="-46.640331">
        <name>16:41</name>
      </trkpt>
      <trkpt lat="-23.564119" lon="-46.640268">
        <name>16:42</name>
      </trkpt>
      <trkpt lat="-23.563836" lon="-46.640206">
        <name>16:43</name>
      </trkpt>
      <trkpt lat="-23.563398" lon="-46.640121">
        <name>16:44</name>
      </trkpt>
      <trkpt lat="-23.563074" lon="-46.640058">
        <name>16:45</name>
      </trkpt>
      <trkpt lat="-23.562509" lon="-46.639974">
        <name>16:46</name>
      </trkpt>
      <trkpt lat="-23.562295" lon="-46.639952">
        <name>16:47</name>
      </trkpt>
      <trkpt lat="-23.562104" lon="-46.639935">
        <name>16:48</name>
      </trkpt>
      <trkpt lat="-23.561629" lon="-46.639873">
        <name>16:49</name>
      </trkpt>
      <trkpt lat="-23.561345" lon="-46.639818">
        <name>16:50</name>
      </trkpt>
      <trkpt lat="-23.560999" lon="-46.639715">
        <name>16:51</name>
      </trkpt>
      <trkpt lat="-23.560771" lon="-46.639634">
        <name>16:52</name>
      </trkpt>
      <trkpt lat="-23.560409" lon="-46.639471">
        <name>16:53</name>
      </trkpt>
      <trkpt lat="-23.560045" lon="-46.639262">
        <name>16:54</name>
      </trkpt>
      <trkpt lat="-23.559689" lon="-46.639017">
        <name>16:55</name>
      </trkpt>
      <trkpt lat="-23.559366" lon="-46.638795">
        <name>16:56</name>
      </trkpt>
      <trkpt lat="-23.559053" lon="-46.638597">
        <name>16:57</name>
      </trkpt>
      <trkpt lat="-23.558994" lon="-46.638573">
        <name>16:58</name>
      </trkpt>
      <trkpt lat="-23.558210" lon="-46.638256">
        <name>16:59</name>
      </trkpt>
      <trkpt lat="-23.558134" lon="-46.638151">
        <name>17:00</name>
      </trkpt>
      <trkpt lat="-23.558082" lon="-46.638083">
        <name>17:01</name>
      </trkpt>
      <trkpt lat="-23.558012" lon="-46.638026">
        <name>17:02</name>
      </trkpt>
      <trkpt lat="-23.557946" lon="-46.637974">
        <name>17:03</name>
      </trkpt>
      <trkpt lat="-23.557832" lon="-46.637920">
        <name>17:04</name>
      </trkpt>
      <trkpt lat="-23.557723" lon="-46.637876">
        <name>17:05</name>
      </trkpt>
      <trkpt lat="-23.557011" lon="-46.637588">
        <name>17:06</name>
      </trkpt>
      <trkpt lat="-23.556964" lon="-46.637528">
        <name>17:07</name>
      </trkpt>
      <trkpt lat="-23.556922" lon="-46.637474">
        <name>17:08</name>
      </trkpt>
      <trkpt lat="-23.556861" lon="-46.637386">
        <name>17:09</name>
      </trkpt>
      <trkpt lat="-23.556803" lon="-46.637282">
        <name>17:10</name>
      </trkpt>
      <trkpt lat="-23.556660" lon="-46.637029">
        <name>17:11</name>
      </trkpt>
      <trkpt lat="-23.556520" lon="-46.636768">
        <name>17:12</name>
      </trkpt>
      <trkpt lat="-23.556499" lon="-46.636705">
        <name>17:13</name>
      </trkpt>
      <trkpt lat="-23.556490" lon="-46.636641">
        <name>17:14</name>
      </trkpt>
      <trkpt lat="-23.556489" lon="-46.636510">
        <name>17:15</name>
      </trkpt>
      <trkpt lat="-23.556553" lon="-46.636026">
        <name>17:16</name>
      </trkpt>
      <trkpt lat="-23.556626" lon="-46.635572">
        <name>17:17</name>
      </trkpt>
      <trkpt lat="-23.556669" lon="-46.635180">
        <name>17:18</name>
      </trkpt>
      <trkpt lat="-23.556685" lon="-46.634825">
        <name>17:19</name>
      </trkpt>
      <trkpt lat="-23.556680" lon="-46.634706">
        <name>17:20</name>
      </trkpt>
      <trkpt lat="-23.556680" lon="-46.634706">
        <name>17:21</name>
      </trkpt>
      <trkpt lat="-23.556679" lon="-46.634680">
        <name>17:22</name>
      </trkpt>
      <trkpt lat="-23.556654" lon="-46.634539">
        <name>17:23</name>
      </trkpt>
      <trkpt lat="-23.556626" lon="-46.633262">
        <name>17:24</name>
      </trkpt>
      <trkpt lat="-23.556537" lon="-46.633105">
        <name>17:25</name>
      </trkpt>
      <trkpt lat="-23.556470" lon="-46.632222">
        <name>17:26</name>
      </trkpt>
      <trkpt lat="-23.556276" lon="-46.629677">
        <name>17:27</name>
      </trkpt>
      <trkpt lat="-23.556265" lon="-46.629426">
        <name>17:28</name>
      </trkpt>
      <trkpt lat="-23.556267" lon="-46.629388">
        <name>17:29</name>
      </trkpt>
      <trkpt lat="-23.556275" lon="-46.629348">
        <name>17:30</name>
      </trkpt>
      <trkpt lat="-23.556283" lon="-46.629333">
        <name>17:31</name>
      </trkpt>
      <trkpt lat="-23.556294" lon="-46.629324">
        <name>17:32</name>
      </trkpt>
      <trkpt lat="-23.556447" lon="-46.629387">
        <name>17:33</name>
      </trkpt>
      <trkpt lat="-23.556685" lon="-46.629516">
        <name>17:34</name>
      </trkpt>
      <trkpt lat="-23.556755" lon="-46.629553">
        <name>17:35</name>
      </trkpt>
      <trkpt lat="-23.556798" lon="-46.629578">
        <name>17:36</name>
      </trkpt>
      <trkpt lat="-23.556938" lon="-46.629651">
        <name>17:37</name>
      </trkpt>
      <trkpt lat="-23.557396" lon="-46.629887">
        <name>17:38</name>
      </trkpt>
      <trkpt lat="-23.557762" lon="-46.630076">
        <name>17:39</name>
      </trkpt>
      <trkpt lat="-23.558008" lon="-46.630203">
        <name>17:40</name>
      </trkpt>
      <trkpt lat="-23.558074" lon="-46.630238">
        <name>17:41</name>
      </trkpt>
      <trkpt lat="-23.558081" lon="-46.630353">
        <name>17:42</name>
      </trkpt>
      <trkpt lat="-23.558107" lon="-46.630749">
        <name>17:43</name>
      </trkpt>
      <trkpt lat="-23.558114" lon="-46.630865">
        <name>17:44</name>
      </trkpt>
      <trkpt lat="-23.558143" lon="-46.631324">
        <name>17:45</name>
      </trkpt>
      <trkpt lat="-23.558146" lon="-46.631395">
        <name>17:46</name>
      </trkpt>
      <trkpt lat="-23.558150" lon="-46.631457">
        <name>17:47</name>
      </trkpt>
      <trkpt lat="-23.558174" lon="-46.631817">
        <name>17:48</name>
      </trkpt>
      <trkpt lat="-23.558175" lon="-46.631873">
        <name>17:49</name>
      </trkpt>
      <trkpt lat="-23.558181" lon="-46.631963">
        <name>17:50</name>
      </trkpt>
      <trkpt lat="-23.558184" lon="-46.632030">
        <name>17:51</name>
      </trkpt>
      <trkpt lat="-23.558235" lon="-46.632811">
        <name>17:52</name>
      </trkpt>
      <trkpt lat="-23.558242" lon="-46.632934">
        <name>17:53</name>
      </trkpt>
      <trkpt lat="-23.558249" lon="-46.633050">
        <name>17:54</name>
      </trkpt>
      <trkpt lat="-23.558288" lon="-46.633703">
        <name>17:55</name>
      </trkpt>
      <trkpt lat="-23.558302" lon="-46.633935">
        <name>17:56</name>
      </trkpt>
      <trkpt lat="-23.558307" lon="-46.634026">
        <name>17:57</name>
      </trkpt>
      <trkpt lat="-23.558312" lon="-46.634101">
        <name>17:58</name>
      </trkpt>
      <trkpt lat="-23.558350" lon="-46.634995">
        <name>17:59</name>
      </trkpt>
      <trkpt lat="-23.558353" lon="-46.635054">
        <name>18:00</name>
      </trkpt>
      <trkpt lat="-23.558287" lon="-46.635059">
        <name>18:01</name>
      </trkpt>
      <trkpt lat="-23.557771" lon="-46.635098">
        <name>18:02</name>
      </trkpt>
      <trkpt lat="-23.557679" lon="-46.635104">
        <name>18:03</name>
      </trkpt>
      <trkpt lat="-23.557679" lon="-46.635104">
        <name>18:04</name>
      </trkpt>
      <trkpt lat="-23.557268" lon="-46.635133">
        <name>18:05</name>
      </trkpt>
      <trkpt lat="-23.557186" lon="-46.635139">
        <name>18:06</name>
      </trkpt>
      <trkpt lat="-23.557114" lon="-46.635142">
        <name>18:07</name>
      </trkpt>
      <trkpt lat="-23.556779" lon="-46.635157">
        <name>18:08</name>
      </trkpt>
      <trkpt lat="-23.556287" lon="-46.635205">
        <name>18:09</name>
      </trkpt>
      <trkpt lat="-23.556242" lon="-46.635209">
        <name>18:10</name>
      </trkpt>
      <trkpt lat="-23.555491" lon="-46.635263">
        <name>18:11</name>
      </trkpt>
      <trkpt lat="-23.555527" lon="-46.634633">
        <name>18:12</name>
      </trkpt>
      <trkpt lat="-23.555532" lon="-46.634325">
        <name>18:13</name>
      </trkpt>
      <trkpt lat="-23.555534" lon="-46.634240">
        <name>18:14</name>
      </trkpt>
      <trkpt lat="-23.555613" lon="-46.634236">
        <name>18:15</name>
      </trkpt>
      <trkpt lat="-23.556130" lon="-46.634194">
        <name>18:16</name>
      </trkpt>
      <trkpt lat="-23.556281" lon="-46.634185">
        <name>18:17</name>
      </trkpt>
      <trkpt lat="-23.556418" lon="-46.634174">
        <name>18:18</name>
      </trkpt>
      <trkpt lat="-23.556659" lon="-46.634155">
        <name>18:19</name>
      </trkpt>
      <trkpt lat="-23.556839" lon="-46.634140">
        <name>18:20</name>
      </trkpt>
      <trkpt lat="-23.557000" lon="-46.634128">
        <name>18:21</name>
      </trkpt>
      <trkpt lat="-23.557109" lon="-46.634119">
        <name>18:22</name>
      </trkpt>
      <trkpt lat="-23.557190" lon="-46.634113">
        <name>18:23</name>
      </trkpt>
      <trkpt lat="-23.557385" lon="-46.634098">
        <name>18:24</name>
      </trkpt>
      <trkpt lat="-23.558194" lon="-46.634035">
        <name>18:25</name>
      </trkpt>
      <trkpt lat="-23.558307" lon="-46.634026">
        <name>18:26</name>
      </trkpt>
      <trkpt lat="-23.558312" lon="-46.634101">
        <name>18:27</name>
      </trkpt>
      <trkpt lat="-23.558329" lon="-46.634509">
        <name>18:28</name>
      </trkpt>
      <trkpt lat="-23.558329" lon="-46.634509">
        <name>18:29</name>
      </trkpt>
      <trkpt lat="-23.558312" lon="-46.634101">
        <name>18:30</name>
      </trkpt>
      <trkpt lat="-23.558307" lon="-46.634026">
        <name>18:31</name>
      </trkpt>
      <trkpt lat="-23.558302" lon="-46.633935">
        <name>18:32</name>
      </trkpt>
      <trkpt lat="-23.558288" lon="-46.633703">
        <name>18:33</name>
      </trkpt>
      <trkpt lat="-23.558249" lon="-46.633050">
        <name>18:34</name>
      </trkpt>
      <trkpt lat="-23.558242" lon="-46.632934">
        <name>18:35</name>
      </trkpt>
      <trkpt lat="-23.558138" lon="-46.632941">
        <name>18:36</name>
      </trkpt>
      <trkpt lat="-23.557695" lon="-46.632966">
        <name>18:37</name>
      </trkpt>
      <trkpt lat="-23.557178" lon="-46.632995">
        <name>18:38</name>
      </trkpt>
      <trkpt lat="-23.557148" lon="-46.632997">
        <name>18:39</name>
      </trkpt>
      <trkpt lat="-23.557041" lon="-46.633003">
        <name>18:40</name>
      </trkpt>
      <trkpt lat="-23.556956" lon="-46.633009">
        <name>18:41</name>
      </trkpt>
      <trkpt lat="-23.556796" lon="-46.633017">
        <name>18:42</name>
      </trkpt>
      <trkpt lat="-23.556314" lon="-46.633044">
        <name>18:43</name>
      </trkpt>
      <trkpt lat="-23.556264" lon="-46.633048">
        <name>18:44</name>
      </trkpt>
      <trkpt lat="-23.556186" lon="-46.633054">
        <name>18:45</name>
      </trkpt>
      <trkpt lat="-23.556160" lon="-46.633056">
        <name>18:46</name>
      </trkpt>
      <trkpt lat="-23.556110" lon="-46.633059">
        <name>18:47</name>
      </trkpt>
      <trkpt lat="-23.555974" lon="-46.633069">
        <name>18:48</name>
      </trkpt>
      <trkpt lat="-23.555885" lon="-46.633076">
        <name>18:49</name>
      </trkpt>
      <trkpt lat="-23.555583" lon="-46.633098">
        <name>18:50</name>
      </trkpt>
      <trkpt lat="-23.555470" lon="-46.633106">
        <name>18:51</name>
      </trkpt>
      <trkpt lat="-23.555461" lon="-46.632958">
        <name>18:52</name>
      </trkpt>
      <trkpt lat="-23.555396" lon="-46.632065">
        <name>18:53</name>
      </trkpt>
      <trkpt lat="-23.555390" lon="-46.631988">
        <name>18:54</name>
      </trkpt>
      <trkpt lat="-23.555385" lon="-46.631911">
        <name>18:55</name>
      </trkpt>
      <trkpt lat="-23.555362" lon="-46.631610">
        <name>18:56</name>
      </trkpt>
      <trkpt lat="-23.555329" lon="-46.631185">
        <name>18:57</name>
      </trkpt>
      <trkpt lat="-23.555327" lon="-46.631147">
        <name>18:58</name>
      </trkpt>
      <trkpt lat="-23.555324" lon="-46.631091">
        <name>18:59</name>
      </trkpt>
      <trkpt lat="-23.555241" lon="-46.631091">
        <name>19:00</name>
      </trkpt>
      <trkpt lat="-23.554500" lon="-46.631087">
        <name>19:01</name>
      </trkpt>
      <trkpt lat="-23.554500" lon="-46.631087">
        <name>19:02</name>
      </trkpt>
      <trkpt lat="-23.554500" lon="-46.631087">
        <name>19:03</name>
      </trkpt>
      <trkpt lat="-23.554500" lon="-46.631087">
        <name>19:04</name>
      </trkpt>
      <trkpt lat="-23.554500" lon="-46.631087">
        <name>19:05</name>
      </trkpt>
      <trkpt lat="-23.554500" lon="-46.631087">
        <name>19:06</name>
      </trkpt>
      <trkpt lat="-23.555241" lon="-46.631091">
        <name>19:07</name>
      </trkpt>
      <trkpt lat="-23.555324" lon="-46.631091">
        <name>19:08</name>
      </trkpt>
      <trkpt lat="-23.555318" lon="-46.631016">
        <name>19:09</name>
      </trkpt>
      <trkpt lat="-23.555305" lon="-46.630829">
        <name>19:10</name>
      </trkpt>
      <trkpt lat="-23.555369" lon="-46.630820">
        <name>19:11</name>
      </trkpt>
      <trkpt lat="-23.555507" lon="-46.630806">
        <name>19:12</name>
      </trkpt>
      <trkpt lat="-23.555634" lon="-46.630795">
        <name>19:13</name>
      </trkpt>
      <trkpt lat="-23.555893" lon="-46.630777">
        <name>19:14</name>
      </trkpt>
      <trkpt lat="-23.555969" lon="-46.630770">
        <name>19:15</name>
      </trkpt>
      <trkpt lat="-23.556118" lon="-46.630948">
        <name>19:16</name>
      </trkpt>
      <trkpt lat="-23.556125" lon="-46.631024">
        <name>19:17</name>
      </trkpt>
      <trkpt lat="-23.556132" lon="-46.631103">
        <name>19:18</name>
      </trkpt>
      <trkpt lat="-23.556150" lon="-46.631360">
        <name>19:19</name>
      </trkpt>
      <trkpt lat="-23.556141" lon="-46.631550">
        <name>19:20</name>
      </trkpt>
      <trkpt lat="-23.556087" lon="-46.631998">
        <name>19:21</name>
      </trkpt>
      <trkpt lat="-23.555987" lon="-46.632933">
        <name>19:22</name>
      </trkpt>
      <trkpt lat="-23.555974" lon="-46.633069">
        <name>19:23</name>
      </trkpt>
      <trkpt lat="-23.556110" lon="-46.633059">
        <name>19:24</name>
      </trkpt>
      <trkpt lat="-23.556160" lon="-46.633056">
        <name>19:25</name>
      </trkpt>
      <trkpt lat="-23.556186" lon="-46.633054">
        <name>19:26</name>
      </trkpt>
      <trkpt lat="-23.556264" lon="-46.633048">
        <name>19:27</name>
      </trkpt>
      <trkpt lat="-23.556314" lon="-46.633044">
        <name>19:28</name>
      </trkpt>
      <trkpt lat="-23.556796" lon="-46.633017">
        <name>19:29</name>
      </trkpt>
      <trkpt lat="-23.556956" lon="-46.633009">
        <name>19:30</name>
      </trkpt>
      <trkpt lat="-23.557041" lon="-46.633003">
        <name>19:31</name>
      </trkpt>
      <trkpt lat="-23.557148" lon="-46.632997">
        <name>19:32</name>
      </trkpt>
      <trkpt lat="-23.557178" lon="-46.632995">
        <name>19:33</name>
      </trkpt>
      <trkpt lat="-23.557695" lon="-46.632966">
        <name>19:34</name>
      </trkpt>
      <trkpt lat="-23.558138" lon="-46.632941">
        <name>19:35</name>
      </trkpt>
      <trkpt lat="-23.558242" lon="-46.632934">
        <name>19:36</name>
      </trkpt>
      <trkpt lat="-23.558249" lon="-46.633050">
        <name>19:37</name>
      </trkpt>
      <trkpt lat="-23.558288" lon="-46.633703">
        <name>19:38</name>
      </trkpt>
      <trkpt lat="-23.558302" lon="-46.633935">
        <name>19:39</name>
      </trkpt>
      <trkpt lat="-23.558307" lon="-46.634026">
        <name>19:40</name>
      </trkpt>
      <trkpt lat="-23.558312" lon="-46.634101">
        <name>19:41</name>
      </trkpt>
      <trkpt lat="-23.558329" lon="-46.634509">
        <name>19:42</name>
      </trkpt>
      <trkpt lat="-23.558329" lon="-46.634509">
        <name>19:43</name>
      </trkpt>
      <trkpt lat="-23.558312" lon="-46.634101">
        <name>19:44</name>
      </trkpt>
      <trkpt lat="-23.558307" lon="-46.634026">
        <name>19:45</name>
      </trkpt>
      <trkpt lat="-23.558302" lon="-46.633935">
        <name>19:46</name>
      </trkpt>
      <trkpt lat="-23.558288" lon="-46.633703">
        <name>19:47</name>
      </trkpt>
      <trkpt lat="-23.558249" lon="-46.633050">
        <name>19:48</name>
      </trkpt>
      <trkpt lat="-23.558242" lon="-46.632934">
        <name>19:49</name>
      </trkpt>
      <trkpt lat="-23.558138" lon="-46.632941">
        <name>19:50</name>
      </trkpt>
      <trkpt lat="-23.557695" lon="-46.632966">
        <name>19:51</name>
      </trkpt>
      <trkpt lat="-23.557178" lon="-46.632995">
        <name>19:52</name>
      </trkpt>
      <trkpt lat="-23.557148" lon="-46.632997">
        <name>19:53</name>
      </trkpt>
      <trkpt lat="-23.557041" lon="-46.633003">
        <name>19:54</name>
      </trkpt>
      <trkpt lat="-23.556956" lon="-46.633009">
        <name>19:55</name>
      </trkpt>
      <trkpt lat="-23.556796" lon="-46.633017">
        <name>19:56</name>
      </trkpt>
      <trkpt lat="-23.556314" lon="-46.633044">
        <name>19:57</name>
      </trkpt>
      <trkpt lat="-23.556264" lon="-46.633048">
        <name>19:58</name>
      </trkpt>
      <trkpt lat="-23.556186" lon="-46.633054">
        <name>19:59</name>
      </trkpt>
      <trkpt lat="-23.556160" lon="-46.633056">
        <name>20:00</name>
      </trkpt>
      <trkpt lat="-23.556110" lon="-46.633059">
        <name>20:01</name>
      </trkpt>
      <trkpt lat="-23.555974" lon="-46.633069">
        <name>20:02</name>
      </trkpt>
      <trkpt lat="-23.555885" lon="-46.633076">
        <name>20:03</name>
      </trkpt>
      <trkpt lat="-23.555583" lon="-46.633098">
        <name>20:04</name>
      </trkpt>
      <trkpt lat="-23.555470" lon="-46.633106">
        <name>20:05</name>
      </trkpt>
      <trkpt lat="-23.555461" lon="-46.632958">
        <name>20:06</name>
      </trkpt>
      <trkpt lat="-23.555396" lon="-46.632065">
        <name>20:07</name>
      </trkpt>
      <trkpt lat="-23.555390" lon="-46.631988">
        <name>20:08</name>
      </trkpt>
      <trkpt lat="-23.555385" lon="-46.631911">
        <name>20:09</name>
      </trkpt>
      <trkpt lat="-23.555362" lon="-46.631610">
        <name>20:10</name>
      </trkpt>
      <trkpt lat="-23.555329" lon="-46.631185">
        <name>20:11</name>
      </trkpt>
      <trkpt lat="-23.555327" lon="-46.631147">
        <name>20:12</name>
      </trkpt>
      <trkpt lat="-23.555324" lon="-46.631091">
        <name>20:13</name>
      </trkpt>
      <trkpt lat="-23.555241" lon="-46.631091">
        <name>20:14</name>
      </trkpt>
      <trkpt lat="-23.554500" lon="-46.631087">
        <name>20:15</name>
      </trkpt>
      <trkpt lat="-23.554500" lon="-46.631087">
        <name>20:16</name>
      </trkpt>
      <trkpt lat="-23.554500" lon="-46.631087">
        <name>20:17</name>
      </trkpt>
      <trkpt lat="-23.554500" lon="-46.631087">
        <name>20:18</name>
      </trkpt>
      <trkpt lat="-23.554500" lon="-46.631087">
        <name>20:19</name>
      </trkpt>
      <trkpt lat="-23.554500" lon="-46.631087">
        <name>20:20</name>
      </trkpt>
      <trkpt lat="-23.554500" lon="-46.631087">
        <name>20:21</name>
      </trkpt>
      <trkpt lat="-23.554500" lon="-46.631087">
        <name>20:22</name>
      </trkpt>
      <trkpt lat="-23.554500" lon="-46.631087">
        <name>20:23</name>
      </trkpt>
      <trkpt lat="-23.554500" lon="-46.631087">
        <name>20:24</name>
      </trkpt>
      <trkpt lat="-23.554500" lon="-46.631087">
        <name>20:25</name>
      </trkpt>
      <trkpt lat="-23.554500" lon="-46.631087">
        <name>20:26</name>
      </trkpt>
      <trkpt lat="-23.555241" lon="-46.631091">
        <name>20:27</name>
      </trkpt>
      <trkpt lat="-23.555324" lon="-46.631091">
        <name>20:28</name>
      </trkpt>
      <trkpt lat="-23.555318" lon="-46.631016">
        <name>20:29</name>
      </trkpt>
      <trkpt lat="-23.555305" lon="-46.630829">
        <name>20:30</name>
      </trkpt>
      <trkpt lat="-23.555369" lon="-46.630820">
        <name>20:31</name>
      </trkpt>
      <trkpt lat="-23.555507" lon="-46.630806">
        <name>20:32</name>
      </trkpt>
      <trkpt lat="-23.555634" lon="-46.630795">
        <name>20:33</name>
      </trkpt>
      <trkpt lat="-23.555893" lon="-46.630777">
        <name>20:34</name>
      </trkpt>
      <trkpt lat="-23.555969" lon="-46.630770">
        <name>20:35</name>
      </trkpt>
      <trkpt lat="-23.556118" lon="-46.630948">
        <name>20:36</name>
      </trkpt>
      <trkpt lat="-23.556125" lon="-46.631024">
        <name>20:37</name>
      </trkpt>
      <trkpt lat="-23.556132" lon="-46.631103">
        <name>20:38</name>
      </trkpt>
      <trkpt lat="-23.556150" lon="-46.631360">
        <name>20:39</name>
      </trkpt>
      <trkpt lat="-23.556141" lon="-46.631550">
        <name>20:40</name>
      </trkpt>
      <trkpt lat="-23.556087" lon="-46.631998">
        <name>20:41</name>
      </trkpt>
      <trkpt lat="-23.555987" lon="-46.632933">
        <name>20:42</name>
      </trkpt>
      <trkpt lat="-23.555974" lon="-46.633069">
        <name>20:43</name>
      </trkpt>
      <trkpt lat="-23.555885" lon="-46.633076">
        <name>20:44</name>
      </trkpt>
      <trkpt lat="-23.555583" lon="-46.633098">
        <name>20:45</name>
      </trkpt>
      <trkpt lat="-23.555470" lon="-46.633106">
        <name>20:46</name>
      </trkpt>
      <trkpt lat="-23.555343" lon="-46.633114">
        <name>20:47</name>
      </trkpt>
      <trkpt lat="-23.555218" lon="-46.633122">
        <name>20:48</name>
      </trkpt>
      <trkpt lat="-23.554715" lon="-46.633163">
        <name>20:49</name>
      </trkpt>
      <trkpt lat="-23.554499" lon="-46.633212">
        <name>20:50</name>
      </trkpt>
      <trkpt lat="-23.554499" lon="-46.633259">
        <name>20:51</name>
      </trkpt>
      <trkpt lat="-23.554499" lon="-46.633264">
        <name>20:52</name>
      </trkpt>
      <trkpt lat="-23.554499" lon="-46.633286">
        <name>20:53</name>
      </trkpt>
      <trkpt lat="-23.554499" lon="-46.633156">
        <name>20:54</name>
      </trkpt>
      <trkpt lat="-23.554499" lon="-46.633170">
        <name>20:55</name>
      </trkpt>
      <trkpt lat="-23.554499" lon="-46.633173">
        <name>20:56</name>
      </trkpt>
      <trkpt lat="-23.554499" lon="-46.633164">
        <name>20:57</name>
      </trkpt>
      <trkpt lat="-23.554499" lon="-46.633168">
        <name>20:58</name>
      </trkpt>
      <trkpt lat="-23.554499" lon="-46.633173">
        <name>20:59</name>
      </trkpt>
      <trkpt lat="-23.554499" lon="-46.633183">
        <name>21:00</name>
      </trkpt>
      <trkpt lat="-23.554499" lon="-46.633199">
        <name>21:01</name>
      </trkpt>
      <trkpt lat="-23.554499" lon="-46.633219">
        <name>21:02</name>
      </trkpt>
      <trkpt lat="-23.554499" lon="-46.633244">
        <name>21:03</name>
      </trkpt>
      <trkpt lat="-23.554499" lon="-46.633263">
        <name>21:04</name>
      </trkpt>
      <trkpt lat="-23.554499" lon="-46.633285">
        <name>21:05</name>
      </trkpt>
      <trkpt lat="-23.554499" lon="-46.633401">
        <name>21:06</name>
      </trkpt>
      <trkpt lat="-23.554499" lon="-46.633502">
        <name>21:07</name>
      </trkpt>
      <trkpt lat="-23.554499" lon="-46.634218">
        <name>21:08</name>
      </trkpt>
      <trkpt lat="-23.554499" lon="-46.634299">
        <name>21:09</name>
      </trkpt>
      <trkpt lat="-23.554499" lon="-46.634360">
        <name>21:10</name>
      </trkpt>
      <trkpt lat="-23.554499" lon="-46.634353">
        <name>21:11</name>
      </trkpt>
      <trkpt lat="-23.554499" lon="-46.634315">
        <name>21:12</name>
      </trkpt>
      <trkpt lat="-23.554499" lon="-46.634315">
        <name>21:13</name>
      </trkpt>
      <trkpt lat="-23.554500" lon="-46.634313">
        <name>21:14</name>
      </trkpt>
      <trkpt lat="-23.554500" lon="-46.634313">
        <name>21:15</name>
      </trkpt>
      <trkpt lat="-23.554966" lon="-46.634280">
        <name>21:16</name>
      </trkpt>
      <trkpt lat="-23.555409" lon="-46.634249">
        <name>21:17</name>
      </trkpt>
      <trkpt lat="-23.555534" lon="-46.634240">
        <name>21:18</name>
      </trkpt>
      <trkpt lat="-23.555613" lon="-46.634236">
        <name>21:19</name>
      </trkpt>
      <trkpt lat="-23.556130" lon="-46.634194">
        <name>21:20</name>
      </trkpt>
      <trkpt lat="-23.556281" lon="-46.634185">
        <name>21:21</name>
      </trkpt>
      <trkpt lat="-23.556418" lon="-46.634174">
        <name>21:22</name>
      </trkpt>
      <trkpt lat="-23.556659" lon="-46.634155">
        <name>21:23</name>
      </trkpt>
      <trkpt lat="-23.556839" lon="-46.634140">
        <name>21:24</name>
      </trkpt>
      <trkpt lat="-23.557000" lon="-46.634128">
        <name>21:25</name>
      </trkpt>
      <trkpt lat="-23.557109" lon="-46.634119">
        <name>21:26</name>
      </trkpt>
      <trkpt lat="-23.557190" lon="-46.634113">
        <name>21:27</name>
      </trkpt>
      <trkpt lat="-23.557385" lon="-46.634098">
        <name>21:28</name>
      </trkpt>
      <trkpt lat="-23.558194" lon="-46.634035">
        <name>21:29</name>
      </trkpt>
      <trkpt lat="-23.558307" lon="-46.634026">
        <name>21:30</name>
      </trkpt>
      <trkpt lat="-23.558312" lon="-46.634101">
        <name>21:31</name>
      </trkpt>
      <trkpt lat="-23.558342" lon="-46.634798">
        <name>21:32</name>
      </trkpt>
      <trkpt lat="-23.558342" lon="-46.634798">
        <name>21:33</name>
      </trkpt>
      <trkpt lat="-23.558329" lon="-46.634499">
        <name>21:34</name>
      </trkpt>
      <trkpt lat="-23.558329" lon="-46.634499">
        <name>21:35</name>
      </trkpt>
      <trkpt lat="-23.558342" lon="-46.634798">
        <name>21:36</name>
      </trkpt>
      <trkpt lat="-23.558342" lon="-46.634798">
        <name>21:37</name>
      </trkpt>
      <trkpt lat="-23.558350" lon="-46.634995">
        <name>21:38</name>
      </trkpt>
      <trkpt lat="-23.558353" lon="-46.635054">
        <name>21:39</name>
      </trkpt>
      <trkpt lat="-23.558355" lon="-46.635116">
        <name>21:40</name>
      </trkpt>
      <trkpt lat="-23.558372" lon="-46.635439">
        <name>21:41</name>
      </trkpt>
      <trkpt lat="-23.558395" lon="-46.635885">
        <name>21:42</name>
      </trkpt>
      <trkpt lat="-23.558400" lon="-46.635981">
        <name>21:43</name>
      </trkpt>
      <trkpt lat="-23.558370" lon="-46.636395">
        <name>21:44</name>
      </trkpt>
      <trkpt lat="-23.558368" lon="-46.636425">
        <name>21:45</name>
      </trkpt>
      <trkpt lat="-23.558287" lon="-46.636875">
        <name>21:46</name>
      </trkpt>
      <trkpt lat="-23.558267" lon="-46.636995">
        <name>21:47</name>
      </trkpt>
      <trkpt lat="-23.558187" lon="-46.636952">
        <name>21:48</name>
      </trkpt>
      <trkpt lat="-23.557696" lon="-46.636686">
        <name>21:49</name>
      </trkpt>
      <trkpt lat="-23.557581" lon="-46.636622">
        <name>21:50</name>
      </trkpt>
      <trkpt lat="-23.557287" lon="-46.636459">
        <name>21:51</name>
      </trkpt>
      <trkpt lat="-23.557253" lon="-46.636440">
        <name>21:52</name>
      </trkpt>
      <trkpt lat="-23.557172" lon="-46.636404">
        <name>21:53</name>
      </trkpt>
      <trkpt lat="-23.557101" lon="-46.636372">
        <name>21:54</name>
      </trkpt>
      <trkpt lat="-23.556719" lon="-46.636279">
        <name>21:55</name>
      </trkpt>
      <trkpt lat="-23.556593" lon="-46.636247">
        <name>21:56</name>
      </trkpt>
      <trkpt lat="-23.556177" lon="-46.636136">
        <name>21:57</name>
      </trkpt>
      <trkpt lat="-23.555639" lon="-46.635980">
        <name>21:58</name>
      </trkpt>
      <trkpt lat="-23.555563" lon="-46.635949">
        <name>21:59</name>
      </trkpt>
      <trkpt lat="-23.555452" lon="-46.635905">
        <name>22:00</name>
      </trkpt>
      <trkpt lat="-23.555350" lon="-46.635854">
        <name>22:01</name>
      </trkpt>
      <trkpt lat="-23.554686" lon="-46.635522">
        <name>22:02</name>
      </trkpt>
      <trkpt lat="-23.554499" lon="-46.635430">
        <name>22:03</name>
      </trkpt>
      <trkpt lat="-23.554499" lon="-46.635351">
        <name>22:04</name>
      </trkpt>
      <trkpt lat="-23.554499" lon="-46.635100">
        <name>22:05</name>
      </trkpt>
      <trkpt lat="-23.554499" lon="-46.634901">
        <name>22:06</name>
      </trkpt>
      <trkpt lat="-23.554499" lon="-46.634861">
        <name>22:07</name>
      </trkpt>
      <trkpt lat="-23.554499" lon="-46.634850">
        <name>22:08</name>
      </trkpt>
      <trkpt lat="-23.554499" lon="-46.634752">
        <name>22:09</name>
      </trkpt>
      <trkpt lat="-23.554499" lon="-46.634701">
        <name>22:10</name>
      </trkpt>
      <trkpt lat="-23.554499" lon="-46.634579">
        <name>22:11</name>
      </trkpt>
      <trkpt lat="-23.554499" lon="-46.634547">
        <name>22:12</name>
      </trkpt>
      <trkpt lat="-23.554499" lon="-46.634462">
        <name>22:13</name>
      </trkpt>
      <trkpt lat="-23.554499" lon="-46.634427">
        <name>22:14</name>
      </trkpt>
      <trkpt lat="-23.554499" lon="-46.634402">
        <name>22:15</name>
      </trkpt>
      <trkpt lat="-23.554499" lon="-46.634389">
        <name>22:16</name>
      </trkpt>
      <trkpt lat="-23.554499" lon="-46.634377">
        <name>22:17</name>
      </trkpt>
      <trkpt lat="-23.554499" lon="-46.634360">
        <name>22:18</name>
      </trkpt>
      <trkpt lat="-23.554499" lon="-46.634353">
        <name>22:19</name>
      </trkpt>
      <trkpt lat="-23.554499" lon="-46.634315">
        <name>22:20</name>
      </trkpt>
      <trkpt lat="-23.554499" lon="-46.634315">
        <name>22:21</name>
      </trkpt>
      <trkpt lat="-23.554500" lon="-46.634313">
        <name>22:22</name>
      </trkpt>
      <trkpt lat="-23.554500" lon="-46.634313">
        <name>22:23</name>
      </trkpt>
      <trkpt lat="-23.554966" lon="-46.634280">
        <name>22:24</name>
      </trkpt>
      <trkpt lat="-23.555409" lon="-46.634249">
        <name>22:25</name>
      </trkpt>
      <trkpt lat="-23.555534" lon="-46.634240">
        <name>22:26</name>
      </trkpt>
      <trkpt lat="-23.555613" lon="-46.634236">
        <name>22:27</name>
      </trkpt>
      <trkpt lat="-23.556130" lon="-46.634194">
        <name>22:28</name>
      </trkpt>
      <trkpt lat="-23.556281" lon="-46.634185">
        <name>22:29</name>
      </trkpt>
      <trkpt lat="-23.556418" lon="-46.634174">
        <name>22:30</name>
      </trkpt>
      <trkpt lat="-23.556659" lon="-46.634155">
        <name>22:31</name>
      </trkpt>
      <trkpt lat="-23.556839" lon="-46.634140">
        <name>22:32</name>
      </trkpt>
      <trkpt lat="-23.557000" lon="-46.634128">
        <name>22:33</name>
      </trkpt>
      <trkpt lat="-23.557109" lon="-46.634119">
        <name>22:34</name>
      </trkpt>
      <trkpt lat="-23.557124" lon="-46.634289">
        <name>22:35</name>
      </trkpt>
      <trkpt lat="-23.557149" lon="-46.634619">
        <name>22:36</name>
      </trkpt>
      <trkpt lat="-23.557149" lon="-46.634619">
        <name>22:37</name>
      </trkpt>
      <trkpt lat="-23.557181" lon="-46.635054">
        <name>22:38</name>
      </trkpt>
      <trkpt lat="-23.557186" lon="-46.635139">
        <name>22:39</name>
      </trkpt>
      <trkpt lat="-23.557114" lon="-46.635142">
        <name>22:40</name>
      </trkpt>
      <trkpt lat="-23.556779" lon="-46.635157">
        <name>22:41</name>
      </trkpt>
      <trkpt lat="-23.556287" lon="-46.635205">
        <name>22:42</name>
      </trkpt>
      <trkpt lat="-23.556242" lon="-46.635209">
        <name>22:43</name>
      </trkpt>
      <trkpt lat="-23.555491" lon="-46.635263">
        <name>22:44</name>
      </trkpt>
      <trkpt lat="-23.555527" lon="-46.634633">
        <name>22:45</name>
      </trkpt>
      <trkpt lat="-23.555532" lon="-46.634325">
        <name>22:46</name>
      </trkpt>
      <trkpt lat="-23.555534" lon="-46.634240">
        <name>22:47</name>
      </trkpt>
      <trkpt lat="-23.555613" lon="-46.634236">
        <name>22:48</name>
      </trkpt>
      <trkpt lat="-23.556130" lon="-46.634194">
        <name>22:49</name>
      </trkpt>
      <trkpt lat="-23.556281" lon="-46.634185">
        <name>22:50</name>
      </trkpt>
      <trkpt lat="-23.556418" lon="-46.634174">
        <name>22:51</name>
      </trkpt>
      <trkpt lat="-23.556659" lon="-46.634155">
        <name>22:52</name>
      </trkpt>
      <trkpt lat="-23.556839" lon="-46.634140">
        <name>22:53</name>
      </trkpt>
      <trkpt lat="-23.557000" lon="-46.634128">
        <name>22:54</name>
      </trkpt>
      <trkpt lat="-23.557109" lon="-46.634119">
        <name>22:55</name>
      </trkpt>
      <trkpt lat="-23.557124" lon="-46.634289">
        <name>22:56</name>
      </trkpt>
      <trkpt lat="-23.557138" lon="-46.634479">
        <name>22:57</name>
      </trkpt>
      <trkpt lat="-23.557138" lon="-46.634479">
        <name>22:58</name>
      </trkpt>
      <trkpt lat="-23.557139" lon="-46.634488">
        <name>22:59</name>
      </trkpt>
      <trkpt lat="-23.557139" lon="-46.634488">
        <name>23:00</name>
      </trkpt>
      <trkpt lat="-23.557139" lon="-46.634496">
        <name>23:01</name>
      </trkpt>
      <trkpt lat="-23.557139" lon="-46.634496">
        <name>23:02</name>
      </trkpt>
      <trkpt lat="-23.557181" lon="-46.635054">
        <name>23:03</name>
      </trkpt>
      <trkpt lat="-23.557186" lon="-46.635139">
        <name>23:04</name>
      </trkpt>
      <trkpt lat="-23.557114" lon="-46.635142">
        <name>23:05</name>
      </trkpt>
      <trkpt lat="-23.556779" lon="-46.635157">
        <name>23:06</name>
      </trkpt>
      <trkpt lat="-23.556287" lon="-46.635205">
        <name>23:07</name>
      </trkpt>
      <trkpt lat="-23.556242" lon="-46.635209">
        <name>23:08</name>
      </trkpt>
      <trkpt lat="-23.555491" lon="-46.635263">
        <name>23:09</name>
      </trkpt>
      <trkpt lat="-23.555527" lon="-46.634633">
        <name>23:10</name>
      </trkpt>
      <trkpt lat="-23.555532" lon="-46.634325">
        <name>23:11</name>
      </trkpt>
      <trkpt lat="-23.555534" lon="-46.634240">
        <name>23:12</name>
      </trkpt>
      <trkpt lat="-23.555613" lon="-46.634236">
        <name>23:13</name>
      </trkpt>
      <trkpt lat="-23.556130" lon="-46.634194">
        <name>23:14</name>
      </trkpt>
      <trkpt lat="-23.556281" lon="-46.634185">
        <name>23:15</name>
      </trkpt>
      <trkpt lat="-23.556418" lon="-46.634174">
        <name>23:16</name>
      </trkpt>
      <trkpt lat="-23.556659" lon="-46.634155">
        <name>23:17</name>
      </trkpt>
      <trkpt lat="-23.556839" lon="-46.634140">
        <name>23:18</name>
      </trkpt>
      <trkpt lat="-23.557000" lon="-46.634128">
        <name>23:19</name>
      </trkpt>
      <trkpt lat="-23.557109" lon="-46.634119">
        <name>23:20</name>
      </trkpt>
      <trkpt lat="-23.557190" lon="-46.634113">
        <name>23:21</name>
      </trkpt>
      <trkpt lat="-23.557385" lon="-46.634098">
        <name>23:22</name>
      </trkpt>
      <trkpt lat="-23.557536" lon="-46.634086">
        <name>23:23</name>
      </trkpt>
      <trkpt lat="-23.557536" lon="-46.634086">
        <name>23:24</name>
      </trkpt>
      <trkpt lat="-23.558194" lon="-46.634035">
        <name>23:25</name>
      </trkpt>
      <trkpt lat="-23.558307" lon="-46.634026">
        <name>23:26</name>
      </trkpt>
      <trkpt lat="-23.558302" lon="-46.633935">
        <name>23:27</name>
      </trkpt>
      <trkpt lat="-23.558288" lon="-46.633703">
        <name>23:28</name>
      </trkpt>
      <trkpt lat="-23.558249" lon="-46.633050">
        <name>23:29</name>
      </trkpt>
      <trkpt lat="-23.558242" lon="-46.632934">
        <name>23:30</name>
      </trkpt>
      <trkpt lat="-23.558138" lon="-46.632941">
        <name>23:31</name>
      </trkpt>
      <trkpt lat="-23.557695" lon="-46.632966">
        <name>23:32</name>
      </trkpt>
      <trkpt lat="-23.557178" lon="-46.632995">
        <name>23:33</name>
      </trkpt>
      <trkpt lat="-23.557148" lon="-46.632997">
        <name>23:34</name>
      </trkpt>
      <trkpt lat="-23.557041" lon="-46.633003">
        <name>23:35</name>
      </trkpt>
      <trkpt lat="-23.556956" lon="-46.633009">
        <name>23:36</name>
      </trkpt>
      <trkpt lat="-23.556796" lon="-46.633017">
        <name>23:37</name>
      </trkpt>
      <trkpt lat="-23.556314" lon="-46.633044">
        <name>23:38</name>
      </trkpt>
      <trkpt lat="-23.556264" lon="-46.633048">
        <name>23:39</name>
      </trkpt>
      <trkpt lat="-23.556186" lon="-46.633054">
        <name>23:40</name>
      </trkpt>
      <trkpt lat="-23.556160" lon="-46.633056">
        <name>23:41</name>
      </trkpt>
      <trkpt lat="-23.556110" lon="-46.633059">
        <name>23:42</name>
      </trkpt>
      <trkpt lat="-23.555974" lon="-46.633069">
        <name>23:43</name>
      </trkpt>
      <trkpt lat="-23.555885" lon="-46.633076">
        <name>23:44</name>
      </trkpt>
      <trkpt lat="-23.555583" lon="-46.633098">
        <name>23:45</name>
      </trkpt>
      <trkpt lat="-23.555470" lon="-46.633106">
        <name>23:46</name>
      </trkpt>
      <trkpt lat="-23.555461" lon="-46.632958">
        <name>23:47</name>
      </trkpt>
      <trkpt lat="-23.555396" lon="-46.632065">
        <name>23:48</name>
      </trkpt>
      <trkpt lat="-23.555390" lon="-46.631988">
        <name>23:49</name>
      </trkpt>
      <trkpt lat="-23.555385" lon="-46.631911">
        <name>23:50</name>
      </trkpt>
      <trkpt lat="-23.555362" lon="-46.631610">
        <name>23:51</name>
      </trkpt>
      <trkpt lat="-23.555329" lon="-46.631185">
        <name>23:52</name>
      </trkpt>
      <trkpt lat="-23.555327" lon="-46.631147">
        <name>23:53</name>
      </trkpt>
      <trkpt lat="-23.555324" lon="-46.631091">
        <name>23:54</name>
      </trkpt>
      <trkpt lat="-23.555241" lon="-46.631091">
        <name>23:55</name>
      </trkpt>
      <trkpt lat="-23.554500" lon="-46.631087">
        <name>23:56</name>
      </trkpt>
      <trkpt lat="-23.554500" lon="-46.631087">
        <name>23:57</name>
      </trkpt>
      <trkpt lat="-23.554500" lon="-46.631087">
        <name>23:58</name>
      </trkpt>
      <trkpt lat="-23.554500" lon="-46.631087">
        <name>23:59</name>
      </trkpt>
      <trkpt lat="-23.554500" lon="-46.631087">
        <name>24:00</name>
      </trkpt>
      <trkpt lat="-23.554500" lon="-46.631087">
        <name>24:01</name>
      </trkpt>
      <trkpt lat="-23.554500" lon="-46.631087">
        <name>24:02</name>
      </trkpt>
      <trkpt lat="-23.554500" lon="-46.631087">
        <name>24:03</name>
      </trkpt>
      <trkpt lat="-23.555241" lon="-46.631091">
        <name>24:04</name>
      </trkpt>
      <trkpt lat="-23.555324" lon="-46.631091">
        <name>24:05</name>
      </trkpt>
      <trkpt lat="-23.555318" lon="-46.631016">
        <name>24:06</name>
      </trkpt>
      <trkpt lat="-23.555305" lon="-46.630829">
        <name>24:07</name>
      </trkpt>
      <trkpt lat="-23.555369" lon="-46.630820">
        <name>24:08</name>
      </trkpt>
      <trkpt lat="-23.555507" lon="-46.630806">
        <name>24:09</name>
      </trkpt>
      <trkpt lat="-23.555634" lon="-46.630795">
        <name>24:10</name>
      </trkpt>
      <trkpt lat="-23.555893" lon="-46.630777">
        <name>24:11</name>
      </trkpt>
      <trkpt lat="-23.555969" lon="-46.630770">
        <name>24:12</name>
      </trkpt>
      <trkpt lat="-23.556118" lon="-46.630948">
        <name>24:13</name>
      </trkpt>
      <trkpt lat="-23.556125" lon="-46.631024">
        <name>24:14</name>
      </trkpt>
      <trkpt lat="-23.556132" lon="-46.631103">
        <name>24:15</name>
      </trkpt>
      <trkpt lat="-23.556150" lon="-46.631360">
        <name>24:16</name>
      </trkpt>
      <trkpt lat="-23.556141" lon="-46.631550">
        <name>24:17</name>
      </trkpt>
      <trkpt lat="-23.556087" lon="-46.631998">
        <name>24:18</name>
      </trkpt>
      <trkpt lat="-23.555987" lon="-46.632933">
        <name>24:19</name>
      </trkpt>
      <trkpt lat="-23.555974" lon="-46.633069">
        <name>24:20</name>
      </trkpt>
      <trkpt lat="-23.556110" lon="-46.633059">
        <name>24:21</name>
      </trkpt>
      <trkpt lat="-23.556160" lon="-46.633056">
        <name>24:22</name>
      </trkpt>
      <trkpt lat="-23.556186" lon="-46.633054">
        <name>24:23</name>
      </trkpt>
      <trkpt lat="-23.556264" lon="-46.633048">
        <name>24:24</name>
      </trkpt>
      <trkpt lat="-23.556314" lon="-46.633044">
        <name>24:25</name>
      </trkpt>
      <trkpt lat="-23.556796" lon="-46.633017">
        <name>24:26</name>
      </trkpt>
      <trkpt lat="-23.556956" lon="-46.633009">
        <name>24:27</name>
      </trkpt>
      <trkpt lat="-23.557041" lon="-46.633003">
        <name>24:28</name>
      </trkpt>
      <trkpt lat="-23.557148" lon="-46.632997">
        <name>24:29</name>
      </trkpt>
      <trkpt lat="-23.557178" lon="-46.632995">
        <name>24:30</name>
      </trkpt>
      <trkpt lat="-23.557695" lon="-46.632966">
        <name>24:31</name>
      </trkpt>
      <trkpt lat="-23.558138" lon="-46.632941">
        <name>24:32</name>
      </trkpt>
      <trkpt lat="-23.558242" lon="-46.632934">
        <name>24:33</name>
      </trkpt>
      <trkpt lat="-23.558249" lon="-46.633050">
        <name>24:34</name>
      </trkpt>
      <trkpt lat="-23.558288" lon="-46.633703">
        <name>24:35</name>
      </trkpt>
      <trkpt lat="-23.558302" lon="-46.633935">
        <name>24:36</name>
      </trkpt>
      <trkpt lat="-23.558307" lon="-46.634026">
        <name>24:37</name>
      </trkpt>
      <trkpt lat="-23.558312" lon="-46.634101">
        <name>24:38</name>
      </trkpt>
      <trkpt lat="-23.558329" lon="-46.634509">
        <name>24:39</name>
      </trkpt>
      <trkpt lat="-23.558329" lon="-46.634509">
        <name>24:40</name>
      </trkpt>
      <trkpt lat="-23.558312" lon="-46.634101">
        <name>24:41</name>
      </trkpt>
      <trkpt lat="-23.558307" lon="-46.634026">
        <name>24:42</name>
      </trkpt>
      <trkpt lat="-23.558302" lon="-46.633935">
        <name>24:43</name>
      </trkpt>
      <trkpt lat="-23.558288" lon="-46.633703">
        <name>24:44</name>
      </trkpt>
      <trkpt lat="-23.558249" lon="-46.633050">
        <name>24:45</name>
      </trkpt>
      <trkpt lat="-23.558242" lon="-46.632934">
        <name>24:46</name>
      </trkpt>
      <trkpt lat="-23.558138" lon="-46.632941">
        <name>24:47</name>
      </trkpt>
      <trkpt lat="-23.557695" lon="-46.632966">
        <name>24:48</name>
      </trkpt>
      <trkpt lat="-23.557178" lon="-46.632995">
        <name>24:49</name>
      </trkpt>
      <trkpt lat="-23.557148" lon="-46.632997">
        <name>24:50</name>
      </trkpt>
      <trkpt lat="-23.557041" lon="-46.633003">
        <name>24:51</name>
      </trkpt>
      <trkpt lat="-23.556956" lon="-46.633009">
        <name>24:52</name>
      </trkpt>
      <trkpt lat="-23.556796" lon="-46.633017">
        <name>24:53</name>
      </trkpt>
      <trkpt lat="-23.556314" lon="-46.633044">
        <name>24:54</name>
      </trkpt>
      <trkpt lat="-23.556264" lon="-46.633048">
        <name>24:55</name>
      </trkpt>
      <trkpt lat="-23.556186" lon="-46.633054">
        <name>24:56</name>
      </trkpt>
      <trkpt lat="-23.556160" lon="-46.633056">
        <name>24:57</name>
      </trkpt>
      <trkpt lat="-23.556110" lon="-46.633059">
        <name>24:58</name>
      </trkpt>
      <trkpt lat="-23.555974" lon="-46.633069">
        <name>24:59</name>
      </trkpt>
      <trkpt lat="-23.555885" lon="-46.633076">
        <name>25:00</name>
      </trkpt>
      <trkpt lat="-23.555583" lon="-46.633098">
        <name>25:01</name>
      </trkpt>
      <trkpt lat="-23.555470" lon="-46.633106">
        <name>25:02</name>
      </trkpt>
      <trkpt lat="-23.555461" lon="-46.632958">
        <name>25:03</name>
      </trkpt>
      <trkpt lat="-23.555396" lon="-46.632065">
        <name>25:04</name>
      </trkpt>
      <trkpt lat="-23.555390" lon="-46.631988">
        <name>25:05</name>
      </trkpt>
      <trkpt lat="-23.555385" lon="-46.631911">
        <name>25:06</name>
      </trkpt>
      <trkpt lat="-23.555362" lon="-46.631610">
        <name>25:07</name>
      </trkpt>
      <trkpt lat="-23.555329" lon="-46.631185">
        <name>25:08</name>
      </trkpt>
      <trkpt lat="-23.555327" lon="-46.631147">
        <name>25:09</name>
      </trkpt>
      <trkpt lat="-23.555324" lon="-46.631091">
        <name>25:10</name>
      </trkpt>
      <trkpt lat="-23.555241" lon="-46.631091">
        <name>25:11</name>
      </trkpt>
      <trkpt lat="-23.554500" lon="-46.631087">
        <name>25:12</name>
      </trkpt>
      <trkpt lat="-23.554500" lon="-46.631087">
        <name>25:13</name>
      </trkpt>
      <trkpt lat="-23.554500" lon="-46.631087">
        <name>25:14</name>
      </trkpt>
      <trkpt lat="-23.554500" lon="-46.631087">
        <name>25:15</name>
      </trkpt>
      <trkpt lat="-23.555241" lon="-46.631091">
        <name>25:16</name>
      </trkpt>
      <trkpt lat="-23.555324" lon="-46.631091">
        <name>25:17</name>
      </trkpt>
      <trkpt lat="-23.555318" lon="-46.631016">
        <name>25:18</name>
      </trkpt>
      <trkpt lat="-23.555305" lon="-46.630829">
        <name>25:19</name>
      </trkpt>
      <trkpt lat="-23.555369" lon="-46.630820">
        <name>25:20</name>
      </trkpt>
      <trkpt lat="-23.555507" lon="-46.630806">
        <name>25:21</name>
      </trkpt>
      <trkpt lat="-23.555634" lon="-46.630795">
        <name>25:22</name>
      </trkpt>
      <trkpt lat="-23.555893" lon="-46.630777">
        <name>25:23</name>
      </trkpt>
      <trkpt lat="-23.555969" lon="-46.630770">
        <name>25:24</name>
      </trkpt>
      <trkpt lat="-23.556118" lon="-46.630948">
        <name>25:25</name>
      </trkpt>
      <trkpt lat="-23.556125" lon="-46.631024">
        <name>25:26</name>
      </trkpt>
      <trkpt lat="-23.556132" lon="-46.631103">
        <name>25:27</name>
      </trkpt>
      <trkpt lat="-23.556150" lon="-46.631360">
        <name>25:28</name>
      </trkpt>
      <trkpt lat="-23.556141" lon="-46.631550">
        <name>25:29</name>
      </trkpt>
      <trkpt lat="-23.556087" lon="-46.631998">
        <name>25:30</name>
      </trkpt>
      <trkpt lat="-23.555987" lon="-46.632933">
        <name>25:31</name>
      </trkpt>
      <trkpt lat="-23.555974" lon="-46.633069">
        <name>25:32</name>
      </trkpt>
      <trkpt lat="-23.556110" lon="-46.633059">
        <name>25:33</name>
      </trkpt>
      <trkpt lat="-23.556160" lon="-46.633056">
        <name>25:34</name>
      </trkpt>
      <trkpt lat="-23.556186" lon="-46.633054">
        <name>25:35</name>
      </trkpt>
      <trkpt lat="-23.556264" lon="-46.633048">
        <name>25:36</name>
      </trkpt>
      <trkpt lat="-23.556314" lon="-46.633044">
        <name>25:37</name>
      </trkpt>
      <trkpt lat="-23.556796" lon="-46.633017">
        <name>25:38</name>
      </trkpt>
      <trkpt lat="-23.556956" lon="-46.633009">
        <name>25:39</name>
      </trkpt>
      <trkpt lat="-23.557041" lon="-46.633003">
        <name>25:40</name>
      </trkpt>
      <trkpt lat="-23.557148" lon="-46.632997">
        <name>25:41</name>
      </trkpt>
      <trkpt lat="-23.557178" lon="-46.632995">
        <name>25:42</name>
      </trkpt>
      <trkpt lat="-23.557695" lon="-46.632966">
        <name>25:43</name>
      </trkpt>
      <trkpt lat="-23.558138" lon="-46.632941">
        <name>25:44</name>
      </trkpt>
      <trkpt lat="-23.558242" lon="-46.632934">
        <name>25:45</name>
      </trkpt>
      <trkpt lat="-23.558249" lon="-46.633050">
        <name>25:46</name>
      </trkpt>
      <trkpt lat="-23.558288" lon="-46.633703">
        <name>25:47</name>
      </trkpt>
      <trkpt lat="-23.558302" lon="-46.633935">
        <name>25:48</name>
      </trkpt>
      <trkpt lat="-23.558307" lon="-46.634026">
        <name>25:49</name>
      </trkpt>
      <trkpt lat="-23.558312" lon="-46.634101">
        <name>25:50</name>
      </trkpt>
      <trkpt lat="-23.558350" lon="-46.634995">
        <name>25:51</name>
      </trkpt>
      <trkpt lat="-23.558353" lon="-46.635054">
        <name>25:52</name>
      </trkpt>
      <trkpt lat="-23.558287" lon="-46.635059">
        <name>25:53</name>
      </trkpt>
      <trkpt lat="-23.557812" lon="-46.635095">
        <name>25:54</name>
      </trkpt>
      <trkpt lat="-23.557812" lon="-46.635095">
        <name>25:55</name>
      </trkpt>
      <trkpt lat="-23.557771" lon="-46.635098">
        <name>25:56</name>
      </trkpt>
      <trkpt lat="-23.557268" lon="-46.635133">
        <name>25:57</name>
      </trkpt>
      <trkpt lat="-23.557186" lon="-46.635139">
        <name>25:58</name>
      </trkpt>
      <trkpt lat="-23.557114" lon="-46.635142">
        <name>25:59</name>
      </trkpt>
      <trkpt lat="-23.556779" lon="-46.635157">
        <name>26:00</name>
      </trkpt>
      <trkpt lat="-23.556287" lon="-46.635205">
        <name>26:01</name>
      </trkpt>
      <trkpt lat="-23.556242" lon="-46.635209">
        <name>26:02</name>
      </trkpt>
      <trkpt lat="-23.555491" lon="-46.635263">
        <name>26:03</name>
      </trkpt>
      <trkpt lat="-23.555527" lon="-46.634633">
        <name>26:04</name>
      </trkpt>
      <trkpt lat="-23.555532" lon="-46.634325">
        <name>26:05</name>
      </trkpt>
      <trkpt lat="-23.555534" lon="-46.634240">
        <name>26:06</name>
      </trkpt>
      <trkpt lat="-23.555531" lon="-46.634154">
        <name>26:07</name>
      </trkpt>
      <trkpt lat="-23.555479" lon="-46.633248">
        <name>26:08</name>
      </trkpt>
      <trkpt lat="-23.555470" lon="-46.633106">
        <name>26:09</name>
      </trkpt>
      <trkpt lat="-23.555461" lon="-46.632958">
        <name>26:10</name>
      </trkpt>
      <trkpt lat="-23.555396" lon="-46.632065">
        <name>26:11</name>
      </trkpt>
      <trkpt lat="-23.555390" lon="-46.631988">
        <name>26:12</name>
      </trkpt>
      <trkpt lat="-23.555385" lon="-46.631911">
        <name>26:13</name>
      </trkpt>
      <trkpt lat="-23.555362" lon="-46.631610">
        <name>26:14</name>
      </trkpt>
      <trkpt lat="-23.555329" lon="-46.631185">
        <name>26:15</name>
      </trkpt>
      <trkpt lat="-23.555327" lon="-46.631147">
        <name>26:16</name>
      </trkpt>
      <trkpt lat="-23.555324" lon="-46.631091">
        <name>26:17</name>
      </trkpt>
      <trkpt lat="-23.555241" lon="-46.631091">
        <name>26:18</name>
      </trkpt>
      <trkpt lat="-23.554500" lon="-46.631087">
        <name>26:19</name>
      </trkpt>
      <trkpt lat="-23.554500" lon="-46.631087">
        <name>26:20</name>
      </trkpt>
      <trkpt lat="-23.554500" lon="-46.631087">
        <name>26:21</name>
      </trkpt>
      <trkpt lat="-23.554500" lon="-46.631087">
        <name>26:22</name>
      </trkpt>
      <trkpt lat="-23.555241" lon="-46.631091">
        <name>26:23</name>
      </trkpt>
      <trkpt lat="-23.555324" lon="-46.631091">
        <name>26:24</name>
      </trkpt>
      <trkpt lat="-23.555318" lon="-46.631016">
        <name>26:25</name>
      </trkpt>
      <trkpt lat="-23.555305" lon="-46.630829">
        <name>26:26</name>
      </trkpt>
      <trkpt lat="-23.555369" lon="-46.630820">
        <name>26:27</name>
      </trkpt>
      <trkpt lat="-23.555507" lon="-46.630806">
        <name>26:28</name>
      </trkpt>
      <trkpt lat="-23.555634" lon="-46.630795">
        <name>26:29</name>
      </trkpt>
      <trkpt lat="-23.555893" lon="-46.630777">
        <name>26:30</name>
      </trkpt>
      <trkpt lat="-23.555969" lon="-46.630770">
        <name>26:31</name>
      </trkpt>
      <trkpt lat="-23.556118" lon="-46.630948">
        <name>26:32</name>
      </trkpt>
      <trkpt lat="-23.556125" lon="-46.631024">
        <name>26:33</name>
      </trkpt>
      <trkpt lat="-23.556132" lon="-46.631103">
        <name>26:34</name>
      </trkpt>
      <trkpt lat="-23.556150" lon="-46.631360">
        <name>26:35</name>
      </trkpt>
      <trkpt lat="-23.556141" lon="-46.631550">
        <name>26:36</name>
      </trkpt>
      <trkpt lat="-23.556087" lon="-46.631998">
        <name>26:37</name>
      </trkpt>
      <trkpt lat="-23.555987" lon="-46.632933">
        <name>26:38</name>
      </trkpt>
      <trkpt lat="-23.555974" lon="-46.633069">
        <name>26:39</name>
      </trkpt>
      <trkpt lat="-23.555885" lon="-46.633076">
        <name>26:40</name>
      </trkpt>
      <trkpt lat="-23.555583" lon="-46.633098">
        <name>26:41</name>
      </trkpt>
      <trkpt lat="-23.555470" lon="-46.633106">
        <name>26:42</name>
      </trkpt>
      <trkpt lat="-23.555343" lon="-46.633114">
        <name>26:43</name>
      </trkpt>
      <trkpt lat="-23.555218" lon="-46.633122">
        <name>26:44</name>
      </trkpt>
      <trkpt lat="-23.554715" lon="-46.633163">
        <name>26:45</name>
      </trkpt>
      <trkpt lat="-23.554499" lon="-46.633212">
        <name>26:46</name>
      </trkpt>
      <trkpt lat="-23.554499" lon="-46.633259">
        <name>26:47</name>
      </trkpt>
      <trkpt lat="-23.554499" lon="-46.633264">
        <name>26:48</name>
      </trkpt>
      <trkpt lat="-23.554499" lon="-46.633286">
        <name>26:49</name>
      </trkpt>
      <trkpt lat="-23.554499" lon="-46.633156">
        <name>26:50</name>
      </trkpt>
      <trkpt lat="-23.554499" lon="-46.633170">
        <name>26:51</name>
      </trkpt>
      <trkpt lat="-23.554499" lon="-46.633173">
        <name>26:52</name>
      </trkpt>
      <trkpt lat="-23.554499" lon="-46.633164">
        <name>26:53</name>
      </trkpt>
      <trkpt lat="-23.554499" lon="-46.633168">
        <name>26:54</name>
      </trkpt>
      <trkpt lat="-23.554499" lon="-46.633173">
        <name>26:55</name>
      </trkpt>
      <trkpt lat="-23.554499" lon="-46.633183">
        <name>26:56</name>
      </trkpt>
      <trkpt lat="-23.554499" lon="-46.633199">
        <name>26:57</name>
      </trkpt>
      <trkpt lat="-23.554499" lon="-46.633219">
        <name>26:58</name>
      </trkpt>
      <trkpt lat="-23.554499" lon="-46.633244">
        <name>26:59</name>
      </trkpt>
      <trkpt lat="-23.554499" lon="-46.633263">
        <name>27:00</name>
      </trkpt>
      <trkpt lat="-23.554499" lon="-46.633285">
        <name>27:01</name>
      </trkpt>
      <trkpt lat="-23.554499" lon="-46.633401">
        <name>27:02</name>
      </trkpt>
      <trkpt lat="-23.554499" lon="-46.633502">
        <name>27:03</name>
      </trkpt>
      <trkpt lat="-23.554499" lon="-46.634218">
        <name>27:04</name>
      </trkpt>
      <trkpt lat="-23.554499" lon="-46.634299">
        <name>27:05</name>
      </trkpt>
      <trkpt lat="-23.554499" lon="-46.634360">
        <name>27:06</name>
      </trkpt>
      <trkpt lat="-23.554499" lon="-46.634353">
        <name>27:07</name>
      </trkpt>
      <trkpt lat="-23.554499" lon="-46.634315">
        <name>27:08</name>
      </trkpt>
      <trkpt lat="-23.554499" lon="-46.634315">
        <name>27:09</name>
      </trkpt>
      <trkpt lat="-23.554500" lon="-46.634313">
        <name>27:10</name>
      </trkpt>
      <trkpt lat="-23.554500" lon="-46.634313">
        <name>27:11</name>
      </trkpt>
      <trkpt lat="-23.554500" lon="-46.634313">
        <name>27:12</name>
      </trkpt>
      <trkpt lat="-23.554500" lon="-46.634313">
        <name>27:13</name>
      </trkpt>
      <trkpt lat="-23.554500" lon="-46.634313">
        <name>27:14</name>
      </trkpt>
      <trkpt lat="-23.554500" lon="-46.634313">
        <name>27:15</name>
      </trkpt>
      <trkpt lat="-23.554500" lon="-46.634313">
        <name>27:16</name>
      </trkpt>
      <trkpt lat="-23.554500" lon="-46.634313">
        <name>27:17</name>
      </trkpt>
      <trkpt lat="-23.554500" lon="-46.634313">
        <name>27:18</name>
      </trkpt>
      <trkpt lat="-23.554500" lon="-46.634313">
        <name>27:19</name>
      </trkpt>
      <trkpt lat="-23.554500" lon="-46.634313">
        <name>27:20</name>
      </trkpt>
      <trkpt lat="-23.554500" lon="-46.634313">
        <name>27:21</name>
      </trkpt>
      <trkpt lat="-23.554500" lon="-46.634313">
        <name>27:22</name>
      </trkpt>
      <trkpt lat="-23.554500" lon="-46.634313">
        <name>27:23</name>
      </trkpt>
      <trkpt lat="-23.554500" lon="-46.634313">
        <name>27:24</name>
      </trkpt>
      <trkpt lat="-23.554500" lon="-46.634313">
        <name>27:25</name>
      </trkpt>
      <trkpt lat="-23.554966" lon="-46.634280">
        <name>27:26</name>
      </trkpt>
      <trkpt lat="-23.555409" lon="-46.634249">
        <name>27:27</name>
      </trkpt>
      <trkpt lat="-23.555534" lon="-46.634240">
        <name>27:28</name>
      </trkpt>
      <trkpt lat="-23.555613" lon="-46.634236">
        <name>27:29</name>
      </trkpt>
      <trkpt lat="-23.556130" lon="-46.634194">
        <name>27:30</name>
      </trkpt>
      <trkpt lat="-23.556281" lon="-46.634185">
        <name>27:31</name>
      </trkpt>
      <trkpt lat="-23.556418" lon="-46.634174">
        <name>27:32</name>
      </trkpt>
      <trkpt lat="-23.556659" lon="-46.634155">
        <name>27:33</name>
      </trkpt>
      <trkpt lat="-23.556839" lon="-46.634140">
        <name>27:34</name>
      </trkpt>
      <trkpt lat="-23.557000" lon="-46.634128">
        <name>27:35</name>
      </trkpt>
      <trkpt lat="-23.557109" lon="-46.634119">
        <name>27:36</name>
      </trkpt>
      <trkpt lat="-23.557124" lon="-46.634289">
        <name>27:37</name>
      </trkpt>
      <trkpt lat="-23.557181" lon="-46.635054">
        <name>27:38</name>
      </trkpt>
      <trkpt lat="-23.557186" lon="-46.635139">
        <name>27:39</name>
      </trkpt>
      <trkpt lat="-23.557114" lon="-46.635142">
        <name>27:40</name>
      </trkpt>
      <trkpt lat="-23.556779" lon="-46.635157">
        <name>27:41</name>
      </trkpt>
      <trkpt lat="-23.556287" lon="-46.635205">
        <name>27:42</name>
      </trkpt>
      <trkpt lat="-23.556242" lon="-46.635209">
        <name>27:43</name>
      </trkpt>
      <trkpt lat="-23.555491" lon="-46.635263">
        <name>27:44</name>
      </trkpt>
      <trkpt lat="-23.555469" lon="-46.635765">
        <name>27:45</name>
      </trkpt>
      <trkpt lat="-23.555467" lon="-46.635817">
        <name>27:46</name>
      </trkpt>
      <trkpt lat="-23.555452" lon="-46.635905">
        <name>27:47</name>
      </trkpt>
      <trkpt lat="-23.555350" lon="-46.635854">
        <name>27:48</name>
      </trkpt>
      <trkpt lat="-23.554686" lon="-46.635522">
        <name>27:49</name>
      </trkpt>
      <trkpt lat="-23.554522" lon="-46.635443">
        <name>27:50</name>
      </trkpt>
      <trkpt lat="-23.554522" lon="-46.635443">
        <name>27:51</name>
      </trkpt>
      <trkpt lat="-23.554522" lon="-46.635443">
        <name>27:52</name>
      </trkpt>
      <trkpt lat="-23.554522" lon="-46.635443">
        <name>27:53</name>
      </trkpt>
      <trkpt lat="-23.554522" lon="-46.635443">
        <name>27:54</name>
      </trkpt>
      <trkpt lat="-23.554522" lon="-46.635443">
        <name>27:55</name>
      </trkpt>
      <trkpt lat="-23.554522" lon="-46.635443">
        <name>27:56</name>
      </trkpt>
      <trkpt lat="-23.554522" lon="-46.635443">
        <name>27:57</name>
      </trkpt>
      <trkpt lat="-23.554522" lon="-46.635443">
        <name>27:58</name>
      </trkpt>
      <trkpt lat="-23.554522" lon="-46.635443">
        <name>27:59</name>
      </trkpt>
      <trkpt lat="-23.554522" lon="-46.635443">
        <name>28:00</name>
      </trkpt>
      <trkpt lat="-23.554522" lon="-46.635443">
        <name>28:01</name>
      </trkpt>
      <trkpt lat="-23.554499" lon="-46.635430">
        <name>28:02</name>
      </trkpt>
      <trkpt lat="-23.554499" lon="-46.635351">
        <name>28:03</name>
      </trkpt>
      <trkpt lat="-23.554499" lon="-46.635100">
        <name>28:04</name>
      </trkpt>
      <trkpt lat="-23.554499" lon="-46.634901">
        <name>28:05</name>
      </trkpt>
      <trkpt lat="-23.554499" lon="-46.634861">
        <name>28:06</name>
      </trkpt>
      <trkpt lat="-23.554499" lon="-46.634850">
        <name>28:07</name>
      </trkpt>
      <trkpt lat="-23.554499" lon="-46.634752">
        <name>28:08</name>
      </trkpt>
      <trkpt lat="-23.554499" lon="-46.634701">
        <name>28:09</name>
      </trkpt>
      <trkpt lat="-23.554499" lon="-46.634579">
        <name>28:10</name>
      </trkpt>
      <trkpt lat="-23.554499" lon="-46.634547">
        <name>28:11</name>
      </trkpt>
      <trkpt lat="-23.554499" lon="-46.634462">
        <name>28:12</name>
      </trkpt>
      <trkpt lat="-23.554499" lon="-46.634427">
        <name>28:13</name>
      </trkpt>
      <trkpt lat="-23.554499" lon="-46.634402">
        <name>28:14</name>
      </trkpt>
      <trkpt lat="-23.554499" lon="-46.634389">
        <name>28:15</name>
      </trkpt>
      <trkpt lat="-23.554499" lon="-46.634377">
        <name>28:16</name>
      </trkpt>
      <trkpt lat="-23.554499" lon="-46.634360">
        <name>28:17</name>
      </trkpt>
      <trkpt lat="-23.554499" lon="-46.634353">
        <name>28:18</name>
      </trkpt>
      <trkpt lat="-23.554499" lon="-46.634315">
        <name>28:19</name>
      </trkpt>
      <trkpt lat="-23.554499" lon="-46.634315">
        <name>28:20</name>
      </trkpt>
      <trkpt lat="-23.554966" lon="-46.634280">
        <name>28:21</name>
      </trkpt>
      <trkpt lat="-23.555409" lon="-46.634249">
        <name>28:22</name>
      </trkpt>
      <trkpt lat="-23.555534" lon="-46.634240">
        <name>28:23</name>
      </trkpt>
      <trkpt lat="-23.555531" lon="-46.634154">
        <name>28:24</name>
      </trkpt>
      <trkpt lat="-23.555479" lon="-46.633248">
        <name>28:25</name>
      </trkpt>
      <trkpt lat="-23.555470" lon="-46.633106">
        <name>28:26</name>
      </trkpt>
      <trkpt lat="-23.555461" lon="-46.632958">
        <name>28:27</name>
      </trkpt>
      <trkpt lat="-23.555396" lon="-46.632065">
        <name>28:28</name>
      </trkpt>
      <trkpt lat="-23.555390" lon="-46.631988">
        <name>28:29</name>
      </trkpt>
      <trkpt lat="-23.555385" lon="-46.631911">
        <name>28:30</name>
      </trkpt>
      <trkpt lat="-23.555362" lon="-46.631610">
        <name>28:31</name>
      </trkpt>
      <trkpt lat="-23.555329" lon="-46.631185">
        <name>28:32</name>
      </trkpt>
      <trkpt lat="-23.555327" lon="-46.631147">
        <name>28:33</name>
      </trkpt>
      <trkpt lat="-23.555324" lon="-46.631091">
        <name>28:34</name>
      </trkpt>
      <trkpt lat="-23.555241" lon="-46.631091">
        <name>28:35</name>
      </trkpt>
      <trkpt lat="-23.554500" lon="-46.631087">
        <name>28:36</name>
      </trkpt>
      <trkpt lat="-23.554500" lon="-46.631087">
        <name>28:37</name>
      </trkpt>
      <trkpt lat="-23.554500" lon="-46.631087">
        <name>28:38</name>
      </trkpt>
      <trkpt lat="-23.554500" lon="-46.631087">
        <name>28:39</name>
      </trkpt>
      <trkpt lat="-23.555241" lon="-46.631091">
        <name>28:40</name>
      </trkpt>
      <trkpt lat="-23.555324" lon="-46.631091">
        <name>28:41</name>
      </trkpt>
      <trkpt lat="-23.555318" lon="-46.631016">
        <name>28:42</name>
      </trkpt>
      <trkpt lat="-23.555305" lon="-46.630829">
        <name>28:43</name>
      </trkpt>
      <trkpt lat="-23.555369" lon="-46.630820">
        <name>28:44</name>
      </trkpt>
      <trkpt lat="-23.555507" lon="-46.630806">
        <name>28:45</name>
      </trkpt>
      <trkpt lat="-23.555634" lon="-46.630795">
        <name>28:46</name>
      </trkpt>
      <trkpt lat="-23.555893" lon="-46.630777">
        <name>28:47</name>
      </trkpt>
      <trkpt lat="-23.555969" lon="-46.630770">
        <name>28:48</name>
      </trkpt>
      <trkpt lat="-23.556118" lon="-46.630948">
        <name>28:49</name>
      </trkpt>
      <trkpt lat="-23.556125" lon="-46.631024">
        <name>28:50</name>
      </trkpt>
      <trkpt lat="-23.556132" lon="-46.631103">
        <name>28:51</name>
      </trkpt>
      <trkpt lat="-23.556150" lon="-46.631360">
        <name>28:52</name>
      </trkpt>
      <trkpt lat="-23.556141" lon="-46.631550">
        <name>28:53</name>
      </trkpt>
      <trkpt lat="-23.556087" lon="-46.631998">
        <name>28:54</name>
      </trkpt>
      <trkpt lat="-23.555987" lon="-46.632933">
        <name>28:55</name>
      </trkpt>
      <trkpt lat="-23.555974" lon="-46.633069">
        <name>28:56</name>
      </trkpt>
      <trkpt lat="-23.556110" lon="-46.633059">
        <name>28:57</name>
      </trkpt>
      <trkpt lat="-23.556160" lon="-46.633056">
        <name>28:58</name>
      </trkpt>
      <trkpt lat="-23.556186" lon="-46.633054">
        <name>28:59</name>
      </trkpt>
      <trkpt lat="-23.556264" lon="-46.633048">
        <name>29:00</name>
      </trkpt>
      <trkpt lat="-23.556314" lon="-46.633044">
        <name>29:01</name>
      </trkpt>
      <trkpt lat="-23.556796" lon="-46.633017">
        <name>29:02</name>
      </trkpt>
      <trkpt lat="-23.556956" lon="-46.633009">
        <name>29:03</name>
      </trkpt>
      <trkpt lat="-23.557041" lon="-46.633003">
        <name>29:04</name>
      </trkpt>
      <trkpt lat="-23.557148" lon="-46.632997">
        <name>29:05</name>
      </trkpt>
      <trkpt lat="-23.557178" lon="-46.632995">
        <name>29:06</name>
      </trkpt>
      <trkpt lat="-23.557695" lon="-46.632966">
        <name>29:07</name>
      </trkpt>
      <trkpt lat="-23.558138" lon="-46.632941">
        <name>29:08</name>
      </trkpt>
      <trkpt lat="-23.558242" lon="-46.632934">
        <name>29:09</name>
      </trkpt>
      <trkpt lat="-23.558249" lon="-46.633050">
        <name>29:10</name>
      </trkpt>
      <trkpt lat="-23.558288" lon="-46.633703">
        <name>29:11</name>
      </trkpt>
      <trkpt lat="-23.558302" lon="-46.633935">
        <name>29:12</name>
      </trkpt>
      <trkpt lat="-23.558307" lon="-46.634026">
        <name>29:13</name>
      </trkpt>
      <trkpt lat="-23.558312" lon="-46.634101">
        <name>29:14</name>
      </trkpt>
      <trkpt lat="-23.558350" lon="-46.634995">
        <name>29:15</name>
      </trkpt>
      <trkpt lat="-23.558353" lon="-46.635054">
        <name>29:16</name>
      </trkpt>
      <trkpt lat="-23.558355" lon="-46.635116">
        <name>29:17</name>
      </trkpt>
      <trkpt lat="-23.558372" lon="-46.635439">
        <name>29:18</name>
      </trkpt>
      <trkpt lat="-23.558395" lon="-46.635885">
        <name>29:19</name>
      </trkpt>
      <trkpt lat="-23.558400" lon="-46.635981">
        <name>29:20</name>
      </trkpt>
      <trkpt lat="-23.558370" lon="-46.636395">
        <name>29:21</name>
      </trkpt>
      <trkpt lat="-23.558368" lon="-46.636425">
        <name>29:22</name>
      </trkpt>
      <trkpt lat="-23.558287" lon="-46.636875">
        <name>29:23</name>
      </trkpt>
      <trkpt lat="-23.558267" lon="-46.636995">
        <name>29:24</name>
      </trkpt>
      <trkpt lat="-23.558253" lon="-46.637050">
        <name>29:25</name>
      </trkpt>
      <trkpt lat="-23.558239" lon="-46.637106">
        <name>29:26</name>
      </trkpt>
      <trkpt lat="-23.559078" lon="-46.637568">
        <name>29:27</name>
      </trkpt>
      <trkpt lat="-23.559182" lon="-46.637625">
        <name>29:28</name>
      </trkpt>
      <trkpt lat="-23.559227" lon="-46.637650">
        <name>29:29</name>
      </trkpt>
      <trkpt lat="-23.559306" lon="-46.637693">
        <name>29:30</name>
      </trkpt>
      <trkpt lat="-23.559247" lon="-46.637773">
        <name>29:31</name>
      </trkpt>
      <trkpt lat="-23.559100" lon="-46.637969">
        <name>29:32</name>
      </trkpt>
      <trkpt lat="-23.558852" lon="-46.638300">
        <name>29:33</name>
      </trkpt>
      <trkpt lat="-23.558643" lon="-46.638580">
        <name>29:34</name>
      </trkpt>
      <trkpt lat="-23.558463" lon="-46.638831">
        <name>29:35</name>
      </trkpt>
      <trkpt lat="-23.558335" lon="-46.639001">
        <name>29:36</name>
      </trkpt>
      <trkpt lat="-23.558258" lon="-46.639108">
        <name>29:37</name>
      </trkpt>
      <trkpt lat="-23.558212" lon="-46.639169">
        <name>29:38</name>
      </trkpt>
      <trkpt lat="-23.558136" lon="-46.639273">
        <name>29:39</name>
      </trkpt>
      <trkpt lat="-23.557766" lon="-46.639774">
        <name>29:40</name>
      </trkpt>
      <trkpt lat="-23.557707" lon="-46.639855">
        <name>29:41</name>
      </trkpt>
      <trkpt lat="-23.557661" lon="-46.639917">
        <name>29:42</name>
      </trkpt>
      <trkpt lat="-23.557628" lon="-46.639962">
        <name>29:43</name>
      </trkpt>
      <trkpt lat="-23.557252" lon="-46.640473">
        <name>29:44</name>
      </trkpt>
      <trkpt lat="-23.557172" lon="-46.640582">
        <name>29:45</name>
      </trkpt>
      <trkpt lat="-23.557155" lon="-46.640567">
        <name>29:46</name>
      </trkpt>
      <trkpt lat="-23.557076" lon="-46.640497">
        <name>29:47</name>
      </trkpt>
      <trkpt lat="-23.556856" lon="-46.640314">
        <name>29:48</name>
      </trkpt>
      <trkpt lat="-23.556607" lon="-46.640089">
        <name>29:49</name>
      </trkpt>
      <trkpt lat="-23.556482" lon="-46.639976">
        <name>29:50</name>
      </trkpt>
      <trkpt lat="-23.556346" lon="-46.639878">
        <name>29:51</name>
      </trkpt>
      <trkpt lat="-23.556275" lon="-46.639834">
        <name>29:52</name>
      </trkpt>
      <trkpt lat="-23.556222" lon="-46.639803">
        <name>29:53</name>
      </trkpt>
      <trkpt lat="-23.555988" lon="-46.639679">
        <name>29:54</name>
      </trkpt>
      <trkpt lat="-23.555980" lon="-46.639675">
        <name>29:55</name>
      </trkpt>
      <trkpt lat="-23.555846" lon="-46.639605">
        <name>29:56</name>
      </trkpt>
      <trkpt lat="-23.555712" lon="-46.639532">
        <name>29:57</name>
      </trkpt>
      <trkpt lat="-23.555641" lon="-46.639495">
        <name>29:58</name>
      </trkpt>
      <trkpt lat="-23.555603" lon="-46.639475">
        <name>29:59</name>
      </trkpt>
      <trkpt lat="-23.555515" lon="-46.639426">
        <name>30:00</name>
      </trkpt>
      <trkpt lat="-23.555202" lon="-46.639251">
        <name>30:01</name>
      </trkpt>
      <trkpt lat="-23.554982" lon="-46.639128">
        <name>30:02</name>
      </trkpt>
      <trkpt lat="-23.554591" lon="-46.638913">
        <name>30:03</name>
      </trkpt>
      <trkpt lat="-23.554499" lon="-46.638784">
        <name>30:04</name>
      </trkpt>
      <trkpt lat="-23.554499" lon="-46.638732">
        <name>30:05</name>
      </trkpt>
      <trkpt lat="-23.554499" lon="-46.638789">
        <name>30:06</name>
      </trkpt>
      <trkpt lat="-23.554499" lon="-46.638843">
        <name>30:07</name>
      </trkpt>
      <trkpt lat="-23.554499" lon="-46.639485">
        <name>30:08</name>
      </trkpt>
      <trkpt lat="-23.554499" lon="-46.639598">
        <name>30:09</name>
      </trkpt>
      <trkpt lat="-23.554499" lon="-46.639720">
        <name>30:10</name>
      </trkpt>
      <trkpt lat="-23.554499" lon="-46.639753">
        <name>30:11</name>
      </trkpt>
      <trkpt lat="-23.554499" lon="-46.639781">
        <name>30:12</name>
      </trkpt>
      <trkpt lat="-23.554499" lon="-46.639815">
        <name>30:13</name>
      </trkpt>
      <trkpt lat="-23.554499" lon="-46.640422">
        <name>30:14</name>
      </trkpt>
      <trkpt lat="-23.554499" lon="-46.640519">
        <name>30:15</name>
      </trkpt>
      <trkpt lat="-23.554499" lon="-46.640438">
        <name>30:16</name>
      </trkpt>
      <trkpt lat="-23.554499" lon="-46.640520">
        <name>30:17</name>
      </trkpt>
      <trkpt lat="-23.554499" lon="-46.641100">
        <name>30:18</name>
      </trkpt>
      <trkpt lat="-23.554499" lon="-46.641100">
        <name>30:19</name>
      </trkpt>
      <trkpt lat="-23.554499" lon="-46.641100">
        <name>30:20</name>
      </trkpt>
      <trkpt lat="-23.554499" lon="-46.641100">
        <name>30:21</name>
      </trkpt>
      <trkpt lat="-23.554499" lon="-46.641100">
        <name>30:22</name>
      </trkpt>
      <trkpt lat="-23.554499" lon="-46.641100">
        <name>30:23</name>
      </trkpt>
      <trkpt lat="-23.554499" lon="-46.641100">
        <name>30:24</name>
      </trkpt>
      <trkpt lat="-23.554499" lon="-46.641100">
        <name>30:25</name>
      </trkpt>
      <trkpt lat="-23.554499" lon="-46.641100">
        <name>30:26</name>
      </trkpt>
      <trkpt lat="-23.554499" lon="-46.641100">
        <name>30:27</name>
      </trkpt>
      <trkpt lat="-23.554499" lon="-46.641100">
        <name>30:28</name>
      </trkpt>
      <trkpt lat="-23.554499" lon="-46.641100">
        <name>30:29</name>
      </trkpt>
      <trkpt lat="-23.554499" lon="-46.641119">
        <name>30:30</name>
      </trkpt>
      <trkpt lat="-23.554499" lon="-46.641119">
        <name>30:31</name>
      </trkpt>
      <trkpt lat="-23.554499" lon="-46.641119">
        <name>30:32</name>
      </trkpt>
      <trkpt lat="-23.554499" lon="-46.641119">
        <name>30:33</name>
      </trkpt>
      <trkpt lat="-23.554499" lon="-46.641119">
        <name>30:34</name>
      </trkpt>
      <trkpt lat="-23.554499" lon="-46.640673">
        <name>30:35</name>
      </trkpt>
      <trkpt lat="-23.554499" lon="-46.640611">
        <name>30:36</name>
      </trkpt>
      <trkpt lat="-23.554499" lon="-46.640655">
        <name>30:37</name>
      </trkpt>
      <trkpt lat="-23.554499" lon="-46.640670">
        <name>30:38</name>
      </trkpt>
      <trkpt lat="-23.554499" lon="-46.640690">
        <name>30:39</name>
      </trkpt>
      <trkpt lat="-23.554499" lon="-46.640683">
        <name>30:40</name>
      </trkpt>
      <trkpt lat="-23.554499" lon="-46.640663">
        <name>30:41</name>
      </trkpt>
      <trkpt lat="-23.554499" lon="-46.640593">
        <name>30:42</name>
      </trkpt>
      <trkpt lat="-23.554499" lon="-46.640574">
        <name>30:43</name>
      </trkpt>
      <trkpt lat="-23.554499" lon="-46.640467">
        <name>30:44</name>
      </trkpt>
      <trkpt lat="-23.554499" lon="-46.640424">
        <name>30:45</name>
      </trkpt>
      <trkpt lat="-23.554499" lon="-46.640403">
        <name>30:46</name>
      </trkpt>
      <trkpt lat="-23.554499" lon="-46.640361">
        <name>30:47</name>
      </trkpt>
      <trkpt lat="-23.554499" lon="-46.640287">
        <name>30:48</name>
      </trkpt>
      <trkpt lat="-23.554499" lon="-46.640261">
        <name>30:49</name>
      </trkpt>
      <trkpt lat="-23.554499" lon="-46.640147">
        <name>30:50</name>
      </trkpt>
      <trkpt lat="-23.554499" lon="-46.639783">
        <name>30:51</name>
      </trkpt>
      <trkpt lat="-23.554499" lon="-46.639691">
        <name>30:52</name>
      </trkpt>
      <trkpt lat="-23.554499" lon="-46.639455">
        <name>30:53</name>
      </trkpt>
      <trkpt lat="-23.554499" lon="-46.639116">
        <name>30:54</name>
      </trkpt>
      <trkpt lat="-23.554499" lon="-46.638825">
        <name>30:55</name>
      </trkpt>
      <trkpt lat="-23.554499" lon="-46.638712">
        <name>30:56</name>
      </trkpt>
      <trkpt lat="-23.554499" lon="-46.638102">
        <name>30:57</name>
      </trkpt>
      <trkpt lat="-23.554499" lon="-46.638023">
        <name>30:58</name>
      </trkpt>
      <trkpt lat="-23.554499" lon="-46.637960">
        <name>30:59</name>
      </trkpt>
      <trkpt lat="-23.554499" lon="-46.637830">
        <name>31:00</name>
      </trkpt>
      <trkpt lat="-23.554499" lon="-46.637679">
        <name>31:01</name>
      </trkpt>
      <trkpt lat="-23.554499" lon="-46.637657">
        <name>31:02</name>
      </trkpt>
      <trkpt lat="-23.554499" lon="-46.637464">
        <name>31:03</name>
      </trkpt>
      <trkpt lat="-23.554499" lon="-46.637128">
        <name>31:04</name>
      </trkpt>
      <trkpt lat="-23.554499" lon="-46.636959">
        <name>31:05</name>
      </trkpt>
      <trkpt lat="-23.554499" lon="-46.636319">
        <name>31:06</name>
      </trkpt>
      <trkpt lat="-23.554499" lon="-46.636024">
        <name>31:07</name>
      </trkpt>
      <trkpt lat="-23.554499" lon="-46.635606">
        <name>31:08</name>
      </trkpt>
      <trkpt lat="-23.554499" lon="-46.635437">
        <name>31:09</name>
      </trkpt>
      <trkpt lat="-23.554499" lon="-46.635212">
        <name>31:10</name>
      </trkpt>
      <trkpt lat="-23.554499" lon="-46.635047">
        <name>31:11</name>
      </trkpt>
      <trkpt lat="-23.554499" lon="-46.634943">
        <name>31:12</name>
      </trkpt>
      <trkpt lat="-23.554499" lon="-46.634416">
        <name>31:13</name>
      </trkpt>
      <trkpt lat="-23.554499" lon="-46.634324">
        <name>31:14</name>
      </trkpt>
      <trkpt lat="-23.554499" lon="-46.634254">
        <name>31:15</name>
      </trkpt>
      <trkpt lat="-23.554499" lon="-46.634007">
        <name>31:16</name>
      </trkpt>
      <trkpt lat="-23.554499" lon="-46.633903">
        <name>31:17</name>
      </trkpt>
      <trkpt lat="-23.554499" lon="-46.633788">
        <name>31:18</name>
      </trkpt>
      <trkpt lat="-23.554499" lon="-46.633605">
        <name>31:19</name>
      </trkpt>
      <trkpt lat="-23.554499" lon="-46.633234">
        <name>31:20</name>
      </trkpt>
      <trkpt lat="-23.554499" lon="-46.633204">
        <name>31:21</name>
      </trkpt>
      <trkpt lat="-23.554499" lon="-46.633184">
        <name>31:22</name>
      </trkpt>
      <trkpt lat="-23.554499" lon="-46.633174">
        <name>31:23</name>
      </trkpt>
      <trkpt lat="-23.554499" lon="-46.633199">
        <name>31:24</name>
      </trkpt>
      <trkpt lat="-23.554499" lon="-46.633219">
        <name>31:25</name>
      </trkpt>
      <trkpt lat="-23.554499" lon="-46.633244">
        <name>31:26</name>
      </trkpt>
      <trkpt lat="-23.554499" lon="-46.633263">
        <name>31:27</name>
      </trkpt>
      <trkpt lat="-23.554499" lon="-46.633285">
        <name>31:28</name>
      </trkpt>
      <trkpt lat="-23.554499" lon="-46.633401">
        <name>31:29</name>
      </trkpt>
      <trkpt lat="-23.554499" lon="-46.633502">
        <name>31:30</name>
      </trkpt>
      <trkpt lat="-23.554499" lon="-46.634218">
        <name>31:31</name>
      </trkpt>
      <trkpt lat="-23.554499" lon="-46.634299">
        <name>31:32</name>
      </trkpt>
      <trkpt lat="-23.554499" lon="-46.634360">
        <name>31:33</name>
      </trkpt>
      <trkpt lat="-23.554499" lon="-46.634353">
        <name>31:34</name>
      </trkpt>
      <trkpt lat="-23.554499" lon="-46.634315">
        <name>31:35</name>
      </trkpt>
      <trkpt lat="-23.554499" lon="-46.634315">
        <name>31:36</name>
      </trkpt>
      <trkpt lat="-23.554500" lon="-46.634313">
        <name>31:37</name>
      </trkpt>
      <trkpt lat="-23.554500" lon="-46.634313">
        <name>31:38</name>
      </trkpt>
      <trkpt lat="-23.554500" lon="-46.634313">
        <name>31:39</name>
      </trkpt>
      <trkpt lat="-23.554500" lon="-46.634313">
        <name>31:40</name>
      </trkpt>
      <trkpt lat="-23.554500" lon="-46.634313">
        <name>31:41</name>
      </trkpt>
      <trkpt lat="-23.554500" lon="-46.634313">
        <name>31:42</name>
      </trkpt>
      <trkpt lat="-23.554500" lon="-46.634313">
        <name>31:43</name>
      </trkpt>
      <trkpt lat="-23.554500" lon="-46.634313">
        <name>31:44</name>
      </trkpt>
      <trkpt lat="-23.554500" lon="-46.634313">
        <name>31:45</name>
      </trkpt>
      <trkpt lat="-23.554500" lon="-46.634313">
        <name>31:46</name>
      </trkpt>
      <trkpt lat="-23.554966" lon="-46.634280">
        <name>31:47</name>
      </trkpt>
      <trkpt lat="-23.555409" lon="-46.634249">
        <name>31:48</name>
      </trkpt>
      <trkpt lat="-23.555534" lon="-46.634240">
        <name>31:49</name>
      </trkpt>
      <trkpt lat="-23.555613" lon="-46.634236">
        <name>31:50</name>
      </trkpt>
      <trkpt lat="-23.556130" lon="-46.634194">
        <name>31:51</name>
      </trkpt>
      <trkpt lat="-23.556281" lon="-46.634185">
        <name>31:52</name>
      </trkpt>
      <trkpt lat="-23.556418" lon="-46.634174">
        <name>31:53</name>
      </trkpt>
      <trkpt lat="-23.556659" lon="-46.634155">
        <name>31:54</name>
      </trkpt>
      <trkpt lat="-23.556839" lon="-46.634140">
        <name>31:55</name>
      </trkpt>
      <trkpt lat="-23.557000" lon="-46.634128">
        <name>31:56</name>
      </trkpt>
      <trkpt lat="-23.557109" lon="-46.634119">
        <name>31:57</name>
      </trkpt>
      <trkpt lat="-23.557124" lon="-46.634289">
        <name>31:58</name>
      </trkpt>
      <trkpt lat="-23.557142" lon="-46.634532">
        <name>31:59</name>
      </trkpt>
      <trkpt lat="-23.557142" lon="-46.634532">
        <name>32:00</name>
      </trkpt>
      <trkpt lat="-23.557181" lon="-46.635054">
        <name>32:01</name>
      </trkpt>
      <trkpt lat="-23.557186" lon="-46.635139">
        <name>32:02</name>
      </trkpt>
      <trkpt lat="-23.557114" lon="-46.635142">
        <name>32:03</name>
      </trkpt>
      <trkpt lat="-23.556779" lon="-46.635157">
        <name>32:04</name>
      </trkpt>
      <trkpt lat="-23.556287" lon="-46.635205">
        <name>32:05</name>
      </trkpt>
      <trkpt lat="-23.556242" lon="-46.635209">
        <name>32:06</name>
      </trkpt>
      <trkpt lat="-23.555491" lon="-46.635263">
        <name>32:07</name>
      </trkpt>
      <trkpt lat="-23.555469" lon="-46.635765">
        <name>32:08</name>
      </trkpt>
      <trkpt lat="-23.555467" lon="-46.635817">
        <name>32:09</name>
      </trkpt>
      <trkpt lat="-23.555452" lon="-46.635905">
        <name>32:10</name>
      </trkpt>
      <trkpt lat="-23.555350" lon="-46.635854">
        <name>32:11</name>
      </trkpt>
      <trkpt lat="-23.554686" lon="-46.635522">
        <name>32:12</name>
      </trkpt>
      <trkpt lat="-23.554499" lon="-46.635430">
        <name>32:13</name>
      </trkpt>
      <trkpt lat="-23.554499" lon="-46.635351">
        <name>32:14</name>
      </trkpt>
      <trkpt lat="-23.554499" lon="-46.635100">
        <name>32:15</name>
      </trkpt>
      <trkpt lat="-23.554499" lon="-46.634901">
        <name>32:16</name>
      </trkpt>
      <trkpt lat="-23.554499" lon="-46.634861">
        <name>32:17</name>
      </trkpt>
      <trkpt lat="-23.554499" lon="-46.634850">
        <name>32:18</name>
      </trkpt>
      <trkpt lat="-23.554499" lon="-46.634752">
        <name>32:19</name>
      </trkpt>
      <trkpt lat="-23.554499" lon="-46.634701">
        <name>32:20</name>
      </trkpt>
      <trkpt lat="-23.554499" lon="-46.634579">
        <name>32:21</name>
      </trkpt>
      <trkpt lat="-23.554499" lon="-46.634547">
        <name>32:22</name>
      </trkpt>
      <trkpt lat="-23.554499" lon="-46.634462">
        <name>32:23</name>
      </trkpt>
      <trkpt lat="-23.554499" lon="-46.634427">
        <name>32:24</name>
      </trkpt>
      <trkpt lat="-23.554499" lon="-46.634402">
        <name>32:25</name>
      </trkpt>
      <trkpt lat="-23.554499" lon="-46.634389">
        <name>32:26</name>
      </trkpt>
      <trkpt lat="-23.554499" lon="-46.634377">
        <name>32:27</name>
      </trkpt>
      <trkpt lat="-23.554499" lon="-46.634360">
        <name>32:28</name>
      </trkpt>
      <trkpt lat="-23.554499" lon="-46.634353">
        <name>32:29</name>
      </trkpt>
      <trkpt lat="-23.554499" lon="-46.634315">
        <name>32:30</name>
      </trkpt>
      <trkpt lat="-23.554499" lon="-46.634315">
        <name>32:31</name>
      </trkpt>
      <trkpt lat="-23.554500" lon="-46.634313">
        <name>32:32</name>
      </trkpt>
      <trkpt lat="-23.554500" lon="-46.634313">
        <name>32:33</name>
      </trkpt>
      <trkpt lat="-23.554500" lon="-46.634313">
        <name>32:34</name>
      </trkpt>
      <trkpt lat="-23.554500" lon="-46.634313">
        <name>32:35</name>
      </trkpt>
      <trkpt lat="-23.554966" lon="-46.634280">
        <name>32:36</name>
      </trkpt>
      <trkpt lat="-23.555409" lon="-46.634249">
        <name>32:37</name>
      </trkpt>
      <trkpt lat="-23.555534" lon="-46.634240">
        <name>32:38</name>
      </trkpt>
      <trkpt lat="-23.555531" lon="-46.634154">
        <name>32:39</name>
      </trkpt>
      <trkpt lat="-23.555479" lon="-46.633248">
        <name>32:40</name>
      </trkpt>
      <trkpt lat="-23.555470" lon="-46.633106">
        <name>32:41</name>
      </trkpt>
      <trkpt lat="-23.555461" lon="-46.632958">
        <name>32:42</name>
      </trkpt>
      <trkpt lat="-23.555396" lon="-46.632065">
        <name>32:43</name>
      </trkpt>
      <trkpt lat="-23.555390" lon="-46.631988">
        <name>32:44</name>
      </trkpt>
      <trkpt lat="-23.555385" lon="-46.631911">
        <name>32:45</name>
      </trkpt>
      <trkpt lat="-23.555362" lon="-46.631610">
        <name>32:46</name>
      </trkpt>
      <trkpt lat="-23.555329" lon="-46.631185">
        <name>32:47</name>
      </trkpt>
      <trkpt lat="-23.555327" lon="-46.631147">
        <name>32:48</name>
      </trkpt>
      <trkpt lat="-23.555324" lon="-46.631091">
        <name>32:49</name>
      </trkpt>
      <trkpt lat="-23.555241" lon="-46.631091">
        <name>32:50</name>
      </trkpt>
      <trkpt lat="-23.554500" lon="-46.631087">
        <name>32:51</name>
      </trkpt>
    </trkseg>
  </trk>
</gpx>