timestamp,offset_segundos,usuario,nome,sentimento,confianca,comentario
0:36,36,caio_seixas,caio_seixas,neutro,1.0,opa
0:37,37,kthyosu,kthyosu,neutro,1.0,ooooi
0:38,38,fairlylo,fairlylo,neutro,1.0,MENTIRA
0:39,39,a_palavra_cabalistica_eh,凹凸凹凸凹凸凹凸凹凸凹,confuso,1.0,olokinho bixu ta no japiu?
0:41,41,rafael_satoshi,rafael_satoshi,neutro,1.0,peepoPls
0:41,41,kise_ryota__,Kise_Ryota__,neutro,1.0,aí sim
0:45,45,ghxstxk_,ghxstxk_,neutro,1.0,Não
0:46,46,galodevans,galodevans,neutro,1.0,MyAvatar
0:46,46,weehas,weehas,neutro,1.0,teu cu
0:47,47,czarbrz,czarbrz,confuso,1.0,"oxi, voltou pro Japão"
0:48,48,riperoso,Riperoso,neutro,1.0,Japao brasileiro
0:48,48,gabriellsilvaalves,gabriellsilvaalves,neutro,1.0,Aeee
0:49,49,drakejohnny,DrakeJohnny,confuso,1.0,O QUÊ?
0:49,49,boomer_mz,boomer_mz,neutro,1.0,Ele ta vivooooo
0:50,50,ghxstxk_,ghxstxk_,neutro,1.0,Do nada
0:51,51,ruffghanor_,RuffGhanor_,confuso,1.0,Lembrou a senha gracinha?
0:52,52,mrlyfe,mrlyfe,neutro,1.0,HiHand
0:52,52,foguinho3007,foguinho3007,confuso,1.0,jaopao?
0:52,52,caribids,caribids,confuso,1.0,oloko really?
0:53,53,iaandhi,iaandhi,confuso,1.0,punhetaço que horas?
0:53,53,wsetbm,wsetbm,neutro,1.0,Para de mentir cara
0:54,54,putiferoo,putiferoo,confuso,1.0,Oloko live nos becos ??
0:54,54,jephwell,jephwell,neutro,1.0,duvido
0:54,54,casa__nova,CASA__NOVA,neutro,1.0,de volta a BANGU
0:55,55,flowxr6,flowxr6,confuso,0.667,"2 lives em um periodo de um ano, ta precisando de dinheiro seu???"
0:55,55,littletyrant_lt,littletyrant_lt,confuso,1.0,Eles te aceitaram de volta?
0:55,55,mtbrazil,MTBRAZIL,confuso,1.0,Vim aqui pelo clickbait sabendo que é bait
0:57,57,diagon_haisser,diagon_haisser,neutro,1.0,Desdeportaram
0:57,57,air1nxx,air1nxx,neutro,1.0,Indeciso
0:59,59,humaninhofeliz,humaninhofeliz,neutro,1.0,Aeeee
0:59,59,casa__nova,CASA__NOVA,neutro,1.0,VOLTOU PRA OSASCO
0:59,59,gotzaum,gotzaum,neutro,1.0,Oloko
1:00,60,vinkjuice,vinkjuice,positivo,1.0,olá gostosa
1:01,61,caio_seixas,caio_seixas,confuso,1.0,japão da Liberdade?
1:01,61,mantobr,MANTOBR,neutro,1.0,Aeeeeee
1:01,61,kaedehiroki,KaedeHiroki,frustrado,1.0,Não tankou o bostil
1:01,61,ghxstxk_,ghxstxk_,neutro,1.0,O brasil tá diferente
1:02,62,marvestii,marvestii,neutro,1.0,Helloooo
1:02,62,erukafrog0,erukafrog0,neutro,1.0,Deixou de ser larper
1:03,63,kamba7w7,Kamba7w7,neutro,1.0,Ele voltou!
1:03,63,tobleroneopicional,tobleroneopicional,confuso,1.0,2 LIVES NO MESMO MÊS?????
1:04,64,paulo_930,paulo_930,engraçado,1.0,Opa cria
1:04,64,kaitov,KaitoV,neutro,1.0,"cansou do personagem brasileiro,o japão engaja mais"
1:04,64,shingouki10,shingouki10,neutro,1.0,Bakagaijin voltou miomioHuh
1:04,64,jondvds,jondvds,neutro,1.0,sai da liberdade
1:04,64,heartonlyheart,HeartOnlyHeart,neutro,1.0,ele na liberdade
1:05,65,ifahad12,iFahad12,neutro,1.0,hii
1:06,66,iceraptron,iceraptron,confuso,1.0,vim pelo bait sabendo que é click
1:06,66,akarin_chan2002,akarin_chan2002,confuso,1.0,oxi voltou pro jp????
1:06,66,vess_xii,Vess_XII,frustrado,1.0,N tankou o bostil
1:07,67,iaesamucca,iaesamucca,neutro,1.0,punhetaço 00h em comemoração a volta ao japão
1:08,68,lanko_1,Lanko_1,engraçado,0.5,Férias?
1:08,68,kamba7w7,Kamba7w7,neutro,1.0,Me chamaram de demente
1:09,69,flowxr6,flowxr6,neutro,1.0,É clickbait...
1:10,70,boomer_mz,boomer_mz,neutro,1.0,Pisa fofo na chapa
1:10,70,failedtea,FailedTea,confuso,1.0,Cara vai fazer live 6h da manhã no Japão? Nem fudeno
1:10,70,tallythehawk,TallyTheHawk,neutro,1.0,modCheck
1:11,71,thiagobatst,thiagobatst,neutro,1.0,eita que encontrou a senha
1:13,73,e006cr,e006cr,neutro,1.0,"Não acreditem nele rapazeada, ele ta usando chroma"
1:14,74,kamba7w7,Kamba7w7,confuso,1.0,Mas o que eu previ aconteceu
1:14,74,passarobllue,passarobllue,frustrado,1.0,Esse novo notebook alienware 15 mo bosta
1:16,76,isamely7,isamely7,neutro,1.0,Kreygasm Kreygasm
1:16,76,0bagos,0Bagos,neutro,1.0,safado
1:17,77,ghxstxk_,ghxstxk_,confuso,1.0,Esse aí que é a liberdade?
1:17,77,jephwell,jephwell,positivo,0.667,eeepa quem me chamou de gostosa?
1:18,78,alphaya8,alphaya8,engraçado,1.0,Agora sim o Baka gajin original apareceu
1:19,79,lucaslsjfjsk,lucaslsjfjsk,positivo,1.0,SALVE
1:20,80,riperoso,Riperoso,neutro,1.0,confundiu japao com jalapao
1:21,81,hunterma30,HunterMa30,neutro,1.0,"mentira do crlo, vi ele hoje aqui em sp"
1:21,81,lazulistv,lazulistv,neutro,1.0,Vim pelo bait
1:21,81,tobleroneopicional,tobleroneopicional,positivo,1.0,O GOAT VOLTOU MEU PAIIIIII
1:22,82,caribids,caribids,neutro,1.0,O  retorno do punhetaço
1:24,84,kthyosu,kthyosu,neutro,1.0,ele avisou outro dia que ia viajar pro japao
1:25,85,brekitosz,brekitosz,neutro,1.0,ta larpando
1:27,87,boomer_mz,boomer_mz,confuso,1.0,Quando é o punhetasso? Já usou a cartinha de setembro?
1:27,87,marps321,marps321,positivo,1.0,salve
1:27,87,shingouki10,shingouki10,neutro,1.0,Se ele tiver na liberdade eu tbm estarei
1:28,88,wsetbm,wsetbm,neutro,1.0,EXTRA EXTRA! BAKA FICOU POBRE NO BRASIL.
1:30,90,av_violeta,av_violeta,neutro,1.0,Oi li lindíssimo
1:30,90,darkhunter2e,darkhunter2e,positivo,1.0,"Opa, um salve pro chat e um beijo na xaninha"
1:31,91,wemersom_cmtz,wemersom_cmtz,frustrado,1.0,Não tanko o bostil
1:31,91,gotzaum,gotzaum,neutro,1.0,67 desocupados
1:35,95,yuriairesb,YuriAiresB,neutro,1.0,"Pow, eu ia sair pra beber, mas lá vai eu ficar em casa vendo o Baka Gayjones"
1:35,95,residente_dorminhoko,residente_dorminhoko,neutro,1.0,falatu punheteiro
1:36,96,vitonhonhi,vitonhonhi,neutro,1.0,Mdss
1:36,96,mantobr,MANTOBR,positivo,1.0,Maluko é brabo
1:36,96,r3nannnn,r3nannnn,neutro,1.0,KonCha
1:40,100,heartonlyheart,HeartOnlyHeart,confuso,1.0,Tá chovendo em SP?
1:44,104,yukizinhojp,yukizinhojp,positivo,1.0,salveeeeee
1:45,105,wesleykolomar_br,wesleykolomar_br,confuso,1.0,é feiki é?
1:45,105,zovkitt,zovkitt,neutro,1.0,é mentira gente ele ta na liberdade comprando coca cola koreana
1:45,105,mateus_ini,mateus_ini,neutro,1.0,"Ele voltou, Optimus voltou"
1:47,107,banchobr,BanchoBR,neutro,1.0,BABAKAAA GADIIIINNN QUE SDD MEEU MAAANOOOO
1:47,107,mantobr,MANTOBR,neutro,1.0,Enfim voltou
1:47,107,henrioliveira100,henrioliveira100,neutro,1.0,SeemsGood
1:49,109,kivratal,kivratal,confuso,1.0,O QUE!!?!?!?!? se for clickbait o baka vai ver
1:53,113,zkamykazez,zKAMYKAZEz,frustrado,1.0,EXTRA EXTRA BAKA NÃO TANKOU O BOSTIL
1:53,113,brunosb654,brunosb654,confuso,1.0,Old baka??
1:54,114,residente_dorminhoko,residente_dorminhoko,confuso,1.0,esse beco ai é em fortaleza?
1:55,115,alphaya8,alphaya8,confuso,1.0,67 desocupados ou 67 iludidos?
1:57,117,schneid3n,schneid3n,positivo,1.0,Vamos que vamos. Beijo na Pitomba
1:57,117,senhorley,senhorley,positivo,1.0,Boa noite/tarde/manhã/madrugada
1:58,118,kuzuri01_,kuzuri01_,neutro,1.0,Aeeeeee porrraaa
2:00,120,pedepanomttriste,PeDePanoMtTriste,neutro,1.0,Aobaaa
2:00,120,huan778,huan778,neutro,1.0,Mais já
2:02,122,ryangaminho,ryangaminho,confuso,1.0,De volta pro Japão msm baka ??? Não mente para mim bb
2:03,123,crvgabrielnc,crvgabrielnc,neutro,1.0,Nem fudendo
2:04,124,mantobr,MANTOBR,confuso,1.0,Será que voltou ao Japão
2:07,127,jesusburguess,jesusburguess,neutro,1.0,aoba
2:08,128,znagiii__,zNagiii__,engraçado,1.0,zNagiii__ subscribed with Prime. They've subscribed for 9 months! A é que voltou
2:09,129,mantobr,MANTOBR,neutro,1.0,bakagaFrog
2:10,130,boomer_mz,boomer_mz,confuso,1.0,"Baka, já perdeu o no fap de setembro? Já usou cartinha?"
2:10,130,shingouki10,shingouki10,positivo,1.0,Se for clickbait vamos cancelar esse gordo safado
2:10,130,krupp_0,krupp_0,positivo,1.0,Vamos voltar a ver becos :O
2:11,131,annastarlightt,annastarlightt,neutro,1.0,oi
2:11,131,akira_glm,Akira_GLM,neutro,1.0,Duvidei
2:14,134,mantobr,MANTOBR,neutro,1.0,TwitchConHYPE
2:17,137,tilasdbd,TilasDBD,neutro,1.0,Eu não acredito
2:18,138,yukizinhojp,yukizinhojp,neutro,1.0,tá no toykooooooo
2:20,140,d3veks,d3veks,neutro,1.0,PewPewPew PewPewPew PewPewPew
2:21,141,jeeh3006,Jeeh3006,neutro,1.0,ScaredyCat
2:21,141,liozeras,liozeras,confuso,1.0,seraaaaaaaa
2:21,141,tobleroneopicional,tobleroneopicional,confuso,1.0,MERMAO VAI TER HALLOWEEN NO JAPAO? SÓ QUERO SABER DISSO
2:23,143,banchobr,BanchoBR,neutro,1.0,"AAH QUE NOSTALGIIIA DO CARALHOOOO , PORRA"
2:24,144,nando_wk,nando_wk,neutro,1.0,weszitDeliciaaaaaa
2:26,146,raianenemys,RaianEnemys,neutro,1.0,Agora o Baka trabalha em um maidcafe servindo lanche duvidoso com ketchup desenhando um rostinho feliz
2:29,149,boomer_mz,boomer_mz,neutro,1.0,Kreygasm
2:30,150,rafadesa80,rafadesa80,positivo,1.0,"Click bait é foda, hein baka!!!"
2:30,150,luxnis_,luxnis_,neutro,1.0,cade
2:31,151,ogregoryml,ogregoryml,neutro,1.0,OMG
2:32,152,sugurodog,sugurodog,confuso,1.0,Galera eu cheguei a tempo do punhetasso?? Não me digam que já acabou?
2:36,156,schneid3n,schneid3n,neutro,1.0,Becuzinho
2:36,156,banchobr,BanchoBR,neutro,1.0,O HOKAGE DOS BECO
2:36,156,tobleroneopicional,tobleroneopicional,neutro,1.0,EU VOU GOZAAAAAAAAR
2:39,159,zkamykazez,zKAMYKAZEz,neutro,1.0,Se for CLICKBAIT vou na tua casa TA LIGADO aqui no Brasil bagui é loko
2:40,160,azief0,azief0,neutro,1.0,Só pode ser fake não confio nas palavras de um homem cabeludo
2:41,161,pedepanomttriste,PeDePanoMtTriste,neutro,1.0,Momento nostálgico
2:42,162,iceraptron,iceraptron,neutro,1.0,ai a live vai ser ele jogando um modo do geoguesser so no Japão
2:44,164,deonehzio,DeoNehzio,engraçado,1.0,É isso braga deonehPepebrinde
2:45,165,wemersom_cmtz,wemersom_cmtz,frustrado,1.0,Voltou pro hospício e nao tankou o cuzil
2:46,166,jephwell,jephwell,neutro,1.0,sapporo grantz
2:50,170,davisouza78,davisouza78,neutro,1.0,"Bicho mentiroso, ele tá em xique xique bahia 📍 isso sim"
2:50,170,dohkov2,dohkov2,neutro,1.0,Me sinto trouxa mas to aqui tentando acreditar
2:52,172,darkhunter2e,darkhunter2e,engraçado,1.0,O maior clickbait da história
2:55,175,eunaasaa,eunaasaa,engraçado,1.0,vai abrir live na liberdade esse mardito
2:58,178,gh0st813,gh0st813,neutro,1.0,Click bait
2:58,178,shingouki10,shingouki10,neutro,1.0,Punhetasso via intercâmbio sdd
3:00,180,bakalovee,bakalovee,neutro,1.0,Hm
3:03,183,kuzuri01_,kuzuri01_,engraçado,1.0,Aí começa a live e ele tá em Maringá kkkkkkkkkk
3:04,184,yukizinhojp,yukizinhojp,positivo,1.0,voltamos no cybertoyko
3:08,188,iagocomt,iagocomt,neutro,1.0,Aeeeee
3:09,189,wesleykolomar_br,wesleykolomar_br,confuso,1.0,pq tá com drop de pokemon?
3:09,189,jesusburguess,jesusburguess,engraçado,1.0,aí aparece ele na cadeira kkkkkkkk
3:11,191,hunterma30,HunterMa30,neutro,1.0,EXTRA EXTRA EXTRA MIL PESSOAS ENGANADAS
3:11,191,pedepanomttriste,PeDePanoMtTriste,engraçado,1.0,Calma chat só mais 48 horas patriotas
3:13,193,tobleroneopicional,tobleroneopicional,positivo,1.0,Que não seja clickbait dessa gostosa loira por favor deus
3:16,196,banchobr,BanchoBR,neutro,1.0,QUERO OUVIR TUA VOZ FOFO.. FALA UM OI NO MEU OUVIDINHO FALA
3:18,198,rafadesa80,rafadesa80,confuso,1.0,O mago dos beco voltou?!
3:19,199,e006cr,e006cr,neutro,1.0,"Ele falou que ia voltar na live passada, chat. É true mesmo"
3:21,201,kivratal,kivratal,neutro,1.0,se eu ver um japones na minha tela eu gozo
3:21,201,maxdeltakun,maxdeltakun,neutro,1.0,De volta a rua do Japão - SP
3:23,203,ogregoryml,ogregoryml,neutro,1.0,Só acredito se ele estiver num terraço
3:25,205,ricardoseguezze,RicardoSeguezze,confuso,1.0,Finalmente foi expulso do Brasil?
3:29,209,moisesthunder,moisesthunder,confuso,1.0,Fazendo live no Japão as 6 horas da manhã?
3:30,210,tarddanoit,TarddaNoit,neutro,1.0,F
3:32,212,ntlucasdll,ntlucasdll,engraçado,1.0,6 da manhã no Japão kkkkkk
3:34,214,blue_saay,blue_saay,neutro,1.0,Ja ta de vorta
3:34,214,gh0st813,gh0st813,neutro,1.0,Baka fdp
3:35,215,slayderness,Slayderness,positivo,1.0,se tiver en pindamonhangaba é report
3:37,217,professorakpopercomunista,professorakpopercomunista,engraçado,1.0,professorakpopercomunista subscribed at Tier 1. They've subscribed for 33 months!
3:37,217,iid2w,iiD2w,neutro,1.0,AEEE PORRA
3:41,221,jeeh3006,Jeeh3006,neutro,1.0,TwitchConHYPE
3:42,222,tobleroneopicional,tobleroneopicional,neutro,1.0,SÓ ACREDITO QUANDO DEGUSTAR UM BECO
3:49,229,lolls2,lolls2,neutro,1.0,Demorou demais para voltar
3:50,230,iceraptron,iceraptron,neutro,1.0,so se fala do titulo dessa live aqui ja obra
3:51,231,iaandhi,iaandhi,engraçado,1.0,imagina ele so abriu live sem querer kkkkkk
3:54,234,gkquiel,gkquiel,neutro,1.0,f0rsak2F0 f0rsak2CA f0rsak2DO
3:56,236,pedepanomttriste,PeDePanoMtTriste,neutro,1.0,Ai começa a live ta no terminal grajau
3:59,239,shingouki10,shingouki10,engraçado,1.0,Bala foi deportado do proprio país por promover punhetasso ao vivo
3:59,239,yukizinhojp,yukizinhojp,confuso,1.0,tava devendo alguém só voltou no Japão com certeza
4:00,240,gh0st813,gh0st813,neutro,1.0,É fake japao são 6 da manhã agr
4:02,242,iagocomt,iagocomt,confuso,1.0,For fake ou real??
4:05,245,brunosb654,brunosb654,confuso,1.0,6 horas da manhã no japão? Aqui é cick bait
4:06,246,caiopinto120887,caiopinto120887,neutro,1.0,Não faz isso comigo baka eu não tô preparado. EU NÃO TO PREPARADO! EU NÃO TO PREPARADO! 😫🥵
4:06,246,kratoscarecaa,kratoscarecaa,positivo,1.0,Essa música é mó boa
4:11,251,gustav70j,gustav70j,neutro,1.0,O otaku voltou
4:14,254,sugurodog,sugurodog,positivo,1.0,@shingouki10 Melhores tempos
4:14,254,pedepanomttriste,PeDePanoMtTriste,neutro,1.0,Bala
4:15,255,mateus_ini,mateus_ini,neutro,1.0,SabaPing
4:16,256,jephwell,jephwell,frustrado,1.0,aff ad do demon slayer
4:19,259,moisesthunder,moisesthunder,neutro,1.0,"Japão, ele quis dizer jalapão na real"
4:24,264,tobleroneopicional,tobleroneopicional,neutro,1.0,POR FAVOR MEU DEUS QUE SEJA REAL
4:26,266,light_juggernaut,light_juggernaut,confuso,1.0,Baka no Japão? The world is healing
4:26,266,huan778,huan778,neutro,1.0,Foi deportado seu fdm
4:29,269,raianenemys,RaianEnemys,neutro,1.0,Ienes
4:29,269,higorcosta14,higorcosta14,neutro,1.0,O mais odiado voltou
4:29,269,wesleykolomar_br,wesleykolomar_br,confuso,1.0,6h da manha? hmmm feik memo ó
4:29,269,alpharius_456,Alpharius_456,neutro,1.0,dokebuDance dokebuDance dokebuDance
4:31,271,brendon_ssa,brendon_ssa,confuso,1.0,DUVIDO QUE TU VOLTOU FI
4:31,271,jeeh3006,Jeeh3006,neutro,1.0,InuyoFace
4:34,274,rafadesa80,rafadesa80,neutro,1.0,それが嘘なら、くたばれ！
4:39,279,mateus_ini,mateus_ini,neutro,1.0,Cabeça de bagre ta de volta
4:42,282,residente_dorminhoko,residente_dorminhoko,confuso,1.0,la é cedo vcs acham que ele acordou 6 da matina porra?
4:42,282,lucasduvi,lucasduvi,neutro,1.0,BAKA DEIXA VOD PF
4:43,283,h4n3h,H4N3H,neutro,1.0,BAIT DO ANO
4:45,285,pedepanomttriste,PeDePanoMtTriste,neutro,1.0,Fala del
4:45,285,brendeaq_,BrendeAq_,neutro,1.0,saporo e pererecaro
4:46,286,tropiask,tropiask,neutro,1.0,É cilada bino
4:47,287,jesusburguess,jesusburguess,neutro,1.0,それが嘘なら、くたばれ！
4:47,287,hunterma30,HunterMa30,confuso,1.0,BAKA DEPORTADO DO BOSTIL ? REAL ?
4:48,288,dalton_olivera,dalton_olivera,neutro,1.0,Começar logo
4:49,289,kyromiguel,kyromiguel,engraçado,0.75,@PeDePanoMtTriste KKKKKKKKKKKKKK
4:50,290,caipirinha_2007,caipirinha_2007,neutro,1.0,SipTime
4:50,290,jeeh3006,Jeeh3006,neutro,1.0,RaccAttack
4:51,291,tobleroneopicional,tobleroneopicional,engraçado,0.5,Ele não nos enganaria né?
4:53,293,gh0st813,gh0st813,neutro,1.0,Bota o zoi ai baka
4:58,298,vess_xii,Vess_XII,neutro,1.0,ironmouseGOTAGUN
4:58,298,tropiask,tropiask,engraçado,1.0,Baka peripécias
5:00,300,shingouki10,shingouki10,neutro,1.0,Vai ver é libe de fatal frame
5:01,301,ozooby,Ozooby,positivo,1.0,vamos presenciar a maior MENTIRADA dessa live
5:05,305,raianenemys,RaianEnemys,neutro,1.0,Ienes
5:05,305,sharkboia,sharkboia,confuso,1.0,Nome da msc?
5:06,306,beatrizcrotti,beatrizcrotti,neutro,1.0,gnt ele foi viajar mas ele ta no Japão mesmo
5:11,311,jeeh3006,Jeeh3006,neutro,1.0,OhMyDog
5:12,312,markxdc,MarkxDC,neutro,1.0,"Mas bah, é bem capaz"
5:12,312,alpharius_456,Alpharius_456,neutro,1.0,cade o cavalo pescando
5:15,315,wemersom_cmtz,wemersom_cmtz,neutro,1.0,Faz o L
5:15,315,ohlavracvk,ohlavracvk,neutro,1.0,o caba foi deportado de Osasko e agora ta no Ceyara
5:16,316,ismorra,ismorra,engraçado,1.0,Ele jamais mentiria para nós...
5:18,318,boomer_mz,boomer_mz,confuso,1.0,E a punheta baka? Já perdeu no desafio de setembro?
5:19,319,iceraptron,iceraptron,engraçado,1.0,ele termina a live antes de abrir a câmera so pelo meme
5:21,321,sugurodog,sugurodog,engraçado,1.0,@caiopinto120887 Não vai rasgar a camisa Man kkk
5:26,326,carolinenaomii,CarolineNaomii,confuso,1.0,a live começa hj?
5:29,329,vanderlei_sm,vanderlei_sm,neutro,1.0,um dia eu vou eu acredito
5:29,329,h4n3h,H4N3H,neutro,1.0,Se não tiver no Japão 🇯🇵 é insta quit
5:29,329,jephwell,jephwell,confuso,1.0,é um secreto essa live?
5:30,330,almof4dinh4s,Almof4dinh4s,neutro,1.0,bakagaCalvo
5:32,332,e006cr,e006cr,engraçado,1.0,@beatrizcrotti Japão - Paraná 📍
5:35,335,palhaco7,palhaco7,neutro,1.0,Isso é hora de live rapaz
5:36,336,caipirinha_2007,caipirinha_2007,engraçado,1.0,O baka gosta de baita mosskkk
5:37,337,jeeh3006,Jeeh3006,neutro,1.0,CoolCat
5:38,338,danty700,danty700,neutro,1.0,ImTyping
5:38,338,ogregoryml,ogregoryml,neutro,1.0,É fic po
5:39,339,wesleykolomar_br,wesleykolomar_br,confuso,1.0,caracol chegou em tu no brasil e tu foi pro japão fugir dele?
5:44,344,glaubergbm,glaubergbm,neutro,1.0,Sayonara do RJ!!
5:49,349,tilasdbd,TilasDBD,neutro,1.0,"Larguei o treino, tô no meio da academia esperando ser enganado pra usar de pré treino"
5:52,352,tobleroneopicional,tobleroneopicional,neutro,1.0,Se for mentira vai ser extra extra mil pessoas enganadas as 6 da tarde de uma sexta
5:52,352,raianenemys,RaianEnemys,neutro,1.0,Já Pão receita
5:57,357,caiopinto120887,caiopinto120887,neutro,1.0,@sugurodog tarde de mais.
5:57,357,shingouki10,shingouki10,neutro,1.0,"@jephwell Sim, somos a ceita do punhetasso"
5:58,358,gh0st813,gh0st813,frustrado,1.0,Baka seu filha da puta
6:01,361,iaandhi,iaandhi,neutro,1.0,OXE
6:01,361,caio_seixas,caio_seixas,engraçado,1.0,kkkkkk
6:03,363,wsetbm,wsetbm,neutro,1.0,Iih lá vem
6:03,363,kise_ryota__,Kise_Ryota__,engraçado,1.0,wtf
6:03,363,wemersom_cmtz,wemersom_cmtz,neutro,1.0,Osaka no Maranhão
6:04,364,jephwell,jephwell,positivo,1.0,bom dia pra quem nus quer bem
6:04,364,palhaco7,palhaco7,neutro,1.0,Já salva o Void ai
6:06,366,pskaren,pskaren,neutro,1.0,bait mais fraco do bakudo
6:06,366,r_lira28,r_lira28,neutro,1.0,CINEMA
6:06,366,riiyuji,Riiyuji,neutro,1.0,Craque neto
6:07,367,yuriairesb,YuriAiresB,engraçado,1.0,"Diabé isso, kkkkkkkkkkkkkkkkkkk"
6:07,367,caipirinha_2007,caipirinha_2007,positivo,1.0,Bom dia
6:08,368,jesusburguess,jesusburguess,neutro,1.0,Nice
6:08,368,akarin_chan2002,akarin_chan2002,confuso,1.0,Q?
6:09,369,lobobig,LoboBig,engraçado,1.0,LUL
6:09,369,snaps_ay_no,snaps_ay_no,neutro,1.0,😔
6:10,370,higorcosta14,higorcosta14,neutro,1.0,Craquito neto
6:11,371,luxnis_,luxnis_,neutro,1.0,gg
6:11,371,azief0,azief0,neutro,1.0,Porra é essa
6:12,372,bakalovers,bakalovers,positivo,1.0,Cheer1 até comprei bits pra mandar de 1 em 1 mantendo a tradição
6:12,372,iaandhi,iaandhi,engraçado,1.0,KKKKKKKKKKKKKKKKKK
6:13,373,bernardowx,bernardowx,neutro,1.0,oxe tropa
6:14,374,riiyuji,Riiyuji,neutro,1.0,Pão!
6:14,374,shingouki10,shingouki10,neutro,1.0,Mas q porr é isso jskskskksksksksksksksskskskjskskskskskskskskskxkskskzkskksks
6:15,375,davisouza78,davisouza78,engraçado,1.0,Kkkkkkkkkkkkkkkkkkkkkk
6:15,375,bakalovee,bakalovee,engraçado,1.0,Kkkk
6:15,375,flowxr6,flowxr6,neutro,1.0,Baka só abre live quando to no trabalho
6:16,376,mateus_ini,mateus_ini,neutro,1.0,Kakakkaakakakakakakakakakkaak
6:17,377,brunosb654,brunosb654,engraçado,1.0,Kkkkkkkkkkkkkkkkkkkk
6:17,377,almof4dinh4s,Almof4dinh4s,engraçado,1.0,kkkkkkkkk
6:18,378,tallythehawk,TallyTheHawk,neutro,1.0,Crack
6:18,378,ogregoryml,ogregoryml,neutro,1.0,;-;
6:18,378,lazarus_7z,Lazarus_7z,engraçado,1.0,do nada HAHAHA
6:19,379,banchobr,BanchoBR,neutro,1.0,TOMA
6:19,379,kivratal,kivratal,engraçado,1.0,KKKKKKKKKKKKKKKKKKKK
6:20,380,pedepanomttriste,PeDePanoMtTriste,neutro,1.0,Momento rap
6:20,380,jephwell,jephwell,neutro,1.0,neymaaaa
6:20,380,pulchram12,pulchram12,neutro,1.0,CaitThinking
6:21,381,raianenemys,RaianEnemys,neutro,1.0,Igi
6:21,381,akira_glm,Akira_GLM,engraçado,1.0,Kkkkkkkk
6:22,382,playherpy,playherpy,confuso,1.0,de volta no Japão ? não me acredito
6:22,382,wesleykolomar_br,wesleykolomar_br,positivo,1.0,toca o hino do corno cascão! Salve o
6:23,383,iaandhi,iaandhi,engraçado,1.0,KKKKKKKKKKK
6:24,384,tobleroneopicional,tobleroneopicional,neutro,1.0,É KRAKI NETO
6:24,384,senhorley,senhorley,neutro,1.0,Mentira Neto
6:25,385,pskaren,pskaren,engraçado,0.667,KKKKKKKKKKKKKKLK que isso
6:25,385,caio_seixas,caio_seixas,neutro,1.0,ah não mano
6:25,385,lightdwaine,lightdwaine,neutro,1.0,Do nada ksksksksksd
6:26,386,maxdeltakun,maxdeltakun,engraçado,1.0,KKKKKKKKKKKKKKKKKKKKKK
6:26,386,kaiz0,Kaiz0,confuso,1.0,essa hora é caô 6 da manhã?
6:28,388,darkhunter2e,darkhunter2e,neutro,1.0,É o Crackas
6:29,389,jeeh3006,Jeeh3006,engraçado,1.0,Kkkkk
6:30,390,caiopinto120887,caiopinto120887,positivo,1.0,Que lindo! 😭
6:30,390,lizlexa,lizlexa,neutro,1.0,K
6:30,390,geobahe,GeoBaHe,neutro,1.0,scam
6:32,392,gh0st813,gh0st813,engraçado,1.0,KKKKKKKKKKKKK
6:32,392,riiyuji,Riiyuji,neutro,1.0,Tenq ser dito
6:32,392,chargasocetic0,chargasocetic0,neutro,1.0,Kraki nétu
6:34,394,pedepanomttriste,PeDePanoMtTriste,neutro,1.0,Covardes
6:34,394,ogregoryml,ogregoryml,neutro,1.0,Safado
6:34,394,caipirinha_2007,caipirinha_2007,neutro,1.0,FootBall
6:34,394,pulchram12,pulchram12,engraçado,1.0,kkkkkkkkk
6:35,395,ntlucasdll,ntlucasdll,neutro,1.0,oreiudo
6:35,395,winrywonka,winrywonka,neutro,1.0,grande craque neto porra
6:36,396,carolinenaomii,CarolineNaomii,neutro,1.0,estação Japão Liberdade
6:36,396,allancarllos,allancarllos,engraçado,0.5,que isso? kkkkk
6:37,397,vanderlei_sm,vanderlei_sm,engraçado,1.0,que viagem kkkkkkk
6:37,397,sr_ryann,Sr_Ryann,engraçado,1.0,IA maldita encareceru minhas memoria ram kkkkkkkkkkkkkkk
6:39,399,flaviz44,flaviz44,engraçado,1.0,KKKKKKK
6:39,399,lizlexa,lizlexa,neutro,1.0,OXE KADIJGHAGEJAJE
6:39,399,heartonlyheart,HeartOnlyHeart,engraçado,1.0,Kkkkkkkkkkkk
6:40,400,jesusburguess,jesusburguess,neutro,1.0,ESE CU
6:40,400,senhorley,senhorley,neutro,1.0,Cabo verde no ku deles então
6:41,401,inf3rn4l666,inf3rn4l666,neutro,1.0,Ksksksks
6:41,401,deonehzio,DeoNehzio,positivo,1.0,Saudades do bom dia
6:41,401,iaandhi,iaandhi,neutro,1.0,ESSA LIVE E GOLPE
6:41,401,sugurodog,sugurodog,confuso,1.0,Que cacete de fota de ia é essa bala?? Cadê o punhetasso bala?
6:42,402,kivratal,kivratal,engraçado,1.0,KKKKKKKKKKKK QQ TA ACONTECENDO
6:42,402,higorcosta14,higorcosta14,neutro,1.0,Seis num corre
6:43,403,pedreirosensualizador,pedreirosensualizador,neutro,1.0,CHINA VIBES
6:44,404,demon_priest,Demon_Priest,confuso,1.0,baka hackeado?????
6:45,405,riiyuji,Riiyuji,positivo,1.0,VIDA BOA DA PORRA
6:46,406,marps321,marps321,engraçado,1.0,kkkkkk
6:46,406,slt6319,slt6319,neutro,1.0,Grande craque Neto
6:47,407,huan778,huan778,neutro,1.0,Baka foi pro brasa e voltou pro Japão no mesmo ano antes de lançar o GTA 6
6:48,408,hunterma30,HunterMa30,engraçado,1.0,do nada kkkkkkkk
6:50,410,ogregoryml,ogregoryml,engraçado,1.0,Achei q seria hoje o punhetaço
6:50,410,jephwell,jephwell,neutro,1.0,fap fap fap fap fap fap
6:50,410,bakalovee,bakalovee,neutro,1.0,Legal
6:51,411,tobleroneopicional,tobleroneopicional,confuso,1.0,É golpe?
6:52,412,riiyuji,Riiyuji,neutro,1.0,NIHAO TWIN
6:53,413,dinozinbrk,Dinozinbrk,neutro,1.0,click bait chat
6:54,414,yuriairesb,YuriAiresB,neutro,1.0,Baka deixou o Stream Deck cair do Terraço
6:57,417,darkhunter2e,darkhunter2e,neutro,1.0,"É O Crackas com o senhor do craque, Baka Gaijuvis"
6:59,419,ogregoryml,ogregoryml,neutro,1.0,É fic
6:59,419,iaandhi,iaandhi,neutro,1.0,eu ia dar sub mas desisti
6:59,419,light_juggernaut,light_juggernaut,confuso,1.0,Cadê o frango obeso caminhante?
7:00,420,banchobr,BanchoBR,confuso,1.0,QUER DAR?
7:00,420,gabriel__00000,GaBrIeL__00000,neutro,1.0,KAKAKAKAKAKAKKA
7:00,420,mateus_ini,mateus_ini,neutro,1.0,É fake
7:01,421,professorakpopercomunista,professorakpopercomunista,neutro,1.0,COVARDES
7:01,421,samuel_1997,samuel_1997,confuso,1.0,é aqui que vai rolar a troca de casal familia ?
7:03,423,jesusburguess,jesusburguess,neutro,1.0,Nihao
7:03,423,flowxr6,flowxr6,confuso,1.0,Já pode punhetaço???
7:05,425,riiyuji,Riiyuji,neutro,1.0,@jephwell CALMA PRECOCE
7:05,425,eifarne,eifarne,positivo,1.0,se for mentira vamos na casa dele pegar ele na porrada
7:05,425,sr_ryann,Sr_Ryann,neutro,1.0,H A C K E A D O
7:06,426,pedepanomttriste,PeDePanoMtTriste,neutro,1.0,Momento dança
7:07,427,shingouki10,shingouki10,neutro,1.0,Lo fi do craque neto eu caguei nas calças
7:08,428,huan778,huan778,neutro,1.0,Dopamina gratis
7:09,429,azief0,azief0,neutro,1.0,@jephwell Segura o pinto
7:12,432,tobleroneopicional,tobleroneopicional,confuso,1.0,É REAL OU BARÇA?
7:12,432,brendeaq_,BrendeAq_,neutro,1.0,ela partiu
7:12,432,mateus_ini,mateus_ini,neutro,1.0,Comida acabou o dinheiro dele
7:13,433,bananils0n_farofa,Bananils0n_farofa,positivo,1.0,Bom dia
7:13,433,kivratal,kivratal,positivo,1.0,BOM DIAAAAAA
7:13,433,pedreirosensualizador,pedreirosensualizador,positivo,1.0,Bom dia
7:14,434,jephwell,jephwell,neutro,1.0,annyo
7:15,435,deonehzio,DeoNehzio,neutro,1.0,Agora sim!
7:16,436,akarin_chan2002,akarin_chan2002,neutro,1.0,AMBATUKAN
7:16,436,iaandhi,iaandhi,neutro,1.0,VSFFFFF
7:16,436,riiyuji,Riiyuji,positivo,1.0,BOM DIA BOM DIA
7:17,437,mateus_ini,mateus_ini,neutro,1.0,🕊
7:18,438,tobleroneopicional,tobleroneopicional,positivo,1.0,Bom dia
7:18,438,mariookie,mariookie,positivo,1.0,Bom diaaaa
7:18,438,winrywonka,winrywonka,positivo,1.0,bom dia
7:19,439,palhaco7,palhaco7,neutro,1.0,Ohayo
7:19,439,light_juggernaut,light_juggernaut,positivo,1.0,Bom dia
7:19,439,markxdc,MarkxDC,positivo,1.0,Bom dia
7:20,440,jeeh3006,Jeeh3006,neutro,1.0,TwitchConHYPE
7:20,440,huan778,huan778,positivo,1.0,Bom dia
7:20,440,ogregoryml,ogregoryml,neutro,1.0,AEEEEE
7:21,441,dekbdue,dekbdue,positivo,1.0,bom dia
7:21,441,maxdeltakun,maxdeltakun,positivo,1.0,BOM DIAAA
7:21,441,bakalovee,bakalovee,positivo,1.0,Bom dia
7:21,441,hunterma30,HunterMa30,confuso,1.0,PUNHETAÇO NAD ALTURAS ?
7:21,441,flowxr6,flowxr6,positivo,1.0,Bom dia bom dia bom dia
7:22,442,eifarne,eifarne,neutro,1.0,@flowxr6 pode não mano
7:22,442,0luex,0Luex,neutro,1.0,nem f0dendooooooo
7:22,442,uneskki,uNeskki,positivo,1.0,Bom dia
7:23,443,r_lira28,r_lira28,positivo,1.0,BOM DIAAAAA
7:23,443,pedreirosensualizador,pedreirosensualizador,confuso,1.0,Pisca?
7:24,444,wesleykolomar_br,wesleykolomar_br,positivo,1.0,bom dia
7:25,445,lizlexa,lizlexa,positivo,1.0,Bom dia
7:27,447,brunosb654,brunosb654,positivo,1.0,Bom dia
7:27,447,wtfsteb,wtfsteb,confuso,1.0,obvio que é fic no japão é 6 da manhã
7:28,448,pedepanomttriste,PeDePanoMtTriste,neutro,1.0,Bão dia
7:28,448,slayderness,Slayderness,neutro,1.0,DIA!
7:28,448,mateus_ini,mateus_ini,neutro,1.0,Bora fi
7:29,449,almof4dinh4s,Almof4dinh4s,positivo,1.0,bom dia
7:29,449,pedreirosensualizador,pedreirosensualizador,confuso,1.0,Cadê o pisca?
7:29,449,surilebas,Surilebas,positivo,1.0,bom dia
7:29,449,darkhunter2e,darkhunter2e,neutro,1.0,"Aooba, dia"
7:29,449,caipirinha_2007,caipirinha_2007,positivo,1.0,BOM DIA
7:29,449,dudinha_do_bts,dudinha_do_bts,positivo,1.0,bom dia
7:30,450,wemersom_cmtz,wemersom_cmtz,neutro,1.0,Olha a pedra
7:31,451,lucasduvi,lucasduvi,positivo,1.0,bom dia
7:31,451,sukiiny,Sukiiny,positivo,1.0,Bomdia
7:32,452,davisouza78,davisouza78,neutro,1.0,"Tá com muito intro, ele tá no Brasil mesmo"
7:33,453,deonehzio,DeoNehzio,positivo,1.0,Bom dia
7:35,455,luxnis_,luxnis_,positivo,1.0,lindo
7:35,455,gabriel__00000,GaBrIeL__00000,positivo,1.0,bom dia
7:35,455,inf3rn4l666,inf3rn4l666,positivo,1.0,Bom dia
7:36,456,ogregoryml,ogregoryml,neutro,1.0,GUDI DEI GUDI DEI
7:36,456,senhorley,senhorley,neutro,1.0,DinoDance DinoDance DinoDance DinoDance
7:36,456,tobleroneopicional,tobleroneopicional,engraçado,1.0,Eu nao acredito bora loirinha libera aí
7:37,457,flowxr6,flowxr6,neutro,1.0,@eifarne To ansioso
7:39,459,kivratal,kivratal,neutro,1.0,MEU DEUS
7:39,459,nicolas89,Nicolas89,neutro,1.0,Opa
7:40,460,otokotm,otokotm,positivo,1.0,Bom diaa
7:40,460,akarin_chan2002,akarin_chan2002,positivo,1.0,bom dia e o krl
7:40,460,residente_dorminhoko,residente_dorminhoko,neutro,1.0,ue
7:40,460,iaandhi,iaandhi,neutro,1.0,NEM FODENDO
7:40,460,eifarne,eifarne,neutro,1.0,q
7:41,461,wesleykolomar_br,wesleykolomar_br,neutro,1.0,OOOO
7:41,461,flowxr6,flowxr6,neutro,1.0,NEM
7:41,461,necchio88,necchio88,neutro,1.0,OLCO
7:41,461,kratoscarecaa,kratoscarecaa,neutro,1.0,Oloko
7:42,462,riiyuji,Riiyuji,neutro,1.0,Ó o cara
7:43,463,nicolas89,Nicolas89,neutro,1.0,Ele ta mesmo
7:43,463,wesleykolomar_br,wesleykolomar_br,neutro,1.0,UQ
7:43,463,yesitissme,YesItissMe,confuso,1.0,Pq voltou msm? Cheguei agr
7:44,464,ozooby,Ozooby,positivo,1.0,Bom dia
7:44,464,huan778,huan778,neutro,1.0,Apareceuuu
7:44,464,necchio88,necchio88,neutro,1.0,ELE TÁ DE VOLTAAAAAAAAAA
7:44,464,bernardowx,bernardowx,engraçado,1.0,bernardowx subscribed at Tier 1.
7:45,465,rickysilvaq,rickysilvaq,neutro,1.0,eita
7:45,465,tobleroneopicional,tobleroneopicional,neutro,1.0,ELE VOLTOU MEU DEUS
7:45,465,ohlavracvk,ohlavracvk,neutro,1.0,Ohayo gozai mais
7:45,465,kise_ryota__,Kise_Ryota__,neutro,1.0,chuvinha que nem aqui. tá no BR ainda
7:45,465,gh0st813,gh0st813,positivo,0.5,Bom dia filha da puta
7:45,465,higorcosta14,higorcosta14,neutro,1.0,Live gravada
7:46,466,ogregoryml,ogregoryml,neutro,1.0,AEEEEE
7:46,466,akira_glm,Akira_GLM,neutro,1.0,Nunca devidei
7:46,466,gustt_,gustt_,neutro,1.0,bodia
7:46,466,maxdeltakun,maxdeltakun,confuso,1.0,OXI KARAI SKSKSKSKKSK
7:46,466,kivratal,kivratal,neutro,1.0,GOZEI
7:47,467,lana_tomioka,lana_tomioka,neutro,1.0,Carai
7:47,467,e006cr,e006cr,neutro,1.0,É São Paulo isso dai
7:47,467,winrywonka,winrywonka,neutro,1.0,rerun
7:48,468,mariookie,mariookie,neutro,1.0,EE VOLTOU NEM FUDENDO OHH
7:48,468,3mpty7,3mpty7,neutro,1.0,Chove na Liberdade
7:48,468,senhorley,senhorley,neutro,1.0,Ai sim baka san
7:48,468,deonehzio,DeoNehzio,neutro,1.0,Humilde
7:49,469,zkamykazez,zKAMYKAZEz,engraçado,1.0,KKKKKK
7:49,469,casa__nova,CASA__NOVA,neutro,1.0,isso é osaco.
7:49,469,light_juggernaut,light_juggernaut,neutro,1.0,"É isso, o mundo voltou ao normal"
7:49,469,pskaren,pskaren,neutro,1.0,OLOKO
7:49,469,jeeh3006,Jeeh3006,neutro,1.0,OhMyDog
7:49,469,pedreirosensualizador,pedreirosensualizador,neutro,1.0,Q
7:50,470,ismorra,ismorra,neutro,1.0,NEM FUDENDO Caralho
7:50,470,wesleykolomar_br,wesleykolomar_br,neutro,1.0,O MUNDO ACABA HOJE FUDEU
7:50,470,heartonlyheart,HeartOnlyHeart,confuso,1.0,??
7:50,470,markxdc,MarkxDC,neutro,1.0,É troll
7:50,470,e006cr,e006cr,neutro,1.0,Fake
7:50,470,pedepanomttriste,PeDePanoMtTriste,neutro,1.0,Vish apareceu cabuloso demais
7:51,471,yuriairesb,YuriAiresB,neutro,1.0,"Finalmente, o cu dessa cidade é teu"
7:51,471,alphaya8,alphaya8,neutro,1.0,Não acredito
7:51,471,tilasdbd,TilasDBD,neutro,1.0,MENTIRA
7:51,471,dudinha_do_bts,dudinha_do_bts,neutro,1.0,MDSS
7:52,472,pulchram12,pulchram12,positivo,1.0,Salve
7:52,472,azief0,azief0,frustrado,1.0,AFF ele tá no mato grosso
7:52,472,tobleroneopicional,tobleroneopicional,neutro,1.0,WATAAAAAAAAAAAA
7:52,472,beatrizcrotti,beatrizcrotti,neutro,1.0,POM TIA
7:52,472,zkamykazez,zKAMYKAZEz,neutro,1.0,É VERDADE
7:53,473,iceraptron,iceraptron,neutro,1.0,o fela da fruta ta no Japão mesmo
7:53,473,wemersom_cmtz,wemersom_cmtz,neutro,1.0,Queima doido
7:53,473,pedreirosensualizador,pedreirosensualizador,neutro,1.0,Mentira
7:53,473,crashorro,Crashorro,confuso,1.0,caralho que qualidade ein
7:54,474,wsetbm,wsetbm,engraçado,1.0,KKKKKKKK MENTIRA
7:54,474,bananils0n_farofa,Bananils0n_farofa,neutro,1.0,Isso aí é a liberdade rapaziada
7:55,475,zkamykazez,zKAMYKAZEz,engraçado,1.0,KKKKKKKKKKK
7:55,475,palhaco7,palhaco7,neutro,1.0,São Paulo com mod
7:55,475,sugurodog,sugurodog,neutro,1.0,Eu acho q o baka foi hackeado legal em
7:55,475,sr_ryann,Sr_Ryann,neutro,1.0,"não aguentou, teve que volter pro japão"
7:55,475,saikikkj,saikikkj,neutro,1.0,BAKA COME MINHA BUNDA
7:55,475,brunosb654,brunosb654,confuso,1.0,OQUEEEE?
7:55,475,r_lira28,r_lira28,neutro,1.0,SAI DA LIBERDADE BAKA
7:56,476,vitonhonhi,vitonhonhi,neutro,1.0,Finalmente
7:56,476,failedtea,FailedTea,neutro,1.0,OHAYOU
7:56,476,a_palavra_cabalistica_eh,凹凸凹凸凹凸凹凸凹凸凹,neutro,1.0,oi sumida
7:56,476,shingouki10,shingouki10,neutro,1.0,oloco ele tá lá mermo
7:56,476,gh0st813,gh0st813,neutro,1.0,CARALHOOOO É VDD
7:56,476,suddakka,suddakka,neutro,1.0,PUNHETAÇO SEM PUDOR NA SACADA
7:57,477,ntlucasdll,ntlucasdll,neutro,1.0,igualzinho são paulo
7:57,477,kthyosu,kthyosu,neutro,1.0,aobaaa
7:57,477,gabriel__00000,GaBrIeL__00000,neutro,1.0,AEEEEEE
7:57,477,carmeziin,carmeziin,neutro,1.0,AH NEM FUDENDO
7:57,477,jephwell,jephwell,neutro,1.0,uau
7:58,478,zkamykazez,zKAMYKAZEz,neutro,1.0,NÃOOOOOOO
7:58,478,bakalovee,bakalovee,neutro,1.0,Uau
7:58,478,digowsky,Digowsky,confuso,1.0,voltou de vez? @BakaGaijinLive
7:59,479,huan778,huan778,positivo,1.0,O mininu lindo
7:59,479,dudinha_do_bts,dudinha_do_bts,neutro,1.0,VOLTOU CARAI
8:00,480,davisouza78,davisouza78,neutro,1.0,ELE TÁ LÁ POHHA
8:00,480,tobleroneopicional,tobleroneopicional,neutro,1.0,NAO É POSSIVEL
8:00,480,wesleykolomar_br,wesleykolomar_br,neutro,1.0,NEM FUDENDO RUAS JAPONESAS
8:01,481,pedreirosensualizador,pedreirosensualizador,neutro,1.0,Aeeeeeee
8:01,481,kivratal,kivratal,neutro,1.0,"MEU DEUS, ALGUEM ME BILISCA"
8:01,481,codinomepru,codinomepru,neutro,1.0,Baka de óculos
8:01,481,palhaco7,palhaco7,neutro,1.0,Tira esse óculos escroto
8:02,482,dekbdue,dekbdue,neutro,1.0,paraíba isso dai
8:02,482,zkamykazez,zKAMYKAZEz,neutro,1.0,É VERDADE
8:02,482,dudinha_do_bts,dudinha_do_bts,neutro,1.0,VOLTOU
8:02,482,higorcosta14,higorcosta14,neutro,1.0,PODE FALAR QUE ESSA LIVE É GRAVADA
8:02,482,eifarne,eifarne,neutro,1.0,é IA GENTE
8:02,482,crashorro,Crashorro,confuso,1.0,É DLSS5?
8:02,482,mssylv,MsSylv,confuso,1.0,NÃO É BAIT??????
8:03,483,neck57,neck57,neutro,1.0,Live gravada guys
8:03,483,ogregoryml,ogregoryml,neutro,1.0,Baka se vc está aí faça um 67
8:03,483,riiyuji,Riiyuji,positivo,1.0,LIBERDADE TA LINDO
8:03,483,r3nannnn,r3nannnn,neutro,1.0,Oloco
8:04,484,thiagomanero,ThiagoManero,neutro,1.0,ta na liberdade
8:04,484,srbiscoito16,SrBiscoito16,negativo,1.0,QUE CARA FEIO
8:05,485,alektrospirozy,Alektrospirozy,neutro,1.0,Ondié q se foi parar dog
8:05,485,iaandhi,iaandhi,neutro,1.0,punhetaço
8:06,486,ohlavracvk,ohlavracvk,neutro,1.0,Baka foi deportado de Osasko e ta morando agora no Tokyo
8:06,486,tilasdbd,TilasDBD,neutro,1.0,NÃO CAIAM NO BAIT ISSO É A LIBERDADE
8:06,486,alphaya8,alphaya8,confuso,1.0,Voltou chovendo ainda?
8:07,487,konrayami,konrayami,neutro,1.0,MENTIRA
8:07,487,str3lapollar,str3lapollar,positivo,1.0,salve baka
8:07,487,heartonlyheart,HeartOnlyHeart,neutro,1.0,Foi mal por duvidar
8:08,488,jephwell,jephwell,neutro,1.0,que homem
8:08,488,carmeziin,carmeziin,neutro,1.0,Oi bakaaaaaaaa porraaa
8:08,488,shingouki10,shingouki10,neutro,1.0,Sega
8:09,489,akarin_chan2002,akarin_chan2002,neutro,1.0,F5
8:09,489,mallsii,Mallsii,neutro,1.0,bakagaCorre
8:10,490,kratoscarecaa,kratoscarecaa,neutro,1.0,Volto pelas japonesa né
8:10,490,s2dack,S2Dack,neutro,1.0,Isso aí é perto da estação itaquera
8:11,491,satesagatha,satesagatha,neutro,1.0,Mentira
8:11,491,ozooby,Ozooby,neutro,1.0,MEU DEUS é um milagre mamãe
8:11,491,gh0st813,gh0st813,neutro,1.0,Fdp
8:11,491,slayderness,Slayderness,neutro,1.0,PUNHETASSO DE COMEMORAÇÃO
8:12,492,wemersom_cmtz,wemersom_cmtz,confuso,1.0,Essa época do ano fica anoite que horas ai?
8:12,492,air1nxx,air1nxx,neutro,1.0,É liberdade
8:12,492,pedepanomttriste,PeDePanoMtTriste,neutro,1.0,Cai pfvor
8:12,492,banchobr,BanchoBR,neutro,1.0,PEGAAA PORRAA
8:13,493,xjuniorxe,xjuniorxe,confuso,1.0,ta em sorocaba ?
8:13,493,neck57,neck57,neutro,1.0,Sonic
8:13,493,slt6319,slt6319,neutro,1.0,Sampa Liberdade
8:13,493,wesleykolomar_br,wesleykolomar_br,confuso,1.0,Tá de dia aqui e ai? é gravada
8:14,494,senhorley,senhorley,neutro,1.0,Esses japones
8:14,494,pao_de_queijo666,Pao_De_Queijo666,engraçado,1.0,Pao_De_Queijo666 subscribed at Tier 1. They've subscribed for 3 months!
8:15,495,ray_honkai,Ray_HonKai,engraçado,0.5,Live gravada ?Kappa
8:15,495,konrayami,konrayami,neutro,1.0,É fake
8:15,495,samuel_1997,samuel_1997,confuso,1.0,baka vc pode tirar uma duvida pra mim. Consegue ver se japones tem pau pequeno mesmo ?
8:15,495,riiyuji,Riiyuji,positivo,1.0,QUE LINDO ESTA SAO PAULO
8:15,495,brendeaq_,BrendeAq_,neutro,1.0,bacagaozin
8:16,496,e006cr,e006cr,neutro,1.0,Caba acorda 6 da manhã pra fazer live
8:17,497,urahmeshi,Urahmeshi,neutro,1.0,e ae baka
8:17,497,huan778,huan778,neutro,1.0,Autism 2
8:18,498,konrayami,konrayami,neutro,1.0,Impossivel
8:18,498,caio_seixas,caio_seixas,neutro,1.0,o cara voltou mesmo
8:18,498,tilasdbd,TilasDBD,neutro,1.0,Liberdade tá diferente
8:18,498,professorakpopercomunista,professorakpopercomunista,neutro,1.0,de quem é o cu dessa cidade
8:19,499,light_juggernaut,light_juggernaut,confuso,1.0,"Baka eu votei em vc pra presidente da republica de botswana, espero que ganhe"
8:20,500,bananils0n_farofa,Bananils0n_farofa,confuso,1.0,Aí não são 6 da manhã?
8:20,500,jota_dm_,jota_dm_,neutro,1.0,ohayo gozeidemais @bakagaijinlive
8:20,500,ryan_goslingdrive7,ryan_goslingdrive7,neutro,1.0,Nem fdddddd
8:20,500,tobleroneopicional,tobleroneopicional,neutro,1.0,EU AINDA NÃO ACREDITO SEU SAFADO
8:21,501,yuriairesb,YuriAiresB,engraçado,1.0,Pelo menos não vai gripar
8:23,503,flowxr6,flowxr6,neutro,1.0,meu deus to chorando
8:23,503,palhaco7,palhaco7,confuso,1.0,Quando Q chegou?
8:25,505,ray_honkai,Ray_HonKai,neutro,1.0,Tá na Bahia
8:25,505,jeeh3006,Jeeh3006,neutro,1.0,🙌🏻
8:26,506,necchio88,necchio88,confuso,1.0,PROXIMA LIVE AGORA SÓ EM JANEIRO
8:26,506,artoo_astromechdroid,artoo_astromechdroid,neutro,1.0,é o fim dos tempos mesmo...
8:27,507,erickhsn,erickhsn,engraçado,1.0,erickhsn subscribed at Tier 1. They've subscribed for 57 months! ohayo
8:27,507,shingouki10,shingouki10,engraçado,1.0,@xjuniorxe LUL LUL LUL LUL LUL LUL LUL LUL
8:27,507,umbalde,umBalde,confuso,1.0,Isso é osasco?
8:28,508,caipirinha_2007,caipirinha_2007,neutro,1.0,Ta moiado
8:28,508,pedepanomttriste,PeDePanoMtTriste,neutro,1.0,Azar do carai
8:29,509,lolls2,lolls2,confuso,1.0,Mds 4 pessoas?
8:32,512,tobleroneopicional,tobleroneopicional,neutro,1.0,ELE VOLTOU AO AUGE
8:32,512,nowaygabi,nowaygabi,neutro,1.0,São paulo é linda
8:34,514,kyromiguel,kyromiguel,confuso,1.0,estação grajau?
8:34,514,jephwell,jephwell,neutro,1.0,ta em JF/MG
8:34,514,kthyosu,kthyosu,neutro,1.0,ta em campo limpo
8:34,514,kivratal,kivratal,positivo,1.0,"MEU DEUS BAKA, EU TE AMO PLATONICAMENTE E COM CONSENTIMENTO <33"
8:34,514,sugurodog,sugurodog,engraçado,1.0,Achei q era fale rsrs
8:35,515,ryan_goslingdrive7,ryan_goslingdrive7,neutro,1.0,Krl
8:36,516,winrywonka,winrywonka,neutro,1.0,bate volta só pra fazer live
8:36,516,higorcosta14,higorcosta14,confuso,1.0,É HOJE QUE VC VAI PRO ISEKAI ?
8:38,518,ibracaadabra011,ibracaadabra011,neutro,1.0,O Homem voltou
8:38,518,caipirinha_2007,caipirinha_2007,confuso,1.0,Isso e no Pará?
8:40,520,camimag_,camimag_,neutro,1.0,meu deus não acredito
8:41,521,senhorley,senhorley,neutro,1.0,Vai ter gorda na varanda sim
8:41,521,slayderness,Slayderness,positivo,1.0,VALEU A PENA SONHAR
8:45,525,flowxr6,flowxr6,confuso,1.0,Ta de oculos?
8:46,526,urahmeshi,Urahmeshi,confuso,1.0,ta jatado?
8:46,526,ibracaadabra011,ibracaadabra011,neutro,1.0,O Caba voltou
8:46,526,bananils0n_farofa,Bananils0n_farofa,neutro,1.0,Ping alto
8:47,527,light_juggernaut,light_juggernaut,neutro,1.0,Perna de jetsky
8:47,527,sr_ryann,Sr_Ryann,neutro,1.0,lagou
8:48,528,riiyuji,Riiyuji,frustrado,1.0,NAO TANKOU O BOSTIL E VOLTOU BAKA
8:48,528,anginha5678,anginha5678,neutro,1.0,AAAEEEEEE
8:48,528,jraffist,jraffist,neutro,1.0,Fortaleza tá bonita hoje
8:48,528,diagon_haisser,diagon_haisser,neutro,1.0,Desdeportaram
8:48,528,ryan_goslingdrive7,ryan_goslingdrive7,neutro,1.0,Shibuyaaa
8:48,528,peluciacensurada,PeluciaCensurada,confuso,1.0,e aí Braga hoje vai te tudo?
8:49,529,huan778,huan778,confuso,1.0,"Baka o que aconteceu, ta muito cedo pra você começar uma live assim do nada, antes era de ano em ano que porra e essa"
8:49,529,alessandroprudente,alessandroprudente,neutro,1.0,IA
8:50,530,benny_44meia,benny_44meia,neutro,1.0,Quando chegou
8:50,530,iaandhi,iaandhi,neutro,1.0,isso é em fortaleza
8:50,530,saturadosenpai,saturadosenpai,confuso,1.0,voltou ?????
8:51,531,3mpty7,3mpty7,frustrado,1.0,Nao tankou o bostil e voltou pro Japil
8:52,532,carmeziin,carmeziin,engraçado,1.0,"Primeira vez q eu te vejo de óculos, creio eu"
8:52,532,alektrospirozy,Alektrospirozy,neutro,1.0,"Cade a data e hora na live pra eu não me perder aqui, o fuso é novo"
8:52,532,boomer_mz,boomer_mz,confuso,1.0,E o punhetasso? Perdeu no no fap?
8:52,532,alextheprowler,Alextheprowler,neutro,1.0,jetleigo
8:53,533,digowsky,Digowsky,confuso,1.0,ta lagaram ai?
8:54,534,pedepanomttriste,PeDePanoMtTriste,neutro,1.0,Vc ta mt e viável
8:54,534,thiagomanero,ThiagoManero,engraçado,0.5,Ele está em Rio Grande da Serra?
8:54,534,tobleroneopicional,tobleroneopicional,confuso,1.0,ISSO É A LIBERDADE?
8:55,535,carmeziin,carmeziin,neutro,1.0,Arrasou
8:56,536,arkkanjo10,arkkanjo10,neutro,1.0,vc trabalha ou só faz vídeo
8:56,536,heartonlyheart,HeartOnlyHeart,engraçado,0.5,@Riiyuji é você no chat do tokyo sims ou nada haver?
8:56,536,shingouki10,shingouki10,neutro,1.0,Bakagaijin voltou
8:57,537,akarin_chan2002,akarin_chan2002,neutro,1.0,biahkoParkinsonArc
8:57,537,curiosocasodocurioso,curiosocasodocurioso,confuso,1.0,Já tá liberado?
8:57,537,ohlavracvk,ohlavracvk,neutro,1.0,tem pouco NPC na rua parece um render mal feito em
9:00,540,chicobotico1,chicobotico1,engraçado,1.0,chicobotico1 subscribed at Tier 1.
9:00,540,influenzias,Influenzias,confuso,1.0,Essa chuva vai chegar aqui em Porto Alegre?
9:01,541,riiyuji,Riiyuji,frustrado,1.0,NAO TANKO O BOSTIL
9:02,542,kthyosu,kthyosu,neutro,1.0,ta fudido
9:03,543,hunterma30,HunterMa30,neutro,1.0,É IA  GALERA
9:04,544,saturadosenpai,saturadosenpai,neutro,1.0,voltou
9:04,544,wesleykolomar_br,wesleykolomar_br,positivo,1.0,minha ultima live foi a ultima de tu no jp agr vortamo pro JP
9:05,545,heartonlyheart,HeartOnlyHeart,neutro,1.0,sono parcelado
9:06,546,moisesthunder,moisesthunder,neutro,1.0,Não creio
9:06,546,winrywonka,winrywonka,neutro,1.0,por favor nos atualize do lore
9:06,546,lizlexa,lizlexa,neutro,1.0,foi deportado de volta
9:06,546,nowaygabi,nowaygabi,neutro,1.0,Isso é chroma key
9:07,547,izei_,Izei_,confuso,1.0,ta em shibuya meu mano?
9:09,549,paulo_930,paulo_930,negativo,1.0,Baka esse local está parecendo o morro do dendê que é ruim de invadir
9:09,549,lo3inho,Lo3inho,neutro,1.0,IA TA DIA AINDA. Kk
9:10,550,curiosocasodocurioso,curiosocasodocurioso,confuso,1.0,jetleitado?
9:11,551,glaubergbm,glaubergbm,confuso,1.0,Baka tu tá solteiro?
9:12,552,ifahad12,iFahad12,neutro,1.0,sono polifasico
9:12,552,flowxr6,flowxr6,neutro,1.0,Esse cara merece tapas na bunda
9:12,552,pedepanomttriste,PeDePanoMtTriste,neutro,1.0,Parcelado
9:14,554,failedtea,FailedTea,neutro,1.0,Rua menos desenvolvida do Maranhão
9:16,556,light_juggernaut,light_juggernaut,confuso,1.0,Quem dorme em parcelas é endividado?
9:16,556,bernardowx,bernardowx,neutro,1.0,fdp voltou pra renovar os videos gravados
9:18,558,ibracaadabra011,ibracaadabra011,engraçado,1.0,ibracaadabra011 subscribed with Prime.
9:19,559,kratoscarecaa,kratoscarecaa,neutro,1.0,Ó o Coração  Bro
9:20,560,riiyuji,Riiyuji,neutro,1.0,7minutoz
9:20,560,caiopinto120887,caiopinto120887,neutro,1.0,Igual os caras na idade média
9:21,561,brunhs,brunhs,neutro,1.0,@ThiagoManero mauá
9:23,563,mig4lhaz,mig4lhaz,confuso,1.0,Que lugar de shinjuku?
9:24,564,tobleroneopicional,tobleroneopicional,neutro,1.0,bakagaAsianfrog
9:25,565,pontoporiablainvillei,pontoporiablainvillei,neutro,1.0,Que gato
9:25,565,chicobotico1,chicobotico1,confuso,1.0,Punhetaço hoje?
9:26,566,jephwell,jephwell,neutro,1.0,que queixao
9:27,567,lanadka,Lanadka,neutro,1.0,Lanadka watched 5 consecutive streams and sparked a watch streak! Agradece
9:28,568,wemersom_cmtz,wemersom_cmtz,neutro,1.0,Portugal 9 horas ainda e noite
9:28,568,caipirinha_2007,caipirinha_2007,neutro,1.0,To no trabalho baka... SeemsGood
9:30,570,pedepanomttriste,PeDePanoMtTriste,neutro,1.0,Já me ocorreu
9:31,571,kaiz0,Kaiz0,neutro,1.0,É IA
9:32,572,ka1zh,ka1zh,neutro,1.0,isso aí é aqui no acre
9:34,574,palhaco7,palhaco7,positivo,1.0,Boa mostra esse óculos pra nós mesmo
9:35,575,professorakpopercomunista,professorakpopercomunista,neutro,1.0,saudade dos piu piu piu nas ruas
9:38,578,sr_ryann,Sr_Ryann,neutro,1.0,acabou de ir pro japão já esqueceu com o fala português
9:40,580,riiyuji,Riiyuji,frustrado,0.5,NAO TANKOU MAIS O BOSTIL ?
9:41,581,marie_bsts,Marie_Bsts,engraçado,1.0,kkkkkk
9:42,582,ariella_32,ariella_32,neutro,1.0,tá tão lindinho
9:43,583,tobleroneopicional,tobleroneopicional,neutro,1.0,Ele voltou ao auge mané
9:43,583,benny_44meia,benny_44meia,neutro,1.0,NIKOLA TESLA LIFE
9:43,583,kthyosu,kthyosu,neutro,1.0,kthyosu watched 10 consecutive streams and sparked a watch streak!
9:44,584,sugurodog,sugurodog,neutro,1.0,@glaubergbm Iiiiii calma lá paizão
9:44,584,rene_104,rene_104,neutro,1.0,Ai sim
9:44,584,professorakpopercomunista,professorakpopercomunista,neutro,1.0,bakagaPiu
9:44,584,pedrogring,pedrogring,neutro,1.0,Falaaaaaa baka
9:46,586,arkxnz_,arkxnz_,positivo,0.5,arkxnz_ subscribed at Tier 1. They've subscribed for 37 months! Boa tarde a todes
9:46,586,tiodeivis,tiodeivis,positivo,1.0,"fake, sapoha ta aqui em Recife, vi na Boa Vista hj mais cedo"
9:49,589,wesleykolomar_br,wesleykolomar_br,neutro,1.0,bunda linda
9:50,590,gh0st813,gh0st813,neutro,1.0,"Voltou msm,cadê us beku"
9:50,590,peeeeeron,peeeeeron,neutro,1.0,"pq voltou pro Japão, to por fora"
9:50,590,codinomepru,codinomepru,neutro,1.0,Tá gatinho de óculos hein
9:51,591,ibracaadabra011,ibracaadabra011,positivo,1.0,Estamos de volta
9:52,592,shingouki10,shingouki10,neutro,1.0,THUNDER THUNDER THUNDER PUNHETASSO HOOOOOOO
9:52,592,levart70,levart70,neutro,1.0,F
9:54,594,pontoporiablainvillei,pontoporiablainvillei,neutro,1.0,Grosso
9:54,594,umpedaco,umpedaco,engraçado,1.0,umpedaco subscribed with Prime. They've subscribed for 5 months!
9:55,595,kthyosu,kthyosu,neutro,1.0,sim
9:55,595,mariookie,mariookie,neutro,1.0,Voltou antes do lançamento do GTA6
9:55,595,saintme0_0,saintme0_0,neutro,1.0,s
9:56,596,erickhsn,erickhsn,neutro,1.0,ta
9:56,596,flowxr6,flowxr6,neutro,1.0,Que homem grosseiro
9:59,599,urahmeshi,Urahmeshi,neutro,1.0,ta certo
10:00,600,alphaya8,alphaya8,engraçado,1.0,alphaya8 subscribed at Tier 1.
10:00,600,tobleroneopicional,tobleroneopicional,confuso,1.0,ISSO É XIQUE XIQUE BAH?
10:00,600,riiyuji,Riiyuji,neutro,1.0,Tudo certo
10:00,600,bob_zink,bob_zink,neutro,1.0,entre outros ai
10:02,602,light_juggernaut,light_juggernaut,engraçado,1.0,"Compra um celular decente, baiano"
10:03,603,ibones7k,ibones7k,neutro,1.0,calma aí to no AD
10:03,603,erickhsn,erickhsn,positivo,1.0,"ta bom de mais pros padrões da live, pode piorar um pouco"
10:04,604,pskaren,pskaren,positivo,0.5,"tudo horrível, amei"
10:05,605,lizlexa,lizlexa,neutro,1.0,"é tela verde, mentira isso dae"
10:06,606,corvo__feroz,Corvo__Feroz,positivo,0.5,Corvo__Feroz subscribed with Prime. They've subscribed for 19 months! Oi amor
10:09,609,alextheprowler,Alextheprowler,neutro,1.0,eww
10:10,610,eunaasaa,eunaasaa,engraçado,0.5,isso é ARAUCARIA-PR?
10:10,610,saturadosenpai,saturadosenpai,confuso,1.0,Como anda o progresso do NOFAP ? já virou monge 💛💛💛💛💛
10:10,610,akarin_chan2002,akarin_chan2002,neutro,1.0,K POP
10:11,611,kaitov,KaitoV,neutro,1.0,"japão nada, tá morando em taguatinga"
10:11,611,diego_sevlacnog,diego_sevlacnog,confuso,1.0,Baka vc tem altíssimo?
10:11,611,riiyuji,Riiyuji,neutro,1.0,Acabou as filmagem e voltou pra gravar mais ne
10:12,612,pedepanomttriste,PeDePanoMtTriste,neutro,1.0,Ta certinho pelo visto os problema é só no Brasil
10:14,614,huan778,huan778,engraçado,0.5,Tá no celular?
10:14,614,failedtea,FailedTea,confuso,1.0,Por que voltou ao JP? Não tinha ido ao Brasil por conta da família?
10:15,615,keystoneherbett,KeystoneHerbett,confuso,1.0,Tá em Osasco?
10:16,616,lucasduvi,lucasduvi,neutro,1.0,baka deixa vod pls
10:16,616,maxdeltakun,maxdeltakun,neutro,1.0,Ta parecendo uma véia
10:16,616,lazarus_7z,Lazarus_7z,engraçado,1.0,hhahaahaha
10:17,617,peluciacensurada,PeluciaCensurada,engraçado,1.0,fala aí baka qual a principal diferença entre shinjuku e gaianases
10:17,617,wemersom_cmtz,wemersom_cmtz,engraçado,1.0,20:40  e dia na península ibérica
10:17,617,mig4lhaz,mig4lhaz,confuso,1.0,Que lugar de kyoto?
10:18,618,shingouki10,shingouki10,negativo,1.0,"Tá feio, amigo"
10:19,619,darkhunter2e,darkhunter2e,confuso,1.0,Voltou pra casa Gaijuvas?
10:19,619,kuyashiids,kuyashiids,positivo,1.0,que homem gostoso
10:19,619,henrico,henrico,confuso,1.0,ele ta onde?
10:20,620,juan_casavelhaaaa,juan_casavelhaaaa,neutro,1.0,4 olhos
10:20,620,nowaygabi,nowaygabi,neutro,1.0,Isso aí é em Fortaleza
10:21,621,akarin_chan2002,akarin_chan2002,negativo,1.0,BTS LIXO
10:22,622,dalton_olivera,dalton_olivera,neutro,1.0,Tá velho
10:22,622,azief0,azief0,neutro,1.0,Todo nerd esquisito
10:24,624,kyo_osbourne,kyo_osbourne,neutro,1.0,😹✌️
10:24,624,tio_deca,Tio_Deca,negativo,0.5,Ta feio de oculoas em bixo pqp
10:24,624,kthyosu,kthyosu,neutro,1.0,ta parecendo um professor fudido
10:25,625,pskaren,pskaren,neutro,1.0,que linda de óculos
10:25,625,aberstone,Aberstone,engraçado,1.0,Aberstone subscribed with Prime.
10:25,625,pick_a_pyke,Pick_a_Pyke,confuso,1.0,as mina aí no japão é limpinha e barata ?
10:28,628,riiyuji,Riiyuji,neutro,1.0,"Ta muita qualidade baka, pode baixar um pouco"
10:28,628,caiopinto120887,caiopinto120887,confuso,1.0,Baka nerd desbloqueado
10:28,628,akarin_chan2002,akarin_chan2002,neutro,1.0,BTS PODRE
10:30,630,e006cr,e006cr,engraçado,1.0,Agora parece protagonista genérico
10:31,631,pedepanomttriste,PeDePanoMtTriste,neutro,1.0,Para de me olhar assim
10:31,631,digowsky,Digowsky,neutro,1.0,nerdola
10:31,631,ariella_32,ariella_32,neutro,1.0,q lindinho Mn
10:31,631,heartonlyheart,HeartOnlyHeart,neutro,1.0,Parece que tá com cabelo branco...
10:32,632,paulo_930,paulo_930,neutro,1.0,Você parece o Alanzoka de longe
10:32,632,artoo_astromechdroid,artoo_astromechdroid,engraçado,1.0,baka é aquele monstro do chrono trigger q só aparece quando chove
10:33,633,lolls2,lolls2,neutro,1.0,Que cara de professor
10:33,633,king2mc,king2mc,engraçado,1.0,king2mc subscribed with Prime. They've subscribed for 23 months! de volta para o inicio
10:34,634,slt6319,slt6319,neutro,1.0,Mandem um Vampetaço
10:37,637,picolino0418,picolino0418,engraçado,0.5,tá frio aí?
10:38,638,corvo__feroz,Corvo__Feroz,positivo,1.0,Cheer1
10:39,639,jephwell,jephwell,neutro,1.0,baka estou cançado
10:39,639,bakalovers,bakalovers,positivo,0.667,Cheer1 Baka aí como o órfão chama foto de família aí no Japão? Pq aqui eu chamo de selfie
10:39,639,pontoporiablainvillei,pontoporiablainvillei,neutro,1.0,Oi
10:40,640,dafegi,Dafegi,neutro,1.0,annyeonghaseyo japones
10:41,641,oelefantequeviucoisas,OElefanteQueViuCoisas,neutro,1.0,"Até que enfim estreou a segunda temporada, caramba!"
10:41,641,sugurodog,sugurodog,neutro,1.0,O baka tá meio rechunchudo
10:42,642,alektrospirozy,Alektrospirozy,confuso,1.0,Só pra zua?
10:43,643,erickhsn,erickhsn,neutro,1.0,"ja q acordou cedo, da pra rodar tokyo inteira"
10:45,645,corvo__feroz,Corvo__Feroz,positivo,1.0,Cheer1
10:45,645,iloveteucorpinho,iloveteucorpinho,neutro,1.0,Ele esta em salgueiro Pernambuco!!
10:45,645,thrillerzs,thrillerzs,confuso,1.0,Que isso ai meo mol rain
10:46,646,pedrones,Pedrones,confuso,1.0,Voltou a morar ai no japão ou é passeio ?
10:47,647,codinomepru,codinomepru,neutro,1.0,Não me olha assim se não eu apaixono
10:48,648,ogregoryml,ogregoryml,neutro,1.0,!pix
10:48,648,nightbot,Nightbot,neutro,1.0,Mande seu pix http://livepix.gg/bakagaijin
10:49,649,ryangaminho,ryangaminho,engraçado,1.0,ryangaminho subscribed at Tier 1.
10:49,649,e006cr,e006cr,neutro,1.0,Sabadou
10:51,651,brucecorp,brucecorp,neutro,1.0,"ah isso aí é guarulhos, eu conheço"
10:52,652,riiyuji,Riiyuji,confuso,1.0,ESPERO QUE NEM VOLTE
10:53,653,nowaygabi,nowaygabi,neutro,1.0,Liberdade
10:54,654,alextheprowler,Alextheprowler,neutro,1.0,TIRA O JÁ
10:55,655,flowxr6,flowxr6,neutro,1.0,Eu sou assim tambem mas moro em guarati
10:55,655,hunterma30,HunterMa30,neutro,1.0,TIRA ESSE ÓCULOS DE VAGABUD4
10:56,656,kthyosu,kthyosu,neutro,1.0,tá igual sao paulo
10:57,657,natanmustdi3,natanmustdi3,confuso,1.0,Por que voltou baka?
10:57,657,rauldesouz,rauldesouz,neutro,1.0,compra uma calcinha ai baka
10:59,659,guiispray,GuiiSpray,engraçado,1.0,"GuiiSpray subscribed with Prime. They've subscribed for 24 months! mês 24 que delícia, Japão de volta estou excitado"
11:00,660,corvo__feroz,Corvo__Feroz,positivo,1.0,Cheer1 Cheer1 Cheer1 Cheer1
11:00,660,shingouki10,shingouki10,confuso,1.0,Setembruchovi?
11:01,661,juan_casavelhaaaa,juan_casavelhaaaa,neutro,1.0,Reiniciou o save baka
11:01,661,pedepanomttriste,PeDePanoMtTriste,engraçado,1.0,Trouxe a chuva e o frio
11:02,662,residente_dorminhoko,residente_dorminhoko,neutro,1.0,ja fica por ai mesmo
11:03,663,pontoporiablainvillei,pontoporiablainvillei,neutro,1.0,Tenho
11:04,664,kratoscarecaa,kratoscarecaa,engraçado,1.0,bakagaHaha1
11:04,664,jephwell,jephwell,neutro,1.0,cara levou a chuva do RJ pro Japão
11:05,665,tobleroneopicional,tobleroneopicional,positivo,1.0,SEU LINDO FICA POR AÍ MESMO AÍ É SUA CASA
11:07,667,dafegi,Dafegi,neutro,1.0,Baka foi levar chuva pro Japão
11:07,667,wesleykolomar_br,wesleykolomar_br,neutro,1.0,setembro vai entrar o grosso
11:08,668,kudacobra,kudacobra,confuso,1.0,qq é bruxove?
11:10,670,entreoutrosai,EntreOutrosAi,neutro,1.0,N acredito
11:10,670,j_pauloo,j_pauloo,confuso,1.0,"nem fudendo que ele voltou pro Japão, certeza que é IA"
11:11,671,almof4dinh4s,Almof4dinh4s,neutro,1.0,tenho
11:13,673,slayderness,Slayderness,neutro,1.0,FBCatch FBCatch FBCatch FBCatch
11:13,673,peluciacensurada,PeluciaCensurada,neutro,1.0,tá rolando os taifu né
11:14,674,carmeziin,carmeziin,neutro,1.0,"Baka, vc me lembra um pouco o Mads Mikkelsen"
11:15,675,dntaliba55fe,dntaliba55fe,confuso,1.0,TAVA NO RJ BAKA?
11:16,676,kiro204_,kiro204_,positivo,0.5,"boa noite baka, já cheirou muita cueca aí no Japão?"
11:17,677,hachimura23,hachimura23,neutro,1.0,Caindo um pau d'água
11:18,678,e006cr,e006cr,neutro,1.0,@wesleykolomar_br Perdi
11:19,679,snowzinhooodobaire,雪が少ない,neutro,1.0,Que good é essa
11:19,679,tobleroneopicional,tobleroneopicional,neutro,1.0,Tá até a vontade
11:19,679,xenohfanes,xenohfanes,confuso,1.0,Quem é esse na live do baka? É um pássaro? Passaralho?
11:21,681,drakejohnny,DrakeJohnny,engraçado,0.667,O cara não tankou SP KKKKKKKKKKK
11:22,682,r_lira28,r_lira28,neutro,1.0,SEPTEMBER RAINS
11:22,682,pedepanomttriste,PeDePanoMtTriste,positivo,1.0,Eu gostei
11:27,687,flowxr6,flowxr6,neutro,1.0,!clima
11:27,687,nightbot,Nightbot,neutro,1.0,Agora em Tokyo tá 69F (21C)
11:28,688,riiyuji,Riiyuji,neutro,1.0,!tempo
11:29,689,pontoporiablainvillei,pontoporiablainvillei,confuso,1.0,Que perfume você tá usando hoje?
11:29,689,huan778,huan778,engraçado,1.0,Baka qual a sensação de voltar pro seu país de origem
11:29,689,boomer_mz,boomer_mz,confuso,1.0,E a punheta? Já perdeu o no fap?
11:31,691,palhaco7,palhaco7,neutro,1.0,!clima
11:33,693,darkhunter2e,darkhunter2e,frustrado,1.0,"Só não pode ter levado o Tsunami pro Japio de volta, se não dá merda"
11:33,693,aron_badinha,Aron_badinha,neutro,1.0,Baka cansou de bater punhetasso no Brasil
11:36,696,riiyuji,Riiyuji,positivo,1.0,Fodase sao paulo irmao
11:38,698,peluciacensurada,PeluciaCensurada,neutro,1.0,o clima tá tenso
11:38,698,tobleroneopicional,tobleroneopicional,neutro,1.0,!clima
11:41,701,keystoneherbett,KeystoneHerbett,engraçado,1.0,KeystoneHerbett subscribed with Prime.
11:41,701,shingouki10,shingouki10,neutro,1.0,!clima
11:41,701,senhorley,senhorley,neutro,1.0,!clima
11:41,701,mk_z1m,MK_Z1M,confuso,1.0,"tropa, perdi o inicio da live, ele voltou pq?"
11:42,702,residente_dorminhoko,residente_dorminhoko,neutro,1.0,!climadesexo
11:42,702,dafegi,Dafegi,neutro,1.0,"No fap septhember,m"
11:43,703,caiopinto120887,caiopinto120887,neutro,1.0,Eu. Isso é muito importante pra mim.
11:43,703,reptilianomestre,ReptilianoMestre,positivo,1.0,GoatEmotey GoatEmotey GoatEmotey
11:43,703,lukasortelli,lukasortelli,neutro,1.0,!clima
11:44,704,tallythehawk,TallyTheHawk,neutro,1.0,69
11:44,704,darkhunter2e,darkhunter2e,neutro,1.0,!clima
11:45,705,thrillerzs,thrillerzs,neutro,1.0,49 graus
11:46,706,tonyyatoa,tonyyatoa,neutro,1.0,!clima
11:47,707,dntaliba55fe,dntaliba55fe,engraçado,1.0,peitin do baka deve ta durin
11:47,707,rodrigollls,Rodrigollls,neutro,1.0,Então chuta
11:47,707,lanadka,Lanadka,neutro,1.0,!clima tokyo
11:47,707,senhorley,senhorley,neutro,1.0,Cadê
11:48,708,ojeanos,oJeanos,confuso,1.0,Oxi osasco ???
11:49,709,curiosocasodocurioso,curiosocasodocurioso,positivo,1.0,Tem uma explicação muito boa para chover em setembro. Mas com toda certeza eu não sei
11:50,710,yuudachiiikc,YuudachiiiKC,confuso,1.0,volto de vez pro japao?
11:51,711,riiyuji,Riiyuji,neutro,1.0,Viu o chat vagabundo
11:51,711,overwherbert,OverwHerbert,neutro,1.0,"21, por pouco"
11:52,712,lizlexa,lizlexa,neutro,1.0,!clima
11:53,713,bellattore_,bellattore_,neutro,1.0,Exclamação clima
11:53,713,lazulistv,lazulistv,neutro,1.0,Toyota
11:53,713,reptilianomestre,ReptilianoMestre,neutro,1.0,!67
11:53,713,e006cr,e006cr,neutro,1.0,67 graus
11:54,714,kratoscarecaa,kratoscarecaa,neutro,1.0,!clima
11:54,714,wesleykolomar_br,wesleykolomar_br,neutro,1.0,!clima
11:54,714,gntlm4n,gntlm4n,neutro,1.0,isso é o centro de sp
11:54,714,alextheprowler,Alextheprowler,neutro,1.0,!climate
11:55,715,ailton4444,ailton4444,confuso,1.0,Japon?
11:56,716,artoo_astromechdroid,artoo_astromechdroid,neutro,1.0,usou o savestate errado e voltou pro japil
11:56,716,maruj00,maruj00,neutro,1.0,!clima
11:57,717,gabriel__00000,GaBrIeL__00000,neutro,1.0,!clima
11:57,717,dafegi,Dafegi,neutro,1.0,!nofap
11:58,718,loookayy,loookayy,confuso,1.0,ja ta quanto a progressão de mapa dessa região?
11:58,718,ka1zh,ka1zh,engraçado,1.0,ka1zh subscribed at Tier 1.
11:59,719,ariella_32,ariella_32,neutro,1.0,Tão gatinho de óculos
12:00,720,whouzen,whouzen,confuso,1.0,ele volto pq guys ?
12:00,720,jephwell,jephwell,confuso,1.0,e o sexo4?
12:02,722,paulo_930,paulo_930,confuso,1.0,Quando é punhetaço nessa prr?
12:04,724,naacht_faust,naacht_faust,neutro,1.0,!clima
12:04,724,nightbot,Nightbot,neutro,1.0,Agora em Tokyo tá 69F (21C)
12:05,725,darkhunter2e,darkhunter2e,positivo,1.0,!Climaperfeitopratomarnocu
12:05,725,huan778,huan778,neutro,1.0,Vai pra lá
12:05,725,xrestrito,xrestrito,confuso,1.0,ta no Japão mesmo é?
12:06,726,luxnis_,luxnis_,neutro,1.0,!clima
12:06,726,gacs174,gacs174,neutro,1.0,mano vc tem voz de dublador
12:06,726,jonttd,jonttd,neutro,1.0,Oi
12:07,727,dntaliba55fe,dntaliba55fe,neutro,1.0,!goonar
12:07,727,gntlm4n,gntlm4n,confuso,1.0,ta no shopping tiete?
12:08,728,flowxr6,flowxr6,neutro,1.0,Para de apontar
12:08,728,bellattore_,bellattore_,neutro,1.0,!clima
12:08,728,thrillerzs,thrillerzs,engraçado,1.0,Kkkkk
12:10,730,light_juggernaut,light_juggernaut,confuso,1.0,E as extrasistoles?
12:10,730,peluciacensurada,PeluciaCensurada,neutro,1.0,que lugar bonito
12:11,731,jap0nessa,jap0nessa,engraçado,1.0,!clima Rio de Janeiro
12:11,731,kyromiguel,kyromiguel,neutro,1.0,!clima
12:11,731,saturadosenpai,saturadosenpai,neutro,1.0,nofap
12:11,731,gabriel__00000,GaBrIeL__00000,neutro,1.0,!Clima
12:12,732,wesleykolomar_br,wesleykolomar_br,confuso,1.0,já saiu a beta do sexo 5?
12:14,734,urahmeshi,Urahmeshi,neutro,1.0,bora na casa de massagem
12:14,734,pedepanomttriste,PeDePanoMtTriste,neutro,1.0,Parecendo doom
12:16,736,moisesthunder,moisesthunder,neutro,1.0,Voltou para o jalapão baka
12:17,737,pulchram12,pulchram12,neutro,1.0,Vai lá ó
12:17,737,reptilianomestre,ReptilianoMestre,engraçado,1.0,!privassydobaka
12:19,739,almof4dinh4s,Almof4dinh4s,neutro,1.0,caraio o mn acerto memo
12:19,739,dafegi,Dafegi,engraçado,0.5,No Japão é tudo ao contrário mesmo?
12:20,740,kaworuiiiiii,kaworuiiiiii,neutro,1.0,cade o campeonato de farmar aura
12:21,741,bellattore_,bellattore_,neutro,1.0,!gozar
12:22,742,blue_snow86,blue_snow86,neutro,1.0,"Meu Deus, deja vu"
12:22,742,jephwell,jephwell,neutro,1.0,ue
12:23,743,kratoscarecaa,kratoscarecaa,neutro,1.0,Ata
12:24,744,huan778,huan778,neutro,1.0,!clima
12:26,746,alphaya8,alphaya8,confuso,1.0,Meu sub chegou aí?
12:26,746,itsnagumo,itsnagumo,confuso,1.0,ninguem viu a sentinela de controle?
12:28,748,erickhsn,erickhsn,neutro,1.0,eu achei q era semana q vem
12:29,749,pedepanomttriste,PeDePanoMtTriste,frustrado,1.0,Ainda gastou o item pqp
12:29,749,joaoxerosoo,joaoxerosoo,neutro,1.0,aham sei
12:29,749,tobleroneopicional,tobleroneopicional,neutro,1.0,Kakakaakakakakaaka
12:29,749,tonydurag,tonydurag,confuso,1.0,dropou o brazilzao?
12:31,751,shingouki10,shingouki10,confuso,1.0,Tá no shopping Tamanduateí?
12:31,751,ojeanos,oJeanos,confuso,1.0,Qual o cooldown da ward ?
12:31,751,flowxr6,flowxr6,neutro,1.0,Já que tá ai faz uns 15 videos
12:31,751,traveler999,Traveler999,neutro,1.0,""" sem querer """
12:32,752,hemoglobina05,hemoglobina05,neutro,1.0,de volta ao japênis
12:32,752,lana_tomioka,lana_tomioka,neutro,1.0,Ata
12:33,753,senhorley,senhorley,neutro,1.0,Aqui disse que o clima é de tesão 🥴
12:34,754,palhaco7,palhaco7,confuso,1.0,Tá e quanto tempo foi de viagem?
12:34,754,meialul,Meialul,confuso,1.0,Pegou quest ou vai ficar só explorando ?
12:36,756,peix3manso,peix3manso,neutro,1.0,seu cu
12:37,757,failedtea,FailedTea,confuso,1.0,TELEP?
12:37,757,hunterma30,HunterMa30,neutro,1.0,vai de beco já
12:37,757,dntaliba55fe,dntaliba55fe,confuso,1.0,BAKA ESTA EM SP ?
12:40,760,traveler999,Traveler999,confuso,1.0,"sem querer entrei um avião e brotei no japão, quem uca?"
12:40,760,j_pauloo,j_pauloo,confuso,1.0,vc voltou pra gravar conteúdo ou ficar um tempo aí?
12:42,762,julio_gnomio,julio_gnomio,neutro,1.0,oba casa de massagem
12:42,762,urahmeshi,Urahmeshi,neutro,1.0,"agora q ja liberou o mapa, é so da tp"
12:42,762,loookayy,loookayy,positivo,0.5,a progressão dessa área é boa?
12:44,764,alextheprowler,Alextheprowler,neutro,1.0,vc deu foi FF do brasil
12:45,765,reptilianomestre,ReptilianoMestre,engraçado,1.0,!privaçy do baka
12:45,765,jephwell,jephwell,neutro,1.0,todo cagado
12:46,766,mistresssamanta,サマンタ,frustrado,1.0,baka nao tankou o brasil e funk kiara
12:46,766,traveler999,Traveler999,neutro,1.0,nunca*
12:46,766,rauldesouz,rauldesouz,neutro,1.0,foi jogar um camp da farmar aura no japil
12:46,766,residente_dorminhoko,residente_dorminhoko,frustrado,1.0,infelizmente não tankou o bananil
12:46,766,hemoglobina05,hemoglobina05,neutro,1.0,!clima
12:47,767,nightbot,Nightbot,neutro,1.0,Agora em Tokyo tá 69F (21C)
12:47,767,saturadosenpai,saturadosenpai,positivo,1.0,"Osasco é lindo mesmo, está até de dia ainda 🥰🥰🥰"
12:49,769,tobleroneopicional,tobleroneopicional,confuso,1.0,Qual a sensação de vorta baka?
12:49,769,keystoneherbett,KeystoneHerbett,neutro,1.0,Osasco é chuvosos mesmo.
12:50,770,lambisgoio_gosma,lambisgoio_gosma,neutro,1.0,Llk
12:51,771,heartonlyheart,HeartOnlyHeart,neutro,1.0,Ecaaa
12:52,772,yuriairesb,YuriAiresB,neutro,1.0,"Voltou pro Japão e já começou a falar ""Né"""
12:53,773,julio_gnomio,julio_gnomio,neutro,1.0,upskirt
12:53,773,flowxr6,flowxr6,engraçado,1.0,Voltou as piadas repetidas péssimas
12:56,776,codinomepru,codinomepru,confuso,1.0,Chegou quando no Japão?
12:57,777,alessandroprudente,alessandroprudente,confuso,1.0,Isso são horas?
12:57,777,aberstone,Aberstone,positivo,1.0,Nao existe amor em sp
12:58,778,pedepanomttriste,PeDePanoMtTriste,confuso,1.0,Saiu de casa fodido? La el
12:58,778,e006cr,e006cr,confuso,1.0,Ja gravou quantos videos nessa chuva ai?
12:58,778,jephwell,jephwell,neutro,1.0,saudade disso
12:59,779,brucecorp,brucecorp,positivo,1.0,"cara tá fugindo do pcc, yakuza é mais de boa"
12:59,779,wesleykolomar_br,wesleykolomar_br,neutro,1.0,coisa linda na chuva
13:00,780,riiyuji,Riiyuji,confuso,1.0,Ler o chat nao quer ne vagabundo
13:00,780,wemersom_cmtz,wemersom_cmtz,neutro,1.0,Nao vai beijar ngm msm
13:02,782,bellattore_,bellattore_,neutro,1.0,@dntaliba55fe Baka ta na Coreia do Norte
13:02,782,shadowziiim,shadowziiim,neutro,1.0,fdp tá no Shopping Tatuapé metendo fake que tá em Tóquio
13:02,782,joaoxerosoo,joaoxerosoo,confuso,1.0,nem limpou a bunda?
13:04,784,ryanslaayer,RyanSlaayer,confuso,0.667,Todo fudido?? Kappa
13:05,785,johnnyguitar1954,johnnyguitar1954,neutro,1.0,O AXÉ RENASCE
13:07,787,noel_202020,noel_202020,confuso,1.0,Volta definitiva????
13:08,788,kisekiih,kisekiih,engraçado,1.0,kisekiih subscribed at Tier 1. They've subscribed for 12 months!
13:09,789,thrillerzs,thrillerzs,confuso,1.0,Aposto que ta só de camiseta e pelado embaixo
13:09,789,huan778,huan778,confuso,1.0,Isso e em guarulhos se eu não me engano não?
13:10,790,carolinenaomii,CarolineNaomii,neutro,1.0,minhocão
13:10,790,pskaren,pskaren,neutro,1.0,a afinação do divo
13:12,792,whouzen,whouzen,confuso,0.667,o proximo punhetaço sera lendario
13:12,792,angelz_s,angelz_s,neutro,1.0,databaseBah
13:13,793,geogeo_chan,geogeo_chan,confuso,1.0,Se sente em casa?
13:14,794,reptilianomestre,ReptilianoMestre,neutro,1.0,AS OBRAS SOMOS NOZES
13:14,794,fumarfazbem,FumarFazBem,confuso,1.0,é brasil ?
13:15,795,satesagatha,satesagatha,confuso,1.0,Vai ficar?
13:15,795,pedro_polegar,pedro_polegar,neutro,1.0,No Brasil fica todo arrumadinho chega no Japão veste o cosplay de mendigo
13:17,797,giowink_o,giowink_o,confuso,1.0,Isso ai é no Maranhão?
13:18,798,paulo_930,paulo_930,confuso,1.0,Moro do dendê é difícil de invadir?
13:18,798,artuurbr21,artuurbr21,confuso,1.0,vc ainda tem medo de altura ou de cair de lugar alto?
13:20,800,julio_gnomio,julio_gnomio,engraçado,1.0,voltou a daniela mer cu ri
13:21,801,professorakpopercomunista,professorakpopercomunista,neutro,1.0,finalmente uma live sem react de video do careca
13:22,802,pedepanomttriste,PeDePanoMtTriste,neutro,1.0,Tava com saudade de falar absurdos em público ne
13:23,803,rauldesouz,rauldesouz,confuso,1.0,esse ai é aquele lugar parecido com tokio em fortaleza ?
13:24,804,flowxr6,flowxr6,positivo,1.0,Sabiamos que ia piorar
13:25,805,haykkj,Haykkj,neutro,1.0,doglaHihi doglaHihi doglaHihi
13:25,805,daikii_zzz,daikii_zzz,neutro,1.0,CARAI ELE FOI MEMO
13:27,807,urahmeshi,Urahmeshi,confuso,1.0,essa live ja ta com dlss5?
13:28,808,reptilianomestre,ReptilianoMestre,confuso,1.0,PRA QUE JOGAR BOLA NA MAVI?
13:28,808,caiopinto120887,caiopinto120887,neutro,1.0,Essas obras nunca acaba
13:29,809,henshinchem,henshinchem,engraçado,1.0,henshinchem subscribed at Tier 1.
13:29,809,lambisgoio_gosma,lambisgoio_gosma,confuso,1.0,"Virou técnico de informática, foi?"
13:30,810,hunterma30,HunterMa30,engraçado,1.0,kkkkkkkkkkkkkk
13:30,810,bellattore_,bellattore_,confuso,1.0,É assim que é a Coreia do norte?
13:31,811,devsakazaki,devsakazaki,neutro,1.0,MENTIRAAAAAAA
13:32,812,failedtea,FailedTea,confuso,1.0,Qual nome dessa rua de Osasco?
13:32,812,shingouki10,shingouki10,neutro,1.0,"O novo meta das irl é humilhar o pessoal na rua, tenta aí baka"
13:33,813,dntaliba55fe,dntaliba55fe,neutro,1.0,ESCORREGA PFVR
13:34,814,ryan_goslingdrive7,ryan_goslingdrive7,neutro,1.0,Ksksksk
13:34,814,pedepanomttriste,PeDePanoMtTriste,neutro,1.0,Juro miga vey
13:36,816,pskaren,pskaren,neutro,1.0,cuidado pq osso de idoso não cola
13:37,817,henryseesghosts,henryseesghosts,neutro,1.0,oi daddy
13:39,819,helsefille,HelseFille,neutro,1.0,Voltou pra morar foi
13:39,819,eliseujr55,EliseuJr55,neutro,1.0,juro miga
13:41,821,light_juggernaut,light_juggernaut,positivo,1.0,Boa divonica babilonica bafuda
13:43,823,riiyuji,Riiyuji,engraçado,1.0,FINALMENTE UMA LIVE DECENTE E NAO AQUELAS PORCARIA QUE FAZIA AQUI NO BR
13:45,825,pulchram12,pulchram12,engraçado,1.0,LUL
13:45,825,julio_gnomio,julio_gnomio,positivo,1.0,vamo num gacha
13:47,827,hemoglobina05,hemoglobina05,neutro,1.0,caiu
13:48,828,leodapamonha,leodapamonha,confuso,1.0,qq deu q o zé voltou pro japas?
13:51,831,pedro_polegar,pedro_polegar,neutro,1.0,Tem que cair sim!! Tem que ter queda pra dar mais like po
13:51,831,daikii_zzz,daikii_zzz,confuso,1.0,Vai pra onde Baka??
13:52,832,tobleroneopicional,tobleroneopicional,neutro,1.0,É isso mesmo senhoras e senhores ele está no AUGE
13:52,832,tonydurag,tonydurag,confuso,1.0,te aceitaram notrampo de becologo tranquilo?
13:52,832,maruj00,maruj00,neutro,1.0,Trauma de escadas
13:53,833,crashorro,Crashorro,confuso,1.0,NOQ OS CHINESES TRANSFORMARAM A BAHIA
13:54,834,arkxnz_,arkxnz_,neutro,1.0,São Paulo tá diferente
13:56,836,wesleykolomar_br,wesleykolomar_br,confuso,1.0,tem Mod aqui?
13:57,837,filipi_21,Filipi_21,neutro,1.0,rtx on
13:57,837,pedepanomttriste,PeDePanoMtTriste,neutro,1.0,No Japão é outras fictas
13:57,837,boomer_mz,boomer_mz,confuso,1.0,E o punhetasso baka? E o no fap?
13:58,838,geogeo_chan,geogeo_chan,confuso,0.667,Vai pegar cachorro quente? Os de Osasco são bom
14:01,841,jesusburguess,jesusburguess,neutro,1.0,Esquece
14:01,841,eliseujr55,EliseuJr55,neutro,1.0,ce sabi
14:01,841,wemersom_cmtz,wemersom_cmtz,confuso,1.0,Medo de cair e quebrar um braço?🏳️‍🌈
14:03,843,henryseesghosts,henryseesghosts,neutro,1.0,daddy tava com saudades do Japão
14:04,844,luxnis_,luxnis_,confuso,1.0,Vai passar quanto tempo ai?
14:06,846,pristonfield,Pristonfield,confuso,1.0,quis escalação?
14:07,847,daikii_zzz,daikii_zzz,neutro,1.0,Mehh
14:07,847,kthyosu,kthyosu,neutro,1.0,BRENO BIDON.
14:08,848,riiyuji,Riiyuji,frustrado,1.0,Achei meio bosta
14:09,849,huan778,huan778,neutro,1.0,Que que fazemos agora baka
14:09,849,izaac48,izaac48,positivo,1.0,Vamos ter vídeo no Japão denovo
14:09,849,flowxr6,flowxr6,confuso,1.0,Esse é o tal do Messi?
14:10,850,reptilianomestre,ReptilianoMestre,confuso,1.0,PRA QUE JOGAR BOLA NA MAVI? PRA QUE JOGAR BOLA NA MAVI? EM MI NO
14:10,850,akirosetonai,AkiroSetonai,frustrado,1.0,n tankou osasco e voltou pra osaka
14:11,851,picolino0418,picolino0418,positivo,1.0,"Bindon, esquece mto foda"
14:11,851,tobleroneopicional,tobleroneopicional,neutro,1.0,Fezes baka
14:11,851,peluciacensurada,PeluciaCensurada,confuso,1.0,Rafinha Bastos?
14:11,851,sr_vitor13,sr_vitor13,neutro,1.0,Que nostalgia
14:12,852,light_juggernaut,light_juggernaut,neutro,1.0,De bola eu sabia que vc gostava msm
14:12,852,nando_wk,nando_wk,neutro,1.0,pega na minha bola
14:14,854,palhaco7,palhaco7,neutro,1.0,Raphinha neles
14:15,855,a_palavra_cabalistica_eh,凹凸凹凸凹凸凹凸凹凸凹,neutro,1.0,cara virou boleiro tsc tsc
14:16,856,shingouki10,shingouki10,neutro,1.0,Eu li boleiro e entendi bicheiro
14:20,860,kise_ryota__,Kise_Ryota__,neutro,1.0,se foder seleção
14:22,862,ryan_goslingdrive7,ryan_goslingdrive7,positivo,1.0,Senhoras e senhores voltamos!!!!!!!
14:23,863,pitayablu_,pitayablu_,positivo,0.5,morisco é pika
14:24,864,pedro_polegar,pedro_polegar,neutro,1.0,Mini casé
14:25,865,alextheprowler,Alextheprowler,neutro,1.0,to ansioso pro jogo contra a india
14:29,869,pskaren,pskaren,neutro,1.0,vai ter gol do samu lino
14:29,869,residente_dorminhoko,residente_dorminhoko,confuso,1.0,breno guidon?
14:29,869,boomer_mz,boomer_mz,confuso,1.0,E o punhetasso baka já perdeu o no fap?
14:30,870,tilasdbd,TilasDBD,confuso,1.0,E a nova contratação do Vasco?
14:30,870,whouzen,whouzen,neutro,1.0,volto pra pegar a chuva japonesa
14:31,871,tuber993,tuber993,neutro,1.0,Po mandou bem. Viver no Brasil é uma m man
14:31,871,caiopinto120887,caiopinto120887,neutro,1.0,SEI DESSAS PARADA NÃO IRMÃO
14:31,871,lanadka,Lanadka,engraçado,1.0,@ReptilianoMestre Arrogaanty l!! Kkkkkkk
14:32,872,fliptriprip,FlipTripRip,engraçado,1.0,Gabriel Goodweather.
14:33,873,jephwell,jephwell,neutro,1.0,fap fap fap fap fap fap fap fap fap fap fap 💦💦
14:33,873,dntaliba55fe,dntaliba55fe,neutro,1.0,RAPHINHA EH UM OMISSO MERECE SER APEDREJADO
14:35,875,pedepanomttriste,PeDePanoMtTriste,neutro,1.0,E meu São Paulo tomando um pau do Boca Juniors
14:36,876,darkhunter2e,darkhunter2e,engraçado,1.0,Tinha que ter deixado o Endrick de lado e chamado o Cunha. Endrick não tem um jogo sequer depois da copa
14:37,877,pristonfield,Pristonfield,confuso,1.0,breno bidon é aquela twink?
14:39,879,wesleykolomar_br,wesleykolomar_br,confuso,1.0,cade os mod da live?
14:39,879,andersondias,andersondias,neutro,1.0,Tá chovendo a beça
14:39,879,daikii_zzz,daikii_zzz,neutro,1.0,DinoDance DinoDance
14:39,879,ariella_32,ariella_32,confuso,1.0,tava com sdds do Japão bakinha lindinho ?
14:39,879,kthyosu,kthyosu,neutro,1.0,senti a falta do Pedro raul na convocação
14:43,883,shingouki10,shingouki10,confuso,1.0,Khazix?
14:43,883,palhaco7,palhaco7,neutro,1.0,Já tão batendo punheta aq baka para os cara
14:46,886,mrbloodkira,Mrbloodkira,neutro,1.0,vai ser assaltado ai na sé
14:47,887,winklesdw,WINKLEsdw,confuso,1.0,Voltou pro server do japão?
14:47,887,sugurodog,sugurodog,confuso,1.0,Que câmera tu usa baka?
14:48,888,reptilianomestre,ReptilianoMestre,confuso,1.0,@lanadka DONDE QUERERES?
14:51,891,arkimn,arkimn,positivo,1.0,vendo a live dando o meu cu! manda salve @BakaGaijinLive
14:51,891,pisaoficial,PisaOficial,neutro,1.0,databaseDance
14:52,892,paulo_930,paulo_930,positivo,1.0,Bola peluda é melhor sem pelo
14:52,892,henryseesghosts,henryseesghosts,neutro,1.0,baaaaaaka
14:53,893,riiyuji,Riiyuji,neutro,1.0,LE O CHAT OMISSO
14:53,893,xenohfanes,xenohfanes,confuso,1.0,Vortou Memo ou foi só dar uma satisfação de trabalho mano?
14:56,896,2dimm,2Dimm,frustrado,1.0,quer dizer que não tankou o bostil
14:58,898,hemoglobina05,hemoglobina05,neutro,1.0,se mete
14:59,899,failedtea,FailedTea,engraçado,1.0,FailedTea subscribed with Prime.
14:59,899,tobleroneopicional,tobleroneopicional,confuso,1.0,Como tá essa readaptação baka?
14:59,899,srbiscoito16,SrBiscoito16,neutro,1.0,Ficar no Brasil não tava pagando boleto né seu safado
14:59,899,kudacobra,kudacobra,neutro,1.0,fala do campeonato de futvolei
14:59,899,light_juggernaut,light_juggernaut,neutro,1.0,"Eu não acredito em vc, remova a tela verde"
15:00,900,huan778,huan778,confuso,1.0,Qual e a escalação do Japão fc ?
15:00,900,mttzera,MTTZERA,confuso,1.0,Voltou pq seu inseto?
15:02,902,takireo_,Takireo_,positivo,0.5,Cheer100 quanto tempo vai ficar aí?
15:03,903,brunosb654,brunosb654,engraçado,1.0,brunosb654 subscribed with Prime.
15:03,903,daikii_zzz,daikii_zzz,neutro,1.0,Que delícia
15:03,903,caiopinto120887,caiopinto120887,confuso,1.0,caiopinto120887 watched 5 consecutive streams and sparked a watch streak! 5 visualizações de onde se nem teve live?
15:04,904,riiyuji,Riiyuji,neutro,1.0,Se mete por dentro
15:04,904,alphaya8,alphaya8,neutro,1.0,A musiquinha da estação
15:06,906,sakylvy,sakylvy,neutro,1.0,baka quando você volta ao brasil tô com saudade já
15:07,907,crazywiick,crazywiick,confuso,1.0,ele voltou pro japao msm?
15:07,907,dafegi,Dafegi,neutro,1.0,Foi JP só calçar pokémon
15:08,908,thrillerzs,thrillerzs,positivo,0.5,Vamos ter punhetaço dessa vez? Saco ta inchado
15:08,908,palhaco7,palhaco7,engraçado,0.5,O chat tá só pra rico hoje?
15:08,908,boggyneo,boggyneo,positivo,1.0,boa noite bom dia
15:09,909,kthyosu,kthyosu,confuso,1.0,a revolução será twink
15:10,910,pedro_polegar,pedro_polegar,neutro,1.0,Saca o 38
15:11,911,number_five_zero,number_five_zero,confuso,1.0,A bunda já molhou?
15:13,913,pristonfield,Pristonfield,neutro,1.0,cosplay de mendigo
15:13,913,pedepanomttriste,PeDePanoMtTriste,positivo,1.0,E vaziona a rua q vibe boa
15:14,914,eliseujr55,EliseuJr55,neutro,1.0,vai meteno aí
15:15,915,ernestocosta123,ernestocosta123,neutro,1.0,nossa que nostalgia
15:15,915,gh0st813,gh0st813,neutro,1.0,Cade us beku
15:16,916,rystc7,rystc7,confuso,1.0,Qual o estado do Ceará?
15:16,916,lanadka,Lanadka,engraçado,1.0,@ReptilianoMestre snopeyAnotando kkkkkkkkkk
15:18,918,igh0r5,Igh0r5,confuso,1.0,É real não é uma holograma esse Japão aí?
15:19,919,heartonlyheart,HeartOnlyHeart,neutro,1.0,Tênis mais velho q eu
15:20,920,e006cr,e006cr,neutro,1.0,Tenis todo capengo
15:21,921,kyromiguel,kyromiguel,positivo,0.5,"mosca com o celular ai nao baka, sao paulo eh foda"
15:22,922,riiyuji,Riiyuji,neutro,1.0,A gente quer ver tu molhado baka saca o guardas nao
15:23,923,jephwell,jephwell,confuso,1.0,que isso inchado?
15:23,923,dntaliba55fe,dntaliba55fe,neutro,1.0,A BUNDINHA TA MOLHADINHA BAKA
15:26,926,tobleroneopicional,tobleroneopicional,neutro,1.0,Estou excitado senhores
15:26,926,ryan_goslingdrive7,ryan_goslingdrive7,engraçado,1.0,"Baka tô assistindo com o roteador do celular da empresa, não tô entendendo nada pq tá a 2fps mas to feliz"
15:26,926,shingouki10,shingouki10,neutro,1.0,Tá gravando vídeo pro canal né safado
15:29,929,flowxr6,flowxr6,engraçado,1.0,@kthyosu O baka é revolucionario então
15:29,929,palhaco7,palhaco7,neutro,1.0,@Takireo_ Papo de 2/3 semanas bro
15:29,929,jeeh3006,Jeeh3006,neutro,1.0,bakagaPiu
15:30,930,sakylvy,sakylvy,neutro,1.0,ele ta em fortaleza
15:33,933,gabriel__00000,GaBrIeL__00000,neutro,1.0,1 milhão e Meio de pessoas na Live
15:37,937,peix3manso,peix3manso,neutro,1.0,nice fundo verde
15:38,938,chiquitooo,chiquitooo,engraçado,0.5,"chiquitooo subscribed with Prime. They've subscribed for 3 months, currently on a 1 month streak! Voltou a morar no Japão, ou está só a passeio?"
15:38,938,kise_ryota__,Kise_Ryota__,confuso,1.0,trabalho agora é 4 dias remoto e 1 presencial?
15:39,939,peluciacensurada,PeluciaCensurada,positivo,1.0,nada como o bom e velho japil né …. br eh meio zuado
15:40,940,devmosts2,devmosts2,neutro,1.0,ue''eé japon de novo
15:42,942,iceraptron,iceraptron,neutro,1.0,quanto tempo de delay na warp pra voltar pro brasas
15:42,942,amniyaa,Amniyaa,confuso,1.0,chovendo muito ai baka?
15:44,944,takireo_,Takireo_,positivo,1.0,@palhaco7 Valeu meu chapa
15:46,946,satesagatha,satesagatha,neutro,1.0,Live de 5 horas para matar a saudade
15:48,948,boomer_mz,boomer_mz,confuso,1.0,Já bateu quantas punheta hoje?
15:49,949,repitiliamo,repitiliamo,neutro,1.0,isso e em manaus baka safaitdo
15:54,954,rkknn6,rkknn6,neutro,1.0,punhetaço ON
15:56,956,vik1ng66,vik1ng66,neutro,1.0,Baka me manda um beijo 😘
15:59,959,todyyn69,todyyn69,neutro,1.0,Cuidado pra não molhar a tua solda aí baka
16:00,960,shingouki10,shingouki10,neutro,1.0,Um vídeo por milênio gorducho
16:00,960,e006cr,e006cr,neutro,1.0,@Takireo_ Entre 6 ou 7
16:04,964,guil4ra,guil4ra,engraçado,1.0,kkk
16:04,964,pedepanomttriste,PeDePanoMtTriste,positivo,1.0,6 da a gente ta naquele clima bom dia
16:04,964,ptkz1nn,ptkz1nn,confuso,1.0,"Nossa, é aquele cara la do Japao? Ele Voltou?"
16:05,965,lkaleatorio,lkaleatorio,neutro,1.0,Sarchicha
16:05,965,paulo_930,paulo_930,neutro,1.0,"Mano, para de falar e anda escravo"
16:05,965,seuriba,SeuRiba,neutro,1.0,BAKAAAAAAAAAAAAAAAAAA
16:06,966,palhaco7,palhaco7,confuso,1.0,Oq vc tem a dizer sobre o Comeback dos não Reais nesse chat?
16:07,967,thrillerzs,thrillerzs,neutro,1.0,Cara nem dormiu e ja saiu pra rua
16:07,967,dntaliba55fe,dntaliba55fe,neutro,1.0,BAKA VC VAI ESCORREGAR AI
16:10,970,euma_maria7373,euma_maria7373,neutro,1.0,livre gravada de manhã no ceará
16:10,970,heartonlyheart,HeartOnlyHeart,neutro,1.0,K
16:11,971,wemersom_cmtz,wemersom_cmtz,confuso,1.0,Comeu gente antes de voltar pro Japão?
16:11,971,peacejal,peacejal,engraçado,1.0,peacejal subscribed at Tier 1.
16:14,974,luxnis_,luxnis_,engraçado,0.5,Voltou pro prime baka?
16:14,974,nexdenoir,nexdenoir,neutro,1.0,vc ta em sp ainda para de inventar lorota
16:15,975,tobleroneopicional,tobleroneopicional,confuso,1.0,tobleroneopicional watched 3 consecutive streams and sparked a watch streak! Baka voltou a passeio?
16:15,975,pristonfield,Pristonfield,neutro,1.0,avisa
16:15,975,number_five_zero,number_five_zero,positivo,1.0,Lindo
16:15,975,peix3manso,peix3manso,neutro,1.0,espera só até ele ver
16:16,976,arkimn,arkimn,neutro,1.0,gozei
16:16,976,riiyuji,Riiyuji,frustrado,1.0,"FINALMENTE UMA LIVE DECENTE NE, E NAO AQUELAS BOSTA QUE TU FAZIA AQUI"
16:17,977,jephwell,jephwell,neutro,1.0,aquele da mulher no avião foge! foge c*ralho!
16:17,977,leodapamonha,leodapamonha,confuso,1.0,e o temporal que ta ai? parou de chover desde que tu chegou ou tá só água?
16:18,978,entreoutrosai,EntreOutrosAi,inspirado,1.0,Continua manco
16:18,978,residente_dorminhoko,residente_dorminhoko,neutro,1.0,cada dia mais gordo
16:18,978,igh0r5,Igh0r5,neutro,1.0,Baka ficou com medo dos furacão do Brasil resolveu voltar pro Japão
16:18,978,caiopinto120887,caiopinto120887,neutro,1.0,Nofa 🫪
16:19,979,sakylvy,sakylvy,neutro,1.0,baka vai ficar 67 meses no japão
16:21,981,pedro_polegar,pedro_polegar,engraçado,1.0,Vai ser preso na primeira live fica vendo
16:22,982,arkkanjo10,arkkanjo10,negativo,1.0,muito feio filho
16:22,982,sombrx13,sombrx13,neutro,1.0,QUE SUSTO PORRA
16:22,982,pristonfield,Pristonfield,neutro,1.0,visão dela
16:23,983,flowxr6,flowxr6,neutro,1.0,Parece um velho
16:25,985,naoeogalahad,naoeogalahad,neutro,1.0,Jumpscare
16:26,986,shingouki10,shingouki10,neutro,1.0,Tira disso aí ksksksksksk
16:26,986,comuna_safadown,Comuna_Safadown,neutro,1.0,2 queixos
16:26,986,sakylvy,sakylvy,neutro,1.0,live em fortaleza ceará
16:27,987,giowink_o,giowink_o,neutro,1.0,todo intelectual
16:28,988,kratoscarecaa,kratoscarecaa,neutro,1.0,Parece um psicopata
16:28,988,tobleroneopicional,tobleroneopicional,positivo,1.0,Que lindo slk
16:29,989,winklesdw,WINKLEsdw,neutro,1.0,4 olhos e 2 queixos
16:29,989,dafegi,Dafegi,neutro,1.0,Uma senhora de 82 anos
16:30,990,neekotinakkj,neekotinakkj,neutro,1.0,OMAGA baka online hiii
16:30,990,alektrospirozy,Alektrospirozy,confuso,1.0,Cade vc apontando mais vezes?
16:30,990,dntaliba55fe,dntaliba55fe,neutro,1.0,BAKA TA PARECENDO O KOJIMA OU EH IMPRESSÃO MINHA
16:30,990,pedepanomttriste,PeDePanoMtTriste,neutro,1.0,aquele cara do Japão 🤓👆
16:31,991,konikonyan,KoniKonyan,neutro,1.0,não precisava dessa troca
16:31,991,o_cthulhinho,o_cthulhinho,confuso,1.0,Vai fica quanto tempo?
16:31,991,amniyaa,Amniyaa,engraçado,1.0,ta o emoji de nerd purinho com esse oculos
16:31,991,filipi_21,Filipi_21,confuso,1.0,ja gozou ai no japao baka?
16:32,992,boomer_mz,boomer_mz,confuso,1.0,E o punhetasso baka? Perdeu já?
16:32,992,thrillerzs,thrillerzs,neutro,1.0,Queixo duplo com cheddar
16:36,996,geogeo_chan,geogeo_chan,engraçado,1.0,"Tá estiloso de lupa, loirinha"
16:37,997,repitiliamo,repitiliamo,neutro,1.0,zyndalWiggle zyndalWiggle zyndalWiggle zyndalWiggle
16:37,997,shingouki10,shingouki10,positivo,1.0,Parecendo o Homer topetudo
16:39,999,sakylvy,sakylvy,neutro,1.0,vai pra osaka já
16:40,1000,dntaliba55fe,dntaliba55fe,neutro,1.0,EU SOU BAKALOVER
16:41,1001,lucas27costa,Lucas27Costa,neutro,1.0,chuta um japa e sai correndo
16:41,1001,jdarkxtreme,jdarkxtreme,neutro,1.0,perdi o nofap
16:41,1001,artoo_astromechdroid,artoo_astromechdroid,neutro,1.0,"""Volta o cão arrependido, com suas orelhas tão fartas, com seu osso roído e com o rabo entre as patas"""
16:42,1002,fa_do_aspas_e_nao_da_org,Fa_do_Aspas_e_nao_da_Org,engraçado,1.0,kkkkkkkk
16:43,1003,tobe_94,tobe_94,frustrado,1.0,"voltou pro Brasil, não tankou 6 meses e voltou pro Japão"
16:43,1003,calima_mx,calima_mx,positivo,1.0,Bom dia baka
16:44,1004,lukasortelli,lukasortelli,neutro,1.0,desculpa baka o Japão é mais legal
16:44,1004,professorakpopercomunista,professorakpopercomunista,neutro,1.0,tava sim
16:45,1005,xenohfanes,xenohfanes,neutro,1.0,"Caraio, 3 queixos, gordos ainda"
16:46,1006,light_juggernaut,light_juggernaut,confuso,1.0,E o prédio da calcinha?
16:47,1007,e006cr,e006cr,neutro,1.0,Só os fake fã
16:47,1007,sr_vitor13,sr_vitor13,neutro,1.0,Isso é em Fortaleza ce
16:49,1009,tilasdbd,TilasDBD,neutro,1.0,Só ligo pra beco
16:49,1009,rystc7,rystc7,confuso,1.0,Perdeu o queixo de buceta?
16:50,1010,cu41183,cu41183,neutro,1.0,fdp não decide se vai ou se fica
16:52,1012,peix3manso,peix3manso,neutro,1.0,elas morreram
16:53,1013,pedepanomttriste,PeDePanoMtTriste,neutro,1.0,Eu tavo aqui
16:53,1013,r4faela7,r4faela7,neutro,1.0,caramba baka ta lindao
16:55,1015,riiyuji,Riiyuji,neutro,1.0,"O REAL BAKA LOVER SOMENTE AMA O BAKAGAIJIN DO JAPAO, QUEM LIGA PRA LIVE NO  BRASIL FI"
16:55,1015,kad1nns,kad1nns,engraçado,1.0,kad1nns subscribed with Prime. They've subscribed for 26 months!
16:57,1017,seuriba,SeuRiba,neutro,1.0,CADE MEU CARTÃO DE VEIO CLONADO JAPONÊS
16:57,1017,professorakpopercomunista,professorakpopercomunista,neutro,1.0,1 vez a cada três meses
16:58,1018,number_five_zero,number_five_zero,neutro,1.0,Furtaram os cabos de energia
16:59,1019,neekotinakkj,neekotinakkj,positivo,1.0,gente que lindo
17:00,1020,o_cthulhinho,o_cthulhinho,confuso,1.0,Fica quanto tempo no JP?
17:01,1021,znepoo,zNepoo,confuso,1.0,japao???
17:01,1021,digowsky,Digowsky,neutro,1.0,q cara de senhor concursado
17:01,1021,lkaleatorio,lkaleatorio,neutro,1.0,Aroganthi
17:02,1022,tohagi,tohagi,engraçado,1.0,kkkkkkkkkkkkkkkkkkkkkkkkkkk
17:04,1024,parcival_x,Parcival_x,positivo,1.0,boa tarde bakaa
17:04,1024,phaantomlord,PhaantomLord,neutro,1.0,queremos a surra de bunda
17:04,1024,tobleroneopicional,tobleroneopicional,confuso,1.0,Tá roliço?
17:04,1024,crowley_zzy,crowley_zzy,engraçado,0.5,Cadê a surrinha de bunda no Japão?
17:06,1026,ibones7k,ibones7k,confuso,1.0,isso é em Manaus?
17:07,1027,iceraptron,iceraptron,confuso,1.0,aquela parede ali foi do novo update que teve quanto tu tava off no server do Japão?
17:07,1027,dntaliba55fe,dntaliba55fe,engraçado,1.0,KKKKKKKKKKK
17:07,1027,alektrospirozy,Alektrospirozy,engraçado,1.0,KKKKKKKKKKKKKKK
17:07,1027,boomer_mz,boomer_mz,neutro,1.0,Mostra a bunda aí baka
17:09,1029,znepoo,zNepoo,engraçado,1.0,arigato
17:09,1029,dafegi,Dafegi,confuso,1.0,Cadê os npc japonês não tão carregando?
17:10,1030,veltis12,veltis12,engraçado,1.0,Baka colocou a skin de MEDICÚ LUL LUL LUL
17:10,1030,lana_tomioka,lana_tomioka,engraçado,1.0,Kkkkkkkkkkkkkkk
17:11,1031,sr_ryann,Sr_Ryann,engraçado,1.0,KKKKKKKKKKKKKKKKKK
17:12,1032,paulo_930,paulo_930,confuso,1.0,Tá de cyclone?
17:12,1032,baratadesaiaaa,baratadesaiaaa,engraçado,1.0,Kkkkkkkkkkkk
17:13,1033,jephwell,jephwell,confuso,1.0,Baka pq a sua bunda foi parar na sua cara?
17:14,1034,thrillerzs,thrillerzs,engraçado,1.0,Kkkkkkkkk
17:15,1035,lc_felipe,lc_felipe,neutro,1.0,live até ficar de noite no japao
17:15,1035,pulchram12,pulchram12,engraçado,1.0,Kkkkkkkkkkk
17:16,1036,dontgustous01,dontgustous01,confuso,1.0,liberaram do cativeiro?
17:16,1036,ojohnnynho69,ojohnnynho69,confuso,1.0,Subathon?
17:17,1037,flowxr6,flowxr6,frustrado,1.0,Queixo de bunda pqp
17:18,1038,meialul,Meialul,confuso,1.0,Cade os npcs do mapa ?
17:18,1038,riiyuji,Riiyuji,neutro,1.0,PARA DE RECLAMAR QUE TU GANHA DINHEIRO PRA ISSO
17:19,1039,salvaraisabelanardoni,SalvarAisabelaNardoni,confuso,1.0,"fala baka, nao aguentou ficar longe das ninfa japa?"
17:21,1041,pedro_polegar,pedro_polegar,engraçado,1.0,"O filho da mãe ta parecendo mineiro em praia, chega no Japão primeiro dia começa a chover tomar no cu"
17:22,1042,ghazamm,ghazamm,confuso,1.0,inveja vem de tudo que é parte do mundo esquenta nao
17:23,1043,daviizica,DaviiZica,positivo,1.0,japão e muito bom ne
17:23,1043,sakylvy,sakylvy,negativo,1.0,baka tem como voltar pro brasil japão ta chato ja
17:24,1044,residente_dorminhoko,residente_dorminhoko,neutro,1.0,farmando aurea
17:25,1045,milsinho1992,miLsinHo1992,confuso,1.0,Mentira que voltou mano ? Os vídeos vão voltar Karaiiiii Brasil minha benga
17:25,1045,amniyaa,Amniyaa,engraçado,0.5,que isso fofuxo nao fica assim tristinho
17:26,1046,sugurodog,sugurodog,neutro,1.0,Essas cerejeiras parede do mines
17:27,1047,ibones7k,ibones7k,confuso,1.0,isso é Manaus?
17:28,1048,cacaaioo,cacaaioo,confuso,1.0,você foi com a Emirates ??
17:30,1050,tobleroneopicional,tobleroneopicional,engraçado,0.5,Que isso vou tirar print pro punhetaço
17:31,1051,lkaleatorio,lkaleatorio,neutro,1.0,Quem é essa armys
17:33,1053,hemoglobina05,hemoglobina05,confuso,1.0,pagou quanto pra esse cara andar por ai enquanto tu dubla ?
17:34,1054,neekotinakkj,neekotinakkj,neutro,1.0,muito fofinho bonitinho cuti cuti AYAYA
17:35,1055,putiferoo,putiferoo,neutro,1.0,São Paulo está com o penis menor
17:35,1055,alextheprowler,Alextheprowler,neutro,1.0,brasil n
17:36,1056,palhaco7,palhaco7,neutro,1.0,"📍 Fortaleza, Ce"
17:36,1056,pedepanomttriste,PeDePanoMtTriste,neutro,1.0,Esse cara é tarado sla
17:36,1056,parcival_x,Parcival_x,positivo,1.0,GOSTOSO
17:37,1057,ghazamm,ghazamm,engraçado,1.0,kkkkk
17:37,1057,alextheprowler,Alextheprowler,neutro,1.0,SP
17:38,1058,thrillerzs,thrillerzs,neutro,1.0,Ai sim ta com a calça largona do Gojo
17:38,1058,willys_o,willys_o,engraçado,1.0,willys_o subscribed with Prime.
17:39,1059,number_five_zero,number_five_zero,neutro,1.0,Ele foi de TAM
17:40,1060,shingouki10,shingouki10,neutro,1.0,Esquerda rolante
17:42,1062,c00kie_pisca_,c00kie_pisca_,confuso,1.0,Live em Xique Xique dessa vez ???
17:43,1063,dan_silvaz,dan_silvaz,neutro,1.0,Yagoo 🇯🇵
17:43,1063,lukasortelli,lukasortelli,engraçado,0.5,baka tá sexy de óculos já pensou em abrir onlyfans?
17:44,1064,hunterma30,HunterMa30,engraçado,1.0,KKKKKKKKKKKKKKKKKKKKK
17:45,1065,sr_ryann,Sr_Ryann,neutro,1.0,pode ter 3 queixos mas óh o estilo do homi
17:45,1065,flowxr6,flowxr6,engraçado,0.667,MUITO FEIOKKKKKKKKKKKKKKKKKKK
17:46,1066,sr_vitor13,sr_vitor13,engraçado,1.0,Kkkkkkkkkkk
17:46,1066,strikewolf5,strikewolf5,neutro,1.0,Saudades é a palavra
17:47,1067,blue_snow86,blue_snow86,neutro,1.0,Agora ele usa oculos
17:47,1067,meialul,Meialul,confuso,1.0,Bugou o mapa ? Ta sem npc
17:48,1068,boggyneo,boggyneo,neutro,1.0,q chique
17:49,1069,karasu2024,karasu2024,positivo,1.0,Cheer1 Cheer1 Cheer1 Cheer100
17:49,1069,wesleykolomar_br,wesleykolomar_br,neutro,1.0,todo six seven ele
17:51,1071,lucascoslim,lucascoslim,neutro,1.0,"Baka vc tem mó cara de petista, desculpa"
17:53,1073,alphaya8,alphaya8,neutro,1.0,Parabéns Baka por ter voltado para ai
17:53,1073,palhaco7,palhaco7,neutro,1.0,Uiui todo catar
17:54,1074,r4faela7,r4faela7,neutro,1.0,baka você tá um pouco calvo
17:55,1075,ibones7k,ibones7k,neutro,1.0,bakagaWetsumo
17:55,1075,matheusfdj79,MatheusFdJ79,neutro,1.0,pq diabos o baga tá no japones
17:55,1075,rodolfofdias87,rodolfofdias87,confuso,1.0,Voltou p buscar a fimose ?
17:56,1076,pedepanomttriste,PeDePanoMtTriste,neutro,1.0,Slc gente a escada rolante q país tecnológico
17:57,1077,caiopinto120887,caiopinto120887,neutro,1.0,FOI BANIDO DO BRASIL IGUAL O MONARK FALA A VERDADE FI.
17:57,1077,o_cthulhinho,o_cthulhinho,confuso,1.0,Quanto tempo fica aí?
18:00,1080,riiyuji,Riiyuji,neutro,1.0,FOI DE BAKA AIRLINES
18:00,1080,satesagatha,satesagatha,neutro,1.0,Quanto cabelo branco baka
18:01,1081,residente_dorminhoko,residente_dorminhoko,engraçado,0.5,qatar primeira classe? rico safado
18:04,1084,leonmastertembala,leonmastertembala,confuso,1.0,quanto tempo vai ficar no Japão baka?
18:05,1085,kise_ryota__,Kise_Ryota__,confuso,1.0,tava precisando de um novo estoque de filmagens do japis para os vídeos do youtube né
18:06,1086,carolinenaomii,CarolineNaomii,neutro,1.0,ele tá a cara da harry potter nova
18:06,1086,boomer_mz,boomer_mz,confuso,1.0,E a punheta baka?
18:07,1087,y_anzeen,y_anzeen,confuso,1.0,Voltou pra ficar baka gaijinho ou só ta de visitas?
18:08,1088,peluciacensurada,PeluciaCensurada,confuso,1.0,fica quanto tempo aí?
18:08,1088,peix3manso,peix3manso,neutro,1.0,ah credo
18:09,1089,pillsandknives,PillsAndKnives,neutro,1.0,que delicia
18:10,1090,pulchram12,pulchram12,neutro,1.0,Foi de Pernambuco Airlines
18:13,1093,davisouza78,davisouza78,neutro,1.0,Esse baka está muito yag
18:13,1093,neekotinakkj,neekotinakkj,confuso,1.0,@lucascoslim o que é uma cara de petista?
18:13,1093,dntaliba55fe,dntaliba55fe,confuso,1.0,NAO TEM HALLS NO JAPÃO?
18:14,1094,winklesdw,WINKLEsdw,neutro,1.0,WutFace
18:15,1095,razoado,razoado,neutro,1.0,Aproveita que tá cedo e passa em todos os becos das lives antigas
18:15,1095,rileydark,RileyDark,neutro,1.0,"E mentira isso, é tudo IA deu pra ver prompt bugando"
18:16,1096,bandinizin,bandinizin,positivo,1.0,bafo de pika
18:16,1096,geogeo_chan,geogeo_chan,neutro,1.0,Bafo de leite
18:17,1097,tobe_94,tobe_94,neutro,1.0,Parabéns Baka por ter fugido novamente do Brasil
18:17,1097,tobleroneopicional,tobleroneopicional,positivo,1.0,Que bafinho gostoso
18:17,1097,riiyuji,Riiyuji,neutro,1.0,TU É PORCO RAPAZ
18:17,1097,jephwell,jephwell,neutro,1.0,eu senti
18:17,1097,paulo_930,paulo_930,neutro,1.0,Pra que avião se dá andar pela água
18:18,1098,light_juggernaut,light_juggernaut,neutro,1.0,"Vai escovar o dente, porcão"
18:18,1098,andersondias,andersondias,confuso,1.0,Tá arrumando o que aí no Japão
18:19,1099,fabrishow71,fabrishow71,neutro,1.0,DEIXA A VOD DEPOIS BAKA POR FAVOR
18:19,1099,arkxnz_,arkxnz_,neutro,1.0,Xique xique baía tá bonita
18:21,1101,pedepanomttriste,PeDePanoMtTriste,neutro,1.0,Isso q da ficar comendo fezes
18:21,1101,juan_casavelhaaaa,juan_casavelhaaaa,neutro,1.0,Os npc nao tá carregando
18:21,1101,sr_vitor13,sr_vitor13,confuso,1.0,Vai ficar quanto tempo ?
18:21,1101,giowink_o,giowink_o,neutro,1.0,aqui ta dando pra sentir
18:22,1102,kratoscarecaa,kratoscarecaa,neutro,1.0,Bafo de pica
18:25,1105,daviizica,DaviiZica,neutro,1.0,krl
18:26,1106,lkaleatorio,lkaleatorio,neutro,1.0,Bado d rol
18:27,1107,palhaco7,palhaco7,neutro,1.0,Nu
18:27,1107,kthyosu,kthyosu,neutro,1.0,morra imediatamente
18:27,1107,eldenlewd,eldenlewd,neutro,1.0,Beijo me manda um baka 😘
18:28,1108,sugurodog,sugurodog,confuso,1.0,Tem torneio de farmar aura no Japão????
18:30,1110,failedtea,FailedTea,neutro,1.0,Ainda não tem 5D
18:31,1111,rodrigollls,Rodrigollls,neutro,1.0,Baka tá a cara do Longlegs
18:33,1113,filipi_21,Filipi_21,engraçado,1.0,LUL
18:33,1113,sakylvy,sakylvy,confuso,1.0,baka gravou essa live quando ele ainda tava no japão já contando que ele ia embora e ia fingir que voltou tlgd
18:34,1114,willys_o,willys_o,neutro,1.0,do nada
18:37,1117,erickhsn,erickhsn,neutro,1.0,casimiro deve feder tbm
18:39,1119,pedepanomttriste,PeDePanoMtTriste,neutro,1.0,Delícia cheiro de alanzoka
18:41,1121,kn0wk,Kn0wk,engraçado,1.0,💀
18:41,1121,putiferoo,putiferoo,confuso,1.0,Bafo que leite invelhecido
18:42,1122,flowxr6,flowxr6,neutro,1.0,Baka tem hiperfoco no Alanzoka
18:43,1123,bandinizin,bandinizin,neutro,1.0,é tiro
18:43,1123,neekotinakkj,neekotinakkj,neutro,1.0,o lugar vazio slk
18:44,1124,pedro_polegar,pedro_polegar,neutro,1.0,Só falta sentar no chão com a plaquinha de mendigo o cara ja ta
18:44,1124,dntaliba55fe,dntaliba55fe,confuso,1.0,OQ TEM A VER ELE SER PAI ?
18:47,1127,ibones7k,ibones7k,neutro,1.0,baka voltou empolgado
18:48,1128,ogamatsui,ogamatsui,confuso,1.0,Voltou pra ficar?
18:48,1128,crowley_zzy,crowley_zzy,neutro,1.0,Todo streamer fede
18:51,1131,jesusburguess,jesusburguess,neutro,1.0,Alanzoka é cheirozin
18:52,1132,wemersom_cmtz,wemersom_cmtz,neutro,1.0,Cheiro de comunista
18:53,1133,caiopinto120887,caiopinto120887,neutro,1.0,CHEIRO DE PINGOLA MIJADA
18:54,1134,maikon7501,maikon7501,neutro,1.0,Gordo fede mais
18:56,1136,jephwell,jephwell,confuso,0.667,serio que engravidaram do alan? 👀
18:57,1137,maykon_tmj,Maykon_Tmj,neutro,1.0,HMM q nojo
18:58,1138,vitonhonhi,vitonhonhi,neutro,1.0,Aí que e o museu do rock kskk
18:58,1138,shingouki10,shingouki10,frustrado,0.667,Tá cansado já? Gordin
19:00,1140,hunterma30,HunterMa30,neutro,1.0,NotLikeThis NotLikeThis NotLikeThis NotLikeThis NotLikeThis NotLikeThis
19:01,1141,xenohfanes,xenohfanes,neutro,1.0,"0 NPCs na rua, só pra ir aquecendo a cpu"
19:02,1142,daviizica,DaviiZica,neutro,1.0,casimiro vendeu a caze tv
19:03,1143,sw1ftt_,Sw1ftt_,neutro,1.0,"me, acredito q to vendo live do Baka no Japao dnv"
19:04,1144,seuriba,SeuRiba,neutro,1.0,São Luís Shopping ta diferente
19:04,1144,riiyuji,Riiyuji,neutro,1.0,QUE ANIMACAO
19:06,1146,igh0r5,Igh0r5,confuso,1.0,E o setembro segue firme?
19:07,1147,o_cthulhinho,o_cthulhinho,positivo,0.5,Fica quanto tempo? As lives eram melhores aí
19:09,1149,c00kie_pisca_,c00kie_pisca_,engraçado,1.0,Cheiro de Cheetos com suor kkk
19:09,1149,hityzera,Hityzera,engraçado,0.5,@erickhsn E o pato?
19:10,1150,tobleroneopicional,tobleroneopicional,neutro,1.0,Cara que maravilha ele vai emagrecer também acabou as LIVES DE CADEIRA
19:10,1150,pedepanomttriste,PeDePanoMtTriste,neutro,1.0,Peida molhado ainda
19:12,1152,ibones7k,ibones7k,neutro,1.0,PewPewPew
19:13,1153,boomer_mz,boomer_mz,confuso,1.0,E a punheta baka? Já perdeu? Desafio de setembro?
19:13,1153,hemoglobina05,hemoglobina05,neutro,1.0,"o gas do gordinho vaza, n tem jeito"
19:15,1155,imfilty,ImFilty,neutro,1.0,@jesusburguess cheiro de chola
19:20,1160,henrickmurata04,henrickmurata04,neutro,1.0,"obras eternas essa ai, desde 2022"
19:21,1161,dntaliba55fe,dntaliba55fe,neutro,1.0,IMAGINA O CHEIRO DO OROCHINHO
19:23,1163,catchau2005,catchau2005,neutro,1.0,"fala baka, já vi que vc iniciou a live,pode fechar"
19:23,1163,lkaleatorio,lkaleatorio,neutro,1.0,Policia
19:26,1166,paulo_930,paulo_930,confuso,1.0,Você é o dono da outra a mulher do pedreiro?
19:27,1167,sakylvy,sakylvy,neutro,1.0,não tem ngm na rua live gravada na pandemia
19:28,1168,caua26k_,caua26k_,neutro,1.0,Nooo ele tá vivo
19:29,1169,riiyuji,Riiyuji,confuso,1.0,VOLTOU A MORAR AE DOG?
19:32,1172,ratoacucar,ratoacucar,neutro,1.0,Binoculous
19:33,1173,putiferoo,putiferoo,neutro,1.0,Faz um clip sendo assediado
19:35,1175,r_lira28,r_lira28,neutro,1.0,CULPA DO SUKUNA
19:35,1175,takireo_,Takireo_,engraçado,1.0,Takireo_ subscribed at Tier 1.
19:37,1177,peix3manso,peix3manso,neutro,1.0,mb
19:38,1178,shingouki10,shingouki10,neutro,1.0,Fala do Brasil agoraaaaaaa
19:38,1178,xeiuu1,xeiuu1,neutro,1.0,eu sou real baka
19:38,1178,xguiha,xGuiha,positivo,1.0,esse governo do pt é foda nao termina obra
19:38,1178,kindelyz,kindelyz,neutro,1.0,EBAA
19:38,1178,lucascoslim,lucascoslim,engraçado,1.0,Malária
19:38,1178,wesleykolomar_br,wesleykolomar_br,confuso,1.0,esse é o DLSS 5?
19:40,1180,maikon7501,maikon7501,neutro,1.0,Parece o Brasil
19:41,1181,topeso21,topeso21,neutro,1.0,baka pega um coconut ai
19:44,1184,kodarke,kodarke,neutro,1.0,feliz 11/09 braga
19:44,1184,pedepanomttriste,PeDePanoMtTriste,neutro,1.0,Mosquito japonês
19:45,1185,consagrado101,consagrado101,neutro,1.0,Chikungunya
19:47,1187,thrillerzs,thrillerzs,neutro,1.0,Caipora
19:49,1189,rodrigollls,Rodrigollls,neutro,1.0,Varou a mordida
19:49,1189,professorakpopercomunista,professorakpopercomunista,neutro,1.0,lavagem de dinheiro essa obra ai
19:50,1190,pedro_polegar,pedro_polegar,frustrado,1.0,Pqp tomou picada
19:50,1190,peluciacensurada,PeluciaCensurada,neutro,1.0,encara aí
19:51,1191,riiyuji,Riiyuji,neutro,1.0,Tu so reclama dog
19:52,1192,arki_core1,arki_core1,neutro,1.0,Tá se drogando
19:53,1193,diagon_haisser,diagon_haisser,confuso,1.0,A empreiteira é br?
19:54,1194,failedtea,FailedTea,neutro,1.0,Lógico mano o pt ganhou no Brasil. Por isso tá parado
19:54,1194,caiopinto120887,caiopinto120887,engraçado,1.0,Isso é mordida de kappa fi se cuida
19:56,1196,sw1ftt_,Sw1ftt_,neutro,1.0,e os cara fala que so aq no brasil obra demora dois anos
19:56,1196,whouzen,whouzen,confuso,1.0,vai ter massagem e coconut?
19:58,1198,pskaren,pskaren,neutro,1.0,ily baka please don't be bald
19:58,1198,winrywonka,winrywonka,neutro,1.0,e a obra da linha ouro
20:00,1200,boomer_mz,boomer_mz,engraçado,1.0,"Baka, chega aqui em casa pra gente perder o no fap juntos kkkkkk"
20:00,1200,lkaleatorio,lkaleatorio,neutro,1.0,País fudido
20:01,1201,neck57,neck57,neutro,1.0,Fps travado nos 15
20:02,1202,vitonhonhi,vitonhonhi,neutro,1.0,Os dedo de salsicha
20:03,1203,miau_oph,miau_oph,positivo,0.5,Esse é o tal do cyberpika com Raytracer ativado?
20:03,1203,parcival_x,Parcival_x,confuso,1.0,@BakaGaijinLive Oque que deu com o vod da live passada?
20:04,1204,dntaliba55fe,dntaliba55fe,confuso,1.0,OI BAKA COMO FOI SEU KIRKVERSARY?
20:04,1204,catchau2005,catchau2005,neutro,1.0,"São Paulo e Japão são bem semelhantes, ambos estão caindo o mundo de chuva"
20:05,1205,o_cthulhinho,o_cthulhinho,confuso,1.0,Vai fica quanto tempo no Japão?
20:05,1205,jephwell,jephwell,neutro,1.0,"desculpa Baka, vou ter que sair da live pra ir pro troninho"
20:08,1208,bananils0n_farofa,Bananils0n_farofa,neutro,1.0,Live de 24 hrs
20:08,1208,davisouza78,davisouza78,neutro,1.0,ABRA AI PRA NÓS
20:08,1208,pedepanomttriste,PeDePanoMtTriste,neutro,1.0,Chuva do carai
20:08,1208,thrillerzs,thrillerzs,neutro,1.0,Aedes japonith
20:11,1211,arkxnz_,arkxnz_,confuso,1.0,quanto tempo para sair o sexo 3?
20:12,1212,hemoglobina05,hemoglobina05,confuso,1.0,ta vazio as ruas pq ?
20:14,1214,light_juggernaut,light_juggernaut,confuso,1.0,Tá aí pra morar agr Zé?
20:14,1214,aberstone,Aberstone,neutro,1.0,Mano esse cabelinho ta pique cosplay de megumi fugishiro
20:14,1214,putiferoo,putiferoo,neutro,1.0,Cadê o beco molhadinho
20:16,1216,riiyuji,Riiyuji,confuso,1.0,"Para de se omitir baka, voltou a morar ae ?"
20:17,1217,bananils0n_farofa,Bananils0n_farofa,neutro,1.0,!clima
20:17,1217,nightbot,Nightbot,neutro,1.0,Agora em Tokyo tá 69F (21C)
20:20,1220,luxnis_,luxnis_,positivo,1.0,qq tem de bom pra fazer ai
20:20,1220,hammerheart,Hammerheart,neutro,1.0,"arruma a antena ai, ta chiando muito"
20:21,1221,shingouki10,shingouki10,neutro,1.0,A chuva pocando no mic
20:21,1221,seuriba,SeuRiba,confuso,1.0,Dupla penetrâncias? Sai fora
20:24,1224,pedepanomttriste,PeDePanoMtTriste,engraçado,1.0,Susto da porra do nada um oriental
20:26,1226,corvo__feroz,Corvo__Feroz,positivo,1.0,Vai ficar de pika dura
20:28,1228,eiddof,eiddof,engraçado,0.667,O cara n tankou o Brasil kkkk
20:28,1228,shingouki10,shingouki10,neutro,1.0,Tiroteio no RJ
20:29,1229,filipi_21,Filipi_21,neutro,1.0,"desliga o ray tracing ai baka, ta lagando meu pc"
20:30,1230,yuri_ferreir,yuri_ferreir,positivo,1.0,Boa
20:32,1232,manogus_,manogus_,neutro,1.0,finalmenteeeee
20:32,1232,dearjohnink,DEARJOHNink,confuso,1.0,@BakaGaijinLive você já foi pra CHIna?
20:35,1235,sakylvy,sakylvy,neutro,1.0,live todo dia duas vezes no dia de manhã e de noite por favor
20:36,1236,hemoglobina05,hemoglobina05,neutro,1.0,sim
20:38,1238,diagon_haisser,diagon_haisser,neutro,1.0,Está
20:38,1238,erickhsn,erickhsn,neutro,1.0,ta sim
20:39,1239,zkote28,zkote28,positivo,1.0,ta dee boas
20:39,1239,bellattore_,bellattore_,neutro,1.0,!clima da minha cabeça
20:39,1239,kthyosu,kthyosu,neutro,1.0,ta dando pra ouvir
20:40,1240,topeso21,topeso21,neutro,1.0,desliga esse dlss 5
20:40,1240,riiyuji,Riiyuji,neutro,1.0,Ta
20:40,1240,kudacobra,kudacobra,positivo,1.0,tamo dando
20:41,1241,pedepanomttriste,PeDePanoMtTriste,neutro,1.0,To ouçano
20:42,1242,kir44_,kir44_,neutro,1.0,Eu to dando pra ouvir
20:43,1243,jhonalen_,jhonalen_,neutro,1.0,da para ouvir
20:43,1243,catchau2005,catchau2005,neutro,1.0,não dá pra te ouvir
20:43,1243,dntaliba55fe,dntaliba55fe,neutro,1.0,NÃO
20:44,1244,eliseujr55,EliseuJr55,neutro,1.0,ta dano
20:45,1245,tobleroneopicional,tobleroneopicional,neutro,1.0,Dá pra ouvir
20:46,1246,mwm93,Mwm93,neutro,1.0,Ta ouvindo sem da mesmo
20:46,1246,kise_ryota__,Kise_Ryota__,neutro,1.0,tá dando pra ouvir o barulho dos carros na chuva
20:46,1246,geogeo_chan,geogeo_chan,confuso,1.0,Japoneses no habitat natural?
20:47,1247,jephwell,jephwell,neutro,1.0,KEKW
20:47,1247,lkaleatorio,lkaleatorio,neutro,1.0,Desliga a chuva
20:47,1247,parcival_x,Parcival_x,neutro,1.0,Coloca um supressor de ruido
20:48,1248,number_five_zero,number_five_zero,positivo,0.5,"fala gritando, melhor"
20:48,1248,artuurbr21,artuurbr21,neutro,1.0,esses graficos estao lagando a live
20:48,1248,auralesspagliacci,AuralessPagliacci,neutro,1.0,infelizmente
20:49,1249,maikon7501,maikon7501,neutro,1.0,Fica de cócoras aí Baka
20:49,1249,1guinobre1,1guinobre1,neutro,1.0,A volta definitiva ou é só pra bate em japa
20:50,1250,castingou,Castingou,neutro,1.0,meow
20:50,1250,arkkanjo10,arkkanjo10,confuso,1.0,o que vc mais consome aí que não tem no Brasil
20:51,1251,shingouki10,shingouki10,positivo,1.0,Tamo ouvino
20:51,1251,wesleykolomar_br,wesleykolomar_br,positivo,1.0,não te ouço tá muita gostosura pra mim
20:52,1252,kallel72,kallel72,engraçado,0.5,Acabou o evento Horizon?
20:52,1252,eiji_abe,eiji_abe,confuso,0.667,Temporário ou voltou de vez??
20:52,1252,snowzinhooodobaire,雪が少ない,neutro,1.0,Tá dando
20:52,1252,o_cthulhinho,o_cthulhinho,confuso,1.0,Não dá pra ouvir!!! Quanto tempo mesmo vai ficar?
20:53,1253,leonmastertembala,leonmastertembala,confuso,1.0,quanto custa pra ir pro Japão?
20:54,1254,leonidashell,leonidashell,neutro,1.0,Não permito
20:55,1255,iceraptron,iceraptron,neutro,1.0,da pra ouvir sua voz angelical lindah
20:56,1256,luxnis_,luxnis_,neutro,1.0,procura as quests
20:56,1256,nando_wk,nando_wk,neutro,1.0,baka tira a bocada bunda pra falar
20:57,1257,catchau2005,catchau2005,neutro,1.0,to dando de 4
20:57,1257,pedepanomttriste,PeDePanoMtTriste,neutro,1.0,Faz o seguinte vai naquela direção
20:58,1258,caiopinto120887,caiopinto120887,neutro,1.0,Vai na liberdade
20:59,1259,xenohfanes,xenohfanes,neutro,1.0,Quem assiste fora do troninho não Farma aura
20:59,1259,hemoglobina05,hemoglobina05,neutro,1.0,mas eu quero te ver molhadinho
21:00,1260,urahmeshi,Urahmeshi,engraçado,0.5,ta dando chat? LUL
21:03,1263,residente_dorminhoko,residente_dorminhoko,neutro,1.0,kojima genio ntc
21:04,1264,morttusdornitska,morttusdornitska,negativo,1.0,esse áudio ta um lixo
21:05,1265,geogeo_chan,geogeo_chan,confuso,1.0,Vai fazer massagem?
21:06,1266,prisgol,prisgol,engraçado,1.0,Eu pelo contrário fui no troninho ver a live
21:06,1266,ovatsug378,ovatsug378,confuso,1.0,"Estou literalmente cagando neste momento, como vai, bumbum de apertar salame?"
21:06,1266,akirosetonai,AkiroSetonai,confuso,1.0,que hrs vai rolar o torneio de farmar aura?
21:07,1267,seuriba,SeuRiba,neutro,1.0,Ta travaaaaaaaaaannn...
21:08,1268,rodrigollls,Rodrigollls,neutro,1.0,Vai no CUberto
21:08,1268,rwinterf,rwinterf,confuso,1.0,coconut?
21:09,1269,andersondias,andersondias,neutro,1.0,Cadê o Naruto
21:10,1270,nexuslnk,NexusLNK,confuso,1.0,"Oxe, logou no server do japa?"
21:12,1272,snowzinhooodobaire,雪が少ない,neutro,1.0,Nômade baka
21:12,1272,kazuyamishima4,kazuyamishima4,neutro,1.0,photokNod photokNod photokNod
21:13,1273,igh0r5,Igh0r5,confuso,1.0,Chegou hj no Japão ou já tá algum tempo?
21:13,1273,gtizu,Gtizu,neutro,1.0,mostra seu suporte ai
21:13,1273,diagon_haisser,diagon_haisser,neutro,1.0,Olha o L ali
21:15,1275,dariusbot_,DariusBot_,engraçado,1.0,darius12Fla darius12Fla darius12Fla darius12Fla
21:16,1276,wemersom_cmtz,wemersom_cmtz,engraçado,1.0,Vai se criando o puteiro
21:16,1276,lkaleatorio,lkaleatorio,engraçado,1.0,Sai correndo gritando
21:17,1277,pedepanomttriste,PeDePanoMtTriste,confuso,1.0,Massagemzinha hoje nada a ver?
21:18,1278,alektrospirozy,Alektrospirozy,engraçado,1.0,o roteiro ta se criando tambem tava ai no japão mano
21:19,1279,leonidashell,leonidashell,neutro,1.0,Já procura uma massagem
21:19,1279,fa_do_aspas_e_nao_da_org,Fa_do_Aspas_e_nao_da_Org,confuso,1.0,quanto tempo em JP?
21:20,1280,pskaren,pskaren,neutro,1.0,abaixa o volume da chuva ae
21:21,1281,digowsky,Digowsky,confuso,1.0,coconut?
21:21,1281,kindelyz,kindelyz,neutro,1.0,"Todos saiam da live, quero ficar a sós com o baka"
21:22,1282,neck57,neck57,neutro,1.0,Cocunot
21:23,1283,leonmastertembala,leonmastertembala,positivo,1.0,que dia bom
21:24,1284,miau_oph,miau_oph,neutro,1.0,Minecraft tá diferente
21:24,1284,boomer_mz,boomer_mz,positivo,0.5,E a punheta baka? Perdeu o desafio de setembro?no famoso no fap? Já usou a cartinha livre? Quantos dias sem ou com? Qual o número do cartão?
21:24,1284,kazulixo_6,kazulixo_6,confuso,1.0,@geogeo_chan C tá fazendo oq aqui?
21:26,1286,paulo_930,paulo_930,neutro,1.0,Por favor pra Osasco casar comigo
21:27,1287,artuurbr21,artuurbr21,neutro,1.0,desligo o dlss 5 por favor!!!!!!
21:30,1290,x_proto,X_Proto,confuso,1.0,"fala Baka, qual versão do server que tá agora? usando dlss5?"
21:30,1290,catchau2005,catchau2005,confuso,1.0,aí tem o leprechaun?
21:31,1291,bellattore_,bellattore_,neutro,1.0,Tira foto com o konijima pfv
21:32,1292,sakylvy,sakylvy,neutro,1.0,live de noite hj
21:34,1294,jephwell,jephwell,neutro,1.0,WutFace
21:35,1295,pedepanomttriste,PeDePanoMtTriste,neutro,1.0,LA EL
21:36,1296,kev1nog,kev1nog,positivo,1.0,baka gadinho lindo
21:37,1297,eliseujr55,EliseuJr55,neutro,1.0,abre pra todos aí
21:37,1297,bananils0n_farofa,Bananils0n_farofa,neutro,1.0,Dá aquele zoom ai
21:38,1298,iceraptron,iceraptron,neutro,1.0,abre um coconut ai no meio da rua pra gente assistir
21:39,1299,shingouki10,shingouki10,neutro,1.0,Baka old
21:39,1299,geogeo_chan,geogeo_chan,engraçado,0.5,"@kazulixo_6 uai, o msm q vc kkkkkk"
21:42,1302,tobleroneopicional,tobleroneopicional,confuso,1.0,Voltou a passeio?
21:45,1305,flowxr6,flowxr6,confuso,1.0,Esse dai não quer trabalhar
21:46,1306,erickhsn,erickhsn,neutro,1.0,obras q demoram décadas mas ngm fala pq é no japão
21:46,1306,wesleykolomar_br,wesleykolomar_br,neutro,1.0,foi pro JP denovo e o KOJIMA foi pro Xbox é mole
21:47,1307,arki_core1,arki_core1,neutro,1.0,A ponte que ti partiu
21:47,1307,mwm93,Mwm93,confuso,1.0,Que horas vai no bar das mulheres musculosas?
21:47,1307,maikon7501,maikon7501,engraçado,0.5,Saudade de abrir?
21:47,1307,lkaleatorio,lkaleatorio,neutro,1.0,Chuva areoganthi
21:54,1314,frost3545,frost3545,confuso,1.0,voltou pq ?
21:55,1315,e006cr,e006cr,neutro,1.0,Vai naquele bar das muié musculosas
21:57,1317,sakylvy,sakylvy,neutro,1.0,baka sai daí e vem pro capão
21:57,1317,geogeo_chan,geogeo_chan,neutro,1.0,Faz irl morando embaixo da ponte por 24hrs
22:05,1325,eolaiaaa,eolaiaaa,confuso,1.0,é gravação?
22:05,1325,lambisgoio_gosma,lambisgoio_gosma,neutro,1.0,"Baka, para de atrapalhar a obra dos outros."
22:06,1326,mariookie,mariookie,neutro,1.0,Parece um lugar abandonado
22:06,1326,kazulixo_6,kazulixo_6,confuso,1.0,@geogeo_chan Tá querendo zerar toda as lives da Twitch?
22:08,1328,erickhsn,erickhsn,neutro,1.0,Choo Chooo WinnieHuh
22:09,1329,peix3manso,peix3manso,confuso,1.0,vc voltou a morar ai?
22:10,1330,bananils0n_farofa,Bananils0n_farofa,confuso,1.0,Chegou no Japão quando?
22:12,1332,luxooou,luxooou,neutro,1.0,"Olha só, Baka lembrou a senha do canal"
22:12,1332,tonilol,Tonilol,frustrado,1.0,@tobleroneopicional ele não tankou :(
22:12,1332,riiyuji,Riiyuji,neutro,1.0,Vdd
22:12,1332,corvo__feroz,Corvo__Feroz,engraçado,1.0,GriddyGoose
22:13,1333,deyvidsoares,deyvidsoares,neutro,1.0,deyvidsoares watched 3 consecutive streams and sparked a watch streak!
22:15,1335,pedepanomttriste,PeDePanoMtTriste,positivo,1.0,Lugarzinho bom pra ser esquartejado
22:16,1336,catchau2005,catchau2005,confuso,1.0,já viu o Naruto aí ou ele tá em casa?
22:16,1336,lana_tomioka,lana_tomioka,confuso,1.0,Já encontrou os Yakuza hj baka?
22:16,1336,kev1nog,kev1nog,neutro,1.0,bem lembrado
22:18,1338,jephwell,jephwell,neutro,1.0,baka me venda o seu lamborghini
22:18,1338,gotzaum,gotzaum,engraçado,1.0,É os guri
22:18,1338,brucecorp,brucecorp,neutro,1.0,"coitado do kojima, tá passando dificuldade"
22:19,1339,miau_oph,miau_oph,confuso,1.0,Arthur Morgan?
22:19,1339,kudacobra,kudacobra,confuso,1.0,baka vai no show do tião carrero e pardinho?
22:19,1339,lkaleatorio,lkaleatorio,neutro,1.0,Credo
22:20,1340,sakylvy,sakylvy,confuso,1.0,baka tem batalha da aldeia no japão?
22:20,1340,arkimn,arkimn,neutro,1.0,vomitei
22:22,1342,flowxr6,flowxr6,negativo,1.0,Muito feioooooooo
22:22,1342,gabrieloliveira2100,gabrieloliveira2100,neutro,1.0,Cuidado com os ghoul baka
22:23,1343,geogeo_chan,geogeo_chan,neutro,1.0,Tosse de cachorro
22:23,1343,maikon7501,maikon7501,neutro,1.0,Larga o cigarro
22:23,1343,shingouki10,shingouki10,neutro,1.0,Tá inovando
22:23,1343,thorlight9,thorlight9,frustrado,1.0,Que saudade desse filho da puta no japas
22:24,1344,bernardowx,bernardowx,engraçado,1.0,GriddyGoose
22:24,1344,number_five_zero,number_five_zero,engraçado,1.0,Tá usando muito pendrive
22:25,1345,pedro_polegar,pedro_polegar,positivo,1.0,"Agora ficou bom, pneumonia ao vivo"
22:25,1345,provoloni2,provoloni2,neutro,1.0,tbm 6 da manha qm vai ta cordado
22:26,1346,akirosetonai,AkiroSetonai,neutro,1.0,@bakagaijinlive 10 conto no pix pra cagar na porta da playstation
22:26,1346,thrillerzs,thrillerzs,neutro,1.0,Fumante maldito
22:26,1346,snowzinhooodobaire,雪が少ない,neutro,1.0,Vai me passar covid
22:27,1347,diagon_haisser,diagon_haisser,confuso,1.0,Aí já é sabado?
22:28,1348,sw1ftt_,Sw1ftt_,neutro,1.0,chegou q dia ai Baka
22:28,1348,karasu2024,karasu2024,confuso,1.0,FOI SOZINHO?
22:29,1349,maruj00,maruj00,neutro,1.0,Oh arthur
22:30,1350,dalton_olivera,dalton_olivera,confuso,1.0,Tava com saudades do Japão?
22:30,1350,pedepanomttriste,PeDePanoMtTriste,neutro,1.0,Ufa
22:31,1351,peix3manso,peix3manso,neutro,1.0,mt burro
22:31,1351,wesleykolomar_br,wesleykolomar_br,confuso,1.0,guarda baixa?
22:32,1352,akira_glm,Akira_GLM,neutro,1.0,Jump Scare
22:32,1352,luxnis_,luxnis_,confuso,1.0,Geralmente é quanto tempo de live?
22:32,1352,picolino0418,picolino0418,neutro,1.0,tossindo na nossa cara
22:33,1353,grayoden,Grayoden,neutro,1.0,Chupa-cu de Shibuya ali na esquina
22:35,1355,arki_core1,arki_core1,neutro,1.0,Porque vc tinha preguiça de acordar cedo
22:37,1357,niel_baubino,niel_baubino,neutro,1.0,Cadê os minidingo
22:37,1357,bellattore_,bellattore_,neutro,1.0,Cade a julinhagameplay
22:38,1358,arycastro,Arycastro,neutro,1.0,ahuauhahuhu covid
22:38,1358,kev1nog,kev1nog,neutro,1.0,ai que ódio
22:38,1358,mariookie,mariookie,neutro,1.0,Que barulheira
22:39,1359,geogeo_chan,geogeo_chan,engraçado,0.667,@kazulixo_6 jamais jkkkkkkkkk
22:40,1360,karasu2024,karasu2024,engraçado,1.0,GriddyGoose
22:41,1361,pedepanomttriste,PeDePanoMtTriste,engraçado,0.5,VAI TER Q ABRIR? ESSA POARR É BICHA
22:44,1364,catchau2005,catchau2005,positivo,1.0,"igual o cu mesmo, abre e fecha! mas é gostoso"
22:45,1365,erickhsn,erickhsn,neutro,1.0,q sdds q eu tava desse som ambiente
22:45,1365,prismye,prismye,neutro,1.0,k
22:45,1365,boomer_mz,boomer_mz,confuso,1.0,E a punheta baka? Perdeu o no fap?
22:46,1366,danylo____,Danylo____,neutro,1.0,lagert4DogKEK
22:46,1366,gh0st813,gh0st813,neutro,1.0,Fumante fdp
22:46,1366,marps321,marps321,engraçado,1.0,kkkkkkkkk
22:47,1367,arkimn,arkimn,engraçado,1.0,kKKKKKKKKKKKKKKKKKKKKKKKK
22:47,1367,niel_baubino,niel_baubino,neutro,1.0,Cadê os moradores debaixo da ponte
22:47,1367,alphaya8,alphaya8,confuso,1.0,Chegou hoje aí?
22:48,1368,residente_dorminhoko,residente_dorminhoko,neutro,1.0,sp n tem isso
22:48,1368,fgshanks,fgshanks,engraçado,1.0,da um grito ai
22:48,1368,andzilla,andzilla,positivo,1.0,Que dia lindo
22:49,1369,sakylvy,sakylvy,neutro,1.0,vai pra shibuya crossing baka
22:49,1369,pedro_polegar,pedro_polegar,engraçado,1.0,Porra Baka faz burrice não aproveita a chuva e toma banho
22:50,1370,flowxr6,flowxr6,engraçado,1.0,KKKKKKKKKKK
22:52,1372,arki_core1,arki_core1,neutro,1.0,Mas voltou né 🫪
22:52,1372,putiferoo,putiferoo,neutro,1.0,Você tá rolisso cadê o shape
22:53,1373,rumplelcomuna,rumplelcomuna,confuso,1.0,"Pera, tá no Japão mesmo?"
22:56,1376,eliseujr55,EliseuJr55,neutro,1.0,244 ali
22:56,1376,jephwell,jephwell,neutro,1.0,o paper boy ala
22:57,1377,daikii_zzz,daikii_zzz,engraçado,0.667,Bom pra dormi kkkkkkkk
22:57,1377,geogeo_chan,geogeo_chan,engraçado,1.0,Comeu mt onigiri
22:57,1377,yuudachiiikc,YuudachiiiKC,confuso,1.0,volto de vez pro japao? ͏
22:58,1378,lkaleatorio,lkaleatorio,neutro,1.0,Derruba
22:58,1378,sugurodog,sugurodog,neutro,1.0,Essa tosse saiu o pulmão inteiro
22:58,1378,wemersom_cmtz,wemersom_cmtz,neutro,1.0,Oi
23:00,1380,flowxr6,flowxr6,neutro,1.0,Se encontra com a pitayaq
23:01,1381,gabyuiii,gabyuiii,confuso,1.0,baka ta liberado beber gin de 10 vendo a live?
23:03,1383,riiyuji,Riiyuji,positivo,1.0,Esse som é lindo
23:03,1383,sakylvy,sakylvy,neutro,1.0,país de terceiro mundo é assim mesmo
23:06,1386,chicobotico1,chicobotico1,engraçado,1.0,Piuíííííí GriddyGoose
23:07,1387,peix3manso,peix3manso,confuso,1.0,bao que dura mais
23:08,1388,paulo_930,paulo_930,confuso,1.0,Hoje vai ter beco?
23:08,1388,this_is_pedro,This_is_Pedro,neutro,1.0,Tu vez eu reativar minha conta na Twitch. Parabéns
23:08,1388,sakylvy,sakylvy,neutro,1.0,f
23:09,1389,geogeo_chan,geogeo_chan,neutro,1.0,@rumplelcomuna Osasco - Japão
23:10,1390,residente_dorminhoko,residente_dorminhoko,confuso,1.0,@rumplelcomuna ta em belém n ta reconhecendo?
23:10,1390,baratadesaiaaa,baratadesaiaaa,neutro,1.0,HeyGuys HeyGuys
23:10,1390,e006cr,e006cr,neutro,1.0,Japão Official Soundtrack
23:10,1390,brucecorp,brucecorp,neutro,1.0,o dante
23:10,1390,sidneyahr_,sidneyahr_,confuso,1.0,Live indo na calcinha guardada no telhado quando?
23:11,1391,niel_baubino,niel_baubino,neutro,1.0,Uma bike  ai vacilando
23:11,1391,pedepanomttriste,PeDePanoMtTriste,confuso,1.0,Voce é diferente dos iguais
23:11,1391,jephwell,jephwell,neutro,1.0,nem ta chovendo
23:12,1392,kudacobra,kudacobra,confuso,1.0,é com o X que abre o guarda-chuva?
23:14,1394,maluveloso10,maluveloso10,neutro,1.0,Japillllllll
23:15,1395,crowley_zzy,crowley_zzy,confuso,1.0,Tá chovendo ai?
23:15,1395,flowxr6,flowxr6,neutro,1.0,@wemersom_cmtz Oi tudo bem com você
23:16,1396,gotzaum,gotzaum,neutro,1.0,Estrupilson da Silva ta aí tbm
23:21,1401,hunterma30,HunterMa30,confuso,1.0,Vai explicar pq voltou ou não seu queixo redondo ?
23:21,1401,vitonhonhi,vitonhonhi,neutro,1.0,Gameplay de pokémon
23:22,1402,rodolfofdias87,rodolfofdias87,confuso,1.0,Quanto ta o preço da carne mijada ai?
23:24,1404,prismye,prismye,neutro,1.0,olha que país subdesenvolvido
23:25,1405,pulchram12,pulchram12,neutro,1.0,Angel of Shibuya
23:25,1405,masnime_yt,masnime_yt,positivo,1.0,"Não é possível, estamos de volta"
23:25,1405,jraffist,jraffist,confuso,1.0,Era o Michel ali?
23:29,1409,crashorro,Crashorro,neutro,1.0,live raytracing
23:33,1413,picolino0418,picolino0418,engraçado,1.0,picolino0418 subscribed with Prime. They've subscribed for 5 months!
23:34,1414,pedro_polegar,pedro_polegar,neutro,1.0,Campeonato de natação de poça
23:34,1414,catchau2005,catchau2005,neutro,1.0,faz uma live de madruga pros brasa
23:36,1416,soudir_,soudir_,confuso,1.0,Ele voltou mesmo??
23:36,1416,corvo__feroz,Corvo__Feroz,neutro,1.0,Nossa barulho de chuva pra dormir
23:37,1417,deonehzio,DeoNehzio,neutro,1.0,Mostra a cara de bolacha baka
23:38,1418,andzilla,andzilla,neutro,1.0,encapunhetado
23:38,1418,downn10,downn10,neutro,1.0,side quest
23:40,1420,ojohnnynho69,ojohnnynho69,neutro,1.0,Evento pra sua volta!
23:40,1420,number_five_zero,number_five_zero,engraçado,1.0,kkkkk
23:40,1420,grayoden,Grayoden,positivo,1.0,"Finalmente, live de Jaboatão dos Guararapes"
23:41,1421,bob_zink,bob_zink,neutro,1.0,japones a vacuo
23:41,1421,sakylvy,sakylvy,engraçado,1.0,acho q ele foi de férias só
23:42,1422,gacs174,gacs174,engraçado,1.0,kkk
23:43,1423,riiyuji,Riiyuji,engraçado,1.0,Kkkkkk
23:44,1424,neck57,neck57,engraçado,1.0,Tirou todos npcs kkkkk
23:44,1424,lkaleatorio,lkaleatorio,neutro,1.0,Lá ele
23:44,1424,baratadesaiaaa,baratadesaiaaa,engraçado,1.0,Kkkkkkkkk
23:47,1427,pedepanomttriste,PeDePanoMtTriste,neutro,1.0,Japones na caixa ainda raro demais
23:49,1429,niel_baubino,niel_baubino,engraçado,0.5,Oxi haha
23:50,1430,snowzinhooodobaire,雪が少ない,neutro,1.0,"@rumplelcomuna tá não, ele tá em sp"
23:51,1431,leitadordebarbudos,LeitadorDeBarbudos,confuso,1.0,Ele te embalou a vácui?
23:51,1431,diagon_haisser,diagon_haisser,neutro,1.0,A casa&video aí
23:51,1431,dygo7777,dygo7777,confuso,1.0,Não creio no que vejo
23:52,1432,kazulixo_6,kazulixo_6,neutro,1.0,É evento pago
23:54,1434,wemersom_cmtz,wemersom_cmtz,neutro,1.0,@flowxr6 Bem e voce 👋
23:54,1434,bagreeeeeeeee,BAGREeeeeeeee,neutro,1.0,Deixa aberto pra nós
23:54,1434,romitachi,Romitachi,positivo,0.333,Romitachi subscribed with Prime. They've subscribed for 16 months! Fala meu gostoso!!! Ta cobrando quanto para mamar um anão no escuro? Um beijoooooo
23:57,1437,lkzweihander,LKZweihander,confuso,0.667,Voltou??  Boaaa
23:58,1438,residente_dorminhoko,residente_dorminhoko,neutro,1.0,olha legal
23:58,1438,crowley_zzy,crowley_zzy,confuso,1.0,Mas o japonês plastificado não é pequenininho?
23:59,1439,wesleykolomar_br,wesleykolomar_br,neutro,1.0,procura o MC daniel
23:59,1439,johndodianho,johndodianho,engraçado,1.0,hiperfoco em falar zoeira
24:02,1442,miau_oph,miau_oph,confuso,1.0,"É side quest rara, tu desbloqueia o tráfico"
24:02,1442,putiferoo,putiferoo,neutro,1.0,Beija um japonês ai
24:05,1445,andzilla,andzilla,engraçado,1.0,Vai encontrar a Prizzaa
24:05,1445,pedro_polegar,pedro_polegar,neutro,1.0,Mendigo entrando na loja galera
24:06,1446,codinomepru,codinomepru,neutro,1.0,O guarda chuva dele da shopee
24:09,1449,number_five_zero,number_five_zero,neutro,1.0,faz xerox da tua bunda
24:19,1459,prismye,prismye,neutro,1.0,vão roubar o guarda-roupa
24:20,1460,catchau2005,catchau2005,engraçado,1.0,"hj uma senhora perguntou como se mexia no celular dela, sorte da comédia que já tava com os bolsos cheios de celular. não virou saudade hj"
24:23,1463,sakylvy,sakylvy,frustrado,1.0,no camera please gaijin filho da puta
24:26,1466,pedepanomttriste,PeDePanoMtTriste,neutro,1.0,O cara tava no brasil esqueceu da segurança
24:29,1469,muttanofc,MuttanOfc,confuso,1.0,É RERUM??
24:29,1469,geogeo_chan,geogeo_chan,neutro,1.0,Compra uma Lamborghini
24:33,1473,prismye,prismye,neutro,1.0,guarda-chuva
24:34,1474,lkaleatorio,lkaleatorio,neutro,1.0,Lisin
24:35,1475,shingouki10,shingouki10,neutro,1.0,"Máscara e lenço de bolso, n achou o loot premium"
24:35,1475,hemoglobina05,hemoglobina05,neutro,1.0,raspar o pescoço do ganço
24:38,1478,diagon_haisser,diagon_haisser,engraçado,1.0,Raspa não q tá frio
24:38,1478,zkamykazez,zKAMYKAZEz,neutro,1.0,Compra papel higienico pra limpar a bunda
24:38,1478,e006cr,e006cr,neutro,1.0,Faz o L
24:40,1480,pedro_polegar,pedro_polegar,neutro,1.0,Gilette pro xibiu é importante
24:44,1484,pedepanomttriste,PeDePanoMtTriste,neutro,1.0,Pelo é grosso de facto
24:44,1484,riiyuji,Riiyuji,neutro,1.0,Gillette todo dia certo
24:45,1485,snowzinhooodobaire,雪が少ない,neutro,1.0,japaatBeijinho japaatBeijinho japaatBeijinho
24:48,1488,leonmastertembala,leonmastertembala,neutro,1.0,faz um passeio com o tavo
24:48,1488,rumplelcomuna,rumplelcomuna,confuso,1.0,ISSO É REAL??
24:48,1488,dards39,dards39,neutro,1.0,Cade a japonesa falando: Irashaimase!
24:52,1492,neck57,neck57,engraçado,1.0,Kkkkkkkkkk
24:52,1492,lkaleatorio,lkaleatorio,confuso,1.0,Boquinha sapeca
24:53,1493,kise_ryota__,Kise_Ryota__,engraçado,1.0,cadê o lubrificante
24:54,1494,xenohfanes,xenohfanes,confuso,1.0,O preço sem imposto eh pra quem sonega???
24:55,1495,geogeo_chan,geogeo_chan,confuso,1.0,A calcinha tá quanto?
24:57,1497,mariookie,mariookie,confuso,1.0,Seu pelo é muito duro?
24:58,1498,r_lira28,r_lira28,neutro,1.0,culpa do L
24:58,1498,provoloni2,provoloni2,neutro,1.0,nss esse tenis podre ai
25:00,1500,boomer_mz,boomer_mz,neutro,1.0,Lencinho umedecido pra limpar o pós fap
25:01,1501,sakylvy,sakylvy,neutro,1.0,FAZ O S DE SANAE
25:02,1502,maxdeltakun,maxdeltakun,confuso,1.0,E esse pisante sujo aí?
25:03,1503,catchau2005,catchau2005,confuso,1.0,vc raspa a prexeca?
25:05,1505,peix3manso,peix3manso,confuso,1.0,por dias?
25:06,1506,hemoglobina05,hemoglobina05,confuso,1.0,quanto ta o valor da camisinha ?
25:08,1508,alessandroprudente,alessandroprudente,engraçado,1.0,Não esqueça do lubrificante
25:10,1510,pedepanomttriste,PeDePanoMtTriste,positivo,0.5,Meia calça? opa vamo pra telhado
25:12,1512,tobleroneopicional,tobleroneopicional,neutro,1.0,Por dias
25:15,1515,snowzinhooodobaire,雪が少ない,engraçado,1.0,@rumplelcomuna não ele tá usando óculos rift
25:16,1516,pogsnow,PogSnow,confuso,1.0,tá montando o kit femboy?
25:17,1517,flowxr6,flowxr6,neutro,1.0,Leva toda a cerveja dai
25:19,1519,niel_baubino,niel_baubino,neutro,1.0,Pega o consolo ali tu passou deireto
25:22,1522,bob_zink,bob_zink,neutro,1.0,luva de predero
25:23,1523,lanko_1,Lanko_1,confuso,1.0,Calcinha você ainda ta usando ou parou de vez?
25:25,1525,sakylvy,sakylvy,neutro,1.0,FAZ O S
25:27,1527,snowzinhooodobaire,雪が少ない,positivo,0.5,"Barato, eu gosto o triplo"
25:28,1528,riiyuji,Riiyuji,neutro,1.0,Aq ta mais caro
25:28,1528,kudacobra,kudacobra,confuso,1.0,e a cueca de lã?
25:33,1533,shingouki10,shingouki10,confuso,1.0,Comendo luva?
25:33,1533,boomer_mz,boomer_mz,confuso,1.0,Sexo?
25:33,1533,gsaimons,GSaimons,confuso,1.0,Opa baka como vc tá?
25:34,1534,pedepanomttriste,PeDePanoMtTriste,neutro,1.0,E um champagne
25:34,1534,wemersom_cmtz,wemersom_cmtz,confuso,1.0,Ja deu muito hj?
25:34,1534,sakylvy,sakylvy,neutro,1.0,país de terceiro mundo
25:35,1535,residente_dorminhoko,residente_dorminhoko,neutro,1.0,compra um
25:35,1535,radagast777,radagast777,frustrado,0.5,nosxso garoto nao tankou o bostil?
25:37,1537,pitayablu_,pitayablu_,neutro,1.0,deu 1 bilhao karaio baka
25:37,1537,tiagoiced,TiagoIced,neutro,1.0,"Baka, compra um Ray Ban Meta"
25:37,1537,srramosx,srramosx,positivo,1.0,Temos Baka de volta ao Japão antes de GTA 6.. A realidade é incrível
25:38,1538,this_is_pedro,This_is_Pedro,neutro,1.0,"Tu não tava aqui, caraio compara você"
25:40,1540,luscanpc,LuscaNpc,confuso,1.0,E Rerun?
25:43,1543,lkaleatorio,lkaleatorio,engraçado,1.0,Grita
25:47,1547,viniciusplash,viniciusplash,neutro,1.0,Japonês plastificados são os piores
25:47,1547,prismye,prismye,neutro,1.0,caramba
25:48,1548,maruj00,maruj00,neutro,1.0,Uma luvinha de pedreiro pra dale uns chute no ângulo receba
25:49,1549,riiyuji,Riiyuji,neutro,1.0,"É uma franquia, burro"
25:50,1550,hemoglobina05,hemoglobina05,confuso,1.0,quanto ta as revistinhas porno ?
25:52,1552,lkaleatorio,lkaleatorio,neutro,1.0,Banzaaai
25:53,1553,prismye,prismye,neutro,1.0,nunca vi isso
25:54,1554,e006cr,e006cr,confuso,1.0,Câmbio de carro?
25:55,1555,this_is_pedro,This_is_Pedro,positivo,1.0,Bom
25:55,1555,kev1nog,kev1nog,neutro,1.0,que legal
25:58,1558,muttanofc,MuttanOfc,engraçado,1.0,@LuscaNpc Tbm quero saber kkkk acho q já vi isso antes
25:58,1558,sugurodog,sugurodog,confuso,1.0,Esse cartão aí da Nintendo não é uns quinhentos reais??? Catapimbas
25:59,1559,maikon7501,maikon7501,neutro,1.0,Nem comprou nada
25:59,1559,diagon_haisser,diagon_haisser,neutro,1.0,@LuscaNpc Não
26:00,1560,pedepanomttriste,PeDePanoMtTriste,confuso,1.0,Troca da câmbio? Q como entra c o carro ai
26:06,1566,pedro_polegar,pedro_polegar,neutro,1.0,Isso passa na poça
26:10,1570,geogeo_chan,geogeo_chan,neutro,1.0,Vai cair aí paizão
26:13,1573,gotzaum,gotzaum,positivo,1.0,Entope o ralo td dia
26:14,1574,leitadordebarbudos,LeitadorDeBarbudos,neutro,1.0,Eu vim lá de cima agora to na pior
26:14,1574,niel_baubino,niel_baubino,neutro,1.0,Pega no câmbio e bão
26:18,1578,wesleyp2p,wesleyp2p,neutro,1.0,Não é Rerun galera
26:19,1579,residente_dorminhoko,residente_dorminhoko,neutro,1.0,opa calmai
26:19,1579,wesleykolomar_br,wesleykolomar_br,neutro,1.0,pq né
26:19,1579,diagon_haisser,diagon_haisser,neutro,1.0,@MuttanOfc Ele está lendo o chat
26:21,1581,this_is_pedro,This_is_Pedro,neutro,1.0,Caminhãozinho de lixinho
26:22,1582,prismye,prismye,neutro,1.0,CaitThinking
26:22,1582,boomer_mz,boomer_mz,confuso,1.0,E  o punhetasso? Já perdeu?
26:23,1583,catchau2005,catchau2005,confuso,1.0,a pingola tbm?
26:24,1584,mogamizz,mogamizz,neutro,1.0,ue voltou ja
26:24,1584,danylo____,Danylo____,neutro,1.0,lagert4DogKEK lagert4DogKEK lagert4DogKEK
26:26,1586,pedepanomttriste,PeDePanoMtTriste,neutro,1.0,Pior
26:27,1587,flowxr6,flowxr6,neutro,1.0,Esse queixo minusculo
26:28,1588,iambricio,iambricio,neutro,1.0,pq voltou pro japao
26:36,1596,imfilty,ImFilty,engraçado,1.0,desclp Baka por ser carioca kkk
26:37,1597,biancasdp,biancasdp,neutro,1.0,BlackCatLuck
26:37,1597,pulchram12,pulchram12,neutro,1.0,CaitThinking
26:37,1597,jiji_kiki88,jiji_kiki88,engraçado,1.0,Cariocando está indo aí em live
26:38,1598,marps321,marps321,neutro,1.0,geoguess
26:40,1600,muttanofc,MuttanOfc,engraçado,1.0,@diagon_haisser nem fodendo kkkk
26:44,1604,prismye,prismye,neutro,1.0,rerun
26:44,1604,lkaleatorio,lkaleatorio,neutro,1.0,Tudo moiadinho
26:45,1605,number_five_zero,number_five_zero,neutro,1.0,Baka foi deportado do Brasil
26:47,1607,pedro_polegar,pedro_polegar,engraçado,1.0,Mano do ceu kkkkkkkkk
26:47,1607,luscanpc,LuscaNpc,confuso,0.667,"Caralho, tinham me falado que o baka tinha falecido em uma briga em São Paulo com um morador de rua no beco, o que aconteceu, ele vortou? BigSad"
26:47,1607,freudmayweather_,FreudMayweather_,confuso,1.0,live gravada? tá de noite aqui
26:48,1608,kise_ryota__,Kise_Ryota__,positivo,1.0,"1.900 viewers, estamos aos poucos voltando ao auge"
26:50,1610,hemoglobina05,hemoglobina05,neutro,1.0,"aq ta chovendo tbm, me sinto imerso"
26:50,1610,tiagoiced,TiagoIced,confuso,1.0,Olhou o Penis?
26:51,1611,pedepanomttriste,PeDePanoMtTriste,neutro,1.0,Só acredito vendo
26:51,1611,residente_dorminhoko,residente_dorminhoko,confuso,1.0,3 perna?
26:52,1612,artuurbr21,artuurbr21,positivo,1.0,ray tracing foda
26:53,1613,riiyuji,Riiyuji,neutro,1.0,Problema teu dog
26:53,1613,eliseujr55,EliseuJr55,neutro,1.0,catapimbas
26:56,1616,leitadordebarbudos,LeitadorDeBarbudos,neutro,1.0,tem uma poça ali
26:56,1616,pedro_polegar,pedro_polegar,neutro,1.0,Tem que usar oculos mesmo
26:56,1616,ermigi_,Ermigi_,neutro,1.0,"Cuidado, tem uma poça gigante na sua frente"
26:56,1616,kev1nog,kev1nog,engraçado,1.0,kkkkk
26:56,1616,prophano,Prophano,engraçado,1.0,O tribunal de minúsculas causas fica no Japão
26:57,1617,caiopinto120887,caiopinto120887,neutro,1.0,Molhou o penis
26:57,1617,thorlight9,thorlight9,neutro,1.0,Burro
26:57,1617,arki_core1,arki_core1,neutro,1.0,E tá de óculos hen
26:59,1619,shingouki10,shingouki10,confuso,1.0,Molhou o penes?
27:02,1622,veinzysh,veinzysh,neutro,1.0,cuidado baka a poça
27:02,1622,boomer_mz,boomer_mz,confuso,1.0,Já pode gozar?
27:06,1626,niel_baubino,niel_baubino,neutro,1.0,Muito burro
27:06,1626,this_is_pedro,This_is_Pedro,confuso,1.0,Ninguém me avisou que tinha uma pica gigantesca
27:07,1627,sw1ftt_,Sw1ftt_,neutro,1.0,olha a poca ai baka
27:07,1627,kazuyamishima4,kazuyamishima4,neutro,1.0,photokHmm
27:07,1627,davisouza78,davisouza78,neutro,1.0,Delicia
27:07,1627,tobleroneopicional,tobleroneopicional,neutro,1.0,Osasco tá diferente
27:08,1628,lana_tomioka,lana_tomioka,neutro,1.0,Bulunfas
27:08,1628,niel_baubino,niel_baubino,engraçado,1.0,Haha
27:09,1629,wesleykolomar_br,wesleykolomar_br,neutro,1.0,"RJ era muito High level, por isso volto pra farma no JP"
27:11,1631,wemersom_cmtz,wemersom_cmtz,confuso,1.0,Ja ta podendo?
27:12,1632,prismye,prismye,confuso,1.0,ta indo pra onde cara?
27:12,1632,igh0r5,Igh0r5,neutro,1.0,Tava invisivel
27:14,1634,strikewolf5,strikewolf5,neutro,1.0,"FAZ COMPILADO DA LIVE NO YOUTUBE, COMO ANTIGAMENTE"
27:14,1634,pedro_polegar,pedro_polegar,neutro,1.0,Cachoeira
27:15,1635,kev1nog,kev1nog,neutro,1.0,catapinbas
27:16,1636,thrillerzs,thrillerzs,neutro,1.0,Tiete
27:18,1638,ratoacucar,ratoacucar,neutro,1.0,@7_erm badge legaaal mano
27:18,1638,kazuyamishima4,kazuyamishima4,confuso,1.0,Cadê os becos?
27:18,1638,catchau2005,catchau2005,neutro,1.0,tinha que ser o estrangeiro!!! só faz bagunça!!!! chegou e mandou chuva e fica sujando com os sapatos sujos
27:18,1638,allanheck,allanheck,engraçado,1.0,allanheck subscribed with Prime. They've subscribed for 6 months!
27:18,1638,residente_dorminhoko,residente_dorminhoko,neutro,1.0,1
27:18,1638,eliseujr55,EliseuJr55,engraçado,0.5,Esse que é o rio Tietê?
27:19,1639,pedepanomttriste,PeDePanoMtTriste,neutro,1.0,Joga nois ali
27:20,1640,leitadordebarbudos,LeitadorDeBarbudos,neutro,1.0,assim
27:21,1641,kazuyamishima4,kazuyamishima4,neutro,1.0,photokNod
27:22,1642,lkaleatorio,lkaleatorio,neutro,1.0,Esgoto
27:22,1642,sr_ryann,Sr_Ryann,neutro,1.0,deceta buçanhuda
27:23,1643,hunterma30,HunterMa30,confuso,1.0,e o punhetaço da manhã tem ?
27:23,1643,hemoglobina05,hemoglobina05,engraçado,1.0,mais abrido
27:24,1644,kazulixo_6,kazulixo_6,engraçado,1.0,Rio Tietê
27:24,1644,watergame777,watergame777,confuso,1.0,Vai ver a calcinha no terraço?
27:25,1645,andzilla,andzilla,neutro,1.0,2
27:25,1645,riiyuji,Riiyuji,neutro,1.0,Tanto faz porra
27:25,1645,residente_dorminhoko,residente_dorminhoko,neutro,1.0,aberto igual seu cu
27:25,1645,kodarke,kodarke,neutro,1.0,aberto
27:26,1646,this_is_pedro,This_is_Pedro,neutro,1.0,Depende do momento
27:26,1646,pulchram12,pulchram12,neutro,1.0,Aberto
27:26,1646,gotzaum,gotzaum,neutro,1.0,Nem assisti suas lives em carapicuiba
27:26,1646,el_007gestii,el_007gestii,neutro,1.0,aberto
27:26,1646,boomer_mz,boomer_mz,confuso,1.0,Já pode estourar o champanhe?
27:27,1647,alektrospirozy,Alektrospirozy,positivo,0.5,gosto de abrido mesmo
27:28,1648,brendeaq_,BrendeAq_,neutro,1.0,"abertinho, vai"
27:28,1648,calvsbr,CalvsBR,neutro,1.0,aberto
27:28,1648,pskaren,pskaren,neutro,1.0,Abre mais baka
27:29,1649,number_five_zero,number_five_zero,neutro,1.0,Aberto sepre faz a diferença
27:30,1650,e006cr,e006cr,neutro,1.0,Tietê 2.0
27:30,1650,crowley_zzy,crowley_zzy,positivo,1.0,Aberto é melhor mesmo
27:30,1650,tobleroneopicional,tobleroneopicional,neutro,1.0,Mais aberto igual sua bunda
27:32,1652,lanko_1,Lanko_1,positivo,1.0,fechado é mais gostoso
27:32,1652,luxnis_,luxnis_,positivo,1.0,gosto aberto
27:32,1652,geogeo_chan,geogeo_chan,positivo,0.5,"Contrata alguém pra te gravar por trás, é melhor"
27:32,1652,pedepanomttriste,PeDePanoMtTriste,neutro,1.0,Mais aberto 🏳️‍🌈
27:33,1653,jaooveed,jaooveed,neutro,1.0,Albertinho
27:33,1653,wemersom_cmtz,wemersom_cmtz,neutro,1.0,Abertinho
27:34,1654,1guinobre1,1guinobre1,neutro,1.0,Baka os cortes dessa live tem i pro canal igual antes
27:35,1655,sw1ftt_,Sw1ftt_,neutro,1.0,aberto
27:35,1655,light_juggernaut,light_juggernaut,engraçado,1.0,abrido
27:35,1655,leitadordebarbudos,LeitadorDeBarbudos,confuso,1.0,da pra tomar banho ai?
27:35,1655,kise_ryota__,Kise_Ryota__,positivo,1.0,precisamos de mais FoV para ver os inimigos
27:35,1655,willys_o,willys_o,neutro,1.0,prefiro vc aberto baka
27:35,1655,picolino0418,picolino0418,positivo,1.0,abre mais baka melhor
27:35,1655,daikii_zzz,daikii_zzz,engraçado,0.5,Rio Tietê?
27:36,1656,strikewolf5,strikewolf5,neutro,1.0,FAZ COMPILADO DA LIVE N OYT
27:36,1656,poao_jedro,Poao_Jedro,engraçado,1.0,Abrido
27:37,1657,niel_baubino,niel_baubino,neutro,1.0,Mais aberto
27:38,1658,wtfsteb,wtfsteb,confuso,1.0,ai que é o canal de santos?
27:39,1659,kev1nog,kev1nog,neutro,1.0,aberto só vc Baka
27:39,1659,this_is_pedro,This_is_Pedro,neutro,1.0,Vai pro caralho então
27:40,1660,iceraptron,iceraptron,engraçado,0.5,esse que é o rio tiete?
27:41,1661,grayoden,Grayoden,confuso,1.0,Já está podendo jah'n-tar?
27:41,1661,kudacobra,kudacobra,confuso,1.0,esse é o remake do Ocaraina of Time?
27:42,1662,brunosb654,brunosb654,neutro,1.0,bem aberto
27:44,1664,kivratal,kivratal,neutro,1.0,fechado e mais imersivo
27:44,1664,dumdum2077_,DumDum2077_,neutro,1.0,o buraco azul do japão
27:45,1665,neck57,neck57,neutro,1.0,Aberto sempre
27:48,1668,sw1ftt_,Sw1ftt_,neutro,1.0,cataratas do meu piru
27:50,1670,arycastro,Arycastro,engraçado,1.0,Rio Faria-Timbó
27:54,1674,eliseujr55,EliseuJr55,neutro,1.0,Cuidado cair de boca
27:54,1674,shingouki10,shingouki10,neutro,1.0,Catarata de sujeira
27:55,1675,pedro_polegar,pedro_polegar,neutro,1.0,Torcendo pela queda
27:55,1675,arki_core1,arki_core1,neutro,1.0,Cuidado pra não escorrer
27:58,1678,catchau2005,catchau2005,neutro,1.0,que nem um cuzinho
28:01,1681,pedepanomttriste,PeDePanoMtTriste,neutro,1.0,Cu dado
28:05,1685,liskyuu,LisKyuu,neutro,1.0,Agora o baka está em shibuya
28:07,1687,paulo_930,paulo_930,confuso,1.0,Hoje a live é de 12 minutos?
28:07,1687,residente_dorminhoko,residente_dorminhoko,neutro,1.0,guardinha vai te colocar pra fora
28:07,1687,leitadordebarbudos,LeitadorDeBarbudos,confuso,1.0,Nao quer me comer tem quem queira ja diz o velho ditado
28:08,1688,liskyuu,LisKyuu,confuso,1.0,??
28:08,1688,lkaleatorio,lkaleatorio,neutro,1.0,Se for cair abre a boca
28:10,1690,kazulixo_6,kazulixo_6,neutro,1.0,As escadas no Japão parecem escada de banco
28:13,1693,geogeo_chan,geogeo_chan,neutro,1.0,Mas aí Farma views
28:14,1694,wemersom_cmtz,wemersom_cmtz,neutro,1.0,Abre de vagar pra nóis baka
28:15,1695,cesarkfx,CesarKFX,confuso,1.0,ué voltou bacão
28:15,1695,bellattore_,bellattore_,neutro,1.0,Qual sabor da chuva no Japão
28:18,1698,devtungs,devtungs,neutro,1.0,SP ta diferente
28:25,1705,pedepanomttriste,PeDePanoMtTriste,neutro,1.0,Esqueceu como se liva
28:25,1705,this_is_pedro,This_is_Pedro,neutro,1.0,Saquei
28:26,1706,dumdum2077_,DumDum2077_,neutro,1.0,só aguentou 1 ano no brasil
28:27,1707,niel_baubino,niel_baubino,neutro,1.0,Vai toma um rola ai
28:27,1707,daikii_zzz,daikii_zzz,confuso,1.0,Perninha tá doendo??
28:28,1708,muttanofc,MuttanOfc,confuso,1.0,conseguiu levar sua mãe pra conhecer o Japão baka?
28:31,1711,legoshi_lu,legoshi_lu,confuso,1.0,Tu retornou ao Japão moço?
28:32,1712,this_is_pedro,This_is_Pedro,neutro,1.0,Não
28:32,1712,pedro_polegar,pedro_polegar,neutro,1.0,Meta dessa live é escorregar de bunda na poça
28:32,1712,residente_dorminhoko,residente_dorminhoko,neutro,1.0,ta mutado
28:32,1712,downn10,downn10,neutro,1.0,mutou
28:33,1713,pulchram12,pulchram12,neutro,1.0,Não
28:33,1713,shingouki10,shingouki10,frustrado,1.0,Tá cansado em gordin CRL ksksksksksksks
28:34,1714,thorlight9,thorlight9,neutro,1.0,Uma vez um sábio disse que o Japão é escorregadio
28:35,1715,kazuyamishima4,kazuyamishima4,neutro,1.0,photokSai
28:35,1715,tobleroneopicional,tobleroneopicional,neutro,1.0,Não
28:37,1717,geogeo_chan,geogeo_chan,neutro,1.0,Abelhinha
28:38,1718,bellattore_,bellattore_,neutro,1.0,Ta mutado
28:38,1718,poao_jedro,Poao_Jedro,neutro,1.0,mutou
28:38,1718,luxnis_,luxnis_,positivo,1.0,top
28:39,1719,m0am_,m0am_,confuso,1.0,@BakaGaijinLive oi bb vc mudou pro japao again bakaraio?
28:40,1720,this_is_pedro,This_is_Pedro,confuso,1.0,Fotinha?
28:41,1721,wesleyp2p,wesleyp2p,inspirado,0.5,@jiji_kiki88 Onde ele faz live? E também é esse o nome do canal dele?
28:43,1723,lkaleatorio,lkaleatorio,neutro,1.0,Joga uma pedra
28:44,1724,maikon7501,maikon7501,neutro,1.0,Os paulistas estão escondidos
28:44,1724,crowley_zzy,crowley_zzy,neutro,1.0,Cadê a bala de sal
28:44,1724,luscanpc,LuscaNpc,confuso,1.0,Ermoes como ta a performance de vocês em Setembro?
28:45,1725,biancasdp,biancasdp,neutro,1.0,Mutou
28:45,1725,pedepanomttriste,PeDePanoMtTriste,neutro,1.0,Que lindio
28:46,1726,boomer_mz,boomer_mz,confuso,0.5,"Baka, eu não acredito que você me deixou por tanto tempo, nós éramos tão felizes e você volta do nada assim? Você disse que voltaria em breve, eu esperei por dias..."
28:46,1726,lana_tomioka,lana_tomioka,neutro,1.0,É a idade
28:47,1727,number_five_zero,number_five_zero,neutro,1.0,"Mutou, não te escuto"
28:47,1727,geogeo_chan,geogeo_chan,engraçado,1.0,Tá sedentário
28:48,1728,riiyuji,Riiyuji,neutro,1.0,Gordasso fi
28:48,1728,kev1nog,kev1nog,confuso,1.0,asma?
28:48,1728,caiopinto120887,caiopinto120887,confuso,1.0,Tá morrendo fdp?
28:48,1728,kudacobra,kudacobra,neutro,1.0,uma lambelha
28:50,1730,residente_dorminhoko,residente_dorminhoko,confuso,1.0,alguem sabe pq ta mutado?
28:50,1730,catchau2005,catchau2005,neutro,1.0,sim o áudio está mutado
28:50,1730,otirik19,OTIRIK19,negativo,1.0,nunca foi tão flopado
28:50,1730,neck57,neck57,neutro,1.0,Cadê os npcs
28:51,1731,niel_baubino,niel_baubino,neutro,1.0,E uma abeia
28:52,1732,leitadordebarbudos,LeitadorDeBarbudos,engraçado,1.0,Voce deveria para pra comer um povo com farofa
28:52,1732,corvo__feroz,Corvo__Feroz,neutro,1.0,Vc n agrou os japoneses plastificados
28:53,1733,downn10,downn10,neutro,1.0,boss fight
28:54,1734,this_is_pedro,This_is_Pedro,neutro,1.0,Atropela ele
28:54,1734,jaooveed,jaooveed,neutro,1.0,Lanterna marela
28:58,1738,parcival_x,Parcival_x,neutro,1.0,oix
28:59,1739,jhonalen_,jhonalen_,neutro,1.0,é quest
29:02,1742,catchau2005,catchau2005,positivo,1.0,não estamos de ovindo
29:03,1743,crowley_zzy,crowley_zzy,neutro,1.0,Bala de sal
29:03,1743,riiyuji,Riiyuji,neutro,1.0,Ae é problema teu
29:05,1745,this_is_pedro,This_is_Pedro,engraçado,0.5,Quest secundária?
29:05,1745,xenohfanes,xenohfanes,confuso,1.0,"Mas fala aí Braga, foi pro japil levar a mãe pra conhecer mano?"
29:05,1745,ambar_sky_da_bel,ambar_sky_da_bel,confuso,1.0,voltou pra morar?
29:06,1746,wesleykolomar_br,wesleykolomar_br,neutro,1.0,veio tá fazendo L
29:06,1746,kev1nog,kev1nog,neutro,1.0,da um beijo nele
29:07,1747,bellattore_,bellattore_,neutro,1.0,Mutou trouxa
29:07,1747,lkaleatorio,lkaleatorio,positivo,1.0,Top
29:09,1749,vraniere,vRaniere,engraçado,1.0,vRaniere subscribed with Prime.
29:10,1750,boomer_mz,boomer_mz,neutro,1.0,F
29:11,1751,poteitossauro,Poteitossauro,neutro,1.0,essa é gamer
29:12,1752,niel_baubino,niel_baubino,neutro,1.0,Fala com o npc ai
29:13,1753,shingouki10,shingouki10,neutro,1.0,O cara foi pegar o guarda-chuva do chão quase gosou
29:14,1754,kodarke,kodarke,neutro,1.0,até ajeitei a coluna aqui
29:14,1754,otirik19,OTIRIK19,negativo,0.5,OTIRIK19 watched 7 consecutive streams and sparked a watch streak! nunca foi tão flopado
29:16,1756,pedepanomttriste,PeDePanoMtTriste,confuso,1.0,Gnose?
29:17,1757,daikii_zzz,daikii_zzz,confuso,1.0,Zumbi?
29:17,1757,sugurodog,sugurodog,confuso,1.0,Tá bloqueado o mapa
29:18,1758,tobleroneopicional,tobleroneopicional,engraçado,1.0,GRITA AE ALTAO KAKAKAKAAK PELOS VELHOS TEMPOS
29:19,1759,zelaranj4,Zelaranj4,neutro,1.0,npc bugo
29:20,1760,guilherme_sem_briggs_,guilherme_sem_briggs_,positivo,1.0,Salve admmm
29:22,1762,paulo_930,paulo_930,confuso,1.0,Qual seu level?
29:22,1762,riiyuji,Riiyuji,neutro,1.0,FALA QQ TU FOI FAZER AE SEU PORRA
29:23,1763,hemoglobina05,hemoglobina05,neutro,1.0,baka a live  ta com delay
29:24,1764,peix3manso,peix3manso,neutro,1.0,nd novo
29:25,1765,satesagatha,satesagatha,engraçado,1.0,As criatura que ele encontra as 6 da manhã
29:26,1766,residente_dorminhoko,residente_dorminhoko,positivo,0.5,pegou o starfodase abrindo
29:26,1766,ihenrique_23,ihenrique_23,confuso,1.0,Votlou mermo?!?
29:26,1766,liskyuu,LisKyuu,confuso,1.0,Ele está em que parte do japão??
29:27,1767,renanzex10,RenanZex10,confuso,1.0,Rerun?
29:29,1769,zahircs,ZahirCS,engraçado,1.0,ta sendentario
29:30,1770,igh0r5,Igh0r5,confuso,1.0,Cuido que ele. Aí te chamar pra uma batalha pokemon
29:30,1770,bellattore_,bellattore_,neutro,1.0,Pega quest daquele npc
29:32,1772,xabriel98,Xabriel98,positivo,1.0,aí é foda
29:33,1773,gabrieloliveira2100,gabrieloliveira2100,confuso,1.0,E o punhetaço baka?
29:33,1773,watergame777,watergame777,neutro,1.0,Ve se a calcinha ainda ta no terraço
29:33,1773,boomer_mz,boomer_mz,confuso,1.0,Seu penis?
29:34,1774,riiyuji,Riiyuji,neutro,1.0,@LisKyuu Osasco
29:35,1775,ihenrique_23,ihenrique_23,confuso,1.0,Voltou mesmo?!?
29:36,1776,lkaleatorio,lkaleatorio,neutro,1.0,Chuta essas placas
29:36,1776,pedepanomttriste,PeDePanoMtTriste,confuso,1.0,Seu pênis ta raspando?
29:36,1776,m0am_,m0am_,neutro,1.0,no saco
29:37,1777,kauazinwz7,kauazinwz7,positivo,0.333,Falaa gostosa n tankou o bostil e voltou?
29:37,1777,this_is_pedro,This_is_Pedro,confuso,1.0,Seu pênis tá oque?
29:37,1777,catchau2005,catchau2005,engraçado,1.0,pergunta pro atendente quanto custa a raspadinha 🤣😂🤣😂
29:38,1778,pulchram12,pulchram12,neutro,1.0,sushid17Omg
29:40,1780,otirik19,OTIRIK19,positivo,0.5,porque estamos vendo live gravada ?
29:43,1783,number_five_zero,number_five_zero,neutro,1.0,amarra seu penis
29:43,1783,heartonlyheart,HeartOnlyHeart,neutro,1.0,óbvio
29:49,1789,morttusdornitska,morttusdornitska,neutro,1.0,cala boca loiro
29:50,1790,bob_zink,bob_zink,neutro,1.0,live gravida
29:51,1791,luscanpc,LuscaNpc,neutro,1.0,Que sauldades dos seus Gemidos.
29:52,1792,jaooveed,jaooveed,confuso,1.0,Tá em xique xique baka ?
29:53,1793,m0am_,m0am_,confuso,1.0,@BakaGaijinLive o japao te ligou?
29:53,1793,skatista_lvcido,skatista_lvcido,confuso,1.0,Live gravada?
29:55,1795,pedro_polegar,pedro_polegar,neutro,1.0,Ô tremedeira
29:55,1795,tobleroneopicional,tobleroneopicional,neutro,1.0,BAKA VOLTA NO TERRAÇO DA CALCINHA
29:59,1799,jraffist,jraffist,confuso,1.0,Foi morar ou só visitar o japil?
30:00,1800,pedepanomttriste,PeDePanoMtTriste,positivo,1.0,Coisa boa
30:01,1801,e006cr,e006cr,neutro,1.0,"Claro q é RR, ta de dia na live"
30:01,1801,schneid3n,schneid3n,neutro,1.0,"Rerun legal, pena que é live"
30:01,1801,kudacobra,kudacobra,confuso,1.0,Mostra os preços da Loja da Nintendo?
30:02,1802,hugostosaooo,hugostosaooo,confuso,1.0,É o jalapão mesmo?
30:05,1805,riiyuji,Riiyuji,neutro,1.0,Surra de bunda agora
30:05,1805,baratadesaiaaa,baratadesaiaaa,neutro,1.0,Tá caindo um toró
30:06,1806,leitadordebarbudos,LeitadorDeBarbudos,neutro,1.0,É gente falando
30:07,1807,boomer_mz,boomer_mz,confuso,1.0,"Baka, e o punhetasso? Você já perdeu o no fap?"
30:08,1808,sugurodog,sugurodog,engraçado,1.0,@LisKyuu Em Curitiba
30:08,1808,lc_felipe,lc_felipe,neutro,1.0,rerun de 2020
30:09,1809,catchau2005,catchau2005,neutro,1.0,deve ser o efeito El Niño
30:10,1810,wesleykolomar_br,wesleykolomar_br,confuso,1.0,sera q a calcinha ainda tá lá
30:11,1811,daikii_zzz,daikii_zzz,neutro,1.0,Eits pola
30:12,1812,xabriel98,Xabriel98,engraçado,1.0,kkkkkkk
30:12,1812,halfzera,Halfzera,neutro,1.0,ele é espanhol
30:12,1812,muttanofc,MuttanOfc,neutro,1.0,Cara foi quando tá caindo o mundo de chuva
30:12,1812,diagon_haisser,diagon_haisser,neutro,1.0,@m0am_ Desdeportaram
30:16,1816,jumtz,jumtz,engraçado,0.5,No Japão a chuva também é ao contrário?
30:17,1817,pedepanomttriste,PeDePanoMtTriste,neutro,1.0,Saldade vey
30:18,1818,thalessalbego,thalessalbego,engraçado,1.0,parece Rio de Janeiro isso aí
30:18,1818,hemoglobina05,hemoglobina05,confuso,1.0,tem o Novos do monark ae ?
30:19,1819,xcoyotebr,xCoyoteBR,neutro,1.0,manda essa chuva para cá
30:19,1819,kauazinwz7,kauazinwz7,positivo,0.333,eaeee gostosooo n tankou o bostil e voltou pro japil?
30:20,1820,pskaren,pskaren,neutro,1.0,porra para de xingar caralho vai tomar no seu uc
30:20,1820,eliseujr55,EliseuJr55,neutro,1.0,aiiiiii
30:20,1820,sirleuroy,SirLeuroy,confuso,1.0,Pq voltou?
30:22,1822,kthyosu,kthyosu,neutro,1.0,ta obeso
30:22,1822,number_five_zero,number_five_zero,neutro,1.0,pequeno igual teu paul
30:24,1824,natansimm,natansimm,confuso,1.0,Foi o que ela disse
30:25,1825,boomer_mz,boomer_mz,neutro,1.0,"Geme mais, tô quase"
30:25,1825,zemyata,Zemyata,neutro,1.0,gozou
30:25,1825,phaantomlord,PhaantomLord,positivo,1.0,Foda quando o baguio é muito pequeno
30:26,1826,gabriel__00000,GaBrIeL__00000,neutro,1.0,Chuvão De porra
30:26,1826,caiopinto120887,caiopinto120887,neutro,1.0,Live gravada aqui no Br tá de noite. Hehehe 🤪
30:27,1827,tiagoiced,TiagoIced,confuso,1.0,"Punhetaço 2026, como fica? Ta acumulado faz um tempo já"
30:27,1827,bob_zink,bob_zink,neutro,1.0,mão gorda
30:29,1829,shingouki10,shingouki10,neutro,1.0,Saldáde
30:31,1831,kev1nog,kev1nog,neutro,1.0,gozei
30:32,1832,thrillerzs,thrillerzs,neutro,1.0,Ta inchado a mão velhow
30:32,1832,riiyuji,Riiyuji,positivo,1.0,FODASE
30:32,1832,biancasdp,biancasdp,engraçado,1.0,Kkkkkkkkkkkkkkkkkkkkkkk
30:32,1832,lkaleatorio,lkaleatorio,engraçado,1.0,Mãos de gorila
30:34,1834,heartonlyheart,HeartOnlyHeart,neutro,1.0,Cuidado pra não te roubarem
30:34,1834,pedepanomttriste,PeDePanoMtTriste,neutro,1.0,Para de atiçar
30:35,1835,this_is_pedro,This_is_Pedro,neutro,1.0,Sabia
30:35,1835,hugostosaooo,hugostosaooo,neutro,1.0,Manaus/Am
30:35,1835,daikii_zzz,daikii_zzz,neutro,1.0,KKAKAKAKAKAKA
30:37,1837,this_is_pedro,This_is_Pedro,neutro,1.0,Sim
30:37,1837,bellattore_,bellattore_,neutro,1.0,Vdd mn volta pro terraço da calcinha usada
30:38,1838,halfzera,Halfzera,neutro,1.0,vai ter q cortar a mão fora
30:39,1839,lana_tomioka,lana_tomioka,neutro,1.0,Ksksksks
30:39,1839,gabrieloliveira2100,gabrieloliveira2100,neutro,1.0,Vai pro beco
30:39,1839,putiferoo,putiferoo,neutro,1.0,Compra alguma calcinha usada aí
30:42,1842,wesleykolomar_br,wesleykolomar_br,confuso,1.0,meteram no seu anel?
30:43,1843,mtbrazil,MTBRAZIL,confuso,1.0,O homem voltou memo???
30:43,1843,wemersom_cmtz,wemersom_cmtz,neutro,1.0,"Tira, tira, tira..."
30:43,1843,gotzaum,gotzaum,neutro,1.0,Ele voltou para buscar a calcinha no térreo
30:44,1844,morttusdornitska,morttusdornitska,neutro,1.0,@boomer_mz nofap irmãozinho
30:45,1845,kudacobra,kudacobra,confuso,1.0,anel peniano?
30:45,1845,capivarraaah,capivarraaah,neutro,1.0,Voltou
30:46,1846,neck57,neck57,neutro,1.0,Ah Alexander de morais
30:48,1848,daikii_zzz,daikii_zzz,neutro,1.0,MDS
30:48,1848,jvferraz_,jvferraz_,neutro,1.0,desk streamer cansa ao fazer irl
30:48,1848,halfzera,Halfzera,neutro,1.0,lá ele
30:48,1848,oedy2d,oedy2d,confuso,1.0,Baka no japão? me come baka faça me o favor!!!!!!!!!!!!!!!!!
30:49,1849,catchau2005,catchau2005,positivo,0.5,"melhor um anal do seu dedo, do que um dedo no seu anel"
30:50,1850,kauazinwz7,kauazinwz7,positivo,0.333,fala gostoso n tankou o bostil e voltou pro japil?
30:51,1851,lucas_camargus,Lucas_Camargus,neutro,1.0,Gorducho
30:52,1852,eliseujr55,EliseuJr55,engraçado,1.0,Kappa
30:53,1853,peix3manso,peix3manso,engraçado,1.0,kkkkkkkkkkkkkkkkkkkk
30:53,1853,number_five_zero,number_five_zero,engraçado,1.0,kkkkkkkkk
30:54,1854,burro_da_silva,burro_da_silva,neutro,1.0,escola de boy
30:55,1855,xabriel98,Xabriel98,neutro,1.0,mds
30:55,1855,hanalixo,hanalixo,neutro,1.0,oloko
30:55,1855,leitadordebarbudos,LeitadorDeBarbudos,neutro,1.0,Ser justo é uma qualidade
30:57,1857,akenoartz,AkenoArtz,neutro,1.0,Eita
30:57,1857,a_palavra_cabalistica_eh,凹凸凹凸凹凸凹凸凹凸凹,neutro,1.0,tbm meteram no meu justo
30:57,1857,tristesatanexe,TristeSatanExe,neutro,1.0,Chegueiii
30:58,1858,muttanofc,MuttanOfc,confuso,0.667,enfiou no seu anel com força?? Kappa
30:58,1858,m0am_,m0am_,neutro,1.0,ANEL COM FORÇA
30:58,1858,imfilty,ImFilty,neutro,1.0,po pprt volta la no terraço da calcinha
30:58,1858,xabriel98,Xabriel98,engraçado,1.0,kkkkkkkkkkkkk
31:01,1861,pskaren,pskaren,engraçado,1.0,Kkkkkkkkkkkkk
31:02,1862,tobleroneopicional,tobleroneopicional,neutro,1.0,VOLTA NO TERRAÇO DA CALCINHA
31:02,1862,shingouki10,shingouki10,neutro,1.0,O dedo obeso ficou roxo
31:05,1865,thorlight9,thorlight9,neutro,1.0,Aí arrancaram o dedo e virou presidente
31:06,1866,kauazinwz7,kauazinwz7,confuso,1.0,pq ai ta de dia?
31:07,1867,pedepanomttriste,PeDePanoMtTriste,frustrado,1.0,Quase teve amputar
31:07,1867,kise_ryota__,Kise_Ryota__,neutro,1.0,depois tiveram que arrombar o seu anel
31:09,1869,ayanmelo,ayanmelo,confuso,1.0,pq não serrou o dedo?
31:11,1871,peix3manso,peix3manso,neutro,1.0,tdo fodido
31:11,1871,rodolfofdias87,rodolfofdias87,confuso,1.0,Desde novo quebrando o anel
31:11,1871,daenonbo,daenonbo,neutro,1.0,"isso ai nao é Japão, caiu no golpe da cvc"
31:14,1874,king2mc,king2mc,positivo,1.0,melhor um anel no seu dedo q um dedo no seu anel
31:16,1876,morttusdornitska,morttusdornitska,neutro,1.0,terraço da calcinha
31:16,1876,wemersom_cmtz,wemersom_cmtz,confuso,1.0,Calcinha?
31:17,1877,pskaren,pskaren,neutro,1.0,tadinho do bakinha
31:17,1877,riiyuji,Riiyuji,positivo,1.0,Fodase irmao
31:18,1878,boomer_mz,boomer_mz,confuso,1.0,Ta de calcinha?
31:22,1882,hugostosaooo,hugostosaooo,confuso,1.0,De onde o dinheiro pro Japão? Se não era fdd
31:23,1883,thalessalbego,thalessalbego,confuso,1.0,teu anel é muito apertado?
31:24,1884,gh0st813,gh0st813,neutro,1.0,Cade us beku baka
31:24,1884,dallasguimas,dallasguimas,positivo,1.0,bakagaPikagasm
31:27,1887,max_vermillion,max_vermillion,neutro,1.0,ItsHappening
31:28,1888,pedepanomttriste,PeDePanoMtTriste,neutro,1.0,Ngm pensa nos dedo gordo
31:28,1888,caixa_de_leite,caixa_de_leite,confuso,1.0,pratica a arte do 67 baka?
31:29,1889,thrillerzs,thrillerzs,neutro,1.0,Típico protagonista de anime de isekai
31:30,1890,luscanpc,LuscaNpc,neutro,1.0,@pulchram12 Lord Pupu SeemsGood
31:31,1891,lana_tomioka,lana_tomioka,confuso,1.0,Que horas vai começar a missão dos becos?
31:31,1891,minherme,minherme,engraçado,1.0,minherme subscribed with Prime.
31:33,1893,henshinchem,henshinchem,positivo,1.0,bakagaPikagasm
31:34,1894,jesusburguess,jesusburguess,neutro,1.0,Teve q corta o dedo fora
31:34,1894,this_is_pedro,This_is_Pedro,engraçado,1.0,Muita sabedoria
31:35,1895,x1rapha,x1rapha,positivo,0.5,Bom voltar ao Japão braga?
31:35,1895,m0am_,m0am_,neutro,1.0,@BakaGaijinLive vou te ligar de video chamada
31:35,1895,gh0st813,gh0st813,neutro,1.0,Pega a calcinha no telhado
31:36,1896,fabio90j,fabio90j,confuso,1.0,"Baka e o tráfico de anões, ainda ativo ?"
31:36,1896,lkaleatorio,lkaleatorio,neutro,1.0,Bonitao
31:37,1897,tristesatanexe,TristeSatanExe,positivo,1.0,Boa
31:39,1899,kauazinwz7,kauazinwz7,confuso,1.0,vai voltar no predio da calcinha?
31:39,1899,pulchram12,pulchram12,neutro,1.0,@LuscaNpc Eae blz
31:41,1901,thorlight9,thorlight9,frustrado,1.0,Sobe num prédio aí seu bosta
31:41,1901,pedepanomttriste,PeDePanoMtTriste,neutro,1.0,La ele meu deus do cel
31:42,1902,pedro_polegar,pedro_polegar,neutro,1.0,Caai cai cai
31:42,1902,baguinska,baguinska,engraçado,1.0,baguinska subscribed with Prime.
31:45,1905,jvitor_ju,Jvitor_ju,neutro,1.0,olá a todos.
31:49,1909,shingouki10,shingouki10,engraçado,1.0,@thrillerzs KKKKKKKKKKKKKKKK
31:50,1910,muttanofc,MuttanOfc,neutro,1.0,CUIDADO PRA NAO CAIR AÍ KRAI
31:50,1910,geogeo_chan,geogeo_chan,confuso,1.0,E anel peniano?
31:53,1913,peix3manso,peix3manso,neutro,1.0,tadinho
31:53,1913,aldeia_red1978,Aldeia_Red1978,confuso,1.0,Jogos mortais?
31:55,1915,dan1lo_ss_,dan1lo_ss_,engraçado,1.0,kkkkkkkkkkk
31:57,1917,igorluisk2,igorluisk2,neutro,1.0,"Isso aí é Tatuapé, ta moscando"
31:58,1918,kise_ryota__,Kise_Ryota__,neutro,1.0,oloko
31:59,1919,pedepanomttriste,PeDePanoMtTriste,neutro,1.0,Calma
31:59,1919,pedro_polegar,pedro_polegar,engraçado,0.75,O que eu to jogando de praga pra tu cair é brincadeira kkkkkk
31:59,1919,ermigi_,Ermigi_,engraçado,1.0,kkkkkkkkkkkkkkkkk
32:00,1920,otirik19,OTIRIK19,neutro,1.0,geme em japones por favor
32:00,1920,morttusdornitska,morttusdornitska,neutro,1.0,cala boca loiro burro
32:01,1921,maikon7501,maikon7501,neutro,1.0,@pulchram12 HeyGuys
32:01,1921,flowxr6,flowxr6,engraçado,1.0,KKKKKKK
32:03,1923,geogeo_chan,geogeo_chan,neutro,1.0,Kksksksksskks
32:03,1923,jaooveed,jaooveed,engraçado,1.0,Coitado KKKKKK
32:04,1924,kauazinwz7,kauazinwz7,confuso,1.0,vc vai voltar no predio da calcinha?
32:05,1925,dinozinbrk,Dinozinbrk,neutro,1.0,baka gayjiiiinnnnnn
32:05,1925,putiferoo,putiferoo,neutro,1.0,Busca a calcinha com a freada
32:06,1926,adoniisu,adoniisu,neutro,1.0,se passou
32:06,1926,diagon_haisser,diagon_haisser,neutro,1.0,@kauazinwz7 Ele já disse q não está mais lá
32:07,1927,pskaren,pskaren,engraçado,1.0,Oxe KKKKKKKKKKK
32:07,1927,bob_zink,bob_zink,neutro,1.0,é filhote
32:09,1929,wemersom_cmtz,wemersom_cmtz,confuso,1.0,Ja formou aura no Japão?
32:10,1930,wesleykolomar_br,wesleykolomar_br,neutro,1.0,passa o link do mapa do JP  ai
32:11,1931,pulchram12,pulchram12,neutro,1.0,@maikon7501 HeyGuy
32:11,1931,geogeo_chan,geogeo_chan,neutro,1.0,Eles vivem em maquetes
32:12,1932,eliseujr55,EliseuJr55,confuso,1.0,tudo que é pequeno sofre preconceito
32:12,1932,paulo_930,paulo_930,neutro,1.0,Pouco se fala da fimose
32:12,1932,pageshendrix,pageshendrix,confuso,1.0,"UAi, já voltou de vez?"
32:13,1933,konikonyan,KoniKonyan,neutro,1.0,caiu no ragebait de um catavento japones
32:14,1934,vanitastheory,vanitastheory,neutro,1.0,para de xingar o catavento cara
32:16,1936,otirik19,OTIRIK19,neutro,1.0,então deve esta se sentindo em casa com seu bingulinho
32:17,1937,lkaleatorio,lkaleatorio,positivo,1.0,Pequeno é minha pika
32:20,1940,igh0r5,Igh0r5,neutro,1.0,Tilto no catavento
32:20,1940,number_five_zero,number_five_zero,confuso,1.0,Qual a hora do punhetaço?
32:21,1941,luxnis_,luxnis_,confuso,1.0,Cade os jujutsu kaisen??
32:22,1942,creepy_tori,Creepy_Tori,neutro,1.0,quem cata muito o vento um dia os ventos irão catar
32:26,1946,sirleuroy,SirLeuroy,confuso,1.0,Mas Pq voltou?
32:28,1948,meialul,Meialul,neutro,1.0,Ta com pouco mob aí vai pra outro lugar farmar
32:28,1948,wesleykolomar_br,wesleykolomar_br,engraçado,0.5,conferiu?
32:29,1949,catchau2005,catchau2005,neutro,1.0,o baka tá usando a calcinha
32:30,1950,kise_ryota__,Kise_Ryota__,confuso,1.0,vc foi lá ver se tem ou não?
32:30,1950,lebriet,lebriet,confuso,1.0,"Ué, voltou?"
32:31,1951,this_is_pedro,This_is_Pedro,engraçado,0.5,O cara tá na primeira temporada ainda pqp
32:31,1951,hugostosaooo,hugostosaooo,neutro,1.0,Tem sim
32:33,1953,baratadesaiaaa,baratadesaiaaa,engraçado,1.0,Kkkkkkkkkkkk
32:34,1954,bananils0n_farofa,Bananils0n_farofa,neutro,1.0,Tão nessa ainda
32:36,1956,morttusdornitska,morttusdornitska,neutro,1.0,pegaram a calcinha chat
32:38,1958,x1rapha,x1rapha,engraçado,1.0,Kkkkkkkkkkkkkkkkkkkkkkkkkkkkkkk
32:39,1959,palhaco7,palhaco7,neutro,1.0,Os cara tá perdido na lore
32:39,1959,erickhsn,erickhsn,neutro,1.0,os larpers né
32:39,1959,caiopinto120887,caiopinto120887,neutro,1.0,Eu roubei a calcinha 😈
32:39,1959,flowxr6,flowxr6,neutro,1.0,OH NÃO
32:41,1961,seubobao,seubobao,confuso,1.0,E se ela voltou?
32:43,1963,minervaplays1800,minervaplays1800,neutro,1.0,compra uma calcinha e coloca la
32:44,1964,flowxr6,flowxr6,neutro,1.0,NEM FUDENDO
32:45,1965,velh666,velh666,neutro,1.0,:(
32:46,1966,e006cr,e006cr,neutro,1.0,Fake fãs
32:50,1970,pedepanomttriste,PeDePanoMtTriste,neutro,1.0,As veis é os outros lugares q é gramde
32:50,1970,schneid3n,schneid3n,neutro,1.0,Deixa uma cueca usada sua lá
32:51,1971,marie_bsts,Marie_Bsts,neutro,1.0,"Roubaram nossa calcinha, galera"
32:51,1971,sugurodog,sugurodog,confuso,1.0,Vai vestir a calcinha baka??
32:51,1971,niel_baubino,niel_baubino,neutro,1.0,Tem que vorta la
32:51,1971,pedro_polegar,pedro_polegar,neutro,1.0,Ou ele usou tu n sabe
32:52,1972,tristesatanexe,TristeSatanExe,positivo,1.0,Boaa Kakakka
32:52,1972,riiyuji,Riiyuji,positivo,1.0,"FODASE A LORE, QUEM NAO VIU NAO MERECE SABER"
32:52,1972,seph1roth1,seph1roth1,neutro,1.0,coloca outra la
32:52,1972,gh0st813,gh0st813,neutro,1.0,Pega a calcinha la
32:52,1972,baguinska,baguinska,neutro,1.0,"""""""descartada"""""""
32:53,1973,leidsan,LeidSan,neutro,1.0,Fazem-se anos
32:54,1974,imfilty,ImFilty,neutro,1.0,tem SIMMMM
32:55,1975,putiferoo,putiferoo,neutro,1.0,Fui eu
32:55,1975,bob_zink,bob_zink,neutro,1.0,lore da calcinha
32:56,1976,peix3manso,peix3manso,confuso,1.0,conta sobre oque fizeram com a calcinha
32:57,1977,lenixon,lenixon,neutro,1.0,ta
32:57,1977,imfilty,ImFilty,neutro,1.0,vai la
32:58,1978,ayanmelo,ayanmelo,neutro,1.0,descartada sim
32:59,1979,morttusdornitska,morttusdornitska,positivo,1.0,fake fans são fodas
33:00,1980,shingouki10,shingouki10,engraçado,1.0,KKKKKKKKKKKKKKKKKKKKKKKKKKK q
33:00,1980,this_is_pedro,This_is_Pedro,neutro,1.0,Quem é Baka lover sabe muito bem disso tudo
33:00,1980,poao_jedro,Poao_Jedro,neutro,1.0,fake fans
33:01,1981,saintme0_0,saintme0_0,neutro,1.0,pega outra
33:02,1982,boomer_mz,boomer_mz,confuso,1.0,E o punhetasso? Ta liberado? Você já perdeu o no fap ou segue forte?
33:02,1982,skatista_lvcido,skatista_lvcido,neutro,1.0,Tão larpando chat
33:04,1984,tobleroneopicional,tobleroneopicional,positivo,1.0,ELA NÃO FOI DESCARTADA ELE USOU DANDO UMA BOA CHEIRADA CTZ
33:04,1984,devsakazaki,devsakazaki,neutro,1.0,volta no buraco do rato morto lá
33:04,1984,guigorex,Guigorex,neutro,1.0,ou ele levou embora
33:07,1987,arki_core1,arki_core1,neutro,1.0,Então tem que fazer a saga da calcinha temporada 2
33:08,1988,vampxndy,vampxndy,neutro,1.0,os cara larpa mt
33:10,1990,igh0r5,Igh0r5,neutro,1.0,F calcinha
33:12,1992,sr_ryann,Sr_Ryann,engraçado,1.0,"os cabas roubaram a calcinha, eles só queriam ver uma calcinha e gozar"
33:12,1992,jackkiller000,JACKKILLER000,confuso,1.0,Perdi o punhetaço?
33:12,1992,corvo__feroz,Corvo__Feroz,neutro,1.0,Vai ter eu de calcinha la
33:15,1995,jvferraz_,jvferraz_,neutro,1.0,"falando em lore, tá mais próximo do caramujo dnv"
33:15,1995,number_five_zero,number_five_zero,neutro,1.0,susto
33:16,1996,morttusdornitska,morttusdornitska,neutro,1.0,ew
33:17,1997,poteitossauro,Poteitossauro,neutro,1.0,esperando na fila do 51
33:18,1998,sirleuroy,SirLeuroy,confuso,1.0,Pq voltou pro Japão fi?
33:19,1999,palhaco7,palhaco7,neutro,1.0,Tá comigo aqui em casa
33:19,1999,dlemonster,DlEmonster,confuso,1.0,live??? daquelas que são ao vivo???
33:19,1999,ywkishiro,Ywkishiro,positivo,1.0,Boa baka gaijin... mais uma live gravada no Japão enquanto você ainda está no Brasil...
33:19,1999,morttusdornitska,morttusdornitska,neutro,1.0,volta
33:19,1999,daikii_zzz,daikii_zzz,neutro,1.0,Pego pra ele certeza
33:20,2000,pedepanomttriste,PeDePanoMtTriste,neutro,1.0,"Aí mente, todo mundo sabe q vc ta usano a calcinha agr"
33:20,2000,catchau2005,catchau2005,neutro,1.0,"""descartada"" talvez usada pelo cara da troca. trocou mais que o ar condicionado"
33:21,2001,max_vermillion,max_vermillion,engraçado,1.0,max_vermillion subscribed at Tier 1. They've subscribed for 2 months!
33:22,2002,poao_jedro,Poao_Jedro,neutro,1.0,larpando baka lore
33:22,2002,andzilla,andzilla,neutro,1.0,Oticas Carol
33:22,2002,kudacobra,kudacobra,engraçado,1.0,tira a sua calcinha pra colocar num predio aleatório então
33:22,2002,johnnyguitar1954,johnnyguitar1954,engraçado,0.667,Volto pro japã pq acabou o dinheiro? Kkkkk
33:22,2002,melowwzz,melowwzz,neutro,1.0,du nada o pau no cu volta para o japao
33:22,2002,giowink_o,giowink_o,neutro,1.0,esse queixo bunda esta me encomodando
33:23,2003,pedro_polegar,pedro_polegar,neutro,1.0,Eu na antena parabolica
33:24,2004,thorlight9,thorlight9,positivo,1.0,Ta mais gostosa hoje
33:24,2004,number_five_zero,number_five_zero,neutro,1.0,anda nu
33:24,2004,peix3manso,peix3manso,neutro,1.0,com
33:25,2005,kise_ryota__,Kise_Ryota__,neutro,1.0,megane
33:25,2005,muttanofc,MuttanOfc,neutro,1.0,De óculos 🥸
33:26,2006,bookerr1,bookerr1,neutro,1.0,sem roupa
33:26,2006,riiyuji,Riiyuji,neutro,1.0,Os 2
33:26,2006,lenixon,lenixon,neutro,1.0,ta parecendo um técnico de TI nerd
33:26,2006,thrillerzs,thrillerzs,confuso,1.0,Clark Baka?
33:27,2007,flowxr6,flowxr6,negativo,1.0,MUITO FEIO
33:27,2007,boomer_mz,boomer_mz,confuso,1.0,Já pode gozar baka?
33:28,2008,arkimn,arkimn,frustrado,1.0,os 2 fica uma bosta
33:28,2008,kev1nog,kev1nog,positivo,1.0,que gostoso
33:28,2008,arki_core1,arki_core1,neutro,1.0,Ocrus
33:28,2008,carolina_yubari,Carolina_Yubari,neutro,1.0,Gatão
33:28,2008,fabio90j,fabio90j,engraçado,0.6,Na verdade o funcionário que trocou o ar condicionado pegou a calcinha pra ele kkkk ninguém perde a chance de cheirar xibiu
33:29,2009,eliseujr55,EliseuJr55,neutro,1.0,com calcinha
33:29,2009,tristesatanexe,TristeSatanExe,neutro,1.0,"No Pelo, Baka"
33:29,2009,bananils0n_farofa,Bananils0n_farofa,neutro,1.0,Com óculos
33:30,2010,lkaleatorio,lkaleatorio,neutro,1.0,Leon xburguer
33:34,2014,rodolfofdias87,rodolfofdias87,neutro,1.0,Fake a calcinha ta no butao de quem ta lendo
33:35,2015,geogeo_chan,geogeo_chan,confuso,1.0,você não conseguiu comer coxinha antes de viajar? Parece tão abatido hj
33:35,2015,vincentvan_glock,VincentVan_Glock,neutro,1.0,TU TÁ PARECENDO O THIMAGRO BAKA QUE FASE
33:36,2016,hunterma30,HunterMa30,neutro,1.0,ele mesmo voltou lá e pegou
33:36,2016,satesagatha,satesagatha,neutro,1.0,Tá cheio de cabelo branco
33:36,2016,matheus_henriques_,matheus_henriques_,neutro,1.0,Com
33:36,2016,wesleykolomar_br,wesleykolomar_br,engraçado,1.0,loirinha de oculos toda pimposa
33:37,2017,kev1nog,kev1nog,neutro,1.0,sem calcinha
33:37,2017,e006cr,e006cr,neutro,1.0,VAI NO BAR DAS MUIÉ MUSCULOSA
33:38,2018,shingouki10,shingouki10,confuso,1.0,Já achou alguma japonesa p tu baka?
33:39,2019,ryzeab,RyZeab,neutro,1.0,JAPAZIN
33:40,2020,caiopinto120887,caiopinto120887,neutro,1.0,Peter do ei nerd
33:40,2020,luscanpc,LuscaNpc,positivo,0.5,@erickhsn Salve <3
33:41,2021,putiferoo,putiferoo,neutro,1.0,Parece o alanzoka só que com aids
33:42,2022,giowink_o,giowink_o,neutro,1.0,esse queixo bunda esta me incomodando
33:42,2022,ivctor,ivctor,inspirado,1.0,"então você recebeu a responsabilidade de continuar a linhagem da calcinha. compra uma ai ou rouba de alguem, da  uma jatada e coloca la dnv @BakaGaijinLive"
33:44,2024,jaooveed,jaooveed,engraçado,1.0,Tá igual o Ikari
33:45,2025,pitayablu_,pitayablu_,confuso,1.0,seu penis está molhado?
33:45,2025,mewtowm,Mewtowm,neutro,1.0,no pelo e agradavel
33:45,2025,maikon7501,maikon7501,neutro,1.0,Baka raiz
33:46,2026,kyvnox,Kyvnox,neutro,1.0,Com glande ou sem glande
33:47,2027,baguinska,baguinska,neutro,1.0,Já vi maiores
33:48,2028,allancarllos,allancarllos,neutro,1.0,o pilar ta grávido
33:48,2028,jackkiller000,JACKKILLER000,neutro,1.0,Pilastra goxtosa
33:49,2029,vincentvan_glock,VincentVan_Glock,neutro,1.0,"tu tá parecendo o thimagro, que fase baka"
33:50,2030,tuchaua,Tuchaua,confuso,1.0,Vai ter RALLAOIMEN esse ano?
33:53,2033,urahmeshi,Urahmeshi,neutro,1.0,recarregou o guarda chuva
33:56,2036,shingouki10,shingouki10,neutro,1.0,Q pilastra enorme
33:56,2036,pulchram12,pulchram12,neutro,1.0,Encontra o nômade raiz
33:58,2038,schneid3n,schneid3n,neutro,1.0,Toma enquadro da polícia só pelo conteúdo
33:59,2039,hemoglobina05,hemoglobina05,confuso,1.0,muito homem afeminado ai ?
34:00,2040,fae0zin07,fae0zin07,neutro,1.0,Velho baka de volta ao velho Japão.
34:01,2041,this_is_pedro,This_is_Pedro,neutro,1.0,Omg
34:01,2041,kthyosu,kthyosu,neutro,1.0,ta parecendo o mads em the hunt
34:03,2043,fabio90j,fabio90j,engraçado,1.0,Kkkkkkkkk
34:04,2044,hugostosaooo,hugostosaooo,neutro,1.0,bakagaLovebeco_TK
34:06,2046,sheldoncooper93,sheldoncooper93,neutro,1.0,JAPÃO DNV
34:06,2046,pedepanomttriste,PeDePanoMtTriste,neutro,1.0,Entra nesse ônibus ai
34:06,2046,k4rrel,k4rrel,confuso,1.0,ELE VOLTOU?
34:07,2047,azuos7,azuos7,neutro,1.0,baka é a mistura do hidetaka miyazaki com o mads mikkelsen
34:08,2048,lkaleatorio,lkaleatorio,neutro,1.0,Ônibus japonês
34:08,2048,sr_ryann,Sr_Ryann,neutro,1.0,galera precoce... nesta live só se goza 12h ou 00h
34:08,2048,unno2009,unno2009,neutro,1.0,quem essa moça de óculos bonita por sinal
34:09,2049,this_is_pedro,This_is_Pedro,neutro,1.0,Be careful
34:11,2051,catchau2005,catchau2005,engraçado,0.5,acho que deveria usar um Ray ban pra ser old school e mogar todos
34:12,2052,allancarllos,allancarllos,neutro,1.0,6 da noite
34:12,2052,wemersom_cmtz,wemersom_cmtz,neutro,1.0,Bokonopiko
34:13,2053,erickhsn,erickhsn,neutro,1.0,22:40
34:13,2053,el_v1nny,el_v1nny,neutro,1.0,Pô denovo esse cara na Liberdade
34:13,2053,aleat0r10,aleat0r10,neutro,1.0,18h40
34:14,2054,skatista_lvcido,skatista_lvcido,neutro,1.0,18:40
34:14,2054,number_five_zero,number_five_zero,neutro,1.0,22h
34:14,2054,zkamykazez,zKAMYKAZEz,neutro,1.0,18:40
34:14,2054,tobleroneopicional,tobleroneopicional,neutro,1.0,6:40
34:14,2054,jraffist,jraffist,confuso,1.0,Vai morar aí dnv Baka?
34:14,2054,wesleykolomar_br,wesleykolomar_br,neutro,1.0,18h40
34:14,2054,pedepanomttriste,PeDePanoMtTriste,neutro,1.0,18:40
34:15,2055,bob_zink,bob_zink,neutro,1.0,6 e 40
34:15,2055,guigorex,Guigorex,neutro,1.0,18:40
34:15,2055,seph1roth1,seph1roth1,neutro,1.0,18:40
34:15,2055,dakoreiarr,dakoreiarr,engraçado,1.0,Sabia que veria novamente
34:15,2055,jackkiller000,JACKKILLER000,neutro,1.0,Na igreja
34:15,2055,muttanofc,MuttanOfc,neutro,1.0,a mesma de ontem
34:16,2056,pulchram12,pulchram12,neutro,1.0,6 e ônibus
34:17,2057,pedro_polegar,pedro_polegar,neutro,1.0,69:69
34:17,2057,caiopinto120887,caiopinto120887,neutro,1.0,40:6
34:18,2058,senhor_sorvete,senhor_sorvete,confuso,1.0,BAKA COMO ASSIM
34:18,2058,a_palavra_cabalistica_eh,凹凸凹凸凹凸凹凸凹凸凹,neutro,1.0,6 e onibus
34:18,2058,gabrieloliveira2100,gabrieloliveira2100,neutro,1.0,18:40
34:19,2059,carolinenaomii,CarolineNaomii,neutro,1.0,ta a cara da harry potter trans nova
34:19,2059,diagon_haisser,diagon_haisser,neutro,1.0,18:40
34:19,2059,bananils0n_farofa,Bananils0n_farofa,neutro,1.0,18:40
34:19,2059,giowink_o,giowink_o,neutro,1.0,18:40
34:19,2059,ka1zh,ka1zh,neutro,1.0,18:40
34:19,2059,henrioliveira100,henrioliveira100,neutro,1.0,18:40
34:19,2059,devsakazaki,devsakazaki,confuso,1.0,vai tirar umas foto aí?
34:19,2059,geogeo_chan,geogeo_chan,neutro,1.0,Tu tá no Tatuapé né mentiroso
34:19,2059,maikon7501,maikon7501,neutro,1.0,18:40
34:20,2060,x1rapha,x1rapha,neutro,1.0,18:40
34:20,2060,this_is_pedro,This_is_Pedro,neutro,1.0,18h
34:21,2061,sugurodog,sugurodog,neutro,1.0,Até q essa bakinha é ageitadinha
34:21,2061,unno2009,unno2009,neutro,1.0,8 é pouco
34:22,2062,kev1nog,kev1nog,neutro,1.0,30:39
34:22,2062,e006cr,e006cr,neutro,1.0,18:67
34:24,2064,lana_tomioka,lana_tomioka,neutro,1.0,18:40
34:24,2064,liskyuu,LisKyuu,neutro,1.0,6:40
34:25,2065,thmnp,thmnp,engraçado,1.0,olha nos stories da Virginia
34:25,2065,eliseujr55,EliseuJr55,neutro,1.0,falta 10 min pra daqui a pouco
34:25,2065,kise_ryota__,Kise_Ryota__,neutro,1.0,faltam 20
34:26,2066,melowwzz,melowwzz,neutro,1.0,1999
34:26,2066,k4rrel,k4rrel,confuso,1.0,ninguém aguentava mais ver aquela cidade
34:27,2067,maxdeltakun,maxdeltakun,neutro,1.0,Falta bem pouquinho pra daqui a pouco
34:27,2067,shingouki10,shingouki10,neutro,1.0,6 e 40
34:28,2068,kauazinwz7,kauazinwz7,neutro,1.0,67:67
34:28,2068,sr_ryann,Sr_Ryann,neutro,1.0,24:24
34:29,2069,baguinska,baguinska,confuso,1.0,Aqui ou aí?
34:30,2070,hunterma30,HunterMa30,frustrado,1.0,"@k4rrel sim, não tankou o bostil"
34:30,2070,niel_baubino,niel_baubino,neutro,1.0,Dezoito e quarenta
34:31,2071,paulo_930,paulo_930,neutro,1.0,"Baka, este lugar parece muito com Belém do Pará"
34:31,2071,jackkiller000,JACKKILLER000,neutro,1.0,Oração é na igreja
34:32,2072,alessandroprudente,alessandroprudente,neutro,1.0,34 horas
34:33,2073,chargasocetic0,chargasocetic0,neutro,1.0,9 da manha
34:33,2073,putiferoo,putiferoo,neutro,1.0,Para conde está se locomovendo
34:33,2073,mitsoguy,mitsoguy,neutro,1.0,baijin baka sama
34:35,2075,davisouza78,davisouza78,neutro,1.0,4:20
34:36,2076,euma_maria7373,euma_maria7373,neutro,1.0,12:00 aqui no acre
34:38,2078,mahokusan,mahokusan,confuso,1.0,O bala voltou a morar no Japão ou só tá de viagem?
34:39,2079,vanineduardo,vanineduardo,confuso,1.0,Baka voltou pra trabalhar aí?
34:41,2081,cogumeloscoloridos,cogumeloscoloridos,confuso,1.0,volta definitjva?
34:43,2083,igh0r5,Igh0r5,neutro,1.0,18:41
34:46,2086,lkaleatorio,lkaleatorio,neutro,1.0,Os caras indo trabalhar
34:47,2087,this_is_pedro,This_is_Pedro,neutro,1.0,Nem no arco de ouro isso aconteceu
34:49,2089,luscanpc,LuscaNpc,neutro,1.0,20 cm e 1 milímetro
34:49,2089,pedepanomttriste,PeDePanoMtTriste,neutro,1.0,Quanta gente na rua pra essa hora
34:50,2090,mrluwiz,MrLuWiz,confuso,1.0,ta em santo andre? @BakaGaijinLive
34:50,2090,otirik19,OTIRIK19,confuso,1.0,que bairro é esse de são paulo ?
34:51,2091,el_v1nny,el_v1nny,confuso,0.667,Vc teve dias de glória????
34:52,2092,gotzaum,gotzaum,neutro,1.0,12 00
34:53,2093,muttanofc,MuttanOfc,engraçado,1.0,vagabundo acordou cedo kkkk MILAGRE
34:54,2094,peix3manso,peix3manso,neutro,1.0,@mahokusan ele nao fala
34:55,2095,maikon7501,maikon7501,neutro,1.0,@mahokusan viagem
34:57,2097,agenteforseven,agenteforseven,neutro,1.0,Deixa a Live salva por gentileza meu nobre
34:57,2097,kany_alla,kany_alla,confuso,1.0,voltou a trabalhar aí ?
34:58,2098,sheldoncooper93,sheldoncooper93,neutro,1.0,JAPÃO DNV
34:58,2098,pedro_polegar,pedro_polegar,confuso,1.0,Ta de CLT na twitch? Acordando cedasso
34:59,2099,cogumeloscoloridos,cogumeloscoloridos,confuso,1.0,a volta eh definitivz?
34:59,2099,geogeo_chan,geogeo_chan,engraçado,0.5,"Qual o horário de pico, Loira?"
35:01,2101,sr_ryann,Sr_Ryann,neutro,1.0,eu quero ver um cruzamento
35:02,2102,corvo__feroz,Corvo__Feroz,confuso,1.0,Vc chegou que dia no Japão?
35:02,2102,tobleroneopicional,tobleroneopicional,confuso,1.0,AGORA DE VOLTA AO AUGE VAI FICAR AÍ QUANTO TEMPO? VAI TER LIVE DE HALLOWEEN?
35:03,2103,urahmeshi,Urahmeshi,neutro,1.0,tem umas 3 pessoas
35:04,2104,this_is_pedro,This_is_Pedro,inspirado,1.0,"O auge do sucesso é o início do fracasso, disse você muito bem"
35:12,2112,hunterma30,HunterMa30,engraçado,1.0,@cogumeloscoloridos sim
35:13,2113,gabrielgrgg,gabrielgrgg,confuso,1.0,Ele ta ai so pra visitar ne?
35:14,2114,lkaleatorio,lkaleatorio,neutro,1.0,Lambi
35:14,2114,leitadordebarbudos,LeitadorDeBarbudos,engraçado,0.5,qual seu  energetico favorito?
35:16,2116,paulo_930,paulo_930,confuso,1.0,Krlh tu conhece a Paola?
35:19,2119,voidlyron,Voidlyron,confuso,1.0,Ele volto pro Japão msm?
35:19,2119,dioo,Dioo,neutro,1.0,Quando for a hora do punhetaço me manda um zap baka
35:20,2120,crowley_zzy,crowley_zzy,neutro,1.0,Uma pegadinha na nádega
35:20,2120,erickhsn,erickhsn,confuso,1.0,vindo bossa?
35:21,2121,pedro_polegar,pedro_polegar,engraçado,1.0,Nois quer é que vc caia kkkk
35:22,2122,downn10,downn10,confuso,1.0,baixa o gráfico que as poças somem
35:23,2123,kise_ryota__,Kise_Ryota__,engraçado,1.0,preferimos vc molhadinho
35:24,2124,pedepanomttriste,PeDePanoMtTriste,neutro,1.0,Desculpa
35:25,2125,azuos7,azuos7,neutro,1.0,"mads brasileiro, explica pra nois a volta pro japão"
35:26,2126,arki_core1,arki_core1,neutro,1.0,E tá de ocrus²
35:27,2127,shingouki10,shingouki10,engraçado,1.0,Esse horário eu ia tá transtornado nessa chuva
35:29,2129,lucaspulga1,lucaspulga1,frustrado,1.0,@BakaGaijinLive nao tankou o bostil
35:29,2129,pka_013,pKa_013,neutro,1.0,CUIDADO BAKA A POCA
35:31,2131,thrillerzs,thrillerzs,neutro,1.0,Caiu em
35:31,2131,pulchram12,pulchram12,neutro,1.0,Tá ligado
35:32,2132,sheldoncooper93,sheldoncooper93,confuso,1.0,BAK SEU VISTO NO BRASIL VENCEU ???
35:33,2133,niel_baubino,niel_baubino,confuso,1.0,Eu dei o toque tu nao sente mais
35:37,2137,ruizl17,ruizl17,neutro,1.0,baka cuidado com a agua
35:39,2139,alektrospirozy,Alektrospirozy,neutro,1.0,Baka cuidado! você vai pisar na pussy
35:40,2140,leitadordebarbudos,LeitadorDeBarbudos,confuso,1.0,tEM muita japonesa aí?
35:40,2140,saikenxs,SaikenXs,confuso,1.0,vai ter uma poça a aproximadamente 200 metros
35:40,2140,kenshiro88888,kenshiro88888,engraçado,1.0,"pq tu fala ""póça"" ao inves de ""pôça"" kkkkkkkk"
35:41,2141,schneid3n,schneid3n,neutro,1.0,Vai pra Akihabara ver se quanto tá a inflação de Pokémon Green
35:43,2143,gacs174,gacs174,positivo,1.0,a gente vai melhorar mano
35:45,2145,erickhsn,erickhsn,negativo,1.0,flopou
35:45,2145,uhh_carol,uhh_carol,neutro,1.0,Então deixa eu molhar seu cu
35:47,2147,riiyuji,Riiyuji,neutro,1.0,Tu é tchola baka
35:47,2147,pedepanomttriste,PeDePanoMtTriste,neutro,1.0,Diz que é
35:50,2150,kev1nog,kev1nog,engraçado,1.0,🤣🤣
35:51,2151,this_is_pedro,This_is_Pedro,neutro,1.0,Tem só 2k no movimento
35:52,2152,voidlyron,Voidlyron,engraçado,1.0,Oloco o cada volto pro Japão msm kkkkkkkkkkkkkkk
35:56,2156,melo_x__,melo_x__,engraçado,0.5,Tem mais pessoas aqui do que na live do patriota.
35:57,2157,putiferoo,putiferoo,neutro,1.0,Você molhou o pé  eu molhei o piru
35:58,2158,thrillerzs,thrillerzs,engraçado,1.0,Chulé terrivel agora
35:58,2158,azief0,azief0,positivo,0.5,Melhor molhar o pé do que só a cabeça do pau
35:58,2158,soudir_,soudir_,engraçado,1.0,KKKKKKKKKKKKKKKK
35:59,2159,lkaleatorio,lkaleatorio,engraçado,1.0,Mija para marcar território
36:01,2161,sr_ryann,Sr_Ryann,engraçado,1.0,propagando do INDEED kkkkkkkkkkkkkk
36:01,2161,caiopinto120887,caiopinto120887,neutro,1.0,Cuidado ó os caras gigante te olhando ae
36:02,2162,kev1nog,kev1nog,engraçado,1.0,arigato
36:03,2163,k4rrel,k4rrel,neutro,1.0,@davisouza78 @paulo_930 azideia
36:04,2164,jaooveed,jaooveed,neutro,1.0,"Cuidado baka, o índice de japonês no Japão é alto 📍"
36:05,2165,blue_snow86,blue_snow86,neutro,1.0,Deu ate saudade das lives.
36:06,2166,gotzaum,gotzaum,neutro,1.0,Olha a porra áí
36:07,2167,carolina_yubari,Carolina_Yubari,neutro,1.0,Até a pessoa digitar já passou a poça
36:07,2167,baguinska,baguinska,neutro,1.0,6 da manhã na chuva
36:09,2169,pedro_polegar,pedro_polegar,neutro,1.0,Até o final da live o Baka vai cair anotem aí sou profeta
36:09,2169,leitadordebarbudos,LeitadorDeBarbudos,confuso,1.0,tem muitos japones ai? tipo animais e gente japones
36:10,2170,e006cr,e006cr,neutro,1.0,Caba apitando as 6 da manhã
36:10,2170,shingouki10,shingouki10,neutro,1.0,"Cuidado baka, aí fica o ponto da gang q come cu de streamer"
36:10,2170,alessandroprudente,alessandroprudente,neutro,1.0,INDEED que nojo
36:10,2170,pedepanomttriste,PeDePanoMtTriste,neutro,1.0,CACHORRO
36:11,2171,s1len2,s1len2,confuso,1.0,q porra é essa?
36:12,2172,flowxr6,flowxr6,neutro,1.0,cachhorro orelha japones
36:13,2173,azuos7,azuos7,neutro,1.0,já tive ai no persona 5
36:14,2174,luish3n,LuisH3n,neutro,1.0,Baka é um cachorão
36:15,2175,bob_zink,bob_zink,neutro,1.0,a poça ae
36:15,2175,morttusdornitska,morttusdornitska,confuso,1.0,porque ai ta cheio de japonês?
36:18,2178,wesleykolomar_br,wesleykolomar_br,neutro,1.0,eu tava ai no persona 5 ontem
36:19,2179,s1len2,s1len2,confuso,1.0,expirou o visto no Brasil?
36:21,2181,erickhsn,erickhsn,confuso,1.0,esse cachorro fodido ficava ai? nem sabia
36:22,2182,mendes_ewe,mendes_ewe,confuso,1.0,Do nada assim??
36:23,2183,sheldoncooper93,sheldoncooper93,confuso,1.0,KD O PIU???
36:23,2183,azule_lalune,azule_lalune,neutro,1.0,olha a poça idiota-kun
36:24,2184,jeffstaz,jeffstaz,confuso,1.0,Até quando o cachorro vai ficar esperando ai?
36:25,2185,muttanofc,MuttanOfc,neutro,1.0,Único jeito
36:27,2187,bananils0n_farofa,Bananils0n_farofa,positivo,1.0,Hachiko goat
36:27,2187,gabrielgrgg,gabrielgrgg,neutro,1.0,hachiroku
36:29,2189,lkaleatorio,lkaleatorio,negativo,1.0,Cachorro feio
36:29,2189,riiyuji,Riiyuji,neutro,1.0,Sim
36:30,2190,sheldoncooper93,sheldoncooper93,neutro,1.0,PIU
36:30,2190,kaocovardy,KaoCovardy,positivo,0.5,de manhã o cachorro não morde por isso é melhor agora ?
36:31,2191,ivctor,ivctor,confuso,1.0,tem como ttirar  o  chat ai  pra nao apareccer na foto?
36:32,2192,peix3manso,peix3manso,neutro,1.0,a orelhinha
36:32,2192,professorakpopercomunista,professorakpopercomunista,neutro,1.0,até 6 da manhã com chuva o cachorro segue ai esperando
36:32,2192,bielweedd,bielweedd,confuso,1.0,uai esse sapeca esta viajando ai?
36:32,2192,rezeile_zika,rezeile_zika,neutro,1.0,Mergulha na poça baka @bakagaijinlive
36:33,2193,caiopinto120887,caiopinto120887,neutro,1.0,Era eu vi o filme
36:33,2193,arki_core1,arki_core1,neutro,1.0,Cachorro vei podi
36:34,2194,this_is_pedro,This_is_Pedro,confuso,1.0,Precisa do zoom? É só chegar mais perto caraio
36:34,2194,geogeo_chan,geogeo_chan,confuso,1.0,Ele tbm era de pedra?
36:35,2195,thmnp,thmnp,neutro,1.0,cachorro orelha é em SC mano ta viajando
36:37,2197,urahmeshi,Urahmeshi,neutro,1.0,o corpo do cachorro ta dentro dessa estatua
36:37,2197,pedepanomttriste,PeDePanoMtTriste,neutro,1.0,Estauta
36:37,2197,riiyuji,Riiyuji,engraçado,1.0,@erickhsn Fodido é tu erix
36:37,2197,eliseujr55,EliseuJr55,neutro,1.0,hashirama
36:38,2198,jraffist,jraffist,confuso,1.0,Esse é o tal do cão orelha?
36:38,2198,lanko_1,Lanko_1,engraçado,1.0,Na verdade o cachorro original era um Pitbull
36:38,2198,aldeia_red1978,Aldeia_Red1978,neutro,1.0,Muito cyberpunk
36:39,2199,wesleykolomar_br,wesleykolomar_br,neutro,1.0,cade o piu nosso piupiu
36:40,2200,shingouki10,shingouki10,confuso,1.0,Marley?
36:40,2200,residente_dorminhoko,residente_dorminhoko,engraçado,1.0,malditos turistas
36:40,2200,lukenull,lukenull,confuso,1.0,Ta em Xerém nego?
36:41,2201,sr_ryann,Sr_Ryann,neutro,1.0,deformaram o cachorro
36:42,2202,bob_zink,bob_zink,neutro,1.0,cão imbigo
36:42,2202,pulchram12,pulchram12,engraçado,1.0,Kkkkkkkk
36:43,2203,luish3n,LuisH3n,confuso,1.0,pq fdp? o pobrezinho esperado o dono dele o tempo todo
36:46,2206,riiyuji,Riiyuji,engraçado,1.0,@erickhsn Respeitar o dog
36:46,2206,itsnagumo,itsnagumo,confuso,1.0,sera que aquele menino sabe farmar aura?
36:50,2210,senhor_sorvete,senhor_sorvete,neutro,1.0,liberdade essas hora é mais tranquilo mesmo baka
36:52,2212,this_is_pedro,This_is_Pedro,neutro,1.0,6 e 39 é o meta
36:52,2212,hxxpz_,hxxpz_,confuso,1.0,pq vc tá streamando em pau dos ferros?
36:52,2212,nickkkkek,nickkkkek,confuso,1.0,"esse cachorro ficou tanto tempo esperando o dono que virou pedra, aí deixaram aí de estátua"
36:52,2212,yamadafn,yamadafn,neutro,1.0,fpd oce pq n tlabalha
36:55,2215,putiferoo,putiferoo,confuso,0.667,Esse é o cachorro que comia cu de curioso?
36:55,2215,riiyuji,Riiyuji,positivo,1.0,Boa
36:55,2215,lucaspulga1,lucaspulga1,engraçado,0.5,@BakaGaijinLive isso ai é maringa? pq ta com tanto japones
36:55,2215,ph_dsg,PH_dsg,confuso,1.0,esse cachorro é um DEUS?
36:56,2216,rezeile_zika,rezeile_zika,confuso,1.0,Isso eh em sobral ??
36:56,2216,paulo_930,paulo_930,confuso,1.0,Quando é a live com o piuzinho?
36:57,2217,henryy_mm,henryy_mm,confuso,1.0,e que horas da de te pegar??
36:57,2217,e006cr,e006cr,neutro,1.0,Eles tbm tao com jet lag
37:01,2221,tristesatanexe,TristeSatanExe,neutro,1.0,Anota
37:02,2222,mitsoguy,mitsoguy,neutro,1.0,baka n le chat
37:02,2222,riiyuji,Riiyuji,neutro,1.0,Nao sabia dessa estatua em osasco
37:03,2223,this_is_pedro,This_is_Pedro,engraçado,1.0,Horário bugado
37:03,2223,dlemonster,DlEmonster,neutro,1.0,tem que aumentar a densidade de npcs nas configurações
37:05,2225,alessandroprudente,alessandroprudente,neutro,1.0,de um sabado chuvoso
37:07,2227,vinisoaress_,vinisoaress_,engraçado,1.0,vinisoaress_ subscribed at Tier 1. They've subscribed for 38 months!
37:08,2228,luscanpc,LuscaNpc,neutro,1.0,Baka Mostra a Cabeça.
37:10,2230,pedepanomttriste,PeDePanoMtTriste,neutro,1.0,Cachorro burro nao sabe fumar makonha
37:10,2230,k4rrel,k4rrel,confuso,1.0,@paulo_930 mano que parte de Belém isso parece? no máximo o shopping grão Pará
37:10,2230,bananinha_da_farmacia,bananinha_da_farmacia,confuso,1.0,tá fazendo o que aí?
37:12,2232,cogumeloscoloridos,cogumeloscoloridos,confuso,1.0,oq faz acordado tao cedo?
37:12,2232,matheus_henriques_,matheus_henriques_,neutro,1.0,"Amém, sem poluicao visual"
37:13,2233,s1len2,s1len2,neutro,1.0,"ele tá na liberdade, rapaziada"
37:15,2235,uhh_carol,uhh_carol,engraçado,1.0,kkkk
37:16,2236,riiyuji,Riiyuji,engraçado,1.0,Horario bugado do hachiko
37:17,2237,morttusdornitska,morttusdornitska,confuso,1.0,porque ai ta cheio de japoneses?
37:18,2238,jvferraz_,jvferraz_,engraçado,1.0,plot twist vc é o turista agr
37:19,2239,mendes_ewe,mendes_ewe,confuso,1.0,vai explicar depois o pq volto?
37:20,2240,sugurodog,sugurodog,neutro,1.0,O treinador foi antes q o pokemon
37:22,2242,jaooveed,jaooveed,confuso,1.0,Tá no Forza 6 ?
37:24,2244,riiyuji,Riiyuji,neutro,1.0,Skillissue
37:26,2246,bakalovee,bakalovee,engraçado,1.0,2020Rivalry
37:27,2247,bellattore_,bellattore_,neutro,1.0,São Paulo ta diferente
37:29,2249,gacs174,gacs174,positivo,1.0,essa é o cruzamento famoso né
37:30,2250,euugabee,euugabee,engraçado,1.0,rirei
37:30,2250,this_is_pedro,This_is_Pedro,neutro,1.0,"Precisa de código pra pegar, senão é muito complicado"
37:31,2251,vinigom3,vinigom3,neutro,1.0,"Caramba, São Paulo mudou muito depois do projeto do Tarcisio. Tá parecendo tokyo"
37:32,2252,pedepanomttriste,PeDePanoMtTriste,neutro,1.0,Vai pegar um jetpenis isso sim
37:32,2252,caiopinto120887,caiopinto120887,neutro,1.0,Voa na vassoura
37:33,2253,gotzaum,gotzaum,neutro,1.0,Viralata
37:33,2253,eunaasaa,eunaasaa,neutro,1.0,ja existe campeonato de jetpack
37:33,2253,sheldoncooper93,sheldoncooper93,positivo,1.0,TU VAI PEGAR UM JETPIKA
37:33,2253,pedro_polegar,pedro_polegar,neutro,1.0,PEGA E VOA NA VASSOURA
37:36,2256,lanko_1,Lanko_1,neutro,1.0,Voa nessa vassoura ae baka
37:37,2257,shingouki10,shingouki10,neutro,1.0,E Dale uma vassoura de palha
37:37,2257,baguinska,baguinska,neutro,1.0,Ajuda a muite a varre a rua aí baka
37:37,2257,lukenull,lukenull,neutro,1.0,Jetarm
37:38,2258,luxnis_,luxnis_,confuso,1.0,Não pode fumar ai na calçada?
37:38,2258,sodraccc,Sodraccc,engraçado,0.5,gostaria de um jatinho n baka?
37:38,2258,muttanofc,MuttanOfc,neutro,1.0,Liberdade tá movimentada hj com essa chuva em
37:39,2259,nicolas89,Nicolas89,neutro,1.0,Rouba a vassora
37:41,2261,arki_core1,arki_core1,neutro,1.0,A vassoura pra voar
37:42,2262,jraffist,jraffist,neutro,1.0,Voa na vassoura baka
37:42,2262,thmnp,thmnp,positivo,0.5,é nesse local que rolou o famoso incidente de Shibuya?
37:43,2263,schneid3n,schneid3n,confuso,1.0,"Esse era o cachorro que pegava todas as cachorras nessa região, o que deu o nome cruzamento de chibuia"
37:44,2264,thrillerzs,thrillerzs,engraçado,1.0,Cachorro guardião protetor dos lorinho de oculos
37:45,2265,peix3manso,peix3manso,engraçado,1.0,kkkkkkkkkkkkkkkkk
37:45,2265,mitsoguy,mitsoguy,neutro,1.0,"oloco, harry potter japones ali com a vassoura"
37:47,2267,jh8nnys,jh8nnys,neutro,1.0,Cara quitou do SV Br
37:48,2268,professorakpopercomunista,professorakpopercomunista,engraçado,1.0,o cara que liga o fio dos telão não se importa com o turista das 6 da manhã
37:50,2270,luciferdossanto867,luciferdossanto867,frustrado,1.0,nao tankou o bostil e voltou
37:51,2271,peix3manso,peix3manso,neutro,1.0,nao
37:51,2271,tobleroneopicional,tobleroneopicional,neutro,1.0,Uma manhã
37:53,2273,azief0,azief0,confuso,1.0,Voltou pro Japão pra ficar ou é só um gank?
37:54,2274,lkaleatorio,lkaleatorio,neutro,1.0,Os caras tão indo para clt
37:55,2275,dlemonster,DlEmonster,neutro,1.0,nah
37:55,2275,ruizl17,ruizl17,engraçado,1.0,até 6:59 ta liberado crimes
37:56,2276,vitonhonhi,vitonhonhi,neutro,1.0,"Na praça da minha rua tem mais gente, mt fraco"
37:56,2276,tutusouza10,tutusouza10,neutro,1.0,100 reias para bater em mendigo
37:57,2277,lukenull,lukenull,neutro,1.0,Bateu
37:57,2277,this_is_pedro,This_is_Pedro,confuso,1.0,"Japonês atravessando de farol fechado, tá em Osasco?"
37:57,2277,shingouki10,shingouki10,neutro,1.0,6 da manhã é a selva japonesa
37:59,2279,pka_013,pKa_013,engraçado,0.5,TAO ATRRAVESSANDO FORA DA FAIXA BAKA QUE ISSO BAIXARIA
38:04,2284,gabrieloliveira2100,gabrieloliveira2100,neutro,1.0,Dexter
38:05,2285,andersondias,andersondias,neutro,1.0,Duvido xingar algum npc ai
38:06,2286,pedepanomttriste,PeDePanoMtTriste,neutro,1.0,Momento filmes
38:07,2287,pulchram12,pulchram12,neutro,1.0,CaitThinking
38:07,2287,rezeile_zika,rezeile_zika,confuso,1.0,Voltou pq baka acabou o real ? @bakagaijinlive
38:11,2291,vanineduardo,vanineduardo,neutro,1.0,toma um starbuck
38:11,2291,aldeia_red1978,Aldeia_Red1978,neutro,1.0,Vc está no universo errado
38:12,2292,dustyy23,dustyy23,confuso,1.0,vai voltar com o trafico de anões?
38:16,2296,sugurodog,sugurodog,neutro,1.0,Um punhetasso no museu
38:17,2297,imfilty,ImFilty,positivo,0.5,mamou no museu ?
38:17,2297,alessandroprudente,alessandroprudente,confuso,1.0,Esperou o leo stronda ir embora do japão pra voltar?
38:17,2297,adachi_0_0_,adachi_0_0_,frustrado,0.5,nao tankou o bostil braga ?
38:21,2301,wesleykolomar_br,wesleykolomar_br,neutro,1.0,jojo mentioned
38:22,2302,tobleroneopicional,tobleroneopicional,neutro,1.0,Vândalo
38:23,2303,joaoreisojisan,JoaoReisOjisan,confuso,1.0,"tá de trampo novo aí, Baka?"
38:25,2305,bernardowx,bernardowx,confuso,1.0,ta na rua do persona 5 ala achando que é o joker
38:28,2308,vitin_galodoido,vitin_galodoido,neutro,1.0,ta no realm asiatico
38:28,2308,robertbehrmann,robertBehrmann,confuso,1.0,Redbul zero ou água?
38:29,2309,maxdeltakun,maxdeltakun,neutro,1.0,Oloko jojo
38:30,2310,matheus17br,matheus17br,confuso,1.0,Esse é o povo mais educado do mundo?
38:31,2311,bob_zink,bob_zink,neutro,1.0,intankavel o japonil
38:31,2311,e006cr,e006cr,neutro,1.0,Eu ja vi essa rua no jujutsu kaisen
38:31,2311,poao_jedro,Poao_Jedro,neutro,1.0,jojo reference
38:33,2313,tutusouza10,tutusouza10,confuso,1.0,"baka tenho 1,60 posso ficar na live ?"
38:33,2313,sr_ryann,Sr_Ryann,neutro,1.0,Itaboraí - RJ 📍
38:33,2313,pedro_polegar,pedro_polegar,confuso,1.0,Como ta o mercado ai pra ser morador de rua??
38:35,2315,pedepanomttriste,PeDePanoMtTriste,neutro,1.0,Achei q era o país das coisa pequena
38:37,2317,lanko_1,Lanko_1,engraçado,1.0,gringo chamando os gringo de gringo quando ele mesmo é um gringo
38:39,2319,musgoman,Musgoman,confuso,0.667,"que isso baka, nao tankou o bostil?"
38:39,2319,erickhsn,erickhsn,neutro,1.0,"se eu soubesse q era assim, eu nem vinha"
38:39,2319,dlemonster,DlEmonster,neutro,1.0,jojo alert 🚨
38:40,2320,tohagi,tohagi,neutro,1.0,na duvida e chines
38:41,2321,inf3rn4l666,inf3rn4l666,neutro,1.0,Jojo
38:47,2327,littletyrant_lt,littletyrant_lt,neutro,1.0,Cheio de papel no chão
38:48,2328,this_is_pedro,This_is_Pedro,confuso,1.0,"Trocou ideia com os mendigos do Japão de novo, pra matar saudade? <3"
38:49,2329,urahmeshi,Urahmeshi,neutro,1.0,ai chavinho
38:51,2331,ghxstxk_,ghxstxk_,confuso,1.0,eu acho que isso é chroma key
38:52,2332,uhh_carol,uhh_carol,neutro,1.0,Meu deus
38:53,2333,mendes_ewe,mendes_ewe,neutro,1.0,AIIIII CHAVEEEEEESSSSSSSSSS
38:54,2334,shingouki10,shingouki10,confuso,1.0,6 da manhã vai acontecer oq no Japão tio
38:54,2334,tristesatanexe,TristeSatanExe,neutro,1.0,NotLikeThis NotLikeThis NotLikeThis NotLikeThis
38:55,2335,dafegi,Dafegi,confuso,1.0,e o mc que dançou no templo e foi expulso ?
38:57,2337,tonyyatoa,tonyyatoa,engraçado,1.0,zoeira
38:58,2338,rezeile_zika,rezeile_zika,neutro,1.0,Ta gemendo fino ein
39:00,2340,tonyyatoa,tonyyatoa,engraçado,1.0,zoeirazoeira
39:00,2340,senhor_sorvete,senhor_sorvete,neutro,1.0,BAKA NAO CONVERSA COM CHAT
39:02,2342,baguinska,baguinska,confuso,1.0,udon ou o don?
39:03,2343,meialul,Meialul,neutro,1.0,Donkado
39:04,2344,uhh_carol,uhh_carol,neutro,1.0,Tira chaves
39:04,2344,ph_dsg,PH_dsg,engraçado,0.5,o do spirit?
39:04,2344,pedepanomttriste,PeDePanoMtTriste,positivo,1.0,Vamo ver
39:05,2345,cloudwpt,CloudWPT,positivo,0.5,"salve baka, nunca fui em SP, esse é o bairro da liberdade?"
39:06,2346,aironsouza,aironsouza,confuso,0.667,"boa noite chat. Ué, ele se mudou de volta pro jp ou tá passeando?"
39:06,2346,flacoxbt,flacoxbt,confuso,1.0,UÉ DE VOLTA ?
39:07,2347,gotzaum,gotzaum,confuso,1.0,Baka jogando sem webcam?
39:08,2348,muttanofc,MuttanOfc,neutro,1.0,cara ficou 1 ano fora e já esqueceu de tudo
39:09,2349,st0rmrid3r,st0rmrid3r,neutro,1.0,de volta aí misantropia
39:11,2351,rezeile_zika,rezeile_zika,neutro,1.0,Ta gemendo fino einn
39:15,2355,deonehzio,DeoNehzio,engraçado,0.5,Levou sua mãe pra turistar no Japão Baka?
39:16,2356,this_is_pedro,This_is_Pedro,confuso,1.0,Sem gacha hoje? NotLikeThis
39:17,2357,wesleyp2p,wesleyp2p,engraçado,1.0,Eu tinha esquecido o quão o baka gosta de falar zoeira KKKKK
39:20,2360,andersondias,andersondias,confuso,1.0,Japão tem mendigo?
39:21,2361,ph_dsg,PH_dsg,neutro,1.0,wow
39:22,2362,pedepanomttriste,PeDePanoMtTriste,neutro,1.0,Nao maltrata a gente
39:23,2363,caiopinto120887,caiopinto120887,neutro,1.0,Nofa
39:24,2364,lkaleatorio,lkaleatorio,neutro,1.0,Arroganthi
39:24,2364,arkimn,arkimn,neutro,1.0,tartaruga de cu é rola
39:24,2364,tonyyatoa,tonyyatoa,engraçado,1.0,zoeira ahn zoeira
39:25,2365,k4rrel,k4rrel,confuso,1.0,baka tá passeando ou voltou pra morar mesmo??????
39:26,2366,pulchram12,pulchram12,engraçado,1.0,Kkkkkk
39:27,2367,tutusouza10,tutusouza10,confuso,1.0,sua tartaruga fala ?
39:28,2368,shingouki10,shingouki10,neutro,1.0,"@senhor_sorvete Ele tá andando e respirado enquanto fala, calma ele é gordo"
39:29,2369,hachimura23,hachimura23,neutro,1.0,O cara já tá infartando
39:29,2369,lanko_1,Lanko_1,neutro,1.0,🐢
39:29,2369,baguinska,baguinska,neutro,1.0,sacanagem com a tartaruga
39:29,2369,wesleykolomar_br,wesleykolomar_br,confuso,1.0,você tem tartaruga?
39:32,2372,mitsoguy,mitsoguy,confuso,1.0,que rua da liberdade é essa?
39:33,2373,o_enzinho,o_enzinho,neutro,1.0,"arrogantchi, donde quieres"
39:34,2374,joaoreisojisan,JoaoReisOjisan,neutro,1.0,sua tartaruga tem mais conteúdo
39:35,2375,mfavinhaa,mfavinhaa,neutro,1.0,liga a webcam
39:36,2376,paulo_930,paulo_930,neutro,1.0,"Baka, manda um gemidinho"
39:36,2376,cristianramoss93,cristianramoss93,neutro,1.0,SeemsGood
39:37,2377,rjaao,rJaao,frustrado,0.5,Ela fala merda?
39:40,2380,luciferdossanto867,luciferdossanto867,neutro,1.0,é rerun galera nao caiam nessa
39:44,2384,lkaleatorio,lkaleatorio,confuso,1.0,Está seguro??
39:48,2388,peix3manso,peix3manso,neutro,1.0,pq
39:48,2388,dafegi,Dafegi,confuso,1.0,voce foi no passeio ?
39:49,2389,yoshipaulistano1,yoshipaulistano1,positivo,1.0,Salve
39:49,2389,caio_seixas,caio_seixas,confuso,1.0,Um machovinha nas costas?
39:49,2389,aldeia_red1978,Aldeia_Red1978,confuso,1.0,O Mbappé?
39:50,2390,mwm93,Mwm93,frustrado,0.5,Sua tartaruga so fala merda?
39:52,2392,erickhsn,erickhsn,neutro,1.0,q surpresa
39:54,2394,lkaleatorio,lkaleatorio,neutro,1.0,Dounde queres
39:54,2394,this_is_pedro,This_is_Pedro,neutro,1.0,Baka foi da li até lá. Tem que descansar PopNemo
39:56,2396,e006cr,e006cr,neutro,1.0,Passeio de 6 meses
39:57,2397,arnaldo2234,arnaldo2234,neutro,1.0,Qual foi bakinha t
39:57,2397,bananils0n_farofa,Bananils0n_farofa,engraçado,1.0,Quem diria
39:59,2399,unno2009,unno2009,engraçado,0.5,sério?
40:00,2400,dnzinn5_,dnzinn5_,neutro,1.0,Eu já imaginava
40:01,2401,miqueslift,Miqueslift,neutro,1.0,canalha isso sim
40:01,2401,hunterma30,HunterMa30,neutro,1.0,puts
40:03,2403,tobleroneopicional,tobleroneopicional,engraçado,1.0,Seria live todo dia
40:04,2404,lkaleatorio,lkaleatorio,engraçado,1.0,A mi no otario
40:04,2404,dioo,Dioo,neutro,1.0,Chegar na hora do punhetaço me manda um zap fechou @BakaGaijinLive
40:07,2407,pedepanomttriste,PeDePanoMtTriste,neutro,1.0,Eu nunca acreditei nas duas mentiras
40:08,2408,bellattore_,bellattore_,neutro,1.0,Foi de base
40:08,2408,shingouki10,shingouki10,neutro,1.0,Todos são baka
40:09,2409,srbiscoito16,SrBiscoito16,neutro,1.0,Ficar no Brasil não tava pagando boleto
40:11,2411,imfilty,ImFilty,neutro,1.0,chuvinha paulistana
40:11,2411,rezeile_zika,rezeile_zika,engraçado,1.0,Tá proibido falar zoeira
40:11,2411,putiferoo,putiferoo,positivo,1.0,Ja não esperávamos nada mesmo
40:13,2413,flowxr6,flowxr6,neutro,1.0,Passei o pau na tua bunda
40:13,2413,rkrabs,rKrabs,neutro,1.0,Passeio o respeito na sua cara
40:14,2414,professorakpopercomunista,professorakpopercomunista,confuso,1.0,uau ninguém imaginava
40:15,2415,joaoreisojisan,JoaoReisOjisan,neutro,1.0,passeio pau na sua bunda
40:15,2415,dlemonster,DlEmonster,confuso,1.0,que passeio?
40:19,2419,igorzfps,igorzfps,engraçado,0.6,"Baka, fiz ploc Ploc pela primeira vez com uma mina tem dois dias e agora sinto que quero ela kkkk mas ela não me respondeu a última mensagem, não sei oq fazer... Me ajuda"
40:19,2419,andersondias,andersondias,confuso,1.0,Já encontrou o Sasuke Uchiha?
40:21,2421,st0rmrid3r,st0rmrid3r,neutro,1.0,nenhum pilongo na rua
40:24,2424,jdarkxtreme,jdarkxtreme,confuso,1.0,o lugar do caranguejo de yakuza fica ai perto?
40:26,2426,kise_ryota__,Kise_Ryota__,neutro,1.0,"3 semanas remoto, uma presencial. complicado hein"
40:27,2427,deonehzio,DeoNehzio,confuso,1.0,Vai ter live até a hora do punhetaço?
40:28,2428,pedepanomttriste,PeDePanoMtTriste,neutro,1.0,Eitcha
40:28,2428,kiones1,kiones1,neutro,1.0,mc 6h da manha baka
40:29,2429,wesleyp2p,wesleyp2p,positivo,0.5,Agora só quer ficar de boa no Brasil com a família?
40:29,2429,tristesatanexe,TristeSatanExe,neutro,1.0,Sai Fora Louco
40:30,2430,lukenull,lukenull,neutro,1.0,Live gravada ao livo
40:31,2431,thrillerzs,thrillerzs,neutro,1.0,Cara de poucas palavras e poucas ações
40:33,2433,arnaldo2234,arnaldo2234,neutro,1.0,Qual foi bakinha solta os void das últimas livres pra nois ai
40:33,2433,paulo_930,paulo_930,confuso,1.0,Punhetaço é quando?
40:34,2434,gacs174,gacs174,confuso,1.0,já avisou pros contatinho que vc chegou
40:35,2435,igh0r5,Igh0r5,neutro,1.0,Passei o pal
40:35,2435,erickhsn,erickhsn,neutro,1.0,metropole mais densa do mundo btw
40:36,2436,vitonhonhi,vitonhonhi,confuso,1.0,Tá com sono baka??
40:37,2437,krupp_0,krupp_0,negativo,0.5,"Vc n tankou o Brasil Baka, estou decepcionado 😥"
40:39,2439,bellattore_,bellattore_,confuso,1.0,Ja encontrou o gojo ai?
40:39,2439,professorakpopercomunista,professorakpopercomunista,neutro,1.0,calma bruno gagliasso
40:44,2444,lkaleatorio,lkaleatorio,confuso,1.0,Vc mora aí?
40:46,2446,morttusdornitska,morttusdornitska,frustrado,1.0,@igorzfps que bosta hein
40:49,2449,eliseujr55,EliseuJr55,confuso,1.0,e essa chuva?
40:50,2450,this_is_pedro,This_is_Pedro,neutro,1.0,"Japão tudo fechado, mentiram pra gente NotLikeThis"
40:51,2451,brasza_,brasza_,engraçado,1.0,brasza_ subscribed with Prime.
40:52,2452,alphaya8,alphaya8,neutro,1.0,E esse som de corvo nos fundos
40:54,2454,erickhsn,erickhsn,neutro,1.0,mc donalds fechado
40:56,2456,st0rmrid3r,st0rmrid3r,neutro,1.0,ia de ** eh ****
41:01,2461,pedepanomttriste,PeDePanoMtTriste,neutro,1.0,As veis esse neon é ia
41:02,2462,sr_ryann,Sr_Ryann,negativo,0.5,pior que um cházinho 7h da manhã não seria ruim
41:04,2464,lkaleatorio,lkaleatorio,neutro,1.0,Jack chan
41:07,2467,shingouki10,shingouki10,neutro,1.0,Japão as 6 da manhã parece até são paulo
41:07,2467,paulera250,paulera250,neutro,1.0,"cuidado Baka, uma poça ai na frente"
41:08,2468,wesleykolomar_br,wesleykolomar_br,neutro,1.0,parece um japa
41:11,2471,bisnaguito_san,bisnaguito_san,confuso,1.0,"Oxi, Baka voltou pro Japil?"
41:11,2471,davisouza78,davisouza78,neutro,1.0,Só os mídia
41:13,2473,mitsoguy,mitsoguy,neutro,1.0,le ai o texto pra nos pow
41:13,2473,mrluwiz,MrLuWiz,engraçado,0.5,baka vc poderia falar um pouco menos? esta atrapalhando minha meditação diaria @BakaGaijinLive
41:15,2475,luscanpc,LuscaNpc,neutro,1.0,Baka vai no lugar onde enterraram o Satoro Gojo. PopNemo
41:16,2476,bagreeeeeeeee,BAGREeeeeeeee,neutro,1.0,Só os Yakuza
41:18,2478,k4rrel,k4rrel,confuso,1.0,Baka quantos graus de cegueira?
41:18,2478,igorzfps,igorzfps,engraçado,0.5,@morttusdornitska Acho que sou um pouco emocionado kkk
41:18,2478,ph_dsg,PH_dsg,neutro,1.0,o kimama ta ali\
41:18,2478,mitsoguy,mitsoguy,neutro,1.0,vai sair assim
41:21,2481,tobleroneopicional,tobleroneopicional,neutro,1.0,Ala o shereka nakama
41:23,2483,lukenull,lukenull,neutro,1.0,Os japa japonês
41:29,2489,lana_tomioka,lana_tomioka,confuso,1.0,Encontrou o sukuna aí em shibuya baka?
41:29,2489,melowwzz,melowwzz,engraçado,1.0,mercenaria e minha rola n pode ver sangue q ta dentro
41:35,2495,sw1ftt_,Sw1ftt_,neutro,1.0,pensa no vampeta
41:43,2503,privadanacozinhadofelps,PrivadaNaCozinhaDoFelps,neutro,1.0,todo mundo indo trabalhar e tem um random andando sem rumo
41:44,2504,lanko_1,Lanko_1,neutro,1.0,Ngm mais sabe quem é Stallone
41:47,2507,raianwz,RaianWZ,neutro,1.0,2020Suspicious o ciclone está tão forte que a chuva chegou no Japão
41:48,2508,krupp_0,krupp_0,confuso,1.0,Já teve china quando vai ser a vez do irl na coréia do norte?
41:48,2508,srbiscoito16,SrBiscoito16,engraçado,1.0,SrBiscoito16 subscribed with Prime. They've subscribed for 15 months! Vagabundo começa a dever pra agiota e volta pro Japão pra farmar uma grana
41:49,2509,tristesatanexe,TristeSatanExe,engraçado,1.0,Zuera
41:49,2509,satesagatha,satesagatha,neutro,1.0,Vai fazer live de 6 horas pra compensar ne
41:50,2510,aldeia_red1978,Aldeia_Red1978,engraçado,0.5,Ele tá no chat?  Hahahaha
41:50,2510,joaoreisojisan,JoaoReisOjisan,neutro,1.0,"'ssaora aê, só 7Eleven..."
41:50,2510,pedepanomttriste,PeDePanoMtTriste,neutro,1.0,Dando dicks
41:51,2511,vinidotruan,vinidotruan,engraçado,0.5,vinidotruan subscribed with Prime. They've subscribed for 11 months! o cara foi pro japao de novo mesmo pqp
41:54,2514,st0rmrid3r,st0rmrid3r,neutro,1.0,vou morar ai ja esta tudo certo
41:54,2514,luciferdossanto867,luciferdossanto867,neutro,1.0,"imagi9na zumbis nesse lugar, nesse momento"
41:55,2515,rezeile_zika,rezeile_zika,neutro,1.0,Faz uma pegadinha aí baka
41:56,2516,sr_ryann,Sr_Ryann,positivo,1.0,passeio na liberdade tá foda
41:57,2517,pulchram12,pulchram12,engraçado,1.0,Lembra aquela vez q tu escorregou na escada kkkkkkk
41:57,2517,shingouki10,shingouki10,neutro,1.0,Live tentando encontrar rango no Japão
41:59,2519,luxnis_,luxnis_,neutro,1.0,Só tem japa ai
42:02,2522,inhaca69,inhaca69,neutro,1.0,o Karasu de fundo
42:03,2523,chdss_,chdss_,confuso,1.0,Os seguranças de ruas são angolanos?
42:03,2523,this_is_pedro,This_is_Pedro,neutro,1.0,Sust
42:04,2524,shingouki10,shingouki10,confuso,1.0,Tá com fome né ?
42:07,2527,caiopinto120887,caiopinto120887,engraçado,1.0,Kkkkk
42:10,2530,azief0,azief0,neutro,1.0,Tem nada aberto nesse porra cancela a live e volta daqui 4 horas
42:10,2530,ivctor,ivctor,confuso,1.0,cade a legenda dos npc?
42:11,2531,this_is_pedro,This_is_Pedro,neutro,1.0,Uma cabra
42:12,2532,matheus17br,matheus17br,neutro,1.0,Ta jogando cyberpunk no ultra
42:12,2532,artuurbr21,artuurbr21,confuso,1.0,ue mas shibuya n tinha sido destruida?
42:12,2532,privadanacozinhadofelps,PrivadaNaCozinhaDoFelps,neutro,1.0,ITS BEHIND
42:16,2536,vitonhonhi,vitonhonhi,neutro,1.0,Os bandidos mais procurandos no Japão
42:20,2540,pedrowivo,pedrowivo,positivo,1.0,Salve rapasus
42:22,2542,isaac_soft,isaac_soft,positivo,1.0,"bom dia baka, boa noite chat"
42:23,2543,wesleykolomar_br,wesleykolomar_br,neutro,1.0,a mim
42:24,2544,pedepanomttriste,PeDePanoMtTriste,neutro,1.0,Eu ai
42:24,2544,lukenull,lukenull,neutro,1.0,O FILME DOS COPO D'ÁGUA
42:25,2545,kthyosu,kthyosu,neutro,1.0,quadrada
42:26,2546,ka1zh,ka1zh,neutro,1.0,a mimir
42:26,2546,carloslawbr,carloslawbr,neutro,1.0,cara voltou mesmo
42:26,2546,eliseujr55,EliseuJr55,neutro,1.0,zzz
42:26,2546,st0rmrid3r,st0rmrid3r,neutro,1.0,crackhead
42:27,2547,dlemonster,DlEmonster,confuso,1.0,shinji?
42:27,2547,carloslawbr,carloslawbr,engraçado,1.0,kkkkk
42:28,2548,peix3manso,peix3manso,engraçado,0.5,é uma criança?³
42:28,2548,kuwakami69,kuwakami69,neutro,1.0,a mimir
42:28,2548,carloslawbr,carloslawbr,frustrado,1.0,pqp
42:29,2549,this_is_pedro,This_is_Pedro,neutro,1.0,Japonês no casulo
42:29,2549,professorakpopercomunista,professorakpopercomunista,neutro,1.0,a mimir
42:29,2549,leidsan,LeidSan,neutro,1.0,Rerun
42:29,2549,light_juggernaut,light_juggernaut,neutro,1.0,F
42:30,2550,tristesatanexe,TristeSatanExe,neutro,1.0,A Mimit
42:30,2550,lkaleatorio,lkaleatorio,neutro,1.0,Taca pedra
42:30,2550,thrillerzs,thrillerzs,neutro,1.0,Os sinais
42:31,2551,matheus17br,matheus17br,neutro,1.0,Esse encheu a cara ontem
42:32,2552,deonehzio,DeoNehzio,confuso,1.0,POV de barata?
42:32,2552,heizenzn,HeizenZn,neutro,1.0,alerta de fofura
42:33,2553,snaps_ay_no,snaps_ay_no,confuso,1.0,Quais saos os pros e contras de ir morar no japao hj em dia?
42:33,2553,slovkatz,SlovKatz,engraçado,1.0,comete um crime ai pra ficar mais tempo no Japão
42:36,2556,erickhsn,erickhsn,neutro,1.0,é ramadã ele ta horando
42:36,2556,shingouki10,shingouki10,neutro,1.0,SLC q dó
42:37,2557,putiferoo,putiferoo,neutro,1.0,A humanidade e a natureza
42:37,2557,flowxr6,flowxr6,neutro,1.0,EVANGELION REFERENCE
42:37,2557,joaoreisojisan,JoaoReisOjisan,neutro,1.0,salaryman capotado
42:38,2558,pedrowivo,pedrowivo,neutro,1.0,Essas quests não tem por aqui
42:40,2560,paulo_930,paulo_930,confuso,1.0,"Baka, Taubaté é mais seguro que esse trem aí"
42:40,2560,carloslawbr,carloslawbr,neutro,1.0,ficou desempregado
42:43,2563,krupp_0,krupp_0,confuso,1.0,Baka seu personagem perdeu xp ao sair do japão ?
42:44,2564,sr_ryann,Sr_Ryann,neutro,1.0,sai daí é assombração
42:44,2564,isaisalh44,isaisalh44,neutro,1.0,oi baka eu peidei
42:46,2566,arki_core1,arki_core1,engraçado,1.0,Saudades desses corvos gritando nas live do baka kkk
42:48,2568,wiliam_____,wiliam_____,frustrado,1.0,Nao tankou nem 1 ano de bostil
42:50,2570,k4rrel,k4rrel,neutro,1.0,joga naquele perfil do Instagram de gente bêbada jogada na rua
42:53,2573,st0rmrid3r,st0rmrid3r,confuso,1.0,isso eh tokyo?
42:57,2577,danielrsrsrs,danielrsrsrs,neutro,1.0,O canal não foi vendido para  bat
42:58,2578,koitsuab,koitsuab,neutro,1.0,era só o shinji
42:58,2578,this_is_pedro,This_is_Pedro,neutro,1.0,Caralho quanto corvo
43:00,2580,caiopinto120887,caiopinto120887,neutro,1.0,Já foi eu lembro
43:03,2583,carloslawbr,carloslawbr,frustrado,1.0,nao tankou o brasil
43:06,2586,kajitoop,kajitoop,engraçado,1.0,primeira vez em uma live sua IRL calma to nervoso WutFace WutFace
43:12,2592,lkaleatorio,lkaleatorio,neutro,1.0,Burro
43:14,2594,o_enzinho,o_enzinho,neutro,1.0,tem o negocio de limpar bem ali cara
43:15,2595,daikii_zzz,daikii_zzz,neutro,1.0,É um mini Boss
43:15,2595,vitonhonhi,vitonhonhi,neutro,1.0,Esse corvo n fica quieto
43:17,2597,buzaik,Buzaik,neutro,1.0,Aeeee a volta do Punhetasooo
43:17,2597,professorakpopercomunista,professorakpopercomunista,neutro,1.0,foi convidado a se retirar uma vez
43:18,2598,shingouki10,shingouki10,confuso,1.0,Esse lugar expor gordinhos?
43:22,2602,viniciusplash,viniciusplash,engraçado,1.0,Nem pra ser um corvo seria mais legal
43:25,2605,rezeile_zika,rezeile_zika,neutro,1.0,Queixinho de bunda
43:26,2606,xenohfanes,xenohfanes,confuso,1.0,Não avisou que ia voltar mano? Deixaram o país todo cagado
43:28,2608,levini01,LeVini01,confuso,1.0,vai deixar o vod dessa live baka?
43:28,2608,k4rrel,k4rrel,neutro,1.0,@koitsuab caraca de fato
43:28,2608,isaisalh44,isaisalh44,neutro,1.0,"""tsc zoera"""
43:28,2608,sugurodog,sugurodog,confuso,0.6,Ué welcome tô mega queijote??? Kkkkkkkk
43:31,2611,danielrsrsrs,danielrsrsrs,neutro,1.0,nerd
43:32,2612,a_palavra_cabalistica_eh,凹凸凹凸凹凸凹凸凹凸凹,neutro,1.0,ta atiçando em
43:33,2613,caiopinto120887,caiopinto120887,engraçado,1.0,Tá grisalho
43:34,2614,lkaleatorio,lkaleatorio,neutro,1.0,Gonnei
43:35,2615,el_v1nny,el_v1nny,confuso,1.0,BRKSEdu??
43:35,2615,this_is_pedro,This_is_Pedro,engraçado,1.0,Parece universitário
43:35,2615,putiferoo,putiferoo,neutro,1.0,Tira a roupa
43:36,2616,pulchram12,pulchram12,neutro,1.0,CaitThinking
43:37,2617,bananils0n_farofa,Bananils0n_farofa,neutro,1.0,Ele carrega livros
43:37,2617,this_is_pedro,This_is_Pedro,neutro,1.0,Kmkk
43:38,2618,gotzaum,gotzaum,neutro,1.0,Pega o metrô aí
43:39,2619,lukenull,lukenull,neutro,1.0,Envelheceu
43:40,2620,e006cr,e006cr,neutro,1.0,Fofo
43:40,2620,tobleroneopicional,tobleroneopicional,neutro,1.0,FIU FIU
43:40,2620,oliv_yashi,oliv_yashi,positivo,1.0,bakagaPikagasm
43:41,2621,wesleykolomar_br,wesleykolomar_br,neutro,1.0,você tá parecendo o mlk do 67
43:41,2621,littletyrant_lt,littletyrant_lt,neutro,1.0,Tá velho
43:42,2622,joaoreisojisan,JoaoReisOjisan,confuso,1.0,que cabelo de Tia Célia é esse????
43:43,2623,riiyuji,Riiyuji,neutro,1.0,virado no ze bonitinho
43:45,2625,jaooveed,jaooveed,neutro,1.0,Gore na minha tela
43:45,2625,dalton_olivera,dalton_olivera,neutro,1.0,Tá velho
43:45,2625,narkk_ak,narkk_aK,neutro,1.0,que bracos fortes
43:45,2625,akirosetonai,AkiroSetonai,neutro,1.0,pai ta redondo
43:46,2626,pedrowivo,pedrowivo,engraçado,0.5,Vai transferir teu titúlo pro Japão Baka?
43:50,2630,uhh_carol,uhh_carol,engraçado,1.0,Que cute kkkkk
43:51,2631,k4rrel,k4rrel,neutro,1.0,todo uwu
43:51,2631,rezeile_zika,rezeile_zika,confuso,1.0,Tem pacu ?
43:53,2633,sr_ryann,Sr_Ryann,engraçado,1.0,poucos meses de bostil já ficou grisalho
43:54,2634,arki_core1,arki_core1,neutro,1.0,Outfit all Black 🤟🏻
43:54,2634,artuurbr21,artuurbr21,neutro,1.0,procura o novo iphone
43:57,2637,sugurodog,sugurodog,neutro,1.0,Tá gordo em bakas
43:58,2638,st0rmrid3r,st0rmrid3r,neutro,1.0,peixe vegano
43:59,2639,tanjibolasfds,tanjibolasfds,positivo,1.0,Salve baragas
44:02,2642,shingouki10,shingouki10,neutro,1.0,"Baka vai envelhecer sábio não louco, q droga"
44:03,2643,leidsan,LeidSan,neutro,1.0,Botou o óculos envelheceu 10 anos
44:08,2648,isaisalh44,isaisalh44,neutro,1.0,@凹凸凹凸凹凸凹凸凹凸凹 te vi ontem na live do milto
44:10,2650,tobe_94,tobe_94,neutro,1.0,fish ball cat
44:13,2653,pedrowivo,pedrowivo,confuso,1.0,Vai votar em qual Imperador?
44:20,2660,a_palavra_cabalistica_eh,凹凸凹凸凹凸凹凸凹凸凹,neutro,1.0,@isaisalh44 aopa
44:26,2666,elderk_popi,ポピーーーーーーーーーーーーーーーーー,confuso,1.0,é viagem ou voltou a morar?
44:26,2666,this_is_pedro,This_is_Pedro,neutro,1.0,6 da manhã e tem streamer no Donke
44:30,2670,st0rmrid3r,st0rmrid3r,neutro,1.0,gosa ai mais
44:31,2671,coca_cola350ml,Coca_Cola350ml,neutro,1.0,Ja pega o Switch 2
44:34,2674,tobe_94,tobe_94,engraçado,1.0,arigato goza aí mais
44:35,2675,hemoglobina05,hemoglobina05,neutro,1.0,pretende voltar com os videos tbm safado
44:38,2678,morttusdornitska,morttusdornitska,neutro,1.0,parece você braga
44:38,2678,paulo_930,paulo_930,neutro,1.0,Mostrei a live pro gato e ele vomitou isso é um sinal para acabar essa porra
44:38,2678,professorakpopercomunista,professorakpopercomunista,neutro,1.0,traz pra gente faz sorteio
44:41,2681,wesleykolomar_br,wesleykolomar_br,confuso,1.0,tem bon entra?
44:44,2684,rodolfofdias87,rodolfofdias87,neutro,1.0,Trás um tenga extra Mimi ai p meu cachorro
44:46,2686,light_juggernaut,light_juggernaut,positivo,1.0,Se ta bom então sai
44:46,2686,k4rrel,k4rrel,neutro,1.0,@ポピーーーーーーーーーーーーーーーーー viagem
44:48,2688,viniciusplash,viniciusplash,neutro,1.0,Bonsai daí
44:49,2689,rlkdomiranha,rlkdomiranha,neutro,1.0,oh
44:51,2691,this_is_pedro,This_is_Pedro,confuso,1.0,Apito?
44:52,2692,elderk_popi,ポピーーーーーーーーーーーーーーーーー,positivo,1.0,@k4rrel vlw
44:59,2699,arki_core1,arki_core1,engraçado,1.0,O TDAH gritando
45:00,2700,lukenull,lukenull,neutro,1.0,Poluição sonora lvl.max
45:07,2707,shingouki10,shingouki10,neutro,1.0,Berço do brainroot
45:10,2710,peix3manso,peix3manso,neutro,1.0,kd os tenga
45:13,2713,bananils0n_farofa,Bananils0n_farofa,neutro,1.0,Opa
45:14,2714,baratadesaiaaa,baratadesaiaaa,neutro,1.0,NotLikeThis
45:15,2715,sr_ryann,Sr_Ryann,confuso,1.0,Kim Jong Un tá concorrendo à presidencia esse ano aí baka?
45:17,2717,olldvitor,olldVitor,confuso,1.0,Tem que ter muita convicção de falar bobagens e ninguém daí entender
45:18,2718,stedorockk,stedorockk,confuso,1.0,então essa que é a tal da live gravada?
45:18,2718,lkaleatorio,lkaleatorio,positivo,1.0,Top
45:20,2720,dlemonster,DlEmonster,confuso,1.0,where?
45:21,2721,this_is_pedro,This_is_Pedro,neutro,1.0,Desacostumado com a overdose de informação
45:21,2721,srserkozamier,Srserkozamier,confuso,1.0,Voltou ?
45:21,2721,thrillerzs,thrillerzs,neutro,1.0,Espeto de amizade
45:22,2722,rezeile_zika,rezeile_zika,engraçado,1.0,Kkkk Coe mano
45:23,2723,r_lira28,r_lira28,neutro,1.0,Hello Kitty do Rock
45:24,2724,mitsoguy,mitsoguy,neutro,1.0,musica NCS do japão
45:24,2724,tobleroneopicional,tobleroneopicional,neutro,1.0,É dento
45:24,2724,czarbrz,czarbrz,confuso,1.0,ele voltou pro japiu??????
45:25,2725,igh0r5,Igh0r5,neutro,1.0,Tem zóio no dedo
45:28,2728,shingouki10,shingouki10,positivo,0.5,Furru rabuda? Gostamos
45:28,2728,pulchram12,pulchram12,neutro,1.0,BigSad
45:29,2729,professorakpopercomunista,professorakpopercomunista,engraçado,1.0,cade ele o pompompurin
45:29,2729,adrianopb,ADRIANOPB,positivo,1.0,Salve salveeee
45:29,2729,this_is_pedro,This_is_Pedro,neutro,1.0,Fechado o anel
45:30,2730,st0rmrid3r,st0rmrid3r,neutro,1.0,culess
45:31,2731,el_v1nny,el_v1nny,neutro,1.0,As que compra isso é red flag
45:33,2733,marteeww,marteeww,confuso,1.0,"tô desatualizada, vai morar aí pai?"
45:35,2735,riiyuji,Riiyuji,positivo,1.0,lindo
45:35,2735,professorakpopercomunista,professorakpopercomunista,neutro,1.0,eleeee
45:36,2736,i_dokii,i_Dokii,neutro,1.0,hellokitty magrela FeelsVi
45:36,2736,shingouki10,shingouki10,neutro,1.0,Não pera
45:41,2741,sapatosocialnumero44,sapatosocialnumero44,neutro,1.0,esse nao tem medo
45:42,2742,riiyuji,Riiyuji,neutro,1.0,tu so sabe reclamar porra
45:44,2744,unno2009,unno2009,neutro,1.0,bulbassauro
45:46,2746,light_juggernaut,light_juggernaut,neutro,1.0,Bublastoise
45:47,2747,lazy__catt,lazy__catt,positivo,1.0,Vamos vê o cu dele
45:47,2747,srserkozamier,Srserkozamier,confuso,1.0,Caraí baka c voltou permanente pro Japão?
45:47,2747,k4rrel,k4rrel,neutro,1.0,cinza Power🤟
45:48,2748,pra_que_jogar_bola_namavi,PRA_QUE_JOGAR_BOLA_NAMAVI,neutro,1.0,ROUBA UM
45:49,2749,oliv_yashi,oliv_yashi,positivo,1.0,bakagaPikasafado
45:49,2749,this_is_pedro,This_is_Pedro,confuso,1.0,Esse que o Gabigol?
45:50,2750,czarbrz,czarbrz,confuso,1.0,ele tá no Japão mesmo ou é live gravada??????
45:50,2750,stedorockk,stedorockk,neutro,1.0,ta ai pq
45:50,2750,apolos,Apolos,neutro,1.0,Pog voltou pro japão
45:51,2751,dlemonster,DlEmonster,neutro,1.0,bubasauro...
45:51,2751,luish3n,LuisH3n,engraçado,1.0,vai ficar rico talvez
45:52,2752,erickhsn,erickhsn,confuso,1.0,agora q ta caro?
45:53,2753,riiyuji,Riiyuji,neutro,1.0,da nada
45:54,2754,coldwhy,ColdWhy,neutro,1.0,colecionar todos os 4000
45:57,2757,pedepanomttriste,PeDePanoMtTriste,neutro,1.0,Sai do fake Julynha toys
45:57,2757,arki_core1,arki_core1,neutro,1.0,Kreygasm
45:57,2757,lukenull,lukenull,neutro,1.0,Pi sai
45:57,2757,pedrowivo,pedrowivo,positivo,1.0,"Mas tudo é falso, estamos em uma simulação"
46:00,2760,erickhsn,erickhsn,neutro,1.0,compra ai no japão e vende pro neymar
46:01,2761,akihito_sama,akihito_sama,neutro,1.0,"Baka, minha avó tá solteira"
46:01,2761,dafegi,Dafegi,neutro,1.0,caiu a qualidade
46:04,2764,o_golpista,o_golpista,neutro,1.0,w
46:04,2764,lucas_camargus,Lucas_Camargus,neutro,1.0,Blastoise
46:05,2765,ivctor,ivctor,neutro,1.0,compra um squirtle pra mim ai baka te faço o pix
46:07,2767,shingouki10,shingouki10,neutro,1.0,Abre pacote de carta p nos baka
46:07,2767,pra_que_jogar_bola_namavi,PRA_QUE_JOGAR_BOLA_NAMAVI,neutro,1.0,FAZ UM ROLE IGUAL O DO NOMADE RAIZ
46:11,2771,sr_ryann,Sr_Ryann,neutro,1.0,vai colecionar vaporeons
46:12,2772,kamila_s22,kamila_s22,neutro,1.0,Quero um
46:13,2773,muttanofc,MuttanOfc,neutro,1.0,@czarbrz Realmente ele tá la
46:15,2775,paulo_930,paulo_930,neutro,1.0,Vai pros beco aposentado
46:17,2777,wesleykolomar_br,wesleykolomar_br,engraçado,1.0,kkkkkk
46:17,2777,k4rrel,k4rrel,confuso,1.0,@czarbrz live gravada? kakakaksks
46:17,2777,dalton_olivera,dalton_olivera,neutro,1.0,Passou a mão aonde
46:19,2779,arki_core1,arki_core1,neutro,1.0,De bigode
46:20,2780,senhor_sorvete,senhor_sorvete,engraçado,0.5,"sempre ""por que tá cheio de japones ai?"" kkk"
46:21,2781,joaoreisojisan,JoaoReisOjisan,neutro,1.0,boneco de Oji San
46:21,2781,unno2009,unno2009,engraçado,1.0,kkkkkkkkk
46:21,2781,baratadesaiaaa,baratadesaiaaa,engraçado,1.0,Kkkkkkkkkkk
46:23,2783,gabriel93rj,Gabriel93RJ,neutro,1.0,"poluição sonora do carai, de ficar doido"
46:24,2784,morttusdornitska,morttusdornitska,neutro,1.0,@pedrowivo sabe bolas
46:24,2784,gabrellz,gabrellz,neutro,1.0,uau
46:25,2785,this_is_pedro,This_is_Pedro,neutro,1.0,O chat aí
46:27,2787,shingouki10,shingouki10,neutro,1.0,Você é gordin n precisa se comparar com o snorlax n
46:31,2791,leidsan,LeidSan,neutro,1.0,Renova o roteiro paizão
46:31,2791,pedro_polegar,pedro_polegar,engraçado,1.0,O rosa parece contigo kkkkkkk moo bocao
46:32,2792,mavado,Mavado,neutro,1.0,é o calvonhaque
46:33,2793,unno2009,unno2009,neutro,1.0,dar isso pro mlk vai gostar confia
46:33,2793,riiyuji,Riiyuji,neutro,1.0,KEKW
46:35,2795,allancarllos,allancarllos,neutro,1.0,pega esse bixo verde pra mim
46:35,2795,viniciusplash,viniciusplash,neutro,1.0,Pega o pichu
46:36,2796,sr_ryann,Sr_Ryann,neutro,1.0,óh o orochinho aí
46:39,2799,this_is_pedro,This_is_Pedro,neutro,1.0,Baka ninja açougueiro
46:39,2799,artuurbr21,artuurbr21,neutro,1.0,faz as aspas com o dedo ai baka
46:40,2800,baguinska,baguinska,engraçado,1.0,escrito baka
46:41,2801,riiyuji,Riiyuji,neutro,1.0,"""bakagaijin"""
46:42,2802,lkaleatorio,lkaleatorio,neutro,1.0,Fspra
46:44,2804,peix3manso,peix3manso,neutro,1.0,opa
46:44,2804,erickhsn,erickhsn,engraçado,0.5,escrito baka? isso n é assédio moral?
46:44,2804,s4ndiny,s4ndiny,neutro,1.0,Aumenta mais a música
46:45,2805,rezeile_zika,rezeile_zika,neutro,1.0,Vc nunca trabalhou
46:46,2806,vini_locao,vini_locao,engraçado,0.5,tava escrito Baka Gaijin ?
46:46,2806,thrillerzs,thrillerzs,neutro,1.0,É um ossan
46:47,2807,igh0r5,Igh0r5,engraçado,1.0,É live gravada por isso a piada repetida
46:47,2807,pedrowivo,pedrowivo,confuso,1.0,Já tá empregado?
46:47,2807,srserkozamier,Srserkozamier,positivo,0.5,Voltamos permanente porra?
46:53,2813,e006cr,e006cr,confuso,1.0,Vc era de qual aldeia?
46:53,2813,stedorockk,stedorockk,neutro,1.0,ta ai pq noia
46:58,2818,arki_core1,arki_core1,neutro,1.0,Parece a Virgínia
46:59,2819,euugabee,euugabee,neutro,1.0,esse parece vc
47:01,2821,allancarllos,allancarllos,neutro,1.0,eu quero aquele calvo ali
47:03,2823,dafegi,Dafegi,neutro,1.0,quem tem GUGU tem medo
47:04,2824,sugurodog,sugurodog,engraçado,1.0,A faicha escrita baka kkkkkkk
47:05,2825,uhh_carol,uhh_carol,engraçado,1.0,"MEU DEUS N LEVEI A SERIO O ""CU"""
47:06,2826,thepilad0,THEPILAD0,engraçado,1.0,kkkkkkk
47:09,2829,paulo_930,paulo_930,neutro,1.0,Bakaviadin
47:10,2830,baguinska,baguinska,engraçado,1.0,kkkkkkk
47:10,2830,thrillerzs,thrillerzs,neutro,1.0,Cara trabalhava num açougue ninha
47:10,2830,kthyosu,kthyosu,neutro,1.0,milto
47:11,2831,wesleykolomar_br,wesleykolomar_br,engraçado,1.0,kkkkkkkkkkkkkkk
47:12,2832,pedrowivo,pedrowivo,engraçado,1.0,kkkkkkk
47:13,2833,winklesdw,WINKLEsdw,engraçado,1.0,Kkkkk
47:13,2833,flowxr6,flowxr6,engraçado,1.0,KKKKKKKKKKK
47:13,2833,unno2009,unno2009,engraçado,1.0,KKKKKKK
47:15,2835,max_vermillion,max_vermillion,confuso,1.0,"Baka, papo vai papo vem mas e o sexo?"
47:16,2836,bananils0n_farofa,Bananils0n_farofa,neutro,1.0,Ingual
47:18,2838,s4ndiny,s4ndiny,neutro,1.0,"@bakagaijinlive Se puder, fica mais perto da caixa de som, a música tá um pouco baixa"
47:18,2838,peix3manso,peix3manso,positivo,1.0,olc the goat
47:20,2840,pulchram12,pulchram12,engraçado,1.0,Kkkkkkk
47:21,2841,hangloose206,hangloose206,confuso,1.0,ele vai voltar a morar no japão?
47:22,2842,shingouki10,shingouki10,confuso,1.0,Quem tu quer? O calvo ali é bunitin
47:22,2842,dnzinn5_,dnzinn5_,engraçado,1.0,Kkkkk
47:25,2845,zerolast_,zerolast_,neutro,1.0,Cinheimer  finalmente nunca senti tanta falta do punhetasso
47:26,2846,riiyuji,Riiyuji,positivo,0.5,"bom velho baka, volta pro japao e so le comentario de mod"
47:26,2846,1guinobre1,1guinobre1,engraçado,1.0,Qual a história dessa cicatriz
47:28,2848,aldeia_red1978,Aldeia_Red1978,neutro,1.0,Aldeia senta vara
47:28,2848,allanzinf,allanzinf,confuso,1.0,voltou pra ficar?
47:32,2852,this_is_pedro,This_is_Pedro,neutro,1.0,E essa música de taverna aí DinoDance
47:32,2852,riiyuji,Riiyuji,neutro,1.0,tubarao
47:33,2853,lkaleatorio,lkaleatorio,neutro,1.0,Os ursinhos mo bonitn
47:33,2853,muttanofc,MuttanOfc,neutro,1.0,Pingu deitou sem sono
47:34,2854,euugabee,euugabee,neutro,1.0,o cara tem tara em cu
47:36,2856,erickhsn,erickhsn,neutro,1.0,eu tenho 1 tbm
47:38,2858,kayden_casein_nitrate,Kayden_Casein_Nitrate,neutro,1.0,"BAKANA,COMPRA O ZELDA FOIL PRA MIM PLS"
47:38,2858,wesleyp2p,wesleyp2p,neutro,1.0,"Pra quem está perguntando o baka está no Japão apenas a passeio, ele vai voltar pro Brasil em 2 semanas"
47:40,2860,murotaa,murotaa,confuso,1.0,"ué, ja voltou pro japão de novo?"
47:42,2862,hazbrk,hazbrk,neutro,1.0,Fiscal de furo em pelúcia
47:46,2866,shingouki10,shingouki10,engraçado,1.0,KKKKKKKKKKKKKKKKK TMNC
47:46,2866,princesscallmespice,PrincessCallMeSpice,neutro,1.0,caçador de cus
47:52,2872,akihito_sama,akihito_sama,engraçado,1.0,O baka volta pra ver o c# dos ursinho kkkkk
47:53,2873,lumchannel,LumChannel,neutro,1.0,"Gente essa live é gravada, ele ta no Brasil"
47:55,2875,this_is_pedro,This_is_Pedro,neutro,1.0,"Eu lembro dele, ficava tomando do polchete"
47:55,2875,tobleroneopicional,tobleroneopicional,engraçado,1.0,Kkkkkkkkkkkkk fica olhando o cu dos bixo imagina os japa olhando nas câmeras
48:02,2882,shingouki10,shingouki10,neutro,1.0,Ele olhando o rabo dos bicho vsf ksksksksk
48:03,2883,m0am_,m0am_,confuso,1.0,@BakaGaijinLive pq vc vai ficar só 6 meses?
48:07,2887,meth10,meth10,neutro,1.0,pior q faz
48:09,2889,professorakpopercomunista,professorakpopercomunista,neutro,1.0,o de panda é kawaii
48:11,2891,viniciusplash,viniciusplash,neutro,1.0,O cara é fiscal de cu por isso foi deportado
48:13,2893,e006cr,e006cr,neutro,1.0,Capitalismo
48:14,2894,zemyata,Zemyata,neutro,1.0,limpa esse tênis
48:20,2900,riiyuji,Riiyuji,neutro,1.0,deixa o caba trabalhar
48:29,2909,peix3manso,peix3manso,neutro,1.0,cachorro safado
48:29,2909,this_is_pedro,This_is_Pedro,neutro,1.0,Cu estrelado
48:30,2910,arki_core1,arki_core1,neutro,1.0,Caçador de cus alheios
48:30,2910,naroni09,Naroni09,neutro,1.0,ta na speedrun já
48:34,2914,lkaleatorio,lkaleatorio,neutro,1.0,Para de atiçar
48:34,2914,unno2009,unno2009,neutro,1.0,e essa músicona de encantar cobra
48:36,2916,littletyrant_lt,littletyrant_lt,neutro,1.0,"Live gravada, baka combinou com os mods umas mensagens falsas ora pra enganar a gente"
48:36,2916,tobe_94,tobe_94,neutro,1.0,um baita de um C U
48:37,2917,dafegi,Dafegi,confuso,1.0,Tu ja apareceu na choquei?
48:40,2920,s4ndiny,s4ndiny,engraçado,0.5,Poderia ficar mais perto da caixa de som? A musica tá um pouco baixa
48:43,2923,this_is_pedro,This_is_Pedro,engraçado,0.5,"Caralho, a mesma piada pqp"
48:46,2926,melowwzz,melowwzz,confuso,1.0,pq sempre a porra da meiota baka?
48:48,2928,shingouki10,shingouki10,neutro,1.0,Cu estrela esse
48:48,2928,vanitastheory,vanitastheory,neutro,1.0,to ficando maluco com essa musica
48:49,2929,max_vermillion,max_vermillion,confuso,1.0,Chegou quando no Japão baka?
48:49,2929,thrillerzs,thrillerzs,neutro,1.0,A faz um gato com 3 olhos so de zoa
48:52,2932,akihito_sama,akihito_sama,confuso,1.0,"Baka, o seu c# é estrelado também?"
48:53,2933,leo_fds20,leo_fds20,neutro,1.0,essa música aí é pedrada hein
48:57,2937,st0rmrid3r,st0rmrid3r,neutro,1.0,feira da fruta
48:58,2938,coldwhy,ColdWhy,confuso,1.0,cyndaquil?
48:59,2939,kayden_casein_nitrate,Kayden_Casein_Nitrate,confuso,1.0,BRAGA VC TÁ NA ÍNDIA ?
49:00,2940,dlemonster,DlEmonster,neutro,1.0,a quest da vez: passar a mão em 45 objetos e sair sem comprar nada
49:00,2940,bananils0n_farofa,Bananils0n_farofa,neutro,1.0,Música árabe de fundo
49:01,2941,euugabee,euugabee,engraçado,1.0,kkkkkkkkkkkkkkkkkkkkkkk
49:01,2941,light_juggernaut,light_juggernaut,engraçado,1.0,Esse é o Cirilo
49:01,2941,paulo_930,paulo_930,engraçado,0.333,"Baka, vai pra Tailândia e aprende Muai Thai e cria o Street Fighter Live Action"
49:02,2942,xabriel98,Xabriel98,neutro,1.0,cyndaquil
49:03,2943,this_is_pedro,This_is_Pedro,neutro,1.0,Músicão
49:03,2943,riiyuji,Riiyuji,neutro,1.0,larper
49:03,2943,caiopinto120887,caiopinto120887,confuso,1.0,Motoboy?
49:03,2943,privadanacozinhadofelps,PrivadaNaCozinhaDoFelps,neutro,1.0,cyndaquil
49:03,2943,karanbola,karanbola,neutro,1.0,essa flauta
49:03,2943,chacaltwitch,ChacalTwitch,engraçado,1.0,ChacalTwitch subscribed at Tier 1.
49:04,2944,dafegi,Dafegi,neutro,1.0,musica infernal essa
49:04,2944,pulchram12,pulchram12,neutro,1.0,Cyndquil
49:05,2945,apenasjg,apenasjg,confuso,1.0,Cindaquyl tem cu?
49:09,2949,nunes013,nunes013,neutro,1.0,mellzitosNOOO mellzitosNOOO mellzitosTilted
49:11,2951,sw1ftt_,Sw1ftt_,engraçado,1.0,que musica do caralho kkkkkkkkk
49:15,2955,this_is_pedro,This_is_Pedro,engraçado,1.0,Kkkkkkkk
49:16,2956,st0rmrid3r,st0rmrid3r,neutro,1.0,soh não tem a jaca do meu bem
49:21,2961,artuurbr21,artuurbr21,neutro,1.0,alguem desliga essa musicaaaaaaaaaaa
49:21,2961,dnzinn5_,dnzinn5_,engraçado,1.0,Kkkkkk
49:22,2962,unno2009,unno2009,neutro,1.0,música do pica pau
49:23,2963,pedro_9753,pedro_9753,engraçado,1.0,kkkkkkkk
49:25,2965,coldwhy,ColdWhy,neutro,1.0,D;
49:25,2965,hemoglobina05,hemoglobina05,neutro,1.0,cara de jack
49:25,2965,igh0r5,Igh0r5,neutro,1.0,Baka idoso
49:26,2966,flowxr6,flowxr6,neutro,1.0,CHIIIKAWAAAA
49:27,2967,peix3manso,peix3manso,neutro,1.0,amigao do cachorro amarelo
49:29,2969,marryros098,marryros098,confuso,1.0,Oque ele ta fazendo no Japão
49:29,2969,shingouki10,shingouki10,neutro,1.0,@Sw1ftt_ Rave flute .mp3
49:30,2970,dnzinn5_,dnzinn5_,neutro,1.0,que lojinha daora
49:33,2973,erickhsn,erickhsn,neutro,1.0,credo
49:34,2974,wesleykolomar_br,wesleykolomar_br,confuso,1.0,fofão?
49:35,2975,pulchram12,pulchram12,neutro,1.0,Labubu
49:35,2975,lau_ra_am,lau_ra_am,confuso,1.0,Essa musiquinha hipnotizante aí?
49:36,2976,bananils0n_farofa,Bananils0n_farofa,engraçado,1.0,O fofão KKKKK
49:38,2978,ayanmelo,ayanmelo,neutro,1.0,que boneco medonho
49:39,2979,oliv_yashi,oliv_yashi,neutro,1.0,"Baka, traz uma lembrancinha pra mim"
49:39,2979,st0rmrid3r,st0rmrid3r,confuso,1.0,chuck nao tem?
49:42,2982,adachi_0_0_,adachi_0_0_,positivo,1.0,gostoso cleide
49:42,2982,horiuchijr,horiuchijr,confuso,1.0,ainda dá entrar no punhetasso ?
49:44,2984,ywkishiro,Ywkishiro,neutro,1.0,essa música lembra o puteiro chines aqui do lado...
49:45,2985,riiyuji,Riiyuji,neutro,1.0,geme nao dog
49:45,2985,tobe_94,tobe_94,confuso,1.0,gozaste?
49:46,2986,pontoporiablainvillei,pontoporiablainvillei,neutro,1.0,compra pra mim
49:46,2986,isaac_soft,isaac_soft,neutro,1.0,goza ainda não
49:47,2987,nunes013,nunes013,neutro,1.0,"baka fica soltinho no habitat natural dele né, perto dos TENGAs"
49:47,2987,flowxr6,flowxr6,neutro,1.0,E essa musica epica
49:49,2989,sw1ftt_,Sw1ftt_,engraçado,0.75,@shingouki10 top 5 musicas mais irritantes da historia kkkkk
49:50,2990,pulchram12,pulchram12,engraçado,1.0,kkkkkkkk
49:51,2991,r_lira28,r_lira28,neutro,1.0,quase ejaculei
49:53,2993,dnzinn5_,dnzinn5_,engraçado,1.0,Kkkkkkkkkkkkkkkkkkkkkkkkkkk
49:53,2993,uhh_carol,uhh_carol,neutro,1.0,Eita
49:57,2997,uhh_carol,uhh_carol,neutro,1.0,Akkakkaka
49:57,2997,bellattore_,bellattore_,confuso,1.0,Geme na camera?
49:59,2999,dafegi,Dafegi,neutro,1.0,musica expulsa cliente
49:59,2999,thrillerzs,thrillerzs,engraçado,1.0,Ave maria
50:00,3000,lumchannel,LumChannel,confuso,1.0,Você gosta de pafoca?
50:00,3000,riiyuji,Riiyuji,neutro,1.0,sim
50:02,3002,pedepanomttriste,PeDePanoMtTriste,neutro,1.0,Krlh e a banger tocando
50:06,3006,pedrowivo,pedrowivo,neutro,1.0,Mas gemido estrangeiro eles não entendem
50:06,3006,erickhsn,erickhsn,neutro,1.0,são msm
50:07,3007,light_juggernaut,light_juggernaut,confuso,1.0,Essa musica aí é do globo rural?
50:10,3010,erickhsn,erickhsn,neutro,1.0,"cafona, folgado e pau no cu"
50:10,3010,uhh_carol,uhh_carol,neutro,1.0,Mais um pouco gozava no negócio
50:13,3013,shingouki10,shingouki10,engraçado,1.0,@Sw1ftt_ KKKKKKKKKKKKK
50:13,3013,wesleykolomar_br,wesleykolomar_br,engraçado,1.0,americano só sabe guerrear
50:14,3014,riiyuji,Riiyuji,frustrado,1.0,estadunidense compra qualquer bosta
50:17,3017,hachimura23,hachimura23,neutro,1.0,Apertando as bolas
50:17,3017,alektrospirozy,Alektrospirozy,engraçado,1.0,Você é turista americano mano...
50:18,3018,hemoglobina05,hemoglobina05,neutro,1.0,eitcha
50:20,3020,gustavotomki,gustavotomki,engraçado,1.0,gustavotomki subscribed with Prime.
50:23,3023,dlemonster,DlEmonster,neutro,1.0,e essa música semitonal
50:26,3026,vitonhonhi,vitonhonhi,neutro,1.0,Naruto musicas
50:29,3029,deonehzio,DeoNehzio,positivo,0.4,"DeoNehzio subscribed at Tier 1. They've subscribed for 16 months! Bom dia Baka, surra de bunda, Pov de barata vai ter? e vamos começar mais 1 saga anual e colocar um calcinha no terraço? e o livro em? abraços! bakagaHaha1"
50:31,3031,molotov_zera,MoLoToV_ZeRa,engraçado,1.0,escada no japão rola ao contrario
50:38,3038,el_v1nny,el_v1nny,neutro,1.0,Imagine trabalhar aí...
50:39,3039,tecoelipe,tecoelipe,engraçado,1.0,cada corredor com uma musica kkkkk
50:40,3040,magnusnoos,MAGNUSnoos,confuso,1.0,voltou pra cuiabá?
50:41,3041,bellattore_,bellattore_,positivo,1.0,Ta gostoso ein
50:41,3041,mateusrangel0,mateusrangel0,positivo,0.5,"SALVE AS LIVES E POSTE NO YOUTUBE, POR FAVOR OK?"
50:42,3042,m0am_,m0am_,confuso,1.0,@BakaGaijinLive pode ir na sessao porto?
50:43,3043,hitori_w,hitOri_W,neutro,1.0,q susto
50:45,3045,sr_ryann,Sr_Ryann,neutro,1.0,pelas barbas de xin ji ping
50:46,3046,doriamm,doriamm,neutro,1.0,que susto porra
50:47,3047,lkaleatorio,lkaleatorio,neutro,1.0,Army
50:48,3048,xabriel98,Xabriel98,engraçado,1.0,kkkkkkkkkkk
50:50,3050,winklesdw,WINKLEsdw,engraçado,1.0,Kkkkkkkkk
50:50,3050,mateusrangel0,mateusrangel0,neutro,1.0,"twitch joga as live fora, eu quero ver no youtube"
50:51,3051,jhonalen_,jhonalen_,neutro,1.0,akkaakaka
50:51,3051,dnzinn5_,dnzinn5_,neutro,1.0,Pelas barbas de merlin quanta coisa
50:53,3053,h1rosh1_one,h1rosh1_one,neutro,1.0,"Hi, não é que ele voltou mesmo, pensei que era balela"
50:54,3054,jaooveed,jaooveed,confuso,1.0,Biscoitando essas horas?
50:55,3055,pulchram12,pulchram12,engraçado,1.0,Kkkkkkkkkk
50:56,3056,tobe_94,tobe_94,engraçado,1.0,é só um sogo plaza com grife
50:57,3057,rrroga,rrroga,neutro,1.0,assusta nao
51:00,3060,guymito,Guymito,neutro,1.0,as loja no japao e tao barulhenta quanto a 25 de março
51:00,3060,geogeo_chan,geogeo_chan,confuso,1.0,Pq você não foi pra loja da wepink? Tô te esperando até agr Virgínia
51:00,3060,tutizeira,Tutizeira,neutro,1.0,A bahia ta dahora
51:00,3060,kayden_casein_nitrate,Kayden_Casein_Nitrate,neutro,1.0,GEME MEU NOME NEYMAR GEME
51:00,3060,uhh_carol,uhh_carol,neutro,1.0,Armyboy
51:03,3063,adrianopb,ADRIANOPB,neutro,1.0,!clip
51:05,3065,k4rrel,k4rrel,confuso,1.0,quantos graus de cegueira?
51:06,3066,levini01,LeVini01,neutro,1.0,databaseClueless
51:07,3067,godlyfull,godlyfull,confuso,1.0,carai baka deu spawn ai no Japão?
51:08,3068,caiopinto120887,caiopinto120887,engraçado,0.5,Armys de quem é esse sorriso!?
51:09,3069,pontoporiablainvillei,pontoporiablainvillei,confuso,1.0,voce sabe o que é caviar?
51:10,3070,thrillerzs,thrillerzs,neutro,1.0,Credo
51:12,3072,fentary_,fentary_,neutro,1.0,come back veio forte
51:13,3073,nunes013,nunes013,neutro,1.0,sorteia um tenga p os subs
51:16,3076,pedro_9753,pedro_9753,neutro,1.0,jumpsecar
51:18,3078,pedrowivo,pedrowivo,positivo,1.0,Saudades de um bom Lamem
51:18,3078,pedro_polegar,pedro_polegar,positivo,1.0,Vc é igual yakult mano gostoso mas pequeno
51:21,3081,dasurrendeai,dasurrendeai,neutro,1.0,medo
51:21,3081,unno2009,unno2009,neutro,1.0,ai
51:26,3086,light_juggernaut,light_juggernaut,neutro,1.0,Mas é biscoito ou bolacha
51:26,3086,m0am_,m0am_,neutro,1.0,pequi
51:29,3089,jojorafaela,jojorafaela,positivo,1.0,Bom dia bom dia
51:30,3090,pskaren,pskaren,neutro,1.0,Existo logo biscoito
51:32,3092,riiyuji,Riiyuji,confuso,1.0,baka foi pra ae trabalhar ilegalmente ?
51:33,3093,tanjibolasfds,tanjibolasfds,neutro,1.0,Bala tá parecendo amigo de pronta de anime
51:38,3098,pontoporiablainvillei,pontoporiablainvillei,neutro,1.0,que delicia quero
51:40,3100,coolmelado,coolmelado,neutro,1.0,Carhalhooooo a Liberdade ta dando uma imersão muito boger
51:41,3101,pedepanomttriste,PeDePanoMtTriste,neutro,1.0,Nem assumido nem desassumido apenas baka gaijin
51:42,3102,diagon_haisser,diagon_haisser,neutro,1.0,Viceras de lagarto
51:42,3102,clipesmilgrau,clipesmilgrau,confuso,1.0,Voltou pro Japão em definitivo?
51:43,3103,pulchram12,pulchram12,neutro,1.0,don don donki
51:44,3104,jojorafaela,jojorafaela,positivo,1.0,Bom dia pra quem nos quer bem
51:46,3106,jhonalen_,jhonalen_,neutro,1.0,Sim
51:46,3106,pontoporiablainvillei,pontoporiablainvillei,neutro,1.0,n
51:47,3107,this_is_pedro,This_is_Pedro,confuso,1.0,"Música autoral do Donke, é isso mesmo?? NotLikeThis"
51:47,3107,oliv_yashi,oliv_yashi,positivo,1.0,Manda um salve pra caravana de Sapopemba Baka
51:48,3108,sr_ryann,Sr_Ryann,positivo,1.0,esse tempero fica perfeito no testiculo de boi
51:49,3109,ghxstxk_,ghxstxk_,neutro,1.0,"se eu biscoito, eu existo"
51:50,3110,mateusrangel0,mateusrangel0,confuso,1.0,voce vai salvar as lives no YouTube em? pra nao sumir dps...
51:51,3111,pr1tu0,pr1tu0,engraçado,0.5,tá em ribeirão preto?
51:53,3113,hemoglobina05,hemoglobina05,neutro,1.0,enche uma banheira com macadamia
51:53,3113,lich7s,lich7s,neutro,1.0,é
51:54,3114,st0rmrid3r,st0rmrid3r,neutro,1.0,prefiro bis
51:54,3114,pedepanomttriste,PeDePanoMtTriste,neutro,1.0,Pode debulhar filho
51:56,3116,alandavl,alandavl,positivo,1.0,@pedro_polegar é gostoso mas se comer demais faz mal
51:56,3116,shingouki10,shingouki10,neutro,1.0,A arte de biscoitar e não ser e nem ganhar biscoito
51:57,3117,byakugann_,byakugann_,inspirado,1.0,"esse fudido so faz live quando eu to de trabalho de hora extra, maldito"
52:00,3120,luanlord25,luanlord25,engraçado,0.5,@ADRIANOPB vc e o carinha que comenta na lice do Dizzysto né?
52:01,3121,joaoreisojisan,JoaoReisOjisan,neutro,1.0,"é ""dibuiava"""
52:02,3122,peix3manso,peix3manso,confuso,0.667,o chocolate ai é mais gostoso que no br?
52:04,3124,lkaleatorio,lkaleatorio,neutro,1.0,Debulhar é sair no soco
52:07,3127,luanlord25,luanlord25,neutro,1.0,live*
52:07,3127,pedro_9753,pedro_9753,engraçado,1.0,porque que tudo ai parece ta escrito em japones
52:11,3131,light_juggernaut,light_juggernaut,neutro,1.0,Camaro amarelo
52:11,3131,liiaay01,liiaay01,neutro,1.0,Quero
52:12,3132,m1kak2el9r03fodjre93kddja,m1kak2el9r03fodjre93kddja,neutro,1.0,de pipoca
52:14,3134,gaertnerh,Gaertnerh,positivo,1.0,"eu debulho, voce debulha, nos debulhamos e vos debulharevaimos"
52:16,3136,adrianopb,ADRIANOPB,engraçado,1.0,@luanlord25 simmm kkkkkk
52:16,3136,geogeo_chan,geogeo_chan,confuso,1.0,2mil em m&m? Liberdade tá passando do ponto ja
52:18,3138,igh0r5,Igh0r5,neutro,1.0,inovações
52:21,3141,erickhsn,erickhsn,neutro,1.0,tem mais opção diferente de mm no brasil
52:21,3141,this_is_pedro,This_is_Pedro,confuso,1.0,2k nisso daí?
52:22,3142,guymito,Guymito,neutro,1.0,na area de coisa estrangeira vai ter doce brasileiro
52:23,3143,zielo15c,zielo15c,neutro,1.0,Rapaz ele voltou
52:25,3145,zkah1,ZkaH1,neutro,1.0,o uso mais correto da palavra debulhar é no tocante a punheta
52:25,3145,pedepanomttriste,PeDePanoMtTriste,neutro,1.0,Vai vc
52:27,3147,zielo15c,zielo15c,neutro,1.0,Amém
52:27,3147,david_beenn,david_beenn,confuso,1.0,Oq eu perdi? Pq ele voltou??
52:28,3148,this_is_pedro,This_is_Pedro,neutro,1.0,Don don don donnkii
52:28,3148,lazarus_7z,Lazarus_7z,neutro,1.0,demeDeemo
52:28,3148,pontoporiablainvillei,pontoporiablainvillei,neutro,1.0,organiza ai a loja
52:33,3153,thrillerzs,thrillerzs,engraçado,1.0,Kkkk clima fico sério sem nusica
52:33,3153,riiyuji,Riiyuji,negativo,1.0,pessimo cantor
52:34,3154,r_lira28,r_lira28,neutro,1.0,"CANTA BAKA, CANTA"
52:34,3154,kaayton,kaayton,neutro,1.0,DinoDance DinoDance DinoDance DinoDance DinoDance DinoDance DinoDance
52:36,3156,pedrowivo,pedrowivo,neutro,1.0,MM's de IA
52:37,3157,stedorockk,stedorockk,neutro,1.0,ta ai pq porra
52:37,3157,pedepanomttriste,PeDePanoMtTriste,neutro,1.0,E eu como curtindo a vibes
52:38,3158,riiyuji,Riiyuji,neutro,1.0,tem porra nenhuma
52:38,3158,meth10,meth10,neutro,1.0,repositor do açai fazendo estagio
52:39,3159,chad_alpaca,chad_alpaca,neutro,1.0,deffi7CatJAM
52:41,3161,pskaren,pskaren,neutro,1.0,compra logo mão de vaca
52:42,3162,liiaay01,liiaay01,neutro,1.0,2 mil MDS que roubo
52:42,3162,ootaida,ooTaida,confuso,0.667,É o que? cellOlhando cellWOAH cellWOAH cellWOAH cellWOAH cellWOAH
52:42,3162,h1rosh1_one,h1rosh1_one,confuso,1.0,Punhetaço vai voltar??
52:42,3162,riiyuji,Riiyuji,neutro,1.0,BR tem 2 MM no max
52:43,3163,lau_ra_am,lau_ra_am,neutro,1.0,A cada dois passos uma música diferente
52:44,3164,repitiliamo,repitiliamo,neutro,1.0,zyndalWiggle zyndalWiggle zyndalWiggle zyndalWiggle zyndalWiggle zyndalWiggle
52:48,3168,pedrowivo,pedrowivo,neutro,1.0,Esse foi a AGI que lançou
52:49,3169,arki_core1,arki_core1,neutro,1.0,Aproveite
52:50,3170,pulchram12,pulchram12,neutro,1.0,allpac2Danc2
52:52,3172,rafaeld94,rafaeld94,confuso,1.0,Tem em algum ligar video do baka explicando pq voltou pro japào?
52:56,3176,poao_jedro,Poao_Jedro,confuso,1.0,Live sendo repositor quando Baka?
52:56,3176,lkaleatorio,lkaleatorio,engraçado,1.0,Grings
52:57,3177,st0rmrid3r,st0rmrid3r,confuso,1.0,tem kit kat de jaca?
53:00,3180,zielo15c,zielo15c,confuso,1.0,Já tá na hora?
53:02,3182,pedro_9753,pedro_9753,confuso,1.0,acordou 6 da manha para fazer live baka ?
53:02,3182,cementarion,Cementarion,confuso,1.0,liberdade ou o real Japão?
53:03,3183,riiyuji,Riiyuji,neutro,1.0,amassava
53:05,3185,lich7s,lich7s,engraçado,0.5,essa musica irritante serve pra galera n ficar tempo demais na loja?
53:05,3185,thmnp,thmnp,neutro,1.0,o cara é potterhead
53:06,3186,arki_core1,arki_core1,positivo,1.0,Deve ser bom
53:06,3186,j_pauloo,j_pauloo,neutro,1.0,forte
53:08,3188,lkaleatorio,lkaleatorio,neutro,1.0,Compra
53:09,3189,kthyosu,kthyosu,engraçado,0.5,deve ser horrivel
53:09,3189,maikon19gamer,maikon19gamer,neutro,1.0,CaitThinking
53:10,3190,bananils0n_farofa,Bananils0n_farofa,neutro,1.0,Compra
53:10,3190,angelz_s,angelz_s,positivo,1.0,parece bom
53:11,3191,joaozinhokct,joaozinhokct,neutro,1.0,Ve se tem o MMs do lee sin
53:12,3192,lkaleatorio,lkaleatorio,neutro,1.0,Prova
53:12,3192,adrianopb,ADRIANOPB,positivo,1.0,@luanlord25 top te ver por aqui
53:13,3193,luanlord25,luanlord25,confuso,0.75,@ADRIANOPB o que sera que aconteceu com o canal dele? sera que ele foi hackeado?
53:17,3197,lblazko,lblazko,confuso,1.0,torcida churrasco tem?
53:17,3197,pontoporiablainvillei,pontoporiablainvillei,confuso,1.0,tem kitkat de pequi?
53:18,3198,wesleyp2p,wesleyp2p,neutro,1.0,@rafaeld94 Ele está apenas a passeio
53:19,3199,liiaay01,liiaay01,confuso,1.0,Baka voltou pro Japão pra virar repositor?
53:21,3201,chdss_,chdss_,neutro,1.0,Imagina ser repositor dessa loja
53:24,3204,igh0r5,Igh0r5,engraçado,1.0,gringos se degladiando por itens japa
53:26,3206,rogzer4,rogzer4,neutro,1.0,Kit kat de abobora
53:26,3206,pskaren,pskaren,neutro,1.0,DinoDance
53:27,3207,alandavl,alandavl,engraçado,1.0,@Cementarion Piauí
53:30,3210,this_is_pedro,This_is_Pedro,neutro,1.0,Don don don doonnki8
53:30,3210,k4rrel,k4rrel,positivo,1.0,deve ser bom pra caraio
53:32,3212,leo_fds20,leo_fds20,neutro,1.0,"O Baka disse que esse mês ele trampa presencial, por isso voltou pro Japão."
53:32,3212,this_is_pedro,This_is_Pedro,neutro,1.0,DinoDance
53:35,3215,arki_core1,arki_core1,neutro,1.0,"Lá """""""""""
53:35,3215,lazarus_7z,Lazarus_7z,confuso,1.0,vai ficar quantos dias por aí?
53:36,3216,light_juggernaut,light_juggernaut,positivo,1.0,Aaah vamo nessa!
53:38,3218,pskaren,pskaren,neutro,1.0,a musiquinha vicia
53:39,3219,znauakz,znauakz,neutro,1.0,imagina trabalhar de repositor numa loja dessas
53:40,3220,pontoporiablainvillei,pontoporiablainvillei,neutro,1.0,e esse chupao no seu braço ai ein
53:40,3220,erickhsn,erickhsn,neutro,1.0,sdds ichiran
53:42,3222,david_beenn,david_beenn,neutro,1.0,@wesleyp2p Que pena
53:43,3223,pedrowivo,pedrowivo,neutro,1.0,19h
53:44,3224,adrianopb,ADRIANOPB,confuso,1.0,"@luanlord25 então, nao faço ideia, espero que nao mano"
53:48,3228,pskaren,pskaren,neutro,1.0,dam dam dam
53:48,3228,isaac_soft,isaac_soft,confuso,1.0,esse aqui é de gue?
53:49,3229,pedroenix,PedroEnix,engraçado,1.0,"PedroEnix subscribed with Prime. They've subscribed for 4 months, currently on a 1 month streak!"
53:53,3233,shingouki10,shingouki10,engraçado,1.0,A real é que ele tá com fome e abriu live procurando comida
53:53,3233,joaozinhokct,joaozinhokct,confuso,1.0,Tem algum docinho do League of legends ai?
53:54,3234,arki_core1,arki_core1,neutro,1.0,Começou
53:54,3234,riiyuji,Riiyuji,neutro,1.0,chupa bala de sal
53:54,3234,gaertnerh,Gaertnerh,neutro,1.0,finalmente
53:55,3235,jaooveed,jaooveed,confuso,1.0,Tem fofura de cebola ai baka ?
53:59,3239,titoneriano,Titoneriano,confuso,1.0,Punhetaço em 5 horas?
54:00,3240,max_vermillion,max_vermillion,confuso,1.0,"Baka, podemos fazer um punhetasso? Tô ansioso bakagaAsianfrog"
54:02,3242,geogeo_chan,geogeo_chan,neutro,1.0,Vira a cam pra gente clipar
54:03,3243,uhh_carol,uhh_carol,engraçado,1.0,Kkkkk
54:03,3243,sr_ryann,Sr_Ryann,confuso,1.0,aí é o supemercado mix mateus né baka? acabei de passar aí em frente e te vi
54:04,3244,pedepanomttriste,PeDePanoMtTriste,neutro,1.0,Afs toda vez isso
54:04,3244,arelich,Arelich,confuso,1.0,De volta pro Japão pra morar ou so pra furtos?
54:05,3245,luanlord25,luanlord25,engraçado,1.0,"@ADRIANOPB oloco meu nobre, também satisfação de ter ver por aqui"
54:07,3247,this_is_pedro,This_is_Pedro,confuso,1.0,"Me um ""que porra é essa???"""
54:10,3250,liiaay01,liiaay01,engraçado,0.667,Que isso KKKKkk que horror
54:11,3251,david_beenn,david_beenn,confuso,1.0,"Baka, será q existe algum lugar parecido com tokyo em Salvador?"
54:13,3253,m0am_,m0am_,confuso,1.0,@BakaGaijinLive tem pequi ai?
54:14,3254,leidsan,LeidSan,neutro,1.0,Então eu tô com jetlag do trabalho pra casa
54:15,3255,jhons0ns,jhons0ns,neutro,1.0,pega um halls preto pra mim ai baka
54:17,3257,iago_xx,iago_xx,neutro,1.0,pq esse sem mãe ta no jp dnv
54:17,3257,kazulixo_6,kazulixo_6,confuso,1.0,Tem que tocar música infinitamente se não ninguém entra
54:18,3258,marcelo_dev,marcelo_dev,positivo,1.0,"Caramba, parece que tem muita coisa boa pra comer nisso ai"
54:23,3263,thrillerzs,thrillerzs,neutro,1.0,Como
54:24,3264,erickhsn,erickhsn,confuso,1.0,tu n comprou inseto duma vending machine?
54:26,3266,bananils0n_farofa,Bananils0n_farofa,neutro,1.0,Toma café da manhã ai
54:26,3266,isaac_soft,isaac_soft,engraçado,1.0,@david_beenn rio vermelho
54:28,3268,coolmelado,coolmelado,neutro,1.0,Para baka
54:29,3269,flowxr6,flowxr6,confuso,1.0,Lembro que foi numa maquina de vendas
54:30,3270,st0rmrid3r,st0rmrid3r,neutro,1.0,tendi nada
54:31,3271,lkaleatorio,lkaleatorio,neutro,1.0,Loja bacana
54:37,3277,coolmelado,coolmelado,neutro,1.0,Não canta
54:40,3280,el_v1nny,el_v1nny,neutro,1.0,Cérebro do Baka já tá lisinho
54:40,3280,flowxr6,flowxr6,neutro,1.0,Eu vi o vídeo do inseto esses dias
54:41,3281,joaozinhokct,joaozinhokct,neutro,1.0,gozei
54:41,3281,eunaasaa,eunaasaa,neutro,1.0,kojima
54:41,3281,jojorafaela,jojorafaela,neutro,1.0,Don don
54:46,3286,alandavl,alandavl,neutro,1.0,os cara ne
54:48,3288,marcelo_dev,marcelo_dev,neutro,1.0,Ixi
54:51,3291,this_is_pedro,This_is_Pedro,confuso,1.0,Vendendo pé as 7 da manhã?
54:51,3291,theuss_mt,Theuss_mt,confuso,1.0,"o que é isso que meus ouvidos veem? o que é isso que meus olhos ouvem? sinto no mais intimo da minha cloaca, baka fuckingg gaing in japan, isso foi a quase 84 anos"
54:52,3292,k4rrel,k4rrel,confuso,1.0,@david_beenn isso pq cê não viu o cara falando que parecia Belém do Pará na live
54:52,3292,r_lira28,r_lira28,neutro,1.0,"Continue cantando Baka, nos entretenha"
54:54,3294,pedro_9753,pedro_9753,neutro,1.0,esses japoneses são tudo estranho
54:55,3295,paullouuvercavalar,paullouuvercavalar,neutro,1.0,Eu bato pra caras
54:55,3295,chdss_,chdss_,neutro,1.0,E caba vai endoidar é 🎵
54:56,3296,raphaw3ll,raphaw3ll,neutro,1.0,n pode e setembro
55:01,3301,akirosetonai,AkiroSetonai,neutro,1.0,supermercado mateus é impressionante
55:03,3303,guymito,Guymito,confuso,1.0,tem tenga ai?
55:03,3303,sr_ryann,Sr_Ryann,neutro,1.0,se é pé os caba tá gozano
55:06,3306,privadanacozinhadofelps,PrivadaNaCozinhaDoFelps,neutro,1.0,to ficando maluco com esses som
55:08,3308,pskaren,pskaren,confuso,1.0,oxe e não pode? Homenfobico
55:09,3309,thrillerzs,thrillerzs,neutro,1.0,Pé de macho uaau
55:10,3310,this_is_pedro,This_is_Pedro,neutro,1.0,Qual foi
55:12,3312,arki_core1,arki_core1,confuso,1.0,Vai ter halloween ou vai voltar antes ?
55:15,3315,oliv_yashi,oliv_yashi,neutro,1.0,Eu que fiz
55:16,3316,jojorafaela,jojorafaela,engraçado,1.0,Kkkkkkkkkkk
55:17,3317,aldeia_red1978,Aldeia_Red1978,positivo,1.0,Kojima tem bom gosto
55:17,3317,rrroga,rrroga,neutro,1.0,brasil 2026 ai
55:17,3317,iago_xx,iago_xx,neutro,1.0,antes de vc viajar era assim
55:23,3323,ovaizardx,OvaizardX,neutro,1.0,<3 <3
55:23,3323,mozafu_,mozafu_,confuso,1.0,VOLTOU?
55:23,3323,kaayton,kaayton,neutro,1.0,que poluiçao sonora
55:24,3324,palhaco7,palhaco7,neutro,1.0,Dois atrás era assim
55:25,3325,sylv_vtbr,sylv_vtbr,confuso,1.0,ele voltou mesmo ou isso ai é a liberdade????
55:31,3331,st0rmrid3r,st0rmrid3r,neutro,1.0,gosmeticos
55:33,3333,tanjibolasfds,tanjibolasfds,engraçado,1.0,"Agr q voltou pro Japão, o caramujo saiu da aposentadoria e está te caçando"
55:34,3334,palhaco7,palhaco7,confuso,1.0,Tem clearmen ai?
55:35,3335,isaac_soft,isaac_soft,engraçado,1.0,@sylv_vtbr voltou como turista
55:37,3337,jojorafaela,jojorafaela,neutro,1.0,"Pega bichin nas maquina, Braga"
55:37,3337,light_juggernaut,light_juggernaut,neutro,1.0,Compra uma nebulosa aí já que tem cosmo
55:38,3338,pskaren,pskaren,neutro,1.0,Mostra um pé de anão aí 🤤
55:39,3339,k4rrel,k4rrel,neutro,1.0,"ele voltou galero, tá viajando"
55:41,3341,joaoreisojisan,JoaoReisOjisan,engraçado,1.0,compra um clareamento perianal aê...
55:44,3344,joazinn,Joazinn,confuso,1.0,Saudades do braga no japão é rerun?
55:46,3346,heizenzn,HeizenZn,confuso,1.0,vai fazer um vídeo dizendo porque voltou ao Japão? Se já fez perdão.
55:47,3347,master_zk,master_zk,neutro,1.0,ve ai se tem wepink
55:48,3348,lkaleatorio,lkaleatorio,neutro,1.0,Delícia
55:48,3348,mateusrangel0,mateusrangel0,engraçado,0.5,mateusrangel0 subscribed at Tier 1. They've subscribed for 6 months! voce teria as lives antigas gravadas? queria muito ver elas mas a twitch so some com tudo
55:50,3350,this_is_pedro,This_is_Pedro,confuso,1.0,Sabonete de alumínio??
55:53,3353,blakesaewulf,BlakeSaewulf,neutro,1.0,Japao pao ao
55:56,3356,uhh_carol,uhh_carol,engraçado,1.0,Ja pensou cair um meteorito ai em Shibuya
55:59,3359,igh0r5,Igh0r5,neutro,1.0,explorando os andar da dungeon
55:59,3359,this_is_pedro,This_is_Pedro,neutro,1.0,F
56:00,3360,joaoreisojisan,JoaoReisOjisan,neutro,1.0,F
56:00,3360,caio_seixas,caio_seixas,neutro,1.0,@This_is_Pedro isso
56:00,3360,pedro_9753,pedro_9753,neutro,1.0,daqui a nada vai chegar no andar proibido
56:00,3360,oliv_yashi,oliv_yashi,neutro,1.0,Caiu
56:00,3360,jhonalen_,jhonalen_,neutro,1.0,ta porra
56:01,3361,paullouuvercavalar,paullouuvercavalar,engraçado,1.0,Kkkkkkkkkkkkkkk estimulador de precheca
56:02,3362,dnzinn5_,dnzinn5_,engraçado,1.0,Cara minha prima tinha um desses aí
56:04,3364,hugostosaooo,hugostosaooo,neutro,1.0,F
56:04,3364,jaooveed,jaooveed,neutro,1.0,F
56:05,3365,flowxr6,flowxr6,neutro,1.0,Caiu
56:05,3365,kaayton,kaayton,neutro,1.0,lago
56:05,3365,ywkishiro,Ywkishiro,neutro,1.0,F live...
56:05,3365,dlemonster,DlEmonster,neutro,1.0,F
56:05,3365,balconista_,Balconista_,engraçado,1.0,Balconista_ subscribed with Prime. They've subscribed for 8 months! Pegou a saída errada e foi parar no japão
56:06,3366,luxnis_,luxnis_,neutro,1.0,vish
56:06,3366,pskaren,pskaren,neutro,1.0,F
56:07,3367,gabrieloliveira2100,gabrieloliveira2100,neutro,1.0,Eita porra
56:07,3367,jojorafaela,jojorafaela,neutro,1.0,Creepypasta
56:07,3367,ghxstxk_,ghxstxk_,neutro,1.0,nossa
56:07,3367,light_juggernaut,light_juggernaut,positivo,0.667,Boa voltamos as origens
56:09,3369,dustyy23,dustyy23,confuso,1.0,tem estimulador de bogas ai tmb?
56:09,3369,oliv_yashi,oliv_yashi,engraçado,1.0,Live precária
56:09,3369,gabriel__00000,GaBrIeL__00000,neutro,1.0,F
56:10,3370,kir44_,kir44_,neutro,1.0,Volto
56:10,3370,pedepanomttriste,PeDePanoMtTriste,neutro,1.0,Volto
56:10,3370,bananils0n_farofa,Bananils0n_farofa,neutro,1.0,Voltou
56:10,3370,ovaizardx,OvaizardX,neutro,1.0,du nada baka no japao dnv
56:10,3370,tobleroneopicional,tobleroneopicional,neutro,1.0,LISIN MANÉ
56:10,3370,palhaco7,palhaco7,neutro,1.0,Volto
56:11,3371,inf3rn4l666,inf3rn4l666,neutro,1.0,F
56:11,3371,stedorockk,stedorockk,neutro,1.0,lagou eeeeee
56:11,3371,dnzinn5_,dnzinn5_,confuso,1.0,Até hj eu não sei o que e
56:12,3372,angelz_s,angelz_s,neutro,1.0,volto
56:12,3372,mig4lhaz,mig4lhaz,neutro,1.0,F
56:12,3372,jojorafaela,jojorafaela,neutro,1.0,F
56:13,3373,wesleykolomar_br,wesleykolomar_br,neutro,1.0,se cair é falta pede var
56:14,3374,this_is_pedro,This_is_Pedro,positivo,1.0,"Quase foi, mas estamos vivos"
56:14,3374,daikii_zzz,daikii_zzz,neutro,1.0,F
56:17,3377,tobleroneopicional,tobleroneopicional,neutro,1.0,LISIN
56:19,3379,wesleyp2p,wesleyp2p,engraçado,1.0,"Baka tá no Japão apenas como turista, ele vai ficar apenas 2 semanas e voltar para o Brasil"
56:19,3379,marcelo_dev,marcelo_dev,confuso,1.0,O que não falta para japonês é ideia
56:21,3381,estessi_,Estessi_,confuso,1.0,Krl volto como ?
56:23,3383,rikyopa,RikyOpa,neutro,1.0,ja volto chat
56:25,3385,daikii_zzz,daikii_zzz,neutro,1.0,Sai desse lugar ai
56:26,3386,sr_ryann,Sr_Ryann,confuso,0.667,tem sabonete de uranio enriquecido aí baka gaijones??
56:28,3388,mig4lhaz,mig4lhaz,confuso,1.0,Beco 7h?
56:28,3388,mayck021p,mayck021p,neutro,1.0,O cara e fã de beco
56:30,3390,ywkishiro,Ywkishiro,neutro,1.0,safada...
56:31,3391,isaac_soft,isaac_soft,engraçado,1.0,@Estessi_ turista
56:31,3391,lkaleatorio,lkaleatorio,neutro,1.0,Eita
56:32,3392,gaertnerh,Gaertnerh,neutro,1.0,ele tem oculinhos agora
56:33,3393,palhaco7,palhaco7,neutro,1.0,Oloko
56:33,3393,pedepanomttriste,PeDePanoMtTriste,neutro,1.0,Demônio dos infernos
56:33,3393,pulchram12,pulchram12,engraçado,1.0,Kkkkkkkkkk
56:34,3394,joaoreisojisan,JoaoReisOjisan,neutro,1.0,psychoBaka
56:34,3394,wesleykolomar_br,wesleykolomar_br,neutro,1.0,jesus
56:34,3394,light_juggernaut,light_juggernaut,confuso,1.0,Vc viu esse homem em seus sonhos?
56:34,3394,st0rmrid3r,st0rmrid3r,engraçado,1.0,terrifier
56:34,3394,jaooveed,jaooveed,confuso,1.0,Em busca de um rato gordo hoje ?
56:35,3395,giowink_o,giowink_o,neutro,1.0,os dente tudo amarelo
56:36,3396,sofrie_,sofrie_,neutro,1.0,Medo
56:36,3396,jhonalen_,jhonalen_,neutro,1.0,Delicia
56:36,3396,rrroga,rrroga,neutro,1.0,medo
56:37,3397,theuss_mt,Theuss_mt,confuso,1.0,pegou o aviao errado de xique xique e foi pro japao?
56:37,3397,paullouuvercavalar,paullouuvercavalar,neutro,1.0,Isso baka vai pra rua bater panela
56:38,3398,pshychiatzu,PshycHiatzu,neutro,1.0,ICANT
56:38,3398,darllinx__,darllinx__,neutro,1.0,Jumpscare
56:39,3399,mig4lhaz,mig4lhaz,neutro,1.0,Credo
56:40,3400,r_lira28,r_lira28,engraçado,1.0,kkkkkkkkkk
56:41,3401,gabriel__00000,GaBrIeL__00000,neutro,1.0,slk SKINCARE
56:41,3401,filipi_21,Filipi_21,neutro,1.0,cursed
56:42,3402,isaac_soft,isaac_soft,neutro,1.0,macetavel
56:42,3402,1irrelevante,1irrelevante,neutro,1.0,Slenderman
56:43,3403,jojorafaela,jojorafaela,neutro,1.0,Que susto
56:43,3403,joaozinhokct,joaozinhokct,engraçado,1.0,Terrifier
56:44,3404,marryros098,marryros098,confuso,1.0,O baka oque ta fazendo no Japão???
56:44,3404,hiena2000,hiena2000,neutro,1.0,sdds de quando era tu no japão e o japão em tu
56:45,3405,h1rosh1_one,h1rosh1_one,neutro,1.0,Baka virou quatro olhos
56:46,3406,nickkkkek,nickkkkek,neutro,1.0,A me assuste!
56:46,3406,adoneszg,Adoneszg,neutro,1.0,live de terror
56:47,3407,adrianopb,ADRIANOPB,neutro,1.0,clipa ai galeraaa
56:47,3407,igh0r5,Igh0r5,engraçado,1.0,kkkk
56:47,3407,arki_core1,arki_core1,neutro,1.0,Tá peitudo
56:47,3407,this_is_pedro,This_is_Pedro,confuso,1.0,"Caralho, quem é essa pessoa e o que você fez com Baka gaijin??"
56:48,3408,ftonelli_,ftonelli_,neutro,1.0,dente de fumante
56:48,3408,coolmelado,coolmelado,neutro,1.0,Deus me livre
56:49,3409,leo_fds20,leo_fds20,positivo,0.5,"Baka, quando vai sair o vídeo do top 10 becos de São Paulo?"
56:49,3409,giowink_o,giowink_o,engraçado,1.0,os dente tudo amarelo kkk
56:49,3409,ana_mand,ana_mand,engraçado,1.0,Misericórdia
56:49,3409,this_is_pedro,This_is_Pedro,neutro,1.0,NotLikeThis NotLikeThis
56:50,3410,ivctor,ivctor,engraçado,1.0,ja  passei o celular pra outra mão
56:52,3412,playingn4ked,PlayingN4ked,neutro,1.0,Avisa antes
56:53,3413,lay_naofumi,lay_naofumi,confuso,1.0,"Credo, pra q ad? Tá loco"
56:53,3413,uhh_carol,uhh_carol,neutro,1.0,Nunca mais faz isso
56:53,3413,estessi_,Estessi_,neutro,1.0,Terror mais fraco
56:55,3415,palhaco7,palhaco7,neutro,1.0,O cara da câmera tá vendo isso completamente assutado
56:56,3416,thrillerzs,thrillerzs,neutro,1.0,Scary
56:56,3416,parcival_x,Parcival_x,engraçado,1.0,kkkkkkkkkkkk
56:57,3417,r_lira28,r_lira28,neutro,1.0,DELÍCIA
56:59,3419,jhonalen_,jhonalen_,positivo,1.0,goat
57:00,3420,pedro_9753,pedro_9753,neutro,1.0,ja da pra ser contratado
57:00,3420,mountsysroot,mountsysroot,neutro,1.0,ta parecendo uma lesbica
57:01,3421,dnzinn5_,dnzinn5_,engraçado,1.0,Kkkkkkkkkkkkkkkkkkkkkkkkkkk
57:02,3422,tristesatanexe,TristeSatanExe,engraçado,1.0,Zuera
57:04,3424,this_is_pedro,This_is_Pedro,confuso,1.0,Sex for free????
57:04,3424,gtsmasterpro,gtsmasterpro,engraçado,1.0,kkkkkkk
57:05,3425,bananils0n_farofa,Bananils0n_farofa,engraçado,1.0,Oshe Kkkkk
57:05,3425,capybarabeat,capybarabeat,neutro,1.0,voce é o ghostface da bienal
57:05,3425,jaooveed,jaooveed,neutro,1.0,Baka kawai
57:06,3426,mrluwiz,MrLuWiz,neutro,1.0,Ta gordão em pai
57:06,3426,lkaleatorio,lkaleatorio,neutro,1.0,Calvo
57:07,3427,rosetteangel,RosetteAngel,confuso,1.0,Eita baka não usa mais aquela camerazona apra afzer as lives?
57:07,3427,eike204,eike204,engraçado,1.0,kkkkkkkkkkk
57:08,3428,davisouza78,davisouza78,engraçado,1.0,Cria
57:09,3429,jojorafaela,jojorafaela,confuso,1.0,Quando que é o punhetaxço?
57:09,3429,martinianot,martinianot,positivo,0.5,Carinha de gostosa em
57:12,3432,isaac_soft,isaac_soft,positivo,1.0,isso gostoso vira de costas
57:15,3435,guiih9fps,guiih9fps,engraçado,1.0,kkkkkkkkkkk
57:15,3435,aldeia_red1978,Aldeia_Red1978,engraçado,1.0,Sorria 3
57:18,3438,gtsmasterpro,gtsmasterpro,engraçado,1.0,BAKA VOTOU AO PRIME
57:18,3438,stedorockk,stedorockk,neutro,1.0,baka avisa quando voltar pro Brasil pra eu ir embora
57:20,3440,daikii_zzz,daikii_zzz,neutro,1.0,KAKAKAKAKAKAKKA
57:24,3444,val101994,val101994,positivo,1.0,Lindo
57:26,3446,paullouuvercavalar,paullouuvercavalar,positivo,0.667,"Ficou gostoso de óculos para um serial killer, gostei"
57:27,3447,max_vermillion,max_vermillion,engraçado,1.0,Q tetas baka bakagaHaha1
57:31,3451,pedepanomttriste,PeDePanoMtTriste,neutro,1.0,Vcs se passam as vezes
57:31,3451,light_juggernaut,light_juggernaut,neutro,1.0,Oloko o Zé Gotinha
57:33,3453,jojorafaela,jojorafaela,engraçado,1.0,Kkkkkkkkkk
57:33,3453,thrillerzs,thrillerzs,engraçado,1.0,Kkkkkkkk isso iisooo vaai
57:36,3456,guiih9fps,guiih9fps,confuso,1.0,ta chovendo ?
57:39,3459,paulera250,paulera250,neutro,1.0,"cuidado Baka, uma poça ai na frente!"
57:40,3460,st0rmrid3r,st0rmrid3r,neutro,1.0,noss cidade zumbi
57:41,3461,gustafebio,gustafebio,positivo,0.333,"quem tem muita tatuagem e elas ficam amostras, pessoal ai acha ruim? em estabelecimentos e tals"
57:42,3462,pedrowivo,pedrowivo,confuso,1.0,Amanhã vai fazer sol Baka?
57:47,3467,jojorafaela,jojorafaela,neutro,1.0,Alzaimer
57:47,3467,bellattore_,bellattore_,confuso,1.0,Ta chuvendo ai?
57:49,3469,theuss_mt,Theuss_mt,confuso,1.0,essa é a chuva do sul?
57:50,3470,pedepanomttriste,PeDePanoMtTriste,confuso,1.0,Ta dando?
57:51,3471,residente_dorminhoko,residente_dorminhoko,engraçado,1.0,gringo sempre arrumando confusão
57:52,3472,uhh_carol,uhh_carol,neutro,1.0,Pra cada coisa q ele vai fazer é um gemido diferente
57:53,3473,dlemonster,DlEmonster,neutro,1.0,já fez a transição pro video
57:54,3474,estessi_,Estessi_,confuso,1.0,Como tu voltou ai ? Ta trampando ai e onde fica o beco ?
57:54,3474,lkaleatorio,lkaleatorio,neutro,1.0,Separa
57:56,3476,this_is_pedro,This_is_Pedro,confuso,1.0,Se entromete baka? Vai lá VoHiYo
57:57,3477,kenshikyu,KenshiKyu,neutro,1.0,abraça eles
57:58,3478,lucasfkist,lucasfkist,frustrado,0.5,ai eh quinta ou sabado? pqp
57:59,3479,flowxr6,flowxr6,engraçado,1.0,Vai la defender os gringos
58:00,3480,pedro_polegar,pedro_polegar,neutro,1.0,Se mete la
58:01,3481,lkaleatorio,lkaleatorio,neutro,1.0,Paroooou
58:01,3481,rikyopa,RikyOpa,neutro,1.0,caraca essa chuva ai do japao tava aqui no RJ hj de tarde
58:04,3484,bananils0n_farofa,Bananils0n_farofa,neutro,1.0,Entrevista eles
58:05,3485,laswet,LaSwet,engraçado,1.0,um gringo da pesada
58:05,3485,guymito,Guymito,neutro,1.0,tem arrastão ai no japão se n pq n começa um
58:07,3487,jojorafaela,jojorafaela,neutro,1.0,Da um beijinho neles
58:10,3490,light_juggernaut,light_juggernaut,confuso,1.0,Pq o corvo ta te xingando?
58:10,3490,leidsan,LeidSan,neutro,1.0,Só pode ser BR
58:11,3491,joaozinhokct,joaozinhokct,neutro,1.0,Os NPC estão se comunicando
58:13,3493,coolmelado,coolmelado,neutro,1.0,ENTREVISTA ELES BAKA!
58:17,3497,theuss_mt,Theuss_mt,neutro,1.0,corvo gemendo é o japao msm
58:18,3498,jojorafaela,jojorafaela,frustrado,1.0,Aaaá que raiva que eu fico Braga
58:19,3499,gacs174,gacs174,neutro,1.0,pega uma vassoura e fica perto ouvindo
58:20,3500,pedro_9753,pedro_9753,neutro,1.0,se for la vai ganhar xp de interação
58:20,3500,wesleykolomar_br,wesleykolomar_br,neutro,1.0,itachi ainda não foi derrota ai
58:20,3500,ghxstxk_,ghxstxk_,neutro,1.0,kook
58:22,3502,st0rmrid3r,st0rmrid3r,neutro,1.0,cade as japonesa
58:23,3503,kayden_casein_nitrate,Kayden_Casein_Nitrate,confuso,1.0,BAKA QUANDO VC VAI ME DAR BANHO IGUAL O ALAN DA NO FILHO DELE ?
58:24,3504,leitadordebarbudos,LeitadorDeBarbudos,neutro,1.0,Baka te doo 15 reais se voce mostrar o pau para os policiais
58:24,3504,residente_dorminhoko,residente_dorminhoko,neutro,1.0,eh duro
58:25,3505,thrillerzs,thrillerzs,neutro,1.0,Se é cuiudu
58:27,3507,amauriagj,Amauriagj,neutro,1.0,Faaala Bakaaa
58:29,3509,pedro_polegar,pedro_polegar,neutro,1.0,Parece mineiro em praia só atrai chuva
58:29,3509,lkaleatorio,lkaleatorio,neutro,1.0,Itachi tá metendo o loco
58:31,3511,suddakka,suddakka,engraçado,1.0,Os corvos fazem o FAAAAA do meme
58:31,3511,stedorockk,stedorockk,confuso,1.0,baka ja fez o claramento anal que vc marcou semana passada?
58:31,3511,estessi_,Estessi_,neutro,1.0,Todo mundo sabe que ai é o RJ
58:32,3512,amauriagj,Amauriagj,positivo,1.0,Salveee
58:32,3512,ivctor,ivctor,confuso,1.0,esse corvo ai nao cala a boca nao?
58:34,3514,oliv_yashi,oliv_yashi,confuso,1.0,Quando vai rolar o ep filler de praia de novo?
58:37,3517,martinianot,martinianot,neutro,1.0,Tem que ser cuiudo
58:37,3517,geogeo_chan,geogeo_chan,neutro,1.0,Vc pesa o clima
58:38,3518,my_cat_is_meowing,my_cat_is_meowing,neutro,1.0,Ain
58:49,3529,jojorafaela,jojorafaela,neutro,1.0,Va pra praia e da um mergulho
58:50,3530,my_cat_is_meowing,my_cat_is_meowing,neutro,1.0,BAKAAAAAAAAA
58:51,3531,rrroga,rrroga,neutro,1.0,segue esse casal ate chegar na casa deles
58:53,3533,dustyy23,dustyy23,neutro,1.0,é cuzudo isso sim
58:54,3534,kazulixo_6,kazulixo_6,neutro,1.0,Esse casal aí já tá no episódio 12
58:56,3536,deonehzio,DeoNehzio,neutro,1.0,bakagaLovebeco bakagaLovebeco bakagaLovebeco
58:57,3537,duh_dudu_edu,duh_dudu_edu,engraçado,1.0,saudades desse barulho dos corvos kkk
59:03,3543,kduzera,Kduzera,confuso,1.0,esse barulho é corvo?
59:07,3547,arki_core1,arki_core1,neutro,1.0,Kakakaakkaak
59:08,3548,znauakz,znauakz,neutro,1.0,ultrapassou o casal pra não ficar estranho
59:08,3548,amauriagj,Amauriagj,engraçado,1.0,Live no meu niver aí sim LUL LUL
59:09,3549,guiih9fps,guiih9fps,engraçado,1.0,kkkkkkkkkkkk
59:11,3551,muttanofc,MuttanOfc,engraçado,1.0,Kkkkkk
59:11,3551,ivctor,ivctor,neutro,1.0,cade a legenda
59:13,3553,leodeleted,LeoDeleted,confuso,1.0,Voltou a morar ai??
59:13,3553,dnzinn5_,dnzinn5_,engraçado,1.0,Kkkkkkk
59:15,3555,light_juggernaut,light_juggernaut,confuso,1.0,Qual cabeça?
59:16,3556,ryzen_threadripper,ryzen_threadripper,confuso,1.0,O balanço voltou pro Japão chat ??
59:16,3556,shabranigudu,Shabranigudu,neutro,1.0,Itachi por perto
59:17,3557,ruizl17,ruizl17,confuso,1.0,baka é ai nessa area que tem aquele peixe piskaxota?
59:17,3557,jojorafaela,jojorafaela,confuso,1.0,Piu piu?
59:17,3557,thmnp,thmnp,neutro,1.0,o cara é monogamico
59:18,3558,kenshikyu,KenshiKyu,neutro,1.0,faz o código do skate pra sair andando por ai
59:20,3560,saposaposo,saposaposo,confuso,1.0,vai ter punhetaço ?
59:20,3560,ovaizardx,OvaizardX,confuso,1.0,so passeando ?
59:21,3561,uhh_carol,uhh_carol,neutro,1.0,Ta com piolho
59:22,3562,bakalovers,bakalovers,positivo,0.667,Cheer1 Baka como órfão chama foto de família aí no JP? Pq aqui chamamos de selfie
59:23,3563,estessi_,Estessi_,neutro,1.0,Piolho asiático
59:24,3564,muttanofc,MuttanOfc,neutro,1.0,@LeoDeleted Tá só de viagem
59:27,3567,marcelo_dev,marcelo_dev,neutro,1.0,Eca
59:27,3567,guiih9fps,guiih9fps,neutro,1.0,o nojeira
59:27,3567,martinianot,martinianot,neutro,1.0,"Mt corvo, o itachi está próximo"
59:28,3568,hemoglobina05,hemoglobina05,neutro,1.0,vomitei
59:28,3568,renata_com_ovos,RENATA_COM_OVOS,positivo,1.0,salve @BakaGaijinLive
59:29,3569,znauakz,znauakz,engraçado,1.0,kkkkkkkk
59:29,3569,lkaleatorio,lkaleatorio,neutro,1.0,Delicia
59:29,3569,residente_dorminhoko,residente_dorminhoko,neutro,1.0,vomitei
59:29,3569,daniel_campos6,daniel_campos6,neutro,1.0,baka na verdade nao é cuiudo é cuzudo
59:31,3571,arki_core1,arki_core1,neutro,1.0,Começou os gore adoro
59:31,3571,burunoa,burunoa,frustrado,1.0,come o pombo de raiva
59:32,3572,kir44_,kir44_,neutro,1.0,Igual o centro de sp
59:32,3572,this_is_pedro,This_is_Pedro,neutro,1.0,Duque de Caxias e Japão no mesmo clima
59:36,3576,leodeleted,LeoDeleted,neutro,1.0,@MuttanOfc haa
59:38,3578,jojorafaela,jojorafaela,frustrado,1.0,Que raiva hein
59:39,3579,auralesspagliacci,AuralessPagliacci,neutro,1.0,cidade morta
59:43,3583,strikewolf5,strikewolf5,confuso,1.0,Punhetasso no beco????
59:45,3585,manofrentista,manofrentista,neutro,1.0,Muçei
59:45,3585,influenzias,Influenzias,neutro,1.0,cidade vazia da porra
59:46,3586,pedro_9753,pedro_9753,confuso,1.0,sera que o corvo japones tem mais aura que o brasileiro ?
59:48,3588,estessi_,Estessi_,neutro,1.0,Falei que é o RJ tem pombo comendo vômito
59:48,3588,manobrau789456,manobrau789456,neutro,1.0,Baka de volta no nipon
59:50,3590,lkaleatorio,lkaleatorio,neutro,1.0,Fake
59:51,3591,gaertnerh,Gaertnerh,neutro,1.0,por enquanto tem um so
59:51,3591,this_is_pedro,This_is_Pedro,engraçado,1.0,Você é o primeiro
59:52,3592,jhonalen_,jhonalen_,frustrado,0.5,Altos Filho das putas?
59:54,3594,residente_dorminhoko,residente_dorminhoko,engraçado,1.0,abarrotado de turista maldito
59:55,3595,kduzera,Kduzera,neutro,1.0,barrulho de corno... digo corvo
59:56,3596,rikyopa,RikyOpa,neutro,1.0,vc passou faz tempo tava fechado
59:59,3599,lkaleatorio,lkaleatorio,neutro,1.0,Caminhão cabeçudo
59:59,3599,pulchram12,pulchram12,engraçado,1.0,Kkkkkkk
1:00:01,3601,rogzer4,rogzer4,neutro,1.0,Vai de Isekai
1:00:02,3602,jojorafaela,jojorafaela,engraçado,1.0,Kkkkkk
1:00:04,3604,amauriagj,Amauriagj,positivo,0.5,Vlw pela live reestreia no Japão no meu niver Baka LUL
1:00:05,3605,zerolast_,zerolast_,negativo,1.0,que daora existe caminhao de lixo ai
1:00:06,3606,privadanacozinhadofelps,PrivadaNaCozinhaDoFelps,engraçado,1.0,se cair eu vou rir muito
1:00:06,3606,light_juggernaut,light_juggernaut,neutro,1.0,Usa shampoo antiqueda
1:00:11,3611,brucecorp,brucecorp,neutro,1.0,se cair é isekai
1:00:12,3612,sousply,sousply,neutro,1.0,O homem voltou pros becos
1:00:13,3613,thrillerzs,thrillerzs,confuso,1.0,Negócio de pegar bixa?
1:00:14,3614,marcelo_dev,marcelo_dev,engraçado,1.0,Cai pelo entretenimento kkkk
1:00:20,3620,gaertnerh,Gaertnerh,neutro,1.0,fica parado atras dele
1:00:21,3621,joaozinhokct,joaozinhokct,neutro,1.0,Bundinha saliente dele
1:00:21,3621,hemoglobina05,hemoglobina05,neutro,1.0,da uma rasteira
1:00:21,3621,tutusouza10,tutusouza10,neutro,1.0,bicuda ele
1:00:22,3622,kenshikyu,KenshiKyu,neutro,1.0,esse ai é o boss
1:00:22,3622,pedro_9753,pedro_9753,engraçado,1.0,kkkkk
1:00:22,3622,pshychiatzu,PshycHiatzu,neutro,1.0,AURA
1:00:23,3623,this_is_pedro,This_is_Pedro,confuso,1.0,Por que só mostra a visão de baixo pra cima??
1:00:23,3623,lana_tomioka,lana_tomioka,neutro,1.0,Npc
1:00:24,3624,residente_dorminhoko,residente_dorminhoko,neutro,1.0,farmando a aura dele
1:00:24,3624,picolino0418,picolino0418,neutro,1.0,chuta ele baka
1:00:24,3624,jojorafaela,jojorafaela,neutro,1.0,Da uma gemidimha ai
1:00:25,3625,bananils0n_farofa,Bananils0n_farofa,neutro,1.0,Boss
1:00:25,3625,s2dack,S2Dack,confuso,1.0,Vc tá na rua augusta?
1:00:25,3625,leidsan,LeidSan,confuso,1.0,Que parte do corpo é essa?
1:00:25,3625,m1kak2el9r03fodjre93kddja,m1kak2el9r03fodjre93kddja,neutro,1.0,acha que ta num anime esse cara
1:00:26,3626,pedepanomttriste,PeDePanoMtTriste,neutro,1.0,Passa dando um tapao
1:00:27,3627,sabatt4_,sabatt4_,positivo,1.0,amogus
1:00:28,3628,burunoa,burunoa,neutro,1.0,rua = calcada
1:00:29,3629,this_is_pedro,This_is_Pedro,confuso,1.0,Tão mijando aí??
1:00:30,3630,filipi_21,Filipi_21,neutro,1.0,chuta ele
1:00:31,3631,jhonalen_,jhonalen_,neutro,1.0,Tava carregando a animação
1:00:31,3631,dlemonster,DlEmonster,neutro,1.0,vai começar o duelo
1:00:32,3632,darkwolf_lives,DarkWolf_Lives,neutro,1.0,e anomalia
1:00:32,3632,flowxr6,flowxr6,neutro,1.0,Mijo
1:00:33,3633,oliv_yashi,oliv_yashi,confuso,1.0,Baka encontra japonês na rua e olha no que deu
1:00:34,3634,jojorafaela,jojorafaela,neutro,1.0,Green do lado do véio
1:00:35,3635,st0rmrid3r,st0rmrid3r,neutro,1.0,noosa tem vape ai
1:00:36,3636,stedorockk,stedorockk,engraçado,1.0,baka ta de óculos mó otario
1:00:38,3638,kev1nog,kev1nog,neutro,1.0,ele farmando aura
1:00:39,3639,heizenzn,HeizenZn,neutro,1.0,Pensei q era o monstro das carça erguida
1:00:40,3640,hazbrk,hazbrk,neutro,1.0,O cara é só a calça
1:00:41,3641,kev1nog,kev1nog,neutro,1.0,Baka
1:00:41,3641,guymito,Guymito,neutro,1.0,npc n tinha carregado so carregou quando chegou perto
1:00:42,3642,h1rosh1_one,h1rosh1_one,neutro,1.0,"Coisa linda, parece um peixe boi com microcefalia"
1:00:44,3644,vitonhonhi,vitonhonhi,neutro,1.0,Cai vai ser engraçado po
1:00:46,3646,hamlet_gc,hamlet_gc,neutro,1.0,desacostumou a andar por ai ne
1:00:46,3646,rayks1,RaYks1,engraçado,1.0,Uma rasteira ali ele não esperaria nunca
1:00:46,3646,jojorafaela,jojorafaela,neutro,1.0,Geme
1:00:47,3647,arki_core1,arki_core1,neutro,1.0,O Tiaguinho ali
1:00:48,3648,gabriedu22,gabriedu22,neutro,1.0,Bem vindo ao bonde do 4 olhos baka
1:00:48,3648,val101994,val101994,neutro,1.0,Tá ficando cego! Tá de oculos HeyGuys
1:00:50,3650,pedepanomttriste,PeDePanoMtTriste,frustrado,0.667,Vc tava cansado desde o primeiro minuto de live
1:00:51,3651,manofrentista,manofrentista,neutro,1.0,Gordo
1:00:52,3652,residente_dorminhoko,residente_dorminhoko,neutro,1.0,faz 100%
1:00:54,3654,light_juggernaut,light_juggernaut,confuso,1.0,Espero que não
1:00:56,3656,thrillerzs,thrillerzs,neutro,1.0,Nao chega perto é cliché nonstro
1:00:57,3657,rrroga,rrroga,engraçado,1.0,coisa de turista mesmo
1:00:59,3659,kduzera,Kduzera,confuso,1.0,que horas são ai?
1:01:01,3661,milsinho1992,miLsinHo1992,confuso,1.0,Ai ja é sabado?
1:01:04,3664,marcelo_dev,marcelo_dev,confuso,1.0,Todo mundo quer ser mestre pokemon
1:01:05,3665,lkaleatorio,lkaleatorio,neutro,1.0,Conversa sem legenda
1:01:08,3668,dnzinn5_,dnzinn5_,confuso,1.0,Quando e que vai aparecer um kaiju aí baka?
1:01:08,3668,giowink_o,giowink_o,confuso,1.0,tem legenda ai nn ?
1:01:09,3669,kev1nog,kev1nog,confuso,1.0,Baka onde vai ser o campeonato de Farma aura no Japão ?
1:01:09,3669,d4rkw0lf99,d4rkw0lf99,neutro,1.0,"Os ""carvos"" fazendo barulho"
1:01:15,3675,sr_ryann,Sr_Ryann,confuso,1.0,"baka já tivemos o ep da praia, quando vem o ep das águas termais??"
1:01:15,3675,this_is_pedro,This_is_Pedro,confuso,1.0,Oração?
1:01:17,3677,lucasfkist,lucasfkist,neutro,1.0,tem uma poça em 100m cuidado
1:01:18,3678,light_juggernaut,light_juggernaut,neutro,1.0,Hora de dar tchau
1:01:19,3679,gaertnerh,Gaertnerh,neutro,1.0,"@manofrentista para o baka nao é gordo, ele é embrulhadinho"
1:01:19,3679,parcival_x,Parcival_x,neutro,1.0,19:07
1:01:19,3679,burunoa,burunoa,neutro,1.0,15:32
1:01:20,3680,arki_core1,arki_core1,neutro,1.0,5 pra daqui a pouco
1:01:21,3681,uhh_carol,uhh_carol,neutro,1.0,19:07
1:01:22,3682,peterdcn,peterdcn,neutro,1.0,5 minutos pra daqui a pouco
1:01:22,3682,wesleykolomar_br,wesleykolomar_br,confuso,1.0,aq é hora de eu te jantar viajei?
1:01:22,3682,pshychiatzu,PshycHiatzu,neutro,1.0,19:07
1:01:23,3683,master_zk,master_zk,neutro,1.0,77
1:01:24,3684,oliv_yashi,oliv_yashi,neutro,1.0,19:07 da noite baka
1:01:24,3684,kduzera,Kduzera,neutro,1.0,aqui são 19:00
1:01:24,3684,guiih9fps,guiih9fps,neutro,1.0,19:07 aq
1:01:25,3685,m1kak2el9r03fodjre93kddja,m1kak2el9r03fodjre93kddja,neutro,1.0,19:-7
1:01:25,3685,azief0,azief0,neutro,1.0,Perdeu a essência tá andando por uma hora só e já cansou a idade chega pra todos mesmo
1:01:26,3686,isaac_soft,isaac_soft,neutro,1.0,19:07
1:01:28,3688,eduardovnm,eduardovnm,neutro,1.0,Bakagei
1:01:28,3688,lich7s,lich7s,neutro,1.0,6 e onibus
1:01:28,3688,residente_dorminhoko,residente_dorminhoko,neutro,1.0,6 da manha
1:01:28,3688,this_is_pedro,This_is_Pedro,neutro,1.0,19h
1:01:28,3688,pedepanomttriste,PeDePanoMtTriste,neutro,1.0,Meio dia pras quatro
1:01:28,3688,muttanofc,MuttanOfc,neutro,1.0,19:07
1:01:30,3690,isaac_soft,isaac_soft,neutro,1.0,77
1:01:31,3691,coolmelado,coolmelado,neutro,1.0,10 minutos pra 67
1:01:31,3691,gabrieloliveira2100,gabrieloliveira2100,neutro,1.0,19:07
1:01:32,3692,rodolfofdias87,rodolfofdias87,neutro,1.0,bakagaAsianfrog
1:01:34,3694,amauriagj,Amauriagj,neutro,1.0,19:10 do meu niver mano
1:01:36,3696,1irrelevante,1irrelevante,neutro,1.0,67
1:01:37,3697,ocaiuu,ocaiuu,neutro,1.0,09:10
1:01:37,3697,rikyopa,RikyOpa,neutro,1.0,tem uma japa te encarando ali ja garante o visto permanente
1:01:46,3706,pristonfield,Pristonfield,neutro,1.0,vish
1:01:48,3708,isaac_soft,isaac_soft,neutro,1.0,senta
1:01:48,3708,sylv_vtbr,sylv_vtbr,confuso,1.0,vai ficar quanto tempo ai?
1:01:49,3709,gabriellsilvaalves,gabriellsilvaalves,positivo,1.0,bakagaPikagasm
1:01:49,3709,pedepanomttriste,PeDePanoMtTriste,neutro,1.0,Ain
1:01:49,3709,kev1nog,kev1nog,confuso,1.0,onde vai ser o campeonato de Farma aura no Japão ?
1:01:49,3709,arki_core1,arki_core1,neutro,1.0,Senta
1:01:51,3711,thrillerzs,thrillerzs,neutro,1.0,Six seven
1:01:52,3712,guymito,Guymito,positivo,1.0,yakusa chamou o baka de volta pra trabalhar
1:01:53,3713,dan_silvaz,dan_silvaz,neutro,1.0,Ui
1:01:54,3714,light_juggernaut,light_juggernaut,neutro,1.0,Faz review aí do S25 Ultra
1:01:54,3714,burunoa,burunoa,neutro,1.0,gosei
1:01:54,3714,coolmelado,coolmelado,neutro,1.0,09:11
1:01:57,3717,guiih9fps,guiih9fps,neutro,1.0,senta legal
1:01:59,3719,marcelo_dev,marcelo_dev,neutro,1.0,"O cara não pode perder tempo se quiser se tornar um mestre pokemon, tem que acordar cedo para comprar cartinha"
1:02:03,3723,amauriagj,Amauriagj,positivo,0.5,sentou gostoso?
1:02:04,3724,gabriellsilvaalves,gabriellsilvaalves,neutro,1.0,bakagaWetsumo
1:02:05,3725,muttanofc,MuttanOfc,neutro,1.0,"1h de live já, pode fechar!!"
1:02:06,3726,deonehzio,DeoNehzio,neutro,1.0,"ATENCIONEEEE, 5 HORAS PARA O PUNHETAÇO bakagaJapabait bakagaJapabait bakagaJapabait"
1:02:06,3726,kazulixo_6,kazulixo_6,neutro,1.0,A idade chega pra todos
1:02:09,3729,lkaleatorio,lkaleatorio,neutro,1.0,Gonnei
1:02:10,3730,bakalovers,bakalovers,positivo,1.0,"Cheer1 o cara ofegante, morrendo, não vê a hora de terminar a live. Estou tendo um deja vu"
1:02:11,3731,this_is_pedro,This_is_Pedro,neutro,1.0,Oclicnho bonito ein
1:02:13,3733,rapha_lee,rapha_lee,confuso,1.0,nao?!
1:02:14,3734,oliv_yashi,oliv_yashi,confuso,1.0,Cadê a surra de bunda?
1:02:14,3734,isaisalh44,isaisalh44,neutro,1.0,oi baka estou no troninho
1:02:14,3734,rrroga,rrroga,positivo,1.0,gostoso se exibindo
1:02:17,3737,eduardovnm,eduardovnm,neutro,1.0,TA GODINHO O BAKAGEI
1:02:17,3737,znauakz,znauakz,engraçado,1.0,zoeira
1:02:18,3738,brucecorp,brucecorp,neutro,1.0,tudo scalper na loja pokemon
1:02:20,3740,caarlos3600,caarlos3600,neutro,1.0,fei demaize
1:02:21,3741,marryros098,marryros098,neutro,1.0,Fala pra nois porque ta aiii
1:02:22,3742,stedorockk,stedorockk,confuso,1.0,"baka, como que anda o kg do sexo?"
1:02:23,3743,dalton_olivera,dalton_olivera,neutro,1.0,Até que horas
1:02:25,3745,hellsing0123,hellsing0123,confuso,1.0,voltou definitivo para o japao?
1:02:25,3745,daniel_campos6,daniel_campos6,neutro,1.0,hoje de madrugada mijei exatamente onde vc esta sentado
1:02:26,3746,picolino0418,picolino0418,neutro,1.0,isso baka se exibe pra mim
1:02:26,3746,hyutarou,Hyutarou,neutro,1.0,todo justin biber
1:02:27,3747,flowxr6,flowxr6,engraçado,1.0,Eu comeria esse gordo
1:02:28,3748,senhor_sorvete,senhor_sorvete,neutro,1.0,A PAPADA
1:02:28,3748,dlemonster,DlEmonster,neutro,1.0,acabou a stamina
1:02:29,3749,gmblost,gmbLOST,positivo,1.0,oi baka quem é esse gostoso fazendo live
1:02:30,3750,dan_silvaz,dan_silvaz,engraçado,1.0,LUL
1:02:32,3752,jhonalen_,jhonalen_,neutro,1.0,Ficou bonito de oculos
1:02:34,3754,pedro_9753,pedro_9753,confuso,1.0,ja pode gonnar ?
1:02:36,3756,thrillerzs,thrillerzs,neutro,1.0,Joga tudo pra traz
1:02:36,3756,hiena2000,hiena2000,neutro,1.0,baka pega um mimikyu ai
1:02:37,3757,strikewolf5,strikewolf5,confuso,1.0,Punhetasso no beco depois????
1:02:39,3759,lkaleatorio,lkaleatorio,neutro,1.0,Leon depois do rodízio
1:02:40,3760,jeeh3006,Jeeh3006,neutro,1.0,ScaredyCat
1:02:41,3761,rrroga,rrroga,neutro,1.0,que
1:02:41,3761,renanzex10,RenanZex10,confuso,1.0,Fez desarmonização facial?
1:02:42,3762,asuresd,AsureSD,neutro,1.0,ele acha q eu n como
1:02:42,3762,light_juggernaut,light_juggernaut,engraçado,1.0,Kkkkkk
1:02:45,3765,axiszor,axiszor,positivo,1.0,"Braga, eu te amo, saiba disso eu vou punhetar com orgulho hoje!!!!!!"
1:02:46,3766,bnpitbull_,bnpitbull_,engraçado,1.0,kkkkkkkkkkkkkkkkkkkkkkkk
1:02:47,3767,ivctor,ivctor,confuso,1.0,setembro nofap punhetaço é cancelado ou nada a ve?
1:02:48,3768,7arissa,7arissa,confuso,1.0,ele foi para passear ou foi para morar novamente?
1:02:48,3768,uhh_carol,uhh_carol,neutro,1.0,Seu queixo parece uma bundinha q fofo🤍
1:02:49,3769,dan_silvaz,dan_silvaz,neutro,1.0,Mano
1:02:49,3769,kev1nog,kev1nog,neutro,1.0,Oi Baka
1:02:50,3770,sylv_vtbr,sylv_vtbr,confuso,1.0,vai ficar ai no japão até quando?
1:02:50,3770,arki_core1,arki_core1,neutro,1.0,Opa
1:02:52,3772,residente_dorminhoko,residente_dorminhoko,neutro,1.0,caralho acertou meu olho aqui
1:02:53,3773,flacoxbt,flacoxbt,positivo,0.333,"bom dia Baka, voltou pro Japão ? Ou só a turismo"
1:02:54,3774,this_is_pedro,This_is_Pedro,confuso,1.0,Live até de madrugada hoje?? 8 horas de Live pra matar saudade
1:02:54,3774,masnime_yt,masnime_yt,neutro,1.0,"1 hora de live, já matou a saudade, pode fechar."
1:02:55,3775,lucas27costa,Lucas27Costa,neutro,1.0,chuta um japa e sai correndo
1:02:55,3775,wesleykolomar_br,wesleykolomar_br,neutro,1.0,quantos grau esse oculos dá  numa pista vazia
1:02:55,3775,tobleroneopicional,tobleroneopicional,confuso,1.0,BAKA VAI FICAR QUANTAS SEMANAS AÍ?
1:02:56,3776,marryros098,marryros098,neutro,1.0,Oiii
1:02:56,3776,gmblost,gmbLOST,neutro,1.0,NasaSparkle
1:02:56,3776,arki_core1,arki_core1,neutro,1.0,ResidentSleeper ResidentSleeper
1:02:57,3777,sr_ryann,Sr_Ryann,positivo,1.0,bakagaPikagasm
1:02:57,3777,coolmelado,coolmelado,neutro,1.0,Like the good old times
1:02:59,3779,milsinho1992,miLsinHo1992,confuso,1.0,ai ja e sabado?
1:03:00,3780,ribossomo_,Ribossomo_,engraçado,0.5,ta no japão a turismo? ou voltar pra ficar?
1:03:02,3782,manobrau789456,manobrau789456,neutro,1.0,Baka de volta nos gachas
1:03:05,3785,otirik19,OTIRIK19,negativo,1.0,nunca fomos tão flopados
1:03:07,3787,pedro_polegar,pedro_polegar,confuso,1.0,Como ta o mercado pra moradores de rua ai?
1:03:08,3788,el_v1nny,el_v1nny,confuso,1.0,Baka tá participando do NoFap esse ano?
1:03:08,3788,asuresd,AsureSD,neutro,1.0,beijo no seu queixo
1:03:10,3790,tanjibolasfds,tanjibolasfds,engraçado,1.0,Agr q voltou pro Japão o caramujo saiu da aposentadoria e tá te procurando
1:03:12,3792,flowxr6,flowxr6,neutro,1.0,Compra uma calcinha nova
1:03:13,3793,tutusouza10,tutusouza10,neutro,1.0,"para de falar ae , ta me atrapalhando aqui"
1:03:13,3793,coolmelado,coolmelado,neutro,1.0,Dando a bunda
1:03:16,3796,pulchram12,pulchram12,neutro,1.0,W
1:03:17,3797,this_is_pedro,This_is_Pedro,confuso,1.0,Feel old now?
1:03:17,3797,amauriagj,Amauriagj,positivo,0.5,brigado pela live no meu niver Baka com essa imagem gostosa
1:03:20,3800,luxnis_,luxnis_,confuso,1.0,Baka quais são os planos dessa viagem ai no japão?
1:03:20,3800,clipesmilgrau,clipesmilgrau,confuso,1.0,essa volta é definitiva?
1:03:24,3804,entreoutrosai,EntreOutrosAi,neutro,1.0,Opa eu
1:03:25,3805,sr_ryann,Sr_Ryann,engraçado,1.0,KKKKKKKKKKKKKKK
1:03:26,3806,paulo_930,paulo_930,neutro,1.0,Live em taubaté por favor
1:03:26,3806,zangado2505,zangado2505,neutro,1.0,posta o ultimo vod
1:03:27,3807,arki_core1,arki_core1,neutro,1.0,Akakakakakaka
1:03:27,3807,flowxr6,flowxr6,engraçado,1.0,KKKKKKK
1:03:30,3810,jhonalen_,jhonalen_,neutro,1.0,Ta porra
1:03:31,3811,isaisalh44,isaisalh44,neutro,1.0,aonde
1:03:31,3811,pulchram12,pulchram12,engraçado,1.0,Eita kkkkkkk
1:03:31,3811,strikewolf5,strikewolf5,confuso,1.0,Compilado da live no youtube?
1:03:31,3811,m1kak2el9r03fodjre93kddja,m1kak2el9r03fodjre93kddja,neutro,1.0,k
1:03:32,3812,joaoreisojisan,JoaoReisOjisan,engraçado,1.0,"tem uma izakaya maneira mais pra frente, depois da inokashira-dori"
1:03:32,3812,this_is_pedro,This_is_Pedro,engraçado,1.0,KKKKKKKKKKKKKKKKKKK
1:03:33,3813,henrioliveira100,henrioliveira100,engraçado,0.667,Oxi kkkkk
1:03:33,3813,lucas_camargus,Lucas_Camargus,neutro,1.0,bons tempos quando Baka não mostrava a cara
1:03:33,3813,spider_sybionte,spider_sybionte,neutro,1.0,Opaaa
1:03:35,3815,arki_core1,arki_core1,neutro,1.0,Robô cachorro
1:03:36,3816,guiih9fps,guiih9fps,engraçado,1.0,rinha de cachorro da ban cuidado
1:03:37,3817,lkaleatorio,lkaleatorio,neutro,1.0,Skincare
1:03:37,3817,clyttex,clyttex,neutro,1.0,!clip
1:03:37,3817,tobleroneopicional,tobleroneopicional,neutro,1.0,KAKAKAKAAKAKAAKAAKAKAKAKAKAK
1:03:38,3818,light_juggernaut,light_juggernaut,neutro,1.0,Tá de meia
1:03:38,3818,gabriedu22,gabriedu22,neutro,1.0,Um furfrou
1:03:39,3819,jaooveed,jaooveed,engraçado,1.0,Briga KKKKKKKKKKKKK
1:03:40,3820,synystersammm,synystersammm,positivo,1.0,Cheer1 late p ele
1:03:41,3821,moisesthunder,moisesthunder,positivo,1.0,Jalapão é top
1:03:41,3821,burunoa,burunoa,neutro,1.0,da pra ir montado no dog
1:03:43,3823,chad_alpaca,chad_alpaca,neutro,1.0,é um skinwalker
1:03:43,3823,coolmelado,coolmelado,neutro,1.0,Pura resenha
1:03:47,3827,flacoxbt,flacoxbt,engraçado,1.0,LUL
1:03:47,3827,el_v1nny,el_v1nny,neutro,1.0,Cachorro cavalo
1:03:48,3828,pedro_polegar,pedro_polegar,neutro,1.0,Ponei disfarçado de poodle
1:03:50,3830,amauriagj,Amauriagj,neutro,1.0,acasalamento
1:03:54,3834,dlemonster,DlEmonster,neutro,1.0,isso ai é robo
1:03:55,3835,hemoglobina05,hemoglobina05,neutro,1.0,quando baka era só uma camera q fala
1:03:55,3835,thrillerzs,thrillerzs,neutro,1.0,Ala ele
1:03:56,3836,renanzex10,RenanZex10,neutro,1.0,Caraio é um anão disfarcado
1:03:58,3838,this_is_pedro,This_is_Pedro,neutro,1.0,Pega carona
1:04:02,3842,jorgeonintendista,jorgeonintendista,engraçado,0.5,Turismo?
1:04:03,3843,licht_zayy,licht_zayy,confuso,1.0,Além de obeso agr é cego? Kk
1:04:03,3843,kenshiro88888,kenshiro88888,engraçado,1.0,Tá de meia KKKKKKKKKKKK
1:04:05,3845,k4rrel,k4rrel,neutro,1.0,bichinho fofo do caralho
1:04:05,3845,alektrospirozy,Alektrospirozy,neutro,1.0,"baka, faça lives"
1:04:05,3845,joaoreisojisan,JoaoReisOjisan,neutro,1.0,poodle fermentado
1:04:07,3847,yukifantasy,YukiFantasy,confuso,1.0,Ta em viagem?
1:04:07,3847,zytman_,Zytman_,neutro,1.0,<3 <3 <3
1:04:08,3848,igh0r5,Igh0r5,neutro,1.0,cavalo de meio metro
1:04:09,3849,clipesmilgrau,clipesmilgrau,confuso,1.0,Quando volta pro bostil?
1:04:11,3851,ribossomo_,Ribossomo_,engraçado,0.5,voltou pra ficar baka? ou é turismo?
1:04:11,3851,flowxr6,flowxr6,neutro,1.0,que pokemon é esse
1:04:13,3853,bakalovers,bakalovers,positivo,0.5,Cheer1 Baka cadê o 2° livro?
1:04:15,3855,christophergod,Christophergod,confuso,1.0,skinwalker?
1:04:15,3855,amauriagj,Amauriagj,engraçado,1.0,catiorro drift
1:04:19,3859,this_is_pedro,This_is_Pedro,neutro,1.0,A questão balançante
1:04:20,3860,gabrieloliveira2100,gabrieloliveira2100,confuso,1.0,E os puteiro?
1:04:20,3860,tobleroneopicional,tobleroneopicional,engraçado,1.0,BAKA COLOCA OUTRA CALCINHA NO TERRAÇO VOLTE AS ORIGENS
1:04:22,3862,kev1nog,kev1nog,confuso,1.0,que horas começa o campeonato de Farma aura Baka ?
1:04:23,3863,pulchram12,pulchram12,neutro,1.0,allpac2Danc1
1:04:27,3867,pedro_polegar,pedro_polegar,neutro,1.0,As extrasistoles tão como
1:04:27,3867,maxxy_bb,maxxy_bb,confuso,1.0,oloco vorto?
1:04:27,3867,paulo_930,paulo_930,confuso,1.0,Os becos quando rapaz?
1:04:28,3868,skatista_lvcido,skatista_lvcido,confuso,1.0,o lado de trás?
1:04:28,3868,vitonhonhi,vitonhonhi,neutro,1.0,Skinwalker
1:04:28,3868,vinitannaka,ViniTannaka,confuso,1.0,o baka vai voltar a morar no japao?
1:04:29,3869,ben_g4dura,ben_g4dura,neutro,1.0,só cachorrada
1:04:29,3869,hyutarou,Hyutarou,neutro,1.0,mostra ai teu lado entao
1:04:32,3872,coolmelado,coolmelado,neutro,1.0,Mostra seu lado
1:04:34,3874,wesleyp2p,wesleyp2p,confuso,1.0,Você tá ganhando dinheiro fazendo oque no Brasil?
1:04:41,3881,oliv_yashi,oliv_yashi,confuso,1.0,"E o pachinko Baka, largou essa mania?"
1:04:43,3883,amauriagj,Amauriagj,confuso,1.0,cantando em francês?
1:04:47,3887,pedepanomttriste,PeDePanoMtTriste,neutro,1.0,Eu quero ver seus lados 🫦
1:04:49,3889,zangado2505,zangado2505,positivo,1.0,Cheer1 posta o último vod braga
1:04:50,3890,d4rkw0lf99,d4rkw0lf99,neutro,1.0,Tô aqui na china (25 de março)
1:04:50,3890,light_juggernaut,light_juggernaut,confuso,1.0,"E vc largou o youtube, zé preguiça?"
1:04:51,3891,marryros098,marryros098,engraçado,0.75,Ainda não entendi se é turismo ou é a trabalho kkkk
1:04:52,3892,residente_dorminhoko,residente_dorminhoko,inspirado,1.0,@wesleyp2p ele continua trampando remoto pro japao
1:04:52,3892,davisouza78,davisouza78,confuso,1.0,JÁ LARGOU O CIGARRO???
1:04:53,3893,thrillerzs,thrillerzs,neutro,1.0,Lado esquerdo ou direito
1:04:54,3894,bispohash,bispohash,confuso,1.0,voltou para o japão ?
1:04:55,3895,znauakz,znauakz,neutro,1.0,que horas começa a colab com o nômade
1:04:56,3896,chdss_,chdss_,neutro,1.0,Cadê sua esposa japonesa
1:04:56,3896,joaoreisojisan,JoaoReisOjisan,neutro,1.0,o Baka ganha dinheiro como modelo de bunda no Brasil
1:04:57,3897,bakalovers,bakalovers,positivo,0.667,Cheer1 a boa é vc ficar uns 6 meses tampando aí no Japão que pelo menos vc termina o 2° livro logo
1:04:58,3898,strikewolf5,strikewolf5,confuso,1.0,Trabalha com o que ??
1:05:02,3902,guymito,Guymito,engraçado,1.0,baka primeiro farmador de aura do japão
1:05:02,3902,this_is_pedro,This_is_Pedro,confuso,1.0,Vai ficar até quando?? <3
1:05:03,3903,unno2009,unno2009,confuso,1.0,q farmar aura cadê o punhetaco?
1:05:05,3905,igh0r5,Igh0r5,neutro,1.0,campeonato niponico de farm de aura
1:05:06,3906,ruizl17,ruizl17,engraçado,0.5,baka o tigrinho esta vivo no japao?
1:05:07,3907,ivctor,ivctor,neutro,1.0,baka cai aí  no meio da rua pra gerar entretenimento pra galera
1:05:10,3910,flowxr6,flowxr6,neutro,1.0,Vai num panchiko pfv
1:05:14,3914,this_is_pedro,This_is_Pedro,engraçado,1.0,Horário bugado do Pachinco
1:05:14,3914,coolmelado,coolmelado,neutro,1.0,Ta pagando muitoooooo
1:05:15,3915,hemoglobina05,hemoglobina05,confuso,1.0,tão querendo te vender a cura pra algo q n é doença
1:05:17,3917,luish3n,LuisH3n,engraçado,1.0,pachikrinho
1:05:21,3921,amauriagj,Amauriagj,neutro,1.0,dizem que tem de anão
1:05:21,3921,iceraptron,iceraptron,confuso,0.667,braga como você se sente sabendo que faz live a quase 20 anos?
1:05:22,3922,naoeogalahad,naoeogalahad,neutro,1.0,"Tem mas chama ""Taygueru"""
1:05:22,3922,thrillerzs,thrillerzs,neutro,1.0,Farmar punhetaço
1:05:24,3924,ph_dsg,PH_dsg,engraçado,1.0,tem o tigrinhodusu
1:05:24,3924,guymito,Guymito,neutro,1.0,baka começa a jogar majong valendo dinheiro
1:05:24,3924,0urubuperneta2,0urubuperneta2,confuso,1.0,é dificil um br conseguir um emprego ai no japao?
1:05:26,3926,ribossomo_,Ribossomo_,engraçado,1.0,tigrinho lives matter
1:05:27,3927,el_v1nny,el_v1nny,neutro,1.0,Última vez que o Baka tava no Japão ainda nem tinha essa coisa de Aura e 67... tô me sentindo velho
1:05:31,3931,licht_zayy,licht_zayy,neutro,1.0,"Deve ter, as máquinas de pegar pelúcia."
1:05:32,3932,gabrieloliveira2100,gabrieloliveira2100,neutro,1.0,O tivui
1:05:37,3937,quitolost,QuitoLost,inspirado,1.0,voltou pro japão agora faz live
1:05:42,3942,wesleyp2p,wesleyp2p,positivo,1.0,"@residente_dorminhoko Sabia não, top"
1:05:42,3942,arki_core1,arki_core1,neutro,1.0,Akakakk
1:05:44,3944,quitolost,QuitoLost,positivo,0.5,obrigado
1:05:47,3947,vinitannaka,ViniTannaka,confuso,1.0,@BakaGaijinLive vc vai voltar a morar no jp?
1:05:48,3948,flowxr6,flowxr6,neutro,1.0,baka entra na yakuza
1:05:48,3948,paulo_930,paulo_930,inspirado,1.0,Faz live com o Flow Games
1:05:49,3949,erickhsn,erickhsn,neutro,1.0,água
1:05:52,3952,sr_ryann,Sr_Ryann,neutro,1.0,mal voltou ao brasil e foi internado por tomar 32 facadas
1:05:55,3955,coolmelado,coolmelado,engraçado,1.0,"PRA GANHAR DINHEIRO NO TIGRINHO, TEM QUE ESTUDAR A PLATAFORMA"
1:05:59,3959,gabrieloliveira2100,gabrieloliveira2100,confuso,1.0,Da pra tomar no cu ai?
1:06:01,3961,isaisalh44,isaisalh44,confuso,1.0,é as ruas de Osasco baka? desculpa a pergunta
1:06:01,3961,influenzias,Influenzias,frustrado,0.5,baka não tankou as terras tupiniquins?
1:06:01,3961,arki_core1,arki_core1,positivo,1.0,Leite de pika cadê
1:06:06,3966,lkaleatorio,lkaleatorio,neutro,1.0,Pepsi homo
1:06:08,3968,axiszor,axiszor,positivo,0.333,"Oi @erickhsn, espero que seu braço robótico esteja pronto porque eu gostaria de usa-lo hoje no punhetaço da 00:00, obrigado <3"
1:06:08,3968,dlemonster,DlEmonster,engraçado,1.0,tegurinyo geimu
1:06:13,3973,quitolost,QuitoLost,neutro,1.0,sucuzin
1:06:14,3974,hemoglobina05,hemoglobina05,neutro,1.0,100% futa
1:06:14,3974,imfilty,ImFilty,neutro,1.0,não mano é tudo IA @QuitoLost
1:06:16,3976,unno2009,unno2009,neutro,1.0,cafezinho
1:06:18,3978,mistoquxnte,mistoquxnte,engraçado,1.0,"se eu tivesse uma moeda pra cada vez que o baka fala ""zuera"""
1:06:18,3978,pedro_polegar,pedro_polegar,neutro,1.0,Uma cachaça a essa hora cai bem
1:06:21,3981,jaooveed,jaooveed,neutro,1.0,"Baka, recomenda jogos de psp para jogar"
1:06:23,3983,light_juggernaut,light_juggernaut,neutro,1.0,Já tá molhada já
1:06:23,3983,nexus_jp,nexus_jp,neutro,1.0,de volta aos beco
1:06:25,3985,kevin19376,kevin19376,neutro,1.0,Vai ficar até quando no Japão
1:06:26,3986,leitadordebarbudos,LeitadorDeBarbudos,neutro,1.0,poça ali
1:06:28,3988,this_is_pedro,This_is_Pedro,confuso,1.0,Japão tudo escorrega?
1:06:28,3988,deonehzio,DeoNehzio,confuso,1.0,"Cadê aquele energetico que tu gostava, o de manga, tal de Gzone"
1:06:30,3990,sr_ryann,Sr_Ryann,engraçado,1.0,@coolmelado universitário de little tiger kkkkkkkkk
1:06:31,3991,unno2009,unno2009,confuso,1.0,tem energético safadao aí?
1:06:34,3994,rrroga,rrroga,neutro,1.0,vai deslizando ate o fim da rua
1:06:36,3996,renanzex10,RenanZex10,confuso,1.0,Cadê os npcs?
1:06:36,3996,pedro_9753,pedro_9753,neutro,1.0,baka ja encontrou algum yakuza ai ou nada a ver
1:06:37,3997,this_is_pedro,This_is_Pedro,neutro,1.0,Bala
1:06:39,3999,lkaleatorio,lkaleatorio,neutro,1.0,Japão tudo molhadin
1:06:41,4001,arki_core1,arki_core1,neutro,1.0,Bala
1:06:44,4004,pedrowivo,pedrowivo,neutro,1.0,Quanto Pedro nessa live
1:06:45,4005,guymito,Guymito,engraçado,1.0,liga a traduçao nao entendo nada que ta escrito nas maquina
1:06:48,4008,hammerheart,Hammerheart,neutro,1.0,"no japao ainda usam guarda-chuva, oloko"
1:06:50,4010,unno2009,unno2009,neutro,1.0,ai ai
1:06:50,4010,alandavl,alandavl,neutro,1.0,o bala
1:06:52,4012,hemoglobina05,hemoglobina05,neutro,1.0,se eu tivesse uma moeda pra toda vez q o baka se masturba
1:06:53,4013,wesleykolomar_br,wesleykolomar_br,neutro,1.0,NPC tá em low pra ter path tracing
1:06:55,4015,this_is_pedro,This_is_Pedro,engraçado,1.0,Até agora não ouvi a piada do Cabo C NotLikeThis
1:06:55,4015,eddie_campelo,eddie_campelo,positivo,1.0,Salve bala
1:07:01,4021,quitolost,QuitoLost,confuso,1.0,chá de bala?
1:07:01,4021,vinitannaka,ViniTannaka,confuso,1.0,bala voltou a morar no jp? se nao me responder vai broxar
1:07:02,4022,pedro_polegar,pedro_polegar,engraçado,0.5,Todo mundo batemdo punheta com uma mao ce queria oq
1:07:02,4022,pedrowivo,pedrowivo,engraçado,1.0,zuera
1:07:02,4022,pedepanomttriste,PeDePanoMtTriste,positivo,1.0,O bala é bom
1:07:06,4026,lkaleatorio,lkaleatorio,engraçado,1.0,Pega um aleatório
1:07:06,4026,coolmelado,coolmelado,negativo,0.5,Cabo C ta ruim?
1:07:06,4026,burunoa,burunoa,neutro,1.0,😋
1:07:06,4026,st0rmrid3r,st0rmrid3r,neutro,1.0,nao tem suco de wasabi
1:07:07,4027,amauriagj,Amauriagj,positivo,0.5,soDA é bom?
1:07:08,4028,rapha_lee,rapha_lee,neutro,1.0,tem todas as letras agora
1:07:10,4030,vitonhonhi,vitonhonhi,neutro,1.0,Lembra quando a veia caiu
1:07:12,4032,thrillerzs,thrillerzs,positivo,1.0,Oh Bala é foda
1:07:13,4033,deonehzio,DeoNehzio,confuso,1.0,"Suquinho de mexereca, aquele mesmo que tu abandoinou no beco a 3 anos atrás em"
1:07:13,4033,pedepanomttriste,PeDePanoMtTriste,neutro,1.0,Que delicia hein
1:07:13,4033,axiszor,axiszor,engraçado,0.5,"Baka, poderia dizer o preço do sexo hoje? Cabo C, e entre outras coisas!!!"
1:07:15,4035,pedrowivo,pedrowivo,neutro,1.0,Eu tinha essa mania tbm
1:07:15,4035,light_juggernaut,light_juggernaut,confuso,1.0,Suco de bunda é o sabor coco?
1:07:15,4035,unno2009,unno2009,neutro,1.0,sucuzinho
1:07:18,4038,markinses,markinses,confuso,1.0,"depende, é suco de bunda masculina ou feminina?"
1:07:20,4040,rrroga,rrroga,confuso,1.0,nao tem corote ai nas maquinas? absurdo
1:07:21,4041,el_v1nny,el_v1nny,neutro,1.0,Chá de tomate 6h da manhã pra começar o dia com o pé esquerd
1:07:21,4041,quitolost,QuitoLost,neutro,1.0,sucuzin
1:07:25,4045,st0rmrid3r,st0rmrid3r,neutro,1.0,shia
1:07:28,4048,urso_grelhas_,urso_grelhas_,neutro,1.0,Suco de chuca
1:07:30,4050,guymito,Guymito,confuso,1.0,mas o suco e de bunda suada ou bunda seca?
1:07:30,4050,charles_cs07,Charles_cs07,positivo,1.0,"Baka seu lindo, por favor, deixa essa live salva, estou no serviço, não posso asssitir agora"
1:07:31,4051,moisesthunder,moisesthunder,neutro,1.0,Casca de bala
1:07:31,4051,igh0r5,Igh0r5,confuso,1.0,coconut reference?
1:07:35,4055,dlemonster,DlEmonster,neutro,1.0,mi ru cu ti
1:07:35,4055,kaiquezzr_,kaiquezzr_,neutro,1.0,cuidado com os ghoul
1:07:35,4055,pedepanomttriste,PeDePanoMtTriste,neutro,1.0,Fica a vontade vida
1:07:36,4056,arki_core1,arki_core1,neutro,1.0,E o chá de cadeira
1:07:38,4058,paulo_930,paulo_930,neutro,1.0,Imoral
1:07:41,4061,pedro_polegar,pedro_polegar,confuso,1.0,Povo quer chupar a bala
1:07:43,4063,pedrowivo,pedrowivo,neutro,1.0,Até eu perceber que perde aura falar zueira
1:07:45,4065,sr_ryann,Sr_Ryann,neutro,1.0,massagem e coconut
1:07:46,4066,rayks1,RaYks1,neutro,1.0,Se movimenta igual um idoso
1:07:46,4066,flowxr6,flowxr6,engraçado,1.0,Eu vou caçar mais de um milhão de raparigas por ai
1:07:50,4070,vinitannaka,ViniTannaka,confuso,1.0,volto a morar no jp?
1:07:51,4071,this_is_pedro,This_is_Pedro,confuso,0.667,"O Bala, vai ir pra outro lugar ou vai turistar só pro aí?? PopNemo"
1:07:53,4073,deonehzio,DeoNehzio,positivo,1.0,Pega o leite de Minhapika
1:07:55,4075,mvgamer5353c,mvgamer5353c,positivo,1.0,salve bakudo
1:07:55,4075,ryan_goslingdrive7,ryan_goslingdrive7,engraçado,1.0,Baka te desafio a falar meu pinto grande e gordo bem alto com o dedo no bumbum e dps parar a primeira pessoa que tiver na sua frente e dizer que a inflação do Brasil é culpa da imigração dos japoneses no Brasil
1:07:56,4076,lkaleatorio,lkaleatorio,neutro,1.0,Aqui os caras iam estoura o vidro
1:07:58,4078,jaooveed,jaooveed,engraçado,0.5,O cara cansado só de fechar o guarda chuva KKKKKKK
1:07:59,4079,crashorro,Crashorro,engraçado,1.0,e o roteiro vai se criando
1:08:04,4084,aldeia_red1978,Aldeia_Red1978,confuso,1.0,Quem?
1:08:07,4087,pedro_polegar,pedro_polegar,engraçado,1.0,Tô orissado
1:08:08,4088,this_is_pedro,This_is_Pedro,neutro,1.0,Opa
1:08:09,4089,nexus_jp,nexus_jp,neutro,1.0,CHAD
1:08:11,4091,coolmelado,coolmelado,confuso,1.0,Virou carteiro no japão???
1:08:11,4091,manofrentista,manofrentista,neutro,1.0,Ixi
1:08:16,4096,pedrowivo,pedrowivo,confuso,1.0,Tem aquele energético do The Office aí?
1:08:16,4096,skatista_lvcido,skatista_lvcido,neutro,1.0,live coçando cu
1:08:18,4098,repitiliamo,repitiliamo,neutro,1.0,visao deles
1:08:19,4099,angelz_s,angelz_s,confuso,1.0,vai cagar no meio da rua memo?
1:08:19,4099,mistoquxnte,mistoquxnte,positivo,1.0,angulo bom
1:08:21,4101,lkaleatorio,lkaleatorio,neutro,1.0,Gravando de cócoras
1:08:22,4102,tio_deca,Tio_Deca,frustrado,1.0,Ta feião com esse oculos pqp
1:08:22,4102,adoneszg,Adoneszg,neutro,1.0,"essa posição ta estranha, muda ai"
1:08:22,4102,gabriellsilvaalves,gabriellsilvaalves,neutro,1.0,Tá cagando
1:08:23,4103,kev1nog,kev1nog,positivo,1.0,que lindo bala
1:08:24,4104,duh_dudu_edu,duh_dudu_edu,engraçado,1.0,kkk
1:08:27,4107,wesleykolomar_br,wesleykolomar_br,confuso,1.0,2 sol?
1:08:27,4107,hyutarou,Hyutarou,engraçado,1.0,kkkkkkkkk
1:08:27,4107,thejklove1,thejklove1,neutro,1.0,manndylAb manndylAb manndylAb manndylAb manndylAb
1:08:28,4108,marcelo_dev,marcelo_dev,engraçado,1.0,kkkkkkk
1:08:29,4109,tobe_94,tobe_94,confuso,1.0,ele realmente vai enfiar o dedo no c# ao vivo?
1:08:29,4109,this_is_pedro,This_is_Pedro,neutro,1.0,O cara faz o alto julgamento e ainda responde ele mesmo
1:08:29,4109,putiferoo,putiferoo,neutro,1.0,A visão das trans
1:08:30,4110,flaviz44,flaviz44,neutro,1.0,coisa linda]
1:08:30,4110,hemoglobina05,hemoglobina05,confuso,1.0,embuchou ?
1:08:32,4112,castyelzin,Castyelzin,neutro,1.0,eu transo de boné
1:08:32,4112,hiena2000,hiena2000,positivo,1.0,famoso oculos meta
1:08:32,4112,flowxr6,flowxr6,neutro,1.0,QUE LINDEZA
1:08:33,4113,leitadordebarbudos,LeitadorDeBarbudos,neutro,1.0,Lindão charmoso
1:08:33,4113,sofrie_,sofrie_,engraçado,1.0,DoritosChip
1:08:34,4114,amauriagj,Amauriagj,neutro,1.0,falta a boininha
1:08:35,4115,giowink_o,giowink_o,positivo,0.5,queixo triplo e foda
1:08:35,4115,gmblost,gmbLOST,confuso,1.0,ta cagando moedas?
1:08:36,4116,moisesthunder,moisesthunder,neutro,1.0,La ele
1:08:36,4116,marie_bsts,Marie_Bsts,neutro,1.0,Cagando Games
1:08:36,4116,tobe_94,tobe_94,neutro,1.0,"ah tá, está só contando as moedas"
1:08:36,4116,alandavl,alandavl,neutro,1.0,pov de vaso
1:08:37,4117,quitolost,QuitoLost,neutro,1.0,2 queicho
1:08:37,4117,pedro_polegar,pedro_polegar,engraçado,0.667,Pq véio faz isso ne? Kkkkkk
1:08:38,4118,bakalovers,bakalovers,positivo,0.5,Cheer1 como o cara vai acha o buraco sem óculos?
1:08:39,4119,ribossomo_,Ribossomo_,positivo,1.0,QUE PAPADA GOSTOSA
1:08:39,4119,burunoa,burunoa,neutro,1.0,120 conto em moeda celoco
1:08:39,4119,nogata1,nogata1,confuso,1.0,é o clark kent?
1:08:40,4120,amauriagj,Amauriagj,neutro,1.0,e a caneta bic na orelha
1:08:42,4122,flowxr6,flowxr6,negativo,1.0,MUITO FEIOOOOOO
1:08:42,4122,ben_g4dura,ben_g4dura,confuso,1.0,a máquina não dá troco?
1:08:42,4122,pedrowivo,pedrowivo,engraçado,1.0,Esbanjando sabedoria
1:08:42,4122,potatuseffectus,potatuseffectus,neutro,1.0,papada charmosa
1:08:45,4125,thrillerzs,thrillerzs,engraçado,1.0,Kkkkkkk cara senta na mina
1:08:46,4126,gabriellsilvaalves,gabriellsilvaalves,neutro,1.0,Tá parecendo um veio!!!
1:08:46,4126,hemoglobina05,hemoglobina05,neutro,1.0,270
1:08:47,4127,niuz_pv,Niuz_pv,engraçado,1.0,ta coringado ja
1:08:47,4127,mistoquxnte,mistoquxnte,neutro,1.0,pov do tapete do banheiro
1:08:48,4128,tio_deca,Tio_Deca,neutro,1.0,Ta parecendo uma tia com esse oculos
1:08:48,4128,fernanddog,fernanddog,neutro,1.0,FreakinStinkin FreakinStinkin SuperVinlin
1:08:49,4129,coolmelado,coolmelado,neutro,1.0,Parece uma lesbica kakkakakakakka
1:08:50,4130,leo_fds20,leo_fds20,confuso,1.0,Como é? Senta em quantos Baka?
1:08:52,4132,alektrospirozy,Alektrospirozy,neutro,1.0,nosso bakinha ta ficando veinho
1:08:52,4132,wesleykolomar_br,wesleykolomar_br,neutro,1.0,tá parecendo uma idosa do banco
1:08:53,4133,vincentvan_glock,VincentVan_Glock,neutro,1.0,PAPADA CHAD
1:08:53,4133,martybound,martybound,neutro,1.0,papudão
1:08:53,4133,rapha_lee,rapha_lee,neutro,1.0,eita
1:08:55,4135,licht_zayy,licht_zayy,engraçado,0.667,Senta em 50? Kkkkkk
1:08:55,4135,ryan_goslingdrive7,ryan_goslingdrive7,neutro,1.0,Tá parecendo um ator de filme porno
1:08:55,4135,maxxy_bb,maxxy_bb,neutro,1.0,uau
1:08:56,4136,this_is_pedro,This_is_Pedro,neutro,1.0,Esqueceu como fala em Yene
1:08:57,4137,flowxr6,flowxr6,neutro,1.0,oh o pau dele
1:08:58,4138,paulo_930,paulo_930,neutro,1.0,Você parece o Alanzoka de longe
1:08:58,4138,pedro_polegar,pedro_polegar,neutro,1.0,Vazou o pau
1:08:58,4138,amauriagj,Amauriagj,neutro,1.0,que pernão Baka
1:08:59,4139,thrillerzs,thrillerzs,engraçado,1.0,Kkkkkkkkkk
1:08:59,4139,hemoglobina05,hemoglobina05,engraçado,1.0,o drip
1:08:59,4139,sw1ftt_,Sw1ftt_,neutro,1.0,que pov valioso
1:08:59,4139,joaozinhokct,joaozinhokct,neutro,1.0,Visão delas
1:08:59,4139,tio_deca,Tio_Deca,neutro,1.0,A Visão delas
1:08:59,4139,tobe_94,tobe_94,neutro,1.0,olha o penises
1:09:00,4140,pedrowivo,pedrowivo,neutro,1.0,Não tem jeito de errar com essa pose de ansião
1:09:00,4140,daikii_zzz,daikii_zzz,engraçado,1.0,Kkkkkkkk
1:09:01,4141,fernanddog,fernanddog,engraçado,1.0,tiozão  kkkk
1:09:01,4141,rnatu,rNatu,confuso,1.0,Esse óculos é personagem?
1:09:01,4141,sugurodog,sugurodog,neutro,1.0,Iiiiii sento e vinte iiiiiiiiii
1:09:02,4142,flaviz44,flaviz44,neutro,1.0,sabe nem conta
1:09:03,4143,vincentvan_glock,VincentVan_Glock,neutro,1.0,JAWLINE SINISTRA BAKA
1:09:04,4144,rick_le_vrai,rick_le_vrai,confuso,1.0,tu senta em 50?
1:09:05,4145,gmblost,gmbLOST,neutro,1.0,Visão dela peepoShy
1:09:05,4145,caiopinto120887,caiopinto120887,neutro,1.0,Japão é evoluído mesmo tem 2 sóis
1:09:05,4145,maxxy_bb,maxxy_bb,engraçado,1.0,parece msm kkkkkk
1:09:05,4145,quitolost,QuitoLost,neutro,1.0,cuidado com o felca
1:09:05,4145,maxdeltakun,maxdeltakun,confuso,1.0,E esse cajado ai?
1:09:06,4146,bananils0n_farofa,Bananils0n_farofa,engraçado,1.0,KKKKKKKKK
1:09:06,4146,alektrospirozy,Alektrospirozy,neutro,1.0,chapou agr
1:09:07,4147,guymito,Guymito,neutro,1.0,150 dinheiros japoneses
1:09:07,4147,this_is_pedro,This_is_Pedro,neutro,1.0,Esqueceu como contar em japonês
1:09:09,4149,light_juggernaut,light_juggernaut,neutro,1.0,Lésmica
1:09:09,4149,a_palavra_cabalistica_eh,凹凸凹凸凹凸凹凸凹凸凹,neutro,1.0,para de atiçar zé
1:09:10,4150,niuz_pv,Niuz_pv,neutro,1.0,ta parecendo minha tia lesbica
1:09:10,4150,pedro_polegar,pedro_polegar,engraçado,1.0,Ja pode ir pro privacy
1:09:14,4154,tobe_94,tobe_94,neutro,1.0,lésbica goxtosa btw
1:09:16,4156,downn10,downn10,engraçado,1.0,kkkkkkkkkkkkkkkkkkkk
1:09:16,4156,burunoa,burunoa,neutro,1.0,✂️
1:09:17,4157,vinitannaka,ViniTannaka,confuso,1.0,"alguem me responde nesse krl, ele voltou ou n a morar no jp?"
1:09:18,4158,bananils0n_farofa,Bananils0n_farofa,neutro,1.0,Pior tá
1:09:18,4158,dlemonster,DlEmonster,neutro,1.0,pov: voce desmaiou e estão roubando suas moedas
1:09:19,4159,danylo0110,danylo0110,neutro,1.0,cabelo branco já
1:09:20,4160,nogata1,nogata1,neutro,1.0,ta igual o clark kent
1:09:20,4160,ryoguntv,RyogunTV,confuso,1.0,ja falaram q ta parecendo uma lasbiscas?
1:09:20,4160,ribossomo_,Ribossomo_,neutro,1.0,ZOERA
1:09:21,4161,quitolost,QuitoLost,engraçado,1.0,kkkkkk
1:09:23,4163,mistoquxnte,mistoquxnte,neutro,1.0,zuēn
1:09:25,4165,thrillerzs,thrillerzs,neutro,1.0,Ala inchado
1:09:27,4167,influenzias,Influenzias,positivo,1.0,eu amo lesbicas
1:09:27,4167,smokey_pb,smokey_pb,confuso,1.0,que isso bala
1:09:28,4168,flowxr6,flowxr6,negativo,1.0,Muito feio
1:09:29,4169,nogata1,nogata1,neutro,1.0,krl forma uma piroca de moeda
1:09:30,4170,phanthasmha,phanthasmha,confuso,1.0,Ja disseram que parece uma lésbica e com vc
1:09:30,4170,this_is_pedro,This_is_Pedro,neutro,1.0,O cara fez uma pica usando as moedas
1:09:31,4171,skhaa,Skhaa,confuso,1.0,Ja foi procurar as lanternas de sexo pelos edificios? @bakagaijinlive
1:09:35,4175,kthyosu,kthyosu,neutro,1.0,parece o mads em the hunt
1:09:36,4176,wesleykolomar_br,wesleykolomar_br,neutro,1.0,nossa
1:09:36,4176,arelich,Arelich,engraçado,1.0,@ViniTannaka so ta la pra cometer crimes e voltar
1:09:37,4177,marryros098,marryros098,neutro,1.0,Mudou a skin ta agora de tio
1:09:37,4177,ryan_goslingdrive7,ryan_goslingdrive7,neutro,1.0,Baka chuta um mendigo na rua
1:09:37,4177,aldeia_red1978,Aldeia_Red1978,neutro,1.0,Vc quer neh
1:09:39,4179,naldinhodafortaleza,naldinhodafortaleza,confuso,1.0,"bakka, aumentou o kilo do sexo no Japão?"
1:09:42,4182,manobrau789456,manobrau789456,neutro,1.0,Baka quixudo
1:09:43,4183,uhh_carol,uhh_carol,neutro,1.0,Esse cabelo ta parecendo o do meu cu
1:09:44,4184,brunokingb3,brunokingb3,engraçado,1.0,aqui no brasil tu ia entrar na chapa com esse visual kkkkkk
1:09:44,4184,peterdcn,peterdcn,confuso,1.0,você quer mais forte ou mais duro? se decida
1:09:45,4185,coolmelado,coolmelado,engraçado,1.0,Vai sujar o chão Baka! Cheio de bacteria na moeda
1:09:45,4185,lkaleatorio,lkaleatorio,neutro,1.0,Slk moedinha bonita
1:09:46,4186,eddie_campelo,eddie_campelo,neutro,1.0,Surra de bunda
1:09:47,4187,pedro_polegar,pedro_polegar,neutro,1.0,Vai ser um dos animais na arca do dilúvio
1:09:47,4187,this_is_pedro,This_is_Pedro,neutro,1.0,Mamaquina
1:09:48,4188,quitolost,QuitoLost,confuso,1.0,ta olhando carro ?
1:09:48,4188,cleitola__,cleitola__,neutro,1.0,"Caraca tanto tempo sumido, achei que o cartel de indianos tinha te sequestrado"
1:09:54,4194,vinitannaka,ViniTannaka,positivo,1.0,@Arelich finalmente uma boa alma pra me responder
1:09:55,4195,nunes013,nunes013,neutro,1.0,moes
1:09:55,4195,leo_fds20,leo_fds20,neutro,1.0,@ViniTannaka Ele foi trampar presencial esse mês. volta em outubro
1:09:58,4198,kiji_x,Kiji_X,neutro,1.0,bala sou lésbica e falaram que tô parecendo você
1:09:58,4198,hyutarou,Hyutarou,neutro,1.0,só
1:09:59,4199,sr_ryann,Sr_Ryann,neutro,1.0,compra uma pinga com limão aí
1:10:02,4202,ryan_goslingdrive7,ryan_goslingdrive7,neutro,1.0,E uma pra bater ponheya
1:10:02,4202,privadanacozinhadofelps,PrivadaNaCozinhaDoFelps,neutro,1.0,segura o guardachuva na boca
1:10:02,4202,lsnayk,lsnayk,neutro,1.0,E os vídeos no YouTube meu guerreiro cadê
1:10:03,4203,sousply,sousply,neutro,1.0,O cara fez um pêniyen
1:10:04,4204,burunoa,burunoa,neutro,1.0,fofo
1:10:05,4205,this_is_pedro,This_is_Pedro,neutro,1.0,"E só com dois braços, pra tornar o processo difícil"
1:10:08,4208,ph_dsg,PH_dsg,engraçado,1.0,kkkkkk
1:10:11,4211,vinitannaka,ViniTannaka,neutro,1.0,@leo_fds20 obg amigo vc é um amigo
1:10:11,4211,flowxr6,flowxr6,confuso,1.0,"Oi baka, você tá bem?"
1:10:13,4213,fabricioruivo,fabricioruivo,engraçado,1.0,zuera
1:10:16,4216,tio_deca,Tio_Deca,neutro,1.0,"Guarda chuva da cor errada, tem que ser transparente"
1:10:18,4218,calvodsilva,calvoDsilva,neutro,1.0,QQ TA ACONTECENDO MDS
1:10:19,4219,plastic_tramp_94,plastic_tramp_94,engraçado,1.0,plastic_tramp_94 subscribed at Tier 1.
1:10:19,4219,light_juggernaut,light_juggernaut,engraçado,1.0,Tá fritando frango
1:10:21,4221,this_is_pedro,This_is_Pedro,neutro,1.0,Aqueles vídeos caminhando pelo Japão na chuva
1:10:22,4222,st0rmrid3r,st0rmrid3r,confuso,1.0,como faz para tomar nescau?
1:10:29,4229,thrillerzs,thrillerzs,engraçado,1.0,Kkkkkk
1:10:30,4230,filipi_21,Filipi_21,neutro,1.0,asmir de chuva
1:10:31,4231,licht_zayy,licht_zayy,confuso,1.0,Quem te garante que é realmente chuva? Pode ser outra coisa...
1:10:33,4233,lkaleatorio,lkaleatorio,negativo,1.0,Carros feios do caralho
1:10:34,4234,sugurodog,sugurodog,confuso,1.0,Baka quando vai chegar a tua skin no fortnite??
1:10:34,4234,burunoa,burunoa,confuso,1.0,tem cha de pica? 😋
1:10:35,4235,henrioliveira100,henrioliveira100,engraçado,1.0,Kkkkkk
1:10:35,4235,this_is_pedro,This_is_Pedro,engraçado,1.0,KKKKKKKKKKKKKKKKKKK
1:10:36,4236,rapha_lee,rapha_lee,confuso,1.0,ta liso?
1:10:36,4236,siiascou,siIascou,neutro,1.0,a volta do cão arrependido
1:10:38,4238,ryan_goslingdrive7,ryan_goslingdrive7,neutro,1.0,"Baka desacostumou do japil mesmo, usando guarda-chuva negro"
1:10:38,4238,marcelo_dev,marcelo_dev,engraçado,1.0,kkkkk
1:10:39,4239,pedro_9753,pedro_9753,engraçado,1.0,kkkkkkkkkkkkkkkk
1:10:41,4241,phanthasmha,phanthasmha,confuso,1.0,Quando que vai ser o punhetaço?
1:10:42,4242,manobrau789456,manobrau789456,neutro,1.0,Inflação
1:10:42,4242,pedro_polegar,pedro_polegar,neutro,1.0,Ô bicho pão duro fdp
1:10:43,4243,privadanacozinhadofelps,PrivadaNaCozinhaDoFelps,engraçado,1.0,kkkk
1:10:44,4244,jhonalen_,jhonalen_,neutro,1.0,Toma gap
1:10:44,4244,thrillerzs,thrillerzs,neutro,1.0,Delícia em
1:10:45,4245,bananils0n_farofa,Bananils0n_farofa,neutro,1.0,Tá duro dorme
1:10:45,4245,danizitogm,DanizitoGM,neutro,1.0,inflação
1:10:46,4246,duriobeats,DuRioBeats,neutro,1.0,Asmr a++
1:10:48,4248,bagreeeeeeeee,BAGREeeeeeeee,neutro,1.0,Não choras
1:10:50,4250,kev1nog,kev1nog,frustrado,1.0,pqp
1:10:50,4250,deonehzio,DeoNehzio,positivo,1.0,Nada melhor que um barulho de chuca logo cedo
1:10:51,4251,st0rmrid3r,st0rmrid3r,engraçado,1.0,vende nescau ai baka e fica rico
1:10:51,4251,yuriairesb,YuriAiresB,neutro,1.0,Faz o L
1:10:51,4251,quitolost,QuitoLost,neutro,1.0,beba chuva
1:10:53,4253,pulchram12,pulchram12,engraçado,1.0,sushid17Kkkkkkkkk sushid17Kkkkkkkkk sushid17Kkkkkkkkk
1:10:54,4254,wesleykolomar_br,wesleykolomar_br,neutro,1.0,perdeu aura
1:10:55,4255,rayks1,RaYks1,neutro,1.0,Mendiga 10 na rua
1:10:55,4255,lsnayk,lsnayk,neutro,1.0,Liso com liso escorrega tá duro baka klk
1:10:57,4257,amauriagj,Amauriagj,neutro,1.0,O Shun de andrômeda
1:10:57,4257,flowxr6,flowxr6,neutro,1.0,Muito pobre
1:10:59,4259,pedro_polegar,pedro_polegar,neutro,1.0,Pede na rua porra ja ta de mendigo
1:11:02,4262,kevin19376,kevin19376,neutro,1.0,Vai ficar aí no Japão até quando
1:11:03,4263,kuro_nx8,kuro_nx8,neutro,1.0,Oloco não era bait ele voltou pro JP mesmo
1:11:04,4264,st0rmrid3r,st0rmrid3r,neutro,1.0,vende toddyinho
1:11:06,4266,hiena2000,hiena2000,neutro,1.0,faz o J
1:11:07,4267,siiascou,siIascou,engraçado,0.667,"Baka não tankou o bostil, kkkkkkkkkkkkkkkkkkkkkkk"
1:11:11,4271,eddie_campelo,eddie_campelo,neutro,1.0,Morador de calçada
1:11:12,4272,quitolost,QuitoLost,neutro,1.0,solta as moedas
1:11:12,4272,sylv_vtbr,sylv_vtbr,neutro,1.0,pede 10 centavos ai pra um japa random
1:11:13,4273,alandavl,alandavl,neutro,1.0,o cara n tem 5 reais
1:11:19,4279,pedepanomttriste,PeDePanoMtTriste,neutro,1.0,Que cara intelectualmente desfavorecido
1:11:20,4280,arelich,Arelich,neutro,1.0,"@ViniTannaka e tbm foi pra se encontrar com nomadraiz, mas este ja vazou"
1:11:22,4282,muttanofc,MuttanOfc,engraçado,1.0,@eddie_campelo kkkkkkk sfd
1:11:23,4283,burunoa,burunoa,engraçado,1.0,qd 1 n quer dois obriga
1:11:24,4284,light_juggernaut,light_juggernaut,neutro,1.0,hands up hands down
1:11:24,4284,quitolost,QuitoLost,neutro,1.0,manda o pix
1:11:26,4286,dedeleia,DedeLeia,engraçado,1.0,o cara falou que queria 5 mões e parou embaixo de um lugar que chama HANDS
1:11:27,4287,pedro_polegar,pedro_polegar,neutro,1.0,O cara ja ta todo descabelado só pedir alguem moedinha
1:11:32,4292,fabricioruivo,fabricioruivo,engraçado,1.0,!zuera
1:11:35,4295,thrillerzs,thrillerzs,neutro,1.0,Que faaaase
1:11:37,4297,light_juggernaut,light_juggernaut,engraçado,1.0,Kkkkkkk
1:11:37,4297,ryan_goslingdrive7,ryan_goslingdrive7,neutro,1.0,Veio pro Brasil e faliu
1:11:37,4297,bellattore_,bellattore_,engraçado,1.0,Baka compra um drink pra mim
1:11:38,4298,mountsysroot,mountsysroot,neutro,1.0,pais atrasado nao aceita pix
1:11:39,4299,sylv_vtbr,sylv_vtbr,engraçado,1.0,kkkkkkkkkkkkkkkkkk vsf
1:11:41,4301,igh0r5,Igh0r5,neutro,1.0,cuidado pra não perde a moeda na grade
1:11:42,4302,duriobeats,DuRioBeats,confuso,1.0,"Quando um não quer, adota"
1:11:42,4302,guiih9fps,guiih9fps,neutro,1.0,mds
1:11:44,4304,lkaleatorio,lkaleatorio,neutro,1.0,Slk betinha
1:11:44,4304,hemoglobina05,hemoglobina05,neutro,1.0,1 milhão de yenes pelos teus 5 reais
1:11:45,4305,uhh_carol,uhh_carol,engraçado,1.0,KKKKKKKKK Q VAGABUNDO
1:11:46,4306,sr_ryann,Sr_Ryann,confuso,1.0,na rua ninguém fica senão o carro passa por cima né
1:11:47,4307,putiferoo,putiferoo,neutro,1.0,Tá parecendo um anzol
1:11:47,4307,imvitorsan,ImVitorSan,neutro,1.0,todo torto
1:11:47,4307,maxxy_bb,maxxy_bb,confuso,1.0,ta fazendo mewing?
1:11:49,4309,jaooveed,jaooveed,positivo,1.0,Perfil maravilhoso 😍
1:11:50,4310,castyelzin,Castyelzin,neutro,1.0,pescoço la pra frente
1:11:53,4313,kiji_x,Kiji_X,neutro,1.0,asmr
1:11:53,4313,coolmelado,coolmelado,engraçado,1.0,Ja da pra chupar o seu proprio..
1:11:53,4313,parcival_x,Parcival_x,neutro,1.0,Cuidado pra n sugar todo o ar ai baka
1:11:56,4316,this_is_pedro,This_is_Pedro,confuso,1.0,"Faz uma Live por ano, ninguém vai notar"
1:11:59,4319,asuresd,AsureSD,neutro,1.0,arruma sua postura Baka
1:11:59,4319,potatuseffectus,potatuseffectus,neutro,1.0,parecendo um cedilha
1:11:59,4319,amauriagj,Amauriagj,neutro,1.0,tá tp o Halland
1:12:01,4321,henrioliveira100,henrioliveira100,engraçado,1.0,@putiferoo Kkkkkkkkk
1:12:02,4322,yukifantasy,YukiFantasy,neutro,1.0,parecendo a porra de um camarão pistola
1:12:02,4322,eiiasd,EIiasd,positivo,1.0,po baka talvez fosse melhor ajustar seu perfil antes de filmar sua corcunda
1:12:03,4323,st0rmrid3r,st0rmrid3r,neutro,1.0,huntchback
1:12:03,4323,licht_zayy,licht_zayy,neutro,1.0,"@mountsysroot Não tem urna eletrônica, vai vendo kk"
1:12:05,4325,eddie_campelo,eddie_campelo,engraçado,1.0,@muttanofc kkkkk
1:12:06,4326,luxnis_,luxnis_,neutro,1.0,Baka arruma a postura ai
1:12:07,4327,kuro_nx8,kuro_nx8,neutro,1.0,Tá andando com o shift
1:12:09,4329,ryan_goslingdrive7,ryan_goslingdrive7,neutro,1.0,Baka mostra a testa pra gente ver uma coisa
1:12:10,4330,lucas_camargus,Lucas_Camargus,neutro,1.0,torfin não tem inimigos. Logo não usa a internet
1:12:10,4330,pedepanomttriste,PeDePanoMtTriste,neutro,1.0,Eu quero ver seu lado...
1:12:10,4330,lezeraxd,lezeraxd,neutro,1.0,sp tá difernete
1:12:10,4330,rapha_lee,rapha_lee,neutro,1.0,esse cara ja passou umas 3 vezes
1:12:12,4332,shotterfire,Shotterfire,neutro,1.0,falou da minha cifose eu senti
1:12:13,4333,xenohfanes,xenohfanes,neutro,1.0,Só vejo suas costas
1:12:14,4334,st0rmrid3r,st0rmrid3r,engraçado,1.0,cade os patinete eltrico
1:12:15,4335,pedro_polegar,pedro_polegar,neutro,1.0,Nossa senhora da corcunda torta te abençoe filho
1:12:16,4336,kevin19376,kevin19376,positivo,0.5,Baka terça e meu aniversário manda salve
1:12:20,4340,xdeka,xDeka,positivo,0.5,"xDeka subscribed at Tier 1. They've subscribed for 8 months, currently on a 5 month streak! bom dia"
1:12:21,4341,this_is_pedro,This_is_Pedro,neutro,1.0,"Chegando lá, o preço aumenta pra 170"
1:12:21,4341,shingouki10,shingouki10,confuso,1.0,Que imagem baka? Tu é feito de consciência filho
1:12:22,4342,defalt_666,defalt_666,confuso,1.0,seis bolas?
1:12:24,4344,lonelyoli1,lonelyoli1,confuso,1.0,voltou perma?
1:12:25,4345,yukifantasy,YukiFantasy,neutro,1.0,camarão com óculos
1:12:29,4349,eddie_campelo,eddie_campelo,neutro,1.0,Vai evoluir pra caracol
1:12:31,4351,tristesatanexe,TristeSatanExe,engraçado,1.0,Sedentário
1:12:31,4351,doriamm,doriamm,neutro,1.0,saiu no google map
1:12:32,4352,jaooveed,jaooveed,neutro,1.0,Postura de camarão bala
1:12:33,4353,bananils0n_farofa,Bananils0n_farofa,neutro,1.0,Sim
1:12:35,4355,rapha_lee,rapha_lee,neutro,1.0,só fazer a cirurgia
1:12:36,4356,this_is_pedro,This_is_Pedro,positivo,1.0,Uma boa pergunta
1:12:37,4357,theuzinkkkk,theuzinkkkk,neutro,1.0,Usam
1:12:37,4357,ivctor,ivctor,neutro,1.0,shape de camarão
1:12:38,4358,flowxr6,flowxr6,confuso,1.0,Essa vai pro youtube?
1:12:39,4359,thrillerzs,thrillerzs,neutro,1.0,Escoliose é tratável baka
1:12:40,4360,pedepanomttriste,PeDePanoMtTriste,neutro,1.0,O cara é corcunda e da o cu
1:12:41,4361,dlemonster,DlEmonster,neutro,1.0,🦐🫵
1:12:42,4362,guymito,Guymito,neutro,1.0,o raland e corcunda e chuta a bola vc e corcunda e pega nelas ue
1:12:44,4364,light_juggernaut,light_juggernaut,neutro,1.0,Eles sentem o cheiro da bola
1:12:44,4364,pulchram12,pulchram12,neutro,1.0,Forte pra krai a chuva
1:12:45,4365,amauriagj,Amauriagj,engraçado,1.0,pior que é assim mesmo kkkkk
1:12:45,4365,ribossomo_,Ribossomo_,neutro,1.0,PELAS BOLAS DO PROFETA
1:12:46,4366,zytman_,Zytman_,confuso,1.0,"aparencia é irelevante, o que inporta é o conteudo"
1:12:48,4368,lezeraxd,lezeraxd,confuso,1.0,esse ai é liberdade atualizada 2.9?
1:12:48,4368,kuro_nx8,kuro_nx8,neutro,1.0,Pachinko
1:12:53,4373,zangado2505,zangado2505,positivo,0.5,Cheer1 vai voltar com as lives pra mim dar aquele sub saboroso?
1:12:53,4373,maxxy_bb,maxxy_bb,confuso,1.0,ta chovendo?
1:12:54,4374,ryan_goslingdrive7,ryan_goslingdrive7,neutro,1.0,Pelo menos você tem o pinto gordo braga
1:12:55,4375,pedro_polegar,pedro_polegar,neutro,1.0,Pegou o pior certeza bicho azarado
1:12:56,4376,kiji_x,Kiji_X,neutro,1.0,e essa chuvinha ai baka
1:13:00,4380,residente_dorminhoko,residente_dorminhoko,neutro,1.0,todo troncho
1:13:01,4381,theuzinkkkk,theuzinkkkk,neutro,1.0,W chuva
1:13:01,4381,st0rmrid3r,st0rmrid3r,neutro,1.0,pega um calpico
1:13:01,4381,charly_mint,Charly_mint,confuso,1.0,machovinha forte baka?
1:13:01,4381,pedepanomttriste,PeDePanoMtTriste,neutro,1.0,Os do meu time tudo tem miopia mas nao usa lente
1:13:02,4382,gmblost,gmbLOST,positivo,0.5,Abrir live chovendo muito bom
1:13:02,4382,bananils0n_farofa,Bananils0n_farofa,neutro,1.0,O Davids jogava de óculos
1:13:04,4384,pedrowivo,pedrowivo,neutro,1.0,Aqui tá chovendo
1:13:05,4385,wesleykolomar_br,wesleykolomar_br,neutro,1.0,aposta no cassino ai
1:13:08,4388,sylv_vtbr,sylv_vtbr,neutro,1.0,maluco levou a chuva do brasil pro japão. levou no bolso tlgd
1:13:09,4389,gacs174,gacs174,engraçado,1.0,kkk
1:13:11,4391,licht_zayy,licht_zayy,frustrado,0.5,"Ichigo, você sabe pq eu odeio a chuva?"
1:13:11,4391,coolmelado,coolmelado,neutro,1.0,"Baka, na volta compra um Guarana pra mim..vi que só tem nonjapão.."
1:13:15,4395,pedro_polegar,pedro_polegar,neutro,1.0,Ta doido cara vai numa benzedeira porra
1:13:15,4395,renanzex10,RenanZex10,confuso,0.667,Baka sabe oq é bom pra miopia? Mil torneiras.
1:13:23,4403,s1len2,s1len2,neutro,1.0,"tira esse som de chuva aí, porra, tá dando sono"
1:13:23,4403,dedeleia,DedeLeia,engraçado,1.0,"ali na frente escrito 50 hands baka, voce pediu 5 te deram 50 ali na frente"
1:13:27,4407,thrillerzs,thrillerzs,engraçado,1.0,Girico
1:13:28,4408,bellattore_,bellattore_,confuso,1.0,Tu curte um golden shower tbm?
1:13:28,4408,eddie_campelo,eddie_campelo,confuso,1.0,Isso é em osasco?
1:13:28,4408,burunoa,burunoa,neutro,1.0,q gotoso
1:13:28,4408,pedepanomttriste,PeDePanoMtTriste,neutro,1.0,Tarado
1:13:28,4408,gmblost,gmbLOST,engraçado,1.0,kkkkkkkkkkk
1:13:32,4412,residente_dorminhoko,residente_dorminhoko,positivo,1.0,leite de macho muito bom
1:13:33,4413,azariellk,azariellk,positivo,1.0,Boa noite baka
1:13:34,4414,pedro_polegar,pedro_polegar,neutro,1.0,Tem que beber água benta
1:13:34,4414,amauriagj,Amauriagj,neutro,1.0,é o leite do Sr Cachimbo
1:13:36,4416,burunoa,burunoa,neutro,1.0,eh porra
1:13:37,4417,wesleykolomar_br,wesleykolomar_br,confuso,1.0,é o santos dumont?
1:13:38,4418,ryan_goslingdrive7,ryan_goslingdrive7,positivo,1.0,Leite de Macho Suado🙏🏻
1:13:39,4419,caduh_bolado,caduh_bolado,neutro,1.0,leite de boi
1:13:39,4419,kiji_x,Kiji_X,neutro,1.0,joga fora
1:13:41,4421,zkote28,zkote28,engraçado,1.0,kkkkkkkk
1:13:42,4422,lkaleatorio,lkaleatorio,neutro,1.0,Bebe tudinho
1:13:42,4422,amauriagj,Amauriagj,neutro,1.0,Sr Cachibero
1:13:43,4423,st0rmrid3r,st0rmrid3r,neutro,1.0,prefiro trescoracoes
1:13:43,4423,gabriellsilvaalves,gabriellsilvaalves,neutro,1.0,Cagaro
1:13:43,4423,koprietche_,koprietche_,neutro,1.0,"Mano por favor deixa o vod das lives salvo aqui na Twitch, eu chego tarde e não consigo assistir todo 😔😔😔"
1:13:43,4423,r_lira28,r_lira28,neutro,1.0,issoae é pinga
1:13:44,4424,jaooveed,jaooveed,confuso,1.0,Você curte leite de rapazes?
1:13:44,4424,light_juggernaut,light_juggernaut,neutro,1.0,Esse que dá o sabor
1:13:50,4430,duriobeats,DuRioBeats,neutro,1.0,Lá ele sim fim
1:13:51,4431,sr_ryann,Sr_Ryann,neutro,1.0,catarro seco
1:13:51,4431,putiferoo,putiferoo,neutro,1.0,E feto já nascendo
1:13:53,4433,kazulixo_6,kazulixo_6,confuso,1.0,"Agachou, já sabe né?"
1:13:53,4433,kthyosu,kthyosu,neutro,1.0,vai ter hemorroida
1:13:54,4434,lezeraxd,lezeraxd,neutro,1.0,rasgou e mostrou a pik
1:13:55,4435,lkaleatorio,lkaleatorio,neutro,1.0,O cool
1:13:55,4435,pedro_polegar,pedro_polegar,frustrado,1.0,Pqp igual minha geladeira SÓ OVO
1:13:56,4436,pedrowivo,pedrowivo,neutro,1.0,Leite de moço
1:13:56,4436,privadanacozinhadofelps,PrivadaNaCozinhaDoFelps,neutro,1.0,que sacao ein
1:13:57,4437,gabriellsilvaalves,gabriellsilvaalves,neutro,1.0,Que bunndona
1:13:57,4437,thrillerzs,thrillerzs,neutro,1.0,Leite de macho dos anos 30
1:13:58,4438,henrioliveira100,henrioliveira100,neutro,1.0,Eita
1:13:59,4439,ryan_goslingdrive7,ryan_goslingdrive7,neutro,1.0,Posição fetal
1:13:59,4439,bellattore_,bellattore_,neutro,1.0,Ihhh cuzin do baka
1:14:00,4440,eddie_campelo,eddie_campelo,neutro,1.0,Foi sorteado pelo melado
1:14:01,4441,uhh_carol,uhh_carol,neutro,1.0,Ozovo
1:14:01,4441,wesleykolomar_br,wesleykolomar_br,neutro,1.0,sim
1:14:03,4443,hyutarou,Hyutarou,neutro,1.0,consigo
1:14:05,4445,eduardovnm,eduardovnm,neutro,1.0,Diminuir.o carboidrato guerreiro
1:14:07,4447,imfilty,ImFilty,confuso,1.0,"gosta de uma chuvinha dourada, igual o mito @BakaGaijinLive ?"
1:14:07,4447,gmblost,gmbLOST,neutro,1.0,Não :(
1:14:07,4447,renanzex10,RenanZex10,confuso,1.0,Da aquela agitada como só vc sabe?
1:14:09,4449,reptilianomestre,ReptilianoMestre,neutro,1.0,woooow
1:14:10,4450,mistoquxnte,mistoquxnte,neutro,1.0,um kaishain acabou de mijar nesse chao ai que tu sentou mano
1:14:12,4452,marps321,marps321,neutro,1.0,batida de bana com leite
1:14:12,4452,pvptotalgyn,PVPtotalgyn,neutro,1.0,eu tenho
1:14:13,4453,kuro_nx8,kuro_nx8,confuso,1.0,Corote de caramelo?
1:14:13,4453,kevin19376,kevin19376,neutro,1.0,Oloco
1:14:14,4454,passarobllue,passarobllue,engraçado,1.0,Eu conseguia quando era crianca
1:14:16,4456,igh0r5,Igh0r5,neutro,1.0,essa tecnica é muito avaçada
1:14:17,4457,nogata1,nogata1,neutro,1.0,mao secreta do wolfzera
1:14:17,4457,pedro_polegar,pedro_polegar,neutro,1.0,MALUCO SÓ OVO FILHO
1:14:18,4458,ribossomo_,Ribossomo_,neutro,1.0,cheiro de porra kk
1:14:18,4458,felipedkalves,FelipeDKAlves,confuso,1.0,voltou maior do que já era... bem vindo de volta
1:14:20,4460,amauriagj,Amauriagj,neutro,1.0,vish
1:14:20,4460,ryan_goslingdrive7,ryan_goslingdrive7,neutro,1.0,Vai te dar estracistoles🫂
1:14:20,4460,gelllado,Gelllado,neutro,1.0,leite podre
1:14:20,4460,duriobeats,DuRioBeats,neutro,1.0,Realmente não tenho
1:14:20,4460,nayra4sousa,nayra4sousa,neutro,1.0,Consigo
1:14:22,4462,rkknn6,rkknn6,neutro,1.0,rabetão
1:14:22,4462,ivctor,ivctor,confuso,1.0,vale a pena morrer aos 33 so pra conseguir fazer isso ai?
1:14:25,4465,reptilianomestre,ReptilianoMestre,neutro,1.0,O verdadeiro leite de macho
1:14:25,4465,coolmelado,coolmelado,engraçado,1.0,Cheiro de Agua sanitaria
1:14:28,4468,zkamykazez,zKAMYKAZEz,neutro,1.0,No finalzinho vem um negocinho
1:14:30,4470,danylo0110,danylo0110,neutro,1.0,leite de macho
1:14:30,4470,kiji_x,Kiji_X,positivo,1.0,pela cara ta gostoso
1:14:33,4473,rapha_lee,rapha_lee,positivo,1.0,pelo jeito é bom
1:14:34,4474,caduh_bolado,caduh_bolado,confuso,1.0,é doce ?
1:14:35,4475,caipirinha_2007,caipirinha_2007,neutro,1.0,corvo
1:14:36,4476,nogata1,nogata1,neutro,1.0,descreva o sabor
1:14:37,4477,azariellk,azariellk,neutro,1.0,desde quando vc usa oculos doido
1:14:37,4477,caio_seixas,caio_seixas,neutro,1.0,É leite de macho
1:14:40,4480,pedro_polegar,pedro_polegar,confuso,1.0,eu guspi ai dentro ce sabe ne?
1:14:40,4480,mistoquxnte,mistoquxnte,neutro,1.0,monster com leite
1:14:40,4480,indolentesemescrupulos,indolentesemescrupulos,neutro,1.0,meio viscoso né
1:14:40,4480,eddie_campelo,eddie_campelo,positivo,1.0,Cheiro de gosto
1:14:40,4480,lkaleatorio,lkaleatorio,neutro,1.0,Semen
1:14:40,4480,spicepeppers,spicepeppers,neutro,1.0,Adoro esse son de corvos q tem ae
1:14:41,4481,willbits1,willbits1,engraçado,0.5,É aqui a live da Maria Gadu?
1:14:43,4483,theuzinkkkk,theuzinkkkk,engraçado,0.5,gta 6 vai sair primeiro ai?
1:14:43,4483,dlemonster,DlEmonster,positivo,1.0,retrogosto de tabaco
1:14:44,4484,this_is_pedro,This_is_Pedro,confuso,1.0,Leite?
1:14:44,4484,gmblost,gmbLOST,positivo,1.0,Leite de macho gostoso
1:14:45,4485,marryros098,marryros098,positivo,1.0,Hummmm pelo visto não gostou
1:14:45,4485,erickhsn,erickhsn,frustrado,1.0,odeio canela
1:14:45,4485,duh_dudu_edu,duh_dudu_edu,neutro,1.0,seus labios estao ressecados baka
1:14:45,4485,geddok,geddok,neutro,1.0,Baka é o Vecna
1:14:48,4488,tobe_94,tobe_94,neutro,1.0,qu edlç
1:14:48,4488,henrioliveira100,henrioliveira100,neutro,1.0,Pelo visto nn vale 160 kk
1:14:49,4489,lezeraxd,lezeraxd,neutro,1.0,leite de canela de suada de macho
1:14:50,4490,kuro_nx8,kuro_nx8,confuso,1.0,Não faça careta não que você toma dois pior
1:14:50,4490,st0rmrid3r,st0rmrid3r,neutro,1.0,hrochata
1:14:50,4490,reptilianomestre,ReptilianoMestre,neutro,1.0,ARROGÃTIH
1:14:51,4491,girafalunar,GirafaLunar,confuso,1.0,no finalzinho?
1:14:51,4491,nogata1,nogata1,confuso,1.0,mas tem quanto de proteina?
1:14:51,4491,ka1zh,ka1zh,neutro,1.0,delícia
1:14:52,4492,ryan_goslingdrive7,ryan_goslingdrive7,neutro,1.0,Credo delicia
1:14:52,4492,flowxr6,flowxr6,engraçado,0.5,muito feio pqpkkkkkkkk
1:14:52,4492,maxxy_bb,maxxy_bb,engraçado,0.5,canela é horrivel
1:14:52,4492,oliv_yashi,oliv_yashi,confuso,1.0,É o Monster com leite?
1:14:54,4494,sr_ryann,Sr_Ryann,neutro,1.0,leite de canela de moço
1:14:54,4494,marps321,marps321,neutro,1.0,raspa de canela
1:14:54,4494,duduh1303,duduh1303,neutro,1.0,Itachi está no Japão com os corvos
1:14:57,4497,thrillerzs,thrillerzs,neutro,1.0,Semen grosso da peste
1:14:57,4497,amauriagj,Amauriagj,positivo,1.0,desfrutando dessa imagem no meu niver maravilhoso
1:15:00,4500,licht_zayy,licht_zayy,engraçado,1.0,Tá batizada garaikkkkkk
1:15:02,4502,almof4dinh4s,Almof4dinh4s,confuso,1.0,Vai dar rolé com a julinha toys?
1:15:03,4503,gblgabriel00,gblgabriel00,neutro,1.0,mas no finalziiiiiiiiiiiiiiiiiin vem um negocin
1:15:12,4512,ribossomo_,Ribossomo_,neutro,1.0,esses corvos ai mano
1:15:13,4513,kiji_x,Kiji_X,neutro,1.0,cuspiu em mim
1:15:16,4516,pedro_polegar,pedro_polegar,neutro,1.0,Igual minha geladeira só vejo OVOS
1:15:16,4516,rick_le_vrai,rick_le_vrai,neutro,1.0,leite condensado
1:15:16,4516,tobe_94,tobe_94,positivo,1.0,gosto desse ângulo da câmera
1:15:16,4516,vincentvan_glock,VincentVan_Glock,neutro,1.0,CORVO TÁ TE CHAMANDO BAKA
1:15:17,4517,tasiguro,Tasiguro,confuso,1.0,Cheiro de pica?
1:15:19,4519,spicepeppers,spicepeppers,confuso,1.0,vc ja e fluente no nihongo?
1:15:19,4519,duriobeats,DuRioBeats,confuso,1.0,Leite de canela em pau de macho?
1:15:20,4520,residente_dorminhoko,residente_dorminhoko,neutro,1.0,pirocao de 20cm marcando
1:15:22,4522,ryan_goslingdrive7,ryan_goslingdrive7,neutro,1.0,E esse Fuzil marcando
1:15:22,4522,coolmelado,coolmelado,neutro,1.0,Eu vi seu mamilo
1:15:24,4524,girafalunar,GirafaLunar,confuso,1.0,foi no oculista?
1:15:25,4525,pedepanomttriste,PeDePanoMtTriste,neutro,1.0,Belo denis amigo
1:15:25,4525,lumocelinn,lumocelinn,confuso,1.0,ele voltou a morar la? ou ta so visitando?
1:15:26,4526,castyelzin,Castyelzin,neutro,1.0,eu vi o buchão
1:15:26,4526,vincentvan_glock,VincentVan_Glock,neutro,1.0,os corvos tão te chamando baka
1:15:27,4527,coolmelado,coolmelado,neutro,1.0,E fostei
1:15:29,4529,bellingol_0,bellingol_0,neutro,1.0,de tanto ficar no japao os zoi ficou puxado
1:15:29,4529,kevin19376,kevin19376,confuso,1.0,Baka vai fica no Japão até quando??
1:15:30,4530,eduardovnm,eduardovnm,neutro,1.0,Ta virado em bunda
1:15:31,4531,igh0r5,Igh0r5,engraçado,1.0,vazou a barriguinha
1:15:32,4532,reptilianomestre,ReptilianoMestre,engraçado,1.0,Olha o corvo gritando atrás de você meu Deus cuidado
1:15:33,4533,pernnaa,PerNnaa,neutro,1.0,PogChamp PogChamp
1:15:35,4535,duduh1303,duduh1303,neutro,1.0,Itachi ao fundo com os corvos
1:15:35,4535,kuro_nx8,kuro_nx8,neutro,1.0,Veio pro br pra pegar óculos do governo pouca vergonha
1:15:35,4535,flowxr6,flowxr6,neutro,1.0,esse ja ta mostrando o pau pro punhetaço
1:15:37,4537,privadanacozinhadofelps,PrivadaNaCozinhaDoFelps,neutro,1.0,tem um cuzinho a garrafa
1:15:38,4538,amauriagj,Amauriagj,neutro,1.0,os corvo tudo não puro
1:15:39,4539,kthyosu,kthyosu,neutro,1.0,ta mastigando o bgl
1:15:41,4541,danylo0110,danylo0110,confuso,1.0,tem um corvo de fundo?
1:15:41,4541,pedepanomttriste,PeDePanoMtTriste,positivo,1.0,É bom né
1:15:43,4543,lezeraxd,lezeraxd,engraçado,1.0,n brigue com o corvo
1:15:44,4544,jaooveed,jaooveed,confuso,1.0,Essa é a pose de gangster ?
1:15:45,4545,professorakpopercomunista,professorakpopercomunista,neutro,1.0,e o pau torando entre os corvos
1:15:46,4546,thrillerzs,thrillerzs,engraçado,1.0,A parada da diva kkkkkkk
1:15:48,4548,mwm93,Mwm93,confuso,1.0,Q horas vai no bar das mulheres musculosas?
1:15:53,4553,ryan_goslingdrive7,ryan_goslingdrive7,confuso,0.667,Isso é um corvo ou um velho gritando que isso
1:16:00,4560,lukhalake,lukhalake,neutro,1.0,e tá lesbico tbm
1:16:01,4561,filhodumaputa,filhodumaputa,positivo,0.5,continua gostoso
1:16:01,4561,gabriellsilvaalves,gabriellsilvaalves,confuso,1.0,Te mandaram embora do emprego é??????
1:16:02,4562,hellsing0123,hellsing0123,confuso,1.0,ta a paesseio ou voltou pra morar?
1:16:02,4562,roddss_,roddss_,confuso,1.0,calvo?
1:16:04,4564,truemago,TrueMago,neutro,1.0,OPA
1:16:04,4564,muttanofc,MuttanOfc,engraçado,1.0,Kkkkkkk
1:16:08,4568,uhh_carol,uhh_carol,neutro,1.0,Mds
1:16:08,4568,prismye,prismye,neutro,1.0,k
1:16:08,4568,pulchram12,pulchram12,engraçado,1.0,Kkkkkkkk
1:16:09,4569,tristesatanexe,TristeSatanExe,neutro,1.0,NotLikeThis NotLikeThis NotLikeThis
1:16:10,4570,hanalixo,hanalixo,neutro,1.0,oloko
1:16:11,4571,muttanofc,MuttanOfc,neutro,1.0,se passou
1:16:11,4571,kuro_nx8,kuro_nx8,engraçado,1.0,Arrastou kkkkkk
1:16:12,4572,xgresende,xGResende,engraçado,0.5,xGResende subscribed at Tier 1. They've subscribed for 26 months! Oxi Braga tá na liberdade
1:16:13,4573,reptilianomestre,ReptilianoMestre,confuso,0.75,Quando que você vai abrir um conteudinhu adulto para nós hein??!
1:16:13,4573,guymito,Guymito,neutro,1.0,ai baka sai do japao vai pra thailandia vira mestre de muay thai
1:16:14,4574,thrillerzs,thrillerzs,neutro,1.0,Ele é fluente em malboro
1:16:15,4575,jeremias_telefones,jeremias_telefones,neutro,1.0,"o Bagre sai do Japão Redondo, mas ele não sai de você. O mundo é diferente Pacífico pra cá @bakagaijinlive"
1:16:15,4575,eduardovnm,eduardovnm,positivo,0.5,Da para melhorar meu querido. Vai na massagem e grava de la
1:16:16,4576,ribossomo_,Ribossomo_,confuso,1.0,vai ficar quanto tempo no japil?
1:16:16,4576,marvestii,marvestii,confuso,1.0,"Baka, o The weeknd tá no Japão, vc pode visitar ele?"
1:16:17,4577,coolmelado,coolmelado,neutro,1.0,PERDI O NOFAP
1:16:18,4578,sylv_vtbr,sylv_vtbr,confuso,1.0,e o bar dos homens musculosos?
1:16:19,4579,girafalunar,GirafaLunar,engraçado,1.0,"ta no japao mesmo, da um drift ai ent"
1:16:21,4581,eddie_campelo,eddie_campelo,positivo,0.5,Para com essas brincadeiras gostosas
1:16:24,4584,ben_g4dura,ben_g4dura,confuso,1.0,de quem é o reflexo atrás?
1:16:25,4585,light_juggernaut,light_juggernaut,neutro,1.0,Esse close ta parecendo as tia do zap
1:16:25,4585,joaozinhokct,joaozinhokct,confuso,1.0,ta tomando milk?
1:16:26,4586,duduh1303,duduh1303,neutro,1.0,Itachi torando os corvos
1:16:28,4588,zytman_,Zytman_,neutro,1.0,realmente ta sem cabelo atras
1:16:30,4590,amauriagj,Amauriagj,positivo,1.0,só lembrei daquela calcinah no top odo prédio na pokebola
1:16:32,4592,spicepeppers,spicepeppers,confuso,1.0,ue mas vc ta no japao a visita ou e trabalho?
1:16:32,4592,kiji_x,Kiji_X,confuso,1.0,e o bar de gatos musculosos?
1:16:32,4592,flowxr6,flowxr6,neutro,1.0,o chat precisa de mulheres musculosas
1:16:36,4596,reptilianomestre,ReptilianoMestre,neutro,1.0,fasil
1:16:42,4602,borgysain,BorgySain,confuso,1.0,"que isso que ta bebendo, leite de paçoca?"
1:16:44,4604,tanjibolasfds,tanjibolasfds,neutro,1.0,Tá parecendo o cara do Roblox
1:16:44,4604,ner0_tf,ner0_tf,neutro,1.0,Ele se diverte
1:16:45,4605,spicepeppers,spicepeppers,engraçado,1.0,oia q thailandia n e uma ma ideia haha
1:16:46,4606,gkquiel,gkquiel,confuso,1.0,Baka esta me lembrando o amigo do superchoque
1:16:46,4606,toshio_tarumi,Toshio_Tarumi,engraçado,1.0,IBIRIXIII POW POW
1:16:48,4608,arnaldo2234,arnaldo2234,neutro,1.0,Ou então vira ladyboy
1:16:49,4609,ribossomo_,Ribossomo_,confuso,1.0,e o bar dos anões musculosos?
1:16:54,4614,chdss_,chdss_,neutro,1.0,Sabia que fazer sexo rejuvenescer
1:16:57,4617,h1rosh1_one,h1rosh1_one,confuso,1.0,Tomando leitinho quente?
1:16:57,4617,tristesatanexe,TristeSatanExe,neutro,1.0,Make Sensr
1:16:57,4617,potatuseffectus,potatuseffectus,neutro,1.0,o lee sin é o miope também
1:17:02,4622,eddie_campelo,eddie_campelo,neutro,1.0,Ótimo plano
1:17:03,4623,tebbaz1,tebbaz1,neutro,1.0,esse é sabido das coisa n tem jeito
1:17:03,4623,bananils0n_farofa,Bananils0n_farofa,neutro,1.0,Na Tailândia ou vira mestre de muay Thai ou vira ladyboy
1:17:04,4624,duduh1303,duduh1303,neutro,1.0,Acabou o show dos corvos
1:17:06,4626,el_v1nny,el_v1nny,neutro,1.0,"Baka, vaii pra Tailãndia e vira ladyboy"
1:17:07,4627,bakalovers,bakalovers,positivo,0.5,Cheer1 o 2° livro sai antes do GTA 6?
1:17:10,4630,theuss_mt,Theuss_mt,confuso,1.0,ja da pra apelidar de mochila por causa da corcunda ou é paia?
1:17:13,4633,danylo0110,danylo0110,engraçado,0.5,se tirar o óculos o nariz sai junto?
1:17:14,4634,lkaleatorio,lkaleatorio,confuso,1.0,Vc é virgem?
1:17:15,4635,marryros098,marryros098,neutro,1.0,Baka minha mãe ta reclamando de sua linguagem meio chula
1:17:19,4639,uhh_carol,uhh_carol,neutro,1.0,"O Itachi deve estar atrás de vc, n e possível esse tanto de corvo"
1:17:22,4642,dustyy23,dustyy23,neutro,1.0,vai pra índia explorar os beco de lá
1:17:23,4643,ryan_goslingdrive7,ryan_goslingdrive7,frustrado,0.5,"Baka, estou cagando assistindo sua live, a cada momento que uma bosta sai lembro de você"
1:17:23,4643,pedro_polegar,pedro_polegar,engraçado,0.5,Mano é exame de nariz?
1:17:27,4647,guilhermesl45,guilhermesl45,neutro,1.0,Nem notificou essa buceta
1:17:29,4649,morttusdornitska,morttusdornitska,engraçado,1.0,se o baka emagrecesse ficaria W
1:17:29,4649,duukinhapressaum,duukinhapressaum,engraçado,1.0,Ibirixi ibixi bopow
1:17:30,4650,this_is_pedro,This_is_Pedro,confuso,1.0,Edição física do livro quando?
1:17:32,4652,kthyosu,kthyosu,neutro,1.0,belos poros
1:17:32,4652,duh_dudu_edu,duh_dudu_edu,neutro,1.0,nu
1:17:33,4653,girafalunar,GirafaLunar,neutro,1.0,ww full ap dando ik com um Q e zika
1:17:37,4657,this_is_pedro,This_is_Pedro,neutro,1.0,Dlss 5
1:17:40,4660,licht_zayy,licht_zayy,positivo,1.0,Qualidade tá boa Goulart
1:17:41,4661,guymito,Guymito,neutro,1.0,mestre de muay thai ou ladboy pode virar os 2
1:17:42,4662,sylv_vtbr,sylv_vtbr,engraçado,1.0,ce fala isso como vc nn conhecesse todos os campeões do lol atual
1:17:42,4662,toshio_tarumi,Toshio_Tarumi,frustrado,1.0,puta vao
1:17:46,4666,duduh1303,duduh1303,confuso,1.0,Será que o baka sabe quem e o Itachi que está atrás. Dele ?
1:17:46,4666,lkaleatorio,lkaleatorio,neutro,1.0,Slk tá estourado
1:17:47,4667,flowxr6,flowxr6,neutro,1.0,Estoura essa espinha
1:17:47,4667,kuro_nx8,kuro_nx8,neutro,1.0,Nunca mais faz isso
1:17:50,4670,shingouki10,shingouki10,confuso,1.0,Broxismo? Tu é broxa?
1:17:51,4671,light_juggernaut,light_juggernaut,neutro,1.0,Escova os dente porcão
1:17:51,4671,danylo0110,danylo0110,neutro,1.0,aaaaaaaaahhh aaaaaaaaahhh
1:17:52,4672,picolino0418,picolino0418,neutro,1.0,muita mamada baka
1:17:52,4672,mi_de_mikasa,Mi_de_Mikasa,engraçado,1.0,Mi_de_Mikasa subscribed with Prime.
1:17:55,4675,spicepeppers,spicepeppers,confuso,1.0,vc ta no japao so pra visita msm ou a trabalho? n sei se e muito complicado achar trampo por ae
1:17:56,4676,tmz__braga,TMZ__BRAGA,confuso,1.0,ta fazendo o que ai?
1:17:56,4676,duukinhapressaum,duukinhapressaum,neutro,1.0,Ibixi bopow
1:17:57,4677,eddie_campelo,eddie_campelo,confuso,1.0,Tá fumando crack?
1:17:58,4678,joaozinhokct,joaozinhokct,engraçado,1.0,Nariz crescendo demais baka
1:17:59,4679,wesleykolomar_br,wesleykolomar_br,confuso,1.0,ele faz magia?
1:17:59,4679,leidsan,LeidSan,neutro,1.0,Aaarrr tô comendo pô
1:18:00,4680,kthyosu,kthyosu,neutro,1.0,pega um corvo e cozinha
1:18:02,4682,girafalunar,GirafaLunar,confuso,1.0,em setembro chove?
1:18:05,4685,uhh_carol,uhh_carol,neutro,1.0,O Itachi ta ai mano
1:18:05,4685,xenohfanes,xenohfanes,neutro,1.0,Pele de cortador de cana
1:18:07,4687,ryan_goslingdrive7,ryan_goslingdrive7,neutro,1.0,AAAA AAAA😩😩😩
1:18:08,4688,jun_09t,jun_09t,neutro,1.0,"Oloko, voltou pro Japao"
1:18:10,4690,marryros098,marryros098,neutro,1.0,Ó os corvos
1:18:12,4692,kevin19376,kevin19376,confuso,1.0,Vai fazer live todo os dias ???
1:18:13,4693,bakalovers,bakalovers,positivo,1.0,Cheer1 a boa é ficar uns 6 meses trabalhando aí q pelo menos vc termina o livro ao fim dos expedientes
1:18:14,4694,this_is_pedro,This_is_Pedro,confuso,1.0,Vai ficar me olhando caralho??
1:18:20,4700,deonehzio,DeoNehzio,confuso,1.0,Bruxinho? O que o ronaldinha gaucho tá fazendo no seus dentes?
1:18:22,4702,oliv_yashi,oliv_yashi,neutro,1.0,Só a espera do tsunami viscoso
1:18:23,4703,brendeaq_,BrendeAq_,neutro,1.0,sai credo
1:18:24,4704,elkronosz,elkronosz,confuso,1.0,mano quem tá torando um passaro ai perto
1:18:25,4705,fairlylo,fairlylo,neutro,1.0,vira a camera ai pae
1:18:26,4706,thrillerzs,thrillerzs,neutro,1.0,Cara ta com Ronaldinho gaúcho nos dente
1:18:27,4707,ghxstxk_,ghxstxk_,engraçado,0.5,quem esse japones gritando?
1:18:28,4708,dlemonster,DlEmonster,neutro,1.0,september rains
1:18:29,4709,kuro_nx8,kuro_nx8,confuso,1.0,Pochita vai ter irmão adotivo?
1:18:31,4711,this_is_pedro,This_is_Pedro,neutro,1.0,September rain
1:18:32,4712,guymito,Guymito,confuso,1.0,oq mais sentiu saudade do japao enquanto tava no brasil
1:18:35,4715,duduh1303,duduh1303,neutro,1.0,Itachi está atrás de você baka
1:18:41,4721,amauriagj,Amauriagj,confuso,0.5,o que diria para quem ta fazendo niver hj Baka? mensagem desmotivacional HeyGuys
1:18:42,4722,light_juggernaut,light_juggernaut,neutro,1.0,beija ele e sai correndo
1:18:45,4725,alektrospirozy,Alektrospirozy,neutro,1.0,"Ta me encarando muito, estou timido"
1:18:47,4727,shingouki10,shingouki10,neutro,1.0,Isso se chama trabalho kskskskssksk
1:18:47,4727,chdss_,chdss_,confuso,1.0,É verdade que tomar yakut te deixa broxa?
1:18:48,4728,cesaoo,Cesaoo,confuso,1.0,ta em diadema?
1:18:48,4728,joaozinhokct,joaozinhokct,neutro,1.0,tapoha
1:18:49,4729,pirrs_,pirrs_,neutro,1.0,fiz um colosso no vaso insano
1:18:50,4730,danylo0110,danylo0110,confuso,1.0,ainda está intacto no nofap baka?
1:18:52,4732,kevin19376,kevin19376,neutro,1.0,Porcoo
1:18:52,4732,jeremias_telefones,jeremias_telefones,confuso,1.0,corvo quebrando o gelo
1:18:52,4732,ryan_goslingdrive7,ryan_goslingdrive7,confuso,1.0,"BAKA, FOI PRO JAPÃO pq aqui no Brasil em setembro vai entrar o grosso???? 🤨🤨"
1:18:52,4732,kiji_x,Kiji_X,neutro,1.0,arrota dnv to quase lá
1:18:53,4733,renanzex10,RenanZex10,neutro,1.0,Npc fazendo a função dele
1:18:54,4734,brendeaq_,BrendeAq_,neutro,1.0,"salva essa araponga aí, tá morrendo"
1:18:58,4738,eddie_campelo,eddie_campelo,neutro,1.0,Nome de livro
1:18:59,4739,felipedkalves,FelipeDKAlves,neutro,1.0,esse corvo ai ta te chamando pra ajudar la no muzan
1:19:01,4741,lezeraxd,lezeraxd,neutro,1.0,baka na vila uchiha dps do itachi passar geral
1:19:01,4741,cptrod,cptrod,confuso,1.0,Porque decidiu voltar?
1:19:03,4743,danizitogm,DanizitoGM,neutro,1.0,"um youtuber, um velho, e um corvo entraram num bar"
1:19:03,4743,joaozinhokct,joaozinhokct,engraçado,1.0,kkkkkkkkkk
1:19:03,4743,this_is_pedro,This_is_Pedro,engraçado,1.0,Olha a cicatrizes das lesões futebolísticas
1:19:04,4744,rafael_bola_fofo,Rafael_Bola_Fofo,neutro,1.0,Que guarda chuva pequeno baka
1:19:04,4744,radicalbady,radicalbady,confuso,1.0,Voltou pro japa?
1:19:05,4745,burunoa,burunoa,neutro,1.0,FeelsBirthdayMan
1:19:06,4746,amauriagj,Amauriagj,engraçado,1.0,obg kkkkkkkkkkkk
1:19:11,4751,deonehzio,DeoNehzio,confuso,1.0,"E o livro baka, sai quando?"
1:19:13,4753,isaac_soft,isaac_soft,neutro,1.0,parabens por ter derrubado a segunda torre
1:19:16,4756,marryros098,marryros098,engraçado,1.0,HAHHAHAH
1:19:16,4756,carolina_yubari,Carolina_Yubari,neutro,1.0,Eu fico constrangida com o baka olhando em silêncio
1:19:17,4757,dlemonster,DlEmonster,neutro,1.0,parabens zé
1:19:18,4758,marcelo_dev,marcelo_dev,engraçado,0.75,"Eu não estou, mas obrigado! kkkkk"
1:19:21,4761,duduh1303,duduh1303,neutro,1.0,Estão te chamando baka os corvos vai ajudar muzan
1:19:22,4762,hellsing0123,hellsing0123,confuso,1.0,"Baka, vc voltou pro japao ou só esta a passeio?"
1:19:23,4763,kaioralhow,kaioralhow,confuso,1.0,"baka, vc faz parte da comunidade de looksmaxxing?"
1:19:23,4763,vein_lol,Vein_LOL,positivo,1.0,Baka manda salve sou seu fã
1:19:25,4765,thrillerzs,thrillerzs,neutro,1.0,É assim que é o lugar mais limpo do mundo
1:19:25,4765,brunokingb3,brunokingb3,engraçado,0.667,Alguém atira nesse corvo maldito kkkkk
1:19:28,4768,monza_furioso,monza_furioso,neutro,1.0,@radicalbady isso é em fortaleza
1:19:28,4768,luizleuzzi263,luizleuzzi263,engraçado,1.0,luizleuzzi263 subscribed with Prime.
1:19:29,4769,ghxstxk_,ghxstxk_,confuso,0.667,oq vc falaria pra quem não faz?
1:19:31,4771,eddie_campelo,eddie_campelo,neutro,1.0,Meus pêsames
1:19:34,4774,burunoa,burunoa,neutro,1.0,tatua uma taturana
1:19:35,4775,shingouki10,shingouki10,confuso,1.0,Tem Corote no Japão?
1:19:36,4776,giowink_o,giowink_o,engraçado,1.0,kkkkkkk
1:19:36,4776,arelich,Arelich,engraçado,1.0,kkkkk
1:19:36,4776,kthyosu,kthyosu,neutro,1.0,faz uma lacraia
1:19:37,4777,lkaleatorio,lkaleatorio,neutro,1.0,Akkakaa
1:19:38,4778,kevin19376,kevin19376,engraçado,1.0,Já tava com saudades desse velho rabugento kkkkkkkkk
1:19:38,4778,parcival_x,Parcival_x,confuso,1.0,@BakaGaijinLive Cade o Vod da live passada meu amigo?
1:19:41,4781,kise_ryota__,Kise_Ryota__,positivo,1.0,"2400 bakalovers. voltamos, guys"
1:19:42,4782,light_juggernaut,light_juggernaut,neutro,1.0,Lacoste pai
1:19:43,4783,henrioliveira100,henrioliveira100,neutro,1.0,Kk
1:19:43,4783,pulchram12,pulchram12,engraçado,1.0,Kkkkkkkk
1:19:45,4785,tristesatanexe,TristeSatanExe,neutro,1.0,Sábio kakakak
1:19:45,4785,jhoneshark,Jhoneshark,engraçado,0.5,cansou dos crimes no Brazil e voltou para o Japa?
1:19:46,4786,residente_dorminhoko,residente_dorminhoko,neutro,1.0,da pra tatuar uma hallucigenia daora ai
1:19:46,4786,lkaleatorio,lkaleatorio,positivo,0.5,Ficaria pika
1:19:46,4786,pedepanomttriste,PeDePanoMtTriste,positivo,1.0,Ai ele foi genial
1:19:47,4787,brendeaq_,BrendeAq_,engraçado,1.0,uma lagarta de mariposa
1:19:48,4788,ryan_goslingdrive7,ryan_goslingdrive7,neutro,1.0,"BAKA, voltou pro  JAPÃO com medo pq aqui no Brasil em setembro vai entrar o grosso😔"
1:19:48,4788,kthyosu,kthyosu,neutro,1.0,arranca o braço fora
1:19:48,4788,guymito,Guymito,positivo,0.5,o prensado do japo e melhor que o prensado do brasil?
1:19:49,4789,pedro_polegar,pedro_polegar,neutro,1.0,Uma rola tb funciona
1:19:55,4795,renanzex10,RenanZex10,engraçado,1.0,Tatua uma cicatriz
1:19:55,4795,xenohfanes,xenohfanes,neutro,1.0,pode tatuar uma jeba tb
1:19:56,4796,duduh1303,duduh1303,neutro,1.0,Esses corvos são do Itachi não e possível
1:19:57,4797,drymc_oficial,drymc_oficial,engraçado,0.667,tanko o brasil não kkkkkk
1:19:59,4799,kouzafk,kouzafk,neutro,1.0,tatua um tatu canastra
1:20:01,4801,brendeaq_,BrendeAq_,neutro,1.0,compra outro braço aí no shopping
1:20:01,4801,sr_ryann,Sr_Ryann,neutro,1.0,tatua um caule de macho
1:20:06,4806,foudaze1,foudaze1,neutro,1.0,aeeeee krl
1:20:08,4808,drymc_oficial,drymc_oficial,engraçado,1.0,drymc_oficial subscribed with Prime.
1:20:09,4809,geogeo_chan,geogeo_chan,engraçado,1.0,"Minha mãe tem tatuagem de lagartixa, diz ela que deveria ser um jacaré mas o cara não sabia fazer kskssksk"
1:20:09,4809,leitadordebarbudos,LeitadorDeBarbudos,neutro,1.0,Eu tinha uma tatuagem e grudei uma lagartixa no meu braço em cima dela
1:20:12,4812,eriiz__,Eriiz__,engraçado,1.0,mano cara n aguentou nem 1 ano no brasil OMEGALUL
1:20:12,4812,dlemonster,DlEmonster,confuso,1.0,proxima live vai ser tatuando a largatixa
1:20:15,4815,ivctor,ivctor,neutro,1.0,tatua um morango com pescoço
1:20:15,4815,kiji_x,Kiji_X,confuso,1.0,baka pensa em fazer tatuagem?
1:20:20,4820,picolino0418,picolino0418,confuso,1.0,mudou muita coisa ai no japil bala?
1:20:20,4820,jeremias_telefones,jeremias_telefones,engraçado,1.0,jeremias_telefones subscribed at Tier 1. They've subscribed for 9 months! Mano Bagre de volta ao Japão Redondo. O mundo é diferente de Tokyo pra cá
1:20:22,4822,kise_ryota__,Kise_Ryota__,neutro,1.0,credo
1:20:23,4823,gondojr,gondojr,confuso,1.0,Tá com o rego molhado?
1:20:23,4823,maxdeltakun,maxdeltakun,neutro,1.0,"Vai gracinha, bebe tudo"
1:20:26,4826,arkkanjo10,arkkanjo10,negativo,0.5,"EU SOU FEIO, MAS TU, PQP"
1:20:28,4828,my_cat_is_meowing,my_cat_is_meowing,inspirado,0.5,Baka o Quilo do sexo continua o mesmo ou subiu?
1:20:31,4831,dustyy23,dustyy23,neutro,1.0,vai lá no bairro da luz vermelha comer uns biscoitos
1:20:32,4832,dnzinn5_,dnzinn5_,engraçado,1.0,Kkkkkkkkkkkkkkkkkkkkkkkkkkk
1:20:33,4833,joaozinhokct,joaozinhokct,confuso,1.0,Tá parado ai pq é ponto de droga baka?
1:20:33,4833,guymito,Guymito,confuso,1.0,vende droga no japão e gain?
1:20:34,4834,lkaleatorio,lkaleatorio,neutro,1.0,Safada
1:20:34,4834,this_is_pedro,This_is_Pedro,positivo,1.0,Guarda chuva laranja mó foda da mina
1:20:35,4835,brendeaq_,BrendeAq_,neutro,1.0,cenas lamentáveis
1:20:36,4836,imvitorsan,ImVitorSan,confuso,1.0,q isso
1:20:37,4837,ly_uu,Ly_uu,confuso,1.0,Bocejo de leite ?
1:20:39,4839,tristesatanexe,TristeSatanExe,neutro,1.0,Kakakkaakakakakakkakakakakakakka
1:20:43,4843,sr_ryann,Sr_Ryann,positivo,1.0,"toma tudo peituda, toma tudo gostosa"
1:20:44,4844,amauriagj,Amauriagj,neutro,1.0,tem que voltar naquele beco da arvore tarada Baka pra atualizar
1:20:44,4844,lucas_camargus,Lucas_Camargus,neutro,1.0,cirrose. Não chega aos 40
1:20:46,4846,uhh_carol,uhh_carol,neutro,1.0,Ta degustando o semen de padrasto
1:20:46,4846,residente_dorminhoko,residente_dorminhoko,neutro,1.0,para de fumar teu pulmão ja era
1:20:46,4846,jun_09t,jun_09t,confuso,1.0,"Baka, pode fazer aqueça surra de bunda que vc fazia antes? Com os seus queixos"
1:20:48,4848,konrayami,konrayami,engraçado,1.0,@arkkanjo10 olha esse carakkkkkkkkkkkkkkkkkkkkkkkkkkkkk
1:20:49,4849,duduh1303,duduh1303,confuso,1.0,Vc gosta do itachi baka ? Por que ele está atrás de você
1:20:49,4849,pedepanomttriste,PeDePanoMtTriste,positivo,1.0,Garganta boa
1:20:50,4850,chargasocetic0,chargasocetic0,neutro,1.0,safada
1:20:53,4853,ghxstxk_,ghxstxk_,neutro,1.0,"isso mesmo, bebe tudo"
1:20:53,4853,marryros098,marryros098,neutro,1.0,Quanto tu gastou pra ta ai ta ganhando bem né
1:20:53,4853,kthyosu,kthyosu,neutro,1.0,bebendo leite e gemendo vsf
1:20:55,4855,shingouki10,shingouki10,neutro,1.0,Tomando conhaque igual água tio
1:20:57,4857,ryan_goslingdrive7,ryan_goslingdrive7,neutro,1.0,O FDP para de gemer tô assistindo na tv
1:20:59,4859,joaozinhokct,joaozinhokct,confuso,1.0,ai pq é ponto de droga baka?
1:21:00,4860,deonehzio,DeoNehzio,positivo,0.667,O leite de minhapika melhorou as a extracístoles?
1:21:01,4861,caipirinha_2007,caipirinha_2007,neutro,1.0,baka foi caça pokemon...
1:21:01,4861,pabloner1,pabloner1,neutro,1.0,Qual a city
1:21:02,4862,danylo0110,danylo0110,confuso,1.0,já arrumou uma kawai ai no japa?
1:21:03,4863,joaoreisojisan,JoaoReisOjisan,positivo,1.0,um leve retrogosto peniano
1:21:05,4865,this_is_pedro,This_is_Pedro,neutro,1.0,Passa lá então
1:21:05,4865,felipedkalves,FelipeDKAlves,neutro,1.0,asmr sendo leitado
1:21:05,4865,leidsan,LeidSan,confuso,1.0,Gstou do leite de padastro????
1:21:07,4867,dlemonster,DlEmonster,neutro,1.0,de lamber os beiço
1:21:07,4867,carolina_yubari,Carolina_Yubari,neutro,1.0,Gemido
1:21:08,4868,tiagox321,Tiagox321,neutro,1.0,volta ali gracinha
1:21:08,4868,amauriagj,Amauriagj,engraçado,1.0,hahaha aí sim
1:21:11,4871,this_is_pedro,This_is_Pedro,neutro,1.0,Fecharam o beco
1:21:12,4872,knouck,knouck,neutro,1.0,cara bebendo água de chuca
1:21:14,4874,jhoneshark,Jhoneshark,confuso,1.0,Como ele está no Japao a mensagem demora 24h para chegar lá? Dúvida REAL cla
1:21:17,4877,kiji_x,Kiji_X,neutro,1.0,mandei demolir
1:21:17,4877,pedepanomttriste,PeDePanoMtTriste,neutro,1.0,N sei se ja falaro mas vc ta parecendo uma lésbica
1:21:26,4886,noriako,Noriako,neutro,1.0,veio gaijin
1:21:27,4887,girafalunar,GirafaLunar,confuso,1.0,isso ai e perto da linha verde?
1:21:30,4890,shingouki10,shingouki10,engraçado,1.0,KKKKKKKKKKK
1:21:30,4890,jun_09t,jun_09t,confuso,1.0,Baka voltou ou só está a pesseio?
1:21:31,4891,duduh1303,duduh1303,confuso,1.0,Itachi deu o leite pro baka ?
1:21:31,4891,vpacine,vpacine,neutro,1.0,vou fazer um contador de to zoando no chat
1:21:31,4891,udantebtw,udantebtw,neutro,1.0,amado batista
1:21:32,4892,pedro_polegar,pedro_polegar,engraçado,1.0,Dai ri e sai o trem pelo nariz
1:21:37,4897,guymito,Guymito,neutro,1.0,qual maior vergonha que ja passou no japão
1:21:38,4898,pedepanomttriste,PeDePanoMtTriste,neutro,1.0,Momento romântico
1:21:39,4899,noriako,Noriako,engraçado,1.0,"agora sim virou escrito de verdade, até o estilo"
1:21:42,4902,ryan_goslingdrive7,ryan_goslingdrive7,confuso,1.0,"Oq achou da substituição Do ator que vai fazer o Kratos, e o que vc acha do Dave Bautista????"
1:21:42,4902,soultzs1,soultzs1,neutro,1.0,e a calcinha do terraço baka
1:21:42,4902,ruizl17,ruizl17,neutro,1.0,"desculpa, eu esqueci de avisar"
1:21:43,4903,r_lira28,r_lira28,neutro,1.0,faz o L
1:21:46,4906,this_is_pedro,This_is_Pedro,neutro,1.0,Voltarei ao Japão e tamparão o Beco
1:21:46,4906,duukinhapressaum,duukinhapressaum,neutro,1.0,"Baka, faz cosplay do buzz Lightyear"
1:21:47,4907,joaozinhokct,joaozinhokct,confuso,1.0,ai é ponto de droga baka?
1:21:49,4909,joaoreisojisan,JoaoReisOjisan,confuso,1.0,exato! do mesmo jeito que sempre dá vontade de tossir quando você segura um peido
1:21:50,4910,thrillerzs,thrillerzs,neutro,1.0,Sênior gaijin
1:21:50,4910,mrpeanutel,mrpeanutel,confuso,1.0,Baka devo flertar com quem estou apaixonado sim ou não???? Responda rapido
1:21:50,4910,jaooveed,jaooveed,neutro,1.0,Ia ser legal
1:21:54,4914,danylo0110,danylo0110,neutro,1.0,+1000000 social credit
1:21:55,4915,ivctor,ivctor,negativo,1.0,"devia jogar mesmo, camera ruim da poha"
1:21:56,4916,xenohfanes,xenohfanes,neutro,1.0,joga no chão na dúvida
1:21:57,4917,eddie_campelo,eddie_campelo,engraçado,1.0,Kkkkkk
1:21:58,4918,amauriagj,Amauriagj,neutro,1.0,é tp festa de banqueiro no madame satã todo mundo se apaixona
1:21:59,4919,light_juggernaut,light_juggernaut,negativo,1.0,Aconteceu comigo uma vez e joguei meu vizinho no lixo
1:21:59,4919,cptrod,cptrod,confuso,1.0,Porque decidiu voltar para o Japão}?
1:22:01,4921,kevin19376,kevin19376,neutro,1.0,@bakagaijinlive vai ficar no Japão até quando
1:22:03,4923,ribossomo_,Ribossomo_,frustrado,0.5,não tem ninguem nessa cidade? pqp
1:22:05,4925,dantefqc,danTeFQC,confuso,1.0,baka ta na liberdade ?
1:22:11,4931,xdzz,XDzZ,confuso,1.0,voltou a morar no japa ?
1:22:12,4932,eddie_campelo,eddie_campelo,negativo,1.0,Joguei minha carteira no lixo
1:22:13,4933,this_is_pedro,This_is_Pedro,confuso,1.0,Pecado?
1:22:13,4933,kyry7i,kyry7i,neutro,1.0,O cara volta pro Japão só pra fazer live na Rua
1:22:14,4934,duduh1303,duduh1303,engraçado,1.0,Itachi tá no modo Sharingan
1:22:16,4936,znatron,zNatron,neutro,1.0,@mrpeanutel flerte apenas com a amante
1:22:16,4936,tiagoiced,TiagoIced,confuso,1.0,"Tomou uma leitada baka, como estava?"
1:22:16,4936,ryan_goslingdrive7,ryan_goslingdrive7,confuso,0.8,"Baka, Oq achou da substituição Do ator que vai fazer o Kratos na serie, e o que vc acha do Dave Bautista????"
1:22:17,4937,pedepanomttriste,PeDePanoMtTriste,neutro,1.0,Amen
1:22:18,4938,light_juggernaut,light_juggernaut,neutro,1.0,Saúde
1:22:23,4943,pedepanomttriste,PeDePanoMtTriste,neutro,1.0,Oh nojeira pode ir me tirando
1:22:24,4944,uhh_carol,uhh_carol,neutro,1.0,MEU DEUS
1:22:25,4945,maxdeltakun,maxdeltakun,neutro,1.0,Ó a poça aí man
1:22:27,4947,this_is_pedro,This_is_Pedro,neutro,1.0,Amém
1:22:28,4948,tify_y,tify_y,neutro,1.0,cidade fantasma
1:22:29,4949,shingouki10,shingouki10,engraçado,0.5,"@mrpeanutel N sou o baka mas n, fique sozin e triste kakakaka"
1:22:31,4951,tiagox321,Tiagox321,neutro,1.0,parte 2
1:22:32,4952,kouzafk,kouzafk,confuso,1.0,cade a parte 1?
1:22:32,4952,chorandodeprazer,chorandodeprazer,engraçado,1.0,@Ribossomo_ a geração de npcs esá bugada
1:22:33,4953,tristeegostoso,TristeeGostoso,neutro,1.0,ih
1:22:33,4953,dlemonster,DlEmonster,neutro,1.0,Amém
1:22:34,4954,girafalunar,GirafaLunar,neutro,1.0,a IA tmb e human made
1:22:35,4955,duhrock12,DuhRock12,engraçado,1.0,@Ribossomo_ 7 da manhã né
1:22:38,4958,igh0r5,Igh0r5,neutro,1.0,arrota gala de padastro
1:22:41,4961,duduh1303,duduh1303,confuso,1.0,Cadê os corvos do Itachi ?
1:22:43,4963,kaioralhow,kaioralhow,confuso,1.0,cade os graus celcius na tela?
1:22:43,4963,light_juggernaut,light_juggernaut,neutro,1.0,Peti peton
1:22:51,4971,lkaleatorio,lkaleatorio,neutro,1.0,Oh godzila
1:22:54,4974,guymito,Guymito,neutro,1.0,a zona no japao funciona de dia tbm ou so a noite
1:22:55,4975,pedepanomttriste,PeDePanoMtTriste,engraçado,1.0,Bridggite bardo
1:22:58,4978,phaantomlord,PhaantomLord,neutro,1.0,que belo tronco
1:23:00,4980,znatron,zNatron,engraçado,1.0,so abriu live pq choveu
1:23:02,4982,kevin19376,kevin19376,engraçado,1.0,Ele não pode ver um tronco ne kkkkkkkk
1:23:03,4983,zedabroca,ZeDaBroca,confuso,1.0,Eles ainda falam japonês?
1:23:03,4983,pristonfield,Pristonfield,neutro,1.0,mds
1:23:06,4986,amauriagj,Amauriagj,neutro,1.0,suculência
1:23:08,4988,ryan_goslingdrive7,ryan_goslingdrive7,neutro,1.0,Já pensou uma veia vai nessa live igual aquela
1:23:09,4989,eddie_campelo,eddie_campelo,confuso,1.0,O leitinho tava quente?
1:23:11,4991,lkaleatorio,lkaleatorio,confuso,1.0,No Japão eles rezam para o godzila?
1:23:11,4991,rantos9,rantos9,neutro,1.0,7:30 da manhã o Japão não acordou ainda
1:23:12,4992,pedepanomttriste,PeDePanoMtTriste,neutro,1.0,Mostra os lado fi
1:23:13,4993,luizleuzzi263,luizleuzzi263,confuso,1.0,você vai morar ai denovo baka?
1:23:17,4997,duduh1303,duduh1303,neutro,1.0,Os corvos sumiram depois que ele tomou leite
1:23:21,5001,jun_09t,jun_09t,confuso,1.0,Baka tá na Liberdade?
1:23:23,5003,caipirinha_2007,caipirinha_2007,engraçado,1.0,JinxLUL
1:23:23,5003,shingouki10,shingouki10,neutro,1.0,Vai tomar multa
1:23:23,5003,light_juggernaut,light_juggernaut,neutro,1.0,Liberdade evoluiu bastante nesse governo
1:23:24,5004,ryan_goslingdrive7,ryan_goslingdrive7,neutro,1.0,"Já pensou se uma veia cai no meio dessa live, igual na outra"
1:23:25,5005,pedepanomttriste,PeDePanoMtTriste,neutro,1.0,7:29
1:23:26,5006,gansolherminhow,Gansolherminhow,positivo,0.5,tá bom pra escorregar?
1:23:27,5007,kaiman16,kaiman16,confuso,1.0,Ta a quanto tempo no Japa????????
1:23:28,5008,ywkishiro,Ywkishiro,engraçado,1.0,se fosse no brasil voce cruzaria neh
1:23:29,5009,eddie_campelo,eddie_campelo,neutro,1.0,Anarquista
1:23:30,5010,arki_core1,arki_core1,confuso,1.0,Vai ficar salva a live ?
1:23:30,5010,stilvox,Stilvox,positivo,1.0,Bom dia
1:23:34,5014,coolmelado,coolmelado,neutro,1.0,BAKA!!! Faz uma live alcoólica cheirando cola! Por favo por favo por favorzinhoooo
1:23:35,5015,pedepanomttriste,PeDePanoMtTriste,neutro,1.0,Ta errado
1:23:36,5016,gabrielkamui,gabrielkamui,neutro,1.0,Baka voltou ao Jap
1:23:40,5020,marryros098,marryros098,neutro,1.0,Caralho ai ta 7 da manhã
1:23:42,5022,joaozinhokct,joaozinhokct,confuso,1.0,Tá podendo gozar já?
1:23:42,5022,joaoreisojisan,JoaoReisOjisan,neutro,1.0,é que cê só passava aí de madrugada
1:23:45,5025,phaantomlord,PhaantomLord,neutro,1.0,É o ano do Ivern no Japão
1:23:48,5028,pedepanomttriste,PeDePanoMtTriste,neutro,1.0,É desabrocham
1:23:49,5029,dnzinn5_,dnzinn5_,confuso,1.0,O q q se a ha de fazer uma live de madrugada baka?
1:23:50,5030,carolina_yubari,Carolina_Yubari,neutro,1.0,Alice in borderland
1:23:52,5032,nunes013,nunes013,confuso,1.0,ja é quase 7h?
1:23:54,5034,guymito,Guymito,neutro,1.0,baka ensina nois a comprar droga ai no japao
1:23:55,5035,light_juggernaut,light_juggernaut,neutro,1.0,!clima
1:23:56,5036,bob_zink,bob_zink,neutro,1.0,deportado
1:23:56,5036,stilvox,Stilvox,neutro,1.0,Tem noite que é dia
1:23:56,5036,rogeriuuuu,rogeriuuuu,neutro,1.0,!clima
1:23:56,5036,meth10,meth10,neutro,1.0,meu deus
1:23:57,5037,dnzinn5_,dnzinn5_,neutro,1.0,acha*
1:23:58,5038,duduh1303,duduh1303,neutro,1.0,Baka tomou leite dos corvos
1:23:59,5039,bananils0n_farofa,Bananils0n_farofa,neutro,1.0,!clima
1:23:59,5039,rantos9,rantos9,neutro,1.0,"atravessa ai, vida loka"
1:24:00,5040,coolmelado,coolmelado,neutro,1.0,!altura
1:24:00,5040,ribossomo_,Ribossomo_,neutro,1.0,!clima
1:24:05,5045,pedro_polegar,pedro_polegar,confuso,1.0,Preso pode ta?
1:24:06,5046,danylo0110,danylo0110,neutro,1.0,-19999 social credit
1:24:06,5046,shingouki10,shingouki10,neutro,1.0,!clima
1:24:07,5047,senhor_sorvete,senhor_sorvete,confuso,1.0,por que nao tem ngm na rua?
1:24:07,5047,mercurioz9,mercurioz9,neutro,1.0,Baka deixa o vod da live pfvr
1:24:07,5047,pedepanomttriste,PeDePanoMtTriste,neutro,1.0,Tira o Ja
1:24:08,5048,r_lira28,r_lira28,engraçado,1.0,criminoso
1:24:08,5048,sky_x_x_x,SKY_x_x_x,neutro,1.0,cara ja volto pros homi
1:24:09,5049,eddie_campelo,eddie_campelo,neutro,1.0,Contra o sistema
1:24:10,5050,rantos9,rantos9,neutro,1.0,!clima
1:24:10,5050,kyry7i,kyry7i,neutro,1.0,Baka voltou ao Japil antes do The Batman 2
1:24:10,5050,kevin19376,kevin19376,neutro,1.0,Tá morando aí
1:24:13,5053,gacs174,gacs174,neutro,1.0,atravessou na diagonal ainda por cima
1:24:13,5053,ryan_goslingdrive7,ryan_goslingdrive7,neutro,1.0,Baka derruba uma veia no chão e finge que vai ajudar em seguida pra gente clipar
1:24:15,5055,palhaco7,palhaco7,neutro,1.0,Coisa pouca
1:24:16,5056,rantos9,rantos9,neutro,1.0,aqui é o Brasil
1:24:17,5057,tiagox321,Tiagox321,neutro,1.0,povo trabalhando e o baka bakando
1:24:19,5059,jaooveed,jaooveed,neutro,1.0,Cadê o beco  bala
1:24:20,5060,jeancamargoreal,JeanCamargoReal,confuso,1.0,Voltou para o Japão para fugir da investigação do Master né? Recebeu Pix do Vorcaro né?
1:24:21,5061,tristesatanexe,TristeSatanExe,neutro,1.0,!clima tokyo
1:24:22,5062,brabodekonona,brabodekonona,confuso,1.0,E baka sua última live não ficou salva na Twitch oque aconteceu????????
1:24:23,5063,alandavl,alandavl,neutro,1.0,@senhor_sorvete 7 da manha
1:24:25,5065,pedro_polegar,pedro_polegar,neutro,1.0,Tá devendo uma live na cadeia
1:24:27,5067,joaozinhokct,joaozinhokct,confuso,1.0,Tá podendo gozar? ou ta cedo?
1:24:28,5068,duduh1303,duduh1303,confuso,1.0,Como estava o leite dos corvos ?
1:24:30,5070,tadashii_eu,tadashii_eu,confuso,1.0,oloco voltou mermo?
1:24:36,5076,coolmelado,coolmelado,neutro,1.0,!alturadoBaka
1:24:37,5077,stilvox,Stilvox,neutro,1.0,Não é mais o mesmo
1:24:38,5078,guymito,Guymito,confuso,1.0,proxima leve de volta as biqueiras do japão
1:24:41,5081,jun_09t,jun_09t,neutro,1.0,"Baka tira esse fundo verde ai, a gente sabe que tu tá no Brasil ainda"
1:24:42,5082,light_juggernaut,light_juggernaut,confuso,1.0,Baka vai sair pra presidente esse ano?
1:24:44,5084,thrillerzs,thrillerzs,neutro,1.0,Olha a poça
1:24:47,5087,rikyopa,RikyOpa,neutro,1.0,!solteiro
1:24:51,5091,amauriagj,Amauriagj,neutro,1.0,acontece tem que ter as preliminares pra esquentar
1:24:53,5093,kakumgamer,kakumgamer,neutro,1.0,"cidade vazia, parece que está abandonada"
1:24:53,5093,maxxy_bb,maxxy_bb,neutro,1.0,nao aguentou 1 ano no brasil
1:24:54,5094,r3d_bottle,r3d_bottle,neutro,1.0,Não adianta mamar pelo choro leitado
1:24:55,5095,putiferoo,putiferoo,neutro,1.0,!querodar
1:24:58,5098,lm__a,LM__a,engraçado,1.0,baka voltando as origens
1:24:59,5099,gabrielkamui,gabrielkamui,engraçado,1.0,KKKKKKKKKKKKK
1:24:59,5099,jonascomg,JonasComG,engraçado,1.0,kkkkkkkkkkk
1:25:00,5100,closethezipper,closethezipper,engraçado,1.0,kkkkkkkkkkkkkkkkkkkkk
1:25:00,5100,licht_zayy,licht_zayy,engraçado,0.5,E a cortina lá que tu derramou o café? Kkkkkk
1:25:01,5101,ribossomo_,Ribossomo_,neutro,1.0,NERDS
1:25:01,5101,kise_ryota__,Kise_Ryota__,neutro,1.0,www
1:25:01,5101,duh_dudu_edu,duh_dudu_edu,engraçado,1.0,kkk
1:25:02,5102,jun_09t,jun_09t,neutro,1.0,tik toker
1:25:02,5102,rapha92santos,rapha92santos,neutro,1.0,tiktok
1:25:02,5102,light_juggernaut,light_juggernaut,neutro,1.0,Farmando laura
1:25:03,5103,bob_zink,bob_zink,neutro,1.0,dança da chuva
1:25:04,5104,lkaleatorio,lkaleatorio,neutro,1.0,Eita armys
1:25:04,5104,residente_dorminhoko,residente_dorminhoko,engraçado,1.0,KKKKKKKKKKKKKKK
1:25:04,5104,pudera,pudera,engraçado,1.0,kkkkkk
1:25:04,5104,bananils0n_farofa,Bananils0n_farofa,engraçado,1.0,KKKKKKKK
1:25:04,5104,pedro_polegar,pedro_polegar,neutro,1.0,Farmando aura po
1:25:04,5104,this_is_pedro,This_is_Pedro,confuso,1.0,Paulistas??
1:25:05,5105,pulchram12,pulchram12,engraçado,1.0,Wtf kkkkkkkk
1:25:05,5105,picolino0418,picolino0418,engraçado,1.0,kkkkkkkkkkkkkk
1:25:05,5105,parcival_x,Parcival_x,engraçado,1.0,kkkkkkkkkkkkkkkkkkkkkkkkkk
1:25:05,5105,re4per_r_,re4per_r_,engraçado,1.0,kkkkkkkkkk
1:25:06,5106,ratoacucar,ratoacucar,neutro,1.0,spammando emote
1:25:06,5106,snowzinhooodobaire,雪が少ない,engraçado,0.667,Oxi kkkk
1:25:06,5106,zkamykazez,zKAMYKAZEz,engraçado,1.0,KKKKKKKKKKKKKKKKKKKKKKKKKKKKK
1:25:06,5106,palhaco7,palhaco7,neutro,1.0,Baile em São Paulo é isso ai
1:25:07,5107,marryros098,marryros098,neutro,1.0,Qkkakaka
1:25:07,5107,r_lira28,r_lira28,neutro,1.0,vai lá dançar tbm
1:25:07,5107,downn10,downn10,engraçado,1.0,kkkkkkkkkkk
1:25:07,5107,kenshikyu,KenshiKyu,neutro,1.0,esses ai sao paulistas
1:25:07,5107,poisu_,poisu_,engraçado,1.0,KKKKKKKKKKK
1:25:08,5108,bananils0n_farofa,Bananils0n_farofa,neutro,1.0,Vai lá
1:25:08,5108,senhor_sorvete,senhor_sorvete,engraçado,1.0,saindo do bar agora kkk
1:25:08,5108,fibbs,フィブス,neutro,1.0,dança da chuva CaitThinking
1:25:09,5109,monza_furioso,monza_furioso,neutro,1.0,dançando pro taxi
1:25:09,5109,rikyopa,RikyOpa,neutro,1.0,patch note pra arrumar isso vem semana q vem
1:25:09,5109,brucecorp,brucecorp,neutro,1.0,é para para
1:25:11,5111,stilvox,Stilvox,neutro,1.0,Só gente estranha
1:25:11,5111,duhrock12,DuhRock12,neutro,1.0,@maxxy_bb Intankavel
1:25:11,5111,this_is_pedro,This_is_Pedro,neutro,1.0,Paulista no Japão
1:25:11,5111,gmblost,gmbLOST,engraçado,1.0,kkkkkkkkkkk
1:25:12,5112,meth10,meth10,neutro,1.0,sabadou
1:25:12,5112,palhaco7,palhaco7,neutro,1.0,É paulista ctz
1:25:12,5112,ryan_goslingdrive7,ryan_goslingdrive7,confuso,1.0,Quando que vc vai comprar uma calcinha dnv num Orbe pra esconder dnv num terraço?????
1:25:12,5112,tristesatanexe,TristeSatanExe,confuso,1.0,Papo De Casal?
1:25:12,5112,eddie_campelo,eddie_campelo,confuso,1.0,Os npc tão como?
1:25:13,5113,caiopinto120887,caiopinto120887,neutro,1.0,Tiktok
1:25:13,5113,residente_dorminhoko,residente_dorminhoko,engraçado,1.0,Fritadão de pó
1:25:14,5114,ribossomo_,Ribossomo_,neutro,1.0,parece os paulista
1:25:15,5115,joaozinhokct,joaozinhokct,neutro,1.0,Farm de aura
1:25:15,5115,jeffstaz,jeffstaz,neutro,1.0,Parece aqueles baile de sp
1:25:15,5115,wesleykolomar_br,wesleykolomar_br,neutro,1.0,tão farmando aura+ego pro max la ele v2
1:25:16,5116,duukinhapressaum,duukinhapressaum,neutro,1.0,Minha 5090 não tá aguentando esses graficuzinhus
1:25:16,5116,shingouki10,shingouki10,neutro,1.0,Tão se amando se pa
1:25:18,5118,lkaleatorio,lkaleatorio,neutro,1.0,Divas
1:25:18,5118,chorandodeprazer,chorandodeprazer,neutro,1.0,deve ser sidequest; vai lá
1:25:18,5118,cazlim,CazLim,confuso,1.0,Quest nova?
1:25:19,5119,zytman_,Zytman_,confuso,1.0,"f,az quanto tempo que vc voltou baka?"
1:25:19,5119,jhoneshark,Jhoneshark,engraçado,1.0,isso é falta de crime no pais
1:25:19,5119,pedepanomttriste,PeDePanoMtTriste,neutro,1.0,Mais um jogo rushado
1:25:19,5119,joaoreisojisan,JoaoReisOjisan,positivo,1.0,a noite deles foi boa...
1:25:19,5119,beatrizcrotti,beatrizcrotti,neutro,1.0,tao no baile da d17
1:25:19,5119,gondojr,gondojr,neutro,1.0,Vieram do beco do rego molhado
1:25:19,5119,kiialk,kiialk,neutro,1.0,sp
1:25:20,5120,thorlight9,thorlight9,neutro,1.0,Eles precisam conquistar o taxi
1:25:20,5120,vinisoaress_,vinisoaress_,neutro,1.0,estranhos e doidos
1:25:20,5120,monza_furioso,monza_furioso,neutro,1.0,otakus de taxi
1:25:20,5120,marcelo_dev,marcelo_dev,neutro,1.0,Pensei que estavam farmando aura
1:25:20,5120,hellsing0123,hellsing0123,confuso,1.0,isso ai é Japao ou Av.Paulista? os NPC sao o mesmo
1:25:21,5121,tify_y,tify_y,neutro,1.0,estão farmando aura
1:25:21,5121,re4per_r_,re4per_r_,engraçado,1.0,Evento secundario ativado vai la
1:25:21,5121,danylo0110,danylo0110,neutro,1.0,acham que estao em um filme
1:25:21,5121,guymito,Guymito,neutro,1.0,bugou a animação
1:25:21,5121,jun_09t,jun_09t,neutro,1.0,dança junto
1:25:22,5122,ohenriquexxi,oHenriqueXXI,neutro,1.0,toma taunt
1:25:22,5122,peterdcn,peterdcn,neutro,1.0,tão mais felizes que a gente
1:25:22,5122,davisouza78,davisouza78,engraçado,1.0,É OS GURI FI
1:25:22,5122,tadashii_eu,tadashii_eu,engraçado,1.0,KKKK
1:25:23,5123,gabrielkamui,gabrielkamui,neutro,1.0,@BakaGaijinLive esses mandrakes do japão
1:25:24,5124,brunokingb3,brunokingb3,neutro,1.0,Prova do Round 6
1:25:26,5126,guilhermesl45,guilhermesl45,neutro,1.0,Coisa linda
1:25:29,5129,dwkbr,DwKBR,confuso,1.0,Voltou a morar ai?
1:25:29,5129,palhaco7,palhaco7,neutro,1.0,É do teu povo fi
1:25:30,5130,akirosetonai,AkiroSetonai,confuso,1.0,dança do acasalamento?
1:25:32,5132,passarobllue,passarobllue,neutro,1.0,É dança da chuva
1:25:33,5133,lumchannel,LumChannel,neutro,1.0,Dancing in the rain
1:25:33,5133,caipirinha_2007,caipirinha_2007,neutro,1.0,farmando aura...
1:25:33,5133,rantos9,rantos9,engraçado,1.0,kkkkk
1:25:35,5135,imfilty,ImFilty,neutro,1.0,AH UMA COÇA
1:25:36,5136,amauriagj,Amauriagj,neutro,1.0,parece que tão sendo eletrocutado tp o episódio do chaves
1:25:36,5136,potatuseffectus,potatuseffectus,engraçado,1.0,"interage com eles, é evento aleatorio"
1:25:37,5137,brmarciomfx,BrMarcioMFX,engraçado,1.0,kkk
1:25:38,5138,guymito,Guymito,confuso,1.0,e a beta do sexo 2 ta com mt bug ainda?
1:25:38,5138,daikii_zzz,daikii_zzz,neutro,1.0,Npc com emote
1:25:41,5141,arelich,Arelich,neutro,1.0,casal feliz
1:25:42,5142,princesscallmespice,PrincessCallMeSpice,neutro,1.0,gravando tiktok
1:25:45,5145,ryan_goslingdrive7,ryan_goslingdrive7,neutro,1.0,@bakagaijinlive compra uma calcinha num Orbe e esconde numa parede de um Terraço
1:25:49,5149,alandavl,alandavl,neutro,1.0,5
1:25:50,5150,bakalovers,bakalovers,positivo,1.0,"Cheer1 depois dizem que Deus é perfeito, olha esses bugs no código"
1:25:50,5150,erickhsn,erickhsn,neutro,1.0,megami
1:25:51,5151,this_is_pedro,This_is_Pedro,neutro,1.0,Três olhos
1:25:53,5153,light_juggernaut,light_juggernaut,neutro,1.0,5 com o olho do cu
1:25:55,5155,residente_dorminhoko,residente_dorminhoko,neutro,1.0,os cara tão se divertindo
1:25:55,5155,palhaco7,palhaco7,neutro,1.0,5 né
1:25:57,5157,coolmelado,coolmelado,neutro,1.0,E dois cools
1:25:58,5158,danylo0110,danylo0110,neutro,1.0,duvido entrar debaixo desse onibus
1:25:59,5159,gondojr,gondojr,confuso,1.0,E o olho do butico?
1:25:59,5159,renanzex10,RenanZex10,neutro,1.0,Vc foi para o campeonato mundial de farmar áurea
1:26:00,5160,passarobllue,passarobllue,positivo,1.0,Vamo ve o cu dele
1:26:06,5166,sky_x_x_x,SKY_x_x_x,neutro,1.0,emolje
1:26:08,5168,ivctor,ivctor,neutro,1.0,entra nesse onibus ai e desce em qualquer lugar
1:26:09,5169,this_is_pedro,This_is_Pedro,neutro,1.0,Emoticon
1:26:12,5172,girafalunar,GirafaLunar,neutro,1.0,e o k9
1:26:16,5176,technologiclul,technologicLUL,neutro,1.0,errado tem 5
1:26:19,5179,jun_09t,jun_09t,confuso,1.0,"Baka, já que tu voltou ao Japão, e estava fora a 1 ano, o quilo do sexo aumentou aí?"
1:26:20,5180,ryan_goslingdrive7,ryan_goslingdrive7,confuso,1.0,Baka em qual LV vc está atualmente?
1:26:25,5185,eddie_campelo,eddie_campelo,neutro,1.0,Isso é efeito do wasabi
1:26:27,5187,imfilty,ImFilty,engraçado,1.0,áurea @RenanZex10 kkkkkkkkkkkk
1:26:27,5187,jeffstaz,jeffstaz,neutro,1.0,Fizeram kill e usaram emoti pra zoar o spec
1:26:27,5187,sky_x_x_x,SKY_x_x_x,neutro,1.0,cai ai e farma clip
1:26:30,5190,pedro_polegar,pedro_polegar,neutro,1.0,Faz o moonwalk
1:26:32,5192,bakalovers,bakalovers,positivo,1.0,"Cheer1 claramente bugado esses NPC aí, daqui a pouco eles saem girando"
1:26:35,5195,this_is_pedro,This_is_Pedro,neutro,1.0,Aqui também tá nublado uia
1:26:38,5198,ryan_goslingdrive7,ryan_goslingdrive7,confuso,1.0,baka qual o seu nível de Inglês?
1:26:52,5212,lobisome_do_arvoredo,Lobisome_do_Arvoredo,confuso,1.0,que horas o punhetaço de hj?
1:26:55,5215,this_is_pedro,This_is_Pedro,neutro,1.0,Brasil da mais Xp
1:26:57,5217,tadashii_eu,tadashii_eu,neutro,1.0,Taa
1:27:01,5221,guymito,Guymito,neutro,1.0,sai andando e t-pose pra ver se o dev vem arrumar
1:27:01,5221,maxxy_bb,maxxy_bb,confuso,1.0,leite?
1:27:04,5224,alektrospirozy,Alektrospirozy,neutro,1.0,baka você precisa de um tenis antiderrapador
1:27:04,5224,joaozinhokct,joaozinhokct,neutro,1.0,69
1:27:04,5224,ratoacucar,ratoacucar,neutro,1.0,foi boostado
1:27:05,5225,lumchannel,LumChannel,confuso,1.0,Mob dick?
1:27:06,5226,tadashii_eu,tadashii_eu,neutro,1.0,169
1:27:06,5226,gabrielkamui,gabrielkamui,neutro,1.0,1-69
1:27:07,5227,pedepanomttriste,PeDePanoMtTriste,neutro,1.0,Tarado
1:27:08,5228,kouzafk,kouzafk,neutro,1.0,baka fez elojob
1:27:09,5229,luish3n,LuisH3n,confuso,1.0,recebeu uma mamada?
1:27:09,5229,tiagox321,Tiagox321,neutro,1.0,"multiplicador aqui é x1,97%"
1:27:09,5229,lich7s,lich7s,confuso,1.0,q?
1:27:10,5230,residente_dorminhoko,residente_dorminhoko,neutro,1.0,loucura upou mt
1:27:10,5230,hesiogu,hesiogu,neutro,1.0,Tava fazendo bootcamp no brasil
1:27:10,5230,r_lira28,r_lira28,neutro,1.0,"69, delícia"
1:27:12,5232,stilvox,Stilvox,neutro,1.0,Aqui é double XP
1:27:13,5233,ryan_goslingdrive7,ryan_goslingdrive7,neutro,1.0,Justo
1:27:13,5233,yuriairesb,YuriAiresB,confuso,1.0,"Bala, teu chip do Japão ainda tinha crédito?"
1:27:16,5236,coolmelado,coolmelado,engraçado,1.0,69 galera haha sexo..
1:27:18,5238,duukinhapressaum,duukinhapressaum,neutro,1.0,Isso é na liberdade né
1:27:20,5240,kevin19376,kevin19376,neutro,1.0,Baka vai ficar aí até quando
1:27:20,5240,tadashii_eu,tadashii_eu,confuso,1.0,tem raid ai no japao pra fazer?
1:27:21,5241,joaoreisojisan,JoaoReisOjisan,neutro,1.0,tá parecendo Santa Cecília pra cima da Praça Marechal...
1:27:22,5242,jhoneshark,Jhoneshark,neutro,1.0,"mas perdeu o SHILD né, passou pelo RJ @BakaGaijinLive"
1:27:23,5243,rafael_gouvea75,rafael_gouvea75,positivo,0.5,"Baka, é verdade que não existe amor em SP ?"
1:27:23,5243,downn10,downn10,neutro,1.0,evento de XP em dobro
1:27:25,5245,this_is_pedro,This_is_Pedro,confuso,1.0,Tá pesando 169 que isso?
1:27:25,5245,pedepanomttriste,PeDePanoMtTriste,neutro,1.0,Servidor competitivo é outra parada ne
1:27:26,5246,mwm93,Mwm93,neutro,1.0,Baka fez blowjob
1:27:29,5249,brabodekonona,brabodekonona,confuso,1.0,Suas live não fica mais salva ?
1:27:30,5250,demonsfilippo,DemonsFilippo,frustrado,1.0,Baka nao tanko o Bostil
1:27:30,5250,re4per_r_,re4per_r_,neutro,1.0,Agora só rushar a Main Quest
1:27:36,5256,licht_zayy,licht_zayy,neutro,1.0,Jajá tu chega no 190
1:27:37,5257,lkaleatorio,lkaleatorio,confuso,1.0,Rua sem burraco que nojo
1:27:37,5257,igh0r5,Igh0r5,engraçado,1.0,xp triplo
1:27:40,5260,bob_zink,bob_zink,neutro,1.0,deportado dnv
1:27:41,5261,ivctor,ivctor,neutro,1.0,a tradição esta morrendo
1:27:42,5262,gabrielrio2,gabrielrio2,engraçado,0.5,gabrielrio2 subscribed with Prime. They've subscribed for 3 months! volto pra morar ou viajar?
1:27:43,5263,girafalunar,GirafaLunar,neutro,1.0,deportado
1:27:46,5266,ryan_goslingdrive7,ryan_goslingdrive7,confuso,1.0,É verdade que interagir com idosos da o dobro de XP?
1:27:46,5266,arthu_rw,arthu_rw,confuso,1.0,tem parque aberto a essas horas?
1:27:47,5267,cptrod,cptrod,engraçado,1.0,Infrigindo a leu
1:27:47,5267,guymito,Guymito,neutro,1.0,ja enfrentou o nobunaga pra upar ai no japão
1:27:47,5267,danylo0110,danylo0110,neutro,1.0,-99999 social credit
1:27:47,5267,gabrielkamui,gabrielkamui,frustrado,1.0,"@DemonsFilippo nn tanko, acredita kwk"
1:27:48,5268,jun_09t,jun_09t,neutro,1.0,deportado
1:27:51,5271,residente_dorminhoko,residente_dorminhoko,neutro,1.0,as leis só valem após as 8
1:27:51,5271,cptrod,cptrod,engraçado,1.0,infringindo a lei
1:27:54,5274,eddie_campelo,eddie_campelo,engraçado,1.0,Revolucionário
1:27:56,5276,marryros098,marryros098,neutro,1.0,Bah
1:27:56,5276,stilvox,Stilvox,engraçado,1.0,Tanto de faixa e anda no meio do cruzamento kkkk
1:27:58,5278,this_is_pedro,This_is_Pedro,neutro,1.0,7 da manhã as leis não existem
1:27:58,5278,thrillerzs,thrillerzs,engraçado,0.5,169 é o peso? ZUERA
1:27:58,5278,imfilty,ImFilty,neutro,1.0,"tá meio porre sem ngm, volta ai a noite"
1:28:03,5283,sr_ryann,Sr_Ryann,neutro,1.0,"país que funciona, decaiu no meu conceito"
1:28:04,5284,ka1zh,ka1zh,neutro,1.0,piu piu
1:28:04,5284,coolmelado,coolmelado,neutro,1.0,O Trump vai te mandar de volta @Baka!!
1:28:05,5285,sky_x_x_x,SKY_x_x_x,neutro,1.0,como ta sendo a 1 vez ai no japao
1:28:06,5286,duukinhapressaum,duukinhapressaum,neutro,1.0,Jajá chega no 171
1:28:12,5292,manovitaobr,manovitaobr,neutro,1.0,bakagaPiu bakagaPiu
1:28:16,5296,retcka,retcka,positivo,1.0,"bom te ver de volta ao Japão !! agora é só entrar em algum beco , subir em algum prédio e ver aquela famosa cueca no terraço novamente"
1:28:18,5298,ka1zh,ka1zh,neutro,1.0,bakagaPiu
1:28:19,5299,light_juggernaut,light_juggernaut,neutro,1.0,Negado E deportado
1:28:20,5300,snowzinhooodobaire,雪が少ない,engraçado,1.0,Kkkkk
1:28:21,5301,marryros098,marryros098,neutro,1.0,NotLikeThis NotLikeThis NotLikeThis NotLikeThis
1:28:21,5301,pedepanomttriste,PeDePanoMtTriste,neutro,1.0,Infelizmente deverá ser executado
1:28:24,5304,ryan_goslingdrive7,ryan_goslingdrive7,confuso,1.0,tá ansioso pra GTA Vi? Davi Jones disse que vai ter Secso
1:28:27,5307,this_is_pedro,This_is_Pedro,confuso,1.0,Girls Bar quando?
1:28:27,5307,tiagox321,Tiagox321,neutro,1.0,o barsi
1:28:29,5309,guiih9fps,guiih9fps,confuso,1.0,ta no japao pra ficar ou pra visitar so baka ?
1:28:31,5311,eddie_campelo,eddie_campelo,neutro,1.0,Felizmente negado
1:28:33,5313,sr_ryann,Sr_Ryann,neutro,1.0,bakagaPiu
1:28:36,5316,renanzex10,RenanZex10,neutro,1.0,"Aí é igual na Corea do norte, tudo ator."
1:28:44,5324,deivmr,DeivMr,neutro,1.0,casa de massagens pfv
1:28:47,5327,flowxr6,flowxr6,confuso,1.0,Virou becologo novamente?
1:28:47,5327,kevin19376,kevin19376,confuso,1.0,Baka já voltou com a tara em beco ?
1:28:48,5328,gabrielrio2,gabrielrio2,confuso,1.0,volto pro japão pra jogar gta vi antes do tempo?
1:28:49,5329,luizleuzzi263,luizleuzzi263,confuso,1.0,se vai ficar quanto tempo ai bakinha?
1:28:54,5334,residente_dorminhoko,residente_dorminhoko,negativo,1.0,"porra, jogo lixo"
1:28:57,5337,duduh1303,duduh1303,engraçado,0.5,Baka vai encontrar um lua superior no beco ?
1:28:57,5337,this_is_pedro,This_is_Pedro,neutro,1.0,Comprar um ps5 pro pra rodar em 31 fps
1:28:59,5339,rlkdomiranha,rlkdomiranha,neutro,1.0,olk
1:29:00,5340,pedepanomttriste,PeDePanoMtTriste,frustrado,1.0,Mais um jogo rushado pqp
1:29:00,5340,guymito,Guymito,confuso,1.0,vai assistir o novo filme do street fighter?
1:29:00,5340,sky_x_x_x,SKY_x_x_x,neutro,1.0,ja meti refund
1:29:01,5341,mizor_ks,Mizor_ks,confuso,1.0,isso dai não é na liberdade?
1:29:02,5342,rauldesouz,rauldesouz,neutro,1.0,realismo zero
1:29:02,5342,fabriciofalcaobr22,FabricioFalcaobr22,neutro,1.0,DEIXA A LIVE SALVA POR FAVOR
1:29:04,5344,sixtyhzrl,sixtyhzRL,neutro,1.0,k
1:29:06,5346,pedepanomttriste,PeDePanoMtTriste,neutro,1.0,Injogavel mano
1:29:06,5346,snowjow,Snowjow,neutro,1.0,quando sair pra pc vai ter
1:29:09,5349,yamadafn,yamadafn,engraçado,1.0,e o curintia
1:29:09,5349,jun_09t,jun_09t,confuso,1.0,"Baka, voce perdeu aquela calcinha? Para você usar depois de 1 ano"
1:29:11,5351,jamorangoo12,JaMorangoo12,neutro,1.0,Volto pro japão so pra jogar gta 6 antes de tds ne
1:29:12,5352,parcival_x,Parcival_x,neutro,1.0,paia mesmo
1:29:13,5353,licht_zayy,licht_zayy,neutro,1.0,“ E tem sexo nesse jogo ” ~ mago Davy jones
1:29:15,5355,residente_dorminhoko,residente_dorminhoko,neutro,1.0,rouba uma bike ai na moral
1:29:16,5356,fabriciofalcaobr22,FabricioFalcaobr22,neutro,1.0,Deixa o VOD salvo
1:29:17,5357,chocobo_frito,chocobo_frito,confuso,1.0,"que isso, baka de volta ao seu habitat natural"
1:29:17,5357,ryan_goslingdrive7,ryan_goslingdrive7,neutro,1.0,Mas vai ter Sexo a dois
1:29:19,5359,lumchannel,LumChannel,neutro,1.0,Injogavel
1:29:19,5359,snowzinhooodobaire,雪が少ない,neutro,1.0,Injogavel
1:29:21,5361,this_is_pedro,This_is_Pedro,neutro,1.0,Quantas Bicicletas
1:29:21,5361,lkaleatorio,lkaleatorio,neutro,1.0,Slk bike grátis
1:29:23,5363,sr_ryann,Sr_Ryann,confuso,0.667,vai dar pra parir e comer a própria placenta no GTA 6??
1:29:23,5363,rodolfofdias87,rodolfofdias87,engraçado,1.0,Bela piada de fimose
1:29:23,5363,eddie_campelo,eddie_campelo,neutro,1.0,Síndrome de abstinência de beco
1:29:25,5365,coolmelado,coolmelado,confuso,0.667,QUANDO VAO LANÇA O GTA7??? O ROCKSTAR🤬🤬🤬🤬🤬🤬
1:29:26,5366,n1colasmec,n1colasmec,neutro,1.0,"otima observação, tenho  o mesmo pensamento, se não tem como comer a fimose não existe a minima oportunidade de ser o goty"
1:29:27,5367,jaooveed,jaooveed,neutro,1.0,Pega uma bike ai baka
1:29:29,5369,duduh1303,duduh1303,engraçado,1.0,Baka se tornou um lua superior
1:29:32,5372,light_juggernaut,light_juggernaut,neutro,1.0,Marmelada
1:29:32,5372,pedepanomttriste,PeDePanoMtTriste,engraçado,0.333,O que eu vou minha bctinha pro Jason é putaria
1:29:32,5372,passarobllue,passarobllue,positivo,0.5,A live ta boa mas esse cara falando que incomoda
1:29:35,5375,sky_x_x_x,SKY_x_x_x,neutro,1.0,de polvo
1:29:36,5376,l4wert,L4wert,engraçado,1.0,"L4wert subscribed with Prime. They've subscribed for 32 months, currently on a 1 month streak! bundinha baka, go drinking"
1:29:37,5377,rauldesouz,rauldesouz,neutro,1.0,beco playboy
1:29:41,5381,residente_dorminhoko,residente_dorminhoko,engraçado,1.0,poderia ter roubado uma bike
1:29:41,5381,thrillerzs,thrillerzs,neutro,1.0,*Dies from paia *
1:29:41,5381,el_v1nny,el_v1nny,neutro,1.0,Mais punk
1:29:42,5382,fofinhozica,fofinhozica,engraçado,1.0,istrite
1:29:43,5383,modus1,modus1,confuso,1.0,baka vai ficar no japão ou só ta no passeio?
1:29:44,5384,caipirinha_2007,caipirinha_2007,neutro,1.0,FootYellow
1:29:44,5384,ryan_goslingdrive7,ryan_goslingdrive7,confuso,1.0,Lembrou aquele ep de Dr Who que os grafites ganham vida
1:29:48,5388,usuarioblock2,usuarioblock2,engraçado,1.0,usuarioblock2 is gifting 1 Tier 1 Subs to BakaGaijinLive's community! They've gifted a total of 1 in the channel!
1:29:48,5388,carolina_yubari,Carolina_Yubari,neutro,1.0,Jujutsu
1:29:48,5388,usuarioblock2,usuarioblock2,engraçado,1.0,usuarioblock2 gifted a Tier 1 sub to Almirante_Lunar_69!
1:29:50,5390,kevin19376,kevin19376,neutro,1.0,Vai ficar aí até quando
1:29:51,5391,this_is_pedro,This_is_Pedro,engraçado,1.0,KKKKKKKKKKKKKKKKKKK
1:29:52,5392,rick_le_vrai,rick_le_vrai,confuso,1.0,sexo 2 já foi lançado?
1:29:52,5392,dlemonster,DlEmonster,neutro,1.0,GeTEAru roku
1:29:52,5392,r_lira28,r_lira28,positivo,1.0,era mais melhor
1:29:53,5393,wesleykolomar_br,wesleykolomar_br,neutro,1.0,nossa lembrei desse lugar
1:29:54,5394,dnzinn5_,dnzinn5_,neutro,1.0,se não soltar um membro do corpo do npc que eu atropelar no gta6 eu dou refond
1:29:55,5395,rodrigo__cm,rodrigo__cm,engraçado,0.5,Vai pegar o Ocarina of Time no Switch 2?
1:29:56,5396,downn10,downn10,engraçado,1.0,kkkkkkkkkkkkkkkkkkkkk
1:29:56,5396,this_is_pedro,This_is_Pedro,positivo,1.0,Essa foi boa
1:29:57,5397,jaooveed,jaooveed,neutro,1.0,Beco gourmet
1:29:59,5399,banchobr,BanchoBR,neutro,1.0,La vem ele com drama
1:30:01,5401,sixtyhzrl,sixtyhzRL,engraçado,1.0,KKKKKK
1:30:04,5404,passarobllue,passarobllue,neutro,1.0,AKAPAKAPAKA
1:30:05,5405,re4per_r_,re4per_r_,engraçado,1.0,kkkkkkkkk
1:30:06,5406,bakazyy,bakazyy,confuso,1.0,voltou permanente? ou só viagem?
1:30:07,5407,pedepanomttriste,PeDePanoMtTriste,positivo,1.0,Isso q é foda
1:30:09,5409,eddie_campelo,eddie_campelo,neutro,1.0,Silêncio por favor
1:30:11,5411,jhoneshark,Jhoneshark,confuso,1.0,perdeu quanto do SHILD no Brasil?
1:30:11,5411,sky_x_x_x,SKY_x_x_x,neutro,1.0,parece bala da pra comer isso di
1:30:11,5411,coolmelado,coolmelado,neutro,1.0,Anus sem live..
1:30:14,5414,guymito,Guymito,neutro,1.0,ai baka ja viu que tao fazendo rumores de sair sexo 3 ate dezembro de 2027
1:30:14,5414,duduh1303,duduh1303,engraçado,1.0,Baka virando lua superior na live
1:30:14,5414,light_juggernaut,light_juggernaut,neutro,1.0,Massacraram
1:30:17,5417,otirik19,OTIRIK19,confuso,1.0,vai ter live a noite ?
1:30:18,5418,this_is_pedro,This_is_Pedro,neutro,1.0,"Da pra ver até as gotas da placas, quanta qualidade"
1:30:18,5418,erickhsn,erickhsn,neutro,1.0,2 anos ja q fui pro japão e contfinua a mesma coisa
1:30:19,5419,navedoalien,NaveDoAlien,neutro,1.0,japao quase faliu e quebrou enquanto o baka estava fora
1:30:24,5424,emersonlcamargo,emersonlcamargo,confuso,1.0,e tá errado?
1:30:25,5425,parcival_x,Parcival_x,engraçado,1.0,kkkkkkkkkkkkk
1:30:25,5425,residente_dorminhoko,residente_dorminhoko,neutro,1.0,ban
1:30:27,5427,jun_09t,jun_09t,confuso,1.0,GTA 6 já foi lançado aí no Japão? Já que voces estão no futuro
1:30:29,5429,vypper_04,vypper_04,engraçado,1.0,vypper_04 subscribed with Prime.
1:30:30,5430,pedepanomttriste,PeDePanoMtTriste,neutro,1.0,Cadê
1:30:30,5430,lynker777,lynker777,neutro,1.0,o cafe do persona
1:30:30,5430,lkaleatorio,lkaleatorio,neutro,1.0,Delicia
1:30:31,5431,gabriellsilvaalves,gabriellsilvaalves,neutro,1.0,Já tomou um tadala
1:30:32,5432,wesleykolomar_br,wesleykolomar_br,confuso,1.0,q isso bart
1:30:32,5432,caipirinha_2007,caipirinha_2007,engraçado,1.0,kkkk
1:30:32,5432,this_is_pedro,This_is_Pedro,neutro,1.0,Volta lá pra eu ver se era mesmo
1:30:34,5434,arthu_rw,arthu_rw,neutro,1.0,F
1:30:35,5435,light_juggernaut,light_juggernaut,neutro,1.0,"Eu vi, vai ser deportado"
1:30:37,5437,gmblost,gmbLOST,neutro,1.0,que delicia
1:30:38,5438,coolmelado,coolmelado,neutro,1.0,Talk for yourself
1:30:39,5439,guileshi,guileshi,neutro,1.0,TETAS
1:30:40,5440,thrillerzs,thrillerzs,neutro,1.0,Manda beijo pra ele
1:30:41,5441,ryan_goslingdrive7,ryan_goslingdrive7,confuso,1.0,Quantos cm tem o raio do seu Cu? Me diga baka é pra minha prova da faculdade
1:30:42,5442,noresolvenorecall,noresolvenorecall,neutro,1.0,AAAAA
1:30:43,5443,pedepanomttriste,PeDePanoMtTriste,neutro,1.0,Ejaculei nas calças
1:30:44,5444,fibbs,フィブス,neutro,1.0,😳 rapaz
1:30:49,5449,coolmelado,coolmelado,neutro,1.0,PERDI O NOFAP 2
1:30:51,5451,xenohfanes,xenohfanes,neutro,1.0,eu tenho 6 anos
1:30:53,5453,dlemonster,DlEmonster,engraçado,0.5,ban por motivos de romero brito
1:30:53,5453,fofinhozica,fofinhozica,confuso,1.0,Um lutador de sumo passa por aí?
1:30:53,5453,shingouki10,shingouki10,neutro,1.0,Tô lurkando e prestes a cochilar
1:30:54,5454,thrillerzs,thrillerzs,engraçado,1.0,Kkkkkkkk delicia
1:30:55,5455,duduh1303,duduh1303,neutro,1.0,Baka tá arrotando a leitada
1:30:56,5456,amauriagj,Amauriagj,neutro,1.0,dominado
1:31:00,5460,lkaleatorio,lkaleatorio,neutro,1.0,O beco do sushi
1:31:01,5461,undeuskk,Undeuskk,positivo,1.0,salve
1:31:02,5462,girafalunar,GirafaLunar,neutro,1.0,credo
1:31:05,5465,flowxr6,flowxr6,negativo,1.0,QUE FEIO
1:31:05,5465,nexus_jp,nexus_jp,engraçado,1.0,printei
1:31:06,5466,jun_09t,jun_09t,confuso,1.0,Baka vai ter punhetaço hoje?
1:31:07,5467,amauriagj,Amauriagj,neutro,1.0,cara de mafioso
1:31:08,5468,bakalovers,bakalovers,positivo,0.5,Cheer1 eu sou criança e fiquei traumatizado. Já acionei o Felca
1:31:09,5469,ivctor,ivctor,confuso,1.0,pra que essa cara de pedindo picca?
1:31:09,5469,bakazyy,bakazyy,engraçado,1.0,KKKKKKKKKKKK NERDAO
1:31:09,5469,sky_x_x_x,SKY_x_x_x,neutro,1.0,uncle jonathan
1:31:10,5470,brabodekonona,brabodekonona,confuso,1.0,E baka pq sua live não tá ficando salva ????
1:31:12,5472,wesleykolomar_br,wesleykolomar_br,engraçado,1.0,faz denovo pisquei a bunda em vez da print
1:31:13,5473,pedepanomttriste,PeDePanoMtTriste,engraçado,1.0,Misericórdia
1:31:15,5475,lipe_mp4,lipe_mp4,confuso,1.0,q skin é essa?
1:31:15,5475,ryan_goslingdrive7,ryan_goslingdrive7,neutro,1.0,Virou Vegano
1:31:18,5478,putiferoo,putiferoo,neutro,1.0,Parece o peixe bolha
1:31:20,5480,thrillerzs,thrillerzs,neutro,1.0,Tetas de Tarsila do amaral
1:31:22,5482,navedoalien,NaveDoAlien,neutro,1.0,crack Kente
1:31:25,5485,bakalovers,bakalovers,positivo,0.5,Cheer 1 eu sou criança e fiquei traumatizado. Já acionei o Felca
1:31:25,5485,light_juggernaut,light_juggernaut,neutro,1.0,Pq tem um monte de maracuja pendurado
1:31:30,5490,ryan_goslingdrive7,ryan_goslingdrive7,neutro,1.0,Baka virou Vegano😔
1:31:33,5493,licht_zayy,licht_zayy,engraçado,1.0,Printei mas tu ficou do avesso
1:31:33,5493,this_is_pedro,This_is_Pedro,engraçado,1.0,Kkkkkkkk
1:31:35,5495,coolmelado,coolmelado,confuso,1.0,Ta com saudade do Brasil?
1:31:38,5498,bakalovers,bakalovers,positivo,0.5,Cheer1 eu sou criança e fiquei traumatizado. Já acionei o Felca
1:31:39,5499,guymito,Guymito,neutro,1.0,baka escolhendo qual estabelecimento invadir a noite
1:31:39,5499,usuarioblock2,usuarioblock2,engraçado,1.0,usuarioblock2 is gifting 5 Tier 1 Subs to BakaGaijinLive's community! They've gifted a total of 6 in the channel!
1:31:40,5500,usuarioblock2,usuarioblock2,engraçado,1.0,usuarioblock2 gifted a Tier 1 sub to bigwasted88!
1:31:40,5500,usuarioblock2,usuarioblock2,engraçado,1.0,usuarioblock2 gifted a Tier 1 sub to Apolos!
1:31:40,5500,usuarioblock2,usuarioblock2,engraçado,1.0,usuarioblock2 gifted a Tier 1 sub to frozenpotion!
1:31:40,5500,usuarioblock2,usuarioblock2,engraçado,1.0,usuarioblock2 gifted a Tier 1 sub to Mun1zVictor!
1:31:40,5500,usuarioblock2,usuarioblock2,engraçado,1.0,usuarioblock2 gifted a Tier 1 sub to lu_kik!
1:31:40,5500,pedepanomttriste,PeDePanoMtTriste,neutro,1.0,Makonha droga
1:31:41,5501,gondojr,gondojr,neutro,1.0,THC
1:31:44,5504,this_is_pedro,This_is_Pedro,neutro,1.0,Oloco
1:31:46,5506,hoshi_no_subaru,Hoshi_no_Subaru,engraçado,1.0,Hoshi_no_Subaru subscribed with Prime. They've subscribed for 41 months!
1:31:48,5508,wesleykolomar_br,wesleykolomar_br,neutro,1.0,eita
1:31:49,5509,lkaleatorio,lkaleatorio,neutro,1.0,Canabis
1:31:50,5510,marc0la12,marc0la12,confuso,0.667,alguém pode me explicar pq o gurizão tá de vorta ?
1:31:50,5510,dnzinn5_,dnzinn5_,engraçado,1.0,Kkkkkkk
1:31:52,5512,this_is_pedro,This_is_Pedro,neutro,1.0,Opq
1:31:53,5513,professorakpopercomunista,professorakpopercomunista,neutro,1.0,a natureza eh perfeita
1:31:55,5515,pedepanomttriste,PeDePanoMtTriste,neutro,1.0,É verdade
1:31:55,5515,coolmelado,coolmelado,neutro,1.0,Eu nao ganho bosst4
1:31:58,5518,ratoacucar,ratoacucar,neutro,1.0,deram sub
1:31:58,5518,yokzinn,yokzinn,neutro,1.0,Ele voltou para os becos kakaka
1:31:58,5518,tenshininwings,tenshininwings,positivo,1.0,É bom estar aqui de volta
1:32:02,5522,wesleykolomar_br,wesleykolomar_br,neutro,1.0,rebola chun li
1:32:02,5522,this_is_pedro,This_is_Pedro,neutro,1.0,Bitcoin pipocando
1:32:06,5526,frozenpotion,frozenpotion,positivo,0.5,ganhei um sub! muito obrigado @usurarioblock2
1:32:09,5529,navedoalien,NaveDoAlien,neutro,1.0,definitivamente um beco
1:32:10,5530,fofinhozica,fofinhozica,confuso,1.0,Então vc filma e fala?
1:32:11,5531,guiih9fps,guiih9fps,neutro,1.0,"so eu, foi mal"
1:32:13,5533,jhoneshark,Jhoneshark,neutro,1.0,fecha a boca Baka
1:32:13,5533,nogata1,nogata1,neutro,1.0,fui eu mb
1:32:13,5533,ryan_goslingdrive7,ryan_goslingdrive7,confuso,1.0,Baka qual o segredo pra mexer o Paw sem picar o cool?
1:32:13,5533,light_juggernaut,light_juggernaut,neutro,1.0,Eu que peidei
1:32:13,5533,residente_dorminhoko,residente_dorminhoko,neutro,1.0,foi mal caguei ai mais cedo
1:32:14,5534,jun_09t,jun_09t,neutro,1.0,Baka em seu habitat natural
1:32:14,5534,eddie_campelo,eddie_campelo,neutro,1.0,Beco digno
1:32:14,5534,pedro_polegar,pedro_polegar,neutro,1.0,Chuva de sub ai
1:32:15,5535,gabriellsilvaalves,gabriellsilvaalves,neutro,1.0,Cagaro ai
1:32:15,5535,lkaleatorio,lkaleatorio,engraçado,1.0,Kkkkkk
1:32:16,5536,this_is_pedro,This_is_Pedro,neutro,1.0,Manda mais pra eu ganhar sub
1:32:16,5536,burunoa,burunoa,neutro,1.0,cheiro de cu virgem
1:32:19,5539,pedepanomttriste,PeDePanoMtTriste,engraçado,1.0,Vc se cagou dnv primo
1:32:22,5542,amauriagj,Amauriagj,engraçado,1.0,kkkkkkkk
1:32:25,5545,sanicmmm,sanicmmm,confuso,1.0,Como assim tá chovendo em São Paulo e no Japão também?
1:32:27,5547,yoshirinho00,yoshirinho00,engraçado,0.5,vc é o criador das backrooms japonesa?
1:32:29,5549,naemwav1,NaeMwav1,confuso,1.0,"fiquei sabendo q isso é bangu, é vdd?"
1:32:30,5550,sr_ryann,Sr_Ryann,neutro,1.0,cheiro de fezes de mendigo japones
1:32:31,5551,stallone_caminhoneiro,stallone_caminhoneiro,confuso,1.0,é aí que é o puteiro?
1:32:34,5554,flowxr6,flowxr6,confuso,1.0,Nenhumas beijocas no beco?
1:32:34,5554,peix3manso,peix3manso,neutro,1.0,duvido
1:32:35,5555,pedro_polegar,pedro_polegar,neutro,1.0,Ô fedamae agradece o menino dos sub
1:32:35,5555,thrillerzs,thrillerzs,neutro,1.0,Hmmmmm
1:32:36,5556,guymito,Guymito,confuso,1.0,japao ta sofrendo mt cas imagem de ia tbm?
1:32:42,5562,pedepanomttriste,PeDePanoMtTriste,neutro,1.0,Literalmente você
1:32:43,5563,joaozinhokct,joaozinhokct,neutro,1.0,Ponto de droga ai baka cuidado
1:32:50,5570,usuarioblock2,usuarioblock2,engraçado,1.0,usuarioblock2 gifted a Tier 1 sub to coolmelado! They have given 7 Gift Subs in the channel!
1:32:50,5570,fofinhozica,fofinhozica,neutro,1.0,Monark
1:32:57,5577,amauriagj,Amauriagj,neutro,1.0,pensei que era o bethoveen
1:32:58,5578,lkaleatorio,lkaleatorio,engraçado,1.0,Brisa dos japas
1:33:03,5583,pedepanomttriste,PeDePanoMtTriste,frustrado,1.0,Show de bosta
1:33:07,5587,ryan_goslingdrive7,ryan_goslingdrive7,confuso,1.0,Baka vc acredita em Alienígenas?
1:33:08,5588,dlemonster,DlEmonster,neutro,1.0,adress me...
1:33:08,5588,rafael_gouvea75,rafael_gouvea75,confuso,1.0,Japão jamais será a liberdade
1:33:08,5588,tobe_94,tobe_94,confuso,1.0,checada?
1:33:10,5590,potatuseffectus,potatuseffectus,confuso,1.0,"vai em alguma boca de fumo ai, sempre quis saber como que é ai no japão"
1:33:11,5591,coolmelado,coolmelado,positivo,1.0,LINDOOOOO
1:33:19,5599,brabodekonona,brabodekonona,neutro,1.0,E baka tô perdendo meu encontro com minha esposa pra saber o pq sua live não ficou salva e vc não responde
1:33:22,5602,navedoalien,NaveDoAlien,neutro,1.0,vendo os detalhes da textura só
1:33:25,5605,coolmelado,coolmelado,neutro,1.0,É SO RECLAMAR QUE ELES TOMAM PROVIDENCIA
1:33:39,5619,this_is_pedro,This_is_Pedro,neutro,1.0,Entre outros
1:33:39,5619,wesleykolomar_br,wesleykolomar_br,neutro,1.0,666 credo
1:33:43,5623,lkaleatorio,lkaleatorio,engraçado,1.0,Escreve vai Corinthians nessa porra
1:33:44,5624,duduh1303,duduh1303,confuso,1.0,E aí que se passa pelo portal ?
1:33:45,5625,peix3manso,peix3manso,neutro,1.0,me agradece
1:33:48,5628,kaniight,Kaniight,neutro,1.0,ta observando a oclusion da textura
1:33:50,5630,jhoneshark,Jhoneshark,confuso,1.0,já tomou Deca?
1:33:51,5631,amauriagj,Amauriagj,neutro,1.0,666 up the irons ali
1:33:52,5632,pedepanomttriste,PeDePanoMtTriste,neutro,1.0,Jeremias muito louco
1:33:56,5636,bananils0n_farofa,Bananils0n_farofa,engraçado,1.0,Meu mano tá distribuindo
1:34:04,5644,this_is_pedro,This_is_Pedro,neutro,1.0,Um dos becos já feitos
1:34:04,5644,dnzinn5_,dnzinn5_,neutro,1.0,666
1:34:07,5647,imvitorsan,ImVitorSan,neutro,1.0,certamente é um beco
1:34:07,5647,ryan_goslingdrive7,ryan_goslingdrive7,positivo,1.0,Bom dia
1:34:08,5648,otirik19,OTIRIK19,neutro,1.0,para de filmar minha casa
1:34:09,5649,ivctor,ivctor,neutro,1.0,a ansia de ter e o tedio de possuir
1:34:10,5650,dnzinn5_,dnzinn5_,neutro,1.0,tá amarrado
1:34:12,5652,joaozinhokct,joaozinhokct,confuso,1.0,Ai eles vendem o verdinho?
1:34:12,5652,pedepanomttriste,PeDePanoMtTriste,positivo,1.0,Beco bom pra filosofar
1:34:13,5653,uhh_carol,uhh_carol,neutro,1.0,Vou dormir
1:34:14,5654,wesleykolomar_br,wesleykolomar_br,neutro,1.0,era
1:34:16,5656,gs_nx,GS_Nx,confuso,1.0,voltou para o japao de vez ou só foi viajar?
1:34:16,5656,thrillerzs,thrillerzs,engraçado,1.0,Brigado trembilona
1:34:20,5660,dotfrost,dotfrost,neutro,1.0,de volta pras atividades hein
1:34:21,5661,zerolast_,zerolast_,neutro,1.0,3/10 ta mt arrumado
1:34:23,5663,influenzias,Influenzias,neutro,1.0,de fato um beco
1:34:24,5664,uhh_carol,uhh_carol,positivo,1.0,bakagaPikasafado
1:34:24,5664,girafalunar,GirafaLunar,confuso,1.0,pq n existe lanterna preta?\
1:34:26,5666,sr_ryann,Sr_Ryann,neutro,1.0,a vermelha era mais games
1:34:27,5667,light_juggernaut,light_juggernaut,neutro,1.0,Tá com anemia
1:34:28,5668,nallp_,Nallp_,neutro,1.0,é do setembro amarelo
1:34:30,5670,duduh1303,duduh1303,confuso,1.0,Quando o baka vai passar pelo portal ?
1:34:30,5670,eddie_campelo,eddie_campelo,neutro,1.0,Volta a noite
1:34:31,5671,dlemonster,DlEmonster,confuso,1.0,"setembro amarelo, não?"
1:34:32,5672,amauriagj,Amauriagj,neutro,1.0,expresso da meia noite
1:34:36,5676,xdeka,xDeka,neutro,1.0,Igualzinho a saida do terminal grajau slk
1:34:37,5677,this_is_pedro,This_is_Pedro,engraçado,1.0,"Lanterna vermelha deve ser mais cara, sinal de crise econômica"
1:34:37,5677,sanicmmm,sanicmmm,neutro,1.0,Pra esse trem aí eu batia uma
1:34:38,5678,pedepanomttriste,PeDePanoMtTriste,neutro,1.0,Sem você os beco não tem público alvo daí tiram o invetimento
1:34:38,5678,lanko_1,Lanko_1,positivo,1.0,"Meio podre, coloca na config noturno pra ver se melhora"
1:34:39,5679,this_is_pedro,This_is_Pedro,neutro,1.0,NotLikeThis
1:34:39,5679,thorlight9,thorlight9,frustrado,1.0,Vai vai trem filho da puta
1:34:40,5680,schneid3n,schneid3n,neutro,1.0,Propaganda da Gillette pro setembro amarelo
1:34:41,5681,brucutuu,BrucuTUU,neutro,1.0,TREMBALA DA COLINA VAI VASCAO
1:34:41,5681,artuurbr21,artuurbr21,engraçado,0.5,viu q eles brigaram baka?
1:34:42,5682,peix3manso,peix3manso,neutro,1.0,parkour
1:34:43,5683,zerolast_,zerolast_,neutro,1.0,ray tracing no talo
1:34:45,5685,kaniight,Kaniight,confuso,1.0,baka ai ta ligado o ray tracing ?
1:34:46,5686,navedoalien,NaveDoAlien,neutro,1.0,"caminhao encurtado, que porra e essa"
1:34:48,5688,jaojogad,jaojogad,neutro,1.0,bagaginho levano chuva nos becos de Orobó - Pernambuco
1:34:49,5689,stinge01,stinge01,confuso,0.667,BAKA ALGUM OUTRO PAIS JA TE CHAMOU ATENÇÃO ALEM DO JAPÃO??
1:34:49,5689,deivmr,DeivMr,confuso,1.0,tu tem um trabalho fixo no Japão?
1:34:50,5690,bhcbmds_0,bhcbmds_0,neutro,1.0,Lugar silencioso
1:34:52,5692,sky_x_x_x,SKY_x_x_x,neutro,1.0,dlss5 essa poça
1:34:52,5692,renanzex10,RenanZex10,neutro,1.0,Setembro amarelo
1:34:52,5692,ryan_goslingdrive7,ryan_goslingdrive7,confuso,1.0,Como tá de stamina??
1:34:59,5699,light_juggernaut,light_juggernaut,neutro,1.0,20 pras 8
1:34:59,5699,pedepanomttriste,PeDePanoMtTriste,neutro,1.0,19:41
1:35:05,5705,this_is_pedro,This_is_Pedro,neutro,1.0,19h 41 min
1:35:08,5708,thmnp,thmnp,neutro,1.0,vc é um guerreiro baka
1:35:08,5708,erickhsn,erickhsn,neutro,1.0,ta doido pra fechar já
1:35:09,5709,luis_cityflop,luis_cityflop,engraçado,1.0,Bela homenagem ao criciúma
1:35:09,5709,joaoreisojisan,JoaoReisOjisan,neutro,1.0,são vinte pras oito
1:35:10,5710,rodolfofdias87,rodolfofdias87,neutro,1.0,Jebasted
1:35:15,5715,eddie_campelo,eddie_campelo,neutro,1.0,Dlss ligado
1:35:19,5719,maikon7501,maikon7501,neutro,1.0,!follow
1:35:20,5720,vitxrrr07,vitxrrr07,confuso,1.0,ta viradao ?
1:35:20,5720,abreu3000,Abreu3000,confuso,1.0,voltou a morar no japao ou so viajou para visitar?
1:35:22,5722,passarobllue,passarobllue,neutro,1.0,O pisca
1:35:22,5722,navedoalien,NaveDoAlien,confuso,1.0,"sao 19h da tarde burro, sabe ver horas n?"
1:35:25,5725,peix3manso,peix3manso,engraçado,1.0,kkkkkkkkkkkkkkkk
1:35:25,5725,salamanderfps,salamanderfps,confuso,1.0,Ta com o fuso zuado ainda?
1:35:29,5729,pedepanomttriste,PeDePanoMtTriste,neutro,1.0,Padrões: beco
1:35:30,5730,hesiogu,hesiogu,engraçado,1.0,kkkkkkkkkkkkkk
1:35:31,5731,lich7s,lich7s,engraçado,1.0,streamer acordando cedo é rarissimo
1:35:31,5731,guilhermesl45,guilhermesl45,neutro,1.0,Já não tá aguentando
1:35:32,5732,this_is_pedro,This_is_Pedro,frustrado,1.0,Cansado da gente já
1:35:35,5735,ryan_goslingdrive7,ryan_goslingdrive7,confuso,1.0,Baka trouxe poção de recuperação?
1:35:35,5735,caipirinha_2007,caipirinha_2007,neutro,1.0,o jeito e atacadão baka
1:35:35,5735,filipi_21,Filipi_21,neutro,1.0,entao esse é o dlss5
1:35:36,5736,fabrishow71,fabrishow71,neutro,1.0,Se nao deixar a VOD vou acionar os orgãos responsáveis
1:35:38,5738,igh0r5,Igh0r5,neutro,1.0,ta esforçado hj
1:35:40,5740,brucutuu,BrucuTUU,positivo,0.5,VAMO SE METE?
1:35:42,5742,erickhsn,erickhsn,neutro,1.0,vai andando até shinjuku ai
1:35:42,5742,this_is_pedro,This_is_Pedro,engraçado,0.5,Fuso usuário?
1:35:43,5743,eddie_campelo,eddie_campelo,confuso,1.0,Isso é em Recife?
1:35:45,5745,thrillerzs,thrillerzs,neutro,1.0,Cara tirou o excesso de npc do japil
1:35:46,5746,peix3manso,peix3manso,engraçado,1.0,acha uma floricultura ai
1:35:49,5749,noriako,Noriako,neutro,1.0,drakengard hd amanhã
1:35:53,5753,utsuki133,utsuki133,confuso,1.0,É aqui a live do  sommelier de becos?
1:35:53,5753,zytman_,Zytman_,confuso,1.0,quantos dias?
1:35:54,5754,emerson_moura_,emerson_moura_,confuso,1.0,"Shopping tudo fechado, Baka?"
1:35:55,5755,brucutuu,BrucuTUU,confuso,1.0,n sabe dormir n?
1:35:56,5756,jaojogad,jaojogad,neutro,1.0,@eddie_campelo É orobó
1:35:57,5757,bakalovers,bakalovers,positivo,1.0,Cheer1 hj o Baka só para após o punhetaço
1:35:58,5758,passarobllue,passarobllue,neutro,1.0,So pode bater o ponto depois das 3 horas de live
1:35:58,5758,dlemonster,DlEmonster,neutro,1.0,o cara teve que ir pro japão pra acordar cedo
1:35:58,5758,kaioralhow,kaioralhow,confuso,1.0,esse eh aquele need for speed jopones?
1:36:01,5761,jeremias_telefones,jeremias_telefones,neutro,1.0,"entrou muito cedo no lobby, tá difícil de puxar psrtida"
1:36:02,5762,vinisoaress_,vinisoaress_,neutro,1.0,cuidado com a poça
1:36:03,5763,renanzex10,RenanZex10,confuso,1.0,Verdade q vc voltou para o Japão pq tinha esquecido o ferro de passar ligado?
1:36:05,5765,thorlight9,thorlight9,neutro,1.0,É a idade
1:36:08,5768,joaozinhokct,joaozinhokct,confuso,1.0,Mas n é so fechar o olho?
1:36:15,5775,shingouki10,shingouki10,positivo,1.0,Bom saber q o pessoal dorme ai
1:36:16,5776,erickhsn,erickhsn,neutro,1.0,vai andando até shinjuku ai
1:36:16,5776,duduh1303,duduh1303,neutro,1.0,Quando vai ser a hora do punhetaço baka
1:36:22,5782,sr_ryann,Sr_Ryann,neutro,1.0,os caba lá estão despertos
1:36:23,5783,tititititi,TiTiTiTiTi,positivo,1.0,bom dia tititi1Galante
1:36:24,5784,gondojr,gondojr,neutro,1.0,Velho acorda cedo!
1:36:25,5785,this_is_pedro,This_is_Pedro,neutro,1.0,Verdade isso aí
1:36:26,5786,darcknesworld,darcknesworld,neutro,1.0,eaew Baka voltou pro Japan
1:36:27,5787,thrillerzs,thrillerzs,neutro,1.0,É a idade
1:36:28,5788,coolmelado,coolmelado,confuso,1.0,Ai ja é Outubro??
1:36:28,5788,xenohfanes,xenohfanes,positivo,1.0,"isso mesmo gostosa, me entretenha peituda"
1:36:28,5788,guymito,Guymito,neutro,1.0,compra maconha e fuma 1 antes de dormir
1:36:28,5788,giowink_o,giowink_o,positivo,1.0,"isso é instabilidade do servidor, tem que ver com o adm pra melhorar isso ai vc dorme direto"
1:36:30,5790,jphaidar,JPHaidar,neutro,1.0,KEKW
1:36:33,5793,thorlight9,thorlight9,neutro,1.0,É a idade chegando
1:36:33,5793,gallack000,Gallack000,neutro,1.0,gallac5Sus
1:36:34,5794,this_is_pedro,This_is_Pedro,neutro,1.0,Faz o L
1:36:36,5796,lich7s,lich7s,confuso,1.0,mas no japao é sexta ou sabado?
1:36:38,5798,lipe_mp4,lipe_mp4,confuso,1.0,ja viu seus fillhos?
1:36:43,5803,godnov3,GoDNov3,engraçado,1.0,BAKA PRIME VOLTOU!!
1:36:43,5803,this_is_pedro,This_is_Pedro,neutro,1.0,Nem fudendo
1:36:44,5804,renanzex10,RenanZex10,engraçado,1.0,Kkkkkkk
1:36:47,5807,duduh1303,duduh1303,confuso,1.0,Vai ter punhetaço hoje baka ?
1:36:52,5812,igh0r5,Igh0r5,engraçado,1.0,kkkkkkk
1:36:57,5817,jun_09t,jun_09t,neutro,1.0,esqueceu o ar-condicionado ligado
1:36:58,5818,this_is_pedro,This_is_Pedro,confuso,1.0,Esqueceu o luz da bancada da cozinha ligada?
1:36:58,5818,salamanderfps,salamanderfps,neutro,1.0,Esqueceu o monza aberto
1:36:59,5819,,,neutro,1.0,@duduh1303 OPA
1:37:00,5820,eddie_campelo,eddie_campelo,neutro,1.0,@jaojogad olinda
1:37:00,5820,bakalovers,bakalovers,positivo,1.0,Cheer1 voltou pro Japão pq esqueceu a calcinha no telhado
1:37:02,5822,coolmelado,coolmelado,neutro,1.0,Esqueceu de cancelar a Net do japão...
1:37:02,5822,amauriagj,Amauriagj,neutro,1.0,esquecer a porta aberta
1:37:04,5824,sagrav_ttv,sagrav_ttv,confuso,1.0,PUNHETÇO COM JET LAG????
1:37:07,5827,guymito,Guymito,confuso,1.0,se eu tenho nome sujo aqui e vou pro japao sera que limpa?
1:37:11,5831,ivctor,ivctor,confuso,1.0,"falar em ferro, como que ta a solda"
1:37:12,5832,pedro_polegar,pedro_polegar,neutro,1.0,A casa que o cara morava já era faz tempo
1:37:12,5832,kaniight,Kaniight,confuso,1.0,o ray tracing ta ligado ai baka ? e uma duvida como é o fps ai
1:37:13,5833,erickhsn,erickhsn,neutro,1.0,vai andando até shinjuku ai
1:37:14,5834,residente_dorminhoko,residente_dorminhoko,neutro,1.0,a mente do clt ja invadiu sua psique
1:37:16,5836,light_juggernaut,light_juggernaut,neutro,1.0,Tipo sonhar com ensino médio
1:37:19,5839,davisouza78,davisouza78,confuso,1.0,"E O NOSSO FRAMENGO BAKA, GANHOU ONTEM NA LIBERTA VOCE ASSISTIU?????"
1:37:20,5840,salamanderfps,salamanderfps,engraçado,1.0,Kkkkkkk
1:37:22,5842,duduh1303,duduh1303,confuso,1.0,Hoje e dia de punhetaço baka ?
1:37:23,5843,dotfrost,dotfrost,neutro,1.0,"@Guymito limpa, so passar 10 anos la"
1:37:24,5844,eddie_campelo,eddie_campelo,neutro,1.0,Trancou A porta antes de sair de casa
1:37:26,5846,imfilty,ImFilty,neutro,1.0,po esqueceu de pagar o aluguel da veia
1:37:26,5846,thrillerzs,thrillerzs,neutro,1.0,Cara tem sono fértil velho
1:37:27,5847,juniorgd,juniorgd,confuso,1.0,Trancou o Monza?
1:37:30,5850,passarobllue,passarobllue,neutro,1.0,Esqueceu o perno ligado na tv
1:37:36,5856,kolwya,kolwya,neutro,1.0,Cadê o punhetaço
1:37:37,5857,tenshininwings,tenshininwings,engraçado,1.0,"Nem ferrando, eu tenho a mesma pira! Como fui pro Japão também e quando voltei pro Brasil, fiquei retornando ao Japão com pendências kkk"
1:37:37,5857,thorlight9,thorlight9,confuso,1.0,O que tem a ver viajar com red flag?
1:37:38,5858,this_is_pedro,This_is_Pedro,engraçado,1.0,Vou ter voltar pro Japão pra puxar a luminária da tomada
1:37:39,5859,passarobllue,passarobllue,neutro,1.0,Porno*
1:37:41,5861,privadanacozinhadofelps,PrivadaNaCozinhaDoFelps,confuso,1.0,trabalha doq?
1:37:41,5861,pulchram12,pulchram12,neutro,1.0,BigSad
1:37:42,5862,peix3manso,peix3manso,neutro,1.0,abre as 9
1:37:42,5862,coolmelado,coolmelado,confuso,1.0,Abre ai ué
1:37:46,5866,guymito,Guymito,neutro,1.0,@dotfrost so vi vantagem os 30 mil que devo pro nubanka ja sei como resolver
1:37:49,5869,godnov3,GoDNov3,engraçado,1.0,BAKA PRIME VOLTOUu!!!!
1:37:49,5869,demonsfilippo,DemonsFilippo,confuso,1.0,esqueceu a calcinha no predio foi por isso que voltou
1:37:51,5871,schneid3n,schneid3n,engraçado,0.5,Levou seus filhos pro Brasil ou vendeu no Japão pra ajudar interirar passagem?
1:37:54,5874,jphaidar,JPHaidar,engraçado,1.0,KKKKKKKKK
1:37:54,5874,eddie_campelo,eddie_campelo,neutro,1.0,Ele trabalha na Augusta
1:37:57,5877,nunes013,nunes013,neutro,1.0,eu sempre sonho q esqueci de fazer a sobrancelha quando to sem fazer a sobrancelha
1:37:58,5878,carolina_yubari,Carolina_Yubari,confuso,1.0,Trabalha de madrugada baka?
1:38:01,5881,this_is_pedro,This_is_Pedro,neutro,1.0,Esqueci a conta do Jav logada
1:38:02,5882,dotfrost,dotfrost,engraçado,1.0,"@Guymito pega mais, faz mais divida kkkkk"
1:38:02,5882,duduh1303,duduh1303,confuso,1.0,Vim pra live do punhetaço e aqui ?
1:38:04,5884,professorakpopercomunista,professorakpopercomunista,neutro,1.0,e no brasil tu lembrou de tirar roupa do varal ta vindo tornado aí
1:38:05,5885,,,neutro,1.0,"@Guymito esses 30K em 1 ano vira 1m na nubank,bizarro"
1:38:05,5885,dlemonster,DlEmonster,neutro,1.0,cansou denovo
1:38:06,5886,jaojogad,jaojogad,neutro,1.0,Fecha a válvula do gás antes de sair hein
1:38:07,5887,meth10,meth10,neutro,1.0,esqueceu de deslogar
1:38:08,5888,lkaleatorio,lkaleatorio,confuso,1.0,Tme censura?
1:38:08,5888,salamanderfps,salamanderfps,neutro,1.0,Japão de dia é estranho
1:38:10,5890,lich7s,lich7s,neutro,1.0,esqueceu de limpar o pau na pia no japao
1:38:11,5891,brabodekonona,brabodekonona,confuso,1.0,Fala baka Pq sua última live não fico salva pra assistir????????
1:38:15,5895,erickhsn,erickhsn,neutro,1.0,vai andando até shinjuku ai
1:38:15,5895,artuurbr21,artuurbr21,neutro,1.0,sorte q tinha tp
1:38:18,5898,dlemonster,DlEmonster,neutro,1.0,checkpoint
1:38:22,5902,gabzinhou,gabzinhou,confuso,1.0,No Japão não é hentai?
1:38:23,5903,jaojogad,jaojogad,confuso,1.0,Que isso hein popozuda
1:38:26,5906,sr_ryann,Sr_Ryann,confuso,1.0,@BakaGaijinLive vai ter live com a Julynha Toys??
1:38:27,5907,navedoalien,NaveDoAlien,neutro,1.0,idoso
1:38:28,5908,joaozinhokct,joaozinhokct,neutro,1.0,Baka liga a Subcam prfv
1:38:28,5908,light_juggernaut,light_juggernaut,neutro,1.0,Pisca porra
1:38:30,5910,guymito,Guymito,engraçado,1.0,@RodrigoEQM nada no começa era so 10 k virou trinta e eles quer negociar por 8 eu to esperando baixar mais ksksks
1:38:30,5910,kaniight,Kaniight,neutro,1.0,o semblante
1:38:30,5910,licht_zayy,licht_zayy,engraçado,1.0,Modo sério
1:38:30,5910,lipe_mp4,lipe_mp4,neutro,1.0,eu sou do time censura
1:38:31,5911,sky_x_x_x,SKY_x_x_x,neutro,1.0,veio pro brasil e volto com cabelo cinza ja
1:38:33,5913,jun_09t,jun_09t,neutro,1.0,Baka não me olha assim
1:38:36,5916,guilhermesl45,guilhermesl45,neutro,1.0,Não me olhe
1:38:36,5916,tulioapenas,tulioapenas,neutro,1.0,"Engraçado é que o mundo tá desabando em água é tú na rua, muita aura"
1:38:37,5917,jaooveed,jaooveed,neutro,1.0,"Vai gracinha, arruma o cabelo"
1:38:37,5917,pedro_polegar,pedro_polegar,neutro,1.0,Parece o doido do centro
1:38:42,5922,eriiz__,Eriiz__,engraçado,1.0,"@gabzinhou hentai é no exterior, no japao é só porno msm"
1:38:45,5925,duduh1303,duduh1303,confuso,1.0,Que horas começa o punhetaço baka ?
1:38:48,5928,peix3manso,peix3manso,neutro,1.0,para cara
1:38:48,5928,xenohfanes,xenohfanes,confuso,1.0,na época do punhetaço não existia campeonato de farmar aura.. coincidência???
1:38:48,5928,guilhermesl45,guilhermesl45,engraçado,1.0,Kkkkkk
1:38:50,5930,noriako,Noriako,engraçado,1.0,"cade a tokyo tower, hoje é aniversário de drakengard"
1:38:54,5934,kaniight,Kaniight,neutro,1.0,o mundo ta acabando e nois aqui no zapzap
1:38:54,5934,rkknn6,rkknn6,neutro,1.0,testão
1:38:57,5937,kolwya,kolwya,neutro,1.0,Eu te desafio a volta a pé pro Brasil
1:38:57,5937,thorlight9,thorlight9,neutro,1.0,Cara de t.i nivel máximo
1:38:58,5938,gallack000,Gallack000,engraçado,1.0,kkkkkkkkkkkkkkkk
1:38:58,5938,salamanderfps,salamanderfps,neutro,1.0,Voltou pro Japão e summonou a chuva
1:38:59,5939,botelhokunavara96,botelhoKunavara96,confuso,1.0,"Baka tenho que cagar em uma sacola no meu trabalho, pq não dá pra dar descarga, devo mudar de emprego?"
1:39:00,5940,smill3___,smill3___,confuso,1.0,voltou pra morar ou só pra passear?
1:39:01,5941,coolmelado,coolmelado,neutro,1.0,"Fecha a live Baka, ja asisti aqui"
1:39:04,5944,phanthasmha,phanthasmha,confuso,1.0,A julynha ainda ta no Japão?
1:39:06,5946,thrillerzs,thrillerzs,neutro,1.0,Anda até a praça da Sé
1:39:07,5947,this_is_pedro,This_is_Pedro,engraçado,1.0,Os cara se perde KKKKKKKKKKKKKKKKKKK
1:39:08,5948,jaojogad,jaojogad,neutro,1.0,Lembra de fechar a válvula do gás antes de sair
1:39:08,5948,marcosssantoro,MarcossSantoro,positivo,0.5,voltamos a programação normal?
1:39:10,5950,darcknesworld,darcknesworld,engraçado,1.0,e os NPC kkkk
1:39:11,5951,schneid3n,schneid3n,neutro,1.0,Vai na iodobache câmera
1:39:11,5951,amauriagj,Amauriagj,confuso,1.0,tp os flanelinha?
1:39:15,5955,lezeraxd,lezeraxd,neutro,1.0,"realmente as regras do japao é só dps das 8h, o policial tava indo trabalhar"
1:39:21,5961,bhcbmds_0,bhcbmds_0,neutro,1.0,"Pode fechar a live, já matei a sdd"
1:39:22,5962,duduh1303,duduh1303,positivo,0.5,Quando começa o famoso punhetaço na chuva ?
1:39:25,5965,joaozinhokct,joaozinhokct,confuso,1.0,Tá ligado a Subcam hj ?
1:39:28,5968,ivctor,ivctor,neutro,1.0,segue o mano de azul ali na frente ate o trabalho dele
1:39:32,5972,guymito,Guymito,confuso,1.0,se sao 12 horas de diferença que dizer que vc ta vivendo no futuro?
1:39:36,5976,navedoalien,NaveDoAlien,engraçado,1.0,Saudade horario de pico na Luz
1:39:37,5977,smill3___,smill3___,confuso,1.0,alguem sabe se ele voltou pra morar ou só pra passear?
1:39:41,5981,gabzinhou,gabzinhou,neutro,1.0,Saudade do pastor barba
1:39:43,5983,thorlight9,thorlight9,confuso,1.0,Vai ficar quanto tempo aí príncipe?
1:39:43,5983,eriiz__,Eriiz__,neutro,1.0,"baka foi pro japao levar o diluvio, só ele ta ai q deu enchente"
1:39:44,5984,darcknesworld,darcknesworld,engraçado,1.0,kkkkkkkkkkkk
1:39:48,5988,naemwav1,NaeMwav1,neutro,1.0,DA B
1:39:49,5989,this_is_pedro,This_is_Pedro,confuso,1.0,Deu load no saber errado??
1:39:51,5991,lezeraxd,lezeraxd,neutro,1.0,Da b ai baka caraio
1:39:51,5991,demonsfilippo,DemonsFilippo,neutro,1.0,nao precisa voltar
1:39:51,5991,eumateuslopessantos,eumateuslopessantos,confuso,1.0,ué? paulista ta diferente!
1:39:52,5992,jaojogad,jaojogad,neutro,1.0,Só apertar B que volta
1:39:55,5995,amauriagj,Amauriagj,engraçado,1.0,LUL
1:39:56,5996,salamanderfps,salamanderfps,neutro,1.0,Cavou um buraco pra baixo
1:39:59,5999,kaniight,Kaniight,neutro,1.0,builda move speed
1:40:01,6001,jaojogad,jaojogad,neutro,1.0,Faz 1 v 5
1:40:04,6004,lucasvanzant,LucasVanZant,neutro,1.0,so voltar andando
1:40:04,6004,coolmelado,coolmelado,engraçado,1.0,!salario do Baka
1:40:05,6005,peix3manso,peix3manso,confuso,1.0,perde os itens?
1:40:07,6007,socaio_,socaio_,confuso,1.0,pega ekko da proxima
1:40:08,6008,kouzafk,kouzafk,neutro,1.0,"da b nao, falta 200 de gold pra fechar o item"
1:40:08,6008,hiperboleo,hiperboleo,neutro,1.0,tenta /home
1:40:09,6009,this_is_pedro,This_is_Pedro,confuso,1.0,Alô?
1:40:12,6012,eddie_campelo,eddie_campelo,neutro,1.0,Vai ter que voltar andando
1:40:12,6012,ryan_goslingdrive7,ryan_goslingdrive7,frustrado,0.667,"Os zóio pesando no buso lotado  sonhando com o mundo cansado pensando com o fone no talo tentando provar pra si mesmo que não é fracassado, que só deu azar de não ser compreendido ou de ter nascido no fuso errado com o fuso ferrado com o punho serrado nas barra lutando pra não ser levado nas garra do mundo desperdiçou, cada segundo em que respirou até hoje não sabe o que espera da vida ent respira fundo se recompor, nunca é tão fácil olhando os mulek da Net 10 anos mais novo ostentando ostentand"
1:40:13,6013,lu_kik,lu_kik,engraçado,1.0,e ta tomando bounce back do fuso horario de quebra ainda
1:40:14,6014,pedepanomttriste,PeDePanoMtTriste,confuso,1.0,Ce nao salvou ainda nao Japão?
1:40:15,6015,duduh1303,duduh1303,confuso,1.0,Cadê os NPCs ?
1:40:17,6017,tristesatanexe,TristeSatanExe,positivo,1.0,Melhor Da B Se Nn Perde O Farme
1:40:17,6017,mrmuuh_1227,mrmuuh_1227,engraçado,1.0,descobriu que tinha filho no brasa e fugiu
1:40:18,6018,jaooveed,jaooveed,neutro,1.0,Esqueceu a cama equipada no Japão
1:40:19,6019,eoezek,EoEzek,confuso,1.0,"Ah baka sfd, não aguentou ficar sem as mina daí?"
1:40:20,6020,navedoalien,NaveDoAlien,neutro,1.0,"Farma um pouco, ajuda no Drag se possivel, ai volta"
1:40:20,6020,lkaleatorio,lkaleatorio,negativo,1.0,Slk caminhão de lixo  style
1:40:20,6020,artuurbr21,artuurbr21,neutro,1.0,quase vai de isekai
1:40:21,6021,residente_dorminhoko,residente_dorminhoko,confuso,1.0,tu mandou o joinha pra eles?
1:40:22,6022,guigames014,guigames014,positivo,1.0,Salveeeee
1:40:22,6022,luis_cityflop,luis_cityflop,confuso,1.0,Vai procurar o gacha com a calcinha em cima do predio?
1:40:22,6022,lipe_mp4,lipe_mp4,neutro,1.0,Ai Ai como é bonita minha SP
1:40:25,6025,mwm93,Mwm93,neutro,1.0,Vai levar a gente pra ver a Tokyo tower
1:40:25,6025,kaniight,Kaniight,confuso,1.0,ai é mapa pve ainda baka ?
1:40:28,6028,residente_dorminhoko,residente_dorminhoko,neutro,1.0,tem que mandar o joinha
1:40:28,6028,salamanderfps,salamanderfps,engraçado,1.0,Os cara para na faixa de pedestre kkkkk mt burros
1:40:30,6030,guymito,Guymito,engraçado,1.0,usa uma ult do rize ai to vai pro meio do caminho ao menos
1:40:31,6031,dudjinn,DuDjinn,neutro,1.0,"tem que aumentar a densidade de npc, ta mto baixa"
1:40:32,6032,l4wert,L4wert,neutro,1.0,maluco de tf com tp e mete essa
1:40:32,6032,arelich,Arelich,neutro,1.0,textão no chat
1:40:33,6033,xurig,xurig,neutro,1.0,tá chovendo no mundo inteiro menos na minha cidade pelo visto
1:40:36,6036,felipe__25,Felipe__25,engraçado,1.0,"Felipe__25 subscribed with Prime. They've subscribed for 7 months! Ora ora, o maníaco de osaka está pela redondeza"
1:40:36,6036,ivctor,ivctor,neutro,1.0,falou  de morrer o caminhao ja tava pronto
1:40:36,6036,joaozinhokct,joaozinhokct,positivo,1.0,!Amolecer
1:40:36,6036,this_is_pedro,This_is_Pedro,neutro,1.0,Que Knife linda
1:40:37,6037,dlemonster,DlEmonster,neutro,1.0,"em setembro não pode, tiraram essa segunda opção"
1:40:38,6038,professorakpopercomunista,professorakpopercomunista,confuso,1.0,cê fa joinha pros japoneses que deixa passar na faixa?
1:40:44,6044,agiotadofelps,AgiotaDoFelps,neutro,1.0,SP mudou msm
1:40:45,6045,schneid3n,schneid3n,neutro,1.0,Propaganda da facona bem no setembro amarelo
1:40:46,6046,kolwya,kolwya,confuso,1.0,Isso aí é a liberdade?
1:40:46,6046,skatista_lvcido,skatista_lvcido,confuso,1.0,El ninõ bateu forte ai no jp baka?
1:40:49,6049,phanthasmha,phanthasmha,inspirado,0.5,Vc n faz live irl no Brasil pq tem medo do pessoal te achar na rua?
1:40:49,6049,neekotinakkj,neekotinakkj,engraçado,0.5,esse bairro fica em belo horizonte?
1:40:53,6053,rafael_gouvea75,rafael_gouvea75,confuso,1.0,O que o baka tá com vontade de desligar a Live é sacanagem
1:40:54,6054,igh0r5,Igh0r5,negativo,0.5,mandou um joinha pro caminhão de lixo que deixou passar
1:40:54,6054,mwm93,Mwm93,neutro,1.0,Vai andando ate a Tokyo Tower
1:40:54,6054,gabzinhou,gabzinhou,confuso,1.0,Isso é aonde?
1:40:57,6057,duduh1303,duduh1303,confuso,1.0,Cadê os NPCs argentino ?
1:41:03,6063,marryros098,marryros098,positivo,0.5,São Paulo ta diferente muito bom oque o preg
1:41:04,6064,geddok,geddok,neutro,1.0,Super el nino
1:41:06,6066,ryan_goslingdrive7,ryan_goslingdrive7,confuso,1.0,Baka e as músicas ainda faz??
1:41:07,6067,this_is_pedro,This_is_Pedro,neutro,1.0,Vai andando
1:41:08,6068,salamanderfps,salamanderfps,neutro,1.0,N tem um pedinte no semáforo 😢
1:41:09,6069,gallack000,Gallack000,neutro,1.0,@gabzinhou Osasco
1:41:12,6072,dlemonster,DlEmonster,neutro,1.0,nem levaro vantagi
1:41:14,6074,jaojogad,jaojogad,confuso,1.0,Pessoal caso queiram saber onde está sendo essa live é em Mossoró RN
1:41:18,6078,lu_kik,lu_kik,confuso,1.0,ja ta podendo ao mossar? @BakaGaijinLive
1:41:20,6080,danylo0110,danylo0110,neutro,1.0,mostra umas japas ai pra nos
1:41:22,6082,smill3___,smill3___,engraçado,1.0,@phanthasmha nem é do pessoal é dos assaltante mesmo kkkkkkk
1:41:24,6084,sky_x_x_x,SKY_x_x_x,engraçado,1.0,cade meus guri vendendo paçoca
1:41:24,6084,coolmelado,coolmelado,confuso,1.0,Ta tendo protesto contra o Xandão ai tambem?
1:41:26,6086,lkaleatorio,lkaleatorio,neutro,1.0,Mais curvado vai chupar o pé
1:41:26,6086,residente_dorminhoko,residente_dorminhoko,neutro,1.0,todo mundo esperandinho paradão
1:41:26,6086,danylo0110,danylo0110,positivo,0.5,vamos logo ao que interessa
1:41:27,6087,gallack000,Gallack000,engraçado,1.0,Kappa
1:41:27,6087,carolina_yubari,Carolina_Yubari,neutro,1.0,Vai andando até osaka
1:41:28,6088,th__46,th__46,confuso,1.0,ele tá só visitando chat?
1:41:28,6088,ivctor,ivctor,confuso,1.0,baka da uma olhada ai e ve se tem algum bairro parecido com fortaleza ai em toquio
1:41:29,6089,socaio_,socaio_,engraçado,1.0,a corridinha é leei
1:41:29,6089,marcosssantoro,MarcossSantoro,engraçado,1.0,panturrilhas
1:41:29,6089,sagrav_ttv,sagrav_ttv,neutro,1.0,só oa novinha
1:41:31,6091,cristiansvp,cristiansvp,neutro,1.0,Estava desaparecido
1:41:34,6094,passarobllue,passarobllue,neutro,1.0,Eita essas japinha de sainha
1:41:34,6094,dards39,dards39,neutro,1.0,Mas tu já é curvado
1:41:34,6094,joaoreisojisan,JoaoReisOjisan,engraçado,1.0,"eita, que monte de guri com aula no sábado..."
1:41:34,6094,dalton_olivera,dalton_olivera,confuso,1.0,Baka você tem o pernanete?
1:41:34,6094,artuurbr21,artuurbr21,engraçado,0.5,n tem ngm gritando chip da oi?
1:41:35,6095,dudjinn,DuDjinn,confuso,1.0,@BakaGaijinLive é vdd que isso dai é na paraiba do norte?
1:41:35,6095,j_pauloo,j_pauloo,confuso,1.0,os japas tem o costume de acenar a cabeça ou dar joinha quando dá passagem?
1:41:36,6096,saposaposo,saposaposo,confuso,1.0,cade o nomade raiz ?
1:41:36,6096,jun_09t,jun_09t,confuso,1.0,"Oloko, hoje tem aula?"
1:41:38,6098,thorlight9,thorlight9,positivo,1.0,Bom que com essa coluna corcunda geral acha que tu é humildao
1:41:38,6098,gacs174,gacs174,neutro,1.0,olha ngm gosta de gente perto
1:41:39,6099,amauriagj,Amauriagj,neutro,1.0,As Garu is mind aí indo pra escola
1:41:40,6100,dnzinn5_,dnzinn5_,neutro,1.0,olha os estudantes ai
1:41:42,6102,ryan_goslingdrive7,ryan_goslingdrive7,neutro,1.0,Baka volta a fazer rap
1:41:44,6104,carolina_yubari,Carolina_Yubari,neutro,1.0,caroli42Pinkpistol caroli42Gojo
1:41:46,6106,imfowka,imFowka,neutro,1.0,Que susto
1:41:48,6108,felipe__25,Felipe__25,neutro,1.0,Gore essa hora
1:41:48,6108,peix3manso,peix3manso,neutro,1.0,para
1:41:49,6109,pedro_polegar,pedro_polegar,confuso,1.0,"Acho que ta faltando mendigo ai, to pensando em ir pra ajudar"
1:41:50,6110,duduh1303,duduh1303,confuso,1.0,Cadê os corvos baka ?
1:41:51,6111,64joao,64joao,neutro,1.0,gososa
1:41:51,6111,eoezek,EoEzek,confuso,1.0,Cadê os caras entregando cupom da vivo?
1:41:51,6111,mrmuuh_1227,mrmuuh_1227,neutro,1.0,"mandei a foto do rebolante la no insta, nao me pede mais em"
1:41:51,6111,navedoalien,NaveDoAlien,engraçado,0.5,essas gurias sentem frio na perna nao? saia nessa chuva
1:41:51,6111,sleef16,Sleef16,positivo,1.0,Lindo da tia S2
1:41:53,6113,niuz_pv,Niuz_pv,neutro,1.0,CaitThinking
1:41:53,6113,drignobil,DrIgnobil,neutro,1.0,Engordou
1:41:53,6113,this_is_pedro,This_is_Pedro,confuso,1.0,De dar?
1:41:55,6115,professorakpopercomunista,professorakpopercomunista,engraçado,1.0,as criança indo pra escola no sábado de manhã
1:41:55,6115,passarobllue,passarobllue,neutro,1.0,O beiço tudo ressecado
1:41:57,6117,gabzinhou,gabzinhou,confuso,1.0,Tem algum japonês aí perto?
1:41:58,6118,gmblost,gmbLOST,neutro,1.0,bakagaCorre
1:41:58,6118,salamanderfps,salamanderfps,confuso,1.0,"Os caras entendem o ""aoooba 🤚""??"
1:41:58,6118,caiopinto120887,caiopinto120887,neutro,1.0,Japonês gigante
1:41:59,6119,residente_dorminhoko,residente_dorminhoko,neutro,1.0,ta cheio de herpes na boca
1:42:00,6120,hiena2000,hiena2000,neutro,1.0,@neekotinakkj ele ta em Bh la na savassi
1:42:01,6121,lipe_mp4,lipe_mp4,neutro,1.0,q nojo!!!
1:42:01,6121,geddok,geddok,neutro,1.0,Vc podia mostrar um barbeiro ai
1:42:01,6121,norphius,norphius,engraçado,0.5,"teu nariz cresceu, baka?"
1:42:02,6122,coolmelado,coolmelado,engraçado,0.667,ARIGATO👍
1:42:03,6123,peix3manso,peix3manso,confuso,1.0,tem 1 ano que fala isso
1:42:04,6124,igh0r5,Igh0r5,confuso,1.0,ue tem aula no sabado?
1:42:05,6125,pedepanomttriste,PeDePanoMtTriste,neutro,1.0,Posta filho
1:42:05,6125,flowxr6,flowxr6,neutro,1.0,POSTA!!
1:42:05,6125,keanu_horrivis,Keanu_Horrivis,confuso,1.0,oloquinhomeu japão novamente aí sim hein!
1:42:06,6126,thrillerzs,thrillerzs,neutro,1.0,Os npc ta spawnando normalmente ja
1:42:08,6128,amauriagj,Amauriagj,neutro,1.0,n0uz
1:42:11,6131,naemwav1,NaeMwav1,confuso,1.0,te montaram sem manual?
1:42:11,6131,amauriagj,Amauriagj,neutro,1.0,aí é fino
1:42:11,6131,this_is_pedro,This_is_Pedro,confuso,1.0,Bora passar um hidratante de boquinha aí
1:42:12,6132,joaozinhokct,joaozinhokct,neutro,1.0,Muito miojo
1:42:14,6134,iceraptron,iceraptron,neutro,1.0,abre um video do coconut ai na rua pra gente ver
1:42:14,6134,eddie_campelo,eddie_campelo,neutro,1.0,Vazou teus áudio com o Vorcaro
1:42:15,6135,kthyosu,kthyosu,neutro,1.0,poste
1:42:15,6135,jun_09t,jun_09t,confuso,1.0,"Baka, cadê o colab com o Careca  Coconut?"
1:42:16,6136,lunoky,lunoky,positivo,1.0,Tá gostoso
1:42:16,6136,lipe_mp4,lipe_mp4,neutro,1.0,tira dessa tela pfv
1:42:16,6136,duduh1303,duduh1303,confuso,1.0,Cadê os corvos baka sumiu ?
1:42:16,6136,bhcbmds_0,bhcbmds_0,positivo,1.0,Se deus quiser ele vai tropeçar em algum seguidor doido dnv 🙏🙏🙏
1:42:17,6137,ryan_goslingdrive7,ryan_goslingdrive7,neutro,1.0,POSTA
1:42:17,6137,marryros098,marryros098,neutro,1.0,NeedHeal NeedHeal NeedHeal NeedHeal
1:42:18,6138,dudjinn,DuDjinn,neutro,1.0,"ta mais que certo, tem q comer msm"
1:42:18,6138,rickzinot,RickzinOT,neutro,1.0,ta queimado emm
1:42:18,6138,flowxr6,flowxr6,neutro,1.0,Rezando pro n0uz reviver
1:42:20,6140,rafael_gouvea75,rafael_gouvea75,neutro,1.0,O baka voltou pro Japão pra ser flanelinha
1:42:21,6141,dlemonster,DlEmonster,neutro,1.0,volta escrever livro
1:42:21,6141,jaooveed,jaooveed,positivo,1.0,"A live tá boa, mas fica tendo esses sustos"
1:42:21,6141,lkaleatorio,lkaleatorio,neutro,1.0,A testa crescendo
1:42:23,6143,lucas_camargus,Lucas_Camargus,neutro,1.0,o colossal baka gaijin
1:42:23,6143,felipe__25,Felipe__25,neutro,1.0,"Engordou, o cabelo ta caindo, ta perdendo a visão"
1:42:27,6147,evilgelico,evilgelico,neutro,1.0,está parecendo o Dwight
1:42:29,6149,peix3manso,peix3manso,neutro,1.0,olha esse carro fdp
1:42:31,6151,mwm93,Mwm93,confuso,1.0,Que fim levou o canal noUz??
1:42:32,6152,pedepanomttriste,PeDePanoMtTriste,confuso,1.0,"Chat parecendo mulher passivo agressiva  ""ce engordou amiga?"""
1:42:33,6153,gmblost,gmbLOST,confuso,1.0,"oi sou novo na live, que bairro é esse de são paulo?"
1:42:34,6154,kevin19376,kevin19376,neutro,1.0,Baka só voltou pra o Japão pq esqueceu o plug
1:42:34,6154,this_is_pedro,This_is_Pedro,confuso,1.0,Será que vale a pena?
1:42:35,6155,erickhsn,erickhsn,confuso,1.0,essas menina tao indo pra escola no sabado?
1:42:35,6155,mrmuuh_1227,mrmuuh_1227,neutro,1.0,chuta o estudante ai man
1:42:36,6156,rickzinot,RickzinOT,engraçado,1.0,o cara é o Arima
1:42:36,6156,ntosusan,ntoSusan,confuso,1.0,tem atualizacoes do livro ?
1:42:39,6159,amauriagj,Amauriagj,neutro,1.0,faz um feat com as Garu aí nodo japil
1:42:41,6161,salamanderfps,salamanderfps,neutro,1.0,Engordou porque no avião não pode masturbar
1:42:43,6163,soulsgrigory,SoulsGrigory,neutro,1.0,esta perecendo diante o tempo
1:42:46,6166,bananils0n_farofa,Bananils0n_farofa,engraçado,1.0,Tu criou aquele canal novo tem um ano e até agr não tocou nele
1:42:46,6166,marcosssantoro,MarcossSantoro,confuso,1.0,reservou algo na louis viton?
1:42:47,6167,joaozinhokct,joaozinhokct,neutro,1.0,Muito NPC junto vai bugar
1:42:50,6170,ismaell1ra,ismaell1ra,confuso,1.0,não é sabado? pq tem aula?
1:42:51,6171,ryan_goslingdrive7,ryan_goslingdrive7,neutro,1.0,O Baka tá virando o Augustinho Carrara só que sem pegar mulher
1:42:52,6172,kolwya,kolwya,neutro,1.0,Passa rasteira nos cara baka
1:42:52,6172,peterdcn,peterdcn,neutro,1.0,"casal adolescente, da uma rasteira nos dois aí faz favor"
1:42:53,6173,residente_dorminhoko,residente_dorminhoko,engraçado,0.5,n ta frio pra essas mina estar tudo de saia n?
1:42:55,6175,igh0r5,Igh0r5,neutro,1.0,nesse caso emagrece
1:42:55,6175,lipe_mp4,lipe_mp4,confuso,1.0,Vc esta envolvido com o Vorcado?
1:42:56,6176,amauriagj,Amauriagj,neutro,1.0,n0uz feat garu
1:42:59,6179,dards39,dards39,neutro,1.0,A PÓÇA!
1:43:01,6181,rickzinot,RickzinOT,engraçado,1.0,"o cara é o Arima, grisalho, ficando cego e calvo"
1:43:02,6182,pulchram12,pulchram12,neutro,1.0,EarnedIt
1:43:08,6188,licht_zayy,licht_zayy,neutro,1.0,Tão indo pro curso
1:43:12,6192,nunes013,nunes013,confuso,1.0,vcs n estudavam sabado?
1:43:13,6193,neekotinakkj,neekotinakkj,neutro,1.0,cara que legais as plantinhas no predio
1:43:13,6193,imfilty,ImFilty,neutro,1.0,krl olha esse maluco andando
1:43:13,6193,caipirinha_2007,caipirinha_2007,neutro,1.0,ai e escala 7x0
1:43:14,6194,danylo0110,danylo0110,confuso,1.0,é verdade que todos ai sabem karate?
1:43:14,6194,gallack000,Gallack000,neutro,1.0,krl
1:43:16,6196,sanicmmm,sanicmmm,neutro,1.0,A avenida paulista tá diferente
1:43:16,6196,flowxr6,flowxr6,neutro,1.0,n0uz ft. Kanye West
1:43:16,6196,artuurbr21,artuurbr21,neutro,1.0,é cosplay
1:43:17,6197,ocaiuu,ocaiuu,neutro,1.0,Senai
1:43:17,6197,meth10,meth10,neutro,1.0,é cosplay
1:43:18,6198,professorakpopercomunista,professorakpopercomunista,confuso,1.0,por isso que eles são mais inteligentes que a gente
1:43:19,6199,erickhsn,erickhsn,positivo,1.0,bom é volta as aulas agora
1:43:20,6200,lkaleatorio,lkaleatorio,neutro,1.0,Os caras estudam kakaka
1:43:20,6200,ryan_goslingdrive7,ryan_goslingdrive7,neutro,1.0,Estuda parcelado
1:43:22,6202,navedoalien,NaveDoAlien,neutro,1.0,virou subcultura
1:43:23,6203,acairoxo,acairoxo,neutro,1.0,ate parece q da futuro
1:43:23,6203,nandinzzz,nandinzzz,neutro,1.0,npc mal programado
1:43:23,6203,esdraz,Esdraz,confuso,1.0,@BakaGaijinLive voltou a morar no japao?
1:43:25,6205,salamanderfps,salamanderfps,neutro,1.0,Os cara vai só resenhar
1:43:25,6205,residente_dorminhoko,residente_dorminhoko,neutro,1.0,estudo 7x0 doidera
1:43:25,6205,kolwya,kolwya,neutro,1.0,Tão indo pro passeio
1:43:26,6206,coolmelado,coolmelado,engraçado,1.0,Hoje já é segunda no japão(fuso horario)
1:43:26,6206,dlemonster,DlEmonster,neutro,1.0,deve ser dia de clube
1:43:27,6207,gallack000,Gallack000,neutro,1.0,slk
1:43:29,6209,lunoky,lunoky,engraçado,1.0,Kkkk
1:43:30,6210,this_is_pedro,This_is_Pedro,neutro,1.0,Cursinho de reposição da Descomplica
1:43:32,6212,smill3___,smill3___,neutro,1.0,VORCARO PAGOU ESSA VIAGEM QUE EU SEI
1:43:33,6213,gallack000,Gallack000,neutro,1.0,ai sim
1:43:34,6214,annoyinger,Annoyinger,neutro,1.0,"pergunta a formula de baskara, eles nao devem nem saber... é tudo poser"
1:43:34,6214,lipe_mp4,lipe_mp4,confuso,0.667,tipo? como assim estudar kkk?
1:43:35,6215,peterdcn,peterdcn,neutro,1.0,tem que esperar 11 rodadas pra chocar
1:43:39,6219,mwm93,Mwm93,confuso,1.0,E o canal nOuz que fim levou?
1:43:39,6219,danylo0110,danylo0110,neutro,1.0,the golden egg
1:43:39,6219,fibbs,フィブス,neutro,1.0,esse é drop de shiny SeemsGood
1:43:40,6220,jaojogad,jaojogad,neutro,1.0,Pega pa nois fazer um omelete
1:43:42,6222,marryros098,marryros098,neutro,1.0,E o festival do pinto
1:43:43,6223,amauriagj,Amauriagj,neutro,1.0,Cursinho Microlins
1:43:45,6225,ivctor,ivctor,neutro,1.0,"foi mal, devo ter caido do meu saco"
1:43:45,6225,ryan_goslingdrive7,ryan_goslingdrive7,neutro,1.0,O ovo do baka dps de comer cuscuz
1:43:46,6226,marcosssantoro,MarcossSantoro,engraçado,1.0,@lipe_mp4 ele tinha que fugir antes de segunda.. kkk
1:43:46,6226,neekotinakkj,neekotinakkj,neutro,1.0,omaga um plug gigante
1:43:53,6233,jun_09t,jun_09t,neutro,1.0,Agora mostra o seu Baka
1:43:54,6234,eoezek,EoEzek,neutro,1.0,"Baka, não aguentou a"
1:43:58,6238,thrillerzs,thrillerzs,engraçado,1.0,Full estudo e depois trabalha 34 horas kkk se loko
1:44:02,6242,salamanderfps,salamanderfps,confuso,1.0,Baka ja mediu quantos KM vc anda por live?
1:44:06,6246,niori1,Niori1,positivo,1.0,salve baka
1:44:07,6247,agiotadofelps,AgiotaDoFelps,neutro,1.0,ja foi
1:44:11,6251,jaojogad,jaojogad,confuso,1.0,E o pinto do festival?
1:44:11,6251,eddie_campelo,eddie_campelo,neutro,1.0,Já rolou
1:44:12,6252,mun1zvictor,Mun1zVictor,engraçado,1.0,"Muito estranho assistir sua live tomando, parece que tu tá me vendo pelado quando tu vira a câmera 😳😂"
1:44:16,6256,erickhsn,erickhsn,neutro,1.0,sim foi esse ano
1:44:16,6256,this_is_pedro,This_is_Pedro,neutro,1.0,Rouba esse guarda chuva ai
1:44:18,6258,ryan_goslingdrive7,ryan_goslingdrive7,confuso,1.0,Baka descreva com sons o que é o Sexo
1:44:20,6260,wwhax,wwhax,neutro,1.0,já foi
1:44:26,6266,pulchram12,pulchram12,engraçado,1.0,É em Abril o festival
1:44:26,6266,mwm93,Mwm93,confuso,1.0,E o festival da xota?
1:44:27,6267,annoyinger,Annoyinger,neutro,1.0,parece memo
1:44:28,6268,thorlight9,thorlight9,engraçado,1.0,Faz umas live subindo prédio no interior de minas
1:44:29,6269,ivctor,ivctor,neutro,1.0,drop de guarda chuva na grade ali passou reto
1:44:31,6271,mongedeceramica,mongedeceramica,confuso,1.0,vai ficar quanto tempo ai?
1:44:32,6272,coolmelado,coolmelado,neutro,1.0,!alturadoBakinha
1:44:34,6274,peix3manso,peix3manso,negativo,1.0,olha cheio de lixo
1:44:36,6276,this_is_pedro,This_is_Pedro,neutro,1.0,Po 2026 aconteceu coisa pra craalho
1:44:39,6279,gallack000,Gallack000,engraçado,1.0,kkkkkkkkkkkkkkkkkkkkkkk
1:44:41,6281,marcosssantoro,MarcossSantoro,engraçado,1.0,kkkk
1:44:43,6283,joaozinhokct,joaozinhokct,engraçado,1.0,kkkkkkkkkkkk
1:44:44,6284,salamanderfps,salamanderfps,neutro,1.0,Na minha cabeça vc ficou 2 anos no Brasil
1:44:46,6286,lkaleatorio,lkaleatorio,neutro,1.0,Eita
1:44:47,6287,avatard0crime,avatard0crime,confuso,1.0,No halloween vai ter live em Shibuya ou nada vê?
1:44:47,6287,niori1,Niori1,positivo,0.5,manda um salve pra maringa baka
1:44:47,6287,licht_zayy,licht_zayy,engraçado,1.0,Kkkkkkkkkkkk
1:44:47,6287,darcknesworld,darcknesworld,engraçado,1.0,kkkkkkkkkkkkkkk
1:44:48,6288,amauriagj,Amauriagj,engraçado,1.0,kkkkkkkk
1:44:49,6289,thmnp,thmnp,engraçado,1.0,!zuera
1:44:50,6290,igh0r5,Igh0r5,engraçado,1.0,kkkkkkk
1:44:51,6291,dlemonster,DlEmonster,engraçado,1.0,kkkkkk
1:44:53,6293,beyond_desolation2,Beyond_Desolation2,neutro,1.0,BAKA NO JAPÃO CINEMA
1:44:56,6296,wesleykolomar_br,wesleykolomar_br,engraçado,1.0,kkkkkkkkk
1:44:57,6297,sanicmmm,sanicmmm,neutro,1.0,Aperta M aí baka
1:44:58,6298,pedro_polegar,pedro_polegar,positivo,0.667,@ryan_goslingdrive7 Porra onomatopéia de sexo é foda
1:44:58,6298,acairoxo,acairoxo,neutro,1.0,quantos km de pica ce anda por dia
1:44:59,6299,dudjinn,DuDjinn,confuso,1.0,"baka, tu é adepto as palhaxotas?"
1:45:01,6301,pedepanomttriste,PeDePanoMtTriste,neutro,1.0,Krlh ce ficou igualzinho o Jeffrey Dramher agr
1:45:02,6302,erickhsn,erickhsn,neutro,1.0,devia ter pegado o trem
1:45:02,6302,zlanz013,zlanz013,neutro,1.0,parece a 25 de março
1:45:04,6304,erickhsn,erickhsn,neutro,1.0,slk mtro longe
1:45:06,6306,duduh1303,duduh1303,confuso,1.0,E os corvos sumiram ?
1:45:07,6307,wesleykolomar_br,wesleykolomar_br,neutro,1.0,a poça
1:45:07,6307,amauriagj,Amauriagj,neutro,1.0,é a festinha no Madame pow
1:45:07,6307,lkaleatorio,lkaleatorio,neutro,1.0,O cara anda na calçada kaka
1:45:08,6308,lunoky,lunoky,positivo,1.0,Estamos pelados
1:45:10,6310,lipe_mp4,lipe_mp4,confuso,1.0,ai tem COMPRA OURO tmb baka?
1:45:12,6312,darcknesworld,darcknesworld,engraçado,1.0,kkkkkkkkkkkkkkkkkk
1:45:13,6313,matheusr23,matheusr23,engraçado,1.0,matheusr23 subscribed with Prime. They've subscribed for 12 months!
1:45:14,6314,salamanderfps,salamanderfps,neutro,1.0,Foi nem pra minas gerais e já voltou pro japao
1:45:16,6316,noresolvenorecall,noresolvenorecall,positivo,0.5,"Bom dia a todas, a todos, a todes a Toddy, Nescau, Nesquik Bom dia a ele, a ela, Elx, Asterix, Oberix Tinquiwinx, Lala, Po, Teletubbies  Bom dias aos binários, não binários, setenários, bilhonários Bom dia aos LGBT, Sbt, Cpc, Spc só pra contrariar"
1:45:18,6318,ryan_goslingdrive7,ryan_goslingdrive7,engraçado,0.5,Baka poderia me explicar com sons o que é o Sexo
1:45:18,6318,f_u_t_u_r_e_7,F_U_T_U_R_E_7,engraçado,1.0,lkkkkkkkkkkkk
1:45:20,6320,smill3___,smill3___,confuso,1.0,ja pode gozar sim ou n?
1:45:22,6322,jun_09t,jun_09t,confuso,1.0,Yamete Kudasai?
1:45:23,6323,eoezek,EoEzek,positivo,1.0,Sertãozinho fica lindo nessa época do ano
1:45:24,6324,dlemonster,DlEmonster,neutro,1.0,anotado
1:45:24,6324,z3rbel17,z3rbel17,neutro,1.0,Baka vé qual o banheiro mais limpo de Tokyo
1:45:26,6326,this_is_pedro,This_is_Pedro,neutro,1.0,Anotando aqui SeemsGood
1:45:29,6329,marcosssantoro,MarcossSantoro,confuso,1.0,tá usando tenis antiderrapante?
1:45:29,6329,putiferoo,putiferoo,positivo,1.0,Sua live é muito boa durmo rapidinho
1:45:29,6329,thorlight9,thorlight9,confuso,1.0,Vai ficar quanto tempo aí?
1:45:30,6330,sonoleeento,sonoleeento,confuso,1.0,é rerun?
1:45:30,6330,salamanderfps,salamanderfps,neutro,1.0,Gene falando yametee
1:45:31,6331,jaooveed,jaooveed,engraçado,1.0,Tem que marcar território né
1:45:32,6332,dnzinn5_,dnzinn5_,positivo,0.5,@erickhsn andar e bom pra saúde
1:45:34,6334,kevin19376,kevin19376,neutro,1.0,O cara e sabidu
1:45:34,6334,caipirinha_2007,caipirinha_2007,neutro,1.0,da uma gachda
1:45:35,6335,cestrick7,CeStrick7,engraçado,1.0,baka voltando as origens
1:45:35,6335,passarobllue,passarobllue,neutro,1.0,Comer queijo
1:45:37,6337,imfilty,ImFilty,neutro,1.0,ok
1:45:40,6340,pedepanomttriste,PeDePanoMtTriste,neutro,1.0,Oh si da
1:45:40,6340,lunoky,lunoky,neutro,1.0,!zueira
1:45:40,6340,cosmisaki,cosmisaki,confuso,1.0,Vai passar quanto tempo ai?
1:45:41,6341,salamanderfps,salamanderfps,neutro,1.0,Comer um minero gordinho
1:45:42,6342,acairoxo,acairoxo,confuso,1.0,minas é mais proximo do japão q eu pensava
1:45:42,6342,amauriagj,Amauriagj,neutro,1.0,yamatee kumidasai
1:45:44,6344,bhcbmds_0,bhcbmds_0,neutro,1.0,Vai pra Liberdade
1:45:44,6344,zakkxxd,zakkxxd,engraçado,1.0,comprar queijo e p*ta brinks
1:45:45,6345,navedoalien,NaveDoAlien,neutro,1.0,Fazer queijo
1:45:45,6345,sik0rsk,sik0rsk,confuso,1.0,Que cidade o baka está?
1:45:45,6345,pedro_polegar,pedro_polegar,frustrado,1.0,É filho da puta teve recorde do maior doce de leite aqui e tu n veio
1:45:45,6345,neekotinakkj,neekotinakkj,neutro,1.0,passear na ufv porra
1:45:46,6346,danylo0110,danylo0110,neutro,1.0,run forest
1:45:49,6349,this_is_pedro,This_is_Pedro,neutro,1.0,Aqui em Mg tem morro pra subir
1:45:50,6350,lrafaelbaroni,lRafaelBaroni,positivo,0.5,Salve salve! Voltou pra ficar?
1:45:51,6351,licht_zayy,licht_zayy,neutro,1.0,Em minas gerais tem os duende na garrafa
1:45:51,6351,bakalovers,bakalovers,positivo,1.0,Cheer1 saudades das FICs na live
1:45:53,6353,pedepanomttriste,PeDePanoMtTriste,neutro,1.0,Ei nerd tranks
1:45:54,6354,knouck,knouck,neutro,1.0,o cara voltou para o mapa pve
1:45:56,6356,portella94,portella94,confuso,1.0,Vai ter vídeo no YouTube explicando porque tu tá no Japão?
1:45:58,6358,neekotinakkj,neekotinakkj,positivo,1.0,melhor estado do mundo
1:46:00,6360,eddie_campelo,eddie_campelo,engraçado,1.0,Deve ser crime gemer no Japão
1:46:01,6361,ryan_goslingdrive7,ryan_goslingdrive7,neutro,1.0,Sommelier de Calcinha🩲
1:46:02,6362,annoyinger,Annoyinger,neutro,1.0,vai pra minas superfaturar uma barragem
1:46:02,6362,salamanderfps,salamanderfps,engraçado,1.0,Kkkkkkkk
1:46:03,6363,gallack000,Gallack000,neutro,1.0,Nuh zé
1:46:07,6367,licht_zayy,licht_zayy,confuso,1.0,Agora em manos específico sla o que tem
1:46:07,6367,batatasavior,batatasavior,neutro,1.0,nihao
1:46:09,6369,pedepanomttriste,PeDePanoMtTriste,neutro,1.0,Pensa num gordin q atiça
1:46:10,6370,xablau_xyz,xablau_xyz,confuso,1.0,"e a calvície, baka?"
1:46:12,6372,lioneljonson26,lioneljonson26,confuso,1.0,o que que um baiano ta fazendo no japão
1:46:12,6372,pedro_polegar,pedro_polegar,neutro,1.0,Os caras bateram recorde do maior doce de leite em MG E O CARA N FOI
1:46:13,6373,mimillaszz,Mimillaszz,positivo,1.0,so coisa boa
1:46:13,6373,chubbycharlos,chubbycharlos,neutro,1.0,Liberdade tá clara agora
1:46:15,6375,mwm93,Mwm93,confuso,1.0,Vai andar ate a Tokyo tower dnv?
1:46:16,6376,zakkxxd,zakkxxd,confuso,1.0,ta só de passeio ai ou nada a ver? @BakaGaijinLive
1:46:17,6377,marryros098,marryros098,neutro,1.0,Chico Bento no Japão
1:46:18,6378,duduh1303,duduh1303,confuso,1.0,Baka como e gemer no Japão ?
1:46:18,6378,amauriagj,Amauriagj,neutro,1.0,um doce culeite
1:46:18,6378,salamanderfps,salamanderfps,neutro,1.0,Nuh Zé ta malado demais sô
1:46:21,6381,sadplant0,sadplant0,positivo,1.0,boa noite baka
1:46:22,6382,this_is_pedro,This_is_Pedro,neutro,1.0,Nunca mais faz isso
1:46:24,6384,henrique_wo,henrique_wo,neutro,1.0,Euns pau com queijo
1:46:25,6385,coolmelado,coolmelado,positivo,0.333,Minerin gostoso uai
1:46:26,6386,this_is_pedro,This_is_Pedro,confuso,1.0,Uai
1:46:27,6387,hiena2000,hiena2000,engraçado,1.0,cara volta pra seed original
1:46:28,6388,jun_09t,jun_09t,confuso,1.0,"Baka, cadê os assobios na hora de atravessar a faixa de pedestre?"
1:46:29,6389,sleef16,Sleef16,neutro,1.0,!clima
1:46:30,6390,nightbot,Nightbot,neutro,1.0,Agora em Tokyo tá 70F (21C)
1:46:30,6390,neekotinakkj,neekotinakkj,neutro,1.0,nunca mais faça isso
1:46:30,6390,flowxr6,flowxr6,neutro,1.0,!clima
1:46:31,6391,this_is_pedro,This_is_Pedro,neutro,1.0,!clima
1:46:31,6391,joaozinhokct,joaozinhokct,neutro,1.0,!Gozar
1:46:32,6392,thmnp,thmnp,neutro,1.0,!clima
1:46:32,6392,parcival_x,Parcival_x,neutro,1.0,!clima
1:46:32,6392,ryan_goslingdrive7,ryan_goslingdrive7,neutro,1.0,300°
1:46:32,6392,sleef16,Sleef16,engraçado,1.0,lol
1:46:33,6393,lipe_mp4,lipe_mp4,neutro,1.0,para pfv
1:46:33,6393,tiagox321,Tiagox321,neutro,1.0,!º
1:46:34,6394,vitxrrr07,vitxrrr07,neutro,1.0,bakagaWetsumo bakagaWetsumo bakagaWetsumo bakagaWetsumo
1:46:34,6394,navedoalien,NaveDoAlien,neutro,1.0,!clima
1:46:34,6394,lkaleatorio,lkaleatorio,neutro,1.0,9
1:46:35,6395,peix3manso,peix3manso,neutro,1.0,cheiro no kangol
1:46:36,6396,eddie_campelo,eddie_campelo,neutro,1.0,Pare um queijo sô
1:46:36,6396,acairoxo,acairoxo,engraçado,0.5,wtf is a km baka ?
1:46:37,6397,this_is_pedro,This_is_Pedro,neutro,1.0,!clima quente
1:46:40,6400,marcosssantoro,MarcossSantoro,neutro,1.0,21°c
1:46:41,6401,rickzinot,RickzinOT,neutro,1.0,!pinto
1:46:41,6401,coolmelado,coolmelado,neutro,1.0,!temperaturacorporal do Baka
1:46:42,6402,erickhsn,erickhsn,positivo,1.0,boa noite
1:46:43,6403,vitxrrr07,vitxrrr07,neutro,1.0,!clima
1:46:43,6403,eriiz__,Eriiz__,neutro,1.0,bumdinha
1:46:43,6403,kevin19376,kevin19376,neutro,1.0,Vai ficar aí até quando
1:46:44,6404,flowxr6,flowxr6,positivo,1.0,Boa gozada
1:46:44,6404,marryros098,marryros098,positivo,1.0,Bom
1:46:45,6405,torresminhoseboso,torresminhoseboso,neutro,1.0,que saudade desse safado
1:46:45,6405,dudjinn,DuDjinn,positivo,1.0,boa tarde
1:46:46,6406,coca_cola350ml,Coca_Cola350ml,neutro,1.0,sobe em uns predios ai
1:46:47,6407,sadplant0,sadplant0,engraçado,1.0,kkkkkkkkkk
1:46:48,6408,pedepanomttriste,PeDePanoMtTriste,neutro,1.0,Nu fortin que ce ta arrumando ze
1:46:48,6408,ryan_goslingdrive7,ryan_goslingdrive7,positivo,1.0,Bom dia
1:46:48,6408,monza_furioso,monza_furioso,positivo,1.0,boa noite vaka
1:46:48,6408,duduh1303,duduh1303,confuso,1.0,Como que e gemer no Japão baka ?
1:46:49,6409,sanicmmm,sanicmmm,neutro,1.0,"Linha azul parada hoje, e era só porque você não estava em SP entendi"
1:46:50,6410,kegann999,Kegann999,positivo,1.0,boa noite
1:46:50,6410,jun_09t,jun_09t,neutro,1.0,!clima
1:46:51,6411,r_lira28,r_lira28,positivo,1.0,Bom tesão Baka
1:46:51,6411,gallack000,Gallack000,engraçado,1.0,kkkkkkkkkkkkkkkkkk
1:46:53,6413,eddie_campelo,eddie_campelo,positivo,1.0,Boa tarde
1:46:55,6415,this_is_pedro,This_is_Pedro,positivo,1.0,Bom dia então caralho
1:46:55,6415,dalton_olivera,dalton_olivera,engraçado,1.0,Kappa SeemsGood
1:46:56,6416,salamanderfps,salamanderfps,positivo,1.0,O bom dia devia valer pro dia todo
1:46:56,6416,mantooz,mantooz,confuso,1.0,essa ai é SP? não acompanho muito
1:46:57,6417,fabio_murilo,fabio_murilo,positivo,1.0,Boa noite
1:46:57,6417,marryros098,marryros098,positivo,1.0,Boa noite aqui bom-dia ai
1:46:57,6417,wesleykolomar_br,wesleykolomar_br,positivo,1.0,boa semana
1:46:58,6418,jaojogad,jaojogad,neutro,1.0,Dia moderado Baka
1:46:58,6418,marcosssantoro,MarcossSantoro,neutro,1.0,de tudo vai rolar
1:46:59,6419,annoyinger,Annoyinger,positivo,1.0,é o contraste que faz as coisas boas e ruins
1:47:00,6420,pulchram12,pulchram12,positivo,1.0,Boa
1:47:01,6421,pedepanomttriste,PeDePanoMtTriste,positivo,1.0,Boa tarde
1:47:01,6421,burunoa,burunoa,positivo,1.0,bom ano
1:47:01,6421,mattheus_araujo,mattheus_araujo,engraçado,1.0,21° pra mim é frio
1:47:02,6422,eoezek,EoEzek,positivo,1.0,Bom alvorecer da aurora
1:47:04,6424,ryan_goslingdrive7,ryan_goslingdrive7,neutro,1.0,27cm
1:47:05,6425,moisesthunder,moisesthunder,neutro,1.0,!clima
1:47:05,6425,navedoalien,NaveDoAlien,neutro,1.0,Dia e o dia todo
1:47:05,6425,nightbot,Nightbot,neutro,1.0,Agora em Tokyo tá 70F (21C)
1:47:06,6426,kolwya,kolwya,neutro,1.0,E o punhetaço baka
1:47:07,6427,dudjinn,DuDjinn,neutro,1.0,28
1:47:08,6428,rickzinot,RickzinOT,positivo,1.0,"estou no fuso da morte, uma boa morte p vc tbm"
1:47:09,6429,eddie_campelo,eddie_campelo,neutro,1.0,Tarrrde sô
1:47:09,6429,fnaticpe,fnaticpe,neutro,1.0,k
1:47:09,6429,this_is_pedro,This_is_Pedro,neutro,1.0,Recolhendo os corpos
1:47:10,6430,henrique_wo,henrique_wo,positivo,1.0,Bom ano
1:47:11,6431,licht_zayy,licht_zayy,neutro,1.0,Pois aproveite suas próximas 12 horas
1:47:11,6431,lc_felipe,lc_felipe,neutro,1.0,medio dia
1:47:14,6434,darcknesworld,darcknesworld,engraçado,1.0,kkkkkkkkkkkkk
1:47:16,6436,salamanderfps,salamanderfps,positivo,1.0,"Bom dia não é boa manhã, devia valer o dia todo"
1:47:18,6438,filipi_21,Filipi_21,positivo,1.0,bom dioite
1:47:20,6440,coolmelado,coolmelado,positivo,1.0,!gemegostoso
1:47:21,6441,cosmisaki,cosmisaki,neutro,1.0,Tu sabe de nada
1:47:21,6441,marcosssantoro,MarcossSantoro,neutro,1.0,troca de guarda da yakuza
1:47:24,6444,this_is_pedro,This_is_Pedro,neutro,1.0,Morei aqui porra
1:47:26,6446,lipe_mp4,lipe_mp4,neutro,1.0,chavinho
1:47:26,6446,ryan_goslingdrive7,ryan_goslingdrive7,confuso,1.0,Baka fala Pinto o mais alto que você conseguir
1:47:30,6450,fibbs,フィブス,neutro,1.0,jaja chega em xique xique SeemsGood
1:47:32,6452,amauriagj,Amauriagj,engraçado,1.0,domingão em sp previsão de tornado de novo só alegria
1:47:33,6453,alektrospirozy,Alektrospirozy,confuso,1.0,o cu dela não era seu? ent
1:47:33,6453,pedro_polegar,pedro_polegar,neutro,1.0,Trabalhador do IML
1:47:33,6453,duduh1303,duduh1303,confuso,1.0,Como e gemer na chuva baka ?
1:47:33,6453,kevin19376,kevin19376,neutro,1.0,Que gemidinha
1:47:34,6454,burunoa,burunoa,neutro,1.0,pq tanto japones nesse lugar
1:47:34,6454,z3rbel17,z3rbel17,positivo,0.5,Boa noite agora às 23:53. Espero que o seu dia seja menos mau
1:47:37,6457,simohayhafps,SimoHayhaFPS,positivo,1.0,Bom Dia Baka
1:47:38,6458,josep_pkdura,josep_pkdura,neutro,1.0,Vai deixar o vod braga
1:47:39,6459,sanicmmm,sanicmmm,neutro,1.0,Se conhece tanto então se perde aí
1:47:40,6460,nexus_jp,nexus_jp,engraçado,1.0,nexus_jp subscribed with Prime.
1:47:41,6461,neeovox,neeovox,positivo,1.0,Pra mim é bom dia então boa noite
1:47:42,6462,arki_core1,arki_core1,neutro,1.0,Aiii chavinhuuu
1:47:42,6462,lunoky,lunoky,neutro,1.0,Ai chaves
1:47:46,6466,pedepanomttriste,PeDePanoMtTriste,neutro,1.0,"Ele pergunta p nois se ta no caminho certo, eu em Sertaozinho inteiror de Sergipe"
1:47:48,6468,smill3___,smill3___,neutro,1.0,vish cp company
1:47:48,6468,dalton_olivera,dalton_olivera,engraçado,1.0,KappaPride
1:47:49,6469,ryan_goslingdrive7,ryan_goslingdrive7,neutro,1.0,Para de gemer
1:47:49,6469,salamanderfps,salamanderfps,neutro,1.0,Tem que descascar o plastico pra comer o japones
1:47:49,6469,lordjullius,lordjullius,confuso,1.0,baka voltou de vez pro japan?
1:47:52,6472,lipe_mp4,lipe_mp4,engraçado,1.0,"esse pe meu NPC favorito, plastificado"
1:47:52,6472,annoyinger,Annoyinger,neutro,1.0,agora vc pode vazar seu endereco antigo do japil
1:47:53,6473,mtbrazil,MTBRAZIL,confuso,1.0,"É aí que filmaram Sexo 3.5 ""O retorno do bilau""?"
1:47:55,6475,henrique_lzz,henrique_lzz,confuso,1.0,CP?
1:47:56,6476,dlemonster,DlEmonster,confuso,0.667,"O que quer dizer?  Você está me desejando um bom dia ou dizendo que este é um bom dia independente de minha vontade, ou talvez queira me dizer que se sente bem nesse dia ou então este é um bom dia para se estar bem?"
1:47:57,6477,this_is_pedro,This_is_Pedro,neutro,1.0,O cu dessa cidade sou euu Kreygasm
1:47:59,6479,rickzinot,RickzinOT,engraçado,0.667,existe algum evento de NPC igual o Japao no Nordeste do Brasil? KKKKKKK
1:47:59,6479,navedoalien,NaveDoAlien,confuso,1.0,Falta muito pra chegar na Paulista?
1:48:01,6481,utsuki133,utsuki133,neutro,1.0,"Tá indo certo, passei por aí em 83"
1:48:04,6484,dudjinn,DuDjinn,neutro,1.0,é q ele ficou calvo tbm
1:48:07,6487,amauriagj,Amauriagj,neutro,1.0,pelo CuCurella
1:48:09,6489,ivctor,ivctor,neutro,1.0,dps que o brasil eliminou o japao nao dão  nem agua pra ele
1:48:10,6490,marcosssantoro,MarcossSantoro,confuso,1.0,algum japones tava com saudades?
1:48:10,6490,lipe_mp4,lipe_mp4,neutro,1.0,lamine
1:48:11,6491,gatopastelo,gatopastelo,neutro,1.0,yamal farma mais aura
1:48:11,6491,srpenteado,srpenteado,neutro,1.0,SP tá diferente
1:48:12,6492,menel01,menel01,positivo,1.0,menel0FODASE menel0FODASE menel0FODASE
1:48:16,6496,duduh1303,duduh1303,confuso,1.0,Como e gemer durante a chuva baka ?
1:48:16,6496,this_is_pedro,This_is_Pedro,neutro,1.0,Cucaracha
1:48:17,6497,wesleykolomar_br,wesleykolomar_br,neutro,1.0,trabalhava nessa loja ai em 84
1:48:21,6501,plastic_tramp_94,plastic_tramp_94,confuso,1.0,em que cidade você está?
1:48:28,6508,kthyosu,kthyosu,neutro,1.0,djed spence tem mais swag
1:48:30,6510,kevin19376,kevin19376,engraçado,1.0,Baka era o personagem principal
1:48:35,6515,ryan_goslingdrive7,ryan_goslingdrive7,confuso,1.0,Baka tá jogando no mundo aberto??
1:48:36,6516,srpenteado,srpenteado,confuso,1.0,qual bairro do Alabama ?
1:48:37,6517,jaooveed,jaooveed,confuso,1.0,Tá indo no festival lgbt da paulista?
1:48:38,6518,pedepanomttriste,PeDePanoMtTriste,confuso,1.0,É mole?
1:48:42,6522,acairoxo,acairoxo,confuso,1.0,quando vai passar por manaus ? ouvi dizer q ta perto
1:48:43,6523,lanko_1,Lanko_1,neutro,1.0,Festival de farmar aura em shibuya tava pica
1:48:43,6523,mimillaszz,Mimillaszz,confuso,1.0,a solda esta molhada?
1:48:45,6525,this_is_pedro,This_is_Pedro,confuso,1.0,Dor nas costas por andar é sinal de que?
1:48:46,6526,putiferoo,putiferoo,neutro,1.0,Grava um vídeo com o kid bengala
1:48:47,6527,lipe_mp4,lipe_mp4,neutro,1.0,@plastic_tramp_94 Osasco!
1:48:48,6528,thrillerzs,thrillerzs,neutro,1.0,Sexo 3 ta adiando muito
1:48:49,6529,neeovox,neeovox,confuso,1.0,Baka vc é japonês?
1:48:51,6531,artuurbr21,artuurbr21,positivo,0.5,esse é o famoso sobral ceará?
1:48:51,6531,rickzinot,RickzinOT,confuso,1.0,q lugar do nordeste é esse? Fortaleza?
1:48:51,6531,salamanderfps,salamanderfps,engraçado,1.0,Acha alguma placa anti corintiano ai por causa do mundial de 2012
1:48:54,6534,this_is_pedro,This_is_Pedro,neutro,1.0,Não sei nunca comi
1:48:55,6535,coolmelado,coolmelado,confuso,0.667,@Baka! Ta sabendo se o Alanzoka abriu live?? Ve ai pra mim
1:48:55,6535,charly_mint,Charly_mint,neutro,1.0,wagyu burger
1:48:56,6536,ryan_goslingdrive7,ryan_goslingdrive7,confuso,1.0,Esse serve é mundo aberto baka?
1:48:56,6536,cosmisaki,cosmisaki,neutro,1.0,Come pra gente ver
1:48:59,6539,sadplant0,sadplant0,neutro,1.0,ja sabia que voce tava ai no jp só vendo os carros quadradão
1:49:00,6540,mongedeceramica,mongedeceramica,neutro,1.0,só os carro quadrado
1:49:00,6540,mantooz,mantooz,neutro,1.0,"SP ta diferente, muito limpa"
1:49:06,6546,residente_dorminhoko,residente_dorminhoko,neutro,1.0,climinha de sexo
1:49:09,6549,marryros098,marryros098,neutro,1.0,Vai dar 8 da manhã
1:49:12,6552,salamanderfps,salamanderfps,confuso,1.0,Vai ficar pouco aí?
1:49:17,6557,wesleykolomar_br,wesleykolomar_br,confuso,1.0,essa chuva chega amanha aqui?
1:49:19,6559,this_is_pedro,This_is_Pedro,neutro,1.0,Repor os vídeos filosóficos
1:49:22,6562,duduh1303,duduh1303,confuso,1.0,Como e gemer as 7 h da manhã baka ?
1:49:24,6564,lkaleatorio,lkaleatorio,positivo,1.0,Kombi top
1:49:25,6565,ryan_goslingdrive7,ryan_goslingdrive7,neutro,1.0,Baka sempre saindo Brasil em época de eleição
1:49:26,6566,pedepanomttriste,PeDePanoMtTriste,neutro,1.0,Passeia mao no seu seio
1:49:29,6569,amauriagj,Amauriagj,confuso,1.0,oxi uma kombi de feira passou
1:49:30,6570,erickhsn,erickhsn,positivo,0.5,"eu só peguei chuva d emanha no japãoi basicamente, horario q ia pra academia então fodase"
1:49:32,6572,cientistab,cientistab,confuso,1.0,live gravada?
1:49:32,6572,caipirinha_2007,caipirinha_2007,neutro,1.0,TPFufun
1:49:32,6572,dnzinn5_,dnzinn5_,confuso,1.0,quando vem a hr do punhetaço?
1:49:32,6572,henrique_wo,henrique_wo,neutro,1.0,Aí tá parecendo Nova Iguaçu
1:49:38,6578,lipe_mp4,lipe_mp4,positivo,0.5,rua muito limpinha obrigado Tarcísio!!!
1:49:44,6584,kolwya,kolwya,neutro,1.0,Tem hora pra dar baka
1:49:51,6591,lkaleatorio,lkaleatorio,neutro,1.0,Homem aranha tem que ir para o Japão
1:49:53,6593,rikyopa,RikyOpa,neutro,1.0,!clima (foi mal to lagado)
1:49:54,6594,nightbot,Nightbot,neutro,1.0,Agora em (foi mal to lagado) tá 78F (26C)
1:49:56,6596,pedepanomttriste,PeDePanoMtTriste,neutro,1.0,Quem sabe
1:49:58,6598,coxinhaa04,coxinhaa04,positivo,1.0,Boa noite. Baka no japil!!
1:49:59,6599,ryan_goslingdrive7,ryan_goslingdrive7,confuso,1.0,Baka prefere peitos ou Buda?
1:50:00,6600,sadplant0,sadplant0,positivo,1.0,bom que jaja chega o outono aí o clima da uma amenizada
1:50:00,6600,smill3___,smill3___,positivo,1.0,"@sadplant0 e as ruas limpas, falta de mendigos, chão sem buraco, pessoas educadas, pessoas bonitas, clima bom"
1:50:05,6605,nexus_jp,nexus_jp,neutro,1.0,bakagaCalvo
1:50:06,6606,sanicmmm,sanicmmm,confuso,1.0,Os cara do gacha não quer trabalhar?
1:50:07,6607,botelhokunavara96,botelhoKunavara96,neutro,1.0,Povo preguiçoso
1:50:12,6612,dudjinn,DuDjinn,confuso,1.0,tu ta morando na rua pra ta tão cedo na rua?
1:50:13,6613,mariookie,mariookie,inspirado,0.5,Vai ter punhetaco ou continua nofap?
1:50:14,6614,passarobllue,passarobllue,neutro,1.0,Tem cabaré aberto ai no Japão em dia de sábado baka
1:50:14,6614,cl3b3rq,cl3b3rq,neutro,1.0,Já foi deportado do Brasil
1:50:16,6616,bakalovers,bakalovers,positivo,0.5,Cheer1 live até o punhado?
1:50:19,6619,salamanderfps,salamanderfps,confuso,1.0,Mais num era japones que trabalhava 24horas?
1:50:20,6620,kevin19376,kevin19376,engraçado,1.0,Baka terça e meu aniversário me manda feliz aniversário meu velho preferido
1:50:22,6622,cientistab,cientistab,positivo,0.5,obrigado pelo sol artificial tarcisio
1:50:24,6624,amauriagj,Amauriagj,neutro,1.0,uia o acelero
1:50:25,6625,dougnck,dougnck,confuso,1.0,Sabe se chove amanhã em pintópolis - Minas Gerais?
1:50:26,6626,pedro_polegar,pedro_polegar,confuso,1.0,Vai fazer o que ai além de live pra nois?
1:50:29,6629,annoyinger,Annoyinger,neutro,1.0,filma o nsx
1:50:30,6630,duduh1303,duduh1303,neutro,1.0,Hoje e punhetaço na chuva
1:50:31,6631,coolmelado,coolmelado,neutro,1.0,Live gravada(hoje é sexta e nao sabado)
1:50:32,6632,lanko_1,Lanko_1,neutro,1.0,Vai na feira e vê o preço do Pacu
1:50:32,6632,weschok,weschok,engraçado,1.0,"Voltou pro japao... baka sai das primas japonesas, mas as primas japonesas não saem do baka"
1:50:34,6634,joaoreisojisan,JoaoReisOjisan,neutro,1.0,pelo som é uma Kawasaki vermelha
1:50:34,6634,amauriagj,Amauriagj,neutro,1.0,opaaaa
1:50:36,6636,neeovox,neeovox,neutro,1.0,Galera no japão não trabaia
1:50:36,6636,dnzinn5_,dnzinn5_,neutro,1.0,Krl
1:50:37,6637,lipe_mp4,lipe_mp4,confuso,1.0,"opa, isso é um v12?"
1:50:37,6637,erickhsn,erickhsn,neutro,1.0,é
1:50:37,6637,amauriagj,Amauriagj,engraçado,1.0,ferrarinha
1:50:38,6638,el_v1nny,el_v1nny,engraçado,1.0,Ferrari
1:50:38,6638,pedepanomttriste,PeDePanoMtTriste,neutro,1.0,Cabaret da Chica beba
1:50:39,6639,lkaleatorio,lkaleatorio,neutro,1.0,Uno
1:50:39,6639,truemago,TrueMago,neutro,1.0,355
1:50:39,6639,bakalovers,bakalovers,positivo,0.5,Cheer1 live até o punhetaço hj?
1:50:39,6639,this_is_pedro,This_is_Pedro,neutro,1.0,Opa
1:50:40,6640,jaooveed,jaooveed,engraçado,1.0,FERRARI!
1:50:40,6640,cleitomix,Cleitomix,neutro,1.0,slk
1:50:42,6642,rage1fps,rage1fps,neutro,1.0,é um celta
1:50:43,6643,wesleykolomar_br,wesleykolomar_br,engraçado,1.0,uma ferrari dos anos antigos
1:50:43,6643,sanicmmm,sanicmmm,engraçado,1.0,Souberam da sua vinda e todos fugiram baka kkkk
1:50:44,6644,passarobllue,passarobllue,neutro,1.0,Era o carro do Elon musk
1:50:45,6645,marcosssantoro,MarcossSantoro,engraçado,1.0,ferrari
1:50:45,6645,erickhsn,erickhsn,engraçado,1.0,tem um cara q vai de ferrari na minha academia
1:50:46,6646,hesiogu,hesiogu,neutro,1.0,Caralho
1:50:46,6646,navedoalien,NaveDoAlien,neutro,1.0,Som de Guarulhos esse ai
1:50:46,6646,lipe_mp4,lipe_mp4,neutro,1.0,niceeeeeeeeee
1:50:47,6647,erickhsn,erickhsn,frustrado,1.0,filha da puta
1:50:47,6647,dlemonster,DlEmonster,neutro,1.0,damm
1:50:48,6648,kirynlol,kirynlol,positivo,0.5,@BakaGaijinLive voltamos ao punhetaços a meia noite/meio dia?
1:50:48,6648,pqcleo,pqcleo,neutro,1.0,Certeza que um fusca
1:50:48,6648,kegann999,Kegann999,confuso,1.0,Desigual?
1:50:48,6648,gatopastelo,gatopastelo,neutro,1.0,muito ganster
1:50:49,6649,tuick,Tuick,neutro,1.0,chevete q fala
1:50:50,6650,kthyosu,kthyosu,neutro,1.0,é carro
1:50:51,6651,giorootz,giorootz,neutro,1.0,carai
1:50:52,6652,imfilty,ImFilty,engraçado,1.0,La Ferrari
1:50:54,6654,giorootz,giorootz,neutro,1.0,do nada
1:50:54,6654,nando_wk,nando_wk,neutro,1.0,é um fusca baka
1:50:54,6654,pedepanomttriste,PeDePanoMtTriste,engraçado,1.0,Carrinho simples
1:50:55,6655,annoyinger,Annoyinger,neutro,1.0,esse ai é o infernus do GTA3
1:50:55,6655,marcosssantoro,MarcossSantoro,neutro,1.0,olha o som
1:50:56,6656,coolmelado,coolmelado,engraçado,1.0,!Ferrari
1:50:56,6656,phanthasmha,phanthasmha,neutro,1.0,Velho essas barreira ai da rua parece uma cabeça
1:50:57,6657,mwm93,Mwm93,confuso,1.0,Acabou seu visto no Brasil ja?
1:50:59,6659,clow_gg,clow_gg,confuso,1.0,oq esta fazendo ai baka?
1:51:01,6661,duduh1303,duduh1303,engraçado,1.0,Vai ter punhetaço na Ferrari
1:51:01,6661,r_lira28,r_lira28,neutro,1.0,é fusca pô
1:51:02,6662,lipe_mp4,lipe_mp4,neutro,1.0,das antigas
1:51:03,6663,alandavl,alandavl,engraçado,1.0,uma ferinha
1:51:04,6664,chromix_ofc,chromix_ofc,neutro,1.0,Brasil tá diferente
1:51:04,6664,mrmuuh_1227,mrmuuh_1227,neutro,1.0,"baka com essa cuva, como ta sua solda"
1:51:11,6671,pedepanomttriste,PeDePanoMtTriste,neutro,1.0,Esse deve ter um micro penis
1:51:11,6671,mongedeceramica,mongedeceramica,neutro,1.0,monza tubarão
1:51:12,6672,frostfck_,frostfck_,neutro,1.0,ATE Q ENFIM PORRAAAAAAAAAAA
1:51:13,6673,licht_zayy,licht_zayy,engraçado,1.0,"Ferrari, mas bebe muito e nem é do ano"
1:51:13,6673,srpenteado,srpenteado,engraçado,1.0,KKKKKKKKKK
1:51:14,6674,snowzinhooodobaire,雪が少ない,engraçado,1.0,Acabaria com a minha semana se eu visse isso
1:51:14,6674,vini_hurt,vini_hurt,positivo,0.5,"salve baka quase tive um derrame depois de um punhetasso, to bem?"
1:51:14,6674,cientistab,cientistab,neutro,1.0,Segue um salaryman e grava a rotina dele
1:51:17,6677,passarobllue,passarobllue,neutro,1.0,Vai numa loja de perfume baka
1:51:17,6677,ryan_goslingdrive7,ryan_goslingdrive7,confuso,1.0,"Baka ,tu prefere Peitos ou Buda?🫂"
1:51:19,6679,pedro_polegar,pedro_polegar,neutro,1.0,Tem que ir pra academia de UNO
1:51:19,6679,salamanderfps,salamanderfps,engraçado,1.0,O cara wue tem ferrari tem que ter uma academia so dele
1:51:19,6679,sadplant0,sadplant0,engraçado,0.5,"@smill3___ mas la tem mendigo também e ruas sujas, principalmente em kabukicho. lá tem inclusive os mendigos compulsórios porque não querem trabalhar no sistema rígido de lá"
1:51:23,6683,hesiogu,hesiogu,engraçado,1.0,Tem que deixar na sala a Ferrari
1:51:24,6684,gacs174,gacs174,neutro,1.0,vdd
1:51:24,6684,erickhsn,erickhsn,neutro,1.0,usar pro dia a dia
1:51:24,6684,igh0r5,Igh0r5,confuso,1.0,aquilo lá era um astra rebaixado?
1:51:28,6688,navedoalien,NaveDoAlien,engraçado,1.0,Sentar no banco da ferrari todo suado
1:51:33,6693,pedepanomttriste,PeDePanoMtTriste,neutro,1.0,Beco trancado
1:51:33,6693,tuick,Tuick,neutro,1.0,os cara compra e fica gastando as parada
1:51:38,6698,acairoxo,acairoxo,neutro,1.0,koe baka tu tem q visitar aquele local q os caras mostram os carros
1:51:38,6698,duduh1303,duduh1303,neutro,1.0,Agora e a hora do punhetaço
1:51:38,6698,andzilla,andzilla,neutro,1.0,limpo
1:51:41,6701,nathan_666__,nathan_666__,neutro,1.0,pula
1:51:42,6702,annoyinger,Annoyinger,neutro,1.0,vai la busca a calcinha no telhado
1:51:43,6703,kegann999,Kegann999,neutro,1.0,mds vazo os mendingo transando
1:51:44,6704,dudjinn,DuDjinn,neutro,1.0,o certo é comprar um chevete pro dia a dia
1:51:45,6705,lkaleatorio,lkaleatorio,neutro,1.0,Tudo cagado
1:51:47,6707,salamanderfps,salamanderfps,neutro,1.0,Botaram portoes anti baka nos becos
1:51:48,6708,lipe_mp4,lipe_mp4,confuso,1.0,?
1:51:49,6709,jhoneshark,Jhoneshark,neutro,1.0,"@ImFilty n, parecia mais uma Berlinetta"
1:51:49,6709,dino72x,dino72x,neutro,1.0,voltou pro japa
1:51:51,6711,thrillerzs,thrillerzs,neutro,1.0,É pq la é o ninho das cavalos ratas de academia
1:51:52,6712,pedro_polegar,pedro_polegar,neutro,1.0,Pensei que ia ter um cara cagando ali ja pensou
1:51:56,6716,pedepanomttriste,PeDePanoMtTriste,neutro,1.0,Vc sabe mt
1:51:56,6716,dino72x,dino72x,neutro,1.0,baka safado
1:51:58,6718,erickhsn,erickhsn,confuso,1.0,ta com a tua camera?
1:52:00,6720,marcosssantoro,MarcossSantoro,neutro,1.0,nao tem nada até tu entrar lá..
1:52:02,6722,dlemonster,DlEmonster,neutro,1.0,essas barreira invisivel é osso
1:52:10,6730,lucasf4nta,lucasf4nta,neutro,1.0,fala Baka tá so de viagem ai!
1:52:12,6732,lucasf4nta,lucasf4nta,confuso,1.0,?*
1:52:12,6732,duduh1303,duduh1303,confuso,1.0,Hoje tem punhetaço na live ?
1:52:13,6733,wesleykolomar_br,wesleykolomar_br,engraçado,1.0,@Jhoneshark acho q era uma ferrari
1:52:14,6734,rikyopa,RikyOpa,confuso,1.0,baka qual o menor clima q vc ja pegou? e como foi?
1:52:29,6749,skatista_lvcido,skatista_lvcido,neutro,1.0,ta gozada
1:52:29,6749,salamanderfps,salamanderfps,confuso,1.0,Era so colocar o gancho do guarda chuva no gluteo que as maos ficam vazias
1:52:31,6751,sadplant0,sadplant0,confuso,1.0,cortou o cabelo baka?
1:52:32,6752,kolwya,kolwya,neutro,1.0,Tá molhadinha baka
1:52:32,6752,mongedeceramica,mongedeceramica,engraçado,0.5,vai ficar o dia todo na rua andarilho?
1:52:33,6753,agiotadofelps,AgiotaDoFelps,neutro,1.0,ta gozada
1:52:33,6753,ryan_goslingdrive7,ryan_goslingdrive7,neutro,1.0,Tá
1:52:34,6754,lunoky,lunoky,neutro,1.0,Os japoneses estão sumindo
1:52:34,6754,dino72x,dino72x,neutro,1.0,São Paulo ta diferente
1:52:35,6755,frostfck_,frostfck_,confuso,1.0,VAI DEIXAR VOD SALVA?
1:52:37,6757,r_lira28,r_lira28,neutro,1.0,tá ejaculada
1:52:38,6758,jhoneshark,Jhoneshark,neutro,1.0,@wesleykolomar_br modelo berlonetta
1:52:38,6758,bsoliveira_,bsoliveira_,positivo,1.0,salve
1:52:40,6760,pedrowivo,pedrowivo,neutro,1.0,A lente não
1:52:42,6762,coolmelado,coolmelado,neutro,1.0,!clima
1:52:42,6762,clow_gg,clow_gg,confuso,1.0,voltou a morar ai?
1:52:43,6763,nightbot,Nightbot,neutro,1.0,Agora em Tokyo tá 70F (21C)
1:52:45,6765,igh0r5,Igh0r5,neutro,1.0,gozaram na camera
1:52:47,6767,neeovox,neeovox,neutro,1.0,Tá não fds
1:52:47,6767,lanko_1,Lanko_1,engraçado,1.0,"Perigoso esse tempo, chance grande de ter ataque de Godzilla"
1:52:52,6772,jhoneshark,Jhoneshark,neutro,1.0,@Jhoneshark Berlineta*
1:52:52,6772,esquilo_espadachim,Esquilo_Espadachim,confuso,1.0,Voltou a morar ai meu campeão?
1:52:55,6775,ryan_goslingdrive7,ryan_goslingdrive7,positivo,1.0,Como tá as namoradinhas baka
1:52:57,6777,putiferoo,putiferoo,neutro,1.0,Tá parecendo um pai divorciado
1:52:59,6779,duduh1303,duduh1303,neutro,1.0,Hoje vai ter punhetaço no beco escuro
1:53:04,6784,coolmelado,coolmelado,neutro,1.0,O bot e muito wsperto meu Deus...
1:53:04,6784,lkaleatorio,lkaleatorio,neutro,1.0,Quentin
1:53:12,6792,pedro_polegar,pedro_polegar,neutro,1.0,Maio
1:53:14,6794,neeovox,neeovox,neutro,1.0,Agora no japão tá 70 gruas
1:53:14,6794,frostfck_,frostfck_,confuso,1.0,VAI DEIXAR VOD SALVA?A
1:53:18,6798,anjo0gamer,Anjo0gamer,engraçado,0.667,Ahh como é bom ver o japão dnv kkkk
1:53:18,6798,eu_trigui,eu_trigui,engraçado,1.0,eu_trigui subscribed with Prime.
1:53:19,6799,nando_wk,nando_wk,neutro,1.0,game baka
1:53:19,6799,noresolvenorecall,noresolvenorecall,neutro,1.0,"baka, mostra ai pra gente o bloco qual está contido todo o universo, o bloco qual não possuiu nem começo nem fim, o bloco maciço onde não é possivel determinar nem o passado nem o futuro"
1:53:22,6802,gabrielkamui,gabrielkamui,neutro,1.0,Em Cwb ja peguei -4 Brutal !
1:53:22,6802,lipe_mp4,lipe_mp4,neutro,1.0,ok ate AQUI NO SULLLLL fez -300 bah tche
1:53:22,6802,nando_wk,nando_wk,neutro,1.0,ta ofegante
1:53:28,6808,sadplant0,sadplant0,positivo,1.0,o clima aí tá melhor que aqui
1:53:30,6810,pedepanomttriste,PeDePanoMtTriste,neutro,1.0,Nada abreto
1:53:32,6812,obeeky,oBeeKy,engraçado,1.0,olha o cara fazendo a conversão priobida aovivasso
1:53:32,6812,ryan_goslingdrive7,ryan_goslingdrive7,positivo,1.0,Como tá as namoradinhas em braga
1:53:34,6814,salamanderfps,salamanderfps,engraçado,1.0,"No Brasil neva todo fim de ano, os cria pinta o cabelo de branco"
1:53:35,6815,amauriagj,Amauriagj,engraçado,1.0,compra umas prada quando abnrir
1:53:38,6818,lunoky,lunoky,engraçado,1.0,Transformando os passos em eletricidade
1:53:46,6826,acairoxo,acairoxo,confuso,1.0,foi aí q teve o mangá do alice in borderland?
1:53:47,6827,hesiogu,hesiogu,engraçado,1.0,Aqui em curitba ta no zero absoluto
1:53:52,6832,dudjinn,DuDjinn,engraçado,1.0,aqui em curitiba FEZ -34
1:53:56,6836,this_is_pedro,This_is_Pedro,neutro,1.0,Bah rro
1:53:56,6836,ivctor,ivctor,neutro,1.0,mlk besta
1:53:59,6839,amauriagj,Amauriagj,neutro,1.0,aí dá pra fazer um feat
1:54:01,6841,coolmelado,coolmelado,confuso,1.0,Nao pode falar de queijo que os Mineiro: Uai
1:54:02,6842,pedepanomttriste,PeDePanoMtTriste,neutro,1.0,Num pode falar de ar respirável q os paulista ja como
1:54:03,6843,sadplant0,sadplant0,engraçado,1.0,kkkkkkkk
1:54:04,6844,lkaleatorio,lkaleatorio,neutro,1.0,Diva
1:54:05,6845,snowzinhooodobaire,雪が少ない,neutro,1.0,Aqui tá 66 graus
1:54:06,6846,ryan_goslingdrive7,ryan_goslingdrive7,neutro,1.0,Que ghey
1:54:06,6846,lanko_1,Lanko_1,engraçado,1.0,Não pode falar de bala perdida que o carioca ja...
1:54:06,6846,jun_09t,jun_09t,neutro,1.0,todo rebaixado
1:54:08,6848,duduh1303,duduh1303,neutro,1.0,E a lésbica de preto
1:54:08,6848,thorlight9,thorlight9,neutro,1.0,Gordao ta ofegante ja
1:54:08,6848,this_is_pedro,This_is_Pedro,neutro,1.0,Shape de fotógrafo de rua aposentado
1:54:09,6849,thmnp,thmnp,engraçado,1.0,!zuera
1:54:10,6850,salamanderfps,salamanderfps,neutro,1.0,Tira o pau pa fora
1:54:11,6851,jaooveed,jaooveed,neutro,1.0,Pega o look
1:54:12,6852,pedro_polegar,pedro_polegar,neutro,1.0,Igual um funko
1:54:12,6852,bakalovers,bakalovers,positivo,1.0,Cheer1  estilo sexy sem ser vulgar
1:54:12,6852,brunoabdi,brunoabdi,neutro,1.0,maniaco do parque
1:54:13,6853,xenohfanes,xenohfanes,neutro,1.0,não pode falar de dar a bundinha que o baka já aaah oooh
1:54:14,6854,marcosssantoro,MarcossSantoro,neutro,1.0,skin grátis
1:54:15,6855,andzilla,andzilla,neutro,1.0,Gacto
1:54:17,6857,kthyosu,kthyosu,neutro,1.0,igual os mendigo
1:54:18,6858,amauriagj,Amauriagj,neutro,1.0,tá tp um nx zero aposentado
1:54:18,6858,wesleykolomar_br,wesleykolomar_br,neutro,1.0,cade os homi das carça erguida
1:54:18,6858,lunoky,lunoky,neutro,1.0,Parece o alanzoka
1:54:19,6859,youkattolive,youkattolive,neutro,1.0,quase tomou isekai do caminhão
1:54:19,6859,kevin19376,kevin19376,engraçado,1.0,Que princesa
1:54:21,6861,mongedeceramica,mongedeceramica,confuso,1.0,e o gordin mineiro?
1:54:23,6863,neeovox,neeovox,engraçado,1.0,Carça arriada
1:54:24,6864,anjo0gamer,Anjo0gamer,engraçado,1.0,kkkkkkkkkk
1:54:30,6870,ryan_goslingdrive7,ryan_goslingdrive7,confuso,1.0,Qual cll é esse?
1:54:31,6871,pedepanomttriste,PeDePanoMtTriste,neutro,1.0,Pé comicamente pequeno
1:54:32,6872,coolmelado,coolmelado,neutro,1.0,!idade
1:54:32,6872,synystersammm,synystersammm,positivo,1.0,baka de bombacha
1:54:33,6873,carolina_yubari,Carolina_Yubari,neutro,1.0,Baka delicinha
1:54:33,6873,jaooveed,jaooveed,neutro,1.0,Tá babilônico baka
1:54:35,6875,riiyuji,Riiyuji,neutro,1.0,tu é vagabundo rapaz
1:54:36,6876,guilhermesl45,guilhermesl45,neutro,1.0,Já foi a época
1:54:37,6877,samueluberaba,SamuelUberaba,neutro,1.0,shape de lesbica do HB20
1:54:37,6877,kegann999,Kegann999,inspirado,0.5,Vc continua trabalhando na msm empresa do JP?
1:54:39,6879,alandavl,alandavl,neutro,1.0,@mongedeceramica pica nele
1:54:44,6884,pedro_polegar,pedro_polegar,neutro,1.0,Calça 36
1:54:47,6887,lipe_mp4,lipe_mp4,engraçado,1.0,aposentado me pego kkkkkkk
1:54:50,6890,pedepanomttriste,PeDePanoMtTriste,neutro,1.0,Live irl atravessano a rua
1:54:50,6890,peterdcn,peterdcn,neutro,1.0,fala como se ja tivesse feito como profissão alguma vez @BakaGaijinLive
1:54:52,6892,eoezek,EoEzek,confuso,1.0,"Não pode falar de poluição que os paulistas ficam todos ""aain"""
1:54:54,6894,duduh1303,duduh1303,confuso,1.0,Vai ter punhetaço no parque?
1:54:56,6896,xurig,xurig,neutro,1.0,tá sodômico baka
1:54:59,6899,ryan_goslingdrive7,ryan_goslingdrive7,engraçado,1.0,Qual celular você usa
1:55:11,6911,carolina_yubari,Carolina_Yubari,positivo,1.0,Vivienne Westwood ❤️
1:55:12,6912,vuncan,Vuncan,confuso,1.0,essa é a liberdade?
1:55:12,6912,bakalovers,bakalovers,positivo,1.0,Cheer1 Baka atualmente está pras lives tal qual como Neymar está para o futebol
1:55:12,6912,vinisoaress_,vinisoaress_,confuso,1.0,cade o piu piu? 🐥
1:55:12,6912,paulofragoso70,PauloFragoso70,neutro,1.0,"passa na takeshita street, baka..."
1:55:13,6913,dards39,dards39,confuso,1.0,Tem mendigo no parque?
1:55:13,6913,sadplant0,sadplant0,neutro,1.0,que bonito o piso parece quebra cabeça
1:55:14,6914,bhcbmds_0,bhcbmds_0,engraçado,1.0,Não curto calça larga. Prefiro calça arriada
1:55:16,6916,isaisalh44,isaisalh44,neutro,1.0,oii paca
1:55:21,6921,sagrav_ttv,sagrav_ttv,engraçado,0.5,nao pode falar em assalto que carioca ja dica aainn
1:55:22,6922,annylimabr,annylimabr,positivo,0.5,Não acredito que as melhores lives voltaram!!!!
1:55:29,6929,yakysova,yakysova,neutro,1.0,que bonitinho todo mundo na moda no japão ae tem o baka
1:55:33,6933,coolmelado,coolmelado,neutro,1.0,!Cubatão
1:55:36,6936,mongedeceramica,mongedeceramica,engraçado,0.667,@bhcbmds_0 kkkkkkkkkkk calça que parte os ovo é a melhor de todas
1:55:40,6940,lunoky,lunoky,neutro,1.0,Essa é a avenida paulista
1:55:40,6940,coolmelado,coolmelado,negativo,1.0,Bot ruim
1:55:42,6942,amauriagj,Amauriagj,neutro,1.0,é sp
1:55:42,6942,pedepanomttriste,PeDePanoMtTriste,neutro,1.0,Num sei
1:55:43,6943,pedro_polegar,pedro_polegar,confuso,1.0,Paulista respirando ar puro ate se intoxica
1:55:43,6943,acairoxo,acairoxo,neutro,1.0,larper de poluição
1:55:44,6944,lanko_1,Lanko_1,neutro,1.0,cubatinho em minas gerais
1:55:45,6945,jeremias_telefones,jeremias_telefones,neutro,1.0,sabe de nada tbm slk
1:55:47,6947,darcknesworld,darcknesworld,engraçado,1.0,lkkkkkkkkkkk
1:55:47,6947,debbyznha,debbyznha,confuso,1.0,oiii alguém quer me dar sub de presente
1:55:49,6949,isaisalh44,isaisalh44,neutro,1.0,espalhando incertezas
1:55:50,6950,charly_mint,Charly_mint,neutro,1.0,cool batom
1:55:51,6951,passarobllue,passarobllue,neutro,1.0,A mais poluída é Brasília aqueles corruptos
1:55:51,6951,pedepanomttriste,PeDePanoMtTriste,neutro,1.0,Enviando mentiras
1:55:52,6952,clownofgod,ClownOfGod,engraçado,0.5,não pode falar de ladrão que os cariocas ja ficam AIIINNN
1:55:53,6953,peterdcn,peterdcn,neutro,1.0,@annylimabr sim! o alanzoka já ta em live!
1:55:55,6955,meth10,meth10,neutro,1.0,fake nelson
1:55:56,6956,alektrospirozy,Alektrospirozy,confuso,1.0,que pais é esse?
1:55:57,6957,dlemonster,DlEmonster,neutro,1.0,!fakenews
1:55:57,6957,weschok,weschok,neutro,1.0,Poluido mesmo é Dacueba
1:55:58,6958,kolwya,kolwya,neutro,1.0,Qual é o aumentativo de dacueba baka
1:55:58,6958,phanthasmha,phanthasmha,engraçado,1.0,N pode nem falar de crime que os cariocas AAAH
1:56:00,6960,andzilla,andzilla,neutro,1.0,è litoral pobre de SP sim
1:56:00,6960,lioneljonson26,lioneljonson26,neutro,1.0,ta copiando o monark
1:56:05,6965,neekotinakkj,neekotinakkj,neutro,1.0,@debbyznha oiii naaaaoo
1:56:06,6966,riiyuji,Riiyuji,engraçado,1.0,ikkkkkkkkkkkkk
1:56:15,6975,debbyznha,debbyznha,neutro,1.0,@neekotinakkj buaaaaa
1:56:16,6976,mwm93,Mwm93,confuso,1.0,Visto do Brasil acabou e te deportaram de volta?
1:56:17,6977,clow_gg,clow_gg,confuso,1.0,voltou a morar ai? ͏
1:56:18,6978,bhcbmds_0,bhcbmds_0,neutro,1.0,"Entra em uma Miniso ai, vai"
1:56:20,6980,sadplant0,sadplant0,confuso,1.0,de que horas abre as lojas aí?
1:56:20,6980,christophergod,Christophergod,neutro,1.0,20:02
1:56:21,6981,srpenteado,srpenteado,neutro,1.0,“ esse safado está mentindo “
1:56:22,6982,xurig,xurig,confuso,1.0,não pode falar de dinossauro que
1:56:22,6982,nunes013,nunes013,neutro,1.0,mellzitosTilted
1:56:23,6983,passarobllue,passarobllue,neutro,1.0,Vai nessa loja galaxy
1:56:24,6984,neekotinakkj,neekotinakkj,neutro,1.0,@debbyznha AYAYA
1:56:29,6989,biancasdp,biancasdp,engraçado,1.0,kkkkkkkkkkkkkkk
1:56:34,6994,marcosssantoro,MarcossSantoro,neutro,1.0,os becos te esperam
1:56:36,6996,amauriagj,Amauriagj,engraçado,1.0,não pode falar de milicia que os carioca e agora paulista tb AINNN
1:56:38,6998,passarobllue,passarobllue,neutro,1.0,ENTRA NA GALAXY
1:56:40,7000,itswessy,itswessy,confuso,1.0,"Como está o passeio, baka?"
1:56:44,7004,botelhokunavara96,botelhoKunavara96,engraçado,0.5,Visitaria a Tailândia baka?
1:56:46,7006,this_is_pedro,This_is_Pedro,neutro,1.0,Mas tá de dia
1:56:49,7009,srpenteado,srpenteado,confuso,1.0,ninguém transa nesse país. não tem ninguém na cidade
1:56:49,7009,bakalovers,bakalovers,positivo,1.0,Cheer1 não pode nem falar de sede que os Nortistas Aaaahhhh... Me passei
1:56:52,7012,duduh1303,duduh1303,confuso,1.0,Cadê os corvos do itachi ?
1:56:55,7015,salamanderfps,salamanderfps,neutro,1.0,"Suja a rua, os cara tão se achando muito com a limpeza"
1:56:55,7015,pedepanomttriste,PeDePanoMtTriste,neutro,1.0,Eu qnd to procurado
1:56:56,7016,ivctor,ivctor,neutro,1.0,os verdadeiros herois sao os corvos que comem os vomitos da rua
1:56:57,7017,noresolvenorecall,noresolvenorecall,confuso,1.0,mostra o bloco maciço que contem todo o universo por favoo!
1:57:01,7021,pcdopaulolives,pcdopaulolives,confuso,1.0,rerun?
1:57:02,7022,valderigomes25,valderigomes25,confuso,1.0,Foi deportado do Brasil seu estrangeiro arruaceiro?
1:57:03,7023,coolmelado,coolmelado,neutro,1.0,Baka! Faz um podcast e convida o Monark
1:57:04,7024,xenohfanes,xenohfanes,frustrado,0.5,"praga, vai sair candidato a deputado federal?"
1:57:05,7025,lipe_mp4,lipe_mp4,confuso,1.0,qual o objetivo de hj?
1:57:06,7026,debbyznha,debbyznha,confuso,1.0,vai voltar de vez pro Japão baka?
1:57:12,7032,wesleykolomar_br,wesleykolomar_br,engraçado,1.0,não pode falar de arma que os cariocas falam ain
1:57:13,7033,pedro_polegar,pedro_polegar,positivo,1.0,"Vamo pra Índia cara, de tuk tuk"
1:57:15,7035,mwm93,Mwm93,engraçado,1.0,Compra uma cueca e esconde em um subsolo agora pra variar
1:57:18,7038,kegann999,Kegann999,engraçado,0.5,ta aproveitando as férias do trabalho ou ta no modo vagabundo?
1:57:20,7040,tarsothexx,tarsothexx,confuso,1.0,Oxi. Baka voltou pro Japão  ?
1:57:20,7040,darcknesworld,darcknesworld,engraçado,1.0,kkkkkkkkkkkkkkkkkkk
1:57:21,7041,lanko_1,Lanko_1,engraçado,0.5,Visitaria São Gonçalo do Valentin?
1:57:24,7044,pedepanomttriste,PeDePanoMtTriste,neutro,1.0,Aí mente
1:57:28,7048,srpenteado,srpenteado,engraçado,1.0,KKKKKKKKKKKKKKKKKKKKKKKKKKKK
1:57:29,7049,peterdcn,peterdcn,positivo,1.0,essa foi boa
1:57:30,7050,m4dlyn,m4dlyn,engraçado,1.0,kkkk sedentarismo já
1:57:37,7057,noresolvenorecall,noresolvenorecall,confuso,1.0,collab com o careca coconut e orochinho quandoo?! ><
1:57:37,7057,this_is_pedro,This_is_Pedro,engraçado,0.5,Strip?
1:57:37,7057,dudjinn,DuDjinn,neutro,1.0,vai no habbis ai
1:57:40,7060,bhcbmds_0,bhcbmds_0,neutro,1.0,"Milho e Lana, do Milho TV estão na china. Dá um pulinho lá"
1:57:42,7062,sagrav_ttv,sagrav_ttv,confuso,1.0,não pode nem falar em dinheiro que PETISTA JA QUER ROUBAR
1:57:42,7062,lunoky,lunoky,neutro,1.0,Já andou quantos km
1:57:44,7064,jaooveed,jaooveed,confuso,1.0,Pretende voltar pra visitar a China de novo baka ?
1:57:45,7065,salamanderfps,salamanderfps,neutro,1.0,Ta usando o pau de guarda chuva a capa é a fimose
1:57:45,7065,professorakpopercomunista,professorakpopercomunista,frustrado,0.667,ta cansado desde que abriu a live
1:57:46,7066,dudjinn,DuDjinn,engraçado,1.0,KKKKKKKKKKKKK
1:57:46,7066,thrillerzs,thrillerzs,neutro,1.0,9loko
1:57:47,7067,kthyosu,kthyosu,frustrado,0.667,ce ta cansado desde os primeiros 10 minutos de love
1:57:49,7069,paulofragoso70,PauloFragoso70,neutro,1.0,ERA ALI MESMO...
1:57:51,7071,m4dlyn,m4dlyn,engraçado,0.5,visitaria sorocaba fi?
1:57:52,7072,brunoabdi,brunoabdi,engraçado,1.0,Riachuelo ali
1:57:52,7072,josep_pkdura,josep_pkdura,neutro,1.0,Vai deixar vod dessa live
1:57:54,7074,amauriagj,Amauriagj,neutro,1.0,paga uam esfiha aí pra nos
1:57:54,7074,erickhsn,erickhsn,neutro,1.0,2h de live
1:57:56,7076,pedro_polegar,pedro_polegar,neutro,1.0,Mentiroso falou que ia vir pra São tomé das letras e nao veio
1:57:58,7078,andzilla,andzilla,confuso,1.0,Já ta com saudade do arroz e feijão?
1:58:03,7083,tarsothexx,tarsothexx,engraçado,0.5,Como assim já voltou pro Japão  ? Kkkkk
1:58:03,7083,langosoficial,LangosOficial,neutro,1.0,"HONLY MOLY, BAKA VOLTOU!"
1:58:06,7086,coolmelado,coolmelado,neutro,1.0,Que pena que só tem na Italia..
1:58:07,7087,this_is_pedro,This_is_Pedro,neutro,1.0,De tudo
1:58:07,7087,debbyznha,debbyznha,engraçado,0.5,ta de férias baka?
1:58:07,7087,kolwya,kolwya,engraçado,1.0,Vai na mercearia ai
1:58:07,7087,sadplant0,sadplant0,engraçado,1.0,um brigadeirinho
1:58:09,7089,xdzz,XDzZ,neutro,1.0,baka is back
1:58:12,7092,lipe_mp4,lipe_mp4,positivo,0.5,krl é muito bom pqp
1:58:14,7094,phanthasmha,phanthasmha,confuso,1.0,Vale a pena morar no Japão? Sou de são Gonçalo
1:58:18,7098,clow_gg,clow_gg,neutro,1.0,"baka compra um pão e bota no chão, ai qundo vc voltar para o Brasil vc coloca a outra parte do pão no chão e faz um sanduba do cu de quem ta lendo"
1:58:18,7098,pedepanomttriste,PeDePanoMtTriste,confuso,1.0,Sdd de polícia fi?
1:58:20,7100,kauanssv_,Kauanssv_,positivo,1.0,Muito foda essa rua em Mogi
1:58:23,7103,darcknesworld,darcknesworld,engraçado,1.0,kkkkkkkkkkkk
1:58:23,7103,jeremias_telefones,jeremias_telefones,engraçado,1.0,por isso ficou enormossaurico em 1 ano no BR @bakagaijinlive
1:58:25,7105,kevin19376,kevin19376,engraçado,1.0,Kkkkkkkkk
1:58:26,7106,lunoky,lunoky,neutro,1.0,!zueira
1:58:26,7106,coolmelado,coolmelado,neutro,1.0,!acabaresta mierda de live
1:58:27,7107,pedepanomttriste,PeDePanoMtTriste,engraçado,1.0,kkkkkkkkkkkkkkkkkkkk vai te fude
1:58:29,7109,this_is_pedro,This_is_Pedro,neutro,1.0,Caralho falas mesma coisa a 5 anos
1:58:30,7110,gacs174,gacs174,engraçado,1.0,kkkkkkkk
1:58:31,7111,felipe__25,Felipe__25,confuso,1.0,Vai ficar quando tempo ai baka?
1:58:32,7112,andzilla,andzilla,neutro,1.0,basta ler
1:58:33,7113,salamanderfps,salamanderfps,neutro,1.0,Entrada pro céu
1:58:37,7117,pcdopaulolives,pcdopaulolives,neutro,1.0,entrada pra Diadema
1:58:40,7120,sadplant0,sadplant0,confuso,1.0,é templ?
1:58:41,7121,felipe__25,Felipe__25,neutro,1.0,Quanto*
1:58:42,7122,mitsuuh,mitsuuh,neutro,1.0,relaxa. é video
1:58:43,7123,lkaleatorio,lkaleatorio,neutro,1.0,Filmar pode
1:58:44,7124,darcknesworld,darcknesworld,engraçado,1.0,kkkkkkkkkkkkkk
1:58:44,7124,salamanderfps,salamanderfps,confuso,1.0,Você nao ta fotografando ué
1:58:45,7125,amauriagj,Amauriagj,neutro,1.0,portal para oura dimensão do Saga
1:58:45,7125,sadplant0,sadplant0,neutro,1.0,templo*
1:58:46,7126,imfilty,ImFilty,neutro,1.0,"saudade de um enquadro né, meu filho"
1:58:47,7127,this_is_pedro,This_is_Pedro,neutro,1.0,Já começou já
1:58:49,7129,langosoficial,LangosOficial,confuso,1.0,"Baka, vai ficar ai quanto tempo mano? espero que tu fiquei por ai man... tem muito tarado aqui no Brasil que quer te saborear"
1:58:54,7134,acairoxo,acairoxo,positivo,0.5,"affer japão já foi melhor, essa lacração acabou com ele"
1:58:54,7134,thalladruid,Thalladruid,neutro,1.0,Video pode
1:58:55,7135,ivctor,ivctor,engraçado,1.0,"nao pode camera, tu ta usando celular"
1:58:55,7135,pedepanomttriste,PeDePanoMtTriste,neutro,1.0,Bichin louco pra acabar a live
1:58:57,7137,mwm93,Mwm93,confuso,1.0,Pq vc não larga tudo e começa a viver igual o careca coconut?
1:59:00,7140,saintme0_0,saintme0_0,engraçado,1.0,ta escrito fotografia
1:59:01,7141,dudjinn,DuDjinn,neutro,1.0,queremos injustiça
1:59:01,7141,jaooveed,jaooveed,neutro,1.0,É um portal baka
1:59:01,7141,lipe_mp4,lipe_mp4,neutro,1.0,É a escola Jujutsu burro
1:59:02,7142,dlemonster,DlEmonster,neutro,1.0,começou a dentadura
1:59:04,7144,kratzhii,kratzhii,positivo,0.5,incrivel q ele acordou de manha pra fazer live
1:59:05,7145,caipirinha_2007,caipirinha_2007,neutro,1.0,ACORDA ACORDA
1:59:06,7146,tarsothexx,tarsothexx,confuso,1.0,Ta fazendo o que aí  Bakaaaa
1:59:07,7147,carolina_yubari,Carolina_Yubari,neutro,1.0,Templo né
1:59:08,7148,botelhokunavara96,botelhoKunavara96,engraçado,1.0,Só não pode tirar print
1:59:08,7148,marcosssantoro,MarcossSantoro,neutro,1.0,chuta uma latinha aí
1:59:08,7148,ddingo000,ddingo000,neutro,1.0,Lest gooo
1:59:08,7148,kolwya,kolwya,neutro,1.0,Filhos*
1:59:08,7148,m4dlyn,m4dlyn,engraçado,1.0,proibido usuario de discord
1:59:10,7150,apenas1mcorreia,apenas1mcorreia,confuso,1.0,Tá em que lugar do Japão hoje Baka?
1:59:14,7154,giorootz,giorootz,neutro,1.0,"tão escondendo algo, ctz"
1:59:14,7154,isaisalh44,isaisalh44,confuso,1.0,oq eles querem? mais um neguinho na febem!!!!
1:59:16,7156,this_is_pedro,This_is_Pedro,confuso,1.0,Kami?
1:59:17,7157,wesleykolomar_br,wesleykolomar_br,confuso,1.0,c é pai?
1:59:19,7159,gamer_hope,gamer_hope,confuso,1.0,Bairro da Liberdade?
1:59:24,7164,this_is_pedro,This_is_Pedro,neutro,1.0,Amém
1:59:25,7165,lunoky,lunoky,neutro,1.0,Amem
1:59:26,7166,pedepanomttriste,PeDePanoMtTriste,positivo,1.0,O FAMOSO
1:59:26,7166,neekotinakkj,neekotinakkj,engraçado,1.0,@lipe_mp4 isso me tirou 9 risadas
1:59:26,7166,sadplant0,sadplant0,engraçado,1.0,kkkkkkkkkkk
1:59:28,7168,pedro_henrique,pedro_henrique,neutro,1.0,oloco
1:59:29,7169,langosoficial,LangosOficial,neutro,1.0,Amém
1:59:29,7169,salamanderfps,salamanderfps,neutro,1.0,Oloco é o cara memo
1:59:29,7169,darcknesworld,darcknesworld,engraçado,1.0,kkkkkkkkkkkkkkkk
1:59:29,7169,acairoxo,acairoxo,neutro,1.0,OMG Deus Reference
1:59:30,7170,coolmelado,coolmelado,engraçado,0.667,🙏Gloria!!
1:59:30,7170,clownofgod,ClownOfGod,confuso,1.0,Deus da CHINA?
1:59:31,7171,flowxr6,flowxr6,neutro,1.0,Amém
1:59:31,7171,r_lira28,r_lira28,neutro,1.0,amém
1:59:31,7171,ianalves,ianalves,neutro,1.0,Oloko
1:59:31,7171,m4dlyn,m4dlyn,confuso,1.0,is the god of all?
1:59:31,7171,asuresd,AsureSD,neutro,1.0,Binoculous
1:59:32,7172,tristesatanexe,TristeSatanExe,neutro,1.0,Amém irmão
1:59:32,7172,bakanadegasexuberantes,BakaNadegasExuberantes,neutro,1.0,o zoom
1:59:32,7172,dlemonster,DlEmonster,neutro,1.0,Amém
1:59:32,7172,jaooveed,jaooveed,neutro,1.0,Amém
1:59:32,7172,kauanssv_,Kauanssv_,negativo,1.0,"Morrer é chato, morrer no Japão é hype"
1:59:33,7173,andzilla,andzilla,neutro,1.0,Sinais
1:59:34,7174,lanko_1,Lanko_1,neutro,1.0,AMEM
1:59:35,7175,riiyuji,Riiyuji,positivo,1.0,liberdade ta lindo
1:59:35,7175,jun_09t,jun_09t,neutro,1.0,amem
1:59:36,7176,brunoabdi,brunoabdi,neutro,1.0,caralh   q merd
1:59:36,7176,licht_zayy,licht_zayy,neutro,1.0,Explica essa ateu!!!!
1:59:37,7177,kegann999,Kegann999,neutro,1.0,meu pau na sua mão
1:59:37,7177,vatsudemon,vatsudemon,neutro,1.0,Amém
1:59:38,7178,erickhsn,erickhsn,neutro,1.0,é um sinal pra fechar a live
1:59:38,7178,lipe_mp4,lipe_mp4,neutro,1.0,niceeeeeeeeeeeeee
1:59:39,7179,saintme0_0,saintme0_0,neutro,1.0,Deus
1:59:39,7179,crashorro,Crashorro,neutro,1.0,o cabra himself
1:59:41,7181,themonalizard,themonalizard,neutro,1.0,o cara foi pro japão de novo e encontrou deus
1:59:41,7181,professorakpopercomunista,professorakpopercomunista,neutro,1.0,a casa dele
1:59:41,7181,wesleykolomar_br,wesleykolomar_br,neutro,1.0,amém
1:59:41,7181,coolmelado,coolmelado,neutro,1.0,Unipresente bença pai
1:59:41,7181,darcknesworld,darcknesworld,engraçado,1.0,kkkkkkkkkkkkkkkkkkkkk
1:59:41,7181,xdeka,xDeka,positivo,0.5,Caralho que vista boa
1:59:42,7182,clyttex,clyttex,neutro,1.0,Amém
1:59:42,7182,marcosssantoro,MarcossSantoro,engraçado,1.0,gloria a deux
1:59:44,7184,neekotinakkj,neekotinakkj,neutro,1.0,caralho os crente brasileiro levaro as pentecostal pro japao
1:59:44,7184,pedrowivo,pedrowivo,neutro,1.0,Ele está entre nós
1:59:47,7187,kolwya,kolwya,neutro,1.0,Para de mentir todo mundo sabe que tu tá na liberdade
1:59:47,7187,lipe_mp4,lipe_mp4,neutro,1.0,Tropa do JC karai
1:59:47,7187,darcknesworld,darcknesworld,engraçado,1.0,kkkkkkkkkkkkkkkkkkkkkkkk
1:59:48,7188,fae0zin07,fae0zin07,neutro,1.0,DEUIZXS
1:59:48,7188,pedro_polegar,pedro_polegar,neutro,1.0,Canta musica de igreja ai
1:59:48,7188,andzilla,andzilla,neutro,1.0,É a Lagoinha
1:59:49,7189,pedepanomttriste,PeDePanoMtTriste,neutro,1.0,Se perdeu
1:59:49,7189,dlemonster,DlEmonster,neutro,1.0,pra ce ver
1:59:51,7191,langosoficial,LangosOficial,positivo,1.0,"O Baka, vai em Asakusa man, tem um restaurante BR muito top lá"
1:59:53,7193,imfilty,ImFilty,neutro,1.0,o/
1:59:53,7193,eriiz__,Eriiz__,engraçado,1.0,virou turista kkkkkkkk
1:59:53,7193,salamanderfps,salamanderfps,neutro,1.0,Igreja evangélica no Japão
1:59:57,7197,pedro_polegar,pedro_polegar,positivo,1.0,Vamos cantar um louvor
1:59:57,7197,langosoficial,LangosOficial,positivo,1.0,Tu vai conseguir comer pikanha
1:59:57,7197,messssiwka,MesssSiwka,neutro,1.0,assume q ta indo na igreja canalha!
1:59:58,7198,lc_felipe,lc_felipe,neutro,1.0,ta indo em direção a deus
1:59:59,7199,brunoabdi,brunoabdi,neutro,1.0,vai ser COMIDO
1:59:59,7199,kauanssv_,Kauanssv_,neutro,1.0,Virou na rua errada em Anhangabau
2:00:01,7201,marcosssantoro,MarcossSantoro,engraçado,1.0,ta perdido.. kkk
2:00:05,7205,vinisoaress_,vinisoaress_,neutro,1.0,deus te mandou por esse caminho
2:00:08,7208,sadplant0,sadplant0,neutro,1.0,pode ser que sim
2:00:09,7209,bakalovers,bakalovers,positivo,0.5,Cheer1 Deus tá tão flopado no JP q tá gastando com marketing agora
2:00:12,7212,kantusw,kantusw,neutro,1.0,sim
2:00:13,7213,pedro_polegar,pedro_polegar,neutro,1.0,Canta padre marcelo horsi
2:00:14,7214,dudjinn,DuDjinn,neutro,1.0,nao nao
2:00:18,7218,ly_uu,Ly_uu,neutro,1.0,Ta no caminho da luz
2:00:18,7218,lunoky,lunoky,neutro,1.0,Cadê os evangelion
2:00:20,7220,coolmelado,coolmelado,engraçado,1.0,"Vira Cristao ai Baka, pro video"
2:00:21,7221,bakalove69,BakaLove69,neutro,1.0,Pode falar a vdd essa é uma live gravada
2:00:22,7222,pedepanomttriste,PeDePanoMtTriste,neutro,1.0,Deve ser uma sex shop
2:00:22,7222,eoezek,EoEzek,neutro,1.0,Assembleia de Deus do mocotó com bucho
2:00:23,7223,wesleykolomar_br,wesleykolomar_br,engraçado,1.0,se vosse no Rio já tava todo furado
2:00:24,7224,thrillerzs,thrillerzs,engraçado,1.0,Caminho cristão
2:00:27,7227,professorakpopercomunista,professorakpopercomunista,engraçado,1.0,nessa lerdeza tu não vai chegar no rock in rio nunca
2:00:28,7228,kratoszxkun,KratosZxKun,neutro,1.0,HIIIIII
2:00:30,7230,sadplant0,sadplant0,neutro,1.0,"eu so lembro de uma marca de roupa japonesa que o nome era ""vale tudo caralho"""
2:00:32,7232,kratzhii,kratzhii,neutro,1.0,a a a a a a
2:00:36,7236,dlemonster,DlEmonster,neutro,1.0,é uma universal do reino de... DEUS
2:00:36,7236,lkaleatorio,lkaleatorio,neutro,1.0,Tá bugado
2:00:36,7236,darcknesworld,darcknesworld,neutro,1.0,corvos do itachi
2:00:36,7236,salamanderfps,salamanderfps,neutro,1.0,Os corvo do itachi
2:00:41,7241,neekotinakkj,neekotinakkj,engraçado,1.0,@sadplant0 KKKKKKKKKKKKKKKK
2:00:47,7247,debbyznha,debbyznha,confuso,1.0,quanto tempo vc vai ficar no Japão?
2:00:48,7248,arelich,Arelich,neutro,1.0,é o boss do mapa
2:00:49,7249,crashorro,Crashorro,neutro,1.0,corvo: ha ha ha ha
2:00:49,7249,licht_zayy,licht_zayy,confuso,1.0,"Pastor junior, posso tomar santa ceia e depois tomar cerveja?????"
2:00:49,7249,coolmelado,coolmelado,engraçado,1.0,@professorakpopercomunista Hahaha
2:00:50,7250,clownofgod,ClownOfGod,neutro,1.0,AHO
2:00:50,7250,this_is_pedro,This_is_Pedro,neutro,1.0,Ayudame
2:00:52,7252,lkaleatorio,lkaleatorio,neutro,1.0,Tá tremendo a tela
2:00:52,7252,igorsoubenja,IgorSouBenja,neutro,1.0,mee tu voltaste tapaz
2:00:54,7254,clownofgod,ClownOfGod,neutro,1.0,AHO;
2:00:54,7254,amauriagj,Amauriagj,engraçado,1.0,kkkkkkkk
2:00:55,7255,eumanitobr,euManitoBr,confuso,1.0,VOLTOU A TERRA DO TIO CHAN FOREVER??
2:00:55,7255,pedepanomttriste,PeDePanoMtTriste,neutro,1.0,Ta andando em círculo fi
2:00:55,7255,behemoth1353,behemoth1353,neutro,1.0,pelo menos o corvo acha o baka engraçado
2:00:57,7257,wesleykolomar_br,wesleykolomar_br,neutro,1.0,ayo
2:01:00,7260,mtbrazil,MTBRAZIL,neutro,1.0,VISHHH O BAKA TA DENTRO DE UM GENJUSTU
2:01:02,7262,pedro_polegar,pedro_polegar,neutro,1.0,Ó vai cair o tombo é agora
2:01:03,7263,itswessy,itswessy,confuso,1.0,corvo em tokyo é igual pombo em são paulo?
2:01:05,7265,darcknesworld,darcknesworld,engraçado,1.0,kkkkkkkkkkkkkkkkkkkkkkkkkkkkk
2:01:05,7265,riiyuji,Riiyuji,positivo,1.0,"Baka do japao é mto melhor que o baka do BR, tenq ser dito"
2:01:07,7267,langosoficial,LangosOficial,neutro,1.0,"Responde logo Baka, geral ta querendo saber quanto tempo vai ficar ai man"
2:01:09,7269,debbyznha,debbyznha,neutro,1.0,no Japão é cheio de corno na rua né
2:01:10,7270,messssiwka,MesssSiwka,neutro,1.0,"""vou subir aqui"" foi a ultima frase do Gugu"
2:01:11,7271,darcknesworld,darcknesworld,neutro,1.0,jetsky
2:01:14,7274,darcknesworld,darcknesworld,engraçado,1.0,kkkkkkkkkkkkkkkk
2:01:16,7276,lipe_mp4,lipe_mp4,engraçado,1.0,kkkkkkkk
2:01:17,7277,sadplant0,sadplant0,engraçado,1.0,@neekotinakkj é serio kkkkkkk
2:01:18,7278,bakanadegasexuberantes,BakaNadegasExuberantes,neutro,1.0,jogao
2:01:18,7278,acairoxo,acairoxo,frustrado,1.0,aff larpers de Deus
2:01:19,7279,el_v1nny,el_v1nny,engraçado,1.0,Glória a Deuxxxx
2:01:19,7279,hiena2000,hiena2000,positivo,1.0,jogo bom
2:01:21,7281,coolmelado,coolmelado,neutro,1.0,Ahhhh...é nerdice de japones
2:01:22,7282,peterdcn,peterdcn,neutro,1.0,goty 2001
2:01:22,7282,amauriagj,Amauriagj,neutro,1.0,po a música do Moi dix Mois então o nome
2:01:23,7283,salamanderfps,salamanderfps,neutro,1.0,Sujera no chao ali parece que nao é tao limpo quanto diziam
2:01:25,7285,mongedeceramica,mongedeceramica,engraçado,1.0,@MesssSiwka kkkkkkkkkkkkkkkkkk
2:01:26,7286,brunoabdi,brunoabdi,engraçado,1.0,vai dando gloria
2:01:27,7287,hang0verx,Hang0verx,positivo,0.5,Kkk Japão é maravilhoso
2:01:28,7288,kantusw,kantusw,positivo,1.0,q ponte foda
2:01:32,7292,this_is_pedro,This_is_Pedro,neutro,1.0,K
2:01:34,7294,pedepanomttriste,PeDePanoMtTriste,neutro,1.0,O resto n tem pressa ne assim
2:01:36,7296,riiyuji,Riiyuji,neutro,1.0,"@LangosOficial esse fudido ta so viajando, jaja vaza"
2:01:44,7304,lunoky,lunoky,neutro,1.0,Já se perdeu
2:01:46,7306,coolmelado,coolmelado,neutro,1.0,PULA BAKA@
2:01:49,7309,mwm93,Mwm93,confuso,1.0,Vai ter Termo e Geoguesser que horas?
2:01:49,7309,thrillerzs,thrillerzs,engraçado,0.667,Oxi kkkkk ex machina
2:01:50,7310,r_lira28,r_lira28,neutro,1.0,Vc Precisa se Encontrar
2:01:51,7311,jun_09t,jun_09t,confuso,1.0,"Baka, é verdade que vc foi pro Japão para aumentar a taxa de natalidade do país?"
2:01:53,7313,imfilty,ImFilty,neutro,1.0,rage against of Deuchine
2:01:54,7314,langosoficial,LangosOficial,neutro,1.0,langos9YEAHHH  Baka... vai ficar quanto tempo ai doido... langos9YEAHHH
2:01:55,7315,coolmelado,coolmelado,neutro,1.0,Desiste
2:01:57,7317,salamanderfps,salamanderfps,neutro,1.0,A vida é cheia de altos e baixos
2:01:59,7319,sadplant0,sadplant0,neutro,1.0,cuidado pra nao escorregar baka
2:02:00,7320,dont_koba,dont_koba,neutro,1.0,O cara vai para o JP acordar cedo
2:02:01,7321,m4dlyn,m4dlyn,neutro,1.0,errar é para bakas
2:02:02,7322,kevin19376,kevin19376,engraçado,1.0,O título da próxima live perdido em Tokio kkkkkkk
2:02:03,7323,pedro_polegar,pedro_polegar,neutro,1.0,Torcendo pra cair aqui vai tranquilo
2:02:05,7325,lipe_mp4,lipe_mp4,confuso,1.0,Deus EX machista?
2:02:07,7327,gamer_hope,gamer_hope,neutro,1.0,Rara como a lu do dia
2:02:08,7328,andzilla,andzilla,positivo,0.5,A live que tu caiu de bunda foi a melhor da historia
2:02:12,7332,ivctor,ivctor,neutro,1.0,a mina vandalista pulando a cerca ali
2:02:12,7332,pedepanomttriste,PeDePanoMtTriste,neutro,1.0,Eu ja vi vc se enganar uma vez
2:02:12,7332,vuncan,Vuncan,neutro,1.0,japones pulando a cerca
2:02:13,7333,coolmelado,coolmelado,neutro,1.0,!Puladaponte
2:02:14,7334,hiena2000,hiena2000,neutro,1.0,radical a veia
2:02:14,7334,jaooveed,jaooveed,confuso,1.0,Vai jogar Gta 6 baka?
2:02:18,7338,maruj00,maruj00,neutro,1.0,Sapatinho cheiozinho de água
2:02:18,7338,darcknesworld,darcknesworld,neutro,1.0,imagina se a mulher cai
2:02:21,7341,darcknesworld,darcknesworld,engraçado,1.0,kkkkkkkkkk
2:02:21,7341,bhcbmds_0,bhcbmds_0,neutro,1.0,"Vem pra Madureira, no RJ   KAKAKSKSK"
2:02:25,7345,gabriedu22,gabriedu22,engraçado,1.0,Esse corrimão a mais é pra estragar a manobra
2:02:26,7346,the_woc,The_Woc,engraçado,1.0,O cara morou 5 anos ai. FIcou 5 meses fora e já não conhece mais os lugares Kappa
2:02:26,7346,ianalves,ianalves,engraçado,1.0,Kkkkk
2:02:27,7347,this_is_pedro,This_is_Pedro,engraçado,1.0,KKKKKKKKKKKKKKKKKKK
2:02:29,7349,dlemonster,DlEmonster,neutro,1.0,pularo a cerca
2:02:31,7351,lunoky,lunoky,neutro,1.0,Vida loka
2:02:35,7355,palhaco7,palhaco7,confuso,1.0,Pulando cerca?
2:02:35,7355,pedepanomttriste,PeDePanoMtTriste,neutro,1.0,Netonare moments
2:02:36,7356,brucutuu,BrucuTUU,neutro,1.0,minha ex ja pulou a cerca
2:02:36,7356,marryros098,marryros098,engraçado,1.0,O c* dessa cidade é meuuuu kkk
2:02:37,7357,mongedeceramica,mongedeceramica,neutro,1.0,infrator ai o
2:02:38,7358,coffeecatcuddles,coffeecatcuddles,neutro,1.0,Vc passou na entrada da rua e foi direto
2:02:39,7359,salamanderfps,salamanderfps,confuso,1.0,Nada haver subir num prédio?
2:02:40,7360,coolmelado,coolmelado,neutro,1.0,Gado Baka
2:02:41,7361,pumdevelho,PumDeVelho,neutro,1.0,era mais fácil cair a cerca
2:02:41,7361,kolwya,kolwya,engraçado,0.5,Viria pra Lebon Regis?
2:02:43,7363,wiltonsakai,wiltonsakai,neutro,1.0,Parkour!
2:02:43,7363,niik_br,Niik_BR,neutro,1.0,Oi baka
2:02:44,7364,ly_uu,Ly_uu,confuso,1.0,Cade os mendigo dessa rua ?
2:02:45,7365,darcknesworld,darcknesworld,engraçado,1.0,hahahahahaha
2:02:56,7376,jesusburguess,jesusburguess,neutro,1.0,sabato chei dagaua
2:02:58,7378,artuurbr21,artuurbr21,neutro,1.0,mr beams
2:02:59,7379,mongedeceramica,mongedeceramica,neutro,1.0,meu pai pula cerca tmb
2:03:05,7385,s1len2,s1len2,neutro,1.0,"falaram de corno, do nada tinha a mina pulando a cerca"
2:03:07,7387,langosoficial,LangosOficial,neutro,1.0,@Ly_uu A galera esconde pro mano JP não perder aura
2:03:08,7388,brunoabdi,brunoabdi,neutro,1.0,eu pegava um cone desse
2:03:13,7393,christophergod,Christophergod,confuso,1.0,e a velha do beco?
2:03:14,7394,marcosssantoro,MarcossSantoro,neutro,1.0,Em busca do Beco perdido
2:03:14,7394,andzilla,andzilla,neutro,1.0,Não é mais o mesmo
2:03:14,7394,coffeecatcuddles,coffeecatcuddles,neutro,1.0,É só voltar pela mesma calçada
2:03:15,7395,this_is_pedro,This_is_Pedro,neutro,1.0,K
2:03:18,7398,imfilty,ImFilty,neutro,1.0,"2hr de live, AEEEEEEE"
2:03:19,7399,pedro_polegar,pedro_polegar,neutro,1.0,As novidade
2:03:22,7402,mwm93,Mwm93,neutro,1.0,Achei q era outra velha que vc tinha contratado pra cair e gerar view
2:03:24,7404,nighttoff,NighttOff,engraçado,1.0,NighttOff subscribed at Tier 1. They've subscribed for 39 months! É isso
2:03:24,7404,brucutuu,BrucuTUU,confuso,1.0,jarbas o meu pai?
2:03:27,7407,imfilty,ImFilty,neutro,1.0,ja pode ir embora
2:03:28,7408,salamanderfps,salamanderfps,confuso,1.0,Toda loja aí vende cartinha de pokemon?
2:03:37,7417,gabriedu22,gabriedu22,neutro,1.0,Tinta amarela até no Japão
2:03:42,7422,kenshinzoka,kenshinzoka,confuso,1.0,Iae gracinha tá filmando na liberdade né não engana ninguém não
2:03:43,7423,ivctor,ivctor,neutro,1.0,slk essa musica ai me lembrou de nfs underground
2:03:45,7425,this_is_pedro,This_is_Pedro,neutro,1.0,Ido pra lá e não pra cá
2:03:46,7426,caipirinha_2007,caipirinha_2007,engraçado,1.0,3KM PERCORRIDO...
2:03:47,7427,eumanitobr,euManitoBr,confuso,1.0,voce vai voltar ao Brasil ou viver ai?
2:03:47,7427,r_lira28,r_lira28,neutro,1.0,Vc Precisa se Encontrar Baka...
2:03:48,7428,marryros098,marryros098,neutro,1.0,Da um Google
2:03:49,7429,bakalove69,BakaLove69,neutro,1.0,"Galera acabei de ver ele do outro lado da rua, ele está na liberdade não no Japão"
2:03:51,7431,salamanderfps,salamanderfps,engraçado,1.0,@gabriedu22 Kkkkkkkkkkkk
2:03:53,7433,dlemonster,DlEmonster,confuso,1.0,cade o stalker de terno essas horas?
2:03:53,7433,pedro_polegar,pedro_polegar,neutro,1.0,Vai parar em Pintópolis jaja
2:03:55,7435,daviddvvargas,daviddvvargas,confuso,1.0,Baka pode fumar maconha na rua?
2:03:56,7436,langosoficial,LangosOficial,neutro,1.0,"langos9Thanks É isso turma, o mano baka não vai informar quanto tempo vai ficar por lá."
2:03:56,7436,pedepanomttriste,PeDePanoMtTriste,neutro,1.0,Caiu nas backrooms em live
2:03:59,7439,nunuvascaino,nunuvascaino,neutro,1.0,pq tem tanto japones ai
2:04:03,7443,debbyznha,debbyznha,neutro,1.0,acho q se eu sentisse o gostinho do Japão não voltava mais pra sp
2:04:06,7446,salamanderfps,salamanderfps,neutro,1.0,Invadindo a casa das tia
2:04:10,7450,brunoabdi,brunoabdi,neutro,1.0,bananudo to esperando
2:04:11,7451,mongedeceramica,mongedeceramica,neutro,1.0,@nunuvascaino ele ta na liberdade
2:04:14,7454,this_is_pedro,This_is_Pedro,neutro,1.0,Um becoide
2:04:17,7457,ronaldstar_,RonaldStar_,neutro,1.0,belo beco
2:04:18,7458,pulchram12,pulchram12,neutro,1.0,CaitThinking
2:04:18,7458,kolwya,kolwya,confuso,1.0,Cu Berto?
2:04:19,7459,tristesatanexe,TristeSatanExe,neutro,1.0,Beco Legal
2:04:22,7462,coolmelado,coolmelado,neutro,1.0,Bekuberto
2:04:23,7463,nunuvascaino,nunuvascaino,neutro,1.0,@mongedeceramica ah sim
2:04:23,7463,gamer_hope,gamer_hope,engraçado,1.0,"Tinta amarela marca a missão principal, baka jogando no easy"
2:04:24,7464,jaooveed,jaooveed,engraçado,1.0,Pega essa vassoura ai KKKKKKKKK
2:04:27,7467,darcknesworld,darcknesworld,engraçado,1.0,kkkkkkkkkkkkkkkkk
2:04:27,7467,acairoxo,acairoxo,neutro,1.0,inazuma eleven
2:04:27,7467,salamanderfps,salamanderfps,engraçado,1.0,Kkkkkkkk
2:04:29,7469,mwm93,Mwm93,neutro,1.0,Ate achei q era outra velha que vc tinha contratado pra cair e gerar view
2:04:30,7470,baka_denji,Baka_Denji,neutro,1.0,Super campeões
2:04:31,7471,marcosssantoro,MarcossSantoro,engraçado,1.0,kkkk
2:04:31,7471,wesleykolomar_br,wesleykolomar_br,neutro,1.0,blue lock
2:04:32,7472,nunes013,nunes013,neutro,1.0,ROCKET LEAGUE
2:04:32,7472,langosoficial,LangosOficial,neutro,1.0,"@nunuvascaino Não é japones não man, é indicano"
2:04:32,7472,this_is_pedro,This_is_Pedro,engraçado,1.0,KKKKKKKKKKKKKKKKKKK
2:04:33,7473,el_v1nny,el_v1nny,engraçado,1.0,Fifa Street aí foi old kkkkkk
2:04:34,7474,shadollyn,shadollyn,engraçado,1.0,KKKKKKKKKKKK
2:04:37,7477,dont_koba,dont_koba,neutro,1.0,do naruto
2:04:37,7477,langosoficial,LangosOficial,neutro,1.0,Indiano*
2:04:37,7477,pedro_polegar,pedro_polegar,neutro,1.0,Alzimer
2:04:38,7478,mitsuuh,mitsuuh,neutro,1.0,pro evolution
2:04:38,7478,mitoparou07,mitoparou07,confuso,1.0,"q isso a quanto tempo, n aguentou o bostil?"
2:04:39,7479,themonalizard,themonalizard,engraçado,1.0,"nem tinha visto o título. eu vi a miniatura da live antes de entrar e pensei ""caralho já é dia em são paulo, surgiu 39 fuso-horários entre campinas e são paulo"""
2:04:39,7479,menel01,menel01,neutro,1.0,CAPITAO TCHUPAVA
2:04:40,7480,thrillerzs,thrillerzs,neutro,1.0,Becoide
2:04:43,7483,daniel_campos6,daniel_campos6,engraçado,1.0,fifa strip
2:04:47,7487,r_lira28,r_lira28,neutro,1.0,CARO PRA KRL
2:04:47,7487,celtatunadinhoo,celtatunadinhoo,engraçado,1.0,celtatunadinhoo subscribed at Tier 1.
2:04:49,7489,this_is_pedro,This_is_Pedro,neutro,1.0,Isso é caro pra porra
2:04:50,7490,avatard0crime,avatard0crime,neutro,1.0,Nba
2:04:51,7491,salamanderfps,salamanderfps,neutro,1.0,399 reais
2:04:52,7492,kawalyansky,kawalyansky,neutro,1.0,bakaaaaaaa
2:04:54,7494,lunoky,lunoky,engraçado,1.0,Kkkk
2:04:56,7496,darcknesworld,darcknesworld,engraçado,1.0,kkkkkkkkkkkkkkkk
2:04:56,7496,this_is_pedro,This_is_Pedro,neutro,1.0,Papo 11k
2:04:59,7499,jettasz,jettasz,engraçado,1.0,kkkkkkkkkk
2:05:03,7503,artuurbr21,artuurbr21,neutro,1.0,tsubasa é o cara do beyblade
2:05:03,7503,esquadr0,esquadr0,neutro,1.0,!followage
2:05:04,7504,kenshinzoka,kenshinzoka,neutro,1.0,Live gravada
2:05:10,7510,acairoxo,acairoxo,neutro,1.0,sempre joguei com me utio
2:05:10,7510,boizaolol,BoizaoLoL,neutro,1.0,"nada, só rocket league"
2:05:10,7510,salamanderfps,salamanderfps,neutro,1.0,Com aruan feliz
2:05:11,7511,pedro_polegar,pedro_polegar,engraçado,1.0,Se brincar tem viu
2:05:16,7516,coolmelado,coolmelado,engraçado,1.0,Eu e um Gordin mineriro
2:05:18,7518,pedro_henrique,pedro_henrique,engraçado,1.0,crl 10k LOL
2:05:18,7518,dudjinn,DuDjinn,neutro,1.0,ronaldinho gaucho era rei
2:05:19,7519,brunoabdi,brunoabdi,neutro,1.0,XFifa
2:05:19,7519,debbyznha,debbyznha,neutro,1.0,!followage
2:05:21,7521,palhaco7,palhaco7,neutro,1.0,Barato
2:05:22,7522,arkkanjo10,arkkanjo10,neutro,1.0,"ui, pernas"
2:05:24,7524,marryros098,marryros098,neutro,1.0,Caralho 11 mil
2:05:24,7524,kkgoji,kkgoji,positivo,1.0,esse game é foda
2:05:24,7524,celtatunadinhoo,celtatunadinhoo,neutro,1.0,e
2:05:24,7524,langosoficial,LangosOficial,neutro,1.0,Compra uma revistinha no 7eleven pai
2:05:25,7525,danylo0110,danylo0110,neutro,1.0,gatinha
2:05:25,7525,ryan_goslingdrive7,ryan_goslingdrive7,neutro,1.0,Opaaa
2:05:26,7526,langosoficial,LangosOficial,neutro,1.0,Aquela lá
2:05:26,7526,ronaldstar_,RonaldStar_,neutro,1.0,10k
2:05:27,7527,iceraptron,iceraptron,neutro,1.0,viu aquela parada q o fifa vai ser mundo aberto agora
2:05:27,7527,yuri_7887_,Yuri_7887_,confuso,1.0,VOLTOU A MORAR NO JAPÃO?
2:05:31,7531,gamer_hope,gamer_hope,neutro,1.0,Cada gol tira um pedaço da roupa
2:05:32,7532,thalladruid,Thalladruid,engraçado,1.0,Fifa strip ronaldinho dava uma caneta e mostrava a rola
2:05:33,7533,amauriagj,Amauriagj,neutro,1.0,ea fc agora parece patinação no gelo os jogadores escorregando
2:05:33,7533,pagung027,pagung027,neutro,1.0,dentro
2:05:34,7534,jaooveed,jaooveed,engraçado,1.0,"Já joguei, adorava ver o Ronaldinho pelado kkkkkkkk"
2:05:35,7535,ivctor,ivctor,confuso,1.0,sera que vai ter no mundo  aberto do fifa 27
2:05:36,7536,marcao0_0,marcao0_0,neutro,1.0,Calmo chat
2:05:37,7537,mongedeceramica,mongedeceramica,neutro,1.0,10 conto o aluguel ctdd
2:05:37,7537,fakedev,fakedev,engraçado,0.5,o baka voltou ou só férias?
2:05:38,7538,artuurbr21,artuurbr21,neutro,1.0,cade as ladyboys
2:05:40,7540,samueluberaba,SamuelUberaba,positivo,0.5,trouxa a namorada baka ?
2:05:41,7541,maruj00,maruj00,neutro,1.0,Não só joguei como platinei
2:05:43,7543,langosoficial,LangosOficial,engraçado,1.0,@Yuri_7887_ Também queria saber
2:05:44,7544,lottus02,lottus02,confuso,1.0,"a nivel de conhecimento, o que da pra fazer 300k iene?"
2:05:47,7547,christophergod,Christophergod,neutro,1.0,11k eu compro uma falcon
2:05:50,7550,erickhsn,erickhsn,engraçado,0.5,com um salario de 1milhão e 600k da pra viver bem em tokyo?
2:05:51,7551,wesleykolomar_br,wesleykolomar_br,confuso,1.0,tem alguem falando oi?
2:05:51,7551,this_is_pedro,This_is_Pedro,neutro,1.0,"É só 10k, errei por alguns"
2:05:54,7554,lunoky,lunoky,neutro,1.0,11 mil reais eu compro argentina
2:05:56,7556,daviddvvargas,daviddvvargas,neutro,1.0,Assobia pra mina jao
2:05:59,7559,acairoxo,acairoxo,neutro,1.0,joguei todos
2:06:01,7561,salamanderfps,salamanderfps,engraçado,1.0,11mil reais você vive como um rei no interior de SP
2:06:02,7562,lipe_mp4,lipe_mp4,neutro,1.0,pago isso em Osasco
2:06:04,7564,yuri_7887_,Yuri_7887_,neutro,1.0,Lembe o chão pra limpar
2:06:08,7568,gustavee07,gustavee07,neutro,1.0,cheirp de cu gurme
2:06:08,7568,messssiwka,MesssSiwka,engraçado,0.5,platinou o que o nariz
2:06:14,7574,coolmelado,coolmelado,engraçado,1.0,!salarioBaka
2:06:14,7574,erickhsn,erickhsn,neutro,1.0,"1,6 milhao"
2:06:15,7575,st0rmrid3r,st0rmrid3r,confuso,1.0,nao tem um pao de acucar ai?
2:06:18,7578,noresolvenorecall,noresolvenorecall,confuso,1.0,ai o baka viu que era um aluguel raro e trocou por um aluguel desbloqueado
2:06:18,7578,langosoficial,LangosOficial,neutro,1.0,@lipe_mp4 Osaka = Osasko
2:06:19,7579,andzilla,andzilla,confuso,1.0,igual o Vorcaro?
2:06:20,7580,knotheadz,KnoTheaDz,engraçado,1.0,KnoTheaDz subscribed with Prime.
2:06:21,7581,eumanitobr,euManitoBr,neutro,1.0,@lipe_mp4 Voce paga os mano da Boca so se for
2:06:29,7589,mwm93,Mwm93,confuso,1.0,1 milhão de reais?
2:06:31,7591,cafeecigas,cafeecigas,neutro,1.0,11mil eh uma vida 😭
2:06:33,7593,brunoabdi,brunoabdi,neutro,1.0,Cone azul pega
2:06:34,7594,umbalde,umBalde,confuso,1.0,Da pra botar quanto de RP?
2:06:36,7596,duh_dudu_edu,duh_dudu_edu,neutro,1.0,kk
2:06:37,7597,darcknesworld,darcknesworld,engraçado,1.0,kkkkkkkkkkk
2:06:42,7602,sadplant0,sadplant0,neutro,1.0,que bonita a janela
2:06:42,7602,gacs174,gacs174,engraçado,1.0,kkkk
2:06:43,7603,gabrierf,gabrierf,confuso,1.0,@BakaGaijinLive AÍ TEM O HOMEM DO SACO?
2:06:49,7609,marryros098,marryros098,neutro,1.0,Baijo grego
2:06:49,7609,gustavopog,gustavopog,neutro,1.0,A A A A A A A
2:06:50,7610,salamanderfps,salamanderfps,engraçado,1.0,Carai quanto corno rindo
2:06:50,7610,crashorro,Crashorro,neutro,1.0,veia fumante fdp
2:06:51,7611,artuurbr21,artuurbr21,engraçado,1.0,ele riu de vc
2:06:52,7612,darcknesworld,darcknesworld,neutro,1.0,o Itachi ta perto
2:06:52,7612,ronaldstar_,RonaldStar_,neutro,1.0,karasu ai
2:06:56,7616,wesleykolomar_br,wesleykolomar_br,neutro,1.0,pega o colecionavel do corvo pfv
2:06:56,7616,gabriedu22,gabriedu22,neutro,1.0,Corvo tá telando a live
2:07:00,7620,kayden_casein_nitrate,Kayden_Casein_Nitrate,confuso,1.0,já pode gozar ou tá cedo ?
2:07:00,7620,dlemonster,DlEmonster,confuso,1.0,aqui no brasil??? ai entregou que é tela verde
2:07:02,7622,themonalizard,themonalizard,neutro,1.0,os corvos estão fechados também.
2:07:02,7622,lunoky,lunoky,neutro,1.0,Ta em konoha
2:07:04,7624,gamer_hope,gamer_hope,neutro,1.0,11k eh suave
2:07:06,7626,bhcbmds_0,bhcbmds_0,engraçado,1.0,Os corvos rindo dele
2:07:10,7630,pedro_polegar,pedro_polegar,neutro,1.0,Vibe de apocalipse
2:07:11,7631,mongedeceramica,mongedeceramica,neutro,1.0,AHOY
2:07:11,7631,luixjoga,luixjoga,positivo,0.333,"salve, o baka ta só turistando?"
2:07:11,7631,brunoabdi,brunoabdi,neutro,1.0,parendo Itaborai
2:07:13,7633,ronaldstar_,RonaldStar_,neutro,1.0,AH AH AH
2:07:14,7634,artuurbr21,artuurbr21,neutro,1.0,AAAA
2:07:14,7634,navedoalien,NaveDoAlien,neutro,1.0,Corvo ta dando ghost na live
2:07:14,7634,professorakpopercomunista,professorakpopercomunista,neutro,1.0,e nunca tivemos um emote de corvo
2:07:15,7635,thalladruid,Thalladruid,positivo,0.333,mais rico mais imposto? QUE IDEIA GENIAL imagina se pensassemos nisso pro br
2:07:15,7635,sadplant0,sadplant0,neutro,1.0,itachi ai perto
2:07:16,7636,lipe_mp4,lipe_mp4,neutro,1.0,Alo moto
2:07:18,7638,kenshinzoka,kenshinzoka,engraçado,0.5,Braga viu que os esquema com o vorcario ia dar merda e fugiu pro Japão né
2:07:18,7638,amauriagj,Amauriagj,neutro,1.0,é as tia do job
2:07:19,7639,yuri_7887_,Yuri_7887_,engraçado,0.5,"Sr. Baka, poderia nos informar se voltaste a morar no velho condado de Tokyo na ilha do Japão?"
2:07:19,7639,norphius,norphius,engraçado,0.667,oxi kkkkkkkkkk
2:07:20,7640,marcelodjff,MarceloDJFF,neutro,1.0,AAH!
2:07:21,7641,dudjinn,DuDjinn,neutro,1.0,AHO
2:07:22,7642,cafeecigas,cafeecigas,neutro,1.0,tokyo sempre passa no teste de vibes
2:07:22,7642,andzilla,andzilla,confuso,1.0,Não tem gato na rua por causa dos corvo?
2:07:23,7643,the_woc,The_Woc,neutro,1.0,Ta no VR
2:07:24,7644,samueluberaba,SamuelUberaba,neutro,1.0,corvo falando japones c ta doido
2:07:25,7645,marcao0_0,marcao0_0,neutro,1.0,Quando o manequim fica te atiçando
2:07:26,7646,gabrierf,gabrierf,neutro,1.0,AHHH QUE DELICIA
2:07:27,7647,gustavee07,gustavee07,engraçado,1.0,kkkkkkkkkkkkkkkkkkk
2:07:28,7648,pedro_henrique,pedro_henrique,confuso,1.0,eu acho que tem um corvo te seguindo
2:07:29,7649,jun_09t,jun_09t,engraçado,1.0,os corvos estão rindo de vc
2:07:32,7652,pedro_polegar,pedro_polegar,neutro,1.0,Ta só o cara e os corvo no país
2:07:33,7653,langosoficial,LangosOficial,engraçado,1.0,@Yuri_7887_ Por obséquio
2:07:37,7657,picolino0418,picolino0418,confuso,1.0,Loja de roupas da kodak????
2:07:37,7657,torresminhoseboso,torresminhoseboso,confuso,1.0,vai ficar quanto tempo ai baka?
2:07:38,7658,pumdevelho,PumDeVelho,neutro,1.0,itachi ta te seguindo
2:07:39,7659,triggerednox,triggerednox,confuso,1.0,só chove no japao? toda vez ta assim
2:07:41,7661,salamanderfps,salamanderfps,neutro,1.0,Bandera woke
2:07:43,7663,darcknesworld,darcknesworld,engraçado,1.0,kkkkkkkkkkkkkkkk
2:07:43,7663,nunuvascaino,nunuvascaino,neutro,1.0,odin ta te observando
2:07:46,7666,sadplant0,sadplant0,positivo,1.0,corvos são fodas demais e inteligentes
2:07:47,7667,cafeecigas,cafeecigas,neutro,1.0,arco iro
2:07:47,7667,ivctor,ivctor,neutro,1.0,se tu acertar  esse corvo ai ja garante o almoço
2:07:47,7667,mizushot,MizuShot,confuso,1.0,voltou a morar ai ?
2:07:49,7669,artuurbr21,artuurbr21,engraçado,1.0,riu dnv
2:07:49,7669,gustavee07,gustavee07,confuso,1.0,lgbt qi+?
2:07:49,7669,putiferoo,putiferoo,engraçado,1.0,KappaPride
2:07:50,7670,erickhsn,erickhsn,engraçado,1.0,"é q eu tava vendo uns salarios de 1,6 milhao por mês em tokyo"
2:07:51,7671,lipe_mp4,lipe_mp4,neutro,1.0,Nossa um predio Woke
2:07:51,7671,luixjoga,luixjoga,confuso,1.0,itachi?
2:07:52,7672,langosoficial,LangosOficial,neutro,1.0,"Falta mais um pra segurar, ai dá uma equilibrada"
2:07:53,7673,kenshinzoka,kenshinzoka,neutro,1.0,PogChamp
2:07:53,7673,samueelsousa,samueelsousa,neutro,1.0,segura legal
2:07:53,7673,thalladruid,Thalladruid,neutro,1.0,"""AHO, AHO, AHOO"""
2:07:54,7674,wesleykolomar_br,wesleykolomar_br,neutro,1.0,woke no japão ferro
2:07:54,7674,maruj00,maruj00,neutro,1.0,Casa lgbt
2:07:55,7675,ifoodbeneficios,ifoodbeneficios,neutro,1.0,ESSA QUE E A LIVE 100% I.A NO JAPAO
2:07:58,7678,yuri_7887_,Yuri_7887_,neutro,1.0,@LangosOficial Se por ventura lhe for confortável
2:08:03,7683,jun_09t,jun_09t,neutro,1.0,Os corvos tão achando muito engraçado
2:08:04,7684,hazulol,hazulol,neutro,1.0,"ta parecendo alice in boderland, so tem tu ai"
2:08:06,7686,st0rmrid3r,st0rmrid3r,engraçado,1.0,arco iris achou a tua casa
2:08:09,7689,pedro_polegar,pedro_polegar,confuso,1.0,Ta voltando pro Brasil a pé?
2:08:09,7689,coolmelado,coolmelado,confuso,1.0,Filma a placa do carro que eu vou clonar aqui no brasil
2:08:12,7692,yuri_7887_,Yuri_7887_,neutro,1.0,Tem um corno seguindo ele
2:08:13,7693,marcao0_0,marcao0_0,neutro,1.0,"É IA, ele ta no Brasil"
2:08:14,7694,bhcbmds_0,bhcbmds_0,neutro,1.0,Fala uma frase completa em japonês
2:08:21,7701,andzilla,andzilla,neutro,1.0,covarde
2:08:21,7701,salamanderfps,salamanderfps,neutro,1.0,Sobe fi
2:08:22,7702,ronaldstar_,RonaldStar_,engraçado,1.0,KKKK
2:08:26,7706,cafeecigas,cafeecigas,neutro,1.0,swain ta te observando
2:08:26,7706,deonehzio,DeoNehzio,neutro,1.0,"Baka ta vestido igual um sequestrador, e foi pro japão pra sequestras a soldas dos outros"
2:08:29,7709,eutavabem,eutavabem,engraçado,1.0,OS POMBO ESTÃO RINDO
2:08:32,7712,lunoky,lunoky,neutro,1.0,Baka era raiz
2:08:33,7713,kenshinzoka,kenshinzoka,neutro,1.0,Sobe aí Braga pelo conteúdo
2:08:36,7716,assisjoga,AssisJoga,engraçado,1.0,LUL
2:08:36,7716,el_v1nny,el_v1nny,confuso,1.0,Patolino??
2:08:36,7716,darcknesworld,darcknesworld,engraçado,1.0,kkkkkkkkkkkkkkkk
2:08:39,7719,heyman91939,heyman91939,neutro,1.0,esse corvo tá te seguindo
2:08:39,7719,this_is_pedro,This_is_Pedro,engraçado,1.0,KKKKKKKKKKKKKKKKKKK
2:08:40,7720,pedro_polegar,pedro_polegar,neutro,1.0,Ta woke
2:08:40,7720,marryros098,marryros098,engraçado,1.0,Akkakakaka kkkk baka
2:08:40,7720,kthyosu,kthyosu,neutro,1.0,esquizofrenico
2:08:40,7720,ifoodbeneficios,ifoodbeneficios,confuso,1.0,LIVE 100% NO JAPAO?
2:08:41,7721,ltsbardo,ltsbardo,neutro,1.0,Que parte de Sp é essa
2:08:41,7721,debbyznha,debbyznha,neutro,1.0,a idade chega pra todos
2:08:42,7722,gustavee07,gustavee07,neutro,1.0,baka broxa
2:08:43,7723,ddingo000,ddingo000,neutro,1.0,@cafeecigas Kokk
2:08:44,7724,gamer_hope,gamer_hope,confuso,1.0,Vai de Gugu?
2:08:45,7725,torresminhoseboso,torresminhoseboso,neutro,1.0,esquizobaka
2:08:46,7726,ivctor,ivctor,confuso,1.0,porque tu imita o chat com  a voz do gaguinho?
2:08:46,7726,charly_mint,Charly_mint,neutro,1.0,"calvo, gordo, miope, broxa"
2:08:47,7727,umbalde,umBalde,neutro,1.0,Baka tá woke
2:08:47,7727,marquinho3942,Marquinho3942,confuso,1.0,Que parte da liberdade é essa?
2:08:48,7728,tulioapenas,tulioapenas,neutro,1.0,ELE ESTÁ BROCHA TAMBÉM
2:08:48,7728,kevin19376,kevin19376,engraçado,0.667,O baka já foi melhor hj em dia ele só pega pal kkkkkkk
2:08:50,7730,palhaco7,palhaco7,neutro,1.0,Virou live do Patolino do nada
2:08:50,7730,andzilla,andzilla,neutro,1.0,Brasil te fez mto mal
2:08:50,7730,pulchram12,pulchram12,engraçado,1.0,Kkkkkkkkkk
2:08:53,7733,yuri_7887_,Yuri_7887_,neutro,1.0,"Baka ta velho, obeso, sacudo e com a calcinha rasgada"
2:08:53,7733,langosoficial,LangosOficial,engraçado,1.0,@Yuri_7887_ Se me permite a indagação
2:08:53,7733,desantlol1,DeSantlol1,neutro,1.0,Do nada o Igor Guimarães
2:08:54,7734,pedepanomttriste,PeDePanoMtTriste,confuso,1.0,Ninguém nunca falou isso
2:08:54,7734,daxmall,daxmall,neutro,1.0,fala bako
2:08:54,7734,bagreeeeeeeee,BAGREeeeeeeee,confuso,1.0,Ta mais fraco que um gato
2:08:55,7735,jaooveed,jaooveed,engraçado,0.667,"Calma cara, ninguém disse isso KKKKKKKKKKKKKKKKKK"
2:08:55,7735,debbyznha,debbyznha,neutro,1.0,os ossos já não aguentam mais
2:08:56,7736,professorakpopercomunista,professorakpopercomunista,neutro,1.0,cheio de extrassístoles
2:08:59,7739,brunoabdi,brunoabdi,engraçado,1.0,brasileiro nao tem principios
2:09:00,7740,nunuvascaino,nunuvascaino,confuso,1.0,essa que é xique xique?
2:09:01,7741,jun_09t,jun_09t,neutro,1.0,"Já foi o auge do Baka, hoje em dia ele só é um velho"
2:09:01,7741,youkattolive,youkattolive,neutro,1.0,@ifoodbeneficios deixou uma perna no brasil por isso só 80%
2:09:02,7742,rickzinot,RickzinOT,positivo,1.0,ja foi melhor baka
2:09:02,7742,navedoalien,NaveDoAlien,neutro,1.0,So voltar pro brasil que ficou buxa
2:09:02,7742,nunes013,nunes013,neutro,1.0,mellzitosTilted
2:09:03,7743,marryros098,marryros098,neutro,1.0,Antigamente Antigamente ja foi
2:09:04,7744,salamanderfps,salamanderfps,neutro,1.0,Eu sou hater e falo assim
2:09:05,7745,maruj00,maruj00,engraçado,1.0,Eu nunca falaria isso baka
2:09:06,7746,horattio,horattio,neutro,1.0,Pino gigante de cocaiba
2:09:06,7746,lottus02,lottus02,confuso,1.0,indo para o jp a conversão é de BRL DOLAR IENE? ou da pra fazer BRL IENE direto?
2:09:07,7747,tristesatanexe,TristeSatanExe,neutro,1.0,Oloko
2:09:07,7747,wesleykolomar_br,wesleykolomar_br,neutro,1.0,sr linguiça
2:09:07,7747,gabriellsilvaalves,gabriellsilvaalves,confuso,1.0,É mais fácil perdido de dia do que de noite
2:09:08,7748,mfavinhaa,mfavinhaa,neutro,1.0,estatua de comida
2:09:10,7750,solza_,Solza_,neutro,1.0,"não é mais o baka gaijin, agora é so o baka"
2:09:11,7751,pedreirosensualizador,pedreirosensualizador,neutro,1.0,Olha o povo poc
2:09:12,7752,dudjinn,DuDjinn,engraçado,0.5,"baka, bora jogar um lol?"
2:09:13,7753,messssiwka,MesssSiwka,neutro,1.0,tem alguem metendo ai
2:09:13,7753,palhaco7,palhaco7,engraçado,1.0,É pra pegar otário q nem você
2:09:14,7754,nunes013,nunes013,neutro,1.0,pq aí n tem vila
2:09:15,7755,thmnp,thmnp,engraçado,1.0,volta la e faz carinho no cachorro
2:09:16,7756,lunoky,lunoky,neutro,1.0,Bate palma ai
2:09:16,7756,pedreirosensualizador,pedreirosensualizador,neutro,1.0,Tão fudendo
2:09:17,7757,dlemonster,DlEmonster,neutro,1.0,cachoro shashixa
2:09:17,7757,salamanderfps,salamanderfps,neutro,1.0,"Cachorro de plastico, cade os de verdade"
2:09:18,7758,kenshinzoka,kenshinzoka,neutro,1.0,Ear dog
2:09:18,7758,julynhatoys,JulynhaToys,positivo,1.0,"Caracaaaaaaa, fez Live e nem me chamou, nao acreditavel NotLikeThis julynhChicoteada"
2:09:18,7758,lipe_mp4,lipe_mp4,neutro,1.0,krai pensei q era de vdd
2:09:19,7759,danylo0110,danylo0110,confuso,1.0,porque ai nao tem cachorros?
2:09:19,7759,rickzinot,RickzinOT,neutro,1.0,"dps q voltou pro Brasil, parece q virou PTista"
2:09:19,7759,yuri_7887_,Yuri_7887_,neutro,1.0,volta de novo velho gordo
2:09:23,7763,luixjoga,luixjoga,confuso,1.0,tu ta numa cidade fantasma? nao tem uma alma na rua
2:09:24,7764,ifoodbeneficios,ifoodbeneficios,neutro,1.0,@youkattolive Ata
2:09:25,7765,pedreirosensualizador,pedreirosensualizador,neutro,1.0,Poc poc poc
2:09:26,7766,pedro_polegar,pedro_polegar,neutro,1.0,Daqui a pouco entra na sala de uma tia ai vai vendo
2:09:28,7768,mizushot,MizuShot,neutro,1.0,Chururur
2:09:32,7772,yuri_7887_,Yuri_7887_,neutro,1.0,airfryer de rodas
2:09:34,7774,kenshinzoka,kenshinzoka,positivo,1.0,@julynhatoys bom dia
2:09:37,7777,neekotinakkj,neekotinakkj,engraçado,1.0,adoraria morar num bequin desse
2:09:41,7781,eutavabem,eutavabem,confuso,1.0,NO JAPÃO AINDA ANDAM DE CARROÇA?
2:09:42,7782,langosoficial,LangosOficial,neutro,1.0,"Tu tinha que vender Yakult, economiza passos"
2:09:42,7782,rickzinot,RickzinOT,neutro,1.0,@JulynhaToys pegou todo mundo de surpresa esse safadinhuu
2:09:44,7784,erickhsn,erickhsn,confuso,1.0,será q é legal morar num local assim?
2:09:45,7785,ben_g4dura,ben_g4dura,confuso,1.0,cadê os japoneses? ninguém olhando pela janela...
2:09:45,7785,debbyznha,debbyznha,neutro,1.0,tá só o baka e os cornos na rua
2:09:45,7785,salamanderfps,salamanderfps,neutro,1.0,Clinica de aborto
2:09:46,7786,pagung027,pagung027,neutro,1.0,só colocar um lo fi de fundo e ja era
2:09:46,7786,xurig,xurig,neutro,1.0,tem q lançar os vod no youtube depois
2:09:47,7787,palhaco7,palhaco7,engraçado,1.0,Julia brinquedos no chat da oi @bakagaijinlive
2:09:49,7789,wesleykolomar_br,wesleykolomar_br,positivo,1.0,não chamou a Julinha ai nao baka
2:09:52,7792,brunoabdi,brunoabdi,engraçado,1.0,Faz um relatorio sobre isso
2:09:52,7792,lipe_mp4,lipe_mp4,neutro,1.0,e ai do nada uma Meka
2:09:53,7793,torresminhoseboso,torresminhoseboso,confuso,1.0,"@JulynhaToys julynha me desbannnn, falei uma vez do diabao que apareceu e acharam q tava xingando você :("
2:10:00,7800,santorys,Santorys,confuso,1.0,dlss 5 esse mapa?
2:10:00,7800,pedepanomttriste,PeDePanoMtTriste,neutro,1.0,E ainda te ignora no chat
2:10:00,7800,dlemonster,DlEmonster,neutro,1.0,bebe muito e nem é do ano
2:10:01,7801,cinza08,cinza08,neutro,1.0,as ruas tudo minusculas
2:10:05,7805,nunes013,nunes013,neutro,1.0,@JulynhaToys caça ele na rua
2:10:05,7805,salamanderfps,salamanderfps,neutro,1.0,Desce ai fi
2:10:08,7808,mongedeceramica,mongedeceramica,engraçado,0.5,porq so tem carro de funeraria ai?
2:10:15,7815,yuri_7887_,Yuri_7887_,confuso,1.0,vai voltar a morar ai ou não? se n responder é pq odeia becos
2:10:15,7815,imfilty,ImFilty,neutro,1.0,@JulynhaToys pega ele de porrada
2:10:17,7817,cafeecigas,cafeecigas,engraçado,0.5,jogando lol nas filas nipônica?
2:10:18,7818,lunoky,lunoky,neutro,1.0,@julynhatoys não acreditável kk
2:10:18,7818,pulchram12,pulchram12,neutro,1.0,sushid17Kk
2:10:18,7818,julynhatoys,JulynhaToys,engraçado,1.0,@torresminhoseboso julynhHahaha
2:10:21,7821,nunes013,nunes013,neutro,1.0,uns tempos = 2 anos
2:10:22,7822,youkattolive,youkattolive,neutro,1.0,o cara ta no persona
2:10:23,7823,tristesatanexe,TristeSatanExe,neutro,1.0,Legal
2:10:23,7823,eutavabem,eutavabem,engraçado,1.0,Julynha Brinquedos
2:10:24,7824,bakalovers,bakalovers,positivo,0.5,Cheer1 Old Baka ou Baka Shippuden?
2:10:27,7827,renattico,renattico,neutro,1.0,DLSS 5
2:10:28,7828,thalessalbego,thalessalbego,confuso,1.0,Tem ninguém na rua
2:10:29,7829,langosoficial,LangosOficial,confuso,1.0,langos9YEAHHH  BAKA-TCHAN VAI FICAR AI QUANTO TEMPO?
2:10:30,7830,professorakpopercomunista,professorakpopercomunista,neutro,1.0,@JulynhaToys maluco ta perdidao vai ter que ajudar ele
2:10:30,7830,sadplant0,sadplant0,neutro,1.0,oiiss julyinha
2:10:32,7832,brunoabdi,brunoabdi,positivo,1.0,Foda sua vizinha agora - clique aqui
2:10:33,7833,wesleykolomar_br,wesleykolomar_br,neutro,1.0,rouba as auras dele July
2:10:33,7833,auralesspagliacci,AuralessPagliacci,neutro,1.0,live com tokyosims
2:10:33,7833,f_felip3,f_felip3,engraçado,0.5,"tá turistando, baka ?"
2:10:34,7834,pedepanomttriste,PeDePanoMtTriste,positivo,1.0,Ai eu gostei
2:10:36,7836,viitisz,viitisz,neutro,1.0,voltou pro japao pq
2:10:37,7837,todyyn69,todyyn69,confuso,1.0,"Eai baka, oq vai ter nesse nova temporada ?"
2:10:37,7837,peterdcn,peterdcn,confuso,1.0,live de 24 horas?
2:10:40,7840,dudjinn,DuDjinn,neutro,1.0,ta com o RTX ligado nice
2:10:40,7840,debbyznha,debbyznha,confuso,1.0,desacostumou a andar tanto?
2:10:42,7842,lipe_mp4,lipe_mp4,neutro,1.0,"@mongedeceramica muiuto velhos, ja faz 2 trabalhos de uma vez"
2:10:42,7842,wesleyp2p,wesleyp2p,neutro,1.0,@JulynhaToys Ele é um vagabundo
2:10:46,7846,yuri_7887_,Yuri_7887_,positivo,1.0,Infartando em Tokyo! foda
2:10:48,7848,salamanderfps,salamanderfps,neutro,1.0,Infarto isso dai
2:10:51,7851,caiopinto120887,caiopinto120887,neutro,1.0,Faz anos que tá pra rolar essa live
2:10:51,7851,riiyuji,Riiyuji,positivo,1.0,Baka do japiu mto melhor que o baka do Br tenq ser dito ]
2:10:54,7854,marcao0_0,marcao0_0,confuso,1.0,Baka ta de óculos?????
2:10:55,7855,kenshinzoka,kenshinzoka,confuso,1.0,Como que tá oas ranked hoje em dia no japius aí braga
2:10:55,7855,gustavee07,gustavee07,engraçado,1.0,esse oclinho kkkk
2:10:56,7856,mongedeceramica,mongedeceramica,engraçado,1.0,@lipe_mp4 kkkkkkkkkkk
2:10:56,7856,st0rmrid3r,st0rmrid3r,positivo,1.0,nao tem uma ppk niponica ta foda
2:10:59,7859,kise_ryota__,Kise_Ryota__,neutro,1.0,essa live é a versão Switch; não tem NPCs por falta de processamento
2:11:01,7861,dlemonster,DlEmonster,neutro,1.0,el pajaro loco
2:11:02,7862,ifoodbeneficios,ifoodbeneficios,neutro,1.0,TA VENDO COISAS
2:11:03,7863,eddie_campelo,eddie_campelo,neutro,1.0,Pode ser um avc
2:11:05,7865,thalessalbego,thalessalbego,neutro,1.0,Faz a live em japonês
2:11:06,7866,santorys,Santorys,neutro,1.0,habilita o dlss 5 aih
2:11:06,7866,andzilla,andzilla,neutro,1.0,Tu ta a cara do Punpun
2:11:07,7867,pedepanomttriste,PeDePanoMtTriste,neutro,1.0,Não xinga ele
2:11:08,7868,ronaldstar_,RonaldStar_,engraçado,1.0,@st0rmrid3r KKKKKKKKKK
2:11:09,7869,yuri_7887_,Yuri_7887_,neutro,1.0,BRAZILIAN MENCIONED
2:11:10,7870,esquadr0,esquadr0,neutro,1.0,brazilian sandwich
2:11:15,7875,gustavee07,gustavee07,neutro,1.0,ta ficando sego baka/
2:11:16,7876,lunoky,lunoky,neutro,1.0,Os japoneses estão sumindo
2:11:16,7876,artuurbr21,artuurbr21,engraçado,1.0,mapa nem renderiza mais
2:11:18,7878,lmprods776,lmprods776,engraçado,1.0,kkkkkkkkkkk
2:11:20,7880,nighttoff,NighttOff,neutro,1.0,Já ten que aumentar o grau dos óculos
2:11:21,7881,sawdzin,SawdZin,confuso,1.0,esse é o tal dlss 5?
2:11:28,7888,peterdcn,peterdcn,neutro,1.0,ali onde voce deu zoom
2:11:29,7889,pulchram12,pulchram12,neutro,1.0,allpac2Danc2
2:11:35,7895,nunuvascaino,nunuvascaino,neutro,1.0,ta parecendo o ceara
2:11:38,7898,jun_09t,jun_09t,neutro,1.0,pão com manteiga
2:11:38,7898,mongedeceramica,mongedeceramica,confuso,1.0,sanduiche de presunto? vai negar?
2:11:40,7900,solza_,Solza_,neutro,1.0,ali
2:11:40,7900,wesleykolomar_br,wesleykolomar_br,neutro,1.0,oia
2:11:41,7901,sadplant0,sadplant0,engraçado,1.0,frieren
2:11:41,7901,thalladruid,Thalladruid,confuso,1.0,Sanduiche de mulatas?
2:11:42,7902,palhaco7,palhaco7,neutro,1.0,Onde tu deu zoom ali
2:11:42,7902,kenshinzoka,kenshinzoka,neutro,1.0,Prazer Sandwich rs
2:11:43,7903,yuri_7887_,Yuri_7887_,neutro,1.0,ATRÁS DO MURO
2:11:44,7904,peterdcn,peterdcn,neutro,1.0,atras dessa placa do bond saloon
2:11:44,7904,ronaldstar_,RonaldStar_,engraçado,1.0,frieren ali
2:11:44,7904,ivctor,ivctor,neutro,1.0,a mina de vermelho desapareceu
2:11:47,7907,wesleykolomar_br,wesleykolomar_br,engraçado,0.5,friren?
2:11:47,7907,telmobr,TelmoBR,positivo,1.0,JUST STOP CRY
2:11:47,7907,artuurbr21,artuurbr21,engraçado,1.0,FRIEREN
2:11:55,7915,erickhsn,erickhsn,neutro,1.0,verde amarelo gigante
2:11:56,7916,st0rmrid3r,st0rmrid3r,neutro,1.0,feito com bisnaguinha 7boys
2:11:57,7917,dlemonster,DlEmonster,engraçado,1.0,frieren alert
2:11:59,7919,mwm93,Mwm93,confuso,1.0,Que horas vai ter Geoguesser?
2:11:59,7919,mallsii,Mallsii,neutro,1.0,Brazilian sandwich = pão com mortadela
2:12:00,7920,erickhsn,erickhsn,neutro,1.0,isso pq ta de oculos
2:12:00,7920,gabriedu22,gabriedu22,neutro,1.0,Brasil mencionado
2:12:01,7921,dudjinn,DuDjinn,neutro,1.0,ta em portugues = ta em ingles
2:12:01,7921,wesleykolomar_br,wesleykolomar_br,positivo,0.5,salve frieren
2:12:03,7923,yuri_7887_,Yuri_7887_,confuso,1.0,VAI MORAR AE DE NOVO?
2:12:03,7923,lunoky,lunoky,neutro,1.0,Tá chovendo igual no brasil
2:12:04,7924,gustavee07,gustavee07,neutro,1.0,brasa esteregs
2:12:04,7924,marcelodjff,MarceloDJFF,neutro,1.0,q susto
2:12:07,7927,ronaldstar_,RonaldStar_,neutro,1.0,BRASILIAN SANDWICH
2:12:09,7929,marryros098,marryros098,confuso,1.0,Que horas abrem as coisas ai??
2:12:11,7931,andzilla,andzilla,neutro,1.0,Portugues*
2:12:12,7932,abr_costa,abr_costa,confuso,0.667,Oq seria um lanche brasileiro?
2:12:12,7932,arelich,Arelich,neutro,1.0,oxe a mulher de vermelho desapareceu
2:12:12,7932,salamanderfps,salamanderfps,neutro,1.0,Baka ta parecendo o ian neves
2:12:13,7933,eddie_campelo,eddie_campelo,engraçado,1.0,Negócio verde e amarelo gigante kkk
2:12:16,7936,ddingo000,ddingo000,engraçado,1.0,Bonitão kkkk
2:12:16,7936,eutavabem,eutavabem,neutro,1.0,tá parecendo um velho
2:12:20,7940,zpoyo,zPoyo,engraçado,1.0,kkkkkkkkkkkkkkkkkkkkkkkkkkkk
2:12:21,7941,langosoficial,LangosOficial,engraçado,1.0,@Yuri_7887_ RESPONDE O CARA AI BAKA
2:12:23,7943,zetendevil,Zetendevil,neutro,1.0,Brazillian Predio
2:12:24,7944,beyond_desolation2,Beyond_Desolation2,engraçado,1.0,kkkkkkkkkk
2:12:24,7944,acairoxo,acairoxo,neutro,1.0,sanduiche do chaves
2:12:24,7944,palhaco7,palhaco7,positivo,1.0,Coisa boa
2:12:24,7944,abr_costa,abr_costa,neutro,1.0,Tem Guaraná já me ganho
2:12:25,7945,ronaldstar_,RonaldStar_,neutro,1.0,ala o guarana
2:12:25,7945,thalessalbego,thalessalbego,neutro,1.0,Sanduíche de petista
2:12:26,7946,jun_09t,jun_09t,neutro,1.0,sanduiche qualquer
2:12:26,7946,3mpty7,3mpty7,neutro,1.0,brazilian wax
2:12:27,7947,lipe_mp4,lipe_mp4,confuso,1.0,Brazilian sandwich AKA Pao com Mortadela?
2:12:27,7947,dlemonster,DlEmonster,neutro,1.0,pão com mortandela 🥀
2:12:28,7948,el_v1nny,el_v1nny,neutro,1.0,Sanduíche do Chaves
2:12:28,7948,themonalizard,themonalizard,neutro,1.0,"chega lá e fala ""EU sou o sanduíche"""
2:12:28,7948,langosoficial,LangosOficial,engraçado,1.0,Para de ignorar o mano Yuri ai
2:12:29,7949,palhaco7,palhaco7,neutro,1.0,Kishow
2:12:30,7950,eutavabem,eutavabem,positivo,1.0,que bom
2:12:30,7950,sadplant0,sadplant0,engraçado,1.0,vai demorar ainda pra abrir
2:12:31,7951,pedepanomttriste,PeDePanoMtTriste,positivo,1.0,Num sei se é bom
2:12:31,7951,noresolvenorecall,noresolvenorecall,positivo,0.5,baka ta desperdisano toda a chuva tem que usar o guarda chuva ao contrario tendeu valeu!!!
2:12:32,7952,lunoky,lunoky,neutro,1.0,amassa
2:12:33,7953,zkamykazez,zKAMYKAZEz,neutro,1.0,Compra um aee
2:12:33,7953,eutavabem,eutavabem,neutro,1.0,que legal
2:12:34,7954,zpoyo,zPoyo,neutro,1.0,o dono é BR
2:12:37,7957,salamanderfps,salamanderfps,neutro,1.0,Athleta
2:12:37,7957,kenshinzoka,kenshinzoka,neutro,1.0,Restaurante ultra nacionalista 🇧🇷🇧🇷🇧🇷
2:12:38,7958,palhaco7,palhaco7,neutro,1.0,Athela
2:12:38,7958,hazulol,hazulol,neutro,1.0,tu ta a cara dakele mano q faz chuver hamburguer
2:12:40,7960,thrillerzs,thrillerzs,neutro,1.0,Pão pulma com presunt9
2:12:40,7960,yuri_7887_,Yuri_7887_,neutro,1.0,@LangosOficial Ele me odeia
2:12:42,7962,cinza08,cinza08,neutro,1.0,foi pro japão comer pão com mortadela
2:12:45,7965,lipe_mp4,lipe_mp4,neutro,1.0,krai
2:12:46,7966,mongedeceramica,mongedeceramica,engraçado,1.0,"fake, to comendo pão com lagrimas aqui"
2:12:49,7969,avatard0crime,avatard0crime,confuso,1.0,Tá na liberdade?
2:12:51,7971,k4rrel,k4rrel,confuso,1.0,Baka quantos graus de cegueira?????
2:12:52,7972,ifoodbeneficios,ifoodbeneficios,neutro,1.0,"LIVE 100% I.A, SABIA"
2:12:54,7974,langosoficial,LangosOficial,engraçado,1.0,@Yuri_7887_ Nos... nos odeia
2:12:54,7974,zetendevil,Zetendevil,neutro,1.0,Restaurante do mito
2:12:54,7974,caiopinto120887,caiopinto120887,confuso,1.0,Oxi a mina é um cavalo
2:12:58,7978,themonalizard,themonalizard,engraçado,1.0,@cinza08 KKKKKKKKKKKKKKKKKKKKKKKK
2:13:00,7980,abr_costa,abr_costa,confuso,1.0,Será que tem o de mortaleda do Mercadão
2:13:03,7983,thalladruid,Thalladruid,neutro,1.0,pão com mortadela + guaraná 70 contoi
2:13:03,7983,ronaldstar_,RonaldStar_,engraçado,1.0,kkkkkkkkkk
2:13:05,7985,arelich,Arelich,neutro,1.0,pão dormido com mortadela
2:13:10,7990,el_v1nny,el_v1nny,neutro,1.0,@caiopinto120887 UmaMusume
2:13:11,7991,renattico,renattico,confuso,1.0,live de IA??
2:13:11,7991,salamanderfps,salamanderfps,neutro,1.0,Pao com semen
2:13:15,7995,rickzin75hz,rickzin75hz,confuso,1.0,Baka qual lugar de São luis do Maranhão se parece com tokyo?!
2:13:19,7999,bakalovee,bakalovee,engraçado,1.0,2020Rivalry
2:13:21,8001,putiferoo,putiferoo,neutro,1.0,Pão com sêmen
2:13:21,8001,yuri_7887_,Yuri_7887_,neutro,1.0,@LangosOficial tomara que ele volte e o japão proiba entrada em becos
2:13:22,8002,thalessalbego,thalessalbego,confuso,1.0,Tá no Acre baka?
2:13:23,8003,gallack000,Gallack000,neutro,1.0,mortaguela
2:13:24,8004,henrique_lzz,henrique_lzz,neutro,1.0,É na liberdade
2:13:26,8006,themonalizard,themonalizard,neutro,1.0,モータデラ
2:13:29,8009,eutavabem,eutavabem,neutro,1.0,live de lA
2:13:30,8010,ifoodbeneficios,ifoodbeneficios,neutro,1.0,E A LIVE I.A DO JONVLOGS RPZD
2:13:32,8012,salamanderfps,salamanderfps,engraçado,1.0,@rickzin75hz Lkkkkkkkk
2:13:36,8016,andzilla,andzilla,neutro,1.0,av indianopolis
2:13:38,8018,ivctor,ivctor,engraçado,1.0,aperta m ai pra  abrir o mapa
2:13:39,8019,pedepanomttriste,PeDePanoMtTriste,neutro,1.0,Sim Sim entendo
2:13:41,8021,caiopinto120887,caiopinto120887,engraçado,1.0,@el_v1nny fala português desgraça kkkk
2:13:43,8023,bakalovers,bakalovers,positivo,0.5,"Cheer1 sei que é chato perguntar, mas vc já melhorou da extra sífilis?"
2:13:44,8024,dlemonster,DlEmonster,neutro,1.0,to com fome esperando o diabo amassar o pão
2:13:45,8025,sushidobaire,sushidobaire,neutro,1.0,baka de volta as streets
2:13:48,8028,yuri_7887_,Yuri_7887_,neutro,1.0,Isso ae é em Fortaleza Ceara!
2:13:52,8032,langosoficial,LangosOficial,neutro,1.0,"Mano, nunca tinha sido roubado na vida... quando fui no Japão roubaram meu guarda-chuva transparente"
2:13:53,8033,hiimlukk,hiimlukk,confuso,1.0,Aqui em Recife tem algum lugar assim?
2:13:53,8033,bhcbmds_0,bhcbmds_0,engraçado,1.0,Na vdd é bem possível KKKKK
2:13:53,8033,iceraptron,iceraptron,neutro,1.0,ai o cara volta pro mesmo lugar sem querer
2:13:54,8034,st0rmrid3r,st0rmrid3r,engraçado,1.0,"rico, mais muito rico"
2:13:55,8035,langosoficial,LangosOficial,neutro,1.0,Papo reto
2:13:55,8035,renattico,renattico,neutro,1.0,ta parecendo Xique xique bahia
2:13:55,8035,daviddvvargas,daviddvvargas,confuso,1.0,Baka a esquerda do Japão é fofa?
2:13:58,8038,lipe_mp4,lipe_mp4,engraçado,1.0,kkkk pergunta e essa cara
2:14:04,8044,eddie_campelo,eddie_campelo,neutro,1.0,Av Santos Dumont
2:14:06,8046,gustavee07,gustavee07,engraçado,0.667,kkkkkk que isso
2:14:13,8053,dudjinn,DuDjinn,confuso,1.0,se quer amassar o diabo?
2:14:13,8053,kegann999,Kegann999,confuso,1.0,diabo ser amassado?
2:14:14,8054,lunoky,lunoky,neutro,1.0,Q horror
2:14:16,8056,el_v1nny,el_v1nny,engraçado,1.0,@caiopinto120887 O nome é literalmente esse kkkkk
2:14:17,8057,kenshinzoka,kenshinzoka,neutro,1.0,Amassa o pão e come o diabo
2:14:17,8057,salamanderfps,salamanderfps,confuso,1.0,Sabe ler as figura já baka?
2:14:19,8059,maruj00,maruj00,neutro,1.0,Baixa o volume dos carros baka tá muito alto
2:14:20,8060,zetendevil,Zetendevil,neutro,1.0,O animal voltou ao seu habitat de preservação de especie
2:14:25,8065,the_woc,The_Woc,confuso,1.0,@iceraptron Ta há 2 horas circulando no mesmo quarteirão achando que ta em lugar diferente
2:14:25,8065,putiferoo,putiferoo,neutro,1.0,Prefiro o diabo amassado
2:14:25,8065,gabriedu22,gabriedu22,confuso,1.0,DLLS 5 já chegou ai?
2:14:30,8070,nunes013,nunes013,neutro,1.0,@LangosOficial apareceu ele ali no mato largado
2:14:30,8070,kevin19376,kevin19376,neutro,1.0,Eu amassei o pão e comi o diabo
2:14:33,8073,yuri_7887_,Yuri_7887_,neutro,1.0,Tokyo  de dia perde o charme
2:14:34,8074,jun_09t,jun_09t,confuso,1.0,Eu querendo comer o diabo que o pão amassou
2:14:35,8075,solza_,Solza_,confuso,1.0,o jeito é comer o diabo que o pão massou
2:14:35,8075,brunoabdi,brunoabdi,confuso,1.0,albina ?
2:14:37,8077,ivctor,ivctor,neutro,1.0,comer o amassado e pão o diabo
2:14:38,8078,renattico,renattico,confuso,1.0,live de gta 6?
2:14:41,8081,pedepanomttriste,PeDePanoMtTriste,neutro,1.0,Amassa meu pão diabo
2:14:43,8083,andzilla,andzilla,engraçado,1.0,pergunta a hora pra loirinha
2:14:44,8084,thalessalbego,thalessalbego,positivo,1.0,Passou uma gostoza ali
2:14:44,8084,marcao0_0,marcao0_0,confuso,1.0,Ta com dlss 5 na live?
2:14:44,8084,debbyznha,debbyznha,neutro,1.0,ele andando em círculos sem perceber
2:14:45,8085,nzcalves,nzcalves,neutro,1.0,Para de teleportar pelo mapa baka
2:14:53,8093,picolino0418,picolino0418,neutro,1.0,sobe no shopping
2:14:53,8093,sushidobaire,sushidobaire,neutro,1.0,vai no starbucks desse prédio da tokyu
2:14:54,8094,kaiman16,kaiman16,neutro,1.0,muita gente se fodendo pra ele amassar o pao.
2:15:01,8101,dimmyking,dimmyking,engraçado,1.0,dimmyking subscribed with Prime.
2:15:03,8103,sushidobaire,sushidobaire,neutro,1.0,é no terraço
2:15:03,8103,marcosssantoro,MarcossSantoro,neutro,1.0,"é raro, mas acontece"
2:15:03,8103,nighttoff,NighttOff,neutro,1.0,Perdeu as manha
2:15:05,8105,pulchram12,pulchram12,neutro,1.0,@sushidobaire Vc aqui
2:15:06,8106,salamanderfps,salamanderfps,neutro,1.0,Entrou no setealem japonês
2:15:06,8106,zkamykazez,zKAMYKAZEz,neutro,1.0,Você caiu em um Genjusto
2:15:07,8107,brunnothelira,brunnothelira,neutro,1.0,ta a 12FPS
2:15:08,8108,pedro_polegar,pedro_polegar,neutro,1.0,Chegou na paulista
2:15:08,8108,eddie_campelo,eddie_campelo,neutro,1.0,Negociar umas almas é trabalhoso também
2:15:14,8114,lrenatoo,lrenatoo,engraçado,1.0,tá grisalho
2:15:16,8116,yuri_7887_,Yuri_7887_,neutro,1.0,ele caminhando assim na rua me lembra da sensação de caminhar até alguma clinica sabado de manha em uma cidade vizinha para fazer um exame médico
2:15:17,8117,kenshinzoka,kenshinzoka,neutro,1.0,Cuidado com o caminhão do isekai braka
2:15:19,8119,brunnothelira,brunnothelira,neutro,1.0,5 FPS
2:15:23,8123,bakalovers,bakalovers,positivo,1.0,Cheer1 eu só como o Diabo mesmo o pão ignoro pq sou alérgico
2:15:24,8124,pedepanomttriste,PeDePanoMtTriste,neutro,1.0,Pensa num caba de direita
2:15:25,8125,zkamykazez,zKAMYKAZEz,neutro,1.0,Você caiu em um Genjutso
2:15:27,8127,sushidobaire,sushidobaire,neutro,1.0,@pulchram12 sushid17Boreldance
2:15:28,8128,salamanderfps,salamanderfps,neutro,1.0,Se é de açúcar fi
2:15:28,8128,messssiwka,MesssSiwka,neutro,1.0,vire a esquerda no Solomun então
2:15:28,8128,karmaki_,karmaki_,confuso,1.0,"sao paulo ta diferente, eh pq da chuva ?"
2:15:31,8131,kaiman16,kaiman16,neutro,1.0,segura a camera com o pau
2:15:31,8131,renattico,renattico,confuso,1.0,se perdendo em Araguaiana
2:15:33,8133,abr_costa,abr_costa,neutro,1.0,Pega uma capa
2:15:36,8136,pulchram12,pulchram12,neutro,1.0,@sushidobaire sushid17Boreldance
2:15:42,8142,pedro_polegar,pedro_polegar,confuso,1.0,Derrubaram o MASP?
2:15:48,8148,ronaldstar_,RonaldStar_,neutro,1.0,xerecada
2:15:50,8150,evilgelico,evilgelico,neutro,1.0,desliga a chuva nas configs
2:15:52,8152,duskzinowo,duskzinowo,neutro,1.0,da uma xerecada
2:15:53,8153,yuri_7887_,Yuri_7887_,neutro,1.0,"Xereque, permitido!"
2:15:56,8156,debbyznha,debbyznha,neutro,1.0,leva a gente em algum lugar coberto pra vc descansar
2:16:02,8162,terror300,Terror300,neutro,1.0,"ja fui ai, rua galvao bueno, tem um maid cafe vai nele"
2:16:04,8164,thalessalbego,thalessalbego,engraçado,1.0,thalessalbego subscribed with Prime. They've subscribed for 5 months! Trás um presente para mim
2:16:07,8167,salamanderfps,salamanderfps,neutro,1.0,Japão de dia tem nada aberto
2:16:16,8176,artuurbr21,artuurbr21,engraçado,1.0,"isso é tela verde,ate q se prova o contrario!!!!!!"
2:16:17,8177,eutavabem,eutavabem,neutro,1.0,leva a gente pra sua cama baka
2:16:19,8179,renattico,renattico,neutro,1.0,ninguem trabalha no japao
2:16:20,8180,esquadr0,esquadr0,neutro,1.0,a calçada é asfalto tb
2:16:22,8182,yuri_7887_,Yuri_7887_,neutro,1.0,"o mano andou em circulos, olha a samsunge ali de novo!"
2:16:24,8184,beyond_desolation2,Beyond_Desolation2,engraçado,1.0,kkkkkkkkkkkk
2:16:24,8184,daviizica,DaviiZica,neutro,1.0,quero ir pro japão tbm NotLikeThis
2:16:27,8187,ivctor,ivctor,neutro,1.0,graças a deus
2:16:35,8195,salamanderfps,salamanderfps,neutro,1.0,Amém
2:16:35,8195,kthyosu,kthyosu,confuso,1.0,espero que tropece
2:16:35,8195,lanko_1,Lanko_1,positivo,1.0,"até que enfim silencio, vamos"
2:16:35,8195,pulchram12,pulchram12,neutro,1.0,BigSad
2:16:35,8195,ben_g4dura,ben_g4dura,engraçado,1.0,gloria
2:16:35,8195,ronaldstar_,RonaldStar_,neutro,1.0,ainda bem
2:16:36,8196,kenshinzoka,kenshinzoka,neutro,1.0,Finalmente
2:16:38,8198,acairoxo,acairoxo,neutro,1.0,amém
2:16:39,8199,kaiman16,kaiman16,confuso,1.0,então é agora qeu começa a live ?
2:16:41,8201,ronaldstar_,RonaldStar_,neutro,1.0,nao aguentava mais ouvir vc
2:16:41,8201,m4nnuz1,m4nnuz1,engraçado,1.0,Kappa
2:16:42,8202,gaznnar,Gaznnar,neutro,1.0,liberdade tá diferente
2:16:42,8202,kevin19376,kevin19376,neutro,1.0,Como se ele conseguisse fica em silêncio
2:16:42,8202,brunnothelira,brunnothelira,neutro,1.0,Nessa rua ai corre muito Xupaku!
2:16:42,8202,marryros098,marryros098,positivo,1.0,Só olhar a caminhada ta bom
2:16:42,8202,marcosssantoro,MarcossSantoro,neutro,1.0,calçada de asfalto..
2:16:43,8203,maruj00,maruj00,neutro,1.0,Agora sim
2:16:46,8206,maikon7501,maikon7501,neutro,1.0,@sushidobaire está na live
2:16:50,8210,kenshinzoka,kenshinzoka,neutro,1.0,Porra
2:16:50,8210,pedro_polegar,pedro_polegar,neutro,1.0,Calado é poeta
2:16:51,8211,bakalovers,bakalovers,positivo,1.0,Cheer1 ele não se aguenta
2:16:52,8212,lipe_mp4,lipe_mp4,confuso,1.0,Como um lugar tao limpo desse pode exister no mesmo planeta que belford roxo?
2:16:53,8213,thalessalbego,thalessalbego,neutro,1.0,Parece esses vídeos de lofi
2:16:53,8213,igh0r5,Igh0r5,confuso,1.0,ja ta podendo goza ou ta cedo ainda?
2:16:54,8214,ryzeab,RyZeab,neutro,1.0,cade tu kickando
2:16:56,8216,phanthasmha,phanthasmha,positivo,1.0,A liva ta tão boa
2:16:57,8217,eddie_campelo,eddie_campelo,neutro,1.0,Já tava no mute aqui
2:16:57,8217,iceraptron,iceraptron,positivo,1.0,puxa um papo cabeça e vamo fingir que é video
2:16:59,8219,dlemonster,DlEmonster,engraçado,1.0,!lolja
2:17:01,8221,bagreeeeeeeee,BAGREeeeeeeee,neutro,1.0,Tava bem
2:17:02,8222,mongedeceramica,mongedeceramica,engraçado,1.0,@lipe_mp4 kkkkkkkkkkkk
2:17:03,8223,nxsszx,nxsszx,neutro,1.0,sim
2:17:04,8224,salamanderfps,salamanderfps,neutro,1.0,Entra em algum prédio ou bobeira
2:17:05,8225,lucas_camargus,Lucas_Camargus,neutro,1.0,fork
2:17:06,8226,trolonos,trolonos,neutro,1.0,yes
2:17:09,8229,auralesspagliacci,AuralessPagliacci,neutro,1.0,bifurcazione
2:17:09,8229,yuri_7887_,Yuri_7887_,neutro,1.0,o mano fica atrapalhando nosso role play de tokyo com um manco carregando a camera
2:17:11,8231,beyond_desolation2,Beyond_Desolation2,neutro,1.0,Fala sobre o Abel no Palmeiras
2:17:12,8232,eddie_campelo,eddie_campelo,confuso,1.0,Ninguém merece ficar te ouvindo
2:17:15,8235,king2mc,king2mc,confuso,1.0,essa é a live do VR Chat?
2:17:15,8235,graphs1x,graphs1x,neutro,1.0,quando vao fazer uma ia para resumir live
2:17:16,8236,noiiiii445,noiiiii445,positivo,1.0,to co opiru meiabomba aqui gente boa noite a todos
2:17:17,8237,mun1zvictor,Mun1zVictor,neutro,1.0,Dá uma filosofada aí
2:17:17,8237,hiimlukk,hiimlukk,neutro,1.0,Já pode virar aeromoço
2:17:18,8238,putiferoo,putiferoo,neutro,1.0,Fecha a boca doido já não basta o bafo de sêmen
2:17:18,8238,heyman91939,heyman91939,engraçado,1.0,"Você gosta de negar-se a si mesmo com o seu ""zoeira"""
2:17:19,8239,telmobr,TelmoBR,positivo,1.0,JUST STOP YOU CRY
2:17:19,8239,brunoabdi,brunoabdi,engraçado,1.0,se fosse eu verificava os sinais vitais
2:17:23,8243,marcosssantoro,MarcossSantoro,engraçado,1.0,@Yuri_7887_ kkkk
2:17:23,8243,noiiiii445,noiiiii445,neutro,1.0,menos pro baka que la é dia
2:17:23,8243,kthyosu,kthyosu,neutro,1.0,barulheira da porra
2:17:24,8244,terror300,Terror300,neutro,1.0,agora fala tudo isso em arabe
2:17:25,8245,pulchram12,pulchram12,neutro,1.0,Vira ali ó 👆👆⬅️⬅️⬅️➡️➡️
2:17:26,8246,renattico,renattico,neutro,1.0,yamette kudasai
2:17:31,8251,ssuny_13,ssuny_13,confuso,1.0,Qual parte de SP é essa ?
2:17:32,8252,bakalovers,bakalovers,positivo,1.0,Cheer1 tá perdidinha ela
2:17:33,8253,salamanderfps,salamanderfps,neutro,1.0,Nao tem google maps no japao
2:17:34,8254,venturinnii,venturinnii,confuso,1.0,Qual a sidequest de hoje??
2:17:35,8255,eutavabem,eutavabem,neutro,1.0,VIRA ALI
2:17:36,8256,daviizica,DaviiZica,engraçado,1.0,visita o ricardo ohara
2:17:38,8258,eutavabem,eutavabem,neutro,1.0,ALI ALI
2:17:39,8259,lolls2,lolls2,neutro,1.0,me entretém ai baka
2:17:40,8260,ayase_taki,ayase_taki,positivo,1.0,bakagaPikasafado
2:17:43,8263,kenshinzoka,kenshinzoka,confuso,1.0,Será que existe um lugar aqui em Fortaleza com a mesma vibe do Japão
2:17:45,8265,nighttoff,NighttOff,neutro,1.0,bakagaPiu bakagaPiu bakagaPiu
2:17:46,8266,pulchram12,pulchram12,neutro,1.0,Ali ó
2:17:48,8268,clow_gg,clow_gg,confuso,1.0,"baka, compra um nintendo 3ds LL pra mim? te pago aqui"
2:17:48,8268,wesleykolomar_br,wesleykolomar_br,confuso,1.0,qual a sua Opinião Sobre o Kimi Antonelli liderar a Formula 1?
2:17:50,8270,salamanderfps,salamanderfps,neutro,1.0,Pede informações pra idosa ali
2:17:53,8273,erickhsn,erickhsn,neutro,1.0,nem deu 3h ainda
2:17:55,8275,eddie_campelo,eddie_campelo,neutro,1.0,A Paulista fica a 3 ruas dai
2:17:55,8275,lunoky,lunoky,neutro,1.0,vai puxar o cabo
2:17:56,8276,todyyn69,todyyn69,confuso,1.0,Ja mostrou sapecagens nos becos baka?
2:17:57,8277,eutavabem,eutavabem,neutro,1.0,ali baka
2:17:59,8279,karmaki_,karmaki_,confuso,1.0,tu ta em diadema ?
2:18:01,8281,sushidobaire,sushidobaire,confuso,1.0,@pulchram12 pra onde q ele tá tentando ir?
2:18:10,8290,samueluberaba,SamuelUberaba,confuso,1.0,2h so de live? voltou nutela mesmo ein baka
2:18:12,8292,pedro_polegar,pedro_polegar,neutro,1.0,O cara ta indo pra Santa Clara do Ibitipoca
2:18:13,8293,pulchram12,pulchram12,neutro,1.0,@sushidobaire Parque yoyogi
2:18:13,8293,noiiiii445,noiiiii445,frustrado,1.0,uma merda unica tho
2:18:14,8294,telmobr,TelmoBR,confuso,1.0,TA CALOR AI?
2:18:14,8294,mongedeceramica,mongedeceramica,engraçado,1.0,djbill3Timmaiarindo80 djbill3Timmaiarindo80
2:18:15,8295,renattico,renattico,neutro,1.0,oculos de ia
2:18:16,8296,pagung027,pagung027,engraçado,1.0,ta cheio de poros no nariz
2:18:17,8297,coolmelado,coolmelado,neutro,1.0,Ta ok Baka🥰🥰🥰
2:18:19,8299,ayase_taki,ayase_taki,positivo,1.0,bakagaPikasafado  bakabakabaka-chan
2:18:19,8299,salamanderfps,salamanderfps,neutro,1.0,"Tá branco, snvelheceu em são Paulo"
2:18:22,8302,maruj00,maruj00,neutro,1.0,Spoiler😔😔
2:18:25,8305,asrielobr,asrielobr,neutro,1.0,caraca e esses belos labios...
2:18:26,8306,putiferoo,putiferoo,neutro,1.0,Pelomenos 8h de live hj
2:18:27,8307,arki_core1,arki_core1,neutro,1.0,Da 2 horas de live da um desespero no baka pra terminar
2:18:28,8308,venturinnii,venturinnii,neutro,1.0,Dá um mortal aí Bakerson
2:18:34,8314,wesleykolomar_br,wesleykolomar_br,neutro,1.0,comida de anime de romance
2:18:34,8314,filipi_21,Filipi_21,neutro,1.0,crap
2:18:35,8315,lipe_mp4,lipe_mp4,neutro,1.0,mostra porra
2:18:36,8316,noiiiii445,noiiiii445,neutro,1.0,come essas porra tudo ai morre imediatamente de diabetes covarde
2:18:37,8317,eutavabem,eutavabem,confuso,1.0,envelheceu quantos anos em são paulo?
2:18:38,8318,telmobr,TelmoBR,confuso,1.0,TA CALOR AI? ͏
2:18:42,8322,sushidobaire,sushidobaire,confuso,1.0,"@pulchram12 vish, tá meio longe n?"
2:18:42,8322,dlemonster,DlEmonster,neutro,1.0,gravado no oculos meta
2:18:46,8326,pulchram12,pulchram12,neutro,1.0,Só virar ali ⬅️⬅️
2:18:48,8328,el_v1nny,el_v1nny,neutro,1.0,Inclusive de Bakas
2:18:53,8333,terror300,Terror300,engraçado,0.5,vai estar cheio de carioca?
2:18:53,8333,salamanderfps,salamanderfps,frustrado,1.0,O chat ga abarrotado de filho da puta tb
2:18:54,8334,pulchram12,pulchram12,engraçado,1.0,@sushidobaire Sei lá kkkkkkk
2:18:54,8334,passarobllue,passarobllue,neutro,1.0,Eita que caminhada dessa japinha
2:18:54,8334,nighttoff,NighttOff,confuso,1.0,By Radiohead ou Stone Temple Pilots?
2:18:57,8337,mongedeceramica,mongedeceramica,neutro,1.0,crepe tudo veio
2:18:58,8338,x_twitch_merda_x,x_twitch_merda_x,neutro,1.0,Voltou pra Japão
2:19:05,8345,themonalizard,themonalizard,frustrado,1.0,"esse foi um dos ""filhos da puta"" mais belamente pronunciados que já ouvi"
2:19:10,8350,eutavabem,eutavabem,confuso,1.0,ai tem japonês?
2:19:11,8351,noiiiii445,noiiiii445,neutro,1.0,cai no bueiro ai baka
2:19:11,8351,derass_jj,Derass_JJ,neutro,1.0,Lugar em Fotaleza parecido com Jp eh Pirambu
2:19:11,8351,igh0r5,Igh0r5,neutro,1.0,achou a Graça do japão
2:19:11,8351,heyman91939,heyman91939,engraçado,1.0,kkkkk
2:19:13,8353,yuri_7887_,Yuri_7887_,neutro,1.0,Vai embora do Japão agora!
2:19:17,8357,noiiiii445,noiiiii445,neutro,1.0,quem curte beco curte bueiro
2:19:18,8358,coolmelado,coolmelado,neutro,1.0,"Pessoal! Agora da pra ver a live em 2x, ve nas opções ai"
2:19:20,8360,renattico,renattico,neutro,1.0,e o karaoke
2:19:20,8360,tristesatanexe,TristeSatanExe,engraçado,1.0,Brinca Que O Tempo Passa Fdp
2:19:20,8360,ivctor,ivctor,neutro,1.0,bonitinha essa ai na tua frente bala joga o charme
2:19:23,8363,ben_g4dura,ben_g4dura,neutro,1.0,ta aparecendo muita coisa em pt br nessa live. o mlk n tá no japs
2:19:24,8364,yuri_7887_,Yuri_7887_,neutro,1.0,SAI
2:19:25,8365,morttusdornitska,morttusdornitska,neutro,1.0,@nighttoff agora vc canetou
2:19:25,8365,esquadr0,esquadr0,engraçado,0.5,vc entra no japão como turista ou tem visto?
2:19:25,8365,yuri_7887_,Yuri_7887_,neutro,1.0,VAZA
2:19:30,8370,alexandre1782,Alexandre1782,confuso,1.0,ele voltou pro jp pra morar?
2:19:31,8371,lunoky,lunoky,neutro,1.0,An QI
2:19:32,8372,dougnck,dougnck,confuso,1.0,@BakaGaijinLive removeu a tinta amarela q  ajuda vc chegar no seu objetivo?
2:19:33,8373,venturinnii,venturinnii,confuso,1.0,Pessoal comum gosta de futebol por aí?
2:19:34,8374,vicentini0009,vicentini0009,confuso,1.0,Voltou para morar?
2:19:35,8375,pulchram12,pulchram12,neutro,1.0,CaitThinking
2:19:39,8379,arki_core1,arki_core1,neutro,1.0,🌈
2:19:40,8380,salamanderfps,salamanderfps,engraçado,1.0,Faz carinho nele
2:19:41,8381,renattico,renattico,neutro,1.0,allan poe
2:19:42,8382,pedro_polegar,pedro_polegar,neutro,1.0,PIPOCA
2:19:42,8382,dlemonster,DlEmonster,neutro,1.0,caiu no genjutsu
2:19:43,8383,kenshinzoka,kenshinzoka,neutro,1.0,É Yakuza disfarçado baka
2:19:44,8384,brucutuu,BrucuTUU,neutro,1.0,ta comendo coco
2:19:45,8385,yuri_7887_,Yuri_7887_,neutro,1.0,@esquadr0 coiote
2:19:46,8386,heyman91939,heyman91939,neutro,1.0,Ele é que tá te seguindo
2:19:47,8387,kthyosu,kthyosu,neutro,1.0,bico grande da desgraca
2:19:51,8391,akamee_owo,akamee_owo,confuso,1.0,25 de março é aí perto?
2:19:53,8393,thalessalbego,thalessalbego,confuso,1.0,Ele tem cu?
2:19:53,8393,pulchram12,pulchram12,neutro,1.0,W corvo
2:19:53,8393,sngabs,sngabs,neutro,1.0,e os beco baka
2:19:55,8395,duh_dudu_edu,duh_dudu_edu,neutro,1.0,alerta de fofura
2:19:56,8396,renattico,renattico,neutro,1.0,nevermore
2:19:56,8396,aeris__77,aeris__77,neutro,1.0,israel mentioned
2:19:56,8396,tarsothexx,tarsothexx,engraçado,0.6,Mano o que o Baka ta fazendo no Japão ? achei que ele não voltaria tão rápido kkkk
2:19:57,8397,derass_jj,Derass_JJ,frustrado,0.5,"Não tankou o Brasil, bakinha?"
2:20:00,8400,coolmelado,coolmelado,neutro,1.0,Que passaro fdput
2:20:01,8401,esquadr0,esquadr0,engraçado,1.0,@Yuri_7887_ kkkkkkkkkkkkkkkkkkk
2:20:02,8402,kenshiro88888,kenshiro88888,neutro,1.0,ragnar lothbrok
2:20:02,8402,themonalizard,themonalizard,neutro,1.0,come meus ovo
2:20:03,8403,noiiiii445,noiiiii445,positivo,1.0,deve ser gostoso
2:20:04,8404,salamanderfps,salamanderfps,neutro,1.0,Ta comendo papel
2:20:05,8405,wesleykolomar_br,wesleykolomar_br,neutro,1.0,caimo no mangekyo
2:20:07,8407,marryros098,marryros098,neutro,1.0,Se tu seguir ele vai gravar a tua cara e te seguir
2:20:07,8407,artuurbr21,artuurbr21,confuso,1.0,o zoio?
2:20:08,8408,lipe_mp4,lipe_mp4,confuso,1.0,e aquela estrela ali?
2:20:08,8408,ben_g4dura,ben_g4dura,neutro,1.0,faz o teste
2:20:08,8408,venturinnii,venturinnii,neutro,1.0,Tá na rua Telavive
2:20:09,8409,yuri_7887_,Yuri_7887_,engraçado,0.5,Corvo do governo que segue gays Latino americanos
2:20:12,8412,pedro_polegar,pedro_polegar,neutro,1.0,Pica pau e zeca urububse encontraram
2:20:13,8413,lunoky,lunoky,engraçado,1.0,Kkkkkk
2:20:15,8415,jun_09t,jun_09t,neutro,1.0,corvo do itachi
2:20:15,8415,asuresd,AsureSD,neutro,1.0,enviandomentiras
2:20:16,8416,noiiiii445,noiiiii445,engraçado,1.0,kkkkkkkkkkkk
2:20:18,8418,kegann999,Kegann999,neutro,1.0,pior q é true sou biologo
2:20:20,8420,coolmelado,coolmelado,neutro,1.0,Infelizmente morre no sexo
2:20:20,8420,dlemonster,DlEmonster,neutro,1.0,"cafe, crepe co,. ltd."
2:20:21,8421,noiiiii445,noiiiii445,neutro,1.0,pcd da porra comendo papel
2:20:23,8423,eutavabem,eutavabem,neutro,1.0,cade o itachi
2:20:23,8423,derass_jj,Derass_JJ,confuso,1.0,Então ele devia começar pela tua piroquinha
2:20:27,8427,arki_core1,arki_core1,neutro,1.0,Tá comendo Pepel e quer que o caba fica gordo kk
2:20:27,8427,pontoporiablainvillei,pontoporiablainvillei,positivo,1.0,e ai gostoso
2:20:28,8428,jaooveed,jaooveed,neutro,1.0,Com uma manteiguinha 😋
2:20:29,8429,sushidobaire,sushidobaire,engraçado,1.0,@pulchram12 n ironicamente era só ele ter seguido reto naquele prédio q tem o starbogas com terraço kkk
2:20:30,8430,alandavl,alandavl,neutro,1.0,ele comia na tua casa tu foi embora ele ta magro
2:20:31,8431,mongedeceramica,mongedeceramica,engraçado,1.0,high five tattoo kkkkk wtf
2:20:33,8433,diagon_haisser,diagon_haisser,neutro,1.0,Espalhador de fake news profissional.
2:20:34,8434,crashorro,Crashorro,neutro,1.0,ta em TelAviv porra
2:20:36,8436,suprem696969,suprem696969,confuso,1.0,é rerun?
2:20:40,8440,darcknesworld,darcknesworld,neutro,1.0,ninja
2:20:40,8440,dlemonster,DlEmonster,neutro,1.0,!fake news
2:20:44,8444,noiiiii445,noiiiii445,neutro,1.0,corvo gosta é de pipoca todos sabem
2:20:52,8452,debbyznha,debbyznha,neutro,1.0,!followage
2:20:53,8453,el_v1nny,el_v1nny,neutro,1.0,Um Volvo antigassso
2:20:53,8453,pulchram12,pulchram12,neutro,1.0,@sushidobaire cola lá pra ajudar sushid17Hihi sushid17Hihi
2:20:53,8453,renattico,renattico,neutro,1.0,parece campinas
2:20:54,8454,hiimlukk,hiimlukk,engraçado,1.0,Sou biologo e posso dizer com certeza que esse animal está em completo desespero e perigo
2:20:55,8455,kegann999,Kegann999,neutro,1.0,meu compromisso é com a mentira!
2:20:55,8455,natanzinb27,natanzinb27,confuso,1.0,Essa é a tal da live gravada ?
2:20:56,8456,asrielobr,asrielobr,confuso,1.0,chevette com escada no jp?
2:20:56,8456,kenshinzoka,kenshinzoka,neutro,1.0,!onlyfans
2:21:00,8460,rrodrigossx,rrodrigossx,confuso,1.0,Rerum de 2017?
2:21:00,8460,salamanderfps,salamanderfps,neutro,1.0,Esqueceram o vidro do monza aberto F
2:21:02,8462,arki_core1,arki_core1,neutro,1.0,Oxxo
2:21:05,8465,pagung027,pagung027,neutro,1.0,ja vi essa live ano retrasado.. coisa feia
2:21:06,8466,dlemonster,DlEmonster,engraçado,1.0,!lolja
2:21:09,8469,yuri_7887_,Yuri_7887_,engraçado,0.5,Volvo véio no Japão! desbloqueo um troféu lendário
2:21:11,8471,noiiiii445,noiiiii445,neutro,1.0,live em tel aviv
2:21:17,8477,venturinnii,venturinnii,confuso,1.0,Dá tempo de voltar ao que nós somos?
2:21:19,8479,neekotinakkj,neekotinakkj,neutro,1.0,pÓça
2:21:21,8481,guilhermee__02,guilhermee__02,neutro,1.0,Pra limpar o tênis
2:21:22,8482,bhcbmds_0,bhcbmds_0,neutro,1.0,Compra um lanche no Oxxo
2:21:22,8482,alandavl,alandavl,neutro,1.0,live gravada
2:21:23,8483,pedro_polegar,pedro_polegar,neutro,1.0,Um espaço enormo e o cara passa em cima da poça
2:21:26,8486,esquadr0,esquadr0,neutro,1.0,"compra um dessas capas de chuva, ai n precisa levar guarda chuva"
2:21:27,8487,eutavabem,eutavabem,neutro,1.0,e essa live gravada ai
2:21:31,8491,neekotinakkj,neekotinakkj,neutro,1.0,esse pÓça me pega mt
2:21:33,8493,pulchram12,pulchram12,confuso,1.0,Alguém manda o drone do Augusto Cury pra ajudar a localização do baka
2:21:33,8493,tarsothexx,tarsothexx,confuso,1.0,VOLTOU DE VEZ PRO JAPÃO ????
2:21:37,8497,ivctor,ivctor,neutro,1.0,japones andando farmando aura com a  mao no bolso ali
2:21:38,8498,giovani2111,giovani2111,confuso,1.0,Voltou pro Japão por causa do trabalho ou tá só de passeio?
2:21:38,8498,themonalizard,themonalizard,neutro,1.0,na moral que vizinhança feia
2:21:39,8499,borgysain,BorgySain,neutro,1.0,W\
2:21:41,8501,yuri_7887_,Yuri_7887_,neutro,1.0,"VC N LE AS COISAS, IDOSO GORDO!"
2:21:45,8505,noiiiii445,noiiiii445,neutro,1.0,ta deserto demais essa porra ai
2:21:45,8505,emanuel_d23,Emanuel_D23,neutro,1.0,!TIME
2:21:46,8506,sushidobaire,sushidobaire,neutro,1.0,"@pulchram12 vou pegar aqui o comboio tokyo partindo de hokkaido, peraí sushid17Amigo"
2:21:46,8506,pedro_polegar,pedro_polegar,neutro,1.0,Lavagem de dinheiro pura essa porra
2:21:52,8512,kawalyansky,kawalyansky,confuso,1.0,voltou pro Japão memo ou tá a passeio? (não acompanho muito)
2:21:53,8513,arnaldo2234,arnaldo2234,confuso,1.0,Vai ate o punhetaço hj ???
2:21:54,8514,venturinnii,venturinnii,confuso,1.0,O que é Oxxo?
2:21:56,8516,kaiman16,kaiman16,confuso,1.0,Osaka parece com alguma cidade do BR ?
2:22:00,8520,kthyosu,kthyosu,neutro,1.0,é uma desgraca
2:22:00,8520,lipe_mp4,lipe_mp4,positivo,1.0,eu amo o Oxxo
2:22:02,8522,eutavabem,eutavabem,neutro,1.0,os carro tudo quadrado
2:22:02,8522,salamanderfps,salamanderfps,neutro,1.0,Nunca fui tbm
2:22:02,8522,brunoabdi,brunoabdi,neutro,1.0,To vendendo plano funeral Baka
2:22:03,8523,micueimauser,MicueiMauser,positivo,0.5,coxinha la é muito boa
2:22:06,8526,k4rrel,k4rrel,confuso,1.0,esse óculos serve pra guê?????? também sou míope
2:22:06,8526,arki_core1,arki_core1,neutro,1.0,Van calva
2:22:06,8526,dlemonster,DlEmonster,neutro,1.0,crepe ta na moda agora no japiu
2:22:06,8526,alexom_303,alexom_303,positivo,1.0,"live boa, pena que é rerun"
2:22:09,8529,yuri_7887_,Yuri_7887_,neutro,1.0,@kawalyansky ELE N RESPONDE
2:22:13,8533,pulchram12,pulchram12,positivo,1.0,@sushidobaire vai avisando vovó 😭🙏
2:22:14,8534,coolmelado,coolmelado,confuso,0.667,Baka! Conferiu se as boca do fogão tavam fechadas no seu Ap aqui em Sp??
2:22:15,8535,telmobr,TelmoBR,engraçado,1.0,GRITA OPA AI
2:22:15,8535,alyssongod7,alyssongod7,neutro,1.0,live ate q horas baka
2:22:18,8538,kenshinzoka,kenshinzoka,neutro,1.0,Baka voltou a morar no Japão galera 100% confirmado
2:22:18,8538,derass_jj,Derass_JJ,confuso,1.0,"Pq voltou, baka?"
2:22:21,8541,natanzinb27,natanzinb27,neutro,1.0,Baka voltou pro Japão pq sonegou imposto no Brasil
2:22:21,8541,yuri_7887_,Yuri_7887_,neutro,1.0,mal o caps
2:22:21,8541,eutavabem,eutavabem,neutro,1.0,rerun de 2 anos atrás
2:22:28,8548,marryros098,marryros098,neutro,1.0,Guarda chuva é literalmente vagabundo pra você comprar mais isso é capitalismo
2:22:28,8548,mongedeceramica,mongedeceramica,neutro,1.0,só vã de sequestro na rua ctdd
2:22:29,8549,kise_ryota__,Kise_Ryota__,negativo,1.0,quanto lixo no chão
2:22:31,8551,filipeuem,filipeuem,neutro,1.0,sdds q tava de um japao
2:22:34,8554,yuri_7887_,Yuri_7887_,neutro,1.0,tudo ingual ai
2:22:35,8555,andreyyyy_,andreyyyy_,confuso,1.0,vai voltar a morar no japão?
2:22:36,8556,bhcbmds_0,bhcbmds_0,neutro,1.0,"É uma loja de conveniências em SP. Tem uma em cada esquina, literalmente"
2:22:36,8556,acairoxo,acairoxo,neutro,1.0,live emprenhada
2:22:38,8558,charly_mint,Charly_mint,confuso,1.0,rerun?
2:22:38,8558,lunoky,lunoky,neutro,1.0,vdd
2:22:39,8559,eutavabem,eutavabem,neutro,1.0,reflexo do streamer né
2:22:39,8559,salamanderfps,salamanderfps,neutro,1.0,O chat é o espelho do streamer
2:22:40,8560,venturinnii,venturinnii,confuso,1.0,"Baka, o quê é Oxxo?"
2:22:40,8560,schneid3n,schneid3n,positivo,1.0,"Rerun boa, pena que é live"
2:22:42,8562,dlemonster,DlEmonster,neutro,1.0,preso num ciclo de loja de crepe
2:22:43,8563,coolmelado,coolmelado,positivo,1.0,Faz melhor bonzão
2:22:45,8565,lipe_mp4,lipe_mp4,neutro,1.0,minha loja ali
2:22:45,8565,largartixa_columbia,largartixa_columbia,engraçado,1.0,piadas sobre pussys e dicks
2:22:45,8565,akamee_owo,akamee_owo,neutro,1.0,internet é um loop
2:22:46,8566,mwm93,Mwm93,confuso,1.0,Vai ter react do careca hoje?
2:22:46,8566,eusouguizo,EuSouGuizo,confuso,1.0,ta só a passeio ai no japao baka?
2:22:47,8567,thmnp,thmnp,neutro,1.0,no fim do dia a vida é isso
2:22:47,8567,arki_core1,arki_core1,neutro,1.0,E porque vc só le essas
2:22:48,8568,pedro_polegar,pedro_polegar,neutro,1.0,Só tem doido aqui
2:22:49,8569,heyman91939,heyman91939,positivo,0.5,É por isso que estamos aqui
2:22:50,8570,ratoacucar,ratoacucar,neutro,1.0,kawalyansky é estadia
2:22:51,8571,rodriigogms,rodriigogms,positivo,1.0,live boa pena que é IA
2:22:51,8571,pulchram12,pulchram12,neutro,1.0,pena que é rerun
2:22:53,8573,pontoporiablainvillei,pontoporiablainvillei,neutro,1.0,cabelo seboso desse
2:22:54,8574,suprem696969,suprem696969,positivo,1.0,o cara é tao bom que ele ja deixou as respostas sobre rerun gravadas caso alguem falasse que é rerun
2:22:55,8575,kallleu_,kallleu_,positivo,1.0,"saudade quando o baka fazia live no japão, o conteudo era bem melhor"
2:22:55,8575,bhcbmds_0,bhcbmds_0,neutro,1.0,Joga cyberpunk
2:22:56,8576,debbyznha,debbyznha,neutro,1.0,@Charly_mint mitou
2:22:56,8576,derass_jj,Derass_JJ,neutro,1.0,Não vejo a hora do rerun da calcinha no predio
2:22:57,8577,eddie_campelo,eddie_campelo,engraçado,1.0,Esse é o espírito da live
2:22:57,8577,maruj00,maruj00,positivo,1.0,Live boa pena q não acaba
2:22:58,8578,kuro_nx8,kuro_nx8,engraçado,1.0,Aproveita que vc tá aí e verifica se saiu o sexo3
2:22:59,8579,wesleykolomar_br,wesleykolomar_br,confuso,1.0,me gravo? apaga
2:23:02,8582,filipi_21,Filipi_21,engraçado,0.5,affin eh serio q eh rerun
2:23:03,8583,skullpk,SkuLLPK,neutro,1.0,nao ta mais chovendo seu noia
2:23:04,8584,artuurbr21,artuurbr21,neutro,1.0,"live otima, pena q é rerun"
2:23:06,8586,solza_,Solza_,neutro,1.0,o chat é o reflexo do streamer
2:23:07,8587,putiferoo,putiferoo,neutro,1.0,Tora a japinha
2:23:11,8591,imfilty,ImFilty,neutro,1.0,culpa da IA's
2:23:11,8591,rrodrigossx,rrodrigossx,neutro,1.0,Pq só tem japonês aí
2:23:12,8592,gustavopog,gustavopog,confuso,1.0,LIVE GRAVADA OU É IA?🤖
2:23:13,8593,venturinnii,venturinnii,neutro,1.0,Tão me fotografando ali
2:23:14,8594,salamanderfps,salamanderfps,neutro,1.0,O godzilla
2:23:14,8594,brunoabdi,brunoabdi,confuso,1.0,FOFOQUEIRO
2:23:14,8594,guilhermee__02,guilhermee__02,neutro,1.0,Achei que ela ia tirar uma foto sua
2:23:15,8595,kenshinzoka,kenshinzoka,neutro,1.0,Live grava com o novo chat gpt 4
2:23:15,8595,telmobr,TelmoBR,engraçado,1.0,GRITA OPA AI ͏
2:23:20,8600,jun_09t,jun_09t,neutro,1.0,tava tirando foto de vc
2:23:23,8603,the_woc,The_Woc,neutro,1.0,"Tu já passou por essa rua, só que do outro lado"
2:23:24,8604,yuri_7887_,Yuri_7887_,confuso,1.0,"Baka, pq os Japoneses colocam ovo cru EM TUDO que comem"
2:23:25,8605,marcosssantoro,MarcossSantoro,neutro,1.0,você é a atração..
2:23:25,8605,king2mc,king2mc,confuso,1.0,vai jogar termo hoje?
2:23:26,8606,bhcbmds_0,bhcbmds_0,engraçado,1.0,Dá uma corridinha e para do nd pra deixar as pessoas ao seu redor confusas
2:23:26,8606,yuri_7887_,Yuri_7887_,confuso,1.0,?
2:23:26,8606,lunoky,lunoky,engraçado,1.0,Faz um comentário violento
2:23:27,8607,sushidobaire,sushidobaire,confuso,1.0,"baka, que q tu tá achando de não estar 40 graus em pleno setembro?"
2:23:27,8607,arki_core1,arki_core1,neutro,1.0,Ta tento mais gente na rua Hem
2:23:27,8607,nighttoff,NighttOff,neutro,1.0,Tira foto tbm
2:23:28,8608,eutavabem,eutavabem,confuso,1.0,MAS PORQUÊ SÓ TEM JAPONES AI BAKA?
2:23:32,8612,mongedeceramica,mongedeceramica,engraçado,1.0,@rrodrigossx ele ta no maranhão
2:23:32,8612,pulchram12,pulchram12,neutro,1.0,W bts
2:23:34,8614,sngabs,sngabs,neutro,1.0,tomando achocolatado e vendo o baka mentir sobre corvos
2:23:34,8614,gustavee07,gustavee07,neutro,1.0,uepaaaaaaaa
2:23:34,8614,kuro_nx8,kuro_nx8,confuso,1.0,E o sexo 3?
2:23:36,8616,morttusdornitska,morttusdornitska,confuso,1.0,porque ai só tem japoneses?
2:23:37,8617,mwm93,Mwm93,confuso,1.0,"Baka, ja teve Termo nessa live?"
2:23:38,8618,wesleykolomar_br,wesleykolomar_br,neutro,1.0,opa né opa..
2:23:38,8618,passarobllue,passarobllue,neutro,1.0,Da uma ideia nessa japinha baka
2:23:39,8619,dediziin,dediziin,confuso,1.0,que lugar é esse de SP?
2:23:40,8620,dlemonster,DlEmonster,neutro,1.0,uepaaaa
2:23:41,8621,schneid3n,schneid3n,neutro,1.0,"Eita, um café específico de cachorro sanmoyed"
2:23:44,8624,gustavee07,gustavee07,neutro,1.0,RATINHO NHO NHO
2:23:46,8626,nighttoff,NighttOff,confuso,1.0,"VERDADE FDP, cadê tua câmera?"
2:23:48,8628,salamanderfps,salamanderfps,confuso,1.0,Não tem BTS japonês?
2:23:50,8630,esquadr0,esquadr0,confuso,1.0,é essa a liberdade de sp? n conheço mto
2:23:50,8630,debbyznha,debbyznha,neutro,1.0,"admiro só passar na frente das lojas, eu ia sair entrando em tudo"
2:23:51,8631,zkamykazez,zKAMYKAZEz,neutro,1.0,É papo de indaiá
2:23:52,8632,giovani2111,giovani2111,neutro,1.0,Esta em tokyo.
2:23:53,8633,ohlavracvk,ohlavracvk,confuso,1.0,isso e na liberdade ?
2:23:54,8634,acairoxo,acairoxo,neutro,1.0,sdds quando o baka n ficava fazendo live na liberdade
2:23:54,8634,eddie_campelo,eddie_campelo,confuso,1.0,Jão?
2:23:54,8634,franck_0_o,Franck_0_o,engraçado,1.0,lFr4nck subscribed with Prime.
2:23:56,8636,kassarato,Kassarato,confuso,1.0,@BakaGaijinLive voltou por trabalho?
2:23:57,8637,juinha56,juinha56,confuso,1.0,bts estava no céu? é pq eles são anjos
2:23:58,8638,venturinnii,venturinnii,engraçado,0.5,"BAKA, você gosta de dirigir?"
2:23:59,8639,yuri_7887_,Yuri_7887_,neutro,1.0,Belford Roxo ta diferente
2:24:00,8640,suprem696969,suprem696969,confuso,1.0,vai ter punhetaço hoje ou essa tradição ja morreu?
2:24:01,8641,eutavabem,eutavabem,neutro,1.0,OSASCO
2:24:01,8641,jhincriminoso,jhincrimInoso,neutro,1.0,CADA BECO DO JAP
2:24:02,8642,hiimlukk,hiimlukk,confuso,1.0,Cadê os motoca do ifood passando?
2:24:03,8643,marryros098,marryros098,confuso,1.0,Ó as armis na live toma cuidado que depois vão fazer igual aquela influencer lá
2:24:07,8647,arki_core1,arki_core1,engraçado,1.0,Pertinho de casa kkk
2:24:09,8649,derass_jj,Derass_JJ,neutro,1.0,"Vo,tou"
2:24:09,8649,eddie_campelo,eddie_campelo,positivo,0.5,Você me chamou de jão?
2:24:09,8649,allancarllos,allancarllos,engraçado,0.5,@rrodrigossx n tá óbvio nao? ele ta em cabrobó-PE
2:24:10,8650,noresolvenorecall,noresolvenorecall,engraçado,1.0,bicicreta com pneu gordokkkkk
2:24:12,8652,largartixa_columbia,largartixa_columbia,confuso,1.0,ngm trabalha nesse lugar n ? so loja fechada
2:24:15,8655,giovanni2149,Giovanni2149,confuso,1.0,Vai ter punhetaço hj?
2:24:15,8655,arnaldo2234,arnaldo2234,confuso,1.0,Baka está em xique-xique BA??
2:24:23,8663,gustavee07,gustavee07,confuso,1.0,TEM assaltante ai baka?
2:24:23,8663,pulchram12,pulchram12,neutro,1.0,Abreu e Lima Pernambuco
2:24:26,8666,coolmelado,coolmelado,neutro,1.0,Parece Santo Amaro
2:24:26,8666,kuro_nx8,kuro_nx8,neutro,1.0,Quero saber do sex03
2:24:27,8667,jhincriminoso,jhincrimInoso,neutro,1.0,ESSES BECOS FICAM ATIÇANDO PRA DAR UMA GOZADA
2:24:27,8667,r_lira28,r_lira28,neutro,1.0,Sapopemba é fezes
2:24:28,8668,imfilty,ImFilty,neutro,1.0,Goianases
2:24:30,8670,venturinnii,venturinnii,engraçado,0.5,"Baka, já pensou em fazer uma live dirigindo?"
2:24:30,8670,yuri_7887_,Yuri_7887_,neutro,1.0,Mostre o penis para eles Baka!
2:24:31,8671,clow_gg,clow_gg,confuso,1.0,BAKA voltou pra morar? ou só a passeio?
2:24:33,8673,kenshinzoka,kenshinzoka,neutro,1.0,💦💦💦💦
2:24:35,8675,brunoabdi,brunoabdi,neutro,1.0,ze reclamao
2:24:38,8678,r4mdoom,r4mdoom,confuso,1.0,Abandonou o Belabox? :(
2:24:38,8678,salamanderfps,salamanderfps,neutro,1.0,Hora do punhetaço já baka
2:24:38,8678,lunoky,lunoky,positivo,1.0,Estamos na mesma
2:24:39,8679,bhcbmds_0,bhcbmds_0,engraçado,1.0,"Volta pro Brasil e vai direto pra Madureira, dps passa em Bangu e Bento Ribeiro, por favor"
2:24:43,8683,largartixa_columbia,largartixa_columbia,neutro,1.0,@gustavee07 tem ele
2:24:43,8683,lipe_mp4,lipe_mp4,negativo,0.5,flipflop na chuva amigao?
2:24:45,8685,debbyznha,debbyznha,neutro,1.0,leva a gente pra comer
2:24:46,8686,allancarllos,allancarllos,positivo,0.5,@pulchram12 que isso cara eu sou exatamente daí tamo junto
2:24:54,8694,yuri_7887_,Yuri_7887_,neutro,1.0,"Mostre o penis baka, mostre"
2:24:55,8695,gustavee07,gustavee07,neutro,1.0,agora
2:24:55,8695,professorakpopercomunista,professorakpopercomunista,neutro,1.0,tomou leitinho de canela
2:24:55,8695,salamanderfps,salamanderfps,neutro,1.0,💦💦💦💦💦💦
2:24:56,8696,telmobr,TelmoBR,neutro,1.0,minhas bolas estão roxas desde o ultimo punheteço
2:24:58,8698,kallleu_,kallleu_,confuso,1.0,chegou ai em ubatuba quando ?
2:25:00,8700,darcknesworld,darcknesworld,engraçado,1.0,kkkkkkkkkkk
2:25:01,8701,natanzinb27,natanzinb27,neutro,1.0,O caminhao do isekai
2:25:02,8702,lawyerap,Lawyerap,neutro,1.0,osasco tá diferente
2:25:02,8702,kegann999,Kegann999,neutro,1.0,vai parar num isekai
2:25:03,8703,filipeuem,filipeuem,neutro,1.0,perdeu a chance de spawnar num isekai
2:25:03,8703,gabriedu22,gabriedu22,neutro,1.0,Escapou do isekai
2:25:04,8704,eddie_campelo,eddie_campelo,neutro,1.0,Você é anarquista
2:25:04,8704,peterdcn,peterdcn,neutro,1.0,"era o caminhão do isekai, troxa"
2:25:04,8704,bananils0n_farofa,Bananils0n_farofa,neutro,1.0,Quase foi de isekai
2:25:06,8706,kaiman16,kaiman16,neutro,1.0,é baka vc ia se isekai agr
2:25:08,8708,venturinnii,venturinnii,neutro,1.0,Grava uma live pilotando um automóvel
2:25:08,8708,saposaposo,saposaposo,neutro,1.0,caminhao do oselao
2:25:08,8708,s1len2,s1len2,neutro,1.0,é desse aí msm q te manda pra outro mundo
2:25:08,8708,pulchram12,pulchram12,engraçado,1.0,LUL
2:25:08,8708,suprem696969,suprem696969,neutro,1.0,nem pra ele te encharcar todo ai
2:25:10,8710,dlemonster,DlEmonster,neutro,1.0,nesse momento ele esta em ananindeua
2:25:11,8711,davi_akzin,davi_akzin,neutro,1.0,quase foi pra um isekai
2:25:11,8711,maruj00,maruj00,neutro,1.0,Caminhãozinho cun
2:25:11,8711,rrodrigossx,rrodrigossx,neutro,1.0,Passa para de ser idiota
2:25:12,8712,neekotinakkj,neekotinakkj,neutro,1.0,slc ainda joga agua em nois
2:25:12,8712,luxnis_,luxnis_,neutro,1.0,perdeu a chance de ir pro isekai
2:25:12,8712,alexom_303,alexom_303,neutro,1.0,"Baka, feche os olhos e abra a bunda"
2:25:13,8713,todyyn69,todyyn69,neutro,1.0,Caminhão-kun👉🏻👈🏻
2:25:14,8714,kuro_nx8,kuro_nx8,neutro,1.0,A toda velocidade de 20 km
2:25:16,8716,eifarne,eifarne,confuso,1.0,é ai que tem uma câmera que faz uma liva da rua?
2:25:16,8716,imvitorsan,ImVitorSan,neutro,1.0,caminhao kun
2:25:16,8716,sushidobaire,sushidobaire,neutro,1.0,chegou aeeee
2:25:16,8716,zriki___,zRiKi___,confuso,1.0,Voltou pra assinar a rescisão Baka?
2:25:18,8718,arelich,Arelich,neutro,1.0,ta broxa tbm
2:25:20,8720,wesleykolomar_br,wesleykolomar_br,neutro,1.0,ó o mapa ai
2:25:21,8721,gustavin_7x,gustavin_7x,neutro,1.0,isekai
2:25:21,8721,sawdzin,SawdZin,neutro,1.0,estou levemente inclinado a achar que esta live nao utiliza artimanhas de inteligência artificial
2:25:21,8721,luxnis_,luxnis_,neutro,1.0,vacilou
2:25:22,8722,renattico,renattico,confuso,1.0,ja podi aumussá?
2:25:23,8723,yuri_7887_,Yuri_7887_,engraçado,1.0,Lembe o corrimão
2:25:25,8725,brunoabdi,brunoabdi,neutro,1.0,que emocionante
2:25:26,8726,igh0r5,Igh0r5,neutro,1.0,papo de Isekai
2:25:27,8727,mwm93,Mwm93,confuso,1.0,React do xracing que horas?
2:25:28,8728,venturinnii,venturinnii,neutro,1.0,Baka quase caiu em um isekai
2:25:29,8729,neekotinakkj,neekotinakkj,confuso,1.0,@todyyn69 CUM?
2:25:32,8732,pontoporiablainvillei,pontoporiablainvillei,neutro,1.0,oi mary poppins
2:25:33,8733,alouqq,alouqq,neutro,1.0,BYD vindo a 80km por hora
2:25:34,8734,arki_core1,arki_core1,confuso,1.0,E as 9 o punhetaço ?
2:25:35,8735,sngabs,sngabs,neutro,1.0,quase pega o isekai
2:25:36,8736,guilhermee__02,guilhermee__02,neutro,1.0,Caminhão do isekai
2:25:38,8738,allancarllos,allancarllos,neutro,1.0,ta parecendo um técnico de ti com esse óculos
2:25:40,8740,salamanderfps,salamanderfps,confuso,1.0,Sabe ler as figura japonesa?
2:25:41,8741,hiena2000,hiena2000,neutro,1.0,entra num lugar abandonado baka e goza em tudo
2:25:42,8742,nighttoff,NighttOff,neutro,1.0,2 queixo
2:25:43,8743,jvnim,JVNIM,neutro,1.0,que susto
2:25:45,8745,eddie_campelo,eddie_campelo,neutro,1.0,Tá gordo mesmo
2:25:47,8747,ihayat0,iHayat0,confuso,1.0,Ta em sao Paulo man?
2:25:49,8749,el_v1nny,el_v1nny,confuso,1.0,React  do Xvideos?
2:25:53,8753,venturinnii,venturinnii,neutro,1.0,Todo mundo é broxa aqui
2:25:56,8756,alexom_303,alexom_303,confuso,1.0,por que aí tá de dia?
2:25:57,8757,darcknesworld,darcknesworld,engraçado,1.0,kkkkkkkkkk
2:25:57,8757,bananils0n_farofa,Bananils0n_farofa,confuso,1.0,Cadê o termo Baka?
2:25:58,8758,yuri_7887_,Yuri_7887_,positivo,1.0,Gráficos top
2:26:01,8761,pulchram12,pulchram12,neutro,1.0,Kd o nômade raiz
2:26:04,8764,mozafu_,mozafu_,confuso,1.0,surra de bunda?
2:26:05,8765,kaiman16,kaiman16,neutro,1.0,Faz colab com o ACF
2:26:05,8765,wesleykolomar_br,wesleykolomar_br,neutro,1.0,para de atiçar
2:26:06,8766,sushidobaire,sushidobaire,neutro,1.0,baka fica cego de óculos gente
2:26:07,8767,eutavabem,eutavabem,neutro,1.0,baka virou um velho gordo
2:26:07,8767,suprem696969,suprem696969,neutro,1.0,isso é coisa de reptiliano
2:26:07,8767,sngabs,sngabs,neutro,1.0,tá parecendo o Bill Gates
2:26:07,8767,kuro_nx8,kuro_nx8,confuso,1.0,Live de Pou ?
2:26:08,8768,pedro_polegar,pedro_polegar,confuso,1.0,Certeza que ja dormiu de óculos so quem usa sabe
2:26:10,8770,ivctor,ivctor,confuso,1.0,react do faker jogando 5h?
2:26:10,8770,eifarne,eifarne,neutro,1.0,calma cara
2:26:11,8771,putiferoo,putiferoo,neutro,1.0,Você me enfluenciou a assistir um porno japonês hj
2:26:11,8771,dlemonster,DlEmonster,neutro,1.0,te o termo quando
2:26:13,8773,mozafu_,mozafu_,positivo,1.0,boa tava precisando
2:26:17,8777,schneid3n,schneid3n,neutro,1.0,Faltam só mais 3h de live pro puñetazo
2:26:18,8778,oliv_yashi,oliv_yashi,neutro,1.0,Eu tirei minha habilitação vendo vídeos do Xracing
2:26:18,8778,eutavabem,eutavabem,positivo,1.0,VELHO É FODA
2:26:22,8782,lipe_mp4,lipe_mp4,engraçado,1.0,parecendo um roteirista de quadrinhos
2:26:25,8785,esquadr0,esquadr0,neutro,1.0,para e senta um pouco
2:26:27,8787,eutavabem,eutavabem,neutro,1.0,UÓ
2:26:28,8788,venturinnii,venturinnii,confuso,1.0,Baka tu tem medo de um dia ser substituído por uma IA programada a perambular pelo Japão bostejando?
2:26:29,8789,derass_jj,Derass_JJ,neutro,1.0,De óculos parece a Mia Kalifa
2:26:29,8789,salamanderfps,salamanderfps,neutro,1.0,Perdeu o condicionamento do bama de 2022
2:26:31,8791,bhcbmds_0,bhcbmds_0,neutro,1.0,Coitado do veio
2:26:31,8791,ruizl17,ruizl17,neutro,1.0,Deus que te perdoe
2:26:34,8794,lunoky,lunoky,neutro,1.0,hoje em dia carpiram tudo
2:26:35,8795,allancarllos,allancarllos,neutro,1.0,ainda ta tudo mato olha quanta árvore
2:26:36,8796,gustavee07,gustavee07,engraçado,1.0,kkkkkkkkkkkkkk
2:26:38,8798,r_lira28,r_lira28,neutro,1.0,dá uma sentada Baka
2:26:39,8799,alexom_303,alexom_303,confuso,1.0,aí tem muito japonês?
2:26:48,8808,nighttoff,NighttOff,confuso,1.0,FakeTaxi???
2:26:50,8810,dantespector777,dantespector777,neutro,1.0,oii bakaa oii chat sdds de geral
2:26:51,8811,pedro_polegar,pedro_polegar,confuso,1.0,Vc caindo de moto né?
2:26:51,8811,wesleykolomar_br,wesleykolomar_br,neutro,1.0,comu é amigo
2:26:53,8813,caipirinha_2007,caipirinha_2007,engraçado,1.0,KKKK
2:26:53,8813,heyman91939,heyman91939,engraçado,1.0,kkkkkkkkkkk
2:26:55,8815,arki_core1,arki_core1,neutro,1.0,akkaka
2:26:55,8815,matheusr23,matheusr23,engraçado,1.0,Kkkkkkkkk
2:26:56,8816,catchau2005,catchau2005,confuso,1.0,"baka, acabei de voltar espero que eu tenha perdido coisas importantes"
2:26:56,8816,corsahatch07,CorsaHatch07,engraçado,1.0,CorsaHatch07 subscribed with Prime.
2:26:57,8817,dnzinn5_,dnzinn5_,engraçado,1.0,Kkkk
2:26:57,8817,largartixa_columbia,largartixa_columbia,neutro,1.0,ox a viatura tunada
2:26:58,8818,pulchram12,pulchram12,engraçado,1.0,kkkkkkkkkk
2:26:59,8819,darcknesworld,darcknesworld,engraçado,1.0,kkkkkkkkkkkkkk
2:27:00,8820,davisouza78,davisouza78,confuso,1.0,QUE DIA LANÇA O TRAPZINHO BAKA????
2:27:00,8820,lipe_mp4,lipe_mp4,neutro,1.0,hmm
2:27:03,8823,suprem696969,suprem696969,engraçado,1.0,é mais facil voce entrar no exracing dirigindo sem estar habilitado
2:27:03,8823,yuri_7887_,Yuri_7887_,confuso,1.0,é vdd que no BR vc brutalmente molestado pela receita federal e voltou como imigrante ilegal pro Japão? (li isso no G1)
2:27:05,8825,darcknesworld,darcknesworld,engraçado,1.0,kkkkkkkkkkkkkkkkkk
2:27:07,8827,luizfert,luizfert,engraçado,1.0,"luizfert subscribed with Prime. They've subscribed for 18 months, currently on a 1 month streak! TMJJJ"
2:27:09,8829,eutavabem,eutavabem,neutro,1.0,te xingou
2:27:09,8829,mwm93,Mwm93,neutro,1.0,Pode entrar pro Xvideos tbm fazendo carona com o Ted
2:27:09,8829,heyman91939,heyman91939,neutro,1.0,eu pensei a mesma coisa
2:27:10,8830,allancarllos,allancarllos,positivo,1.0,chamou tu de lindo
2:27:10,8830,duh_dudu_edu,duh_dudu_edu,engraçado,1.0,kkkk
2:27:11,8831,pontoporiablainvillei,pontoporiablainvillei,engraçado,1.0,loirinha rabuda
2:27:11,8831,el_v1nny,el_v1nny,neutro,1.0,Baka vai gravar no FakeTaxi 😭
2:27:13,8833,charly_mint,Charly_mint,positivo,1.0,chamou de bunda suja
2:27:13,8833,arki_core1,arki_core1,neutro,1.0,Bicha
2:27:13,8833,beyond_desolation2,Beyond_Desolation2,positivo,1.0,te chamou de Vascaíno
2:27:13,8833,oliv_yashi,oliv_yashi,neutro,1.0,Xingou a mãe ali
2:27:14,8834,ruizl17,ruizl17,positivo,1.0,chamou de minha linda
2:27:14,8834,lana_tomioka,lana_tomioka,neutro,1.0,Sksksksksk
2:27:14,8834,lunoky,lunoky,engraçado,1.0,Narigudo
2:27:14,8834,salamanderfps,salamanderfps,neutro,1.0,Falou wue você é pirocudo
2:27:15,8835,gustavee07,gustavee07,positivo,1.0,chamo de jao
2:27:16,8836,maruj00,maruj00,positivo,1.0,Chamou de bakagaijin
2:27:19,8839,phaantomlord,PhaantomLord,positivo,1.0,te chamou de macho
2:27:19,8839,esquadr0,esquadr0,neutro,1.0,carrão da audi
2:27:20,8840,jun_09t,jun_09t,positivo,1.0,te chamou de gostoso
2:27:21,8841,renattico,renattico,neutro,1.0,oloco falou que sua mãe nao é homem
2:27:22,8842,acairoxo,acairoxo,neutro,1.0,ele falou q vai rolar banheirão mais tarde
2:27:22,8842,ayase_taki,ayase_taki,neutro,1.0,bastante IA de japones na rua aí
2:27:23,8843,brunoabdi,brunoabdi,positivo,1.0,te chamou d brasileiro vai deixar
2:27:24,8844,solza_,Solza_,positivo,1.0,chamou de bobo
2:27:24,8844,duh_dudu_edu,duh_dudu_edu,positivo,1.0,te chamou de gaijin
2:27:24,8844,ihayat0,iHayat0,confuso,1.0,Ai é q dia mano?
2:27:24,8844,guilhermee__02,guilhermee__02,confuso,1.0,Choveu ai ?
2:27:25,8845,eutavabem,eutavabem,positivo,0.5,TE CHAMOU DE JUDEU POR CAUSA DO NARIZ
2:27:27,8847,suprem696969,suprem696969,neutro,1.0,HeyGuys
2:27:29,8849,venturinnii,venturinnii,neutro,1.0,Bem vindo ao futuro
2:27:32,8852,hiimlukk,hiimlukk,confuso,1.0,Tá no centro do Bras?
2:27:32,8852,suprem696969,suprem696969,neutro,1.0,<3
2:27:36,8856,dlemonster,DlEmonster,neutro,1.0,tem pouco japones o trump ta deportando
2:27:38,8858,gustavee07,gustavee07,neutro,1.0,voce é um jão
2:27:38,8858,botelhokunavara96,botelhoKunavara96,neutro,1.0,Simmm
2:27:39,8859,esquadr0,esquadr0,neutro,1.0,1
2:27:39,8859,telmobr,TelmoBR,neutro,1.0,2
2:27:40,8860,nunes013,nunes013,neutro,1.0,p cometer infração é mais facil sem habilitação msm
2:27:41,8861,danilloflip,danilloflip,neutro,1.0,que silencio
2:27:42,8862,el_v1nny,el_v1nny,neutro,1.0,1
2:27:43,8863,morttusdornitska,morttusdornitska,neutro,1.0,W
2:27:43,8863,kallleu_,kallleu_,confuso,1.0,baka pretende voltar fazer lives no japão algum dia ?
2:27:44,8864,pedepanomttriste,PeDePanoMtTriste,neutro,1.0,Quero
2:27:46,8866,lanko_1,Lanko_1,neutro,1.0,digite 1
2:27:46,8866,gabrierf,gabrierf,neutro,1.0,DÁ E GRAVE
2:27:48,8868,beyond_desolation2,Beyond_Desolation2,neutro,1.0,o teu rabo
2:27:48,8868,pedepanomttriste,PeDePanoMtTriste,neutro,1.0,1 no chat
2:27:52,8872,lunoky,lunoky,neutro,1.0,Só 100
2:27:52,8872,alexom_303,alexom_303,neutro,1.0,1
2:27:53,8873,venturinnii,venturinnii,neutro,1.0,Digite 69
2:27:53,8873,yuri_7887_,Yuri_7887_,confuso,1.0,Os japas tem o molhio?
2:27:56,8876,suprem696969,suprem696969,neutro,1.0,é um banza
2:27:57,8877,bhcbmds_0,bhcbmds_0,neutro,1.0,1
2:27:57,8877,passarobllue,passarobllue,neutro,1.0,W baka
2:27:59,8879,pulchram12,pulchram12,neutro,1.0,CaitThinking
2:27:59,8879,erickhsn,erickhsn,neutro,1.0,"ah agora eu sei onde vc ta, finalmente"
2:28:01,8881,dlemonster,DlEmonster,neutro,1.0,1
2:28:02,8882,catchau2005,catchau2005,neutro,1.0,"ele falou que esse ano as eleições tão complicadas, mas espera que o Brasil saia dessa"
2:28:06,8886,coolmelado,coolmelado,confuso,1.0,Entao aproxima
2:28:06,8886,gabriedu22,gabriedu22,neutro,1.0,Tem quest pra pega
2:28:08,8888,tanjibolasfds,tanjibolasfds,neutro,1.0,Banzai
2:28:09,8889,salamanderfps,salamanderfps,neutro,1.0,Ta vendendo batata assada sepa
2:28:09,8889,morttusdornitska,morttusdornitska,neutro,1.0,W baka jao
2:28:09,8889,heyman91939,heyman91939,neutro,1.0,1
2:28:09,8889,kaiman16,kaiman16,neutro,1.0,1
2:28:10,8890,beyond_desolation2,Beyond_Desolation2,neutro,1.0,cabo c tá pegando fogo
2:28:10,8890,godnov3,GoDNov3,neutro,1.0,1
2:28:10,8890,acairoxo,acairoxo,neutro,1.0,1
2:28:11,8891,largartixa_columbia,largartixa_columbia,neutro,1.0,1
2:28:11,8891,carolina_yubari,Carolina_Yubari,neutro,1.0,1
2:28:11,8891,pristonfield,Pristonfield,neutro,1.0,1
2:28:11,8891,pontoporiablainvillei,pontoporiablainvillei,neutro,1.0,1
2:28:11,8891,asrielobr,asrielobr,neutro,1.0,1
2:28:11,8891,agiotadofelps,AgiotaDoFelps,neutro,1.0,1
2:28:12,8892,yuri_7887_,Yuri_7887_,neutro,1.0,1
2:28:12,8892,gustavee07,gustavee07,neutro,1.0,1
2:28:12,8892,nexus_jp,nexus_jp,neutro,1.0,1
2:28:12,8892,jun_09t,jun_09t,neutro,1.0,1
2:28:12,8892,maisdois0o0o0o,maisdois0o0o0o,neutro,1.0,1
2:28:12,8892,solza_,Solza_,neutro,1.0,so pode dar pro chat
2:28:13,8893,eutavabem,eutavabem,neutro,1.0,1
2:28:13,8893,eifarne,eifarne,neutro,1.0,1
2:28:13,8893,clyttex,clyttex,neutro,1.0,1
2:28:14,8894,botelhokunavara96,botelhoKunavara96,neutro,1.0,1
2:28:14,8894,avatard0crime,avatard0crime,neutro,1.0,1
2:28:14,8894,renattico,renattico,neutro,1.0,1
2:28:14,8894,lynker777,lynker777,neutro,1.0,1
2:28:14,8894,eutavabem,eutavabem,neutro,1.0,111
2:28:14,8894,americobh,AmericoBH,neutro,1.0,1
2:28:15,8895,lanko_1,Lanko_1,neutro,1.0,1
2:28:15,8895,duh_dudu_edu,duh_dudu_edu,neutro,1.0,1
2:28:15,8895,bagreeeeeeeee,BAGREeeeeeeee,neutro,1.0,1
2:28:16,8896,eutavabem,eutavabem,neutro,1.0,11
2:28:16,8896,dgsilv4,dgsilv4,neutro,1.0,1
2:28:16,8896,pedepanomttriste,PeDePanoMtTriste,neutro,1.0,1
2:28:16,8896,sumurihel,Sumurihel,neutro,1.0,1
2:28:16,8896,giovanni2149,Giovanni2149,neutro,1.0,1
2:28:16,8896,morttusdornitska,morttusdornitska,neutro,1.0,1
2:28:16,8896,jaooveed,jaooveed,neutro,1.0,1
2:28:17,8897,flaviz44,flaviz44,neutro,1.0,1
2:28:17,8897,davisouza78,davisouza78,neutro,1.0,1
2:28:17,8897,eutavabem,eutavabem,neutro,1.0,11111111111
2:28:18,8898,passarobllue,passarobllue,neutro,1.0,1
2:28:18,8898,eochris03,eochris03,neutro,1.0,1
2:28:18,8898,lawyerap,Lawyerap,neutro,1.0,1
2:28:18,8898,coxinhaa04,coxinhaa04,neutro,1.0,1
2:28:19,8899,nier_joga,nier_joga,neutro,1.0,111111111¹11111111
2:28:19,8899,r_lira28,r_lira28,neutro,1.0,1
2:28:20,8900,kingerrtt,kingerrtt,neutro,1.0,1
2:28:20,8900,akamizinhagiu,akamizinhagiu,neutro,1.0,1
2:28:20,8900,artuurbr21,artuurbr21,neutro,1.0,1
2:28:21,8901,maruj00,maruj00,neutro,1.0,1
2:28:22,8902,luxnis_,luxnis_,neutro,1.0,1
2:28:22,8902,iceraptron,iceraptron,neutro,1.0,1
2:28:23,8903,debbyznha,debbyznha,neutro,1.0,1
2:28:23,8903,igh0r5,Igh0r5,neutro,1.0,1
2:28:23,8903,r2math,r2math,neutro,1.0,1
2:28:23,8903,ebuzz250,Ebuzz250,neutro,1.0,1
2:28:24,8904,mongedeceramica,mongedeceramica,neutro,1.0,1
2:28:25,8905,sngabs,sngabs,neutro,1.0,1
2:28:25,8905,bigwasted88,bigwasted88,neutro,1.0,1
2:28:25,8905,lipe_mp4,lipe_mp4,neutro,1.0,1
2:28:25,8905,asuresd,AsureSD,neutro,1.0,1
2:28:25,8905,oliv_yashi,oliv_yashi,neutro,1.0,1
2:28:27,8907,botelhokunavara96,botelhoKunavara96,neutro,1.0,11
2:28:27,8907,juinha56,juinha56,neutro,1.0,1
2:28:28,8908,m4dlyn,m4dlyn,neutro,1.0,11
2:28:28,8908,kennazx,kennazx,neutro,1.0,1
2:28:30,8910,darcknesworld,darcknesworld,neutro,1.0,1
2:28:30,8910,arki_core1,arki_core1,neutro,1.0,Corre fdp
2:28:30,8910,deonehzio,DeoNehzio,neutro,1.0,1
2:28:31,8911,alexom_303,alexom_303,neutro,1.0,1
2:28:31,8911,yuri_7887_,Yuri_7887_,neutro,1.0,de a bunda
2:28:34,8914,venturinnii,venturinnii,neutro,1.0,Faz uma live tirando água de poça com uma colher
2:28:34,8914,deonehzio,DeoNehzio,neutro,1.0,1 1
2:28:35,8915,m4dlyn,m4dlyn,neutro,1.0,1
2:28:36,8916,darcknesworld,darcknesworld,engraçado,1.0,kkkkkkkkkk
2:28:37,8917,sr_vitor13,sr_vitor13,neutro,1.0,1
2:28:37,8917,morttusdornitska,morttusdornitska,neutro,1.0,11111
2:28:39,8919,salamanderfps,salamanderfps,neutro,1.0,Nada na poça dagua
2:28:40,8920,eutavabem,eutavabem,neutro,1.0,1
2:28:40,8920,kaiman16,kaiman16,neutro,1.0,1
2:28:41,8921,moisesthunder,moisesthunder,neutro,1.0,2
2:28:42,8922,bigwasted88,bigwasted88,neutro,1.0,1 ͏
2:28:42,8922,karmaki_,karmaki_,neutro,1.0,2
2:28:43,8923,renattico,renattico,neutro,1.0,mas tem q filmar
2:28:45,8925,pedepanomttriste,PeDePanoMtTriste,neutro,1.0,A gente quer mt
2:28:45,8925,corsahatch07,CorsaHatch07,neutro,1.0,67
2:28:47,8927,derass_jj,Derass_JJ,neutro,1.0,1
2:28:49,8929,arki_core1,arki_core1,neutro,1.0,Eles querem muito
2:28:50,8930,nier_joga,nier_joga,neutro,1.0,1
2:28:50,8930,carolina_yubari,Carolina_Yubari,neutro,1.0,Eba
2:28:51,8931,jun_09t,jun_09t,neutro,1.0,agora vai ter que voltar para dar pro cara lá
2:28:51,8931,darkestmateus,darkestmateus,confuso,1.0,voltou memso?
2:28:52,8932,catchau2005,catchau2005,neutro,1.0,cobra a gente
2:28:52,8932,lanko_1,Lanko_1,neutro,1.0,"1 ganhou, de a bunda agora"
2:28:52,8932,eddie_campelo,eddie_campelo,neutro,1.0,Cuidado com a poça
2:28:53,8933,xenohfanes,xenohfanes,confuso,0.667,só queria comer meu bolinho e vc me falando de sexo ocasional???
2:28:54,8934,heyman91939,heyman91939,neutro,1.0,você chegou ai já deu uma travada
2:28:54,8934,gustavee07,gustavee07,engraçado,1.0,brigado baka
2:28:55,8935,kaiman16,kaiman16,neutro,1.0,69
2:28:55,8935,eutavabem,eutavabem,engraçado,1.0,kkk
2:28:57,8937,nighttoff,NighttOff,confuso,1.0,Os anões estão mais raros?
2:28:58,8938,lunoky,lunoky,neutro,1.0,Deus abençoe
2:28:59,8939,gambatte_senpai,gambatte_senpai,confuso,1.0,ele voltou pro japa?
2:28:59,8939,godnov3,GoDNov3,confuso,0.667,DE GRAÇA? É A PIKA DO AD Q EU VI????????????
2:29:00,8940,eutavabem,eutavabem,neutro,1.0,uau
2:29:02,8942,king2mc,king2mc,confuso,1.0,"de graça não, e o sub?"
2:29:03,8943,sawdzin,SawdZin,confuso,1.0,q parte de belford roxo é essa?
2:29:03,8943,yuri_7887_,Yuri_7887_,neutro,1.0,rouba esses guarda chuvas ali
2:29:03,8943,iceraptron,iceraptron,neutro,1.0,bala é um pai
2:29:05,8945,r_lira28,r_lira28,neutro,1.0,bando de panaca
2:29:06,8946,largartixa_columbia,largartixa_columbia,confuso,1.0,pega na nossa mão e leva nos pro mato ne? tlgd nesses esquemas
2:29:07,8947,dediziin,dediziin,neutro,1.0,vai encontrar o MC Daniel ai
2:29:07,8947,erickhsn,erickhsn,engraçado,1.0,pega a primeira esquerda ai no parque
2:29:08,8948,pedro_polegar,pedro_polegar,neutro,1.0,Enfiou nois tudo no cu e levou
2:29:09,8949,erickhsn,erickhsn,neutro,1.0,e da a volta toda
2:29:10,8950,jvitor_ju,Jvitor_ju,neutro,1.0,1
2:29:10,8950,pskxidjsjb,pskxidjsjb,neutro,1.0,1
2:29:10,8950,wesleykolomar_br,wesleykolomar_br,positivo,1.0,o bom é ficar de longe só ouvindo sem pagar nada
2:29:12,8952,sr_vitor13,sr_vitor13,neutro,1.0,1
2:29:13,8953,heyman91939,heyman91939,neutro,1.0,você carrega todo mundo no colo
2:29:13,8953,bartowski22,bartowski22,neutro,1.0,Carai o baka acorda cedo
2:29:14,8954,kegann999,Kegann999,neutro,1.0,cuidado
2:29:14,8954,kennazx,kennazx,engraçado,1.0,hahahah
2:29:15,8955,rrodrigossx,rrodrigossx,neutro,1.0,Derruba essa estrutura aí
2:29:17,8957,venturinnii,venturinnii,confuso,1.0,Baka qual a pior punição que tu tomou?
2:29:17,8957,pulchram12,pulchram12,neutro,1.0,Saudação
2:29:17,8957,m4dlyn,m4dlyn,neutro,1.0,-1
2:29:18,8958,seremendy,Seremendy,neutro,1.0,VOLTOU
2:29:19,8959,coolmelado,coolmelado,neutro,1.0,Ateu medio
2:29:19,8959,debbyznha,debbyznha,positivo,1.0,que alma boa iluminada
2:29:19,8959,eutavabem,eutavabem,engraçado,1.0,haha
2:29:20,8960,notedink466,notedink466,engraçado,1.0,notedink466 subscribed with Prime. They've subscribed for 5 months! Só bora
2:29:25,8965,eutavabem,eutavabem,confuso,1.0,saudação?????
2:29:27,8967,salamanderfps,salamanderfps,neutro,1.0,Passou por fora do portao porque é lobisomen
2:29:32,8972,putiferoo,putiferoo,neutro,1.0,Manda foto da bundinha não a de trás a do quixo
2:29:33,8973,oliv_yashi,oliv_yashi,positivo,1.0,Baka tá famoso 2 mil pessoas na live
2:29:33,8973,suprem696969,suprem696969,neutro,1.0,começo do shippuden
2:29:34,8974,icki626,icki626,positivo,1.0,Salve baka
2:29:36,8976,pedro_polegar,pedro_polegar,engraçado,1.0,Rip guarda chuva
2:29:37,8977,telmobr,TelmoBR,neutro,1.0,vai pelo caminho das pedras
2:29:40,8980,gustavee07,gustavee07,engraçado,1.0,kkkkkkkkkkkkkkkkkkkkkkkkk
2:29:41,8981,riotbubbles,riotbubbles,positivo,0.5,"DAQUI 2 SEMANAS TO AI HEIN, AONDE VAMO PASSEAR?"
2:29:42,8982,eddie_campelo,eddie_campelo,neutro,1.0,Se pisar na grama é deportado
2:29:42,8982,pcdopaulolives,pcdopaulolives,positivo,0.5,que terra boa... não tem funkeiros ou barrão de pisadinha kkk
2:29:44,8984,erickhsn,erickhsn,engraçado,1.0,pega a primeira esquerda ai no parque e da a volta toda no parque
2:29:45,8985,sushidobaire,sushidobaire,confuso,1.0,n são essas árvores aí q tem cheiro de esperma?
2:29:46,8986,saladaxis,saladaxis,neutro,1.0,DatSheffy
2:29:47,8987,nunes013,nunes013,neutro,1.0,mellzitosNOOO
2:29:49,8989,yuri_7887_,Yuri_7887_,engraçado,1.0,"Grita ""Yamete"" e sai correndo com o penis ereto e mostrando"
2:29:50,8990,arki_core1,arki_core1,neutro,1.0,Corsa akakakakkaak
2:29:51,8991,beyond_desolation2,Beyond_Desolation2,engraçado,1.0,kkkkkkkkkkkk
2:29:56,8996,hiimlukk,hiimlukk,neutro,1.0,arrogante
2:30:00,9000,eutavabem,eutavabem,neutro,1.0,só vc
2:30:02,9002,dyleafk,dyleafk,confuso,1.0,Essa e a tão da floresta que tem cheiro de sêmen?
2:30:04,9004,dlemonster,DlEmonster,neutro,1.0,os dois tem o mesmo joelho
2:30:07,9007,ivctor,ivctor,neutro,1.0,pra que tacar a bola na mavi
2:30:08,9008,guilhermee__02,guilhermee__02,neutro,1.0,Guarda chuva tá pedindo arrego
2:30:10,9010,alexom_303,alexom_303,confuso,1.0,e o sexo 3? vai sair quando?
2:30:12,9012,wesleykolomar_br,wesleykolomar_br,neutro,1.0,mete um yamete neyrma kun
2:30:12,9012,lunoky,lunoky,neutro,1.0,Arroganchi
2:30:15,9015,deonehzio,DeoNehzio,confuso,1.0,Já ta podendo gozar?
2:30:16,9016,clow_gg,clow_gg,engraçado,0.5,Baka está morando ai ou só de turista?
2:30:16,9016,salamanderfps,salamanderfps,confuso,1.0,"Volta e passa embaixo do portão fi, é lobisomen?"
2:30:17,9017,rrodrigossx,rrodrigossx,neutro,1.0,Dia não tá de noite
2:30:21,9021,acairoxo,acairoxo,positivo,1.0,foda leva pingada grossa na cara
2:30:21,9021,erickhsn,erickhsn,engraçado,1.0,pega a primeira esquerda ai no parque e da a volta toda no parque ͏
2:30:25,9025,giovanni2149,Giovanni2149,neutro,1.0,"fap fap fap, foi mal guys n segurei os animos"
2:30:25,9025,rodriigogms,rodriigogms,neutro,1.0,e agora em setembro vai entrar o grosso
2:30:28,9028,marie_bsts,Marie_Bsts,neutro,1.0,"ta caindo pinto grosso, aproveita"
2:30:33,9033,dards39,dards39,neutro,1.0,Vdd hoje é 11 de setembro
2:30:33,9033,xenohfanes,xenohfanes,confuso,1.0,prefere grosso ou fino?
2:30:34,9034,arki_core1,arki_core1,confuso,1.0,As vezes ?
2:30:35,9035,pedepanomttriste,PeDePanoMtTriste,neutro,1.0,Vc é meu maior fã
2:30:35,9035,yuri_7887_,Yuri_7887_,neutro,1.0,Fique ereto e mostre ele para os corvos!
2:30:36,9036,eddie_campelo,eddie_campelo,confuso,1.0,Não gosta do grosso?
2:30:37,9037,seremendy,Seremendy,positivo,1.0,não precisa ser perfeito vc e sexy
2:30:38,9038,o_lol_faliu,o_lol_faliu,neutro,1.0,entra ai no mato
2:30:40,9040,eutavabem,eutavabem,neutro,1.0,mas esse é mais bonito
2:30:42,9042,kennazx,kennazx,neutro,1.0,TA BONITO HJ BAKA
2:30:46,9046,passarobllue,passarobllue,neutro,1.0,Parece nao
2:30:47,9047,eutavabem,eutavabem,neutro,1.0,ESSE MATAGAL É MAIS BONITO
2:30:48,9048,suprem696969,suprem696969,positivo,1.0,esse mato ta melhor
2:30:49,9049,darcknesworld,darcknesworld,engraçado,1.0,kkkkkkkk
2:30:50,9050,pulchram12,pulchram12,neutro,1.0,Cadê o Carlinhos no matagal
2:30:53,9053,mwm93,Mwm93,confuso,1.0,Não ta com medp do caramujo perseguidor agora que voltou pro Japão?
2:30:53,9053,pedro_polegar,pedro_polegar,positivo,1.0,Vamo dançar tudo nú tudo com dedo no cú menos eu 🎶
2:30:55,9055,arki_core1,arki_core1,neutro,1.0,Cuidado com maníaco do parque
2:30:56,9056,lipe_mp4,lipe_mp4,neutro,1.0,oxe e essa arvore sem casca
2:30:56,9056,wesleykolomar_br,wesleykolomar_br,confuso,1.0,esquerdista?
2:30:56,9056,deonehzio,DeoNehzio,engraçado,1.0,"É baka, eu sou o seu maior ídolo deonehPepebrinde"
2:30:57,9057,pcdopaulolives,pcdopaulolives,neutro,1.0,Ídolos... canta uma pra nois
2:30:58,9058,gamessbrandao,gamessbrandao,neutro,1.0,Floresta do suicídio
2:30:58,9058,r_lira28,r_lira28,neutro,1.0,Oiá o Chupacu Aí
2:31:01,9061,bakalovers,bakalovers,positivo,0.5,Cheer1 no fap september então não teremos punhetaço?
2:31:01,9061,erickhsn,erickhsn,confuso,1.0,eu sei q é oq vc quer
2:31:02,9062,juinha56,juinha56,neutro,1.0,daqui a pouco aparece um saguizinho ai
2:31:02,9062,eutavabem,eutavabem,neutro,1.0,PROCURA O CARLINHOS JAPONES
2:31:04,9064,salamanderfps,salamanderfps,neutro,1.0,Mato do Brasil é mais daora
2:31:07,9067,erickhsn,erickhsn,neutro,1.0,ta se cossando pra fechar :(
2:31:07,9067,lunoky,lunoky,engraçado,1.0,Calma Richard faz musse
2:31:08,9068,eutavabem,eutavabem,neutro,1.0,PELADO
2:31:09,9069,sr_vitor13,sr_vitor13,neutro,1.0,"Baka,  eu sou seu ídolo"
2:31:09,9069,bhcbmds_0,bhcbmds_0,neutro,1.0,"Vira a esquerda logo, ow"
2:31:12,9072,nunes013,nunes013,neutro,1.0,na pica
2:31:13,9073,yuri_7887_,Yuri_7887_,engraçado,1.0,se entrar nesse mato vc aparece numa plantação de arroz no interior da China
2:31:13,9073,passarobllue,passarobllue,neutro,1.0,Esse mato ai pra dar uma cagada hein baka
2:31:14,9074,suprem696969,suprem696969,neutro,1.0,sentando
2:31:16,9076,wesleykolomar_br,wesleykolomar_br,neutro,1.0,chupa-cabra morava ai
2:31:16,9076,nighttoff,NighttOff,neutro,1.0,Mato no Japão > Mato no Brasil
2:31:17,9077,kennazx,kennazx,neutro,1.0,DANDO O BUMBUM
2:31:17,9077,eddie_campelo,eddie_campelo,neutro,1.0,Cuidado com o maníaco do parque
2:31:19,9079,rrodrigossx,rrodrigossx,neutro,1.0,Na fila do sus
2:31:21,9081,deonehzio,DeoNehzio,neutro,1.0,Falhou fi
2:31:22,9082,kegann999,Kegann999,positivo,1.0,gostei mano
2:31:22,9082,monza_furioso,monza_furioso,confuso,1.0,um arvore?
2:31:22,9082,davisouza78,davisouza78,neutro,1.0,O LAZARO TÁ AÍ
2:31:23,9083,eutavabem,eutavabem,neutro,1.0,dando
2:31:23,9083,ivctor,ivctor,neutro,1.0,ue
2:31:24,9084,set7____,Set7____,confuso,1.0,vc voltou a morar ai ou ta visitando?
2:31:25,9085,pontoporiablainvillei,pontoporiablainvillei,neutro,1.0,tendi
2:31:25,9085,walterzero9,walterzero9,engraçado,0.5,ta de ferias ai Baka? ou voltou para ficar?
2:31:27,9087,kaiman16,kaiman16,confuso,1.0,??????
2:31:28,9088,solza_,Solza_,neutro,1.0,bakagaFrog
2:31:28,9088,deonehzio,DeoNehzio,neutro,1.0,Nada acontece e feijoada
2:31:29,9089,gabrierf,gabrierf,confuso,1.0,CAGA NO MATO?
2:31:29,9089,pedepanomttriste,PeDePanoMtTriste,confuso,1.0,Desovado no Mato?
2:31:29,9089,beyond_desolation2,Beyond_Desolation2,neutro,1.0,..
2:31:29,9089,renattico,renattico,neutro,1.0,oxe
2:31:30,9090,salamanderfps,salamanderfps,neutro,1.0,Masturbano
2:31:31,9091,alandavl,alandavl,neutro,1.0,slep slep
2:31:31,9091,kaiman16,kaiman16,neutro,1.0,esquizo
2:31:32,9092,suprem696969,suprem696969,confuso,1.0,???
2:31:32,9092,gustavugnar,gustavugnar,neutro,1.0,vegetando
2:31:32,9092,palhaco7,palhaco7,neutro,1.0,Oxe
2:31:33,9093,hiimlukk,hiimlukk,engraçado,1.0,kkkkkkkkkkkkkkkkkkkkk
2:31:33,9093,kegann999,Kegann999,positivo,1.0,mt foda virar uma árvore
2:31:34,9094,pulchram12,pulchram12,neutro,1.0,Q
2:31:34,9094,renattico,renattico,confuso,1.0,ta sendo comido?
2:31:35,9095,bagreeeeeeeee,BAGREeeeeeeee,neutro,1.0,Vegetando
2:31:36,9096,raid900,raid900,neutro,1.0,raid900 gifted a Tier 1 sub to blaut05! This is their first Gift Sub in the channel!
2:31:37,9097,lipe_mp4,lipe_mp4,neutro,1.0,vai fechar quer ve
2:31:38,9098,davi_akzin,davi_akzin,engraçado,1.0,kkkkkkkkkkkkkkk
2:31:38,9098,jaooveed,jaooveed,positivo,1.0,Boa
2:31:38,9098,pedreirosensualizador,pedreirosensualizador,confuso,1.0,Um mato?
2:31:38,9098,pedro_polegar,pedro_polegar,confuso,1.0,Roendo osso?
2:31:39,9099,suprem696969,suprem696969,confuso,1.0,nao entendi
2:31:39,9099,yuri_7887_,Yuri_7887_,neutro,1.0,Fique Nu
2:31:39,9099,darcknesworld,darcknesworld,engraçado,1.0,kkkkkkkkkkkkkkkkkk
2:31:40,9100,kthyosu,kthyosu,neutro,1.0,aluado
2:31:41,9101,bananils0n_farofa,Bananils0n_farofa,neutro,1.0,Legal
2:31:41,9101,acairoxo,acairoxo,engraçado,1.0,também queria comer brócolis
2:31:41,9101,m4dlyn,m4dlyn,neutro,1.0,é o masturbas
2:31:41,9101,peterdcn,peterdcn,engraçado,1.0,bakagaFrog otário
2:31:42,9102,deonehzio,DeoNehzio,engraçado,1.0,Kkkkkkkkkkkk
2:31:43,9103,beyond_desolation2,Beyond_Desolation2,engraçado,1.0,kkkkkkkkkkkkkkkk
2:31:43,9103,solza_,Solza_,neutro,1.0,juwieBooty
2:31:43,9103,guilhermee__02,guilhermee__02,confuso,1.0,Ué
2:31:44,9104,coolmelado,coolmelado,confuso,1.0,Ué
2:31:44,9104,palhaco7,palhaco7,neutro,1.0,Ata
2:31:44,9104,bakalovers,bakalovers,engraçado,1.0,Crinjou
2:31:44,9104,passarobllue,passarobllue,neutro,1.0,AKAPAKAPK
2:31:45,9105,kawalyansky,kawalyansky,neutro,1.0,lá ele
2:31:45,9105,arki_core1,arki_core1,neutro,1.0,Akakakkaaka
2:31:45,9105,gustavee07,gustavee07,neutro,1.0,fod
2:31:46,9106,catchau2005,catchau2005,neutro,1.0,CUIDADO COM A FLORESTA LOGAN PAUL
2:31:46,9106,schneid3n,schneid3n,neutro,1.0,Árvore veiuda
2:31:46,9106,lipe_mp4,lipe_mp4,engraçado,1.0,ata kkkkkkkkkkkkkk
2:31:48,9108,lunoky,lunoky,neutro,1.0,Dormiu de olho aberto
2:31:48,9108,jettasz,jettasz,engraçado,1.0,kkkkkkkkkkkkkkkkkk
2:31:49,9109,nighttoff,NighttOff,engraçado,1.0,KKKKKKKKKKKKKKK
2:31:49,9109,pulchram12,pulchram12,engraçado,1.0,kkkkkkkkkkkkkk
2:31:50,9110,pontoporiablainvillei,pontoporiablainvillei,neutro,1.0,mentiroso pra caralho
2:31:50,9110,clyttex,clyttex,neutro,1.0,Tá mijando
2:31:50,9110,kthyosu,kthyosu,neutro,1.0,encantador
2:31:50,9110,reneejunior03,ReneeJunior03,engraçado,1.0,kkkkkkkkkkkkkkkkkkkkk
2:31:51,9111,kennazx,kennazx,neutro,1.0,GZ LOGO
2:31:51,9111,coolmelado,coolmelado,neutro,1.0,Faz piadinha ai
2:31:52,9112,pedreirosensualizador,pedreirosensualizador,neutro,1.0,Silêncio constrangedor
2:31:52,9112,gustavee07,gustavee07,engraçado,1.0,KKKKKK
2:31:52,9112,avatard0crime,avatard0crime,engraçado,1.0,Kkkk
2:31:53,9113,jaooveed,jaooveed,engraçado,1.0,KKKKKKKKKKKKKK
2:31:55,9115,heyman91939,heyman91939,engraçado,1.0,kkkkkkkkkkkkkkk
2:31:56,9116,ivctor,ivctor,neutro,1.0,ja desiste ja
2:31:56,9116,leandro_v98,leandro_v98,engraçado,1.0,Kkkkkkkkkkkkkkk
2:31:57,9117,kegann999,Kegann999,engraçado,1.0,KKKKKKKKK
2:31:59,9119,pulchram12,pulchram12,engraçado,1.0,kkkkkkkkkkkkkkkkkkkkkkkkk
2:31:59,9119,davisouza78,davisouza78,engraçado,1.0,Kkkkkkkkkkkkkkkkkkkkkk
2:31:59,9119,deonehzio,DeoNehzio,engraçado,0.5,O cara tentou fazer a piada sendo que a piada é ele
2:31:59,9119,lipe_mp4,lipe_mp4,engraçado,1.0,kkkkkkk
2:32:00,9120,morttusdornitska,morttusdornitska,neutro,1.0,perdeu o time
2:32:00,9120,darcknesworld,darcknesworld,engraçado,1.0,kkkkkkkkkkkkkkkkkkkkkkk
2:32:02,9122,kthyosu,kthyosu,negativo,1.0,live lixo
2:32:02,9122,kennazx,kennazx,engraçado,1.0,KKKKKKKKKKKKKKKKKKKKKKKKK
2:32:02,9122,dlemonster,DlEmonster,neutro,1.0,profisionalismo
2:32:03,9123,coolmelado,coolmelado,neutro,1.0,NAO CHEGOU LÁ
2:32:04,9124,eddie_campelo,eddie_campelo,neutro,1.0,Se perdeu no personagem
2:32:06,9126,pedro_polegar,pedro_polegar,neutro,1.0,Volta lá tava uma paz
2:32:09,9129,pulchram12,pulchram12,neutro,1.0,Passou vergonha mana
2:32:10,9130,yuri_7887_,Yuri_7887_,neutro,1.0,"Fique pelado, eu sou o dragão guerreiro!!!"
2:32:11,9131,nighttoff,NighttOff,engraçado,1.0,Até o celular tá velho kkkkkkkkk
2:32:12,9132,gustavee07,gustavee07,neutro,1.0,TOdo fudido
2:32:14,9134,guilhermee__02,guilhermee__02,neutro,1.0,Resenha cancelada
2:32:14,9134,jadonny89,jadonny89,neutro,1.0,baka to começando na fotografia tem alguma dica
2:32:15,9135,lipe_mp4,lipe_mp4,neutro,1.0,NT po
2:32:16,9136,passarobllue,passarobllue,engraçado,1.0,Faz a piada de novo
2:32:16,9136,lunoky,lunoky,neutro,1.0,Apaga
2:32:18,9138,evertonryden,evertonryden,neutro,1.0,acabou time
2:32:19,9139,kthyosu,kthyosu,neutro,1.0,paia 👎
2:32:19,9139,xenohfanes,xenohfanes,engraçado,1.0,conteúdo falido hahahhahahah
2:32:19,9139,coolmelado,coolmelado,neutro,1.0,Clipa
2:32:21,9141,artuurbr21,artuurbr21,neutro,1.0,mais uma prova q a live é rerun
2:32:23,9143,acairoxo,acairoxo,neutro,1.0,cara ficar pelado da menos vergonha
2:32:23,9143,arki_core1,arki_core1,negativo,1.0,Flopou
2:32:23,9143,renattico,renattico,neutro,1.0,guarda chuva quebrado
2:32:25,9145,deonehzio,DeoNehzio,neutro,1.0,Anda aí nessa pedra pra ficar no crack crack das pedras
2:32:25,9145,hiena2000,hiena2000,positivo,1.0,arvore parece uma pika veiuda
2:32:25,9145,mwm93,Mwm93,neutro,1.0,"Vai direto ate a praça, onde ta tudo em obra e os carro não passa"
2:32:25,9145,professorakpopercomunista,professorakpopercomunista,positivo,1.0,bom que a live segue sucateada como sempre foi
2:32:25,9145,telmobr,TelmoBR,neutro,1.0,caminhod as pedras
2:32:27,9147,gabriedu22,gabriedu22,confuso,1.0,Se passar em baixo do portão pega buff?
2:32:27,9147,bananils0n_farofa,Bananils0n_farofa,neutro,1.0,Eu fechava a live dps dessa
2:32:27,9147,bakalovers,bakalovers,engraçado,0.667,Cheer1 nem as piadas ensaiadas hj estão dando certo. tempos sombrios
2:32:29,9149,p3t1_z3n,p3t1_z3n,confuso,1.0,video da volta ja tem ?
2:32:30,9150,pedro_polegar,pedro_polegar,neutro,1.0,Dou 1 real
2:32:30,9150,solza_,Solza_,positivo,1.0,depois dessa é melhor acabar a live e fingir que nunca aconteceu
2:32:31,9151,gustavee07,gustavee07,neutro,1.0,f
2:32:36,9156,pedreirosensualizador,pedreirosensualizador,positivo,0.333,Essa falha miserável tá melhor q a piada
2:32:38,9158,arki_core1,arki_core1,neutro,1.0,F
2:32:38,9158,ivctor,ivctor,neutro,1.0,perdeu aura
2:32:40,9160,p3t1_z3n,p3t1_z3n,confuso,1.0,EXPLICAÇÃO DA VOLTA JA TA NO YT BAKA ?
2:32:41,9161,kthyosu,kthyosu,neutro,1.0,infelizmente agora voce vai ter que se matar
2:32:42,9162,gustavee07,gustavee07,confuso,1.0,imita ai oque voce ia manda
2:32:44,9164,kaiman16,kaiman16,positivo,1.0,acreditamos no seu potencial
2:32:44,9164,yuri_7887_,Yuri_7887_,confuso,1.0,Finje que isso n aconteceu
2:32:45,9165,felipex_05,felipex_05,engraçado,0.5,caralho do nada mané ta so turistando ou vai voltar a morar ai por um tempo?
2:32:47,9167,wi1ill,Wi1iLL,positivo,1.0,um bom filho a casa torna
2:32:47,9167,passarobllue,passarobllue,neutro,1.0,"Eu olho pra esse Mato e ja penso em bater a enxada, o trabalho me destruiu"
2:32:47,9167,deonehzio,DeoNehzio,positivo,1.0,No meio de algo foda o bagulho vai soltar a cena
2:32:48,9168,mistoquxnte,mistoquxnte,positivo,0.5,nunca vamos saber como ele queria tá
2:32:48,9168,lipe_mp4,lipe_mp4,neutro,1.0,eu fechava a live
2:32:48,9168,corsahatch07,CorsaHatch07,neutro,1.0,databaseKeking
2:32:48,9168,yoshipaulistano1,yoshipaulistano1,positivo,0.5,"Salve baka, voltou firme com as lives ou é esporádico ?"
2:32:49,9169,salamanderfps,salamanderfps,engraçado,1.0,Celular é um J5
2:32:51,9171,vinisoaress_,vinisoaress_,engraçado,1.0,certeza q era o chines nas nuvens kkkkkkkkkk
2:32:57,9177,dlemonster,DlEmonster,positivo,1.0,"no meio do parque vai ter um ""bom dia, bom dia"""
2:32:58,9178,beyond_desolation2,Beyond_Desolation2,neutro,1.0,k
2:32:59,9179,morttusdornitska,morttusdornitska,neutro,1.0,nn teve o prazer
2:32:59,9179,pedepanomttriste,PeDePanoMtTriste,neutro,1.0,Entreteu
2:33:00,9180,yuri_7887_,Yuri_7887_,neutro,1.0,Mostre o penis
2:33:01,9181,suprem696969,suprem696969,neutro,1.0,voce não é o dragão guerreiro
2:33:02,9182,lunoky,lunoky,neutro,1.0,AGR só resta morrer
2:33:02,9182,deonehzio,DeoNehzio,neutro,1.0,É né
2:33:03,9183,renattico,renattico,neutro,1.0,parque ibirapuera
2:33:06,9186,nighttoff,NighttOff,neutro,1.0,"Vai vendo, vai trocar pra frontal do nada"
2:33:07,9187,vinizinlm,vinizinlm,neutro,1.0,que saldade bakkaaaa
2:33:07,9187,pedro_polegar,pedro_polegar,neutro,1.0,Daqui pra frente só pra trás
2:33:08,9188,andre_wubba_lubba_dub_dub,andre_wubba_lubba_dub_dub,confuso,1.0,passeando no Japão?
2:33:12,9192,eddie_campelo,eddie_campelo,engraçado,1.0,O roteiro vai se criando
2:33:12,9192,mistoquxnte,mistoquxnte,positivo,1.0,bom dia pra quem nos quer bem
2:33:14,9194,gustavee07,gustavee07,neutro,1.0,tudo pensADO
2:33:17,9197,botelhokunavara96,botelhoKunavara96,neutro,1.0,Shush
2:33:17,9197,xenohfanes,xenohfanes,neutro,1.0,é o finges
2:33:17,9197,coolmelado,coolmelado,neutro,1.0,Foi engraçado Baka!
2:33:20,9200,noresolvenorecall,noresolvenorecall,positivo,1.0,samos betas para voce...........
2:33:20,9200,carolina_yubari,Carolina_Yubari,neutro,1.0,!followage
2:33:20,9200,morttusdornitska,morttusdornitska,neutro,1.0,pesou o clima
2:33:21,9201,p_incubus,p_incubus,positivo,1.0,Um boa noite pra quem é de boa noite
2:33:22,9202,felipex_05,felipex_05,engraçado,1.0,ta so turistando ou vai voltar a morar ai por um tempo bakola
2:33:23,9203,pedepanomttriste,PeDePanoMtTriste,neutro,1.0,A gente é limitado mesmo
2:33:23,9203,p3t1_z3n,p3t1_z3n,engraçado,1.0,BAKA VC EH UM VISIONARIO
2:33:25,9205,yuri_7887_,Yuri_7887_,neutro,1.0,roube eles
2:33:25,9205,lipe_mp4,lipe_mp4,neutro,1.0,jeniu
2:33:26,9206,luxnis_,luxnis_,neutro,1.0,Qual foi
2:33:27,9207,pedro_polegar,pedro_polegar,engraçado,1.0,Visionário sem visão
2:33:29,9209,o_lol_faliu,o_lol_faliu,neutro,1.0,"sim, só penso na sua traseira"
2:33:29,9209,arki_core1,arki_core1,neutro,1.0,Só pensam atrás
2:33:31,9211,guilhermee__02,guilhermee__02,engraçado,1.0,Patrick
2:33:32,9212,deonehzio,DeoNehzio,neutro,1.0,Eu tava eaperando a galinha fazendo embaixadinha
2:33:33,9213,juinha56,juinha56,positivo,0.5,essa é a famosa cerra da macaca?
2:33:36,9216,rrodrigossx,rrodrigossx,neutro,1.0,Tá indo pra floresta dos seis caminhos
2:33:38,9218,salamanderfps,salamanderfps,neutro,1.0,As arvores japonesas sao creepy
2:33:44,9224,wesleykolomar_br,wesleykolomar_br,neutro,1.0,!followage
2:33:45,9225,pedepanomttriste,PeDePanoMtTriste,neutro,1.0,É o fim
2:33:47,9227,f0rninho,f0rninho,neutro,1.0,pensei que no japao tinha 5g até nas arvores
2:33:48,9228,nallp_,Nallp_,neutro,1.0,baka vai dar a desculpa que a live caiu pra encerar ela
2:33:48,9228,kegann999,Kegann999,confuso,1.0,coqueiros man
2:33:50,9230,botelhokunavara96,botelhoKunavara96,neutro,1.0,Pau Brazil
2:33:52,9232,asrielobr,asrielobr,confuso,1.0,ai q fica Teresopolis?
2:33:52,9232,eddie_campelo,eddie_campelo,engraçado,1.0,Visionário míope
2:33:53,9233,hiimlukk,hiimlukk,neutro,1.0,a ilha é pra la >>>>>>>>>>
2:33:55,9235,venturinnii,venturinnii,neutro,1.0,A volta dos que não foram
2:33:55,9235,charly_mint,Charly_mint,neutro,1.0,punhetaço no mato
2:33:58,9238,kivratal,kivratal,neutro,1.0,deus me livre
2:33:58,9238,kegann999,Kegann999,neutro,1.0,eu fui banido
2:33:58,9238,p_incubus,p_incubus,engraçado,0.5,o que vão comer o cu do bakão apelão na serra de Ubatuba-sp é brincadeira
2:34:01,9241,dards39,dards39,confuso,1.0,É aí que tem o budão?
2:34:01,9241,pedro_polegar,pedro_polegar,confuso,1.0,Aquele hospício?
2:34:02,9242,dlemonster,DlEmonster,confuso,1.0,tem aluguel de bike?
2:34:03,9243,ruizl17,ruizl17,confuso,1.0,"baka, da pra dormir no banheiro do aviao indo pro japao?"
2:34:03,9243,jaooveed,jaooveed,confuso,1.0,Tá no parque vila lobos??
2:34:03,9243,kennazx,kennazx,neutro,1.0,"OH LEE VC JÁ PROVOU, JA PROVOU"
2:34:04,9244,r_lira28,r_lira28,neutro,1.0,véio dms
2:34:05,9245,andreyyyy_,andreyyyy_,neutro,1.0,tomei ban da IDM por raidar a CDG
2:34:07,9247,p_incubus,p_incubus,neutro,1.0,ta tossindo
2:34:08,9248,zardrez,Zardrez,neutro,1.0,isso ai é osasco deixa de mentir
2:34:09,9249,gustavee07,gustavee07,neutro,1.0,noooooo
2:34:14,9254,arki_core1,arki_core1,engraçado,1.0,Eu estava usando droga nessa época kkkkk
2:34:17,9257,renattico,renattico,engraçado,1.0,nossa perequetar é cringe
2:34:18,9258,ivctor,ivctor,engraçado,0.5,tão rindo de vc baka vai deixar?
2:34:18,9258,gustavee07,gustavee07,neutro,1.0,volta nao
2:34:18,9258,coxinhaa04,coxinhaa04,confuso,1.0,Vai fazer live do Halloween?
2:34:20,9260,lipe_mp4,lipe_mp4,confuso,1.0,ilha Epstein?
2:34:21,9261,noiiiii445,noiiiii445,neutro,1.0,caralho passos de mc mesmo
2:34:21,9261,eutavabem,eutavabem,confuso,1.0,SERÁ QUE DA PRA FAZER UM SEXO NESSE MATAGAL?
2:34:21,9261,p3t1_z3n,p3t1_z3n,engraçado,1.0,VISIONARIO DE VENDA NOS OLHOS = CHAT
2:34:21,9261,pedro_polegar,pedro_polegar,neutro,1.0,Quem tomou ban da ilha da macacada nem é gente
2:34:24,9264,noiiiii445,noiiiii445,neutro,1.0,identico
2:34:25,9265,eddie_campelo,eddie_campelo,neutro,1.0,Tá on
2:34:25,9265,imfilty,ImFilty,neutro,1.0,eu tava comendo terra
2:34:28,9268,vinizinlm,vinizinlm,neutro,1.0,"pessoal vai te achar estranho, dar meia volta"
2:34:29,9269,deonehzio,DeoNehzio,neutro,1.0,"Vixi, já começou a desculpa pra fechar a live, Baka vai deixar a gente mais 1 dia com o saco roxo"
2:34:30,9270,pedepanomttriste,PeDePanoMtTriste,engraçado,1.0,Krlh o próprio herobrine
2:34:31,9271,p_incubus,p_incubus,neutro,1.0,Evoluimos do passo do bob esponja de galocha pro passo de mine
2:34:32,9272,carolina_yubari,Carolina_Yubari,neutro,1.0,Ploc ploc ploc
2:34:33,9273,mwm93,Mwm93,confuso,1.0,"Vc era uma anão da chan, Baka?"
2:34:33,9273,largartixa_columbia,largartixa_columbia,neutro,1.0,ele ta fingindo cair o sinal pra não ultrapassar a realidade simulada
2:34:34,9274,guilhermee__02,guilhermee__02,engraçado,0.5,Que minério e esse no chão?
2:34:36,9276,gustavee07,gustavee07,engraçado,1.0,kkkkkkkkkkkkkkkkkkkkkkkk
2:34:37,9277,suprem696969,suprem696969,confuso,1.0,que cidade é essa?
2:34:41,9281,garibalds,garibalds,positivo,1.0,"macaco bom é macaco gold, bons tempos"
2:34:44,9284,notedink466,notedink466,neutro,1.0,GoodOne
2:34:49,9289,charly_mint,Charly_mint,neutro,1.0,japa do cabelo azul
2:34:50,9290,kaiman16,kaiman16,neutro,1.0,eu estava assistindo venom extreme nessa epoca
2:34:51,9291,noiiiii445,noiiiii445,neutro,1.0,@suprem696969 hollywood
2:34:51,9291,nighttoff,NighttOff,neutro,1.0,Pessoal da CDG é papo de invenção federal
2:34:53,9293,gustavee07,gustavee07,neutro,1.0,beba uma agua do mine
2:34:56,9296,pedepanomttriste,PeDePanoMtTriste,neutro,1.0,"Eu era um dos grandes naquele grupo, infelizmente conheci as drogas nesssa época"
2:34:57,9297,schneid3n,schneid3n,neutro,1.0,irashaimassen
2:34:57,9297,p3t1_z3n,p3t1_z3n,confuso,1.0,O PANDA É UM TIPO DE MACACO ?
2:35:02,9302,raid900,raid900,neutro,1.0,GoodOne
2:35:02,9302,andrecanedo,AndreCanedo,positivo,0.5,Tamo no Senso-ji?
2:35:04,9304,beyond_desolation2,Beyond_Desolation2,confuso,1.0,Tu fazia parte da VASP?
2:35:04,9304,pulchram12,pulchram12,neutro,1.0,CaitThinking
2:35:10,9310,bhcbmds_0,bhcbmds_0,neutro,1.0,"(BUIKA, 2013)"
2:35:10,9310,kennazx,kennazx,confuso,1.0,FALA BAKKA É HJ QUE VC VAI PRO PUTEIRO?
2:35:11,9311,suprem696969,suprem696969,neutro,1.0,@noiiiii445 bem que eu tava suspeitando
2:35:11,9311,rrodrigossx,rrodrigossx,confuso,1.0,Essa q é a yakisoba no Japão?
2:35:22,9322,deonehzio,DeoNehzio,engraçado,0.5,Que horas começa o siriricaço?
2:35:22,9322,coolmelado,coolmelado,neutro,1.0,Evita Dog
2:35:22,9322,acairoxo,acairoxo,positivo,1.0,nada como o bom e velho racismo
2:35:26,9326,todyyn69,todyyn69,neutro,1.0,O homem macaco.....
2:35:31,9331,pedepanomttriste,PeDePanoMtTriste,confuso,1.0,E a Atea? Era diversão hein
2:35:32,9332,corsahatch07,CorsaHatch07,neutro,1.0,GoodOne
2:35:33,9333,telmobr,TelmoBR,neutro,1.0,vaspt vupt
2:35:43,9343,yuri_7887_,Yuri_7887_,neutro,1.0,LEMBE O BANCO
2:35:50,9350,renattico,renattico,neutro,1.0,nao
2:35:50,9350,pedepanomttriste,PeDePanoMtTriste,neutro,1.0,Putefra
2:35:51,9351,noiiiii445,noiiiii445,neutro,1.0,putreficar
2:35:57,9357,coolmelado,coolmelado,neutro,1.0,Putefar é o correto
2:35:59,9359,mwm93,Mwm93,neutro,1.0,Baka tem cara que era um anão de chans internet a fora
2:35:59,9359,pedepanomttriste,PeDePanoMtTriste,neutro,1.0,Retire
2:36:01,9361,r_lira28,r_lira28,neutro,1.0,desbugalhar
2:36:05,9365,yuri_7887_,Yuri_7887_,neutro,1.0,LEMBE OS BOTÃO DO ELEVADOR
2:36:05,9365,eddie_campelo,eddie_campelo,neutro,1.0,Pode ser um ataque cardíaco
2:36:06,9366,deonehzio,DeoNehzio,confuso,1.0,O mamadasso tá liberado ou só ta valendo o punhetaço?
2:36:11,9371,dlemonster,DlEmonster,neutro,1.0,debulhar
2:36:11,9371,gustavee07,gustavee07,neutro,1.0,homen aranha de volta a macacada
2:36:12,9372,mistoquxnte,mistoquxnte,neutro,1.0,que som é esse
2:36:13,9373,renattico,renattico,neutro,1.0,o gordo cansou
2:36:13,9373,anrak92,Anrak92,confuso,1.0,Naruto?
2:36:16,9376,kise_ryota__,Kise_Ryota__,neutro,1.0,fica de cócoras aí
2:36:17,9377,rrodrigossx,rrodrigossx,neutro,1.0,Ta nem chovendo
2:36:18,9378,nighttoff,NighttOff,neutro,1.0,"Ternamente sim, com essa cara de cadáver"
2:36:18,9378,pedromidero,Pedromidero,confuso,1.0,foi deportado do brasil?
2:36:24,9384,xandeus,Xandeus,confuso,1.0,pq voltou pro JP? foi pelos soapland?
2:36:24,9384,pedreirosensualizador,pedreirosensualizador,engraçado,1.0,Cuidado com o estraclitoris man
2:36:30,9390,clyttex,clyttex,confuso,1.0,Era ai que o casal estavam tirando fotos e você atrapalhou?
2:36:34,9394,renaoaoao157,renaoaoao157,neutro,1.0,!clima
2:36:35,9395,nightbot,Nightbot,neutro,1.0,Agora em Tokyo tá 71F (22C)
2:36:36,9396,andre_wubba_lubba_dub_dub,andre_wubba_lubba_dub_dub,confuso,1.0,Baka foi deportado do Brasil?
2:36:38,9398,gamessbrandao,gamessbrandao,neutro,1.0,Onde vai acontecer a reunião da calvolandia
2:36:39,9399,kaiman16,kaiman16,positivo,1.0,gordo é foda
2:36:41,9401,pedepanomttriste,PeDePanoMtTriste,neutro,1.0,Japonês fofissemo tentando por o capuz
2:36:42,9402,eddie_campelo,eddie_campelo,engraçado,1.0,Sentar na calçada é crime no Japão
2:36:42,9402,noiiiii445,noiiiii445,neutro,1.0,ql o nome do protagonista do tokyo ghoul ele passou ali
2:36:44,9404,mwm93,Mwm93,neutro,1.0,Olha ele procurando um cantinho pra se enfiar e encerrar a live
2:36:45,9405,felipex_05,felipex_05,engraçado,1.0,e ai paizao ta so turistando ou vai voltar a morar ai ze cu
2:36:45,9405,patriste_,patriste_,confuso,1.0,tá indo aí procurar emprego?
2:36:47,9407,xandeus,Xandeus,neutro,1.0,vira
2:36:48,9408,bhcbmds_0,bhcbmds_0,neutro,1.0,Beba alco e coma talco
2:36:48,9408,kennazx,kennazx,positivo,1.0,QUE CARA LINDO
2:36:48,9408,pedro_polegar,pedro_polegar,confuso,1.0,Ah pronto acabou o punhetaço os caras tao querendo brotheragem aqui
2:36:48,9408,charly_mint,Charly_mint,neutro,1.0,MEU DEUS QUE SUSTO
2:36:49,9409,vinizinlm,vinizinlm,confuso,1.0,óculos?
2:36:49,9409,yuri_ferreir,yuri_ferreir,neutro,1.0,Opaa
2:36:50,9410,mistoquxnte,mistoquxnte,neutro,1.0,parece minha tia
2:36:50,9410,xandeus,Xandeus,neutro,1.0,vira a camera
2:36:51,9411,mongedeceramica,mongedeceramica,neutro,1.0,@andre_wubba_lubba_dub_dub caiu no esquema do dark horse
2:36:51,9411,o_lol_faliu,o_lol_faliu,negativo,1.0,muito feio
2:36:52,9412,noiiiii445,noiiiii445,neutro,1.0,NOSSA VC EVENLHECEU MUITO
2:36:52,9412,renattico,renattico,confuso,1.0,gore pode?
2:36:53,9413,hiimlukk,hiimlukk,neutro,1.0,Este homem setá calvo e broxa
2:36:53,9413,toupz,toupz,negativo,1.0,q bixo feio
2:36:54,9414,eulasei,eulasei,neutro,1.0,EarnedIt
2:36:54,9414,pedepanomttriste,PeDePanoMtTriste,confuso,1.0,Voce ja sonhou com esse homem?
2:36:55,9415,passarobllue,passarobllue,positivo,0.5,É fácil arrumar namorada ai no japao baka?
2:36:56,9416,jaooveed,jaooveed,engraçado,1.0,Cara de coitado kkkkkkkkkk
2:36:57,9417,rrodrigossx,rrodrigossx,neutro,1.0,Visita um grupo de kpop
2:36:57,9417,chronu_,Chronu_,neutro,1.0,O careca do banco master extraditou ele
2:37:01,9421,deonehzio,DeoNehzio,engraçado,1.0,Libera logo pro siriricaço
2:37:02,9422,renaoaoao157,renaoaoao157,neutro,1.0,!hora
2:37:02,9422,nightbot,Nightbot,neutro,1.0,08:43:21 JST no Japão. Hora de dar o buraco.
2:37:07,9427,arki_core1,arki_core1,neutro,1.0,Ocrus sujo
2:37:07,9427,darcknesworld,darcknesworld,engraçado,1.0,jjkkkkkkkkkkkk
2:37:07,9427,xandeus,Xandeus,neutro,1.0,quiser q joga na cara vc fala
2:37:09,9429,nighttoff,NighttOff,neutro,1.0,Cara de CLT
2:37:13,9433,lunoky,lunoky,engraçado,1.0,Kkk
2:37:13,9433,suprem696969,suprem696969,neutro,1.0,abre a boca
2:37:17,9437,renattico,renattico,neutro,1.0,e o vorcaro ein
2:37:17,9437,hellsing0123,hellsing0123,confuso,1.0,baka vc voltou a morar no japao ou só esta de viagem?
2:37:17,9437,telmobr,TelmoBR,confuso,1.0,esse que é o tal do nouz?
2:37:18,9438,o_lol_faliu,o_lol_faliu,neutro,1.0,so foi mostrar a cara que caiu 100 views
2:37:22,9442,moralethic,moralethic,engraçado,1.0,kkkkk
2:37:22,9442,pedepanomttriste,PeDePanoMtTriste,neutro,1.0,Mano vsf o baka aparece 2seg em tela os cara começa a esculachar
2:37:23,9443,beyond_desolation2,Beyond_Desolation2,engraçado,1.0,kkkkk
2:37:23,9443,gvcf01,gvcf01,engraçado,0.5,@rrodrigossx ele voltou de vez?
2:37:23,9443,reneejunior03,ReneeJunior03,engraçado,1.0,kkkkkkkkkkkkkkkkkkk
2:37:23,9443,lolls2,lolls2,neutro,1.0,acabado
2:37:23,9443,patriste_,patriste_,engraçado,1.0,kkkkkkkkkkk
2:37:23,9443,andre_wubba_lubba_dub_dub,andre_wubba_lubba_dub_dub,neutro,1.0,@mongedeceramica sabia!
2:37:23,9443,noiiiii445,noiiiii445,neutro,1.0,ano passado voce era 10 anos mais jovem o brasil acabou cntg
2:37:25,9445,duh_dudu_edu,duh_dudu_edu,engraçado,1.0,kkk
2:37:25,9445,eddie_campelo,eddie_campelo,neutro,1.0,Põe um copo na frente e recebe umas moedas
2:37:27,9447,heyman91939,heyman91939,engraçado,1.0,kkkkkkkkkkkkkkkk
2:37:27,9447,bananils0n_farofa,Bananils0n_farofa,engraçado,1.0,KKKKKKK
2:37:27,9447,mistoquxnte,mistoquxnte,neutro,1.0,ah nao
2:37:27,9447,noiiiii445,noiiiii445,engraçado,0.667,kkkkkkkkk ?
2:37:28,9448,yuri_ferreir,yuri_ferreir,neutro,1.0,Kreygasm Kreygasm
2:37:28,9448,darcknesworld,darcknesworld,engraçado,1.0,kkkkkkkkkkkkkkkkkkkkkkk
2:37:28,9448,wesleykolomar_br,wesleykolomar_br,neutro,1.0,foi
2:37:28,9448,pulchram12,pulchram12,engraçado,1.0,kkkkkkkkk
2:37:29,9449,kegann999,Kegann999,engraçado,0.667,boa KKKKKK
2:37:29,9449,asuresd,AsureSD,neutro,1.0,demorou mas veio
2:37:29,9449,yuri_7887_,Yuri_7887_,engraçado,1.0,"CARALHO, O NARIZ DO MANO AINDA TA CHEGANDO NO JAPÃO"
2:37:29,9449,ivctor,ivctor,neutro,1.0,slk
2:37:29,9449,kaiman16,kaiman16,engraçado,1.0,kkkkkkkkkk
2:37:29,9449,yurymota,YuryMota,engraçado,1.0,kkkkkk
2:37:29,9449,deonehzio,DeoNehzio,engraçado,1.0,Kkkkkkkk
2:37:29,9449,julynhatoys,JulynhaToys,engraçado,1.0,julynhHahaha julynhHahaha julynhHahaha julynhHahaha
2:37:30,9450,alexom_303,alexom_303,neutro,1.0,baka feche os olhos e abra a bunda
2:37:30,9450,arki_core1,arki_core1,neutro,1.0,Agora veio
2:37:30,9450,carolina_yubari,Carolina_Yubari,neutro,1.0,Garotas cavalo
2:37:30,9450,avatard0crime,avatard0crime,engraçado,1.0,Kkkkkk
2:37:31,9451,evertonryden,evertonryden,engraçado,1.0,kkkkkkkk
2:37:31,9451,vikariai_duke,vikariai_duke,engraçado,1.0,KKKkkkkkkkk
2:37:31,9451,jaooveed,jaooveed,engraçado,1.0,Foooi kkkkkkkkkk
2:37:32,9452,phaantomlord,PhaantomLord,neutro,1.0,brutal
2:37:32,9452,monza_furioso,monza_furioso,neutro,1.0,c loco
2:37:32,9452,andre_wubba_lubba_dub_dub,andre_wubba_lubba_dub_dub,neutro,1.0,tá parecendo minha tia
2:37:32,9452,pedreirosensualizador,pedreirosensualizador,neutro,1.0,"Não Man, tem graça nao"
2:37:33,9453,thalessalbego,thalessalbego,neutro,1.0,Tá roubando todo o ar do Japão
2:37:33,9453,davi_akzin,davi_akzin,engraçado,1.0,kkkkkkkkkkkkkkkkkk
2:37:34,9454,levini01,LeVini01,engraçado,1.0,databaseOMEGALUL
2:37:34,9454,igh0r5,Igh0r5,engraçado,1.0,kkkkkkkkkkk
2:37:34,9454,dlemonster,DlEmonster,neutro,1.0,chill
2:37:35,9455,renattico,renattico,engraçado,1.0,kkkkkk
2:37:35,9455,gustavee07,gustavee07,positivo,1.0,ta bom baka
2:37:35,9455,guilhermesl45,guilhermesl45,neutro,1.0,Cabo
2:37:36,9456,this_is_pedro,This_is_Pedro,neutro,1.0,Cinema
2:37:36,9456,lana_tomioka,lana_tomioka,neutro,1.0,F
2:37:36,9456,xabriel98,Xabriel98,engraçado,1.0,kkkkkkkk
2:37:36,9456,monza_furioso,monza_furioso,neutro,1.0,Deixa eu terminar de jantar pelo menos
2:37:36,9456,nighttoff,NighttOff,engraçado,1.0,KKKKKKKKKKKKKKKK
2:37:37,9457,mongedeceramica,mongedeceramica,neutro,1.0,djbill3Vinil djbill3Vinil djbill3Vinil djbill3Vinil
2:37:38,9458,lunoky,lunoky,neutro,1.0,Eu nesse momento
2:37:39,9459,rkknn6,rkknn6,engraçado,1.0,kkkk
2:37:39,9459,coolmelado,coolmelado,neutro,1.0,Babaka
2:37:40,9460,julynhatoys,JulynhaToys,engraçado,1.0,julynhHahaha julynhHahaha julynhHahaha julynhHahaha julynhHahaha julynhHahaha
2:37:42,9462,pedepanomttriste,PeDePanoMtTriste,neutro,1.0,Eu ai
2:37:42,9462,ruizl17,ruizl17,neutro,1.0,HUAHUDAUDAHUDHUAS
2:37:42,9462,sngabs,sngabs,neutro,1.0,a cara do Hannibal
2:37:42,9462,marie_bsts,Marie_Bsts,engraçado,1.0,kkkkkkkk
2:37:42,9462,pedreirosensualizador,pedreirosensualizador,neutro,1.0,China VIBES
2:37:42,9462,vms_jpg,vms_jpg,neutro,1.0,"Baka me arranja um emprego por favor, to surtando no meu"
2:37:43,9463,yorudan_j,Yorudan_J,neutro,1.0,pode nao ma
2:37:43,9463,liitz__,LiiTz__,neutro,1.0,'-'
2:37:45,9465,this_is_pedro,This_is_Pedro,neutro,1.0,Amém
2:37:45,9465,zemaoo6,Zemaoo6,neutro,1.0,DinoDance DinoDance DinoDance
2:37:46,9466,pulchram12,pulchram12,neutro,1.0,sushid17Lowcortisol sushid17Lowcortisol
2:37:46,9466,coolmelado,coolmelado,neutro,1.0,BABAKA
2:37:47,9467,solza_,Solza_,neutro,1.0,mrkazPato
2:37:48,9468,noiiiii445,noiiiii445,neutro,1.0,q q ta acontecendo nesse lugar
2:37:48,9468,acairoxo,acairoxo,neutro,1.0,parece ppropaganda do spotfy
2:37:49,9469,arki_core1,arki_core1,neutro,1.0,DinoDance DinoDance DinoDance
2:37:49,9469,suprem696969,suprem696969,neutro,1.0,que estrutura
2:37:49,9469,lipe_mp4,lipe_mp4,neutro,1.0,q nice em
2:37:50,9470,beyond_desolation2,Beyond_Desolation2,neutro,1.0,Já ouvi essa música em um vídeo
2:37:50,9470,renattico,renattico,neutro,1.0,"é rapaziada, baka acabou msm"
2:37:51,9471,mongedeceramica,mongedeceramica,neutro,1.0,djbill3Gira djbill3Gira djbill3Gira djbill3Doomsday
2:37:55,9475,reneejunior03,ReneeJunior03,positivo,1.0,boa baka conseguiu seu gancho
2:37:56,9476,carolina_yubari,Carolina_Yubari,neutro,1.0,Pausa cigarro do baka
2:37:56,9476,nexus_jp,nexus_jp,neutro,1.0,NICE
2:37:58,9478,lipe_mp4,lipe_mp4,neutro,1.0,q good é essa
2:37:58,9478,imvitorsan,ImVitorSan,neutro,1.0,encerrrou a live
2:37:58,9478,bakalovers,bakalovers,positivo,1.0,Cheer1 pior que mesmo atrasado foi bom
2:37:59,9479,bhcbmds_0,bhcbmds_0,neutro,1.0,Agora sim ficou maneiro :D
2:38:01,9481,duh_dudu_edu,duh_dudu_edu,neutro,1.0,kk
2:38:01,9481,nallp_,Nallp_,engraçado,1.0,agora vai varias de uma vez kkkkkkkk
2:38:01,9481,guilhermesl45,guilhermesl45,engraçado,0.667,Q isso kkkkk
2:38:02,9482,pedreirosensualizador,pedreirosensualizador,neutro,1.0,Aí perdeu a linha
2:38:02,9482,patriste_,patriste_,neutro,1.0,bilada
2:38:03,9483,solza_,Solza_,neutro,1.0,mrkazLaele
2:38:03,9483,bakalovee,bakalovee,neutro,1.0,DinoDance
2:38:04,9484,nexus_jp,nexus_jp,engraçado,1.0,KKKKKKKKKKKKKKKKKKKKKKKKKKK
2:38:04,9484,kegann999,Kegann999,engraçado,1.0,KKKKKKKKKKKKKK
2:38:04,9484,gustavee07,gustavee07,engraçado,1.0,kkkkkkkkkkkk
2:38:05,9485,vtinhogamer,vtinhogamer,engraçado,1.0,kkkkkkkkkkkkkkkkkk
2:38:05,9485,eddie_campelo,eddie_campelo,neutro,1.0,Cabo
2:38:06,9486,arki_core1,arki_core1,neutro,1.0,DinoDance
2:38:06,9486,lunoky,lunoky,neutro,1.0,😳
2:38:07,9487,xablau_xyz,xablau_xyz,confuso,1.0,?????????????
2:38:07,9487,alexom_303,alexom_303,engraçado,1.0,KKKKKKKKKKKKKKKKKKK
2:38:07,9487,lipe_mp4,lipe_mp4,engraçado,1.0,kkkkkkkkkkkk
2:38:08,9488,wesleykolomar_br,wesleykolomar_br,neutro,1.0,parece AD  do spotfy
2:38:08,9488,gabrelnascimento,gabrelnascimento,engraçado,1.0,Wtf
2:38:08,9488,moralethic,moralethic,engraçado,1.0,hipper5Lolli
2:38:09,9489,gustavee07,gustavee07,neutro,1.0,que issso
2:38:09,9489,arki_core1,arki_core1,neutro,1.0,Akakkaakakakama
2:38:10,9490,this_is_pedro,This_is_Pedro,engraçado,1.0,KKKKKKKKKKKKKKKKKKK
2:38:10,9490,jaooveed,jaooveed,neutro,1.0,Que qualidade cara 😭🙌
2:38:11,9491,a_palavra_cabalistica_eh,凹凸凹凸凹凸凹凸凹凸凹,confuso,1.0,que isso velinho
2:38:11,9491,darcknesworld,darcknesworld,engraçado,1.0,kkkkkkkkkkkkkkkkkkkkkkkkkkk
2:38:11,9491,marteeww,marteeww,confuso,1.0,cabou?
2:38:12,9492,flaviz44,flaviz44,engraçado,1.0,kkkkkkkk
2:38:13,9493,pedro_polegar,pedro_polegar,engraçado,0.667,Q merda mané kkkkkk
2:38:14,9494,kennazx,kennazx,confuso,1.0,CD A LIVE?
2:38:14,9494,akirosetonai,AkiroSetonai,engraçado,1.0,KKKKKKKKKKKKKKKKK
2:38:15,9495,felipedkalves,FelipeDKAlves,engraçado,1.0,kkkkkkkkkkk
2:38:16,9496,renattico,renattico,engraçado,1.0,kkkkkkkkk
2:38:16,9496,marcosssantoro,MarcossSantoro,engraçado,0.5,q isso.. kkk
2:38:16,9496,nighttoff,NighttOff,engraçado,0.667,QUE ISSO KKKKKKKKKKKKKKKKK
2:38:17,9497,avatard0crime,avatard0crime,engraçado,1.0,Kkkkkkkkk
2:38:17,9497,kthyosu,kthyosu,neutro,1.0,humor questionável
2:38:18,9498,zriki___,zRiKi___,engraçado,1.0,kkkkkkkkkkkkkkkkkkkkkkk
2:38:18,9498,maikon7501,maikon7501,engraçado,1.0,Kkkkkk
2:38:19,9499,levini01,LeVini01,neutro,1.0,databaseKEKW
2:38:20,9500,kkgoji,kkgoji,engraçado,0.667,KKKKKKKKKKKKKKKKK namoral
2:38:20,9500,igh0r5,Igh0r5,engraçado,1.0,do nada kkkkkkk
2:38:20,9500,brunosb654,brunosb654,engraçado,1.0,Kkkkkkkkkkkkkkkkkkkkk
2:38:21,9501,mongedeceramica,mongedeceramica,neutro,1.0,djbill3Paulofreire djbill3Paulofreire
2:38:21,9501,thalladruid,Thalladruid,engraçado,1.0,KKKKKKKKKKKKK
2:38:21,9501,snowzinhooodobaire,雪が少ない,confuso,1.0,?????
2:38:22,9502,gustavee07,gustavee07,neutro,1.0,warne ta diferente
2:38:22,9502,kennazx,kennazx,confuso,1.0,GG ENTÃO?
2:38:22,9502,largartixa_columbia,largartixa_columbia,neutro,1.0,Q PRR É ESSA KAKAKAKAKA
2:38:24,9504,eddie_campelo,eddie_campelo,engraçado,1.0,Kkkkkkk
2:38:25,9505,pulchram12,pulchram12,neutro,1.0,👏👏👏👏👏👏👏
2:38:25,9505,sushidobaire,sushidobaire,neutro,1.0,emocionante
2:38:26,9506,lipe_mp4,lipe_mp4,neutro,1.0,q absurdo
2:38:26,9506,sousply,sousply,engraçado,1.0,KKKKKKKKKKKKKKKKKKKKK INTANKAVEL KKKKKK
2:38:27,9507,jeffersonaguiar20,JeffersonAguiar20,engraçado,1.0,tá parecendo o vilão do batman do Robert Pattinson kkkkkkkkkkkkkkkkk
2:38:27,9507,noiiiii445,noiiiii445,neutro,1.0,;-;
2:38:27,9507,mistoquxnte,mistoquxnte,frustrado,1.0,ta querendo espantar o publico pra fechar a live logo pqp
2:38:28,9508,darcknesworld,darcknesworld,engraçado,1.0,kkkkkkkkkkkkkkkkk
2:38:32,9512,xablau_xyz,xablau_xyz,neutro,1.0,promissor
2:38:33,9513,nexus_jp,nexus_jp,engraçado,1.0,KKKKKKKKKK
2:38:34,9514,danizitogm,DanizitoGM,confuso,1.0,?
2:38:34,9514,guilhermesl45,guilhermesl45,confuso,1.0,Ué
2:38:34,9514,maikon7501,maikon7501,engraçado,1.0,Kkkkk
2:38:35,9515,yurymota,YuryMota,engraçado,1.0,kkkkkkkk
2:38:35,9515,suprem696969,suprem696969,positivo,1.0,boa
2:38:36,9516,arki_core1,arki_core1,neutro,1.0,O pir
2:38:37,9517,pedepanomttriste,PeDePanoMtTriste,neutro,1.0,Música linda do krlh
2:38:38,9518,gabrelnascimento,gabrelnascimento,neutro,1.0,Esse homem é maluco
2:38:38,9518,this_is_pedro,This_is_Pedro,confuso,1.0,?
2:38:38,9518,reneejunior03,ReneeJunior03,neutro,1.0,então é assim que vão ser os ads neurais na epoca do cyberpunk
2:38:38,9518,xenohfanes,xenohfanes,confuso,1.0,cavalo bebendo detergente?
2:38:39,9519,kennazx,kennazx,positivo,0.667,"MUITO LINDO HJ BAKA, POSSO FAZER AMOR COM VC?"
2:38:40,9520,venturinnii,venturinnii,neutro,1.0,Tem que ser muito cuiudo pra ser o Baka
2:38:40,9520,mi_de_mikasa,Mi_de_Mikasa,engraçado,0.667,q isso cara kkkkkkkkkkkkkkkkk
2:38:40,9520,norphius,norphius,engraçado,1.0,kkkkkkkkkkkkkkkkkkkkkk
2:38:41,9521,moralethic,moralethic,neutro,1.0,fez sua gracinha
2:38:41,9521,pulchram12,pulchram12,neutro,1.0,Chorei
2:38:41,9521,pontoporiablainvillei,pontoporiablainvillei,neutro,1.0,nunca mais faça isso
2:38:42,9522,ivctor,ivctor,engraçado,0.5,enviou a piada por correio fdp?
2:38:42,9522,arki_core1,arki_core1,neutro,1.0,Akakakak
2:38:44,9524,eddie_campelo,eddie_campelo,neutro,1.0,Volto
2:38:45,9525,kkgoji,kkgoji,confuso,1.0,que isso baka...
2:38:45,9525,gustavee07,gustavee07,neutro,1.0,sinixtro
2:38:45,9525,jaooveed,jaooveed,positivo,1.0,Simplesmente maravilhoso
2:38:46,9526,eifarne,eifarne,neutro,1.0,que musica linda
2:38:46,9526,o_lol_faliu,o_lol_faliu,positivo,1.0,caiu a qualidade ja foi melhor
2:38:46,9526,beatrizcrotti,beatrizcrotti,neutro,1.0,KAKKSKSAKSAKSAKKSK
2:38:46,9526,dnzinn5_,dnzinn5_,engraçado,1.0,Kkkkkkkkkkkk
2:38:46,9526,pedro_polegar,pedro_polegar,neutro,1.0,Isso aqui é um hospício
2:38:46,9526,this_is_pedro,This_is_Pedro,neutro,1.0,Recomeçou a live
2:38:46,9526,gracefull_goat,gracefull_goat,neutro,1.0,absolute cinema
2:38:47,9527,pedepanomttriste,PeDePanoMtTriste,neutro,1.0,É pra chorar filho
2:38:47,9527,marteeww,marteeww,confuso,1.0,?????
2:38:48,9528,akirosetonai,AkiroSetonai,neutro,1.0,Perdeu a linha KK
2:38:49,9529,gvcf01,gvcf01,engraçado,0.5,@carolina_yubari ele voltou de vez?
2:38:49,9529,arki_core1,arki_core1,neutro,1.0,Para de ser bobo
2:38:50,9530,guilhermee__02,guilhermee__02,neutro,1.0,Love song
2:38:50,9530,mozafu_,mozafu_,engraçado,0.5,baka como é o grindr no japao?
2:38:51,9531,marcosssantoro,MarcossSantoro,neutro,1.0,pausa estratégica pra mijar
2:38:51,9531,lunoky,lunoky,engraçado,1.0,Kkkk
2:38:51,9531,kenshiro88888,kenshiro88888,engraçado,1.0,kkkkkkkkkkk
2:38:53,9533,this_is_pedro,This_is_Pedro,neutro,1.0,Deu um susto agora ein
2:38:54,9534,wesleykolomar_br,wesleykolomar_br,neutro,1.0,esse som nussa
2:38:55,9535,charly_mint,Charly_mint,neutro,1.0,parque fudido nao tem um banco pra mendigo dormir
2:38:55,9535,marteeww,marteeww,positivo,1.0,vira homem lindo
2:38:59,9539,rodriigogms,rodriigogms,neutro,1.0,os mod tão maluco
2:39:00,9540,renattico,renattico,confuso,1.0,"e o cu, ja deu hj?"
2:39:03,9543,schneid3n,schneid3n,neutro,1.0,!promiscuidade
2:39:04,9544,srspiderr,srspiderr,positivo,1.0,era melhor ter visto um add de bet
2:39:06,9546,marteeww,marteeww,confuso,1.0,ninguém vai embora aqui nao
2:39:06,9546,coolmelado,coolmelado,engraçado,1.0,FAAAKKK
2:39:06,9546,pedepanomttriste,PeDePanoMtTriste,neutro,1.0,Édificio
2:39:08,9548,ootaida,ooTaida,confuso,1.0,vai ficar quanto tempo ai dessa vez?
2:39:12,9552,lanko_1,Lanko_1,neutro,1.0,é só diminuir o delay oras
2:39:12,9552,mongedeceramica,mongedeceramica,neutro,1.0,chip da oi ai no japão
2:39:12,9552,eddie_campelo,eddie_campelo,neutro,1.0,100 pessoas sairam
2:39:13,9553,lipe_mp4,lipe_mp4,neutro,1.0,Live Sucata
2:39:14,9554,marteeww,marteeww,neutro,1.0,17h de love no mínimo
2:39:17,9557,maruj00,maruj00,neutro,1.0,Ele também tá com jatpack
2:39:17,9557,kise_ryota__,Kise_Ryota__,neutro,1.0,vc vai voltar a velha forma. tá que nem o Bruce no terceiro filme do bátima
2:39:19,9559,noiiiii445,noiiiii445,engraçado,1.0,atrasou o salario eles meteram um delay nessa porra
2:39:19,9559,abnerxtx,AbnerXTX,confuso,1.0,oxe voltou pq?
2:39:20,9560,pedro_polegar,pedro_polegar,positivo,0.5,Tem muita vaga pra ser morador de rua aí? To pensando em ir parece que o mercado ta bom
2:39:20,9560,bhcbmds_0,bhcbmds_0,neutro,1.0,"Quando tava ficando legal, o cr volta."
2:39:24,9564,gabrelnascimento,gabrelnascimento,neutro,1.0,É pq n tem mendigo
2:39:24,9564,arki_core1,arki_core1,neutro,1.0,Tempos difíceis
2:39:25,9565,pedepanomttriste,PeDePanoMtTriste,neutro,1.0,Geme nao filha
2:39:27,9567,chronu_,Chronu_,confuso,1.0,Onde você achou o portal pro Japão? aqui perto de casa só spawnou dois pro Jacarézinho
2:39:30,9570,erickhsn,erickhsn,neutro,1.0,só mais 15 min baka
2:39:30,9570,eddie_campelo,eddie_campelo,neutro,1.0,Ou 100 bots
2:39:31,9571,mwm93,Mwm93,confuso,1.0,Que fim levou o canal nOuz??
2:39:31,9571,palhaco7,palhaco7,confuso,1.0,Vai dá tchau?
2:39:32,9572,erickhsn,erickhsn,neutro,1.0,vc consegue
2:39:34,9574,patriste_,patriste_,neutro,1.0,é que o certo era ele tá abaixado igual qualquer japones medio
2:39:36,9576,lunoky,lunoky,positivo,1.0,Deus é perfeito
2:39:36,9576,xandeus,Xandeus,neutro,1.0,voltou pro japao pelas views ctz
2:39:37,9577,izakee,izakee,confuso,1.0,eu entrei vc sai?
2:39:38,9578,pulchram12,pulchram12,neutro,1.0,Tchau
2:39:38,9578,pedepanomttriste,PeDePanoMtTriste,neutro,1.0,Vai o krai
2:39:39,9579,beyond_desolation2,Beyond_Desolation2,neutro,1.0,Fraco
2:39:39,9579,beatrizcrotti,beatrizcrotti,positivo,1.0,te amo baka
2:39:39,9579,palhaco7,palhaco7,neutro,1.0,Tchau pipoca
2:39:39,9579,caipirinha_2007,caipirinha_2007,positivo,1.0,FODA
2:39:40,9580,wesleykolomar_br,wesleykolomar_br,neutro,1.0,já
2:39:41,9581,kise_ryota__,Kise_Ryota__,neutro,1.0,óculos todo moladinho
2:39:42,9582,o_lol_faliu,o_lol_faliu,neutro,1.0,todo fedido
2:39:42,9582,merligus,Merligus,confuso,1.0,ta molhadinh??
2:39:43,9583,lanko_1,Lanko_1,engraçado,1.0,que fdp kkk
2:39:44,9584,otirik19,OTIRIK19,neutro,1.0,espera a porra das 3hrs
2:39:45,9585,gabrierf,gabrierf,neutro,1.0,TA MOLHADINHO
2:39:48,9588,nighttoff,NighttOff,neutro,1.0,Chega já
2:39:49,9589,reneejunior03,ReneeJunior03,engraçado,1.0,20 min pra fechar duas horinha
2:39:49,9589,lunoky,lunoky,neutro,1.0,Vai dormir mano
2:39:51,9591,nallp_,Nallp_,confuso,1.0,vai ficar salvo o vod?
2:39:51,9591,deonehzio,DeoNehzio,neutro,1.0,Fap fap fap
2:39:51,9591,kise_ryota__,Kise_Ryota__,neutro,1.0,vai descansar
2:39:52,9592,gvcf01,gvcf01,confuso,1.0,@abnerxtx ele voltou de vez?
2:39:52,9592,el_v1nny,el_v1nny,neutro,1.0,Tá parecendo o Ohara em 2011
2:39:52,9592,caiopinto120887,caiopinto120887,confuso,1.0,Hoje?
2:39:52,9592,caipirinha_2007,caipirinha_2007,neutro,1.0,2:40 JA
2:39:54,9594,gustavee07,gustavee07,neutro,1.0,15 minuto de live
2:39:54,9594,eddie_campelo,eddie_campelo,neutro,1.0,Todo molhadinho
2:39:55,9595,pedepanomttriste,PeDePanoMtTriste,neutro,1.0,Virou shorts
2:39:55,9595,bakalovers,bakalovers,positivo,1.0,Cheer1 ve se não some cara
2:39:55,9595,balcantt,balcantt,neutro,1.0,+2h vai
2:39:56,9596,renatorgal,Renatorgal,confuso,1.0,ele vai morar lá dnv?
2:39:56,9596,suprem696969,suprem696969,neutro,1.0,tem que jogar os 90 minutos
2:39:56,9596,noiiiii445,noiiiii445,neutro,1.0,td bem entendemos que a idade esta acabando cntg
2:39:57,9597,kegann999,Kegann999,neutro,1.0,bate uma ai dog
2:39:58,9598,jaooveed,jaooveed,confuso,1.0,MAIS JÁ?
2:39:58,9598,this_is_pedro,This_is_Pedro,neutro,1.0,Volta parte do caminho em Live
2:39:59,9599,caipirinha_2007,caipirinha_2007,neutro,1.0,BATEU O PONTO...
2:40:00,9600,gabrelnascimento,gabrelnascimento,neutro,1.0,Ta todo molhadinho
2:40:01,9601,pagung027,pagung027,confuso,1.0,e o punhetaço??????????
2:40:01,9601,mwm93,Mwm93,confuso,1.0,Live com a Julynha amanha de manha?
2:40:01,9601,julynhatoys,JulynhaToys,neutro,1.0,"Descansa aí cara, a gente faz por esses dias julynhYay"
2:40:01,9601,gustavee07,gustavee07,neutro,1.0,cu tudo sujo
2:40:02,9602,cabol,Cabol,confuso,1.0,live mais tarde ?
2:40:03,9603,pedro_polegar,pedro_polegar,neutro,1.0,Tomou banho graças a Deus
2:40:06,9606,levini01,LeVini01,neutro,1.0,databaseSkip  va va
2:40:06,9606,yuri_7887_,Yuri_7887_,engraçado,1.0,NARIZ DO MANO PARECE UMA BATATA
2:40:06,9606,tobleroneopicional,tobleroneopicional,neutro,1.0,TRABALHE BAKA TRABALHE
2:40:07,9607,nexus_jp,nexus_jp,engraçado,1.0,@eutavabem queria saber isso
2:40:07,9607,bananils0n_farofa,Bananils0n_farofa,neutro,1.0,Vai dormir
2:40:08,9608,vinizinlm,vinizinlm,neutro,1.0,bateu o ponto anual
2:40:09,9609,deonehzio,DeoNehzio,neutro,1.0,Mais um dia com o saco roxo
2:40:10,9610,pedepanomttriste,PeDePanoMtTriste,neutro,1.0,Nao mi olha assim
2:40:12,9612,renattico,renattico,neutro,1.0,punhetaçõ
2:40:12,9612,wesleykolomar_br,wesleykolomar_br,positivo,1.0,GG então bom descanso
2:40:12,9612,professorakpopercomunista,professorakpopercomunista,neutro,1.0,descansa filhao
2:40:13,9613,guilhermee__02,guilhermee__02,neutro,1.0,Você me parece animado + uma hora
2:40:13,9613,bigwasted88,bigwasted88,confuso,1.0,que horas a live com a JulynhaToys?
2:40:14,9614,heyman91939,heyman91939,neutro,1.0,3 mil horas ja de live
2:40:14,9614,sushidobaire,sushidobaire,positivo,1.0,bom soninho mano sushid17Boreldance
2:40:14,9614,yuri_7887_,Yuri_7887_,neutro,1.0,VC PARECE UMA IDOSA
2:40:16,9616,dlemonster,DlEmonster,neutro,1.0,esculhambado
2:40:16,9616,ootaida,ooTaida,confuso,1.0,punhetasso marcado pra amanha entao?
2:40:18,9618,lunoky,lunoky,neutro,1.0,Tá só o sal
2:40:18,9618,p3t1_z3n,p3t1_z3n,neutro,1.0,BAKA QUAL É A PIOR PARTE DE MORAR NO JAPAO
2:40:21,9621,pulchram12,pulchram12,frustrado,1.0,sushid17Noiscomebosta
2:40:21,9621,4shenkk,4shenkk,confuso,1.0,cosplay de simpsons?
2:40:21,9621,ayase_taki,ayase_taki,positivo,1.0,bakagaPikasafado bakagaPikasafado bakagaPikasafado bakagaPikasafado bakagaPikasafado bakagaPikasafado
2:40:22,9622,venturinnii,venturinnii,neutro,1.0,Aga
2:40:22,9622,arki_core1,arki_core1,neutro,1.0,Ele começa bem e termina como mendigo kk
2:40:23,9623,kthyosu,kthyosu,engraçado,1.0,ce ta parecendo um professor com salário de 3 meses atrasado
2:40:23,9623,moisesthunder,moisesthunder,confuso,1.0,Quando a próxima live?
2:40:23,9623,eddie_campelo,eddie_campelo,neutro,1.0,Pede um dinheiro aí
2:40:24,9624,chat_da_live,chat_da_live,confuso,1.0,ta na bahia?
2:40:25,9625,this_is_pedro,This_is_Pedro,engraçado,1.0,Idade de aposentadoria
2:40:25,9625,jaooveed,jaooveed,confuso,1.0,Só ano q vem agr ?
2:40:25,9625,noiiiii445,noiiiii445,neutro,1.0,ocu
2:40:26,9626,nighttoff,NighttOff,neutro,1.0,Tmj
2:40:27,9627,noiiiii445,noiiiii445,neutro,1.0,ah ta
2:40:28,9628,igh0r5,Igh0r5,neutro,1.0,é isso então
2:40:29,9629,mun1zvictor,Mun1zVictor,positivo,1.0,Vlw mano
2:40:29,9629,raianwz,RaianWZ,neutro,1.0,Até
2:40:29,9629,charly_mint,Charly_mint,neutro,1.0,o7
2:40:29,9629,pulchram12,pulchram12,neutro,1.0,W BAKA GAIJIN
2:40:29,9629,pedepanomttriste,PeDePanoMtTriste,positivo,0.5,Tamo junto primo se cuida
2:40:30,9630,levini01,LeVini01,neutro,1.0,databasePeepoHey
2:40:30,9630,kegann999,Kegann999,neutro,1.0,flw mano até sua volta ao brasil
2:40:30,9630,wesleyp2p,wesleyp2p,positivo,1.0,Valeu baka
2:40:30,9630,nexus_jp,nexus_jp,neutro,1.0,TMJ
2:40:30,9630,duh_dudu_edu,duh_dudu_edu,positivo,1.0,vlw vlw
2:40:32,9632,vinizinlm,vinizinlm,confuso,1.0,vai ficar no vod???
2:40:32,9632,ivctor,ivctor,confuso,1.0,ja vai encerrar? o cara ta preguiçoso mesmo
2:40:32,9632,beyond_desolation2,Beyond_Desolation2,confuso,1.0,Com um suéter tu vira uma vó
2:40:33,9633,tenshininwings,tenshininwings,neutro,1.0,foi massa demais!
2:40:33,9633,gabrelnascimento,gabrelnascimento,positivo,0.333,Obrigado todo mundo que deu
2:40:33,9633,bakalovee,bakalovee,neutro,1.0,Tmj
2:40:33,9633,gustavee07,gustavee07,neutro,1.0,tchau
2:40:34,9634,cosmisaki,cosmisaki,confuso,1.0,Ele ja disse quanto tempo vai passar no Japão?
2:40:34,9634,noiiiii445,noiiiii445,neutro,1.0,o7
2:40:34,9634,nexus_jp,nexus_jp,positivo,1.0,ate baka vlw
2:40:34,9634,marcosssantoro,MarcossSantoro,neutro,1.0,flw flw
2:40:35,9635,reycaveira706,reycaveira706,confuso,1.0,Vai chora?
2:40:35,9635,eddie_campelo,eddie_campelo,positivo,1.0,Vlw
2:40:35,9635,igh0r5,Igh0r5,neutro,1.0,tmj
2:40:36,9636,kise_ryota__,Kise_Ryota__,neutro,1.0,matane
2:40:36,9636,marryros098,marryros098,positivo,1.0,Tamo junto
2:40:36,9636,avatard0crime,avatard0crime,neutro,1.0,Tmj
2:40:36,9636,pedepanomttriste,PeDePanoMtTriste,neutro,1.0,Xau
2:40:36,9636,yuri_7887_,Yuri_7887_,positivo,1.0,VLW
2:40:36,9636,lipe_mp4,lipe_mp4,neutro,1.0,tmj
2:40:36,9636,gustavee07,gustavee07,neutro,1.0,flw
2:40:36,9636,maikon7501,maikon7501,neutro,1.0,@sushidobaire vc aqui
2:40:36,9636,p3t1_z3n,p3t1_z3n,neutro,1.0,EI SE ACALME
2:40:37,9637,wesleykolomar_br,wesleykolomar_br,neutro,1.0,W
2:40:37,9637,akirosetonai,AkiroSetonai,neutro,1.0,tamus juntu
2:40:37,9637,erickhsn,erickhsn,neutro,1.0,até
2:40:38,9638,guilhermee__02,guilhermee__02,neutro,1.0,Até
2:40:38,9638,mun1zvictor,Mun1zVictor,neutro,1.0,Beijo na nádega
2:40:38,9638,nexus_jp,nexus_jp,neutro,1.0,foi massa
2:40:40,9640,gabriedu22,gabriedu22,neutro,1.0,GoldPLZ
2:40:40,9640,pulchram12,pulchram12,neutro,1.0,SeemsGood
2:40:40,9640,caipirinha_2007,caipirinha_2007,neutro,1.0,FLW
2:40:41,9641,asuresd,AsureSD,positivo,1.0,valeu papai
2:40:41,9641,jaooveed,jaooveed,positivo,1.0,Vlwww
2:40:41,9641,kthyosu,kthyosu,neutro,1.0,adeus
2:40:41,9641,brunosb654,brunosb654,positivo,1.0,Vlw
2:40:42,9642,gustavee07,gustavee07,engraçado,1.0,kjkkkkkkkk
2:40:42,9642,xablau_xyz,xablau_xyz,neutro,1.0,até
2:40:42,9642,bagreeeeeeeee,BAGREeeeeeeee,neutro,1.0,Flw
2:40:42,9642,p3t1_z3n,p3t1_z3n,neutro,1.0,EI SE ACALME NAO VA
2:40:43,9643,ifoodbeneficios,ifoodbeneficios,neutro,1.0,K
2:40:43,9643,deonehzio,DeoNehzio,engraçado,1.0,bakagaHaha1 bakagaHaha1 bakagaHaha1 bakagaHaha1 bakagaHaha1 bakagaHaha1
2:40:43,9643,darcknesworld,darcknesworld,engraçado,1.0,kkkkkkkk
2:40:43,9643,el_v1nny,el_v1nny,engraçado,1.0,Kkkkkkkk
2:40:44,9644,arki_core1,arki_core1,neutro,1.0,Daqui um mês né
2:40:44,9644,igh0r5,Igh0r5,neutro,1.0,flw
2:40:44,9644,hang0verx,Hang0verx,neutro,1.0,"Tmj, valeeu mano"
2:40:45,9645,beyond_desolation2,Beyond_Desolation2,engraçado,1.0,KKKKKKK
2:40:45,9645,jaooveed,jaooveed,neutro,1.0,Flwww
2:40:47,9647,caipirinha_2007,caipirinha_2007,neutro,1.0,TPcrunchyroll
2:40:47,9647,ermigi_,Ermigi_,positivo,1.0,Valeu!
2:40:47,9647,gustavee07,gustavee07,neutro,1.0,baka velho
2:40:47,9647,pulchram12,pulchram12,neutro,1.0,HeyGuys HeyGuys HeyGuys HeyGuys
2:40:48,9648,vinizinlm,vinizinlm,positivo,1.0,vlwww
2:40:48,9648,alexom_303,alexom_303,positivo,1.0,Vlw
2:40:48,9648,marryros098,marryros098,neutro,1.0,VoHiYo VoHiYo VoHiYo SeemsGood SeemsGood SeemsGood SeemsGood
2:40:48,9648,lanko_1,Lanko_1,engraçado,1.0,kkkkkkkkkkkk
2:40:49,9649,tobleroneopicional,tobleroneopicional,neutro,1.0,FLW CRAQUITO
2:40:49,9649,eochris03,eochris03,neutro,1.0,flws
2:40:50,9650,lipe_mp4,lipe_mp4,engraçado,1.0,kkkkkkkkkkkkkkkkkkkkkk
2:40:50,9650,pedepanomttriste,PeDePanoMtTriste,neutro,1.0,Lambida no seio
2:40:51,9651,hiena2000,hiena2000,neutro,1.0,gg
2:40:51,9651,xablau_xyz,xablau_xyz,engraçado,1.0,KKKKKK slop
2:40:51,9651,vinicius9398,vinicius9398,positivo,1.0,Vlw
2:40:51,9651,ivctor,ivctor,confuso,1.0,"beijo na solda baka, ate a proxima"
2:40:51,9651,jvitor_ju,Jvitor_ju,neutro,1.0,tchauzinho Bakinha
2:40:53,9653,this_is_pedro,This_is_Pedro,positivo,1.0,Imagem foda
2:40:53,9653,avatard0crime,avatard0crime,engraçado,1.0,Kkkkkkkk
2:40:53,9653,lipe_mp4,lipe_mp4,neutro,1.0,CRACK NETO
2:40:54,9654,duh_dudu_edu,duh_dudu_edu,engraçado,1.0,KKKKKKKKKKKK
2:40:54,9654,ruizl17,ruizl17,neutro,1.0,HAUHDUAHDUAHDUAS
2:40:55,9655,iceraptron,iceraptron,neutro,1.0,beijos linda
2:40:55,9655,kawalyansky,kawalyansky,engraçado,1.0,kkkk
2:40:55,9655,darcknesworld,darcknesworld,engraçado,1.0,kkkkkkkkkkkkkkkkkkkkkkkkkk
2:40:55,9655,bananils0n_farofa,Bananils0n_farofa,engraçado,1.0,KKKKKKKKK
2:40:55,9655,zriki___,zRiKi___,engraçado,1.0,kkkkkkkkkkkkk
2:40:55,9655,akirosetonai,AkiroSetonai,engraçado,1.0,KKKKKKKKKK
2:40:55,9655,dnzinn5_,dnzinn5_,neutro,1.0,Fe fé baka
2:40:55,9655,pulchram12,pulchram12,engraçado,1.0,kkkkkkkk
2:40:55,9655,nexus_jp,nexus_jp,neutro,1.0,Flw rapaize flw baka
2:40:56,9656,ifoodbeneficios,ifoodbeneficios,engraçado,1.0,KKKKKKKKKKKKKKKKK
2:40:56,9656,botelhokunavara96,botelhoKunavara96,neutro,1.0,By
2:40:56,9656,vinizinlm,vinizinlm,engraçado,1.0,kkkkkkkk
2:40:56,9656,beyond_desolation2,Beyond_Desolation2,neutro,1.0,7Cinema
2:40:56,9656,jaooveed,jaooveed,engraçado,1.0,KKKKKKKKKKKKKKKKK
2:40:57,9657,renattico,renattico,engraçado,1.0,kkkkkkkkkkk
2:40:58,9658,renatorgal,Renatorgal,neutro,1.0,!japao
2:40:58,9658,wesleykolomar_br,wesleykolomar_br,positivo,0.5,solta o hino do corno CASCÃO! Salve o corin
2:40:58,9658,lucas_camargus,Lucas_Camargus,engraçado,1.0,kkkkkkkk
2:40:58,9658,gabrelnascimento,gabrelnascimento,neutro,1.0,MDS KSKKSKKSK
2:40:58,9658,arki_core1,arki_core1,neutro,1.0,Akakakkakaakakaakaka
2:40:59,9659,arisfodeles,arisfodeles,engraçado,1.0,Kkkkkkkkk
2:40:59,9659,alexom_303,alexom_303,engraçado,1.0,KKKKKKKKKKKKKKKKKKKK
2:40:59,9659,kaiman16,kaiman16,engraçado,1.0,kkkkkkkkkkkk
2:40:59,9659,moralethic,moralethic,frustrado,1.0,merda e essa
2:40:59,9659,this_is_pedro,This_is_Pedro,engraçado,1.0,KKKKKKKKKKKKKKKKKKK
2:41:00,9660,eddie_campelo,eddie_campelo,neutro,1.0,Todo carcomido
2:41:00,9660,yurymota,YuryMota,engraçado,1.0,kkkkkkkkkkkkk
2:41:00,9660,zemaoo6,Zemaoo6,engraçado,1.0,Kkkkkkkkk
2:41:00,9660,mxykonkk,mxykonkk,engraçado,1.0,KKKKKKKKKKKKKKK
2:41:01,9661,igh0r5,Igh0r5,engraçado,1.0,kkkkkkkkkkkkkk
2:41:01,9661,ootaida,ooTaida,engraçado,1.0,kkkkkkkkkkkkkkkkkkkkkkkkkkkk coe
2:41:01,9661,imvitorsan,ImVitorSan,engraçado,1.0,kkkkkk
2:41:02,9662,darcknesworld,darcknesworld,engraçado,1.0,kkkkkkkkkkkkkkkkkkkkkk
2:41:02,9662,lipe_mp4,lipe_mp4,neutro,1.0,CRACK NETO... CRACK
2:41:02,9662,cborgue_jv,cborgue_jv,neutro,1.0,Num vai daaaaaaah
2:41:03,9663,marteeww,marteeww,neutro,1.0,kzkzkzkzkzkzkzkkzkz vaca
2:41:03,9663,marryros098,marryros098,neutro,1.0,Kakakakaa
2:41:04,9664,izakee,izakee,engraçado,1.0,kkkkkkkkkkkkkkkkkkkkk
2:41:04,9664,parcival_x,Parcival_x,engraçado,0.667,?kkkkkkkkkkkkkk
2:41:05,9665,kaiman16,kaiman16,neutro,1.0,mano
2:41:05,9665,deonehzio,DeoNehzio,confuso,1.0,Cadê o PISCA?
2:41:05,9665,sad_sosa,sad_sosa,positivo,1.0,Vlw baka
2:41:06,9666,gustavee07,gustavee07,engraçado,1.0,vai curintha
2:41:06,9666,duh_dudu_edu,duh_dudu_edu,engraçado,1.0,KKKKKKKKKKKKKKKKK
2:41:07,9667,this_is_pedro,This_is_Pedro,neutro,1.0,Cinema absoluto
2:41:07,9667,eddie_campelo,eddie_campelo,engraçado,1.0,Ahahahahahahahaha
2:41:08,9668,wesleyp2p,wesleyp2p,neutro,1.0,Craque Neto do nada KK
2:41:10,9670,darcknesworld,darcknesworld,neutro,1.0,do nada
2:41:10,9670,marteeww,marteeww,neutro,1.0,tchau gato
2:41:11,9671,jphaidar,JPHaidar,engraçado,1.0,kkkkkkkkkkkk
2:41:11,9671,alexom_303,alexom_303,neutro,1.0,oloco
2:41:12,9672,arki_core1,arki_core1,neutro,1.0,Não estava preparada
2:41:12,9672,lunoky,lunoky,neutro,1.0,arrepiei
2:41:13,9673,moralethic,moralethic,neutro,1.0,hipper5Dentin
2:41:13,9673,caipirinha_2007,caipirinha_2007,engraçado,1.0,KKKKKK
2:41:13,9673,pulchram12,pulchram12,engraçado,1.0,Kkkkkkkkkkkkk
2:41:14,9674,nexus_jp,nexus_jp,engraçado,1.0,KKKKKKKKKKKKKK
2:41:16,9676,jaooveed,jaooveed,neutro,1.0,CRAQUE CHAN
2:41:16,9676,this_is_pedro,This_is_Pedro,engraçado,1.0,KKKKKKKKKKKKKKKKKKK tchau
2:41:17,9677,beyond_desolation2,Beyond_Desolation2,neutro,1.0,7Cinema 7Cinema
2:41:18,9678,jeanpalma_s,JeanPalma_S,neutro,1.0,Poético
2:41:19,9679,deonehzio,DeoNehzio,neutro,1.0,bakagaCalvo bakagaCalvo bakagaCalvo bakagaCalvo bakagaCalvo
2:41:20,9680,eddie_campelo,eddie_campelo,neutro,1.0,Mc craque neto
2:41:20,9680,blleide,Blleide,engraçado,1.0,kkkkkkkkkkkkkkkkkkkkkkk
2:41:21,9681,lipe_mp4,lipe_mp4,neutro,1.0,ZOZA
2:41:24,9684,arki_core1,arki_core1,neutro,1.0,Lutando porra lutando porra
2:41:25,9685,darcknesworld,darcknesworld,engraçado,1.0,kkkkkkkkkkkkkkkkkkkkkkkkkk
2:41:26,9686,lumchannel,LumChannel,neutro,1.0,Pedrada
2:41:27,9687,kise_ryota__,Kise_Ryota__,neutro,1.0,wwwwwww
2:41:28,9688,paulopauladanelas,paulopauladanelas,neutro,1.0,Peixao
2:41:30,9690,duh_dudu_edu,duh_dudu_edu,neutro,1.0,CRAQUE CHAN MTO BASED
2:41:31,9691,imvitorsan,ImVitorSan,neutro,1.0,LUTNADO
2:41:31,9691,beyond_desolation2,Beyond_Desolation2,neutro,1.0,DinoDance
2:41:34,9694,eddie_campelo,eddie_campelo,neutro,1.0,OREIUDO
2:41:36,9696,andralho,andralho,positivo,1.0,pika tá
2:41:37,9697,lmuseu,lMuseu,confuso,1.0,cade o link dessa pedrada ?
2:41:38,9698,lipe_mp4,lipe_mp4,neutro,1.0,w Crack neto
2:41:38,9698,vinizinlm,vinizinlm,neutro,1.0,essa faz chorar
2:41:40,9700,reneejunior03,ReneeJunior03,neutro,1.0,ééé
2:41:42,9702,kaiman16,kaiman16,neutro,1.0,lofi craque Neto
2:41:43,9703,ivctor,ivctor,neutro,1.0,crack neto nunca esteve certo
2:41:43,9703,clow_gg,clow_gg,confuso,1.0,gg?
2:41:44,9704,cborgue_jv,cborgue_jv,neutro,1.0,Bota o hino cascaum
2:41:44,9704,chad_alpaca,chad_alpaca,neutro,1.0,banana
2:41:44,9704,deonehzio,DeoNehzio,engraçado,1.0,deonehPepebrinde deonehPepebrinde deonehPepebrinde deonehPepebrinde
2:41:44,9704,lanko_1,Lanko_1,neutro,1.0,PÂAAAAO
2:41:45,9705,chicowhisky,chicowhisky,neutro,1.0,!pix
2:41:45,9705,nightbot,Nightbot,neutro,1.0,Mande seu pix http://livepix.gg/bakagaijin
2:41:46,9706,paulopauladanelas,paulopauladanelas,neutro,1.0,Pedrada
2:41:47,9707,pulchram12,pulchram12,neutro,1.0,BopBop
2:41:48,9708,frangopinguso,frangopinguso,neutro,1.0,PE DE RATO
2:41:48,9708,lunoky,lunoky,positivo,1.0,Boa noite rapaziada
2:41:50,9710,deonehzio,DeoNehzio,neutro,1.0,deonehCagando deonehCagando deonehCagando
2:41:52,9712,caipirinha_2007,caipirinha_2007,neutro,1.0,ATEEEE
2:41:53,9713,this_is_pedro,This_is_Pedro,positivo,1.0,Muito foda
2:41:55,9715,gvcf01,gvcf01,confuso,1.0,@deonehzio Ele voltou de vez mano?
2:41:58,9718,pulchram12,pulchram12,neutro,1.0,Nostálgico!
2:42:02,9722,sr_ryann,Sr_Ryann,neutro,1.0,cabô
2:42:02,9722,jaooveed,jaooveed,neutro,1.0,Flw rapaziadaaa
2:42:03,9723,this_is_pedro,This_is_Pedro,neutro,1.0,Até mais Bakinha
2:42:04,9724,nexus_jp,nexus_jp,positivo,1.0,@lunoky Boa noite
2:42:06,9726,arki_core1,arki_core1,neutro,1.0,Boi na noite rapaziada 🤟
2:42:07,9727,diogoryo2,DioGoRyo2,confuso,1.0,Já acabou?
2:42:08,9728,deonehzio,DeoNehzio,engraçado,1.0,@gvcf01 Tá de férias
2:42:08,9728,lipe_mp4,lipe_mp4,positivo,1.0,eu te amo neto
2:42:08,9728,pedepanomttriste,PeDePanoMtTriste,neutro,1.0,Para de bate o meu p na tua cara
2:42:11,9731,charly_mint,Charly_mint,neutro,1.0,sem punhetaço
