<?xml version="1.0" encoding="UTF-8"?>
<gpx version="1.1" creator="bakalgaijin-mapa" xmlns="http://www.topografix.com/GPX/1/1">
  <trk>
    <name>Rota estimada da live (Baka Gaijin)</name>
    <trkseg>
      <trkpt lat="35.694263" lon="139.703992">
        <name>0:00</name>
      </trkpt>
      <trkpt lat="35.694275" lon="139.703997">
        <name>0:01</name>
      </trkpt>
      <trkpt lat="35.694275" lon="139.703997">
        <name>0:02</name>
      </trkpt>
      <trkpt lat="35.694197" lon="139.703962">
        <name>0:03</name>
      </trkpt>
      <trkpt lat="35.694214" lon="139.703900">
        <name>0:04</name>
      </trkpt>
      <trkpt lat="35.694261" lon="139.703721">
        <name>0:05</name>
      </trkpt>
      <trkpt lat="35.694261" lon="139.703721">
        <name>0:06</name>
      </trkpt>
      <trkpt lat="35.694298" lon="139.703582">
        <name>0:07</name>
      </trkpt>
      <trkpt lat="35.694321" lon="139.703493">
        <name>0:08</name>
      </trkpt>
      <trkpt lat="35.694321" lon="139.703493">
        <name>0:09</name>
      </trkpt>
      <trkpt lat="35.694365" lon="139.703324">
        <name>0:10</name>
      </trkpt>
      <trkpt lat="35.694470" lon="139.703376">
        <name>0:11</name>
      </trkpt>
      <trkpt lat="35.694487" lon="139.703308">
        <name>0:12</name>
      </trkpt>
      <trkpt lat="35.694487" lon="139.703308">
        <name>0:13</name>
      </trkpt>
      <trkpt lat="35.694515" lon="139.703190">
        <name>0:14</name>
      </trkpt>
      <trkpt lat="35.694521" lon="139.703164">
        <name>0:15</name>
      </trkpt>
      <trkpt lat="35.694542" lon="139.703079">
        <name>0:16</name>
      </trkpt>
      <trkpt lat="35.694542" lon="139.703079">
        <name>0:17</name>
      </trkpt>
      <trkpt lat="35.694596" lon="139.702853">
        <name>0:18</name>
      </trkpt>
      <trkpt lat="35.694178" lon="139.702647">
        <name>0:19</name>
      </trkpt>
      <trkpt lat="35.694096" lon="139.702991">
        <name>0:20</name>
      </trkpt>
      <trkpt lat="35.694054" lon="139.703160">
        <name>0:21</name>
      </trkpt>
      <trkpt lat="35.694365" lon="139.703324">
        <name>0:22</name>
      </trkpt>
      <trkpt lat="35.694470" lon="139.703376">
        <name>0:23</name>
      </trkpt>
      <trkpt lat="35.694863" lon="139.703571">
        <name>0:24</name>
      </trkpt>
      <trkpt lat="35.694969" lon="139.703623">
        <name>0:25</name>
      </trkpt>
      <trkpt lat="35.695062" lon="139.703669">
        <name>0:26</name>
      </trkpt>
      <trkpt lat="35.695098" lon="139.703687">
        <name>0:27</name>
      </trkpt>
      <trkpt lat="35.695124" lon="139.703577">
        <name>0:28</name>
      </trkpt>
      <trkpt lat="35.695166" lon="139.703407">
        <name>0:29</name>
      </trkpt>
      <trkpt lat="35.695183" lon="139.703364">
        <name>0:30</name>
      </trkpt>
      <trkpt lat="35.695261" lon="139.703129">
        <name>0:31</name>
      </trkpt>
      <trkpt lat="35.695231" lon="139.703099">
        <name>0:32</name>
      </trkpt>
      <trkpt lat="35.695209" lon="139.703080">
        <name>0:33</name>
      </trkpt>
      <trkpt lat="35.694679" lon="139.702884">
        <name>0:34</name>
      </trkpt>
      <trkpt lat="35.694679" lon="139.702884">
        <name>0:35</name>
      </trkpt>
      <trkpt lat="35.694596" lon="139.702853">
        <name>0:36</name>
      </trkpt>
      <trkpt lat="35.694178" lon="139.702647">
        <name>0:37</name>
      </trkpt>
      <trkpt lat="35.693891" lon="139.702509">
        <name>0:38</name>
      </trkpt>
      <trkpt lat="35.694035" lon="139.701905">
        <name>0:39</name>
      </trkpt>
      <trkpt lat="35.694092" lon="139.701664">
        <name>0:40</name>
      </trkpt>
      <trkpt lat="35.694394" lon="139.701769">
        <name>0:41</name>
      </trkpt>
      <trkpt lat="35.694673" lon="139.701870">
        <name>0:42</name>
      </trkpt>
      <trkpt lat="35.694673" lon="139.701870">
        <name>0:43</name>
      </trkpt>
      <trkpt lat="35.694768" lon="139.701905">
        <name>0:44</name>
      </trkpt>
      <trkpt lat="35.694853" lon="139.701936">
        <name>0:45</name>
      </trkpt>
      <trkpt lat="35.694876" lon="139.701843">
        <name>0:46</name>
      </trkpt>
      <trkpt lat="35.694971" lon="139.701457">
        <name>0:47</name>
      </trkpt>
      <trkpt lat="35.694926" lon="139.701412">
        <name>0:48</name>
      </trkpt>
      <trkpt lat="35.694586" lon="139.701300">
        <name>0:49</name>
      </trkpt>
      <trkpt lat="35.694546" lon="139.701285">
        <name>0:50</name>
      </trkpt>
      <trkpt lat="35.693854" lon="139.701028">
        <name>0:51</name>
      </trkpt>
      <trkpt lat="35.693831" lon="139.701019">
        <name>0:52</name>
      </trkpt>
      <trkpt lat="35.693811" lon="139.701012">
        <name>0:53</name>
      </trkpt>
      <trkpt lat="35.693739" lon="139.700988">
        <name>0:54</name>
      </trkpt>
      <trkpt lat="35.693670" lon="139.701285">
        <name>0:55</name>
      </trkpt>
      <trkpt lat="35.693652" lon="139.701365">
        <name>0:56</name>
      </trkpt>
      <trkpt lat="35.693624" lon="139.701489">
        <name>0:57</name>
      </trkpt>
      <trkpt lat="35.693706" lon="139.701521">
        <name>0:58</name>
      </trkpt>
      <trkpt lat="35.693735" lon="139.701531">
        <name>0:59</name>
      </trkpt>
      <trkpt lat="35.693763" lon="139.701540">
        <name>1:00</name>
      </trkpt>
      <trkpt lat="35.694092" lon="139.701664">
        <name>1:01</name>
      </trkpt>
      <trkpt lat="35.694394" lon="139.701769">
        <name>1:02</name>
      </trkpt>
      <trkpt lat="35.694333" lon="139.702017">
        <name>1:03</name>
      </trkpt>
      <trkpt lat="35.694294" lon="139.702176">
        <name>1:04</name>
      </trkpt>
      <trkpt lat="35.694281" lon="139.702230">
        <name>1:05</name>
      </trkpt>
      <trkpt lat="35.694281" lon="139.702230">
        <name>1:06</name>
      </trkpt>
      <trkpt lat="35.694267" lon="139.702288">
        <name>1:07</name>
      </trkpt>
      <trkpt lat="35.694220" lon="139.702477">
        <name>1:08</name>
      </trkpt>
      <trkpt lat="35.694189" lon="139.702605">
        <name>1:09</name>
      </trkpt>
      <trkpt lat="35.694178" lon="139.702647">
        <name>1:10</name>
      </trkpt>
      <trkpt lat="35.693891" lon="139.702509">
        <name>1:11</name>
      </trkpt>
      <trkpt lat="35.693849" lon="139.702489">
        <name>1:12</name>
      </trkpt>
      <trkpt lat="35.693849" lon="139.702489">
        <name>1:13</name>
      </trkpt>
      <trkpt lat="35.693583" lon="139.702358">
        <name>1:14</name>
      </trkpt>
      <trkpt lat="35.693578" lon="139.702356">
        <name>1:15</name>
      </trkpt>
      <trkpt lat="35.693541" lon="139.702337">
        <name>1:16</name>
      </trkpt>
      <trkpt lat="35.693447" lon="139.702298">
        <name>1:17</name>
      </trkpt>
      <trkpt lat="35.693431" lon="139.702368">
        <name>1:18</name>
      </trkpt>
      <trkpt lat="35.693334" lon="139.702804">
        <name>1:19</name>
      </trkpt>
      <trkpt lat="35.693424" lon="139.702848">
        <name>1:20</name>
      </trkpt>
      <trkpt lat="35.693446" lon="139.702853">
        <name>1:21</name>
      </trkpt>
      <trkpt lat="35.693463" lon="139.702862">
        <name>1:22</name>
      </trkpt>
      <trkpt lat="35.693646" lon="139.702953">
        <name>1:23</name>
      </trkpt>
      <trkpt lat="35.694054" lon="139.703160">
        <name>1:24</name>
      </trkpt>
      <trkpt lat="35.694365" lon="139.703324">
        <name>1:25</name>
      </trkpt>
      <trkpt lat="35.694470" lon="139.703376">
        <name>1:26</name>
      </trkpt>
      <trkpt lat="35.694515" lon="139.703190">
        <name>1:27</name>
      </trkpt>
      <trkpt lat="35.694521" lon="139.703164">
        <name>1:28</name>
      </trkpt>
      <trkpt lat="35.694596" lon="139.702853">
        <name>1:29</name>
      </trkpt>
      <trkpt lat="35.694237" lon="139.702676">
        <name>1:30</name>
      </trkpt>
      <trkpt lat="35.694237" lon="139.702676">
        <name>1:31</name>
      </trkpt>
      <trkpt lat="35.694178" lon="139.702647">
        <name>1:32</name>
      </trkpt>
      <trkpt lat="35.694096" lon="139.702991">
        <name>1:33</name>
      </trkpt>
      <trkpt lat="35.694054" lon="139.703160">
        <name>1:34</name>
      </trkpt>
      <trkpt lat="35.694365" lon="139.703324">
        <name>1:35</name>
      </trkpt>
      <trkpt lat="35.694443" lon="139.703363">
        <name>1:36</name>
      </trkpt>
      <trkpt lat="35.694443" lon="139.703363">
        <name>1:37</name>
      </trkpt>
      <trkpt lat="35.694470" lon="139.703376">
        <name>1:38</name>
      </trkpt>
      <trkpt lat="35.694863" lon="139.703571">
        <name>1:39</name>
      </trkpt>
      <trkpt lat="35.694969" lon="139.703623">
        <name>1:40</name>
      </trkpt>
      <trkpt lat="35.695062" lon="139.703669">
        <name>1:41</name>
      </trkpt>
      <trkpt lat="35.695098" lon="139.703687">
        <name>1:42</name>
      </trkpt>
      <trkpt lat="35.695124" lon="139.703577">
        <name>1:43</name>
      </trkpt>
      <trkpt lat="35.695166" lon="139.703407">
        <name>1:44</name>
      </trkpt>
      <trkpt lat="35.695183" lon="139.703364">
        <name>1:45</name>
      </trkpt>
      <trkpt lat="35.695220" lon="139.703375">
        <name>1:46</name>
      </trkpt>
      <trkpt lat="35.695290" lon="139.703395">
        <name>1:47</name>
      </trkpt>
      <trkpt lat="35.695640" lon="139.703496">
        <name>1:48</name>
      </trkpt>
      <trkpt lat="35.695961" lon="139.703571">
        <name>1:49</name>
      </trkpt>
      <trkpt lat="35.695845" lon="139.704202">
        <name>1:50</name>
      </trkpt>
      <trkpt lat="35.695797" lon="139.704458">
        <name>1:51</name>
      </trkpt>
      <trkpt lat="35.695785" lon="139.704525">
        <name>1:52</name>
      </trkpt>
      <trkpt lat="35.695037" lon="139.704332">
        <name>1:53</name>
      </trkpt>
      <trkpt lat="35.694973" lon="139.704310">
        <name>1:54</name>
      </trkpt>
      <trkpt lat="35.694863" lon="139.704266">
        <name>1:55</name>
      </trkpt>
      <trkpt lat="35.694614" lon="139.704152">
        <name>1:56</name>
      </trkpt>
      <trkpt lat="35.694614" lon="139.704152">
        <name>1:57</name>
      </trkpt>
      <trkpt lat="35.694263" lon="139.703992">
        <name>1:58</name>
      </trkpt>
      <trkpt lat="35.694263" lon="139.703992">
        <name>1:59</name>
      </trkpt>
      <trkpt lat="35.694197" lon="139.703962">
        <name>2:00</name>
      </trkpt>
      <trkpt lat="35.693897" lon="139.703832">
        <name>2:01</name>
      </trkpt>
      <trkpt lat="35.693881" lon="139.703895">
        <name>2:02</name>
      </trkpt>
      <trkpt lat="35.693802" lon="139.704201">
        <name>2:03</name>
      </trkpt>
      <trkpt lat="35.693802" lon="139.704201">
        <name>2:04</name>
      </trkpt>
      <trkpt lat="35.693881" lon="139.703895">
        <name>2:05</name>
      </trkpt>
      <trkpt lat="35.693897" lon="139.703832">
        <name>2:06</name>
      </trkpt>
      <trkpt lat="35.694197" lon="139.703962">
        <name>2:07</name>
      </trkpt>
      <trkpt lat="35.694214" lon="139.703900">
        <name>2:08</name>
      </trkpt>
      <trkpt lat="35.694298" lon="139.703582">
        <name>2:09</name>
      </trkpt>
      <trkpt lat="35.694320" lon="139.703497">
        <name>2:10</name>
      </trkpt>
      <trkpt lat="35.694320" lon="139.703497">
        <name>2:11</name>
      </trkpt>
      <trkpt lat="35.694365" lon="139.703324">
        <name>2:12</name>
      </trkpt>
      <trkpt lat="35.694470" lon="139.703376">
        <name>2:13</name>
      </trkpt>
      <trkpt lat="35.694515" lon="139.703190">
        <name>2:14</name>
      </trkpt>
      <trkpt lat="35.694521" lon="139.703164">
        <name>2:15</name>
      </trkpt>
      <trkpt lat="35.694596" lon="139.702853">
        <name>2:16</name>
      </trkpt>
      <trkpt lat="35.694178" lon="139.702647">
        <name>2:17</name>
      </trkpt>
      <trkpt lat="35.693891" lon="139.702509">
        <name>2:18</name>
      </trkpt>
      <trkpt lat="35.693583" lon="139.702358">
        <name>2:19</name>
      </trkpt>
      <trkpt lat="35.693578" lon="139.702356">
        <name>2:20</name>
      </trkpt>
      <trkpt lat="35.693541" lon="139.702337">
        <name>2:21</name>
      </trkpt>
      <trkpt lat="35.693447" lon="139.702298">
        <name>2:22</name>
      </trkpt>
      <trkpt lat="35.693431" lon="139.702368">
        <name>2:23</name>
      </trkpt>
      <trkpt lat="35.693334" lon="139.702804">
        <name>2:24</name>
      </trkpt>
      <trkpt lat="35.693193" lon="139.703294">
        <name>2:25</name>
      </trkpt>
      <trkpt lat="35.693174" lon="139.703362">
        <name>2:26</name>
      </trkpt>
      <trkpt lat="35.693141" lon="139.703482">
        <name>2:27</name>
      </trkpt>
      <trkpt lat="35.693246" lon="139.703529">
        <name>2:28</name>
      </trkpt>
      <trkpt lat="35.693315" lon="139.703561">
        <name>2:29</name>
      </trkpt>
      <trkpt lat="35.693462" lon="139.703629">
        <name>2:30</name>
      </trkpt>
      <trkpt lat="35.693540" lon="139.703666">
        <name>2:31</name>
      </trkpt>
      <trkpt lat="35.693897" lon="139.703832">
        <name>2:32</name>
      </trkpt>
      <trkpt lat="35.694033" lon="139.703891">
        <name>2:33</name>
      </trkpt>
      <trkpt lat="35.694033" lon="139.703891">
        <name>2:34</name>
      </trkpt>
      <trkpt lat="35.693897" lon="139.703832">
        <name>2:35</name>
      </trkpt>
      <trkpt lat="35.693881" lon="139.703895">
        <name>2:36</name>
      </trkpt>
      <trkpt lat="35.693798" lon="139.704214">
        <name>2:37</name>
      </trkpt>
      <trkpt lat="35.693798" lon="139.704214">
        <name>2:38</name>
      </trkpt>
      <trkpt lat="35.693881" lon="139.703895">
        <name>2:39</name>
      </trkpt>
      <trkpt lat="35.693897" lon="139.703832">
        <name>2:40</name>
      </trkpt>
      <trkpt lat="35.694197" lon="139.703962">
        <name>2:41</name>
      </trkpt>
      <trkpt lat="35.694276" lon="139.703998">
        <name>2:42</name>
      </trkpt>
      <trkpt lat="35.694276" lon="139.703998">
        <name>2:43</name>
      </trkpt>
      <trkpt lat="35.694197" lon="139.703962">
        <name>2:44</name>
      </trkpt>
      <trkpt lat="35.694214" lon="139.703900">
        <name>2:45</name>
      </trkpt>
      <trkpt lat="35.694274" lon="139.703674">
        <name>2:46</name>
      </trkpt>
      <trkpt lat="35.694274" lon="139.703674">
        <name>2:47</name>
      </trkpt>
      <trkpt lat="35.694298" lon="139.703582">
        <name>2:48</name>
      </trkpt>
      <trkpt lat="35.694365" lon="139.703324">
        <name>2:49</name>
      </trkpt>
      <trkpt lat="35.694470" lon="139.703376">
        <name>2:50</name>
      </trkpt>
      <trkpt lat="35.694863" lon="139.703571">
        <name>2:51</name>
      </trkpt>
      <trkpt lat="35.694969" lon="139.703623">
        <name>2:52</name>
      </trkpt>
      <trkpt lat="35.695062" lon="139.703669">
        <name>2:53</name>
      </trkpt>
      <trkpt lat="35.695098" lon="139.703687">
        <name>2:54</name>
      </trkpt>
      <trkpt lat="35.695124" lon="139.703577">
        <name>2:55</name>
      </trkpt>
      <trkpt lat="35.695166" lon="139.703407">
        <name>2:56</name>
      </trkpt>
      <trkpt lat="35.695128" lon="139.703392">
        <name>2:57</name>
      </trkpt>
      <trkpt lat="35.694601" lon="139.703194">
        <name>2:58</name>
      </trkpt>
      <trkpt lat="35.694601" lon="139.703194">
        <name>2:59</name>
      </trkpt>
      <trkpt lat="35.694521" lon="139.703164">
        <name>3:00</name>
      </trkpt>
      <trkpt lat="35.694596" lon="139.702853">
        <name>3:01</name>
      </trkpt>
      <trkpt lat="35.694639" lon="139.702676">
        <name>3:02</name>
      </trkpt>
      <trkpt lat="35.694669" lon="139.702551">
        <name>3:03</name>
      </trkpt>
      <trkpt lat="35.694721" lon="139.702334">
        <name>3:04</name>
      </trkpt>
      <trkpt lat="35.694593" lon="139.702286">
        <name>3:05</name>
      </trkpt>
      <trkpt lat="35.694593" lon="139.702286">
        <name>3:06</name>
      </trkpt>
      <trkpt lat="35.694492" lon="139.702249">
        <name>3:07</name>
      </trkpt>
      <trkpt lat="35.694294" lon="139.702176">
        <name>3:08</name>
      </trkpt>
      <trkpt lat="35.694267" lon="139.702288">
        <name>3:09</name>
      </trkpt>
      <trkpt lat="35.694220" lon="139.702477">
        <name>3:10</name>
      </trkpt>
      <trkpt lat="35.694252" lon="139.702490">
        <name>3:11</name>
      </trkpt>
      <trkpt lat="35.694478" lon="139.702602">
        <name>3:12</name>
      </trkpt>
      <trkpt lat="35.694487" lon="139.702610">
        <name>3:13</name>
      </trkpt>
      <trkpt lat="35.694606" lon="139.702664">
        <name>3:14</name>
      </trkpt>
      <trkpt lat="35.694639" lon="139.702676">
        <name>3:15</name>
      </trkpt>
      <trkpt lat="35.694669" lon="139.702551">
        <name>3:16</name>
      </trkpt>
      <trkpt lat="35.694721" lon="139.702334">
        <name>3:17</name>
      </trkpt>
      <trkpt lat="35.694737" lon="139.702269">
        <name>3:18</name>
      </trkpt>
      <trkpt lat="35.694782" lon="139.702237">
        <name>3:19</name>
      </trkpt>
      <trkpt lat="35.694853" lon="139.701936">
        <name>3:20</name>
      </trkpt>
      <trkpt lat="35.694876" lon="139.701843">
        <name>3:21</name>
      </trkpt>
      <trkpt lat="35.694971" lon="139.701457">
        <name>3:22</name>
      </trkpt>
      <trkpt lat="35.694926" lon="139.701412">
        <name>3:23</name>
      </trkpt>
      <trkpt lat="35.694916" lon="139.701351">
        <name>3:24</name>
      </trkpt>
      <trkpt lat="35.694969" lon="139.701124">
        <name>3:25</name>
      </trkpt>
      <trkpt lat="35.695052" lon="139.700777">
        <name>3:26</name>
      </trkpt>
      <trkpt lat="35.695140" lon="139.700410">
        <name>3:27</name>
      </trkpt>
      <trkpt lat="35.695493" lon="139.700539">
        <name>3:28</name>
      </trkpt>
      <trkpt lat="35.695564" lon="139.700258">
        <name>3:29</name>
      </trkpt>
      <trkpt lat="35.695538" lon="139.700205">
        <name>3:30</name>
      </trkpt>
      <trkpt lat="35.695160" lon="139.700242">
        <name>3:31</name>
      </trkpt>
      <trkpt lat="35.695008" lon="139.700282">
        <name>3:32</name>
      </trkpt>
      <trkpt lat="35.694950" lon="139.700298">
        <name>3:33</name>
      </trkpt>
      <trkpt lat="35.694904" lon="139.700309">
        <name>3:34</name>
      </trkpt>
      <trkpt lat="35.694830" lon="139.700396">
        <name>3:35</name>
      </trkpt>
      <trkpt lat="35.694766" lon="139.700676">
        <name>3:36</name>
      </trkpt>
      <trkpt lat="35.694719" lon="139.700876">
        <name>3:37</name>
      </trkpt>
      <trkpt lat="35.694632" lon="139.701251">
        <name>3:38</name>
      </trkpt>
      <trkpt lat="35.694632" lon="139.701251">
        <name>3:39</name>
      </trkpt>
      <trkpt lat="35.694630" lon="139.701259">
        <name>3:40</name>
      </trkpt>
      <trkpt lat="35.694586" lon="139.701300">
        <name>3:41</name>
      </trkpt>
      <trkpt lat="35.694546" lon="139.701285">
        <name>3:42</name>
      </trkpt>
      <trkpt lat="35.693854" lon="139.701028">
        <name>3:43</name>
      </trkpt>
      <trkpt lat="35.693831" lon="139.701019">
        <name>3:44</name>
      </trkpt>
      <trkpt lat="35.693811" lon="139.701012">
        <name>3:45</name>
      </trkpt>
      <trkpt lat="35.693739" lon="139.700988">
        <name>3:46</name>
      </trkpt>
      <trkpt lat="35.693670" lon="139.701285">
        <name>3:47</name>
      </trkpt>
      <trkpt lat="35.693652" lon="139.701365">
        <name>3:48</name>
      </trkpt>
      <trkpt lat="35.693624" lon="139.701489">
        <name>3:49</name>
      </trkpt>
      <trkpt lat="35.693706" lon="139.701521">
        <name>3:50</name>
      </trkpt>
      <trkpt lat="35.693735" lon="139.701531">
        <name>3:51</name>
      </trkpt>
      <trkpt lat="35.693763" lon="139.701540">
        <name>3:52</name>
      </trkpt>
      <trkpt lat="35.694092" lon="139.701664">
        <name>3:53</name>
      </trkpt>
      <trkpt lat="35.694394" lon="139.701769">
        <name>3:54</name>
      </trkpt>
      <trkpt lat="35.694349" lon="139.701951">
        <name>3:55</name>
      </trkpt>
      <trkpt lat="35.694349" lon="139.701951">
        <name>3:56</name>
      </trkpt>
      <trkpt lat="35.694333" lon="139.702017">
        <name>3:57</name>
      </trkpt>
      <trkpt lat="35.694035" lon="139.701905">
        <name>3:58</name>
      </trkpt>
      <trkpt lat="35.694092" lon="139.701664">
        <name>3:59</name>
      </trkpt>
      <trkpt lat="35.694394" lon="139.701769">
        <name>4:00</name>
      </trkpt>
      <trkpt lat="35.694768" lon="139.701905">
        <name>4:01</name>
      </trkpt>
      <trkpt lat="35.694853" lon="139.701936">
        <name>4:02</name>
      </trkpt>
      <trkpt lat="35.694876" lon="139.701843">
        <name>4:03</name>
      </trkpt>
      <trkpt lat="35.694971" lon="139.701457">
        <name>4:04</name>
      </trkpt>
      <trkpt lat="35.694926" lon="139.701412">
        <name>4:05</name>
      </trkpt>
      <trkpt lat="35.694586" lon="139.701300">
        <name>4:06</name>
      </trkpt>
      <trkpt lat="35.694546" lon="139.701285">
        <name>4:07</name>
      </trkpt>
      <trkpt lat="35.694454" lon="139.701251">
        <name>4:08</name>
      </trkpt>
      <trkpt lat="35.694454" lon="139.701251">
        <name>4:09</name>
      </trkpt>
      <trkpt lat="35.693854" lon="139.701028">
        <name>4:10</name>
      </trkpt>
      <trkpt lat="35.693831" lon="139.701019">
        <name>4:11</name>
      </trkpt>
      <trkpt lat="35.693811" lon="139.701012">
        <name>4:12</name>
      </trkpt>
      <trkpt lat="35.693739" lon="139.700988">
        <name>4:13</name>
      </trkpt>
      <trkpt lat="35.693670" lon="139.701285">
        <name>4:14</name>
      </trkpt>
      <trkpt lat="35.693652" lon="139.701365">
        <name>4:15</name>
      </trkpt>
      <trkpt lat="35.693624" lon="139.701489">
        <name>4:16</name>
      </trkpt>
      <trkpt lat="35.693615" lon="139.701532">
        <name>4:17</name>
      </trkpt>
      <trkpt lat="35.693466" lon="139.702213">
        <name>4:18</name>
      </trkpt>
      <trkpt lat="35.693447" lon="139.702298">
        <name>4:19</name>
      </trkpt>
      <trkpt lat="35.693431" lon="139.702368">
        <name>4:20</name>
      </trkpt>
      <trkpt lat="35.693334" lon="139.702804">
        <name>4:21</name>
      </trkpt>
      <trkpt lat="35.693424" lon="139.702848">
        <name>4:22</name>
      </trkpt>
      <trkpt lat="35.693446" lon="139.702853">
        <name>4:23</name>
      </trkpt>
      <trkpt lat="35.693463" lon="139.702862">
        <name>4:24</name>
      </trkpt>
      <trkpt lat="35.693646" lon="139.702953">
        <name>4:25</name>
      </trkpt>
      <trkpt lat="35.694054" lon="139.703160">
        <name>4:26</name>
      </trkpt>
      <trkpt lat="35.694365" lon="139.703324">
        <name>4:27</name>
      </trkpt>
      <trkpt lat="35.694470" lon="139.703376">
        <name>4:28</name>
      </trkpt>
      <trkpt lat="35.694515" lon="139.703190">
        <name>4:29</name>
      </trkpt>
      <trkpt lat="35.694521" lon="139.703164">
        <name>4:30</name>
      </trkpt>
      <trkpt lat="35.694596" lon="139.702853">
        <name>4:31</name>
      </trkpt>
      <trkpt lat="35.694639" lon="139.702676">
        <name>4:32</name>
      </trkpt>
      <trkpt lat="35.694669" lon="139.702551">
        <name>4:33</name>
      </trkpt>
      <trkpt lat="35.694721" lon="139.702334">
        <name>4:34</name>
      </trkpt>
      <trkpt lat="35.694515" lon="139.702258">
        <name>4:35</name>
      </trkpt>
      <trkpt lat="35.694515" lon="139.702258">
        <name>4:36</name>
      </trkpt>
      <trkpt lat="35.694492" lon="139.702249">
        <name>4:37</name>
      </trkpt>
      <trkpt lat="35.694294" lon="139.702176">
        <name>4:38</name>
      </trkpt>
      <trkpt lat="35.694267" lon="139.702288">
        <name>4:39</name>
      </trkpt>
      <trkpt lat="35.694220" lon="139.702477">
        <name>4:40</name>
      </trkpt>
      <trkpt lat="35.694189" lon="139.702605">
        <name>4:41</name>
      </trkpt>
      <trkpt lat="35.694178" lon="139.702647">
        <name>4:42</name>
      </trkpt>
      <trkpt lat="35.694096" lon="139.702991">
        <name>4:43</name>
      </trkpt>
      <trkpt lat="35.694054" lon="139.703160">
        <name>4:44</name>
      </trkpt>
      <trkpt lat="35.694365" lon="139.703324">
        <name>4:45</name>
      </trkpt>
      <trkpt lat="35.694470" lon="139.703376">
        <name>4:46</name>
      </trkpt>
      <trkpt lat="35.694536" lon="139.703409">
        <name>4:47</name>
      </trkpt>
      <trkpt lat="35.694536" lon="139.703409">
        <name>4:48</name>
      </trkpt>
      <trkpt lat="35.694863" lon="139.703571">
        <name>4:49</name>
      </trkpt>
      <trkpt lat="35.694969" lon="139.703623">
        <name>4:50</name>
      </trkpt>
      <trkpt lat="35.695062" lon="139.703669">
        <name>4:51</name>
      </trkpt>
      <trkpt lat="35.695098" lon="139.703687">
        <name>4:52</name>
      </trkpt>
      <trkpt lat="35.695124" lon="139.703577">
        <name>4:53</name>
      </trkpt>
      <trkpt lat="35.695166" lon="139.703407">
        <name>4:54</name>
      </trkpt>
      <trkpt lat="35.695183" lon="139.703364">
        <name>4:55</name>
      </trkpt>
      <trkpt lat="35.695220" lon="139.703375">
        <name>4:56</name>
      </trkpt>
      <trkpt lat="35.695290" lon="139.703395">
        <name>4:57</name>
      </trkpt>
      <trkpt lat="35.695640" lon="139.703496">
        <name>4:58</name>
      </trkpt>
      <trkpt lat="35.695961" lon="139.703571">
        <name>4:59</name>
      </trkpt>
      <trkpt lat="35.695845" lon="139.704202">
        <name>5:00</name>
      </trkpt>
      <trkpt lat="35.695797" lon="139.704458">
        <name>5:01</name>
      </trkpt>
      <trkpt lat="35.695785" lon="139.704525">
        <name>5:02</name>
      </trkpt>
      <trkpt lat="35.695037" lon="139.704332">
        <name>5:03</name>
      </trkpt>
      <trkpt lat="35.694973" lon="139.704310">
        <name>5:04</name>
      </trkpt>
      <trkpt lat="35.694863" lon="139.704266">
        <name>5:05</name>
      </trkpt>
      <trkpt lat="35.694197" lon="139.703962">
        <name>5:06</name>
      </trkpt>
      <trkpt lat="35.693897" lon="139.703832">
        <name>5:07</name>
      </trkpt>
      <trkpt lat="35.693881" lon="139.703895">
        <name>5:08</name>
      </trkpt>
      <trkpt lat="35.693797" lon="139.704219">
        <name>5:09</name>
      </trkpt>
      <trkpt lat="35.693778" lon="139.704219">
        <name>5:10</name>
      </trkpt>
      <trkpt lat="35.693742" lon="139.704220">
        <name>5:11</name>
      </trkpt>
      <trkpt lat="35.693736" lon="139.704240">
        <name>5:12</name>
      </trkpt>
      <trkpt lat="35.693703" lon="139.704344">
        <name>5:13</name>
      </trkpt>
      <trkpt lat="35.693664" lon="139.704467">
        <name>5:14</name>
      </trkpt>
      <trkpt lat="35.693625" lon="139.704592">
        <name>5:15</name>
      </trkpt>
      <trkpt lat="35.693586" lon="139.704716">
        <name>5:16</name>
      </trkpt>
      <trkpt lat="35.693535" lon="139.704877">
        <name>5:17</name>
      </trkpt>
      <trkpt lat="35.693673" lon="139.704933">
        <name>5:18</name>
      </trkpt>
      <trkpt lat="35.693805" lon="139.704988">
        <name>5:19</name>
      </trkpt>
      <trkpt lat="35.693898" lon="139.705027">
        <name>5:20</name>
      </trkpt>
      <trkpt lat="35.693980" lon="139.705060">
        <name>5:21</name>
      </trkpt>
      <trkpt lat="35.693992" lon="139.705065">
        <name>5:22</name>
      </trkpt>
      <trkpt lat="35.694212" lon="139.705169">
        <name>5:23</name>
      </trkpt>
      <trkpt lat="35.694377" lon="139.704662">
        <name>5:24</name>
      </trkpt>
      <trkpt lat="35.694399" lon="139.704596">
        <name>5:25</name>
      </trkpt>
      <trkpt lat="35.694399" lon="139.704596">
        <name>5:26</name>
      </trkpt>
      <trkpt lat="35.694377" lon="139.704662">
        <name>5:27</name>
      </trkpt>
      <trkpt lat="35.694212" lon="139.705169">
        <name>5:28</name>
      </trkpt>
      <trkpt lat="35.694826" lon="139.705474">
        <name>5:29</name>
      </trkpt>
      <trkpt lat="35.694914" lon="139.705519">
        <name>5:30</name>
      </trkpt>
      <trkpt lat="35.694943" lon="139.705466">
        <name>5:31</name>
      </trkpt>
      <trkpt lat="35.694951" lon="139.705421">
        <name>5:32</name>
      </trkpt>
      <trkpt lat="35.694960" lon="139.704986">
        <name>5:33</name>
      </trkpt>
      <trkpt lat="35.694971" lon="139.704398">
        <name>5:34</name>
      </trkpt>
      <trkpt lat="35.694973" lon="139.704310">
        <name>5:35</name>
      </trkpt>
      <trkpt lat="35.694863" lon="139.704266">
        <name>5:36</name>
      </trkpt>
      <trkpt lat="35.694197" lon="139.703962">
        <name>5:37</name>
      </trkpt>
      <trkpt lat="35.694214" lon="139.703900">
        <name>5:38</name>
      </trkpt>
      <trkpt lat="35.694298" lon="139.703582">
        <name>5:39</name>
      </trkpt>
      <trkpt lat="35.694365" lon="139.703324">
        <name>5:40</name>
      </trkpt>
      <trkpt lat="35.694470" lon="139.703376">
        <name>5:41</name>
      </trkpt>
      <trkpt lat="35.694673" lon="139.703477">
        <name>5:42</name>
      </trkpt>
      <trkpt lat="35.694673" lon="139.703477">
        <name>5:43</name>
      </trkpt>
      <trkpt lat="35.694863" lon="139.703571">
        <name>5:44</name>
      </trkpt>
      <trkpt lat="35.694969" lon="139.703623">
        <name>5:45</name>
      </trkpt>
      <trkpt lat="35.695062" lon="139.703669">
        <name>5:46</name>
      </trkpt>
      <trkpt lat="35.695098" lon="139.703687">
        <name>5:47</name>
      </trkpt>
      <trkpt lat="35.695124" lon="139.703577">
        <name>5:48</name>
      </trkpt>
      <trkpt lat="35.695166" lon="139.703407">
        <name>5:49</name>
      </trkpt>
      <trkpt lat="35.695183" lon="139.703364">
        <name>5:50</name>
      </trkpt>
      <trkpt lat="35.695261" lon="139.703129">
        <name>5:51</name>
      </trkpt>
      <trkpt lat="35.695231" lon="139.703099">
        <name>5:52</name>
      </trkpt>
      <trkpt lat="35.695209" lon="139.703080">
        <name>5:53</name>
      </trkpt>
      <trkpt lat="35.694596" lon="139.702853">
        <name>5:54</name>
      </trkpt>
      <trkpt lat="35.694639" lon="139.702676">
        <name>5:55</name>
      </trkpt>
      <trkpt lat="35.694608" lon="139.702665">
        <name>5:56</name>
      </trkpt>
      <trkpt lat="35.694608" lon="139.702665">
        <name>5:57</name>
      </trkpt>
      <trkpt lat="35.694606" lon="139.702664">
        <name>5:58</name>
      </trkpt>
      <trkpt lat="35.694487" lon="139.702610">
        <name>5:59</name>
      </trkpt>
      <trkpt lat="35.694478" lon="139.702602">
        <name>6:00</name>
      </trkpt>
      <trkpt lat="35.694252" lon="139.702490">
        <name>6:01</name>
      </trkpt>
      <trkpt lat="35.694220" lon="139.702477">
        <name>6:02</name>
      </trkpt>
      <trkpt lat="35.694189" lon="139.702605">
        <name>6:03</name>
      </trkpt>
      <trkpt lat="35.694178" lon="139.702647">
        <name>6:04</name>
      </trkpt>
      <trkpt lat="35.694017" lon="139.702569">
        <name>6:05</name>
      </trkpt>
      <trkpt lat="35.694017" lon="139.702569">
        <name>6:06</name>
      </trkpt>
      <trkpt lat="35.693891" lon="139.702509">
        <name>6:07</name>
      </trkpt>
      <trkpt lat="35.694035" lon="139.701905">
        <name>6:08</name>
      </trkpt>
      <trkpt lat="35.694092" lon="139.701664">
        <name>6:09</name>
      </trkpt>
      <trkpt lat="35.694394" lon="139.701769">
        <name>6:10</name>
      </trkpt>
      <trkpt lat="35.694768" lon="139.701905">
        <name>6:11</name>
      </trkpt>
      <trkpt lat="35.694853" lon="139.701936">
        <name>6:12</name>
      </trkpt>
      <trkpt lat="35.694876" lon="139.701843">
        <name>6:13</name>
      </trkpt>
      <trkpt lat="35.694971" lon="139.701457">
        <name>6:14</name>
      </trkpt>
      <trkpt lat="35.694926" lon="139.701412">
        <name>6:15</name>
      </trkpt>
      <trkpt lat="35.694586" lon="139.701300">
        <name>6:16</name>
      </trkpt>
      <trkpt lat="35.694546" lon="139.701285">
        <name>6:17</name>
      </trkpt>
      <trkpt lat="35.693854" lon="139.701028">
        <name>6:18</name>
      </trkpt>
      <trkpt lat="35.693831" lon="139.701019">
        <name>6:19</name>
      </trkpt>
      <trkpt lat="35.693811" lon="139.701012">
        <name>6:20</name>
      </trkpt>
      <trkpt lat="35.693739" lon="139.700988">
        <name>6:21</name>
      </trkpt>
      <trkpt lat="35.693670" lon="139.701285">
        <name>6:22</name>
      </trkpt>
      <trkpt lat="35.693652" lon="139.701365">
        <name>6:23</name>
      </trkpt>
      <trkpt lat="35.693624" lon="139.701489">
        <name>6:24</name>
      </trkpt>
      <trkpt lat="35.693615" lon="139.701532">
        <name>6:25</name>
      </trkpt>
      <trkpt lat="35.693489" lon="139.702107">
        <name>6:26</name>
      </trkpt>
      <trkpt lat="35.693489" lon="139.702107">
        <name>6:27</name>
      </trkpt>
      <trkpt lat="35.693466" lon="139.702213">
        <name>6:28</name>
      </trkpt>
      <trkpt lat="35.693447" lon="139.702298">
        <name>6:29</name>
      </trkpt>
      <trkpt lat="35.693431" lon="139.702368">
        <name>6:30</name>
      </trkpt>
      <trkpt lat="35.693334" lon="139.702804">
        <name>6:31</name>
      </trkpt>
      <trkpt lat="35.693193" lon="139.703294">
        <name>6:32</name>
      </trkpt>
      <trkpt lat="35.693174" lon="139.703362">
        <name>6:33</name>
      </trkpt>
      <trkpt lat="35.693141" lon="139.703482">
        <name>6:34</name>
      </trkpt>
      <trkpt lat="35.693021" lon="139.703427">
        <name>6:35</name>
      </trkpt>
      <trkpt lat="35.693054" lon="139.703311">
        <name>6:36</name>
      </trkpt>
      <trkpt lat="35.693066" lon="139.703265">
        <name>6:37</name>
      </trkpt>
      <trkpt lat="35.693196" lon="139.702808">
        <name>6:38</name>
      </trkpt>
      <trkpt lat="35.693224" lon="139.702686">
        <name>6:39</name>
      </trkpt>
      <trkpt lat="35.693290" lon="139.702404">
        <name>6:40</name>
      </trkpt>
      <trkpt lat="35.693308" lon="139.702326">
        <name>6:41</name>
      </trkpt>
      <trkpt lat="35.693308" lon="139.702326">
        <name>6:42</name>
      </trkpt>
      <trkpt lat="35.693308" lon="139.702326">
        <name>6:43</name>
      </trkpt>
      <trkpt lat="35.693326" lon="139.702246">
        <name>6:44</name>
      </trkpt>
      <trkpt lat="35.693453" lon="139.701673">
        <name>6:45</name>
      </trkpt>
      <trkpt lat="35.693473" lon="139.701582">
        <name>6:46</name>
      </trkpt>
      <trkpt lat="35.693493" lon="139.701491">
        <name>6:47</name>
      </trkpt>
      <trkpt lat="35.693518" lon="139.701379">
        <name>6:48</name>
      </trkpt>
      <trkpt lat="35.693528" lon="139.701329">
        <name>6:49</name>
      </trkpt>
      <trkpt lat="35.693598" lon="139.700967">
        <name>6:50</name>
      </trkpt>
      <trkpt lat="35.693609" lon="139.700904">
        <name>6:51</name>
      </trkpt>
      <trkpt lat="35.693618" lon="139.700846">
        <name>6:52</name>
      </trkpt>
      <trkpt lat="35.693624" lon="139.700799">
        <name>6:53</name>
      </trkpt>
      <trkpt lat="35.693625" lon="139.700754">
        <name>6:54</name>
      </trkpt>
      <trkpt lat="35.693624" lon="139.700713">
        <name>6:55</name>
      </trkpt>
      <trkpt lat="35.693619" lon="139.700669">
        <name>6:56</name>
      </trkpt>
      <trkpt lat="35.693600" lon="139.700587">
        <name>6:57</name>
      </trkpt>
      <trkpt lat="35.693554" lon="139.700405">
        <name>6:58</name>
      </trkpt>
      <trkpt lat="35.693543" lon="139.700276">
        <name>6:59</name>
      </trkpt>
      <trkpt lat="35.693536" lon="139.700152">
        <name>7:00</name>
      </trkpt>
      <trkpt lat="35.693591" lon="139.699516">
        <name>7:01</name>
      </trkpt>
      <trkpt lat="35.693591" lon="139.699378">
        <name>7:02</name>
      </trkpt>
      <trkpt lat="35.693573" lon="139.699130">
        <name>7:03</name>
      </trkpt>
      <trkpt lat="35.693636" lon="139.699116">
        <name>7:04</name>
      </trkpt>
      <trkpt lat="35.693700" lon="139.699098">
        <name>7:05</name>
      </trkpt>
      <trkpt lat="35.693840" lon="139.699054">
        <name>7:06</name>
      </trkpt>
      <trkpt lat="35.693877" lon="139.699040">
        <name>7:07</name>
      </trkpt>
      <trkpt lat="35.694189" lon="139.698925">
        <name>7:08</name>
      </trkpt>
      <trkpt lat="35.694174" lon="139.698852">
        <name>7:09</name>
      </trkpt>
      <trkpt lat="35.694167" lon="139.698819">
        <name>7:10</name>
      </trkpt>
      <trkpt lat="35.694092" lon="139.698748">
        <name>7:11</name>
      </trkpt>
      <trkpt lat="35.693993" lon="139.698655">
        <name>7:12</name>
      </trkpt>
      <trkpt lat="35.693795" lon="139.698490">
        <name>7:13</name>
      </trkpt>
      <trkpt lat="35.693759" lon="139.698486">
        <name>7:14</name>
      </trkpt>
      <trkpt lat="35.693733" lon="139.698487">
        <name>7:15</name>
      </trkpt>
      <trkpt lat="35.693700" lon="139.698501">
        <name>7:16</name>
      </trkpt>
      <trkpt lat="35.693680" lon="139.698525">
        <name>7:17</name>
      </trkpt>
      <trkpt lat="35.693669" lon="139.698550">
        <name>7:18</name>
      </trkpt>
      <trkpt lat="35.693665" lon="139.698574">
        <name>7:19</name>
      </trkpt>
      <trkpt lat="35.693683" lon="139.698858">
        <name>7:20</name>
      </trkpt>
      <trkpt lat="35.693687" lon="139.698930">
        <name>7:21</name>
      </trkpt>
      <trkpt lat="35.693700" lon="139.699098">
        <name>7:22</name>
      </trkpt>
      <trkpt lat="35.693718" lon="139.699361">
        <name>7:23</name>
      </trkpt>
      <trkpt lat="35.693727" lon="139.699483">
        <name>7:24</name>
      </trkpt>
      <trkpt lat="35.693787" lon="139.700347">
        <name>7:25</name>
      </trkpt>
      <trkpt lat="35.693802" lon="139.700574">
        <name>7:26</name>
      </trkpt>
      <trkpt lat="35.693803" lon="139.700668">
        <name>7:27</name>
      </trkpt>
      <trkpt lat="35.693796" lon="139.700727">
        <name>7:28</name>
      </trkpt>
      <trkpt lat="35.693765" lon="139.700870">
        <name>7:29</name>
      </trkpt>
      <trkpt lat="35.693751" lon="139.700932">
        <name>7:30</name>
      </trkpt>
      <trkpt lat="35.693739" lon="139.700988">
        <name>7:31</name>
      </trkpt>
      <trkpt lat="35.693670" lon="139.701285">
        <name>7:32</name>
      </trkpt>
      <trkpt lat="35.693652" lon="139.701365">
        <name>7:33</name>
      </trkpt>
      <trkpt lat="35.693624" lon="139.701489">
        <name>7:34</name>
      </trkpt>
      <trkpt lat="35.693615" lon="139.701532">
        <name>7:35</name>
      </trkpt>
      <trkpt lat="35.693466" lon="139.702213">
        <name>7:36</name>
      </trkpt>
      <trkpt lat="35.693447" lon="139.702298">
        <name>7:37</name>
      </trkpt>
      <trkpt lat="35.693431" lon="139.702368">
        <name>7:38</name>
      </trkpt>
      <trkpt lat="35.693334" lon="139.702804">
        <name>7:39</name>
      </trkpt>
      <trkpt lat="35.693193" lon="139.703294">
        <name>7:40</name>
      </trkpt>
      <trkpt lat="35.693174" lon="139.703362">
        <name>7:41</name>
      </trkpt>
      <trkpt lat="35.693141" lon="139.703482">
        <name>7:42</name>
      </trkpt>
      <trkpt lat="35.693021" lon="139.703427">
        <name>7:43</name>
      </trkpt>
      <trkpt lat="35.693054" lon="139.703311">
        <name>7:44</name>
      </trkpt>
      <trkpt lat="35.693066" lon="139.703265">
        <name>7:45</name>
      </trkpt>
      <trkpt lat="35.693196" lon="139.702808">
        <name>7:46</name>
      </trkpt>
      <trkpt lat="35.693224" lon="139.702686">
        <name>7:47</name>
      </trkpt>
      <trkpt lat="35.693247" lon="139.702588">
        <name>7:48</name>
      </trkpt>
      <trkpt lat="35.693247" lon="139.702588">
        <name>7:49</name>
      </trkpt>
      <trkpt lat="35.693290" lon="139.702404">
        <name>7:50</name>
      </trkpt>
      <trkpt lat="35.693308" lon="139.702326">
        <name>7:51</name>
      </trkpt>
      <trkpt lat="35.693326" lon="139.702246">
        <name>7:52</name>
      </trkpt>
      <trkpt lat="35.693453" lon="139.701673">
        <name>7:53</name>
      </trkpt>
      <trkpt lat="35.693473" lon="139.701582">
        <name>7:54</name>
      </trkpt>
      <trkpt lat="35.693493" lon="139.701491">
        <name>7:55</name>
      </trkpt>
      <trkpt lat="35.693518" lon="139.701379">
        <name>7:56</name>
      </trkpt>
      <trkpt lat="35.693528" lon="139.701329">
        <name>7:57</name>
      </trkpt>
      <trkpt lat="35.693598" lon="139.700967">
        <name>7:58</name>
      </trkpt>
      <trkpt lat="35.693609" lon="139.700904">
        <name>7:59</name>
      </trkpt>
      <trkpt lat="35.693618" lon="139.700846">
        <name>8:00</name>
      </trkpt>
      <trkpt lat="35.693624" lon="139.700799">
        <name>8:01</name>
      </trkpt>
      <trkpt lat="35.693625" lon="139.700754">
        <name>8:02</name>
      </trkpt>
      <trkpt lat="35.693624" lon="139.700713">
        <name>8:03</name>
      </trkpt>
      <trkpt lat="35.693619" lon="139.700669">
        <name>8:04</name>
      </trkpt>
      <trkpt lat="35.693600" lon="139.700587">
        <name>8:05</name>
      </trkpt>
      <trkpt lat="35.693554" lon="139.700405">
        <name>8:06</name>
      </trkpt>
      <trkpt lat="35.693543" lon="139.700276">
        <name>8:07</name>
      </trkpt>
      <trkpt lat="35.693536" lon="139.700152">
        <name>8:08</name>
      </trkpt>
      <trkpt lat="35.693591" lon="139.699516">
        <name>8:09</name>
      </trkpt>
      <trkpt lat="35.693591" lon="139.699378">
        <name>8:10</name>
      </trkpt>
      <trkpt lat="35.693573" lon="139.699130">
        <name>8:11</name>
      </trkpt>
      <trkpt lat="35.693636" lon="139.699116">
        <name>8:12</name>
      </trkpt>
      <trkpt lat="35.693700" lon="139.699098">
        <name>8:13</name>
      </trkpt>
      <trkpt lat="35.693840" lon="139.699054">
        <name>8:14</name>
      </trkpt>
      <trkpt lat="35.693877" lon="139.699040">
        <name>8:15</name>
      </trkpt>
      <trkpt lat="35.694189" lon="139.698925">
        <name>8:16</name>
      </trkpt>
      <trkpt lat="35.694174" lon="139.698852">
        <name>8:17</name>
      </trkpt>
      <trkpt lat="35.694167" lon="139.698819">
        <name>8:18</name>
      </trkpt>
      <trkpt lat="35.694092" lon="139.698748">
        <name>8:19</name>
      </trkpt>
      <trkpt lat="35.693993" lon="139.698655">
        <name>8:20</name>
      </trkpt>
      <trkpt lat="35.693795" lon="139.698490">
        <name>8:21</name>
      </trkpt>
      <trkpt lat="35.693759" lon="139.698486">
        <name>8:22</name>
      </trkpt>
      <trkpt lat="35.693733" lon="139.698487">
        <name>8:23</name>
      </trkpt>
      <trkpt lat="35.693700" lon="139.698501">
        <name>8:24</name>
      </trkpt>
      <trkpt lat="35.693680" lon="139.698525">
        <name>8:25</name>
      </trkpt>
      <trkpt lat="35.693669" lon="139.698550">
        <name>8:26</name>
      </trkpt>
      <trkpt lat="35.693665" lon="139.698574">
        <name>8:27</name>
      </trkpt>
      <trkpt lat="35.693683" lon="139.698858">
        <name>8:28</name>
      </trkpt>
      <trkpt lat="35.693687" lon="139.698930">
        <name>8:29</name>
      </trkpt>
      <trkpt lat="35.693700" lon="139.699098">
        <name>8:30</name>
      </trkpt>
      <trkpt lat="35.693718" lon="139.699361">
        <name>8:31</name>
      </trkpt>
      <trkpt lat="35.693727" lon="139.699483">
        <name>8:32</name>
      </trkpt>
      <trkpt lat="35.693787" lon="139.700347">
        <name>8:33</name>
      </trkpt>
      <trkpt lat="35.693802" lon="139.700574">
        <name>8:34</name>
      </trkpt>
      <trkpt lat="35.693803" lon="139.700668">
        <name>8:35</name>
      </trkpt>
      <trkpt lat="35.693796" lon="139.700727">
        <name>8:36</name>
      </trkpt>
      <trkpt lat="35.693765" lon="139.700870">
        <name>8:37</name>
      </trkpt>
      <trkpt lat="35.693751" lon="139.700932">
        <name>8:38</name>
      </trkpt>
      <trkpt lat="35.693739" lon="139.700988">
        <name>8:39</name>
      </trkpt>
      <trkpt lat="35.693670" lon="139.701285">
        <name>8:40</name>
      </trkpt>
      <trkpt lat="35.693652" lon="139.701365">
        <name>8:41</name>
      </trkpt>
      <trkpt lat="35.693624" lon="139.701489">
        <name>8:42</name>
      </trkpt>
      <trkpt lat="35.693615" lon="139.701532">
        <name>8:43</name>
      </trkpt>
      <trkpt lat="35.693466" lon="139.702213">
        <name>8:44</name>
      </trkpt>
      <trkpt lat="35.693447" lon="139.702298">
        <name>8:45</name>
      </trkpt>
      <trkpt lat="35.693431" lon="139.702368">
        <name>8:46</name>
      </trkpt>
      <trkpt lat="35.693334" lon="139.702804">
        <name>8:47</name>
      </trkpt>
      <trkpt lat="35.693193" lon="139.703294">
        <name>8:48</name>
      </trkpt>
      <trkpt lat="35.693174" lon="139.703362">
        <name>8:49</name>
      </trkpt>
      <trkpt lat="35.693141" lon="139.703482">
        <name>8:50</name>
      </trkpt>
      <trkpt lat="35.693021" lon="139.703427">
        <name>8:51</name>
      </trkpt>
      <trkpt lat="35.693054" lon="139.703311">
        <name>8:52</name>
      </trkpt>
      <trkpt lat="35.693066" lon="139.703265">
        <name>8:53</name>
      </trkpt>
      <trkpt lat="35.693181" lon="139.702861">
        <name>8:54</name>
      </trkpt>
      <trkpt lat="35.693181" lon="139.702861">
        <name>8:55</name>
      </trkpt>
      <trkpt lat="35.693196" lon="139.702808">
        <name>8:56</name>
      </trkpt>
      <trkpt lat="35.693224" lon="139.702686">
        <name>8:57</name>
      </trkpt>
      <trkpt lat="35.693290" lon="139.702404">
        <name>8:58</name>
      </trkpt>
      <trkpt lat="35.693308" lon="139.702326">
        <name>8:59</name>
      </trkpt>
      <trkpt lat="35.693326" lon="139.702246">
        <name>9:00</name>
      </trkpt>
      <trkpt lat="35.693453" lon="139.701673">
        <name>9:01</name>
      </trkpt>
      <trkpt lat="35.693473" lon="139.701582">
        <name>9:02</name>
      </trkpt>
      <trkpt lat="35.693493" lon="139.701491">
        <name>9:03</name>
      </trkpt>
      <trkpt lat="35.693518" lon="139.701379">
        <name>9:04</name>
      </trkpt>
      <trkpt lat="35.693528" lon="139.701329">
        <name>9:05</name>
      </trkpt>
      <trkpt lat="35.693598" lon="139.700967">
        <name>9:06</name>
      </trkpt>
      <trkpt lat="35.693609" lon="139.700904">
        <name>9:07</name>
      </trkpt>
      <trkpt lat="35.693618" lon="139.700846">
        <name>9:08</name>
      </trkpt>
      <trkpt lat="35.693624" lon="139.700799">
        <name>9:09</name>
      </trkpt>
      <trkpt lat="35.693625" lon="139.700754">
        <name>9:10</name>
      </trkpt>
      <trkpt lat="35.693624" lon="139.700713">
        <name>9:11</name>
      </trkpt>
      <trkpt lat="35.693619" lon="139.700669">
        <name>9:12</name>
      </trkpt>
      <trkpt lat="35.693600" lon="139.700587">
        <name>9:13</name>
      </trkpt>
      <trkpt lat="35.693554" lon="139.700405">
        <name>9:14</name>
      </trkpt>
      <trkpt lat="35.693543" lon="139.700276">
        <name>9:15</name>
      </trkpt>
      <trkpt lat="35.693536" lon="139.700152">
        <name>9:16</name>
      </trkpt>
      <trkpt lat="35.693591" lon="139.699516">
        <name>9:17</name>
      </trkpt>
      <trkpt lat="35.693591" lon="139.699378">
        <name>9:18</name>
      </trkpt>
      <trkpt lat="35.693573" lon="139.699130">
        <name>9:19</name>
      </trkpt>
      <trkpt lat="35.693636" lon="139.699116">
        <name>9:20</name>
      </trkpt>
      <trkpt lat="35.693700" lon="139.699098">
        <name>9:21</name>
      </trkpt>
      <trkpt lat="35.693840" lon="139.699054">
        <name>9:22</name>
      </trkpt>
      <trkpt lat="35.693877" lon="139.699040">
        <name>9:23</name>
      </trkpt>
      <trkpt lat="35.694189" lon="139.698925">
        <name>9:24</name>
      </trkpt>
      <trkpt lat="35.694174" lon="139.698852">
        <name>9:25</name>
      </trkpt>
      <trkpt lat="35.694167" lon="139.698819">
        <name>9:26</name>
      </trkpt>
      <trkpt lat="35.694092" lon="139.698748">
        <name>9:27</name>
      </trkpt>
      <trkpt lat="35.693993" lon="139.698655">
        <name>9:28</name>
      </trkpt>
      <trkpt lat="35.693795" lon="139.698490">
        <name>9:29</name>
      </trkpt>
      <trkpt lat="35.693759" lon="139.698486">
        <name>9:30</name>
      </trkpt>
      <trkpt lat="35.693733" lon="139.698487">
        <name>9:31</name>
      </trkpt>
      <trkpt lat="35.693700" lon="139.698501">
        <name>9:32</name>
      </trkpt>
      <trkpt lat="35.693680" lon="139.698525">
        <name>9:33</name>
      </trkpt>
      <trkpt lat="35.693669" lon="139.698550">
        <name>9:34</name>
      </trkpt>
      <trkpt lat="35.693665" lon="139.698574">
        <name>9:35</name>
      </trkpt>
      <trkpt lat="35.693683" lon="139.698858">
        <name>9:36</name>
      </trkpt>
      <trkpt lat="35.693687" lon="139.698930">
        <name>9:37</name>
      </trkpt>
      <trkpt lat="35.693700" lon="139.699098">
        <name>9:38</name>
      </trkpt>
      <trkpt lat="35.693718" lon="139.699361">
        <name>9:39</name>
      </trkpt>
      <trkpt lat="35.693727" lon="139.699483">
        <name>9:40</name>
      </trkpt>
      <trkpt lat="35.693787" lon="139.700347">
        <name>9:41</name>
      </trkpt>
      <trkpt lat="35.693802" lon="139.700574">
        <name>9:42</name>
      </trkpt>
      <trkpt lat="35.693803" lon="139.700668">
        <name>9:43</name>
      </trkpt>
      <trkpt lat="35.693796" lon="139.700727">
        <name>9:44</name>
      </trkpt>
      <trkpt lat="35.693765" lon="139.700870">
        <name>9:45</name>
      </trkpt>
      <trkpt lat="35.693751" lon="139.700932">
        <name>9:46</name>
      </trkpt>
      <trkpt lat="35.693739" lon="139.700988">
        <name>9:47</name>
      </trkpt>
      <trkpt lat="35.693670" lon="139.701285">
        <name>9:48</name>
      </trkpt>
      <trkpt lat="35.693652" lon="139.701365">
        <name>9:49</name>
      </trkpt>
      <trkpt lat="35.693624" lon="139.701489">
        <name>9:50</name>
      </trkpt>
      <trkpt lat="35.693615" lon="139.701532">
        <name>9:51</name>
      </trkpt>
      <trkpt lat="35.693466" lon="139.702213">
        <name>9:52</name>
      </trkpt>
      <trkpt lat="35.693447" lon="139.702298">
        <name>9:53</name>
      </trkpt>
      <trkpt lat="35.693431" lon="139.702368">
        <name>9:54</name>
      </trkpt>
      <trkpt lat="35.693334" lon="139.702804">
        <name>9:55</name>
      </trkpt>
      <trkpt lat="35.693424" lon="139.702848">
        <name>9:56</name>
      </trkpt>
      <trkpt lat="35.693446" lon="139.702853">
        <name>9:57</name>
      </trkpt>
      <trkpt lat="35.693463" lon="139.702862">
        <name>9:58</name>
      </trkpt>
      <trkpt lat="35.693590" lon="139.702925">
        <name>9:59</name>
      </trkpt>
      <trkpt lat="35.693590" lon="139.702925">
        <name>10:00</name>
      </trkpt>
      <trkpt lat="35.693646" lon="139.702953">
        <name>10:01</name>
      </trkpt>
      <trkpt lat="35.693498" lon="139.703511">
        <name>10:02</name>
      </trkpt>
      <trkpt lat="35.693484" lon="139.703557">
        <name>10:03</name>
      </trkpt>
      <trkpt lat="35.693462" lon="139.703629">
        <name>10:04</name>
      </trkpt>
      <trkpt lat="35.693540" lon="139.703666">
        <name>10:05</name>
      </trkpt>
      <trkpt lat="35.693897" lon="139.703832">
        <name>10:06</name>
      </trkpt>
      <trkpt lat="35.694197" lon="139.703962">
        <name>10:07</name>
      </trkpt>
      <trkpt lat="35.694214" lon="139.703900">
        <name>10:08</name>
      </trkpt>
      <trkpt lat="35.694266" lon="139.703704">
        <name>10:09</name>
      </trkpt>
      <trkpt lat="35.694266" lon="139.703704">
        <name>10:10</name>
      </trkpt>
      <trkpt lat="35.694298" lon="139.703582">
        <name>10:11</name>
      </trkpt>
      <trkpt lat="35.694365" lon="139.703324">
        <name>10:12</name>
      </trkpt>
      <trkpt lat="35.694470" lon="139.703376">
        <name>10:13</name>
      </trkpt>
      <trkpt lat="35.694515" lon="139.703190">
        <name>10:14</name>
      </trkpt>
      <trkpt lat="35.694521" lon="139.703164">
        <name>10:15</name>
      </trkpt>
      <trkpt lat="35.694596" lon="139.702853">
        <name>10:16</name>
      </trkpt>
      <trkpt lat="35.694178" lon="139.702647">
        <name>10:17</name>
      </trkpt>
      <trkpt lat="35.693891" lon="139.702509">
        <name>10:18</name>
      </trkpt>
      <trkpt lat="35.693583" lon="139.702358">
        <name>10:19</name>
      </trkpt>
      <trkpt lat="35.693578" lon="139.702356">
        <name>10:20</name>
      </trkpt>
      <trkpt lat="35.693541" lon="139.702337">
        <name>10:21</name>
      </trkpt>
      <trkpt lat="35.693447" lon="139.702298">
        <name>10:22</name>
      </trkpt>
      <trkpt lat="35.693431" lon="139.702368">
        <name>10:23</name>
      </trkpt>
      <trkpt lat="35.693334" lon="139.702804">
        <name>10:24</name>
      </trkpt>
      <trkpt lat="35.693193" lon="139.703294">
        <name>10:25</name>
      </trkpt>
      <trkpt lat="35.693174" lon="139.703362">
        <name>10:26</name>
      </trkpt>
      <trkpt lat="35.693141" lon="139.703482">
        <name>10:27</name>
      </trkpt>
      <trkpt lat="35.693072" lon="139.703731">
        <name>10:28</name>
      </trkpt>
      <trkpt lat="35.692837" lon="139.704588">
        <name>10:29</name>
      </trkpt>
      <trkpt lat="35.692920" lon="139.704624">
        <name>10:30</name>
      </trkpt>
      <trkpt lat="35.692962" lon="139.704642">
        <name>10:31</name>
      </trkpt>
      <trkpt lat="35.693381" lon="139.704824">
        <name>10:32</name>
      </trkpt>
      <trkpt lat="35.693471" lon="139.704850">
        <name>10:33</name>
      </trkpt>
      <trkpt lat="35.693535" lon="139.704877">
        <name>10:34</name>
      </trkpt>
      <trkpt lat="35.693673" lon="139.704933">
        <name>10:35</name>
      </trkpt>
      <trkpt lat="35.693805" lon="139.704988">
        <name>10:36</name>
      </trkpt>
      <trkpt lat="35.693898" lon="139.705027">
        <name>10:37</name>
      </trkpt>
      <trkpt lat="35.693980" lon="139.705060">
        <name>10:38</name>
      </trkpt>
      <trkpt lat="35.693992" lon="139.705065">
        <name>10:39</name>
      </trkpt>
      <trkpt lat="35.694212" lon="139.705169">
        <name>10:40</name>
      </trkpt>
      <trkpt lat="35.694377" lon="139.704662">
        <name>10:41</name>
      </trkpt>
      <trkpt lat="35.694570" lon="139.704762">
        <name>10:42</name>
      </trkpt>
      <trkpt lat="35.694570" lon="139.704762">
        <name>10:43</name>
      </trkpt>
      <trkpt lat="35.694377" lon="139.704662">
        <name>10:44</name>
      </trkpt>
      <trkpt lat="35.694212" lon="139.705169">
        <name>10:45</name>
      </trkpt>
      <trkpt lat="35.694826" lon="139.705474">
        <name>10:46</name>
      </trkpt>
      <trkpt lat="35.694914" lon="139.705519">
        <name>10:47</name>
      </trkpt>
      <trkpt lat="35.694943" lon="139.705466">
        <name>10:48</name>
      </trkpt>
      <trkpt lat="35.694951" lon="139.705421">
        <name>10:49</name>
      </trkpt>
      <trkpt lat="35.694960" lon="139.704986">
        <name>10:50</name>
      </trkpt>
      <trkpt lat="35.694971" lon="139.704398">
        <name>10:51</name>
      </trkpt>
      <trkpt lat="35.694973" lon="139.704310">
        <name>10:52</name>
      </trkpt>
      <trkpt lat="35.694863" lon="139.704266">
        <name>10:53</name>
      </trkpt>
      <trkpt lat="35.694725" lon="139.704203">
        <name>10:54</name>
      </trkpt>
      <trkpt lat="35.694725" lon="139.704203">
        <name>10:55</name>
      </trkpt>
      <trkpt lat="35.694655" lon="139.704171">
        <name>10:56</name>
      </trkpt>
      <trkpt lat="35.694655" lon="139.704171">
        <name>10:57</name>
      </trkpt>
      <trkpt lat="35.694585" lon="139.704139">
        <name>10:58</name>
      </trkpt>
      <trkpt lat="35.694585" lon="139.704139">
        <name>10:59</name>
      </trkpt>
      <trkpt lat="35.694197" lon="139.703962">
        <name>11:00</name>
      </trkpt>
      <trkpt lat="35.694214" lon="139.703900">
        <name>11:01</name>
      </trkpt>
      <trkpt lat="35.694298" lon="139.703582">
        <name>11:02</name>
      </trkpt>
      <trkpt lat="35.694365" lon="139.703324">
        <name>11:03</name>
      </trkpt>
      <trkpt lat="35.694470" lon="139.703376">
        <name>11:04</name>
      </trkpt>
      <trkpt lat="35.694705" lon="139.703492">
        <name>11:05</name>
      </trkpt>
      <trkpt lat="35.694705" lon="139.703492">
        <name>11:06</name>
      </trkpt>
      <trkpt lat="35.694863" lon="139.703571">
        <name>11:07</name>
      </trkpt>
      <trkpt lat="35.694969" lon="139.703623">
        <name>11:08</name>
      </trkpt>
      <trkpt lat="35.695062" lon="139.703669">
        <name>11:09</name>
      </trkpt>
      <trkpt lat="35.695098" lon="139.703687">
        <name>11:10</name>
      </trkpt>
      <trkpt lat="35.695124" lon="139.703577">
        <name>11:11</name>
      </trkpt>
      <trkpt lat="35.695166" lon="139.703407">
        <name>11:12</name>
      </trkpt>
      <trkpt lat="35.695183" lon="139.703364">
        <name>11:13</name>
      </trkpt>
      <trkpt lat="35.695261" lon="139.703129">
        <name>11:14</name>
      </trkpt>
      <trkpt lat="35.695231" lon="139.703099">
        <name>11:15</name>
      </trkpt>
      <trkpt lat="35.695209" lon="139.703080">
        <name>11:16</name>
      </trkpt>
      <trkpt lat="35.694596" lon="139.702853">
        <name>11:17</name>
      </trkpt>
      <trkpt lat="35.694178" lon="139.702647">
        <name>11:18</name>
      </trkpt>
      <trkpt lat="35.694096" lon="139.702991">
        <name>11:19</name>
      </trkpt>
      <trkpt lat="35.694054" lon="139.703160">
        <name>11:20</name>
      </trkpt>
      <trkpt lat="35.694365" lon="139.703324">
        <name>11:21</name>
      </trkpt>
      <trkpt lat="35.694470" lon="139.703376">
        <name>11:22</name>
      </trkpt>
      <trkpt lat="35.694631" lon="139.703456">
        <name>11:23</name>
      </trkpt>
      <trkpt lat="35.694631" lon="139.703456">
        <name>11:24</name>
      </trkpt>
      <trkpt lat="35.694863" lon="139.703571">
        <name>11:25</name>
      </trkpt>
      <trkpt lat="35.694969" lon="139.703623">
        <name>11:26</name>
      </trkpt>
      <trkpt lat="35.695062" lon="139.703669">
        <name>11:27</name>
      </trkpt>
      <trkpt lat="35.695098" lon="139.703687">
        <name>11:28</name>
      </trkpt>
      <trkpt lat="35.695124" lon="139.703577">
        <name>11:29</name>
      </trkpt>
      <trkpt lat="35.695166" lon="139.703407">
        <name>11:30</name>
      </trkpt>
      <trkpt lat="35.695128" lon="139.703392">
        <name>11:31</name>
      </trkpt>
      <trkpt lat="35.694628" lon="139.703204">
        <name>11:32</name>
      </trkpt>
      <trkpt lat="35.694628" lon="139.703204">
        <name>11:33</name>
      </trkpt>
      <trkpt lat="35.694521" lon="139.703164">
        <name>11:34</name>
      </trkpt>
      <trkpt lat="35.694572" lon="139.702954">
        <name>11:35</name>
      </trkpt>
      <trkpt lat="35.694572" lon="139.702954">
        <name>11:36</name>
      </trkpt>
      <trkpt lat="35.694596" lon="139.702853">
        <name>11:37</name>
      </trkpt>
      <trkpt lat="35.694623" lon="139.702741">
        <name>11:38</name>
      </trkpt>
      <trkpt lat="35.694623" lon="139.702741">
        <name>11:39</name>
      </trkpt>
      <trkpt lat="35.694639" lon="139.702676">
        <name>11:40</name>
      </trkpt>
      <trkpt lat="35.694669" lon="139.702551">
        <name>11:41</name>
      </trkpt>
      <trkpt lat="35.694675" lon="139.702527">
        <name>11:42</name>
      </trkpt>
      <trkpt lat="35.694675" lon="139.702527">
        <name>11:43</name>
      </trkpt>
      <trkpt lat="35.694721" lon="139.702334">
        <name>11:44</name>
      </trkpt>
      <trkpt lat="35.694492" lon="139.702249">
        <name>11:45</name>
      </trkpt>
      <trkpt lat="35.694294" lon="139.702176">
        <name>11:46</name>
      </trkpt>
      <trkpt lat="35.694267" lon="139.702288">
        <name>11:47</name>
      </trkpt>
      <trkpt lat="35.694220" lon="139.702477">
        <name>11:48</name>
      </trkpt>
      <trkpt lat="35.694189" lon="139.702605">
        <name>11:49</name>
      </trkpt>
      <trkpt lat="35.694178" lon="139.702647">
        <name>11:50</name>
      </trkpt>
      <trkpt lat="35.694096" lon="139.702991">
        <name>11:51</name>
      </trkpt>
      <trkpt lat="35.694054" lon="139.703160">
        <name>11:52</name>
      </trkpt>
      <trkpt lat="35.694365" lon="139.703324">
        <name>11:53</name>
      </trkpt>
      <trkpt lat="35.694470" lon="139.703376">
        <name>11:54</name>
      </trkpt>
      <trkpt lat="35.694515" lon="139.703190">
        <name>11:55</name>
      </trkpt>
      <trkpt lat="35.694521" lon="139.703164">
        <name>11:56</name>
      </trkpt>
      <trkpt lat="35.694596" lon="139.702853">
        <name>11:57</name>
      </trkpt>
      <trkpt lat="35.694610" lon="139.702796">
        <name>11:58</name>
      </trkpt>
      <trkpt lat="35.694610" lon="139.702796">
        <name>11:59</name>
      </trkpt>
      <trkpt lat="35.694639" lon="139.702676">
        <name>12:00</name>
      </trkpt>
      <trkpt lat="35.694607" lon="139.702664">
        <name>12:01</name>
      </trkpt>
      <trkpt lat="35.694607" lon="139.702664">
        <name>12:02</name>
      </trkpt>
      <trkpt lat="35.694639" lon="139.702676">
        <name>12:03</name>
      </trkpt>
      <trkpt lat="35.694669" lon="139.702551">
        <name>12:04</name>
      </trkpt>
      <trkpt lat="35.694675" lon="139.702527">
        <name>12:05</name>
      </trkpt>
      <trkpt lat="35.694675" lon="139.702527">
        <name>12:06</name>
      </trkpt>
      <trkpt lat="35.694721" lon="139.702334">
        <name>12:07</name>
      </trkpt>
      <trkpt lat="35.694620" lon="139.702296">
        <name>12:08</name>
      </trkpt>
      <trkpt lat="35.694620" lon="139.702296">
        <name>12:09</name>
      </trkpt>
      <trkpt lat="35.694492" lon="139.702249">
        <name>12:10</name>
      </trkpt>
      <trkpt lat="35.694294" lon="139.702176">
        <name>12:11</name>
      </trkpt>
      <trkpt lat="35.694267" lon="139.702288">
        <name>12:12</name>
      </trkpt>
      <trkpt lat="35.694220" lon="139.702477">
        <name>12:13</name>
      </trkpt>
      <trkpt lat="35.694189" lon="139.702605">
        <name>12:14</name>
      </trkpt>
      <trkpt lat="35.694178" lon="139.702647">
        <name>12:15</name>
      </trkpt>
      <trkpt lat="35.693891" lon="139.702509">
        <name>12:16</name>
      </trkpt>
      <trkpt lat="35.694035" lon="139.701905">
        <name>12:17</name>
      </trkpt>
      <trkpt lat="35.694092" lon="139.701664">
        <name>12:18</name>
      </trkpt>
      <trkpt lat="35.694394" lon="139.701769">
        <name>12:19</name>
      </trkpt>
      <trkpt lat="35.694691" lon="139.701877">
        <name>12:20</name>
      </trkpt>
      <trkpt lat="35.694691" lon="139.701877">
        <name>12:21</name>
      </trkpt>
      <trkpt lat="35.694768" lon="139.701905">
        <name>12:22</name>
      </trkpt>
      <trkpt lat="35.694853" lon="139.701936">
        <name>12:23</name>
      </trkpt>
      <trkpt lat="35.694876" lon="139.701843">
        <name>12:24</name>
      </trkpt>
      <trkpt lat="35.694971" lon="139.701457">
        <name>12:25</name>
      </trkpt>
      <trkpt lat="35.694926" lon="139.701412">
        <name>12:26</name>
      </trkpt>
      <trkpt lat="35.694586" lon="139.701300">
        <name>12:27</name>
      </trkpt>
      <trkpt lat="35.694546" lon="139.701285">
        <name>12:28</name>
      </trkpt>
      <trkpt lat="35.693854" lon="139.701028">
        <name>12:29</name>
      </trkpt>
      <trkpt lat="35.693831" lon="139.701019">
        <name>12:30</name>
      </trkpt>
      <trkpt lat="35.693811" lon="139.701012">
        <name>12:31</name>
      </trkpt>
      <trkpt lat="35.693739" lon="139.700988">
        <name>12:32</name>
      </trkpt>
      <trkpt lat="35.693670" lon="139.701285">
        <name>12:33</name>
      </trkpt>
      <trkpt lat="35.693652" lon="139.701365">
        <name>12:34</name>
      </trkpt>
      <trkpt lat="35.693624" lon="139.701489">
        <name>12:35</name>
      </trkpt>
      <trkpt lat="35.693615" lon="139.701532">
        <name>12:36</name>
      </trkpt>
      <trkpt lat="35.693466" lon="139.702213">
        <name>12:37</name>
      </trkpt>
      <trkpt lat="35.693447" lon="139.702298">
        <name>12:38</name>
      </trkpt>
      <trkpt lat="35.693431" lon="139.702368">
        <name>12:39</name>
      </trkpt>
      <trkpt lat="35.693334" lon="139.702804">
        <name>12:40</name>
      </trkpt>
      <trkpt lat="35.693424" lon="139.702848">
        <name>12:41</name>
      </trkpt>
      <trkpt lat="35.693446" lon="139.702853">
        <name>12:42</name>
      </trkpt>
      <trkpt lat="35.693463" lon="139.702862">
        <name>12:43</name>
      </trkpt>
      <trkpt lat="35.693646" lon="139.702953">
        <name>12:44</name>
      </trkpt>
      <trkpt lat="35.694054" lon="139.703160">
        <name>12:45</name>
      </trkpt>
      <trkpt lat="35.694365" lon="139.703324">
        <name>12:46</name>
      </trkpt>
      <trkpt lat="35.694470" lon="139.703376">
        <name>12:47</name>
      </trkpt>
      <trkpt lat="35.694515" lon="139.703190">
        <name>12:48</name>
      </trkpt>
      <trkpt lat="35.694521" lon="139.703164">
        <name>12:49</name>
      </trkpt>
      <trkpt lat="35.694586" lon="139.702895">
        <name>12:50</name>
      </trkpt>
      <trkpt lat="35.694586" lon="139.702895">
        <name>12:51</name>
      </trkpt>
      <trkpt lat="35.694596" lon="139.702853">
        <name>12:52</name>
      </trkpt>
      <trkpt lat="35.694178" lon="139.702647">
        <name>12:53</name>
      </trkpt>
      <trkpt lat="35.694096" lon="139.702991">
        <name>12:54</name>
      </trkpt>
      <trkpt lat="35.694054" lon="139.703160">
        <name>12:55</name>
      </trkpt>
      <trkpt lat="35.694164" lon="139.703218">
        <name>12:56</name>
      </trkpt>
      <trkpt lat="35.694164" lon="139.703218">
        <name>12:57</name>
      </trkpt>
      <trkpt lat="35.694365" lon="139.703324">
        <name>12:58</name>
      </trkpt>
      <trkpt lat="35.694470" lon="139.703376">
        <name>12:59</name>
      </trkpt>
      <trkpt lat="35.694515" lon="139.703190">
        <name>13:00</name>
      </trkpt>
      <trkpt lat="35.694521" lon="139.703164">
        <name>13:01</name>
      </trkpt>
      <trkpt lat="35.694596" lon="139.702853">
        <name>13:02</name>
      </trkpt>
      <trkpt lat="35.694178" lon="139.702647">
        <name>13:03</name>
      </trkpt>
      <trkpt lat="35.693891" lon="139.702509">
        <name>13:04</name>
      </trkpt>
      <trkpt lat="35.693583" lon="139.702358">
        <name>13:05</name>
      </trkpt>
      <trkpt lat="35.693578" lon="139.702356">
        <name>13:06</name>
      </trkpt>
      <trkpt lat="35.693541" lon="139.702337">
        <name>13:07</name>
      </trkpt>
      <trkpt lat="35.693447" lon="139.702298">
        <name>13:08</name>
      </trkpt>
      <trkpt lat="35.693431" lon="139.702368">
        <name>13:09</name>
      </trkpt>
      <trkpt lat="35.693334" lon="139.702804">
        <name>13:10</name>
      </trkpt>
      <trkpt lat="35.693193" lon="139.703294">
        <name>13:11</name>
      </trkpt>
      <trkpt lat="35.693174" lon="139.703362">
        <name>13:12</name>
      </trkpt>
      <trkpt lat="35.693141" lon="139.703482">
        <name>13:13</name>
      </trkpt>
      <trkpt lat="35.693246" lon="139.703529">
        <name>13:14</name>
      </trkpt>
      <trkpt lat="35.693315" lon="139.703561">
        <name>13:15</name>
      </trkpt>
      <trkpt lat="35.693462" lon="139.703629">
        <name>13:16</name>
      </trkpt>
      <trkpt lat="35.693540" lon="139.703666">
        <name>13:17</name>
      </trkpt>
      <trkpt lat="35.693897" lon="139.703832">
        <name>13:18</name>
      </trkpt>
      <trkpt lat="35.693881" lon="139.703895">
        <name>13:19</name>
      </trkpt>
      <trkpt lat="35.693797" lon="139.704219">
        <name>13:20</name>
      </trkpt>
      <trkpt lat="35.693778" lon="139.704219">
        <name>13:21</name>
      </trkpt>
      <trkpt lat="35.693742" lon="139.704220">
        <name>13:22</name>
      </trkpt>
      <trkpt lat="35.693742" lon="139.704220">
        <name>13:23</name>
      </trkpt>
      <trkpt lat="35.693742" lon="139.704220">
        <name>13:24</name>
      </trkpt>
      <trkpt lat="35.693736" lon="139.704240">
        <name>13:25</name>
      </trkpt>
      <trkpt lat="35.693703" lon="139.704344">
        <name>13:26</name>
      </trkpt>
      <trkpt lat="35.693664" lon="139.704467">
        <name>13:27</name>
      </trkpt>
      <trkpt lat="35.693625" lon="139.704592">
        <name>13:28</name>
      </trkpt>
      <trkpt lat="35.693586" lon="139.704716">
        <name>13:29</name>
      </trkpt>
      <trkpt lat="35.693535" lon="139.704877">
        <name>13:30</name>
      </trkpt>
      <trkpt lat="35.693471" lon="139.704850">
        <name>13:31</name>
      </trkpt>
      <trkpt lat="35.693381" lon="139.704824">
        <name>13:32</name>
      </trkpt>
      <trkpt lat="35.692962" lon="139.704642">
        <name>13:33</name>
      </trkpt>
      <trkpt lat="35.692920" lon="139.704624">
        <name>13:34</name>
      </trkpt>
      <trkpt lat="35.692837" lon="139.704588">
        <name>13:35</name>
      </trkpt>
      <trkpt lat="35.692597" lon="139.705493">
        <name>13:36</name>
      </trkpt>
      <trkpt lat="35.692587" lon="139.705528">
        <name>13:37</name>
      </trkpt>
      <trkpt lat="35.692577" lon="139.705567">
        <name>13:38</name>
      </trkpt>
      <trkpt lat="35.692565" lon="139.705611">
        <name>13:39</name>
      </trkpt>
      <trkpt lat="35.692510" lon="139.705818">
        <name>13:40</name>
      </trkpt>
      <trkpt lat="35.692490" lon="139.705892">
        <name>13:41</name>
      </trkpt>
      <trkpt lat="35.692371" lon="139.705823">
        <name>13:42</name>
      </trkpt>
      <trkpt lat="35.692221" lon="139.705735">
        <name>13:43</name>
      </trkpt>
      <trkpt lat="35.691893" lon="139.705539">
        <name>13:44</name>
      </trkpt>
      <trkpt lat="35.691832" lon="139.705503">
        <name>13:45</name>
      </trkpt>
      <trkpt lat="35.691769" lon="139.705465">
        <name>13:46</name>
      </trkpt>
      <trkpt lat="35.691498" lon="139.705306">
        <name>13:47</name>
      </trkpt>
      <trkpt lat="35.691326" lon="139.705192">
        <name>13:48</name>
      </trkpt>
      <trkpt lat="35.691188" lon="139.705110">
        <name>13:49</name>
      </trkpt>
      <trkpt lat="35.691024" lon="139.705014">
        <name>13:50</name>
      </trkpt>
      <trkpt lat="35.690851" lon="139.704908">
        <name>13:51</name>
      </trkpt>
      <trkpt lat="35.690884" lon="139.704836">
        <name>13:52</name>
      </trkpt>
      <trkpt lat="35.690953" lon="139.704688">
        <name>13:53</name>
      </trkpt>
      <trkpt lat="35.691328" lon="139.703851">
        <name>13:54</name>
      </trkpt>
      <trkpt lat="35.691376" lon="139.703743">
        <name>13:55</name>
      </trkpt>
      <trkpt lat="35.691397" lon="139.703697">
        <name>13:56</name>
      </trkpt>
      <trkpt lat="35.691407" lon="139.703673">
        <name>13:57</name>
      </trkpt>
      <trkpt lat="35.691429" lon="139.703625">
        <name>13:58</name>
      </trkpt>
      <trkpt lat="35.691475" lon="139.703523">
        <name>13:59</name>
      </trkpt>
      <trkpt lat="35.691538" lon="139.703382">
        <name>14:00</name>
      </trkpt>
      <trkpt lat="35.691607" lon="139.703427">
        <name>14:01</name>
      </trkpt>
      <trkpt lat="35.692001" lon="139.703685">
        <name>14:02</name>
      </trkpt>
      <trkpt lat="35.692162" lon="139.703367">
        <name>14:03</name>
      </trkpt>
      <trkpt lat="35.692173" lon="139.703357">
        <name>14:04</name>
      </trkpt>
      <trkpt lat="35.692194" lon="139.703355">
        <name>14:05</name>
      </trkpt>
      <trkpt lat="35.692221" lon="139.703363">
        <name>14:06</name>
      </trkpt>
      <trkpt lat="35.692476" lon="139.703517">
        <name>14:07</name>
      </trkpt>
      <trkpt lat="35.692526" lon="139.703548">
        <name>14:08</name>
      </trkpt>
      <trkpt lat="35.692514" lon="139.703603">
        <name>14:09</name>
      </trkpt>
      <trkpt lat="35.692514" lon="139.703603">
        <name>14:10</name>
      </trkpt>
      <trkpt lat="35.692514" lon="139.703603">
        <name>14:11</name>
      </trkpt>
      <trkpt lat="35.692311" lon="139.704190">
        <name>14:12</name>
      </trkpt>
      <trkpt lat="35.692295" lon="139.704239">
        <name>14:13</name>
      </trkpt>
      <trkpt lat="35.692278" lon="139.704289">
        <name>14:14</name>
      </trkpt>
      <trkpt lat="35.692228" lon="139.704261">
        <name>14:15</name>
      </trkpt>
      <trkpt lat="35.692063" lon="139.704163">
        <name>14:16</name>
      </trkpt>
      <trkpt lat="35.691840" lon="139.704030">
        <name>14:17</name>
      </trkpt>
      <trkpt lat="35.691774" lon="139.703985">
        <name>14:18</name>
      </trkpt>
      <trkpt lat="35.691548" lon="139.703847">
        <name>14:19</name>
      </trkpt>
      <trkpt lat="35.691446" lon="139.703785">
        <name>14:20</name>
      </trkpt>
      <trkpt lat="35.691434" lon="139.703778">
        <name>14:21</name>
      </trkpt>
      <trkpt lat="35.691376" lon="139.703743">
        <name>14:22</name>
      </trkpt>
      <trkpt lat="35.691397" lon="139.703697">
        <name>14:23</name>
      </trkpt>
      <trkpt lat="35.691407" lon="139.703673">
        <name>14:24</name>
      </trkpt>
      <trkpt lat="35.691429" lon="139.703625">
        <name>14:25</name>
      </trkpt>
      <trkpt lat="35.691475" lon="139.703523">
        <name>14:26</name>
      </trkpt>
      <trkpt lat="35.691538" lon="139.703382">
        <name>14:27</name>
      </trkpt>
      <trkpt lat="35.691796" lon="139.702809">
        <name>14:28</name>
      </trkpt>
      <trkpt lat="35.691822" lon="139.702750">
        <name>14:29</name>
      </trkpt>
      <trkpt lat="35.691857" lon="139.702672">
        <name>14:30</name>
      </trkpt>
      <trkpt lat="35.691866" lon="139.702653">
        <name>14:31</name>
      </trkpt>
      <trkpt lat="35.691875" lon="139.702632">
        <name>14:32</name>
      </trkpt>
      <trkpt lat="35.691916" lon="139.702543">
        <name>14:33</name>
      </trkpt>
      <trkpt lat="35.691934" lon="139.702502">
        <name>14:34</name>
      </trkpt>
      <trkpt lat="35.691960" lon="139.702442">
        <name>14:35</name>
      </trkpt>
      <trkpt lat="35.692141" lon="139.702040">
        <name>14:36</name>
      </trkpt>
      <trkpt lat="35.692186" lon="139.701939">
        <name>14:37</name>
      </trkpt>
      <trkpt lat="35.692208" lon="139.701887">
        <name>14:38</name>
      </trkpt>
      <trkpt lat="35.692228" lon="139.701836">
        <name>14:39</name>
      </trkpt>
      <trkpt lat="35.692242" lon="139.701796">
        <name>14:40</name>
      </trkpt>
      <trkpt lat="35.692251" lon="139.701771">
        <name>14:41</name>
      </trkpt>
      <trkpt lat="35.692281" lon="139.701665">
        <name>14:42</name>
      </trkpt>
      <trkpt lat="35.692292" lon="139.701616">
        <name>14:43</name>
      </trkpt>
      <trkpt lat="35.692428" lon="139.700984">
        <name>14:44</name>
      </trkpt>
      <trkpt lat="35.692439" lon="139.700932">
        <name>14:45</name>
      </trkpt>
      <trkpt lat="35.692461" lon="139.700832">
        <name>14:46</name>
      </trkpt>
      <trkpt lat="35.692472" lon="139.700719">
        <name>14:47</name>
      </trkpt>
      <trkpt lat="35.692484" lon="139.700696">
        <name>14:48</name>
      </trkpt>
      <trkpt lat="35.692498" lon="139.700667">
        <name>14:49</name>
      </trkpt>
      <trkpt lat="35.692518" lon="139.700632">
        <name>14:50</name>
      </trkpt>
      <trkpt lat="35.692544" lon="139.700596">
        <name>14:51</name>
      </trkpt>
      <trkpt lat="35.692581" lon="139.700558">
        <name>14:52</name>
      </trkpt>
      <trkpt lat="35.692627" lon="139.700524">
        <name>14:53</name>
      </trkpt>
      <trkpt lat="35.692665" lon="139.700501">
        <name>14:54</name>
      </trkpt>
      <trkpt lat="35.692705" lon="139.700480">
        <name>14:55</name>
      </trkpt>
      <trkpt lat="35.692847" lon="139.700417">
        <name>14:56</name>
      </trkpt>
      <trkpt lat="35.692877" lon="139.700405">
        <name>14:57</name>
      </trkpt>
      <trkpt lat="35.692923" lon="139.700388">
        <name>14:58</name>
      </trkpt>
      <trkpt lat="35.692973" lon="139.700375">
        <name>14:59</name>
      </trkpt>
      <trkpt lat="35.693228" lon="139.700315">
        <name>15:00</name>
      </trkpt>
      <trkpt lat="35.693271" lon="139.700305">
        <name>15:01</name>
      </trkpt>
      <trkpt lat="35.693339" lon="139.700292">
        <name>15:02</name>
      </trkpt>
      <trkpt lat="35.693390" lon="139.700297">
        <name>15:03</name>
      </trkpt>
      <trkpt lat="35.693436" lon="139.700314">
        <name>15:04</name>
      </trkpt>
      <trkpt lat="35.693492" lon="139.700355">
        <name>15:05</name>
      </trkpt>
      <trkpt lat="35.693554" lon="139.700405">
        <name>15:06</name>
      </trkpt>
      <trkpt lat="35.693616" lon="139.700440">
        <name>15:07</name>
      </trkpt>
      <trkpt lat="35.693670" lon="139.700478">
        <name>15:08</name>
      </trkpt>
      <trkpt lat="35.693714" lon="139.700516">
        <name>15:09</name>
      </trkpt>
      <trkpt lat="35.693750" lon="139.700549">
        <name>15:10</name>
      </trkpt>
      <trkpt lat="35.693765" lon="139.700561">
        <name>15:11</name>
      </trkpt>
      <trkpt lat="35.693784" lon="139.700571">
        <name>15:12</name>
      </trkpt>
      <trkpt lat="35.693802" lon="139.700574">
        <name>15:13</name>
      </trkpt>
      <trkpt lat="35.693803" lon="139.700668">
        <name>15:14</name>
      </trkpt>
      <trkpt lat="35.693796" lon="139.700727">
        <name>15:15</name>
      </trkpt>
      <trkpt lat="35.693765" lon="139.700870">
        <name>15:16</name>
      </trkpt>
      <trkpt lat="35.693751" lon="139.700932">
        <name>15:17</name>
      </trkpt>
      <trkpt lat="35.693739" lon="139.700988">
        <name>15:18</name>
      </trkpt>
      <trkpt lat="35.693670" lon="139.701285">
        <name>15:19</name>
      </trkpt>
      <trkpt lat="35.693652" lon="139.701365">
        <name>15:20</name>
      </trkpt>
      <trkpt lat="35.693624" lon="139.701489">
        <name>15:21</name>
      </trkpt>
      <trkpt lat="35.693615" lon="139.701532">
        <name>15:22</name>
      </trkpt>
      <trkpt lat="35.693466" lon="139.702213">
        <name>15:23</name>
      </trkpt>
      <trkpt lat="35.693447" lon="139.702298">
        <name>15:24</name>
      </trkpt>
      <trkpt lat="35.693431" lon="139.702368">
        <name>15:25</name>
      </trkpt>
      <trkpt lat="35.693334" lon="139.702804">
        <name>15:26</name>
      </trkpt>
      <trkpt lat="35.693219" lon="139.703203">
        <name>15:27</name>
      </trkpt>
      <trkpt lat="35.693219" lon="139.703203">
        <name>15:28</name>
      </trkpt>
      <trkpt lat="35.693193" lon="139.703294">
        <name>15:29</name>
      </trkpt>
      <trkpt lat="35.693174" lon="139.703362">
        <name>15:30</name>
      </trkpt>
      <trkpt lat="35.693141" lon="139.703482">
        <name>15:31</name>
      </trkpt>
      <trkpt lat="35.693246" lon="139.703529">
        <name>15:32</name>
      </trkpt>
      <trkpt lat="35.693315" lon="139.703561">
        <name>15:33</name>
      </trkpt>
      <trkpt lat="35.693462" lon="139.703629">
        <name>15:34</name>
      </trkpt>
      <trkpt lat="35.693540" lon="139.703666">
        <name>15:35</name>
      </trkpt>
      <trkpt lat="35.693749" lon="139.703763">
        <name>15:36</name>
      </trkpt>
      <trkpt lat="35.693749" lon="139.703763">
        <name>15:37</name>
      </trkpt>
      <trkpt lat="35.693897" lon="139.703832">
        <name>15:38</name>
      </trkpt>
      <trkpt lat="35.694197" lon="139.703962">
        <name>15:39</name>
      </trkpt>
      <trkpt lat="35.694205" lon="139.703932">
        <name>15:40</name>
      </trkpt>
      <trkpt lat="35.694205" lon="139.703932">
        <name>15:41</name>
      </trkpt>
      <trkpt lat="35.694214" lon="139.703900">
        <name>15:42</name>
      </trkpt>
      <trkpt lat="35.694298" lon="139.703582">
        <name>15:43</name>
      </trkpt>
      <trkpt lat="35.694365" lon="139.703324">
        <name>15:44</name>
      </trkpt>
      <trkpt lat="35.694470" lon="139.703376">
        <name>15:45</name>
      </trkpt>
      <trkpt lat="35.694863" lon="139.703571">
        <name>15:46</name>
      </trkpt>
      <trkpt lat="35.694969" lon="139.703623">
        <name>15:47</name>
      </trkpt>
      <trkpt lat="35.695062" lon="139.703669">
        <name>15:48</name>
      </trkpt>
      <trkpt lat="35.695098" lon="139.703687">
        <name>15:49</name>
      </trkpt>
      <trkpt lat="35.695124" lon="139.703577">
        <name>15:50</name>
      </trkpt>
      <trkpt lat="35.695166" lon="139.703407">
        <name>15:51</name>
      </trkpt>
      <trkpt lat="35.695183" lon="139.703364">
        <name>15:52</name>
      </trkpt>
      <trkpt lat="35.695220" lon="139.703375">
        <name>15:53</name>
      </trkpt>
      <trkpt lat="35.695290" lon="139.703395">
        <name>15:54</name>
      </trkpt>
      <trkpt lat="35.695640" lon="139.703496">
        <name>15:55</name>
      </trkpt>
      <trkpt lat="35.695961" lon="139.703571">
        <name>15:56</name>
      </trkpt>
      <trkpt lat="35.695845" lon="139.704202">
        <name>15:57</name>
      </trkpt>
      <trkpt lat="35.695797" lon="139.704458">
        <name>15:58</name>
      </trkpt>
      <trkpt lat="35.695785" lon="139.704525">
        <name>15:59</name>
      </trkpt>
      <trkpt lat="35.695037" lon="139.704332">
        <name>16:00</name>
      </trkpt>
      <trkpt lat="35.694973" lon="139.704310">
        <name>16:01</name>
      </trkpt>
      <trkpt lat="35.694863" lon="139.704266">
        <name>16:02</name>
      </trkpt>
      <trkpt lat="35.694688" lon="139.704186">
        <name>16:03</name>
      </trkpt>
      <trkpt lat="35.694688" lon="139.704186">
        <name>16:04</name>
      </trkpt>
      <trkpt lat="35.694733" lon="139.704207">
        <name>16:05</name>
      </trkpt>
      <trkpt lat="35.694733" lon="139.704207">
        <name>16:06</name>
      </trkpt>
      <trkpt lat="35.694197" lon="139.703962">
        <name>16:07</name>
      </trkpt>
      <trkpt lat="35.693897" lon="139.703832">
        <name>16:08</name>
      </trkpt>
      <trkpt lat="35.693881" lon="139.703895">
        <name>16:09</name>
      </trkpt>
      <trkpt lat="35.693797" lon="139.704219">
        <name>16:10</name>
      </trkpt>
      <trkpt lat="35.693778" lon="139.704219">
        <name>16:11</name>
      </trkpt>
      <trkpt lat="35.693742" lon="139.704220">
        <name>16:12</name>
      </trkpt>
      <trkpt lat="35.693736" lon="139.704240">
        <name>16:13</name>
      </trkpt>
      <trkpt lat="35.693703" lon="139.704344">
        <name>16:14</name>
      </trkpt>
      <trkpt lat="35.693664" lon="139.704467">
        <name>16:15</name>
      </trkpt>
      <trkpt lat="35.693625" lon="139.704592">
        <name>16:16</name>
      </trkpt>
      <trkpt lat="35.693586" lon="139.704716">
        <name>16:17</name>
      </trkpt>
      <trkpt lat="35.693535" lon="139.704877">
        <name>16:18</name>
      </trkpt>
      <trkpt lat="35.693673" lon="139.704933">
        <name>16:19</name>
      </trkpt>
      <trkpt lat="35.693805" lon="139.704988">
        <name>16:20</name>
      </trkpt>
      <trkpt lat="35.693898" lon="139.705027">
        <name>16:21</name>
      </trkpt>
      <trkpt lat="35.693980" lon="139.705060">
        <name>16:22</name>
      </trkpt>
      <trkpt lat="35.693992" lon="139.705065">
        <name>16:23</name>
      </trkpt>
      <trkpt lat="35.694212" lon="139.705169">
        <name>16:24</name>
      </trkpt>
      <trkpt lat="35.694377" lon="139.704662">
        <name>16:25</name>
      </trkpt>
      <trkpt lat="35.694570" lon="139.704762">
        <name>16:26</name>
      </trkpt>
      <trkpt lat="35.694570" lon="139.704762">
        <name>16:27</name>
      </trkpt>
      <trkpt lat="35.694377" lon="139.704662">
        <name>16:28</name>
      </trkpt>
      <trkpt lat="35.694212" lon="139.705169">
        <name>16:29</name>
      </trkpt>
      <trkpt lat="35.694826" lon="139.705474">
        <name>16:30</name>
      </trkpt>
      <trkpt lat="35.694914" lon="139.705519">
        <name>16:31</name>
      </trkpt>
      <trkpt lat="35.694943" lon="139.705466">
        <name>16:32</name>
      </trkpt>
      <trkpt lat="35.694951" lon="139.705421">
        <name>16:33</name>
      </trkpt>
      <trkpt lat="35.694960" lon="139.704986">
        <name>16:34</name>
      </trkpt>
      <trkpt lat="35.694971" lon="139.704398">
        <name>16:35</name>
      </trkpt>
      <trkpt lat="35.694973" lon="139.704310">
        <name>16:36</name>
      </trkpt>
      <trkpt lat="35.694863" lon="139.704266">
        <name>16:37</name>
      </trkpt>
      <trkpt lat="35.694693" lon="139.704188">
        <name>16:38</name>
      </trkpt>
      <trkpt lat="35.694693" lon="139.704188">
        <name>16:39</name>
      </trkpt>
      <trkpt lat="35.694285" lon="139.704002">
        <name>16:40</name>
      </trkpt>
      <trkpt lat="35.694285" lon="139.704002">
        <name>16:41</name>
      </trkpt>
      <trkpt lat="35.694197" lon="139.703962">
        <name>16:42</name>
      </trkpt>
      <trkpt lat="35.693897" lon="139.703832">
        <name>16:43</name>
      </trkpt>
      <trkpt lat="35.693874" lon="139.703821">
        <name>16:44</name>
      </trkpt>
      <trkpt lat="35.693874" lon="139.703821">
        <name>16:45</name>
      </trkpt>
      <trkpt lat="35.693540" lon="139.703666">
        <name>16:46</name>
      </trkpt>
      <trkpt lat="35.693467" lon="139.703631">
        <name>16:47</name>
      </trkpt>
      <trkpt lat="35.693467" lon="139.703631">
        <name>16:48</name>
      </trkpt>
      <trkpt lat="35.693462" lon="139.703629">
        <name>16:49</name>
      </trkpt>
      <trkpt lat="35.693315" lon="139.703561">
        <name>16:50</name>
      </trkpt>
      <trkpt lat="35.693246" lon="139.703529">
        <name>16:51</name>
      </trkpt>
      <trkpt lat="35.693141" lon="139.703482">
        <name>16:52</name>
      </trkpt>
      <trkpt lat="35.693058" lon="139.703444">
        <name>16:53</name>
      </trkpt>
      <trkpt lat="35.693058" lon="139.703444">
        <name>16:54</name>
      </trkpt>
      <trkpt lat="35.693021" lon="139.703427">
        <name>16:55</name>
      </trkpt>
      <trkpt lat="35.693054" lon="139.703311">
        <name>16:56</name>
      </trkpt>
      <trkpt lat="35.693066" lon="139.703265">
        <name>16:57</name>
      </trkpt>
      <trkpt lat="35.693196" lon="139.702808">
        <name>16:58</name>
      </trkpt>
      <trkpt lat="35.693224" lon="139.702686">
        <name>16:59</name>
      </trkpt>
      <trkpt lat="35.693290" lon="139.702404">
        <name>17:00</name>
      </trkpt>
      <trkpt lat="35.693308" lon="139.702326">
        <name>17:01</name>
      </trkpt>
      <trkpt lat="35.693326" lon="139.702246">
        <name>17:02</name>
      </trkpt>
      <trkpt lat="35.693453" lon="139.701673">
        <name>17:03</name>
      </trkpt>
      <trkpt lat="35.693473" lon="139.701582">
        <name>17:04</name>
      </trkpt>
      <trkpt lat="35.693493" lon="139.701491">
        <name>17:05</name>
      </trkpt>
      <trkpt lat="35.693518" lon="139.701379">
        <name>17:06</name>
      </trkpt>
      <trkpt lat="35.693528" lon="139.701329">
        <name>17:07</name>
      </trkpt>
      <trkpt lat="35.693598" lon="139.700967">
        <name>17:08</name>
      </trkpt>
      <trkpt lat="35.693609" lon="139.700904">
        <name>17:09</name>
      </trkpt>
      <trkpt lat="35.693618" lon="139.700846">
        <name>17:10</name>
      </trkpt>
      <trkpt lat="35.693624" lon="139.700799">
        <name>17:11</name>
      </trkpt>
      <trkpt lat="35.693625" lon="139.700754">
        <name>17:12</name>
      </trkpt>
      <trkpt lat="35.693624" lon="139.700713">
        <name>17:13</name>
      </trkpt>
      <trkpt lat="35.693619" lon="139.700669">
        <name>17:14</name>
      </trkpt>
      <trkpt lat="35.693600" lon="139.700587">
        <name>17:15</name>
      </trkpt>
      <trkpt lat="35.693554" lon="139.700405">
        <name>17:16</name>
      </trkpt>
      <trkpt lat="35.693489" lon="139.700380">
        <name>17:17</name>
      </trkpt>
      <trkpt lat="35.693438" lon="139.700366">
        <name>17:18</name>
      </trkpt>
      <trkpt lat="35.693391" lon="139.700363">
        <name>17:19</name>
      </trkpt>
      <trkpt lat="35.693350" lon="139.700366">
        <name>17:20</name>
      </trkpt>
      <trkpt lat="35.693281" lon="139.700379">
        <name>17:21</name>
      </trkpt>
      <trkpt lat="35.693186" lon="139.700402">
        <name>17:22</name>
      </trkpt>
      <trkpt lat="35.692956" lon="139.700460">
        <name>17:23</name>
      </trkpt>
      <trkpt lat="35.692926" lon="139.700469">
        <name>17:24</name>
      </trkpt>
      <trkpt lat="35.692898" lon="139.700478">
        <name>17:25</name>
      </trkpt>
      <trkpt lat="35.692866" lon="139.700489">
        <name>17:26</name>
      </trkpt>
      <trkpt lat="35.692758" lon="139.700539">
        <name>17:27</name>
      </trkpt>
      <trkpt lat="35.692718" lon="139.700557">
        <name>17:28</name>
      </trkpt>
      <trkpt lat="35.692681" lon="139.700577">
        <name>17:29</name>
      </trkpt>
      <trkpt lat="35.692645" lon="139.700600">
        <name>17:30</name>
      </trkpt>
      <trkpt lat="35.692612" lon="139.700629">
        <name>17:31</name>
      </trkpt>
      <trkpt lat="35.692586" lon="139.700657">
        <name>17:32</name>
      </trkpt>
      <trkpt lat="35.692562" lon="139.700686">
        <name>17:33</name>
      </trkpt>
      <trkpt lat="35.692549" lon="139.700707">
        <name>17:34</name>
      </trkpt>
      <trkpt lat="35.692539" lon="139.700727">
        <name>17:35</name>
      </trkpt>
      <trkpt lat="35.692527" lon="139.700752">
        <name>17:36</name>
      </trkpt>
      <trkpt lat="35.692461" lon="139.700832">
        <name>17:37</name>
      </trkpt>
      <trkpt lat="35.692439" lon="139.700932">
        <name>17:38</name>
      </trkpt>
      <trkpt lat="35.692428" lon="139.700984">
        <name>17:39</name>
      </trkpt>
      <trkpt lat="35.692292" lon="139.701616">
        <name>17:40</name>
      </trkpt>
      <trkpt lat="35.692281" lon="139.701665">
        <name>17:41</name>
      </trkpt>
      <trkpt lat="35.692251" lon="139.701771">
        <name>17:42</name>
      </trkpt>
      <trkpt lat="35.692242" lon="139.701796">
        <name>17:43</name>
      </trkpt>
      <trkpt lat="35.692228" lon="139.701836">
        <name>17:44</name>
      </trkpt>
      <trkpt lat="35.692208" lon="139.701887">
        <name>17:45</name>
      </trkpt>
      <trkpt lat="35.692186" lon="139.701939">
        <name>17:46</name>
      </trkpt>
      <trkpt lat="35.692141" lon="139.702040">
        <name>17:47</name>
      </trkpt>
      <trkpt lat="35.691960" lon="139.702442">
        <name>17:48</name>
      </trkpt>
      <trkpt lat="35.691934" lon="139.702502">
        <name>17:49</name>
      </trkpt>
      <trkpt lat="35.691916" lon="139.702543">
        <name>17:50</name>
      </trkpt>
      <trkpt lat="35.691875" lon="139.702632">
        <name>17:51</name>
      </trkpt>
      <trkpt lat="35.691866" lon="139.702653">
        <name>17:52</name>
      </trkpt>
      <trkpt lat="35.691857" lon="139.702672">
        <name>17:53</name>
      </trkpt>
      <trkpt lat="35.691822" lon="139.702750">
        <name>17:54</name>
      </trkpt>
      <trkpt lat="35.691796" lon="139.702809">
        <name>17:55</name>
      </trkpt>
      <trkpt lat="35.691538" lon="139.703382">
        <name>17:56</name>
      </trkpt>
      <trkpt lat="35.691607" lon="139.703427">
        <name>17:57</name>
      </trkpt>
      <trkpt lat="35.692001" lon="139.703685">
        <name>17:58</name>
      </trkpt>
      <trkpt lat="35.692162" lon="139.703367">
        <name>17:59</name>
      </trkpt>
      <trkpt lat="35.692173" lon="139.703357">
        <name>18:00</name>
      </trkpt>
      <trkpt lat="35.692194" lon="139.703355">
        <name>18:01</name>
      </trkpt>
      <trkpt lat="35.692221" lon="139.703363">
        <name>18:02</name>
      </trkpt>
      <trkpt lat="35.692476" lon="139.703517">
        <name>18:03</name>
      </trkpt>
      <trkpt lat="35.692526" lon="139.703548">
        <name>18:04</name>
      </trkpt>
      <trkpt lat="35.692526" lon="139.703548">
        <name>18:05</name>
      </trkpt>
      <trkpt lat="35.692514" lon="139.703603">
        <name>18:06</name>
      </trkpt>
      <trkpt lat="35.692311" lon="139.704190">
        <name>18:07</name>
      </trkpt>
      <trkpt lat="35.692295" lon="139.704239">
        <name>18:08</name>
      </trkpt>
      <trkpt lat="35.692278" lon="139.704289">
        <name>18:09</name>
      </trkpt>
      <trkpt lat="35.692228" lon="139.704261">
        <name>18:10</name>
      </trkpt>
      <trkpt lat="35.692063" lon="139.704163">
        <name>18:11</name>
      </trkpt>
      <trkpt lat="35.691840" lon="139.704030">
        <name>18:12</name>
      </trkpt>
      <trkpt lat="35.691893" lon="139.703917">
        <name>18:13</name>
      </trkpt>
      <trkpt lat="35.691893" lon="139.703917">
        <name>18:14</name>
      </trkpt>
      <trkpt lat="35.692001" lon="139.703685">
        <name>18:15</name>
      </trkpt>
      <trkpt lat="35.692162" lon="139.703367">
        <name>18:16</name>
      </trkpt>
      <trkpt lat="35.692173" lon="139.703357">
        <name>18:17</name>
      </trkpt>
      <trkpt lat="35.692194" lon="139.703355">
        <name>18:18</name>
      </trkpt>
      <trkpt lat="35.692221" lon="139.703363">
        <name>18:19</name>
      </trkpt>
      <trkpt lat="35.692476" lon="139.703517">
        <name>18:20</name>
      </trkpt>
      <trkpt lat="35.692526" lon="139.703548">
        <name>18:21</name>
      </trkpt>
      <trkpt lat="35.692514" lon="139.703603">
        <name>18:22</name>
      </trkpt>
      <trkpt lat="35.692311" lon="139.704190">
        <name>18:23</name>
      </trkpt>
      <trkpt lat="35.692295" lon="139.704239">
        <name>18:24</name>
      </trkpt>
      <trkpt lat="35.692278" lon="139.704289">
        <name>18:25</name>
      </trkpt>
      <trkpt lat="35.692228" lon="139.704261">
        <name>18:26</name>
      </trkpt>
      <trkpt lat="35.692063" lon="139.704163">
        <name>18:27</name>
      </trkpt>
      <trkpt lat="35.691840" lon="139.704030">
        <name>18:28</name>
      </trkpt>
      <trkpt lat="35.691774" lon="139.703985">
        <name>18:29</name>
      </trkpt>
      <trkpt lat="35.691548" lon="139.703847">
        <name>18:30</name>
      </trkpt>
      <trkpt lat="35.691446" lon="139.703785">
        <name>18:31</name>
      </trkpt>
      <trkpt lat="35.691434" lon="139.703778">
        <name>18:32</name>
      </trkpt>
      <trkpt lat="35.691376" lon="139.703743">
        <name>18:33</name>
      </trkpt>
      <trkpt lat="35.691328" lon="139.703851">
        <name>18:34</name>
      </trkpt>
      <trkpt lat="35.691035" lon="139.704504">
        <name>18:35</name>
      </trkpt>
      <trkpt lat="35.691035" lon="139.704504">
        <name>18:36</name>
      </trkpt>
      <trkpt lat="35.690953" lon="139.704688">
        <name>18:37</name>
      </trkpt>
      <trkpt lat="35.690884" lon="139.704836">
        <name>18:38</name>
      </trkpt>
      <trkpt lat="35.690851" lon="139.704908">
        <name>18:39</name>
      </trkpt>
      <trkpt lat="35.690787" lon="139.705048">
        <name>18:40</name>
      </trkpt>
      <trkpt lat="35.690628" lon="139.705397">
        <name>18:41</name>
      </trkpt>
      <trkpt lat="35.690628" lon="139.705397">
        <name>18:42</name>
      </trkpt>
      <trkpt lat="35.690531" lon="139.705611">
        <name>18:43</name>
      </trkpt>
      <trkpt lat="35.690461" lon="139.705756">
        <name>18:44</name>
      </trkpt>
      <trkpt lat="35.690455" lon="139.705770">
        <name>18:45</name>
      </trkpt>
      <trkpt lat="35.690379" lon="139.705715">
        <name>18:46</name>
      </trkpt>
      <trkpt lat="35.690037" lon="139.705477">
        <name>18:47</name>
      </trkpt>
      <trkpt lat="35.690032" lon="139.705474">
        <name>18:48</name>
      </trkpt>
      <trkpt lat="35.690032" lon="139.705474">
        <name>18:49</name>
      </trkpt>
      <trkpt lat="35.690037" lon="139.705477">
        <name>18:50</name>
      </trkpt>
      <trkpt lat="35.690379" lon="139.705715">
        <name>18:51</name>
      </trkpt>
      <trkpt lat="35.690455" lon="139.705770">
        <name>18:52</name>
      </trkpt>
      <trkpt lat="35.690461" lon="139.705756">
        <name>18:53</name>
      </trkpt>
      <trkpt lat="35.690531" lon="139.705611">
        <name>18:54</name>
      </trkpt>
      <trkpt lat="35.690787" lon="139.705048">
        <name>18:55</name>
      </trkpt>
      <trkpt lat="35.690851" lon="139.704908">
        <name>18:56</name>
      </trkpt>
      <trkpt lat="35.690708" lon="139.704813">
        <name>18:57</name>
      </trkpt>
      <trkpt lat="35.690504" lon="139.704680">
        <name>18:58</name>
      </trkpt>
      <trkpt lat="35.690291" lon="139.704530">
        <name>18:59</name>
      </trkpt>
      <trkpt lat="35.690095" lon="139.704398">
        <name>19:00</name>
      </trkpt>
      <trkpt lat="35.690001" lon="139.704335">
        <name>19:01</name>
      </trkpt>
      <trkpt lat="35.689838" lon="139.704233">
        <name>19:02</name>
      </trkpt>
      <trkpt lat="35.689856" lon="139.704379">
        <name>19:03</name>
      </trkpt>
      <trkpt lat="35.689864" lon="139.704479">
        <name>19:04</name>
      </trkpt>
      <trkpt lat="35.689875" lon="139.704713">
        <name>19:05</name>
      </trkpt>
      <trkpt lat="35.689876" lon="139.704900">
        <name>19:06</name>
      </trkpt>
      <trkpt lat="35.689866" lon="139.705074">
        <name>19:07</name>
      </trkpt>
      <trkpt lat="35.689845" lon="139.705242">
        <name>19:08</name>
      </trkpt>
      <trkpt lat="35.689811" lon="139.705410">
        <name>19:09</name>
      </trkpt>
      <trkpt lat="35.689764" lon="139.705571">
        <name>19:10</name>
      </trkpt>
      <trkpt lat="35.689696" lon="139.705757">
        <name>19:11</name>
      </trkpt>
      <trkpt lat="35.689608" lon="139.705954">
        <name>19:12</name>
      </trkpt>
      <trkpt lat="35.689481" lon="139.706201">
        <name>19:13</name>
      </trkpt>
      <trkpt lat="35.688939" lon="139.707076">
        <name>19:14</name>
      </trkpt>
      <trkpt lat="35.688105" lon="139.708987">
        <name>19:15</name>
      </trkpt>
      <trkpt lat="35.687841" lon="139.709731">
        <name>19:16</name>
      </trkpt>
      <trkpt lat="35.687603" lon="139.710643">
        <name>19:17</name>
      </trkpt>
      <trkpt lat="35.687308" lon="139.711964">
        <name>19:18</name>
      </trkpt>
      <trkpt lat="35.687226" lon="139.712518">
        <name>19:19</name>
      </trkpt>
      <trkpt lat="35.687189" lon="139.713035">
        <name>19:20</name>
      </trkpt>
      <trkpt lat="35.687207" lon="139.713589">
        <name>19:21</name>
      </trkpt>
      <trkpt lat="35.687331" lon="139.714841">
        <name>19:22</name>
      </trkpt>
      <trkpt lat="35.687454" lon="139.715481">
        <name>19:23</name>
      </trkpt>
      <trkpt lat="35.687477" lon="139.715586">
        <name>19:24</name>
      </trkpt>
      <trkpt lat="35.687514" lon="139.715749">
        <name>19:25</name>
      </trkpt>
      <trkpt lat="35.687569" lon="139.715943">
        <name>19:26</name>
      </trkpt>
      <trkpt lat="35.687437" lon="139.715956">
        <name>19:27</name>
      </trkpt>
      <trkpt lat="35.687373" lon="139.715620">
        <name>19:28</name>
      </trkpt>
      <trkpt lat="35.687341" lon="139.715442">
        <name>19:29</name>
      </trkpt>
      <trkpt lat="35.687227" lon="139.714824">
        <name>19:30</name>
      </trkpt>
      <trkpt lat="35.687144" lon="139.714113">
        <name>19:31</name>
      </trkpt>
      <trkpt lat="35.687106" lon="139.713693">
        <name>19:32</name>
      </trkpt>
      <trkpt lat="35.687081" lon="139.713103">
        <name>19:33</name>
      </trkpt>
      <trkpt lat="35.687111" lon="139.712552">
        <name>19:34</name>
      </trkpt>
      <trkpt lat="35.687198" lon="139.711925">
        <name>19:35</name>
      </trkpt>
      <trkpt lat="35.687517" lon="139.710516">
        <name>19:36</name>
      </trkpt>
      <trkpt lat="35.687750" lon="139.709637">
        <name>19:37</name>
      </trkpt>
      <trkpt lat="35.688011" lon="139.708932">
        <name>19:38</name>
      </trkpt>
      <trkpt lat="35.688878" lon="139.707034">
        <name>19:39</name>
      </trkpt>
      <trkpt lat="35.689404" lon="139.706126">
        <name>19:40</name>
      </trkpt>
      <trkpt lat="35.689520" lon="139.705910">
        <name>19:41</name>
      </trkpt>
      <trkpt lat="35.689591" lon="139.705747">
        <name>19:42</name>
      </trkpt>
      <trkpt lat="35.689651" lon="139.705579">
        <name>19:43</name>
      </trkpt>
      <trkpt lat="35.689666" lon="139.705526">
        <name>19:44</name>
      </trkpt>
      <trkpt lat="35.689666" lon="139.705526">
        <name>19:45</name>
      </trkpt>
      <trkpt lat="35.689691" lon="139.705437">
        <name>19:46</name>
      </trkpt>
      <trkpt lat="35.689720" lon="139.705309">
        <name>19:47</name>
      </trkpt>
      <trkpt lat="35.689741" lon="139.705178">
        <name>19:48</name>
      </trkpt>
      <trkpt lat="35.689755" lon="139.705006">
        <name>19:49</name>
      </trkpt>
      <trkpt lat="35.689745" lon="139.704533">
        <name>19:50</name>
      </trkpt>
      <trkpt lat="35.689733" lon="139.704399">
        <name>19:51</name>
      </trkpt>
      <trkpt lat="35.689725" lon="139.704297">
        <name>19:52</name>
      </trkpt>
      <trkpt lat="35.689711" lon="139.704152">
        <name>19:53</name>
      </trkpt>
      <trkpt lat="35.689599" lon="139.704076">
        <name>19:54</name>
      </trkpt>
      <trkpt lat="35.688642" lon="139.703423">
        <name>19:55</name>
      </trkpt>
      <trkpt lat="35.688105" lon="139.703056">
        <name>19:56</name>
      </trkpt>
      <trkpt lat="35.688029" lon="139.702998">
        <name>19:57</name>
      </trkpt>
      <trkpt lat="35.687994" lon="139.702972">
        <name>19:58</name>
      </trkpt>
      <trkpt lat="35.687956" lon="139.702952">
        <name>19:59</name>
      </trkpt>
      <trkpt lat="35.687913" lon="139.702938">
        <name>20:00</name>
      </trkpt>
      <trkpt lat="35.687869" lon="139.702933">
        <name>20:01</name>
      </trkpt>
      <trkpt lat="35.687802" lon="139.702935">
        <name>20:02</name>
      </trkpt>
      <trkpt lat="35.687605" lon="139.702982">
        <name>20:03</name>
      </trkpt>
      <trkpt lat="35.687539" lon="139.702998">
        <name>20:04</name>
      </trkpt>
      <trkpt lat="35.686930" lon="139.703183">
        <name>20:05</name>
      </trkpt>
      <trkpt lat="35.686841" lon="139.703209">
        <name>20:06</name>
      </trkpt>
      <trkpt lat="35.686295" lon="139.703368">
        <name>20:07</name>
      </trkpt>
      <trkpt lat="35.686157" lon="139.703403">
        <name>20:08</name>
      </trkpt>
      <trkpt lat="35.685848" lon="139.703501">
        <name>20:09</name>
      </trkpt>
      <trkpt lat="35.685659" lon="139.703574">
        <name>20:10</name>
      </trkpt>
      <trkpt lat="35.685602" lon="139.703633">
        <name>20:11</name>
      </trkpt>
      <trkpt lat="35.685551" lon="139.703705">
        <name>20:12</name>
      </trkpt>
      <trkpt lat="35.685430" lon="139.703716">
        <name>20:13</name>
      </trkpt>
      <trkpt lat="35.685244" lon="139.703757">
        <name>20:14</name>
      </trkpt>
      <trkpt lat="35.685038" lon="139.703816">
        <name>20:15</name>
      </trkpt>
      <trkpt lat="35.684876" lon="139.703873">
        <name>20:16</name>
      </trkpt>
      <trkpt lat="35.684628" lon="139.703953">
        <name>20:17</name>
      </trkpt>
      <trkpt lat="35.684576" lon="139.703979">
        <name>20:18</name>
      </trkpt>
      <trkpt lat="35.684531" lon="139.703996">
        <name>20:19</name>
      </trkpt>
      <trkpt lat="35.684343" lon="139.704088">
        <name>20:20</name>
      </trkpt>
      <trkpt lat="35.684187" lon="139.704178">
        <name>20:21</name>
      </trkpt>
      <trkpt lat="35.683887" lon="139.704403">
        <name>20:22</name>
      </trkpt>
      <trkpt lat="35.683802" lon="139.704463">
        <name>20:23</name>
      </trkpt>
      <trkpt lat="35.683772" lon="139.704473">
        <name>20:24</name>
      </trkpt>
      <trkpt lat="35.683631" lon="139.704539">
        <name>20:25</name>
      </trkpt>
      <trkpt lat="35.683559" lon="139.704567">
        <name>20:26</name>
      </trkpt>
      <trkpt lat="35.683446" lon="139.704602">
        <name>20:27</name>
      </trkpt>
      <trkpt lat="35.683378" lon="139.704616">
        <name>20:28</name>
      </trkpt>
      <trkpt lat="35.683065" lon="139.704618">
        <name>20:29</name>
      </trkpt>
      <trkpt lat="35.682523" lon="139.704630">
        <name>20:30</name>
      </trkpt>
      <trkpt lat="35.682392" lon="139.704631">
        <name>20:31</name>
      </trkpt>
      <trkpt lat="35.682344" lon="139.704630">
        <name>20:32</name>
      </trkpt>
      <trkpt lat="35.682393" lon="139.704571">
        <name>20:33</name>
      </trkpt>
      <trkpt lat="35.682421" lon="139.704534">
        <name>20:34</name>
      </trkpt>
      <trkpt lat="35.682719" lon="139.704538">
        <name>20:35</name>
      </trkpt>
      <trkpt lat="35.682845" lon="139.704539">
        <name>20:36</name>
      </trkpt>
      <trkpt lat="35.683042" lon="139.704534">
        <name>20:37</name>
      </trkpt>
      <trkpt lat="35.683157" lon="139.704535">
        <name>20:38</name>
      </trkpt>
      <trkpt lat="35.683292" lon="139.704516">
        <name>20:39</name>
      </trkpt>
      <trkpt lat="35.683449" lon="139.704474">
        <name>20:40</name>
      </trkpt>
      <trkpt lat="35.683605" lon="139.704421">
        <name>20:41</name>
      </trkpt>
      <trkpt lat="35.683798" lon="139.704315">
        <name>20:42</name>
      </trkpt>
      <trkpt lat="35.683945" lon="139.704210">
        <name>20:43</name>
      </trkpt>
      <trkpt lat="35.684188" lon="139.704028">
        <name>20:44</name>
      </trkpt>
      <trkpt lat="35.684378" lon="139.703928">
        <name>20:45</name>
      </trkpt>
      <trkpt lat="35.684870" lon="139.703758">
        <name>20:46</name>
      </trkpt>
      <trkpt lat="35.685009" lon="139.703723">
        <name>20:47</name>
      </trkpt>
      <trkpt lat="35.685152" lon="139.703704">
        <name>20:48</name>
      </trkpt>
      <trkpt lat="35.685302" lon="139.703696">
        <name>20:49</name>
      </trkpt>
      <trkpt lat="35.685536" lon="139.703710">
        <name>20:50</name>
      </trkpt>
      <trkpt lat="35.685711" lon="139.703746">
        <name>20:51</name>
      </trkpt>
      <trkpt lat="35.686152" lon="139.703867">
        <name>20:52</name>
      </trkpt>
      <trkpt lat="35.686314" lon="139.703945">
        <name>20:53</name>
      </trkpt>
      <trkpt lat="35.686484" lon="139.704041">
        <name>20:54</name>
      </trkpt>
      <trkpt lat="35.686696" lon="139.704188">
        <name>20:55</name>
      </trkpt>
      <trkpt lat="35.687212" lon="139.704579">
        <name>20:56</name>
      </trkpt>
      <trkpt lat="35.687747" lon="139.704996">
        <name>20:57</name>
      </trkpt>
      <trkpt lat="35.688405" lon="139.705521">
        <name>20:58</name>
      </trkpt>
      <trkpt lat="35.689025" lon="139.706035">
        <name>20:59</name>
      </trkpt>
      <trkpt lat="35.689025" lon="139.706035">
        <name>21:00</name>
      </trkpt>
      <trkpt lat="35.689041" lon="139.706048">
        <name>21:01</name>
      </trkpt>
      <trkpt lat="35.689125" lon="139.706116">
        <name>21:02</name>
      </trkpt>
      <trkpt lat="35.689173" lon="139.706152">
        <name>21:03</name>
      </trkpt>
      <trkpt lat="35.689279" lon="139.706222">
        <name>21:04</name>
      </trkpt>
      <trkpt lat="35.689471" lon="139.706366">
        <name>21:05</name>
      </trkpt>
      <trkpt lat="35.689362" lon="139.706519">
        <name>21:06</name>
      </trkpt>
      <trkpt lat="35.689228" lon="139.706417">
        <name>21:07</name>
      </trkpt>
      <trkpt lat="35.689087" lon="139.706308">
        <name>21:08</name>
      </trkpt>
      <trkpt lat="35.688829" lon="139.706103">
        <name>21:09</name>
      </trkpt>
      <trkpt lat="35.688745" lon="139.706025">
        <name>21:10</name>
      </trkpt>
      <trkpt lat="35.688745" lon="139.706025">
        <name>21:11</name>
      </trkpt>
      <trkpt lat="35.688575" lon="139.705868">
        <name>21:12</name>
      </trkpt>
      <trkpt lat="35.688357" lon="139.705609">
        <name>21:13</name>
      </trkpt>
      <trkpt lat="35.688072" lon="139.705305">
        <name>21:14</name>
      </trkpt>
      <trkpt lat="35.687738" lon="139.705017">
        <name>21:15</name>
      </trkpt>
      <trkpt lat="35.687199" lon="139.704598">
        <name>21:16</name>
      </trkpt>
      <trkpt lat="35.686668" lon="139.704208">
        <name>21:17</name>
      </trkpt>
      <trkpt lat="35.686706" lon="139.704133">
        <name>21:18</name>
      </trkpt>
      <trkpt lat="35.687084" lon="139.704016">
        <name>21:19</name>
      </trkpt>
      <trkpt lat="35.687765" lon="139.703815">
        <name>21:20</name>
      </trkpt>
      <trkpt lat="35.687624" lon="139.703076">
        <name>21:21</name>
      </trkpt>
      <trkpt lat="35.687617" lon="139.703039">
        <name>21:22</name>
      </trkpt>
      <trkpt lat="35.687605" lon="139.702982">
        <name>21:23</name>
      </trkpt>
      <trkpt lat="35.687589" lon="139.702901">
        <name>21:24</name>
      </trkpt>
      <trkpt lat="35.687805" lon="139.702844">
        <name>21:25</name>
      </trkpt>
      <trkpt lat="35.687871" lon="139.702838">
        <name>21:26</name>
      </trkpt>
      <trkpt lat="35.687924" lon="139.702842">
        <name>21:27</name>
      </trkpt>
      <trkpt lat="35.687981" lon="139.702858">
        <name>21:28</name>
      </trkpt>
      <trkpt lat="35.688034" lon="139.702886">
        <name>21:29</name>
      </trkpt>
      <trkpt lat="35.688130" lon="139.702956">
        <name>21:30</name>
      </trkpt>
      <trkpt lat="35.688299" lon="139.703071">
        <name>21:31</name>
      </trkpt>
      <trkpt lat="35.689464" lon="139.703879">
        <name>21:32</name>
      </trkpt>
      <trkpt lat="35.689546" lon="139.703937">
        <name>21:33</name>
      </trkpt>
      <trkpt lat="35.689602" lon="139.703976">
        <name>21:34</name>
      </trkpt>
      <trkpt lat="35.689703" lon="139.704046">
        <name>21:35</name>
      </trkpt>
      <trkpt lat="35.689825" lon="139.704126">
        <name>21:36</name>
      </trkpt>
      <trkpt lat="35.689838" lon="139.704233">
        <name>21:37</name>
      </trkpt>
      <trkpt lat="35.689856" lon="139.704379">
        <name>21:38</name>
      </trkpt>
      <trkpt lat="35.689864" lon="139.704479">
        <name>21:39</name>
      </trkpt>
      <trkpt lat="35.689899" lon="139.704643">
        <name>21:40</name>
      </trkpt>
      <trkpt lat="35.689921" lon="139.704795">
        <name>21:41</name>
      </trkpt>
      <trkpt lat="35.689932" lon="139.704925">
        <name>21:42</name>
      </trkpt>
      <trkpt lat="35.689935" lon="139.705080">
        <name>21:43</name>
      </trkpt>
      <trkpt lat="35.689926" lon="139.705184">
        <name>21:44</name>
      </trkpt>
      <trkpt lat="35.689908" lon="139.705282">
        <name>21:45</name>
      </trkpt>
      <trkpt lat="35.689887" lon="139.705384">
        <name>21:46</name>
      </trkpt>
      <trkpt lat="35.689869" lon="139.705469">
        <name>21:47</name>
      </trkpt>
      <trkpt lat="35.689846" lon="139.705559">
        <name>21:48</name>
      </trkpt>
      <trkpt lat="35.689821" lon="139.705644">
        <name>21:49</name>
      </trkpt>
      <trkpt lat="35.689790" lon="139.705739">
        <name>21:50</name>
      </trkpt>
      <trkpt lat="35.689712" lon="139.705930">
        <name>21:51</name>
      </trkpt>
      <trkpt lat="35.689651" lon="139.706059">
        <name>21:52</name>
      </trkpt>
      <trkpt lat="35.689565" lon="139.706227">
        <name>21:53</name>
      </trkpt>
      <trkpt lat="35.689536" lon="139.706275">
        <name>21:54</name>
      </trkpt>
      <trkpt lat="35.689471" lon="139.706366">
        <name>21:55</name>
      </trkpt>
      <trkpt lat="35.689362" lon="139.706519">
        <name>21:56</name>
      </trkpt>
      <trkpt lat="35.689228" lon="139.706417">
        <name>21:57</name>
      </trkpt>
      <trkpt lat="35.689174" lon="139.706375">
        <name>21:58</name>
      </trkpt>
      <trkpt lat="35.689174" lon="139.706375">
        <name>21:59</name>
      </trkpt>
      <trkpt lat="35.689087" lon="139.706308">
        <name>22:00</name>
      </trkpt>
      <trkpt lat="35.688829" lon="139.706103">
        <name>22:01</name>
      </trkpt>
      <trkpt lat="35.688575" lon="139.705868">
        <name>22:02</name>
      </trkpt>
      <trkpt lat="35.688357" lon="139.705609">
        <name>22:03</name>
      </trkpt>
      <trkpt lat="35.688072" lon="139.705305">
        <name>22:04</name>
      </trkpt>
      <trkpt lat="35.687738" lon="139.705017">
        <name>22:05</name>
      </trkpt>
      <trkpt lat="35.687199" lon="139.704598">
        <name>22:06</name>
      </trkpt>
      <trkpt lat="35.686668" lon="139.704208">
        <name>22:07</name>
      </trkpt>
      <trkpt lat="35.686706" lon="139.704133">
        <name>22:08</name>
      </trkpt>
      <trkpt lat="35.687084" lon="139.704016">
        <name>22:09</name>
      </trkpt>
      <trkpt lat="35.687765" lon="139.703815">
        <name>22:10</name>
      </trkpt>
      <trkpt lat="35.687624" lon="139.703076">
        <name>22:11</name>
      </trkpt>
      <trkpt lat="35.687617" lon="139.703039">
        <name>22:12</name>
      </trkpt>
      <trkpt lat="35.687605" lon="139.702982">
        <name>22:13</name>
      </trkpt>
      <trkpt lat="35.687589" lon="139.702901">
        <name>22:14</name>
      </trkpt>
      <trkpt lat="35.687805" lon="139.702844">
        <name>22:15</name>
      </trkpt>
      <trkpt lat="35.687871" lon="139.702838">
        <name>22:16</name>
      </trkpt>
      <trkpt lat="35.687924" lon="139.702842">
        <name>22:17</name>
      </trkpt>
      <trkpt lat="35.687981" lon="139.702858">
        <name>22:18</name>
      </trkpt>
      <trkpt lat="35.688034" lon="139.702886">
        <name>22:19</name>
      </trkpt>
      <trkpt lat="35.688130" lon="139.702956">
        <name>22:20</name>
      </trkpt>
      <trkpt lat="35.688299" lon="139.703071">
        <name>22:21</name>
      </trkpt>
      <trkpt lat="35.689464" lon="139.703879">
        <name>22:22</name>
      </trkpt>
      <trkpt lat="35.689546" lon="139.703937">
        <name>22:23</name>
      </trkpt>
      <trkpt lat="35.689602" lon="139.703976">
        <name>22:24</name>
      </trkpt>
      <trkpt lat="35.689703" lon="139.704046">
        <name>22:25</name>
      </trkpt>
      <trkpt lat="35.689825" lon="139.704126">
        <name>22:26</name>
      </trkpt>
      <trkpt lat="35.689838" lon="139.704233">
        <name>22:27</name>
      </trkpt>
      <trkpt lat="35.689856" lon="139.704379">
        <name>22:28</name>
      </trkpt>
      <trkpt lat="35.689864" lon="139.704479">
        <name>22:29</name>
      </trkpt>
      <trkpt lat="35.689899" lon="139.704643">
        <name>22:30</name>
      </trkpt>
      <trkpt lat="35.689921" lon="139.704795">
        <name>22:31</name>
      </trkpt>
      <trkpt lat="35.689932" lon="139.704925">
        <name>22:32</name>
      </trkpt>
      <trkpt lat="35.689935" lon="139.705080">
        <name>22:33</name>
      </trkpt>
      <trkpt lat="35.689926" lon="139.705184">
        <name>22:34</name>
      </trkpt>
      <trkpt lat="35.689908" lon="139.705282">
        <name>22:35</name>
      </trkpt>
      <trkpt lat="35.689887" lon="139.705384">
        <name>22:36</name>
      </trkpt>
      <trkpt lat="35.689869" lon="139.705469">
        <name>22:37</name>
      </trkpt>
      <trkpt lat="35.689846" lon="139.705559">
        <name>22:38</name>
      </trkpt>
      <trkpt lat="35.689821" lon="139.705644">
        <name>22:39</name>
      </trkpt>
      <trkpt lat="35.689790" lon="139.705739">
        <name>22:40</name>
      </trkpt>
      <trkpt lat="35.689712" lon="139.705930">
        <name>22:41</name>
      </trkpt>
      <trkpt lat="35.689651" lon="139.706059">
        <name>22:42</name>
      </trkpt>
      <trkpt lat="35.689565" lon="139.706227">
        <name>22:43</name>
      </trkpt>
      <trkpt lat="35.689536" lon="139.706275">
        <name>22:44</name>
      </trkpt>
      <trkpt lat="35.689471" lon="139.706366">
        <name>22:45</name>
      </trkpt>
      <trkpt lat="35.689552" lon="139.706426">
        <name>22:46</name>
      </trkpt>
      <trkpt lat="35.689695" lon="139.706532">
        <name>22:47</name>
      </trkpt>
      <trkpt lat="35.689771" lon="139.706577">
        <name>22:48</name>
      </trkpt>
      <trkpt lat="35.689771" lon="139.706577">
        <name>22:49</name>
      </trkpt>
      <trkpt lat="35.689775" lon="139.706580">
        <name>22:50</name>
      </trkpt>
      <trkpt lat="35.689820" lon="139.706604">
        <name>22:51</name>
      </trkpt>
      <trkpt lat="35.689865" lon="139.706627">
        <name>22:52</name>
      </trkpt>
      <trkpt lat="35.690032" lon="139.706693">
        <name>22:53</name>
      </trkpt>
      <trkpt lat="35.690184" lon="139.706757">
        <name>22:54</name>
      </trkpt>
      <trkpt lat="35.690208" lon="139.706767">
        <name>22:55</name>
      </trkpt>
      <trkpt lat="35.690404" lon="139.706834">
        <name>22:56</name>
      </trkpt>
      <trkpt lat="35.690530" lon="139.706872">
        <name>22:57</name>
      </trkpt>
      <trkpt lat="35.690655" lon="139.706911">
        <name>22:58</name>
      </trkpt>
      <trkpt lat="35.690769" lon="139.706942">
        <name>22:59</name>
      </trkpt>
      <trkpt lat="35.690789" lon="139.706947">
        <name>23:00</name>
      </trkpt>
      <trkpt lat="35.690808" lon="139.706952">
        <name>23:01</name>
      </trkpt>
      <trkpt lat="35.690890" lon="139.706973">
        <name>23:02</name>
      </trkpt>
      <trkpt lat="35.690933" lon="139.707103">
        <name>23:03</name>
      </trkpt>
      <trkpt lat="35.690786" lon="139.707087">
        <name>23:04</name>
      </trkpt>
      <trkpt lat="35.690766" lon="139.707083">
        <name>23:05</name>
      </trkpt>
      <trkpt lat="35.690746" lon="139.707078">
        <name>23:06</name>
      </trkpt>
      <trkpt lat="35.690612" lon="139.707045">
        <name>23:07</name>
      </trkpt>
      <trkpt lat="35.690454" lon="139.707005">
        <name>23:08</name>
      </trkpt>
      <trkpt lat="35.690333" lon="139.706969">
        <name>23:09</name>
      </trkpt>
      <trkpt lat="35.690167" lon="139.706913">
        <name>23:10</name>
      </trkpt>
      <trkpt lat="35.690123" lon="139.706897">
        <name>23:11</name>
      </trkpt>
      <trkpt lat="35.689968" lon="139.706850">
        <name>23:12</name>
      </trkpt>
      <trkpt lat="35.689798" lon="139.706795">
        <name>23:13</name>
      </trkpt>
      <trkpt lat="35.689667" lon="139.706729">
        <name>23:14</name>
      </trkpt>
      <trkpt lat="35.689588" lon="139.706676">
        <name>23:15</name>
      </trkpt>
      <trkpt lat="35.689563" lon="139.706729">
        <name>23:16</name>
      </trkpt>
      <trkpt lat="35.689495" lon="139.706872">
        <name>23:17</name>
      </trkpt>
      <trkpt lat="35.689495" lon="139.706872">
        <name>23:18</name>
      </trkpt>
      <trkpt lat="35.689563" lon="139.706729">
        <name>23:19</name>
      </trkpt>
      <trkpt lat="35.689588" lon="139.706676">
        <name>23:20</name>
      </trkpt>
      <trkpt lat="35.689498" lon="139.706613">
        <name>23:21</name>
      </trkpt>
      <trkpt lat="35.689453" lon="139.706582">
        <name>23:22</name>
      </trkpt>
      <trkpt lat="35.689362" lon="139.706519">
        <name>23:23</name>
      </trkpt>
      <trkpt lat="35.689307" lon="139.706595">
        <name>23:24</name>
      </trkpt>
      <trkpt lat="35.689206" lon="139.706752">
        <name>23:25</name>
      </trkpt>
      <trkpt lat="35.689146" lon="139.706840">
        <name>23:26</name>
      </trkpt>
      <trkpt lat="35.689043" lon="139.707027">
        <name>23:27</name>
      </trkpt>
      <trkpt lat="35.688973" lon="139.707169">
        <name>23:28</name>
      </trkpt>
      <trkpt lat="35.688951" lon="139.707213">
        <name>23:29</name>
      </trkpt>
      <trkpt lat="35.688900" lon="139.707345">
        <name>23:30</name>
      </trkpt>
      <trkpt lat="35.688900" lon="139.707345">
        <name>23:31</name>
      </trkpt>
      <trkpt lat="35.688951" lon="139.707213">
        <name>23:32</name>
      </trkpt>
      <trkpt lat="35.688973" lon="139.707169">
        <name>23:33</name>
      </trkpt>
      <trkpt lat="35.688994" lon="139.707095">
        <name>23:34</name>
      </trkpt>
      <trkpt lat="35.689023" lon="139.706956">
        <name>23:35</name>
      </trkpt>
      <trkpt lat="35.689056" lon="139.706833">
        <name>23:36</name>
      </trkpt>
      <trkpt lat="35.689079" lon="139.706772">
        <name>23:37</name>
      </trkpt>
      <trkpt lat="35.689167" lon="139.706555">
        <name>23:38</name>
      </trkpt>
      <trkpt lat="35.689187" lon="139.706507">
        <name>23:39</name>
      </trkpt>
      <trkpt lat="35.689228" lon="139.706417">
        <name>23:40</name>
      </trkpt>
      <trkpt lat="35.689279" lon="139.706222">
        <name>23:41</name>
      </trkpt>
      <trkpt lat="35.689471" lon="139.706366">
        <name>23:42</name>
      </trkpt>
      <trkpt lat="35.689552" lon="139.706426">
        <name>23:43</name>
      </trkpt>
      <trkpt lat="35.689695" lon="139.706532">
        <name>23:44</name>
      </trkpt>
      <trkpt lat="35.689775" lon="139.706580">
        <name>23:45</name>
      </trkpt>
      <trkpt lat="35.689820" lon="139.706604">
        <name>23:46</name>
      </trkpt>
      <trkpt lat="35.689865" lon="139.706627">
        <name>23:47</name>
      </trkpt>
      <trkpt lat="35.690032" lon="139.706693">
        <name>23:48</name>
      </trkpt>
      <trkpt lat="35.690094" lon="139.706566">
        <name>23:49</name>
      </trkpt>
      <trkpt lat="35.690124" lon="139.706498">
        <name>23:50</name>
      </trkpt>
      <trkpt lat="35.690304" lon="139.706098">
        <name>23:51</name>
      </trkpt>
      <trkpt lat="35.690455" lon="139.705770">
        <name>23:52</name>
      </trkpt>
      <trkpt lat="35.690461" lon="139.705756">
        <name>23:53</name>
      </trkpt>
      <trkpt lat="35.690531" lon="139.705611">
        <name>23:54</name>
      </trkpt>
      <trkpt lat="35.690787" lon="139.705048">
        <name>23:55</name>
      </trkpt>
      <trkpt lat="35.690851" lon="139.704908">
        <name>23:56</name>
      </trkpt>
      <trkpt lat="35.690708" lon="139.704813">
        <name>23:57</name>
      </trkpt>
      <trkpt lat="35.690504" lon="139.704680">
        <name>23:58</name>
      </trkpt>
      <trkpt lat="35.690291" lon="139.704530">
        <name>23:59</name>
      </trkpt>
      <trkpt lat="35.690095" lon="139.704398">
        <name>24:00</name>
      </trkpt>
      <trkpt lat="35.690001" lon="139.704335">
        <name>24:01</name>
      </trkpt>
      <trkpt lat="35.689838" lon="139.704233">
        <name>24:02</name>
      </trkpt>
      <trkpt lat="35.689856" lon="139.704379">
        <name>24:03</name>
      </trkpt>
      <trkpt lat="35.689864" lon="139.704479">
        <name>24:04</name>
      </trkpt>
      <trkpt lat="35.689875" lon="139.704713">
        <name>24:05</name>
      </trkpt>
      <trkpt lat="35.689876" lon="139.704900">
        <name>24:06</name>
      </trkpt>
      <trkpt lat="35.689866" lon="139.705074">
        <name>24:07</name>
      </trkpt>
      <trkpt lat="35.689845" lon="139.705242">
        <name>24:08</name>
      </trkpt>
      <trkpt lat="35.689811" lon="139.705410">
        <name>24:09</name>
      </trkpt>
      <trkpt lat="35.689764" lon="139.705571">
        <name>24:10</name>
      </trkpt>
      <trkpt lat="35.689696" lon="139.705757">
        <name>24:11</name>
      </trkpt>
      <trkpt lat="35.689608" lon="139.705954">
        <name>24:12</name>
      </trkpt>
      <trkpt lat="35.689481" lon="139.706201">
        <name>24:13</name>
      </trkpt>
      <trkpt lat="35.688939" lon="139.707076">
        <name>24:14</name>
      </trkpt>
      <trkpt lat="35.688549" lon="139.707971">
        <name>24:15</name>
      </trkpt>
      <trkpt lat="35.688549" lon="139.707971">
        <name>24:16</name>
      </trkpt>
      <trkpt lat="35.688105" lon="139.708987">
        <name>24:17</name>
      </trkpt>
      <trkpt lat="35.687841" lon="139.709731">
        <name>24:18</name>
      </trkpt>
      <trkpt lat="35.687603" lon="139.710643">
        <name>24:19</name>
      </trkpt>
      <trkpt lat="35.687308" lon="139.711964">
        <name>24:20</name>
      </trkpt>
      <trkpt lat="35.687226" lon="139.712518">
        <name>24:21</name>
      </trkpt>
      <trkpt lat="35.687189" lon="139.713035">
        <name>24:22</name>
      </trkpt>
      <trkpt lat="35.687207" lon="139.713589">
        <name>24:23</name>
      </trkpt>
      <trkpt lat="35.687331" lon="139.714841">
        <name>24:24</name>
      </trkpt>
      <trkpt lat="35.687454" lon="139.715481">
        <name>24:25</name>
      </trkpt>
      <trkpt lat="35.687477" lon="139.715586">
        <name>24:26</name>
      </trkpt>
      <trkpt lat="35.687514" lon="139.715749">
        <name>24:27</name>
      </trkpt>
      <trkpt lat="35.687569" lon="139.715943">
        <name>24:28</name>
      </trkpt>
      <trkpt lat="35.687437" lon="139.715956">
        <name>24:29</name>
      </trkpt>
      <trkpt lat="35.687373" lon="139.715620">
        <name>24:30</name>
      </trkpt>
      <trkpt lat="35.687341" lon="139.715442">
        <name>24:31</name>
      </trkpt>
      <trkpt lat="35.687227" lon="139.714824">
        <name>24:32</name>
      </trkpt>
      <trkpt lat="35.687144" lon="139.714113">
        <name>24:33</name>
      </trkpt>
      <trkpt lat="35.687106" lon="139.713693">
        <name>24:34</name>
      </trkpt>
      <trkpt lat="35.687081" lon="139.713103">
        <name>24:35</name>
      </trkpt>
      <trkpt lat="35.687111" lon="139.712552">
        <name>24:36</name>
      </trkpt>
      <trkpt lat="35.687198" lon="139.711925">
        <name>24:37</name>
      </trkpt>
      <trkpt lat="35.687517" lon="139.710516">
        <name>24:38</name>
      </trkpt>
      <trkpt lat="35.687750" lon="139.709637">
        <name>24:39</name>
      </trkpt>
      <trkpt lat="35.688011" lon="139.708932">
        <name>24:40</name>
      </trkpt>
      <trkpt lat="35.688528" lon="139.707801">
        <name>24:41</name>
      </trkpt>
      <trkpt lat="35.688528" lon="139.707801">
        <name>24:42</name>
      </trkpt>
      <trkpt lat="35.688582" lon="139.707683">
        <name>24:43</name>
      </trkpt>
      <trkpt lat="35.688582" lon="139.707683">
        <name>24:44</name>
      </trkpt>
      <trkpt lat="35.688878" lon="139.707034">
        <name>24:45</name>
      </trkpt>
      <trkpt lat="35.689404" lon="139.706126">
        <name>24:46</name>
      </trkpt>
      <trkpt lat="35.689520" lon="139.705910">
        <name>24:47</name>
      </trkpt>
      <trkpt lat="35.689591" lon="139.705747">
        <name>24:48</name>
      </trkpt>
      <trkpt lat="35.689651" lon="139.705579">
        <name>24:49</name>
      </trkpt>
      <trkpt lat="35.689691" lon="139.705437">
        <name>24:50</name>
      </trkpt>
      <trkpt lat="35.689720" lon="139.705309">
        <name>24:51</name>
      </trkpt>
      <trkpt lat="35.689741" lon="139.705178">
        <name>24:52</name>
      </trkpt>
      <trkpt lat="35.689755" lon="139.705006">
        <name>24:53</name>
      </trkpt>
      <trkpt lat="35.689745" lon="139.704533">
        <name>24:54</name>
      </trkpt>
      <trkpt lat="35.689733" lon="139.704399">
        <name>24:55</name>
      </trkpt>
      <trkpt lat="35.689725" lon="139.704297">
        <name>24:56</name>
      </trkpt>
      <trkpt lat="35.689711" lon="139.704152">
        <name>24:57</name>
      </trkpt>
      <trkpt lat="35.689703" lon="139.704046">
        <name>24:58</name>
      </trkpt>
      <trkpt lat="35.689692" lon="139.703918">
        <name>24:59</name>
      </trkpt>
      <trkpt lat="35.689678" lon="139.703780">
        <name>25:00</name>
      </trkpt>
      <trkpt lat="35.689623" lon="139.703673">
        <name>25:01</name>
      </trkpt>
      <trkpt lat="35.689581" lon="139.703619">
        <name>25:02</name>
      </trkpt>
      <trkpt lat="35.689566" lon="139.703564">
        <name>25:03</name>
      </trkpt>
      <trkpt lat="35.689500" lon="139.703081">
        <name>25:04</name>
      </trkpt>
      <trkpt lat="35.689436" lon="139.702713">
        <name>25:05</name>
      </trkpt>
      <trkpt lat="35.689329" lon="139.702268">
        <name>25:06</name>
      </trkpt>
      <trkpt lat="35.689332" lon="139.702170">
        <name>25:07</name>
      </trkpt>
      <trkpt lat="35.689588" lon="139.702098">
        <name>25:08</name>
      </trkpt>
      <trkpt lat="35.689603" lon="139.702168">
        <name>25:09</name>
      </trkpt>
      <trkpt lat="35.689708" lon="139.702626">
        <name>25:10</name>
      </trkpt>
      <trkpt lat="35.689795" lon="139.703133">
        <name>25:11</name>
      </trkpt>
      <trkpt lat="35.689811" lon="139.703229">
        <name>25:12</name>
      </trkpt>
      <trkpt lat="35.689769" lon="139.703274">
        <name>25:13</name>
      </trkpt>
      <trkpt lat="35.689749" lon="139.703322">
        <name>25:14</name>
      </trkpt>
      <trkpt lat="35.689741" lon="139.703369">
        <name>25:15</name>
      </trkpt>
      <trkpt lat="35.689735" lon="139.703422">
        <name>25:16</name>
      </trkpt>
      <trkpt lat="35.689766" lon="139.703641">
        <name>25:17</name>
      </trkpt>
      <trkpt lat="35.689802" lon="139.703923">
        <name>25:18</name>
      </trkpt>
      <trkpt lat="35.689811" lon="139.703991">
        <name>25:19</name>
      </trkpt>
      <trkpt lat="35.689825" lon="139.704126">
        <name>25:20</name>
      </trkpt>
      <trkpt lat="35.689838" lon="139.704233">
        <name>25:21</name>
      </trkpt>
      <trkpt lat="35.689856" lon="139.704379">
        <name>25:22</name>
      </trkpt>
      <trkpt lat="35.689864" lon="139.704479">
        <name>25:23</name>
      </trkpt>
      <trkpt lat="35.689899" lon="139.704643">
        <name>25:24</name>
      </trkpt>
      <trkpt lat="35.689921" lon="139.704795">
        <name>25:25</name>
      </trkpt>
      <trkpt lat="35.689932" lon="139.704925">
        <name>25:26</name>
      </trkpt>
      <trkpt lat="35.689935" lon="139.705080">
        <name>25:27</name>
      </trkpt>
      <trkpt lat="35.689926" lon="139.705184">
        <name>25:28</name>
      </trkpt>
      <trkpt lat="35.689908" lon="139.705282">
        <name>25:29</name>
      </trkpt>
      <trkpt lat="35.689887" lon="139.705384">
        <name>25:30</name>
      </trkpt>
      <trkpt lat="35.689869" lon="139.705469">
        <name>25:31</name>
      </trkpt>
      <trkpt lat="35.689846" lon="139.705559">
        <name>25:32</name>
      </trkpt>
      <trkpt lat="35.689821" lon="139.705644">
        <name>25:33</name>
      </trkpt>
      <trkpt lat="35.689790" lon="139.705739">
        <name>25:34</name>
      </trkpt>
      <trkpt lat="35.689712" lon="139.705930">
        <name>25:35</name>
      </trkpt>
      <trkpt lat="35.689651" lon="139.706059">
        <name>25:36</name>
      </trkpt>
      <trkpt lat="35.689565" lon="139.706227">
        <name>25:37</name>
      </trkpt>
      <trkpt lat="35.689536" lon="139.706275">
        <name>25:38</name>
      </trkpt>
      <trkpt lat="35.689471" lon="139.706366">
        <name>25:39</name>
      </trkpt>
      <trkpt lat="35.689362" lon="139.706519">
        <name>25:40</name>
      </trkpt>
      <trkpt lat="35.689307" lon="139.706595">
        <name>25:41</name>
      </trkpt>
      <trkpt lat="35.689206" lon="139.706752">
        <name>25:42</name>
      </trkpt>
      <trkpt lat="35.689146" lon="139.706840">
        <name>25:43</name>
      </trkpt>
      <trkpt lat="35.689070" lon="139.706979">
        <name>25:44</name>
      </trkpt>
      <trkpt lat="35.689070" lon="139.706979">
        <name>25:45</name>
      </trkpt>
      <trkpt lat="35.689043" lon="139.707027">
        <name>25:46</name>
      </trkpt>
      <trkpt lat="35.688973" lon="139.707169">
        <name>25:47</name>
      </trkpt>
      <trkpt lat="35.688994" lon="139.707095">
        <name>25:48</name>
      </trkpt>
      <trkpt lat="35.689023" lon="139.706956">
        <name>25:49</name>
      </trkpt>
      <trkpt lat="35.689056" lon="139.706833">
        <name>25:50</name>
      </trkpt>
      <trkpt lat="35.689079" lon="139.706772">
        <name>25:51</name>
      </trkpt>
      <trkpt lat="35.689167" lon="139.706555">
        <name>25:52</name>
      </trkpt>
      <trkpt lat="35.689187" lon="139.706507">
        <name>25:53</name>
      </trkpt>
      <trkpt lat="35.689228" lon="139.706417">
        <name>25:54</name>
      </trkpt>
      <trkpt lat="35.689279" lon="139.706222">
        <name>25:55</name>
      </trkpt>
      <trkpt lat="35.689471" lon="139.706366">
        <name>25:56</name>
      </trkpt>
      <trkpt lat="35.689552" lon="139.706426">
        <name>25:57</name>
      </trkpt>
      <trkpt lat="35.689695" lon="139.706532">
        <name>25:58</name>
      </trkpt>
      <trkpt lat="35.689702" lon="139.706536">
        <name>25:59</name>
      </trkpt>
      <trkpt lat="35.689702" lon="139.706536">
        <name>26:00</name>
      </trkpt>
      <trkpt lat="35.689775" lon="139.706580">
        <name>26:01</name>
      </trkpt>
      <trkpt lat="35.689820" lon="139.706604">
        <name>26:02</name>
      </trkpt>
      <trkpt lat="35.689865" lon="139.706627">
        <name>26:03</name>
      </trkpt>
      <trkpt lat="35.690032" lon="139.706693">
        <name>26:04</name>
      </trkpt>
      <trkpt lat="35.690094" lon="139.706566">
        <name>26:05</name>
      </trkpt>
      <trkpt lat="35.690124" lon="139.706498">
        <name>26:06</name>
      </trkpt>
      <trkpt lat="35.690304" lon="139.706098">
        <name>26:07</name>
      </trkpt>
      <trkpt lat="35.690449" lon="139.705784">
        <name>26:08</name>
      </trkpt>
      <trkpt lat="35.690449" lon="139.705784">
        <name>26:09</name>
      </trkpt>
      <trkpt lat="35.690455" lon="139.705770">
        <name>26:10</name>
      </trkpt>
      <trkpt lat="35.690461" lon="139.705756">
        <name>26:11</name>
      </trkpt>
      <trkpt lat="35.690531" lon="139.705611">
        <name>26:12</name>
      </trkpt>
      <trkpt lat="35.690787" lon="139.705048">
        <name>26:13</name>
      </trkpt>
      <trkpt lat="35.690851" lon="139.704908">
        <name>26:14</name>
      </trkpt>
      <trkpt lat="35.690884" lon="139.704836">
        <name>26:15</name>
      </trkpt>
      <trkpt lat="35.691052" lon="139.704943">
        <name>26:16</name>
      </trkpt>
      <trkpt lat="35.691354" lon="139.705119">
        <name>26:17</name>
      </trkpt>
      <trkpt lat="35.691536" lon="139.705241">
        <name>26:18</name>
      </trkpt>
      <trkpt lat="35.691766" lon="139.705377">
        <name>26:19</name>
      </trkpt>
      <trkpt lat="35.691810" lon="139.705402">
        <name>26:20</name>
      </trkpt>
      <trkpt lat="35.691872" lon="139.705440">
        <name>26:21</name>
      </trkpt>
      <trkpt lat="35.691832" lon="139.705503">
        <name>26:22</name>
      </trkpt>
      <trkpt lat="35.691769" lon="139.705465">
        <name>26:23</name>
      </trkpt>
      <trkpt lat="35.691498" lon="139.705306">
        <name>26:24</name>
      </trkpt>
      <trkpt lat="35.691326" lon="139.705192">
        <name>26:25</name>
      </trkpt>
      <trkpt lat="35.691188" lon="139.705110">
        <name>26:26</name>
      </trkpt>
      <trkpt lat="35.691143" lon="139.705083">
        <name>26:27</name>
      </trkpt>
      <trkpt lat="35.691143" lon="139.705083">
        <name>26:28</name>
      </trkpt>
      <trkpt lat="35.691024" lon="139.705014">
        <name>26:29</name>
      </trkpt>
      <trkpt lat="35.690851" lon="139.704908">
        <name>26:30</name>
      </trkpt>
      <trkpt lat="35.690884" lon="139.704836">
        <name>26:31</name>
      </trkpt>
      <trkpt lat="35.691052" lon="139.704943">
        <name>26:32</name>
      </trkpt>
      <trkpt lat="35.691354" lon="139.705119">
        <name>26:33</name>
      </trkpt>
      <trkpt lat="35.691536" lon="139.705241">
        <name>26:34</name>
      </trkpt>
      <trkpt lat="35.691766" lon="139.705377">
        <name>26:35</name>
      </trkpt>
      <trkpt lat="35.691810" lon="139.705402">
        <name>26:36</name>
      </trkpt>
      <trkpt lat="35.691872" lon="139.705440">
        <name>26:37</name>
      </trkpt>
      <trkpt lat="35.692197" lon="139.705635">
        <name>26:38</name>
      </trkpt>
      <trkpt lat="35.692245" lon="139.705663">
        <name>26:39</name>
      </trkpt>
      <trkpt lat="35.692388" lon="139.705747">
        <name>26:40</name>
      </trkpt>
      <trkpt lat="35.692430" lon="139.705557">
        <name>26:41</name>
      </trkpt>
      <trkpt lat="35.692441" lon="139.705516">
        <name>26:42</name>
      </trkpt>
      <trkpt lat="35.692452" lon="139.705473">
        <name>26:43</name>
      </trkpt>
      <trkpt lat="35.692534" lon="139.705160">
        <name>26:44</name>
      </trkpt>
      <trkpt lat="35.692708" lon="139.704533">
        <name>26:45</name>
      </trkpt>
      <trkpt lat="35.692620" lon="139.704483">
        <name>26:46</name>
      </trkpt>
      <trkpt lat="35.692360" lon="139.704334">
        <name>26:47</name>
      </trkpt>
      <trkpt lat="35.692326" lon="139.704315">
        <name>26:48</name>
      </trkpt>
      <trkpt lat="35.692278" lon="139.704289">
        <name>26:49</name>
      </trkpt>
      <trkpt lat="35.692230" lon="139.704312">
        <name>26:50</name>
      </trkpt>
      <trkpt lat="35.692204" lon="139.704325">
        <name>26:51</name>
      </trkpt>
      <trkpt lat="35.692040" lon="139.704221">
        <name>26:52</name>
      </trkpt>
      <trkpt lat="35.691995" lon="139.704192">
        <name>26:53</name>
      </trkpt>
      <trkpt lat="35.691995" lon="139.704192">
        <name>26:54</name>
      </trkpt>
      <trkpt lat="35.692040" lon="139.704221">
        <name>26:55</name>
      </trkpt>
      <trkpt lat="35.692204" lon="139.704325">
        <name>26:56</name>
      </trkpt>
      <trkpt lat="35.692230" lon="139.704312">
        <name>26:57</name>
      </trkpt>
      <trkpt lat="35.692278" lon="139.704289">
        <name>26:58</name>
      </trkpt>
      <trkpt lat="35.692237" lon="139.704450">
        <name>26:59</name>
      </trkpt>
      <trkpt lat="35.692163" lon="139.704738">
        <name>27:00</name>
      </trkpt>
      <trkpt lat="35.692144" lon="139.704809">
        <name>27:01</name>
      </trkpt>
      <trkpt lat="35.692118" lon="139.704912">
        <name>27:02</name>
      </trkpt>
      <trkpt lat="35.692433" lon="139.705100">
        <name>27:03</name>
      </trkpt>
      <trkpt lat="35.692454" lon="139.705112">
        <name>27:04</name>
      </trkpt>
      <trkpt lat="35.692534" lon="139.705160">
        <name>27:05</name>
      </trkpt>
      <trkpt lat="35.692708" lon="139.704533">
        <name>27:06</name>
      </trkpt>
      <trkpt lat="35.692778" lon="139.704288">
        <name>27:07</name>
      </trkpt>
      <trkpt lat="35.692836" lon="139.704078">
        <name>27:08</name>
      </trkpt>
      <trkpt lat="35.692840" lon="139.704063">
        <name>27:09</name>
      </trkpt>
      <trkpt lat="35.692840" lon="139.704063">
        <name>27:10</name>
      </trkpt>
      <trkpt lat="35.692931" lon="139.703745">
        <name>27:11</name>
      </trkpt>
      <trkpt lat="35.692950" lon="139.703680">
        <name>27:12</name>
      </trkpt>
      <trkpt lat="35.692997" lon="139.703512">
        <name>27:13</name>
      </trkpt>
      <trkpt lat="35.693021" lon="139.703427">
        <name>27:14</name>
      </trkpt>
      <trkpt lat="35.693141" lon="139.703482">
        <name>27:15</name>
      </trkpt>
      <trkpt lat="35.693072" lon="139.703731">
        <name>27:16</name>
      </trkpt>
      <trkpt lat="35.692837" lon="139.704588">
        <name>27:17</name>
      </trkpt>
      <trkpt lat="35.692597" lon="139.705493">
        <name>27:18</name>
      </trkpt>
      <trkpt lat="35.692587" lon="139.705528">
        <name>27:19</name>
      </trkpt>
      <trkpt lat="35.692577" lon="139.705567">
        <name>27:20</name>
      </trkpt>
      <trkpt lat="35.692565" lon="139.705611">
        <name>27:21</name>
      </trkpt>
      <trkpt lat="35.692510" lon="139.705818">
        <name>27:22</name>
      </trkpt>
      <trkpt lat="35.692490" lon="139.705892">
        <name>27:23</name>
      </trkpt>
      <trkpt lat="35.692461" lon="139.706019">
        <name>27:24</name>
      </trkpt>
      <trkpt lat="35.692319" lon="139.706518">
        <name>27:25</name>
      </trkpt>
      <trkpt lat="35.692289" lon="139.706621">
        <name>27:26</name>
      </trkpt>
      <trkpt lat="35.692257" lon="139.706735">
        <name>27:27</name>
      </trkpt>
      <trkpt lat="35.692202" lon="139.706925">
        <name>27:28</name>
      </trkpt>
      <trkpt lat="35.692155" lon="139.707086">
        <name>27:29</name>
      </trkpt>
      <trkpt lat="35.692028" lon="139.707099">
        <name>27:30</name>
      </trkpt>
      <trkpt lat="35.692067" lon="139.706943">
        <name>27:31</name>
      </trkpt>
      <trkpt lat="35.692117" lon="139.706759">
        <name>27:32</name>
      </trkpt>
      <trkpt lat="35.692190" lon="139.706497">
        <name>27:33</name>
      </trkpt>
      <trkpt lat="35.692271" lon="139.706206">
        <name>27:34</name>
      </trkpt>
      <trkpt lat="35.692323" lon="139.706019">
        <name>27:35</name>
      </trkpt>
      <trkpt lat="35.692338" lon="139.705962">
        <name>27:36</name>
      </trkpt>
      <trkpt lat="35.692351" lon="139.705914">
        <name>27:37</name>
      </trkpt>
      <trkpt lat="35.692371" lon="139.705823">
        <name>27:38</name>
      </trkpt>
      <trkpt lat="35.692388" lon="139.705747">
        <name>27:39</name>
      </trkpt>
      <trkpt lat="35.692430" lon="139.705557">
        <name>27:40</name>
      </trkpt>
      <trkpt lat="35.692441" lon="139.705516">
        <name>27:41</name>
      </trkpt>
      <trkpt lat="35.692452" lon="139.705473">
        <name>27:42</name>
      </trkpt>
      <trkpt lat="35.692534" lon="139.705160">
        <name>27:43</name>
      </trkpt>
      <trkpt lat="35.692708" lon="139.704533">
        <name>27:44</name>
      </trkpt>
      <trkpt lat="35.692620" lon="139.704483">
        <name>27:45</name>
      </trkpt>
      <trkpt lat="35.692492" lon="139.704410">
        <name>27:46</name>
      </trkpt>
      <trkpt lat="35.692492" lon="139.704410">
        <name>27:47</name>
      </trkpt>
      <trkpt lat="35.692360" lon="139.704334">
        <name>27:48</name>
      </trkpt>
      <trkpt lat="35.692326" lon="139.704315">
        <name>27:49</name>
      </trkpt>
      <trkpt lat="35.692278" lon="139.704289">
        <name>27:50</name>
      </trkpt>
      <trkpt lat="35.692228" lon="139.704261">
        <name>27:51</name>
      </trkpt>
      <trkpt lat="35.692063" lon="139.704163">
        <name>27:52</name>
      </trkpt>
      <trkpt lat="35.691840" lon="139.704030">
        <name>27:53</name>
      </trkpt>
      <trkpt lat="35.691774" lon="139.703985">
        <name>27:54</name>
      </trkpt>
      <trkpt lat="35.691548" lon="139.703847">
        <name>27:55</name>
      </trkpt>
      <trkpt lat="35.691446" lon="139.703785">
        <name>27:56</name>
      </trkpt>
      <trkpt lat="35.691434" lon="139.703778">
        <name>27:57</name>
      </trkpt>
      <trkpt lat="35.691376" lon="139.703743">
        <name>27:58</name>
      </trkpt>
      <trkpt lat="35.691328" lon="139.703851">
        <name>27:59</name>
      </trkpt>
      <trkpt lat="35.690953" lon="139.704688">
        <name>28:00</name>
      </trkpt>
      <trkpt lat="35.690884" lon="139.704836">
        <name>28:01</name>
      </trkpt>
      <trkpt lat="35.691052" lon="139.704943">
        <name>28:02</name>
      </trkpt>
      <trkpt lat="35.691354" lon="139.705119">
        <name>28:03</name>
      </trkpt>
      <trkpt lat="35.691536" lon="139.705241">
        <name>28:04</name>
      </trkpt>
      <trkpt lat="35.691614" lon="139.705287">
        <name>28:05</name>
      </trkpt>
      <trkpt lat="35.691614" lon="139.705287">
        <name>28:06</name>
      </trkpt>
      <trkpt lat="35.691766" lon="139.705377">
        <name>28:07</name>
      </trkpt>
      <trkpt lat="35.691810" lon="139.705402">
        <name>28:08</name>
      </trkpt>
      <trkpt lat="35.691872" lon="139.705440">
        <name>28:09</name>
      </trkpt>
      <trkpt lat="35.691832" lon="139.705503">
        <name>28:10</name>
      </trkpt>
      <trkpt lat="35.691769" lon="139.705465">
        <name>28:11</name>
      </trkpt>
      <trkpt lat="35.691498" lon="139.705306">
        <name>28:12</name>
      </trkpt>
      <trkpt lat="35.691326" lon="139.705192">
        <name>28:13</name>
      </trkpt>
      <trkpt lat="35.691188" lon="139.705110">
        <name>28:14</name>
      </trkpt>
      <trkpt lat="35.691024" lon="139.705014">
        <name>28:15</name>
      </trkpt>
      <trkpt lat="35.690851" lon="139.704908">
        <name>28:16</name>
      </trkpt>
      <trkpt lat="35.690787" lon="139.705048">
        <name>28:17</name>
      </trkpt>
      <trkpt lat="35.690572" lon="139.705521">
        <name>28:18</name>
      </trkpt>
      <trkpt lat="35.690572" lon="139.705521">
        <name>28:19</name>
      </trkpt>
      <trkpt lat="35.690531" lon="139.705611">
        <name>28:20</name>
      </trkpt>
      <trkpt lat="35.690461" lon="139.705756">
        <name>28:21</name>
      </trkpt>
      <trkpt lat="35.690455" lon="139.705770">
        <name>28:22</name>
      </trkpt>
      <trkpt lat="35.690304" lon="139.706098">
        <name>28:23</name>
      </trkpt>
      <trkpt lat="35.690283" lon="139.706144">
        <name>28:24</name>
      </trkpt>
      <trkpt lat="35.690283" lon="139.706144">
        <name>28:25</name>
      </trkpt>
      <trkpt lat="35.690304" lon="139.706098">
        <name>28:26</name>
      </trkpt>
      <trkpt lat="35.690455" lon="139.705770">
        <name>28:27</name>
      </trkpt>
      <trkpt lat="35.690379" lon="139.705715">
        <name>28:28</name>
      </trkpt>
      <trkpt lat="35.690037" lon="139.705477">
        <name>28:29</name>
      </trkpt>
      <trkpt lat="35.689887" lon="139.705384">
        <name>28:30</name>
      </trkpt>
      <trkpt lat="35.689869" lon="139.705469">
        <name>28:31</name>
      </trkpt>
      <trkpt lat="35.689846" lon="139.705559">
        <name>28:32</name>
      </trkpt>
      <trkpt lat="35.689821" lon="139.705644">
        <name>28:33</name>
      </trkpt>
      <trkpt lat="35.689790" lon="139.705739">
        <name>28:34</name>
      </trkpt>
      <trkpt lat="35.689712" lon="139.705930">
        <name>28:35</name>
      </trkpt>
      <trkpt lat="35.689651" lon="139.706059">
        <name>28:36</name>
      </trkpt>
      <trkpt lat="35.689565" lon="139.706227">
        <name>28:37</name>
      </trkpt>
      <trkpt lat="35.689536" lon="139.706275">
        <name>28:38</name>
      </trkpt>
      <trkpt lat="35.689471" lon="139.706366">
        <name>28:39</name>
      </trkpt>
      <trkpt lat="35.689552" lon="139.706426">
        <name>28:40</name>
      </trkpt>
      <trkpt lat="35.689695" lon="139.706532">
        <name>28:41</name>
      </trkpt>
      <trkpt lat="35.689775" lon="139.706580">
        <name>28:42</name>
      </trkpt>
      <trkpt lat="35.689820" lon="139.706604">
        <name>28:43</name>
      </trkpt>
      <trkpt lat="35.689865" lon="139.706627">
        <name>28:44</name>
      </trkpt>
      <trkpt lat="35.689898" lon="139.706640">
        <name>28:45</name>
      </trkpt>
      <trkpt lat="35.689898" lon="139.706640">
        <name>28:46</name>
      </trkpt>
      <trkpt lat="35.690032" lon="139.706693">
        <name>28:47</name>
      </trkpt>
      <trkpt lat="35.690184" lon="139.706757">
        <name>28:48</name>
      </trkpt>
      <trkpt lat="35.690208" lon="139.706767">
        <name>28:49</name>
      </trkpt>
      <trkpt lat="35.690404" lon="139.706834">
        <name>28:50</name>
      </trkpt>
      <trkpt lat="35.690530" lon="139.706872">
        <name>28:51</name>
      </trkpt>
      <trkpt lat="35.690655" lon="139.706911">
        <name>28:52</name>
      </trkpt>
      <trkpt lat="35.690769" lon="139.706942">
        <name>28:53</name>
      </trkpt>
      <trkpt lat="35.690789" lon="139.706947">
        <name>28:54</name>
      </trkpt>
      <trkpt lat="35.690808" lon="139.706952">
        <name>28:55</name>
      </trkpt>
      <trkpt lat="35.690890" lon="139.706973">
        <name>28:56</name>
      </trkpt>
      <trkpt lat="35.690933" lon="139.707103">
        <name>28:57</name>
      </trkpt>
      <trkpt lat="35.690786" lon="139.707087">
        <name>28:58</name>
      </trkpt>
      <trkpt lat="35.690766" lon="139.707083">
        <name>28:59</name>
      </trkpt>
      <trkpt lat="35.690746" lon="139.707078">
        <name>29:00</name>
      </trkpt>
      <trkpt lat="35.690612" lon="139.707045">
        <name>29:01</name>
      </trkpt>
      <trkpt lat="35.690454" lon="139.707005">
        <name>29:02</name>
      </trkpt>
      <trkpt lat="35.690333" lon="139.706969">
        <name>29:03</name>
      </trkpt>
      <trkpt lat="35.690167" lon="139.706913">
        <name>29:04</name>
      </trkpt>
      <trkpt lat="35.690123" lon="139.706897">
        <name>29:05</name>
      </trkpt>
      <trkpt lat="35.689968" lon="139.706850">
        <name>29:06</name>
      </trkpt>
      <trkpt lat="35.689798" lon="139.706795">
        <name>29:07</name>
      </trkpt>
      <trkpt lat="35.689667" lon="139.706729">
        <name>29:08</name>
      </trkpt>
      <trkpt lat="35.689588" lon="139.706676">
        <name>29:09</name>
      </trkpt>
      <trkpt lat="35.689563" lon="139.706729">
        <name>29:10</name>
      </trkpt>
      <trkpt lat="35.689362" lon="139.707150">
        <name>29:11</name>
      </trkpt>
      <trkpt lat="35.689362" lon="139.707150">
        <name>29:12</name>
      </trkpt>
      <trkpt lat="35.689563" lon="139.706729">
        <name>29:13</name>
      </trkpt>
      <trkpt lat="35.689588" lon="139.706676">
        <name>29:14</name>
      </trkpt>
      <trkpt lat="35.689498" lon="139.706613">
        <name>29:15</name>
      </trkpt>
      <trkpt lat="35.689453" lon="139.706582">
        <name>29:16</name>
      </trkpt>
      <trkpt lat="35.689362" lon="139.706519">
        <name>29:17</name>
      </trkpt>
      <trkpt lat="35.689307" lon="139.706595">
        <name>29:18</name>
      </trkpt>
      <trkpt lat="35.689206" lon="139.706752">
        <name>29:19</name>
      </trkpt>
      <trkpt lat="35.689146" lon="139.706840">
        <name>29:20</name>
      </trkpt>
      <trkpt lat="35.689043" lon="139.707027">
        <name>29:21</name>
      </trkpt>
      <trkpt lat="35.688973" lon="139.707169">
        <name>29:22</name>
      </trkpt>
      <trkpt lat="35.688951" lon="139.707213">
        <name>29:23</name>
      </trkpt>
      <trkpt lat="35.688804" lon="139.707590">
        <name>29:24</name>
      </trkpt>
      <trkpt lat="35.688804" lon="139.707590">
        <name>29:25</name>
      </trkpt>
      <trkpt lat="35.688745" lon="139.707741">
        <name>29:26</name>
      </trkpt>
      <trkpt lat="35.688544" lon="139.708381">
        <name>29:27</name>
      </trkpt>
      <trkpt lat="35.688394" lon="139.708846">
        <name>29:28</name>
      </trkpt>
      <trkpt lat="35.688376" lon="139.708907">
        <name>29:29</name>
      </trkpt>
      <trkpt lat="35.688213" lon="139.709433">
        <name>29:30</name>
      </trkpt>
      <trkpt lat="35.688126" lon="139.709755">
        <name>29:31</name>
      </trkpt>
      <trkpt lat="35.688093" lon="139.709894">
        <name>29:32</name>
      </trkpt>
      <trkpt lat="35.688066" lon="139.710000">
        <name>29:33</name>
      </trkpt>
      <trkpt lat="35.687976" lon="139.710507">
        <name>29:34</name>
      </trkpt>
      <trkpt lat="35.687762" lon="139.711621">
        <name>29:35</name>
      </trkpt>
      <trkpt lat="35.687612" lon="139.712188">
        <name>29:36</name>
      </trkpt>
      <trkpt lat="35.687480" lon="139.712709">
        <name>29:37</name>
      </trkpt>
      <trkpt lat="35.687404" lon="139.713066">
        <name>29:38</name>
      </trkpt>
      <trkpt lat="35.687390" lon="139.713159">
        <name>29:39</name>
      </trkpt>
      <trkpt lat="35.687383" lon="139.713253">
        <name>29:40</name>
      </trkpt>
      <trkpt lat="35.687380" lon="139.713382">
        <name>29:41</name>
      </trkpt>
      <trkpt lat="35.687385" lon="139.713708">
        <name>29:42</name>
      </trkpt>
      <trkpt lat="35.687394" lon="139.713769">
        <name>29:43</name>
      </trkpt>
      <trkpt lat="35.687410" lon="139.713827">
        <name>29:44</name>
      </trkpt>
      <trkpt lat="35.687444" lon="139.713883">
        <name>29:45</name>
      </trkpt>
      <trkpt lat="35.687476" lon="139.713916">
        <name>29:46</name>
      </trkpt>
      <trkpt lat="35.687782" lon="139.714049">
        <name>29:47</name>
      </trkpt>
      <trkpt lat="35.687880" lon="139.714065">
        <name>29:48</name>
      </trkpt>
      <trkpt lat="35.687877" lon="139.714249">
        <name>29:49</name>
      </trkpt>
      <trkpt lat="35.687825" lon="139.714517">
        <name>29:50</name>
      </trkpt>
      <trkpt lat="35.687741" lon="139.714938">
        <name>29:51</name>
      </trkpt>
      <trkpt lat="35.687641" lon="139.715424">
        <name>29:52</name>
      </trkpt>
      <trkpt lat="35.687603" lon="139.715584">
        <name>29:53</name>
      </trkpt>
      <trkpt lat="35.687592" lon="139.715676">
        <name>29:54</name>
      </trkpt>
      <trkpt lat="35.687603" lon="139.715822">
        <name>29:55</name>
      </trkpt>
      <trkpt lat="35.687598" lon="139.715864">
        <name>29:56</name>
      </trkpt>
      <trkpt lat="35.687587" lon="139.715901">
        <name>29:57</name>
      </trkpt>
      <trkpt lat="35.687569" lon="139.715943">
        <name>29:58</name>
      </trkpt>
      <trkpt lat="35.687603" lon="139.716102">
        <name>29:59</name>
      </trkpt>
      <trkpt lat="35.687677" lon="139.716677">
        <name>30:00</name>
      </trkpt>
      <trkpt lat="35.687705" lon="139.716899">
        <name>30:01</name>
      </trkpt>
      <trkpt lat="35.687785" lon="139.717705">
        <name>30:02</name>
      </trkpt>
      <trkpt lat="35.687795" lon="139.717804">
        <name>30:03</name>
      </trkpt>
      <trkpt lat="35.687649" lon="139.717822">
        <name>30:04</name>
      </trkpt>
      <trkpt lat="35.687564" lon="139.716921">
        <name>30:05</name>
      </trkpt>
      <trkpt lat="35.687474" lon="139.716187">
        <name>30:06</name>
      </trkpt>
      <trkpt lat="35.687466" lon="139.716125">
        <name>30:07</name>
      </trkpt>
      <trkpt lat="35.687437" lon="139.715956">
        <name>30:08</name>
      </trkpt>
      <trkpt lat="35.687373" lon="139.715620">
        <name>30:09</name>
      </trkpt>
      <trkpt lat="35.687341" lon="139.715442">
        <name>30:10</name>
      </trkpt>
      <trkpt lat="35.687227" lon="139.714824">
        <name>30:11</name>
      </trkpt>
      <trkpt lat="35.687144" lon="139.714113">
        <name>30:12</name>
      </trkpt>
      <trkpt lat="35.687106" lon="139.713693">
        <name>30:13</name>
      </trkpt>
      <trkpt lat="35.687081" lon="139.713103">
        <name>30:14</name>
      </trkpt>
      <trkpt lat="35.687111" lon="139.712552">
        <name>30:15</name>
      </trkpt>
      <trkpt lat="35.687198" lon="139.711925">
        <name>30:16</name>
      </trkpt>
      <trkpt lat="35.687517" lon="139.710516">
        <name>30:17</name>
      </trkpt>
      <trkpt lat="35.687750" lon="139.709637">
        <name>30:18</name>
      </trkpt>
      <trkpt lat="35.688011" lon="139.708932">
        <name>30:19</name>
      </trkpt>
      <trkpt lat="35.688434" lon="139.708007">
        <name>30:20</name>
      </trkpt>
      <trkpt lat="35.688434" lon="139.708007">
        <name>30:21</name>
      </trkpt>
      <trkpt lat="35.688878" lon="139.707034">
        <name>30:22</name>
      </trkpt>
      <trkpt lat="35.689404" lon="139.706126">
        <name>30:23</name>
      </trkpt>
      <trkpt lat="35.689520" lon="139.705910">
        <name>30:24</name>
      </trkpt>
      <trkpt lat="35.689591" lon="139.705747">
        <name>30:25</name>
      </trkpt>
      <trkpt lat="35.689651" lon="139.705579">
        <name>30:26</name>
      </trkpt>
      <trkpt lat="35.689691" lon="139.705437">
        <name>30:27</name>
      </trkpt>
      <trkpt lat="35.689720" lon="139.705309">
        <name>30:28</name>
      </trkpt>
      <trkpt lat="35.689741" lon="139.705178">
        <name>30:29</name>
      </trkpt>
      <trkpt lat="35.689755" lon="139.705006">
        <name>30:30</name>
      </trkpt>
      <trkpt lat="35.689745" lon="139.704533">
        <name>30:31</name>
      </trkpt>
      <trkpt lat="35.689733" lon="139.704399">
        <name>30:32</name>
      </trkpt>
      <trkpt lat="35.689725" lon="139.704297">
        <name>30:33</name>
      </trkpt>
      <trkpt lat="35.689711" lon="139.704152">
        <name>30:34</name>
      </trkpt>
      <trkpt lat="35.689703" lon="139.704046">
        <name>30:35</name>
      </trkpt>
      <trkpt lat="35.689692" lon="139.703918">
        <name>30:36</name>
      </trkpt>
      <trkpt lat="35.689678" lon="139.703780">
        <name>30:37</name>
      </trkpt>
      <trkpt lat="35.689623" lon="139.703673">
        <name>30:38</name>
      </trkpt>
      <trkpt lat="35.689581" lon="139.703619">
        <name>30:39</name>
      </trkpt>
      <trkpt lat="35.689566" lon="139.703564">
        <name>30:40</name>
      </trkpt>
      <trkpt lat="35.689500" lon="139.703081">
        <name>30:41</name>
      </trkpt>
      <trkpt lat="35.689436" lon="139.702713">
        <name>30:42</name>
      </trkpt>
      <trkpt lat="35.689329" lon="139.702268">
        <name>30:43</name>
      </trkpt>
      <trkpt lat="35.689332" lon="139.702170">
        <name>30:44</name>
      </trkpt>
      <trkpt lat="35.689588" lon="139.702098">
        <name>30:45</name>
      </trkpt>
      <trkpt lat="35.689603" lon="139.702168">
        <name>30:46</name>
      </trkpt>
      <trkpt lat="35.689708" lon="139.702626">
        <name>30:47</name>
      </trkpt>
      <trkpt lat="35.689795" lon="139.703133">
        <name>30:48</name>
      </trkpt>
      <trkpt lat="35.689811" lon="139.703229">
        <name>30:49</name>
      </trkpt>
      <trkpt lat="35.689769" lon="139.703274">
        <name>30:50</name>
      </trkpt>
      <trkpt lat="35.689749" lon="139.703322">
        <name>30:51</name>
      </trkpt>
      <trkpt lat="35.689741" lon="139.703369">
        <name>30:52</name>
      </trkpt>
      <trkpt lat="35.689735" lon="139.703422">
        <name>30:53</name>
      </trkpt>
      <trkpt lat="35.689766" lon="139.703641">
        <name>30:54</name>
      </trkpt>
      <trkpt lat="35.689802" lon="139.703923">
        <name>30:55</name>
      </trkpt>
      <trkpt lat="35.689811" lon="139.703991">
        <name>30:56</name>
      </trkpt>
      <trkpt lat="35.689825" lon="139.704126">
        <name>30:57</name>
      </trkpt>
      <trkpt lat="35.689838" lon="139.704233">
        <name>30:58</name>
      </trkpt>
      <trkpt lat="35.689856" lon="139.704379">
        <name>30:59</name>
      </trkpt>
      <trkpt lat="35.689864" lon="139.704479">
        <name>31:00</name>
      </trkpt>
      <trkpt lat="35.689875" lon="139.704713">
        <name>31:01</name>
      </trkpt>
      <trkpt lat="35.689876" lon="139.704900">
        <name>31:02</name>
      </trkpt>
      <trkpt lat="35.689866" lon="139.705074">
        <name>31:03</name>
      </trkpt>
      <trkpt lat="35.689845" lon="139.705242">
        <name>31:04</name>
      </trkpt>
      <trkpt lat="35.689811" lon="139.705410">
        <name>31:05</name>
      </trkpt>
      <trkpt lat="35.689764" lon="139.705571">
        <name>31:06</name>
      </trkpt>
      <trkpt lat="35.689696" lon="139.705757">
        <name>31:07</name>
      </trkpt>
      <trkpt lat="35.689608" lon="139.705954">
        <name>31:08</name>
      </trkpt>
      <trkpt lat="35.689481" lon="139.706201">
        <name>31:09</name>
      </trkpt>
      <trkpt lat="35.688939" lon="139.707076">
        <name>31:10</name>
      </trkpt>
      <trkpt lat="35.688850" lon="139.707281">
        <name>31:11</name>
      </trkpt>
      <trkpt lat="35.688850" lon="139.707281">
        <name>31:12</name>
      </trkpt>
      <trkpt lat="35.688105" lon="139.708987">
        <name>31:13</name>
      </trkpt>
      <trkpt lat="35.687841" lon="139.709731">
        <name>31:14</name>
      </trkpt>
      <trkpt lat="35.687603" lon="139.710643">
        <name>31:15</name>
      </trkpt>
      <trkpt lat="35.687308" lon="139.711964">
        <name>31:16</name>
      </trkpt>
      <trkpt lat="35.687226" lon="139.712518">
        <name>31:17</name>
      </trkpt>
      <trkpt lat="35.687189" lon="139.713035">
        <name>31:18</name>
      </trkpt>
      <trkpt lat="35.687207" lon="139.713589">
        <name>31:19</name>
      </trkpt>
      <trkpt lat="35.687331" lon="139.714841">
        <name>31:20</name>
      </trkpt>
      <trkpt lat="35.687448" lon="139.715157">
        <name>31:21</name>
      </trkpt>
      <trkpt lat="35.687498" lon="139.715400">
        <name>31:22</name>
      </trkpt>
      <trkpt lat="35.687526" lon="139.715420">
        <name>31:23</name>
      </trkpt>
      <trkpt lat="35.687542" lon="139.715421">
        <name>31:24</name>
      </trkpt>
      <trkpt lat="35.687563" lon="139.715410">
        <name>31:25</name>
      </trkpt>
      <trkpt lat="35.687580" lon="139.715386">
        <name>31:26</name>
      </trkpt>
      <trkpt lat="35.687809" lon="139.714224">
        <name>31:27</name>
      </trkpt>
      <trkpt lat="35.687880" lon="139.714065">
        <name>31:28</name>
      </trkpt>
      <trkpt lat="35.687782" lon="139.714049">
        <name>31:29</name>
      </trkpt>
      <trkpt lat="35.687476" lon="139.713916">
        <name>31:30</name>
      </trkpt>
      <trkpt lat="35.687444" lon="139.713883">
        <name>31:31</name>
      </trkpt>
      <trkpt lat="35.687410" lon="139.713827">
        <name>31:32</name>
      </trkpt>
      <trkpt lat="35.687394" lon="139.713769">
        <name>31:33</name>
      </trkpt>
      <trkpt lat="35.687385" lon="139.713708">
        <name>31:34</name>
      </trkpt>
      <trkpt lat="35.687380" lon="139.713382">
        <name>31:35</name>
      </trkpt>
      <trkpt lat="35.687383" lon="139.713253">
        <name>31:36</name>
      </trkpt>
      <trkpt lat="35.687390" lon="139.713159">
        <name>31:37</name>
      </trkpt>
      <trkpt lat="35.687404" lon="139.713066">
        <name>31:38</name>
      </trkpt>
      <trkpt lat="35.687480" lon="139.712709">
        <name>31:39</name>
      </trkpt>
      <trkpt lat="35.687612" lon="139.712188">
        <name>31:40</name>
      </trkpt>
      <trkpt lat="35.687762" lon="139.711621">
        <name>31:41</name>
      </trkpt>
      <trkpt lat="35.687976" lon="139.710507">
        <name>31:42</name>
      </trkpt>
      <trkpt lat="35.688066" lon="139.710000">
        <name>31:43</name>
      </trkpt>
      <trkpt lat="35.688093" lon="139.709894">
        <name>31:44</name>
      </trkpt>
      <trkpt lat="35.688126" lon="139.709755">
        <name>31:45</name>
      </trkpt>
      <trkpt lat="35.688213" lon="139.709433">
        <name>31:46</name>
      </trkpt>
      <trkpt lat="35.688376" lon="139.708907">
        <name>31:47</name>
      </trkpt>
      <trkpt lat="35.688394" lon="139.708846">
        <name>31:48</name>
      </trkpt>
      <trkpt lat="35.688544" lon="139.708381">
        <name>31:49</name>
      </trkpt>
      <trkpt lat="35.688745" lon="139.707741">
        <name>31:50</name>
      </trkpt>
      <trkpt lat="35.688951" lon="139.707213">
        <name>31:51</name>
      </trkpt>
      <trkpt lat="35.688973" lon="139.707169">
        <name>31:52</name>
      </trkpt>
      <trkpt lat="35.688994" lon="139.707095">
        <name>31:53</name>
      </trkpt>
      <trkpt lat="35.689023" lon="139.706956">
        <name>31:54</name>
      </trkpt>
      <trkpt lat="35.689056" lon="139.706833">
        <name>31:55</name>
      </trkpt>
      <trkpt lat="35.689079" lon="139.706772">
        <name>31:56</name>
      </trkpt>
      <trkpt lat="35.689167" lon="139.706555">
        <name>31:57</name>
      </trkpt>
      <trkpt lat="35.689187" lon="139.706507">
        <name>31:58</name>
      </trkpt>
      <trkpt lat="35.689228" lon="139.706417">
        <name>31:59</name>
      </trkpt>
      <trkpt lat="35.689279" lon="139.706222">
        <name>32:00</name>
      </trkpt>
      <trkpt lat="35.689471" lon="139.706366">
        <name>32:01</name>
      </trkpt>
      <trkpt lat="35.689362" lon="139.706519">
        <name>32:02</name>
      </trkpt>
      <trkpt lat="35.689312" lon="139.706588">
        <name>32:03</name>
      </trkpt>
      <trkpt lat="35.689312" lon="139.706588">
        <name>32:04</name>
      </trkpt>
      <trkpt lat="35.689307" lon="139.706595">
        <name>32:05</name>
      </trkpt>
      <trkpt lat="35.689206" lon="139.706752">
        <name>32:06</name>
      </trkpt>
      <trkpt lat="35.689146" lon="139.706840">
        <name>32:07</name>
      </trkpt>
      <trkpt lat="35.689127" lon="139.706846">
        <name>32:08</name>
      </trkpt>
      <trkpt lat="35.689106" lon="139.706840">
        <name>32:09</name>
      </trkpt>
      <trkpt lat="35.689090" lon="139.706822">
        <name>32:10</name>
      </trkpt>
      <trkpt lat="35.689079" lon="139.706795">
        <name>32:11</name>
      </trkpt>
      <trkpt lat="35.689079" lon="139.706772">
        <name>32:12</name>
      </trkpt>
      <trkpt lat="35.689167" lon="139.706555">
        <name>32:13</name>
      </trkpt>
      <trkpt lat="35.689187" lon="139.706507">
        <name>32:14</name>
      </trkpt>
      <trkpt lat="35.689228" lon="139.706417">
        <name>32:15</name>
      </trkpt>
      <trkpt lat="35.689279" lon="139.706222">
        <name>32:16</name>
      </trkpt>
      <trkpt lat="35.689471" lon="139.706366">
        <name>32:17</name>
      </trkpt>
      <trkpt lat="35.689552" lon="139.706426">
        <name>32:18</name>
      </trkpt>
      <trkpt lat="35.689695" lon="139.706532">
        <name>32:19</name>
      </trkpt>
      <trkpt lat="35.689775" lon="139.706580">
        <name>32:20</name>
      </trkpt>
      <trkpt lat="35.689820" lon="139.706604">
        <name>32:21</name>
      </trkpt>
      <trkpt lat="35.689865" lon="139.706627">
        <name>32:22</name>
      </trkpt>
      <trkpt lat="35.690032" lon="139.706693">
        <name>32:23</name>
      </trkpt>
      <trkpt lat="35.690094" lon="139.706566">
        <name>32:24</name>
      </trkpt>
      <trkpt lat="35.690124" lon="139.706498">
        <name>32:25</name>
      </trkpt>
      <trkpt lat="35.690304" lon="139.706098">
        <name>32:26</name>
      </trkpt>
      <trkpt lat="35.690455" lon="139.705770">
        <name>32:27</name>
      </trkpt>
      <trkpt lat="35.690379" lon="139.705715">
        <name>32:28</name>
      </trkpt>
      <trkpt lat="35.690037" lon="139.705477">
        <name>32:29</name>
      </trkpt>
      <trkpt lat="35.689887" lon="139.705384">
        <name>32:30</name>
      </trkpt>
      <trkpt lat="35.689869" lon="139.705469">
        <name>32:31</name>
      </trkpt>
      <trkpt lat="35.689846" lon="139.705559">
        <name>32:32</name>
      </trkpt>
      <trkpt lat="35.689821" lon="139.705644">
        <name>32:33</name>
      </trkpt>
      <trkpt lat="35.689790" lon="139.705739">
        <name>32:34</name>
      </trkpt>
      <trkpt lat="35.689738" lon="139.705866">
        <name>32:35</name>
      </trkpt>
      <trkpt lat="35.689738" lon="139.705866">
        <name>32:36</name>
      </trkpt>
      <trkpt lat="35.689712" lon="139.705930">
        <name>32:37</name>
      </trkpt>
      <trkpt lat="35.689651" lon="139.706059">
        <name>32:38</name>
      </trkpt>
      <trkpt lat="35.689565" lon="139.706227">
        <name>32:39</name>
      </trkpt>
      <trkpt lat="35.689536" lon="139.706275">
        <name>32:40</name>
      </trkpt>
      <trkpt lat="35.689471" lon="139.706366">
        <name>32:41</name>
      </trkpt>
      <trkpt lat="35.689552" lon="139.706426">
        <name>32:42</name>
      </trkpt>
      <trkpt lat="35.689695" lon="139.706532">
        <name>32:43</name>
      </trkpt>
      <trkpt lat="35.689775" lon="139.706580">
        <name>32:44</name>
      </trkpt>
      <trkpt lat="35.689820" lon="139.706604">
        <name>32:45</name>
      </trkpt>
      <trkpt lat="35.689865" lon="139.706627">
        <name>32:46</name>
      </trkpt>
      <trkpt lat="35.690032" lon="139.706693">
        <name>32:47</name>
      </trkpt>
      <trkpt lat="35.690094" lon="139.706566">
        <name>32:48</name>
      </trkpt>
      <trkpt lat="35.690124" lon="139.706498">
        <name>32:49</name>
      </trkpt>
      <trkpt lat="35.690304" lon="139.706098">
        <name>32:50</name>
      </trkpt>
      <trkpt lat="35.690455" lon="139.705770">
        <name>32:51</name>
      </trkpt>
      <trkpt lat="35.690461" lon="139.705756">
        <name>32:52</name>
      </trkpt>
      <trkpt lat="35.690531" lon="139.705611">
        <name>32:53</name>
      </trkpt>
      <trkpt lat="35.690532" lon="139.705608">
        <name>32:54</name>
      </trkpt>
      <trkpt lat="35.690532" lon="139.705608">
        <name>32:55</name>
      </trkpt>
      <trkpt lat="35.690787" lon="139.705048">
        <name>32:56</name>
      </trkpt>
      <trkpt lat="35.690851" lon="139.704908">
        <name>32:57</name>
      </trkpt>
      <trkpt lat="35.690708" lon="139.704813">
        <name>32:58</name>
      </trkpt>
      <trkpt lat="35.690504" lon="139.704680">
        <name>32:59</name>
      </trkpt>
      <trkpt lat="35.690291" lon="139.704530">
        <name>33:00</name>
      </trkpt>
      <trkpt lat="35.690095" lon="139.704398">
        <name>33:01</name>
      </trkpt>
      <trkpt lat="35.690001" lon="139.704335">
        <name>33:02</name>
      </trkpt>
      <trkpt lat="35.689838" lon="139.704233">
        <name>33:03</name>
      </trkpt>
      <trkpt lat="35.689856" lon="139.704379">
        <name>33:04</name>
      </trkpt>
      <trkpt lat="35.689864" lon="139.704479">
        <name>33:05</name>
      </trkpt>
      <trkpt lat="35.689875" lon="139.704713">
        <name>33:06</name>
      </trkpt>
      <trkpt lat="35.689876" lon="139.704900">
        <name>33:07</name>
      </trkpt>
      <trkpt lat="35.689866" lon="139.705074">
        <name>33:08</name>
      </trkpt>
      <trkpt lat="35.689845" lon="139.705242">
        <name>33:09</name>
      </trkpt>
      <trkpt lat="35.689811" lon="139.705410">
        <name>33:10</name>
      </trkpt>
      <trkpt lat="35.689764" lon="139.705571">
        <name>33:11</name>
      </trkpt>
      <trkpt lat="35.689696" lon="139.705757">
        <name>33:12</name>
      </trkpt>
      <trkpt lat="35.689608" lon="139.705954">
        <name>33:13</name>
      </trkpt>
      <trkpt lat="35.689481" lon="139.706201">
        <name>33:14</name>
      </trkpt>
      <trkpt lat="35.688939" lon="139.707076">
        <name>33:15</name>
      </trkpt>
      <trkpt lat="35.688105" lon="139.708987">
        <name>33:16</name>
      </trkpt>
      <trkpt lat="35.687841" lon="139.709731">
        <name>33:17</name>
      </trkpt>
      <trkpt lat="35.687603" lon="139.710643">
        <name>33:18</name>
      </trkpt>
      <trkpt lat="35.687308" lon="139.711964">
        <name>33:19</name>
      </trkpt>
      <trkpt lat="35.687226" lon="139.712518">
        <name>33:20</name>
      </trkpt>
      <trkpt lat="35.687189" lon="139.713035">
        <name>33:21</name>
      </trkpt>
      <trkpt lat="35.687207" lon="139.713589">
        <name>33:22</name>
      </trkpt>
      <trkpt lat="35.687331" lon="139.714841">
        <name>33:23</name>
      </trkpt>
      <trkpt lat="35.687454" lon="139.715481">
        <name>33:24</name>
      </trkpt>
      <trkpt lat="35.687477" lon="139.715586">
        <name>33:25</name>
      </trkpt>
      <trkpt lat="35.687514" lon="139.715749">
        <name>33:26</name>
      </trkpt>
      <trkpt lat="35.687569" lon="139.715943">
        <name>33:27</name>
      </trkpt>
      <trkpt lat="35.687437" lon="139.715956">
        <name>33:28</name>
      </trkpt>
      <trkpt lat="35.687373" lon="139.715620">
        <name>33:29</name>
      </trkpt>
      <trkpt lat="35.687341" lon="139.715442">
        <name>33:30</name>
      </trkpt>
      <trkpt lat="35.687227" lon="139.714824">
        <name>33:31</name>
      </trkpt>
      <trkpt lat="35.687144" lon="139.714113">
        <name>33:32</name>
      </trkpt>
      <trkpt lat="35.687106" lon="139.713693">
        <name>33:33</name>
      </trkpt>
      <trkpt lat="35.687081" lon="139.713103">
        <name>33:34</name>
      </trkpt>
      <trkpt lat="35.687111" lon="139.712552">
        <name>33:35</name>
      </trkpt>
      <trkpt lat="35.687198" lon="139.711925">
        <name>33:36</name>
      </trkpt>
      <trkpt lat="35.687517" lon="139.710516">
        <name>33:37</name>
      </trkpt>
      <trkpt lat="35.687750" lon="139.709637">
        <name>33:38</name>
      </trkpt>
      <trkpt lat="35.688011" lon="139.708932">
        <name>33:39</name>
      </trkpt>
      <trkpt lat="35.688878" lon="139.707034">
        <name>33:40</name>
      </trkpt>
      <trkpt lat="35.689404" lon="139.706126">
        <name>33:41</name>
      </trkpt>
      <trkpt lat="35.689520" lon="139.705910">
        <name>33:42</name>
      </trkpt>
      <trkpt lat="35.689591" lon="139.705747">
        <name>33:43</name>
      </trkpt>
      <trkpt lat="35.689651" lon="139.705579">
        <name>33:44</name>
      </trkpt>
      <trkpt lat="35.689691" lon="139.705437">
        <name>33:45</name>
      </trkpt>
      <trkpt lat="35.689720" lon="139.705309">
        <name>33:46</name>
      </trkpt>
      <trkpt lat="35.689741" lon="139.705178">
        <name>33:47</name>
      </trkpt>
      <trkpt lat="35.689748" lon="139.705087">
        <name>33:48</name>
      </trkpt>
      <trkpt lat="35.689748" lon="139.705087">
        <name>33:49</name>
      </trkpt>
      <trkpt lat="35.689755" lon="139.705006">
        <name>33:50</name>
      </trkpt>
      <trkpt lat="35.689745" lon="139.704533">
        <name>33:51</name>
      </trkpt>
      <trkpt lat="35.689642" lon="139.704538">
        <name>33:52</name>
      </trkpt>
      <trkpt lat="35.688911" lon="139.704662">
        <name>33:53</name>
      </trkpt>
      <trkpt lat="35.688911" lon="139.704662">
        <name>33:54</name>
      </trkpt>
      <trkpt lat="35.688785" lon="139.704684">
        <name>33:55</name>
      </trkpt>
      <trkpt lat="35.688673" lon="139.704667">
        <name>33:56</name>
      </trkpt>
      <trkpt lat="35.688236" lon="139.704708">
        <name>33:57</name>
      </trkpt>
      <trkpt lat="35.688211" lon="139.704384">
        <name>33:58</name>
      </trkpt>
      <trkpt lat="35.688211" lon="139.704384">
        <name>33:59</name>
      </trkpt>
      <trkpt lat="35.688200" lon="139.704242">
        <name>34:00</name>
      </trkpt>
      <trkpt lat="35.688118" lon="139.704204">
        <name>34:01</name>
      </trkpt>
      <trkpt lat="35.688207" lon="139.703906">
        <name>34:02</name>
      </trkpt>
      <trkpt lat="35.688178" lon="139.703637">
        <name>34:03</name>
      </trkpt>
      <trkpt lat="35.688107" lon="139.703184">
        <name>34:04</name>
      </trkpt>
      <trkpt lat="35.688109" lon="139.703125">
        <name>34:05</name>
      </trkpt>
      <trkpt lat="35.688105" lon="139.703056">
        <name>34:06</name>
      </trkpt>
      <trkpt lat="35.688029" lon="139.702998">
        <name>34:07</name>
      </trkpt>
      <trkpt lat="35.687994" lon="139.702972">
        <name>34:08</name>
      </trkpt>
      <trkpt lat="35.687956" lon="139.702952">
        <name>34:09</name>
      </trkpt>
      <trkpt lat="35.687913" lon="139.702938">
        <name>34:10</name>
      </trkpt>
      <trkpt lat="35.687869" lon="139.702933">
        <name>34:11</name>
      </trkpt>
      <trkpt lat="35.687802" lon="139.702935">
        <name>34:12</name>
      </trkpt>
      <trkpt lat="35.687605" lon="139.702982">
        <name>34:13</name>
      </trkpt>
      <trkpt lat="35.687617" lon="139.703039">
        <name>34:14</name>
      </trkpt>
      <trkpt lat="35.687624" lon="139.703076">
        <name>34:15</name>
      </trkpt>
      <trkpt lat="35.687765" lon="139.703815">
        <name>34:16</name>
      </trkpt>
      <trkpt lat="35.687192" lon="139.703984">
        <name>34:17</name>
      </trkpt>
      <trkpt lat="35.687192" lon="139.703984">
        <name>34:18</name>
      </trkpt>
      <trkpt lat="35.687084" lon="139.704016">
        <name>34:19</name>
      </trkpt>
      <trkpt lat="35.686983" lon="139.703517">
        <name>34:20</name>
      </trkpt>
      <trkpt lat="35.686543" lon="139.703638">
        <name>34:21</name>
      </trkpt>
      <trkpt lat="35.686369" lon="139.703696">
        <name>34:22</name>
      </trkpt>
      <trkpt lat="35.686369" lon="139.703696">
        <name>34:23</name>
      </trkpt>
      <trkpt lat="35.686228" lon="139.703744">
        <name>34:24</name>
      </trkpt>
      <trkpt lat="35.686172" lon="139.703452">
        <name>34:25</name>
      </trkpt>
      <trkpt lat="35.686157" lon="139.703403">
        <name>34:26</name>
      </trkpt>
      <trkpt lat="35.685848" lon="139.703501">
        <name>34:27</name>
      </trkpt>
      <trkpt lat="35.685659" lon="139.703574">
        <name>34:28</name>
      </trkpt>
      <trkpt lat="35.685602" lon="139.703633">
        <name>34:29</name>
      </trkpt>
      <trkpt lat="35.685551" lon="139.703705">
        <name>34:30</name>
      </trkpt>
      <trkpt lat="35.685430" lon="139.703716">
        <name>34:31</name>
      </trkpt>
      <trkpt lat="35.685244" lon="139.703757">
        <name>34:32</name>
      </trkpt>
      <trkpt lat="35.685038" lon="139.703816">
        <name>34:33</name>
      </trkpt>
      <trkpt lat="35.684876" lon="139.703873">
        <name>34:34</name>
      </trkpt>
      <trkpt lat="35.684628" lon="139.703953">
        <name>34:35</name>
      </trkpt>
      <trkpt lat="35.684576" lon="139.703979">
        <name>34:36</name>
      </trkpt>
      <trkpt lat="35.684453" lon="139.703794">
        <name>34:37</name>
      </trkpt>
      <trkpt lat="35.684556" lon="139.703762">
        <name>34:38</name>
      </trkpt>
      <trkpt lat="35.684683" lon="139.703723">
        <name>34:39</name>
      </trkpt>
      <trkpt lat="35.685330" lon="139.703547">
        <name>34:40</name>
      </trkpt>
      <trkpt lat="35.686072" lon="139.703335">
        <name>34:41</name>
      </trkpt>
      <trkpt lat="35.686277" lon="139.703274">
        <name>34:42</name>
      </trkpt>
      <trkpt lat="35.686535" lon="139.703197">
        <name>34:43</name>
      </trkpt>
      <trkpt lat="35.686535" lon="139.703197">
        <name>34:44</name>
      </trkpt>
      <trkpt lat="35.686713" lon="139.703144">
        <name>34:45</name>
      </trkpt>
      <trkpt lat="35.686822" lon="139.703112">
        <name>34:46</name>
      </trkpt>
      <trkpt lat="35.686902" lon="139.703088">
        <name>34:47</name>
      </trkpt>
      <trkpt lat="35.687095" lon="139.703038">
        <name>34:48</name>
      </trkpt>
      <trkpt lat="35.687105" lon="139.702957">
        <name>34:49</name>
      </trkpt>
      <trkpt lat="35.687096" lon="139.702888">
        <name>34:50</name>
      </trkpt>
      <trkpt lat="35.687060" lon="139.702799">
        <name>34:51</name>
      </trkpt>
      <trkpt lat="35.687124" lon="139.702835">
        <name>34:52</name>
      </trkpt>
      <trkpt lat="35.687124" lon="139.702835">
        <name>34:53</name>
      </trkpt>
      <trkpt lat="35.687124" lon="139.702835">
        <name>34:54</name>
      </trkpt>
      <trkpt lat="35.687163" lon="139.702867">
        <name>34:55</name>
      </trkpt>
      <trkpt lat="35.687170" lon="139.702876">
        <name>34:56</name>
      </trkpt>
      <trkpt lat="35.687204" lon="139.702926">
        <name>34:57</name>
      </trkpt>
      <trkpt lat="35.687253" lon="139.702995">
        <name>34:58</name>
      </trkpt>
      <trkpt lat="35.687490" lon="139.702929">
        <name>34:59</name>
      </trkpt>
      <trkpt lat="35.687524" lon="139.702920">
        <name>35:00</name>
      </trkpt>
      <trkpt lat="35.687589" lon="139.702901">
        <name>35:01</name>
      </trkpt>
      <trkpt lat="35.687605" lon="139.702982">
        <name>35:02</name>
      </trkpt>
      <trkpt lat="35.687539" lon="139.702998">
        <name>35:03</name>
      </trkpt>
      <trkpt lat="35.686930" lon="139.703183">
        <name>35:04</name>
      </trkpt>
      <trkpt lat="35.686841" lon="139.703209">
        <name>35:05</name>
      </trkpt>
      <trkpt lat="35.686295" lon="139.703368">
        <name>35:06</name>
      </trkpt>
      <trkpt lat="35.686157" lon="139.703403">
        <name>35:07</name>
      </trkpt>
      <trkpt lat="35.685848" lon="139.703501">
        <name>35:08</name>
      </trkpt>
      <trkpt lat="35.685659" lon="139.703574">
        <name>35:09</name>
      </trkpt>
      <trkpt lat="35.685602" lon="139.703633">
        <name>35:10</name>
      </trkpt>
      <trkpt lat="35.685551" lon="139.703705">
        <name>35:11</name>
      </trkpt>
      <trkpt lat="35.685430" lon="139.703716">
        <name>35:12</name>
      </trkpt>
      <trkpt lat="35.685244" lon="139.703757">
        <name>35:13</name>
      </trkpt>
      <trkpt lat="35.685038" lon="139.703816">
        <name>35:14</name>
      </trkpt>
      <trkpt lat="35.684876" lon="139.703873">
        <name>35:15</name>
      </trkpt>
      <trkpt lat="35.684628" lon="139.703953">
        <name>35:16</name>
      </trkpt>
      <trkpt lat="35.684576" lon="139.703979">
        <name>35:17</name>
      </trkpt>
      <trkpt lat="35.684453" lon="139.703794">
        <name>35:18</name>
      </trkpt>
      <trkpt lat="35.684556" lon="139.703762">
        <name>35:19</name>
      </trkpt>
      <trkpt lat="35.684683" lon="139.703723">
        <name>35:20</name>
      </trkpt>
      <trkpt lat="35.685330" lon="139.703547">
        <name>35:21</name>
      </trkpt>
      <trkpt lat="35.686072" lon="139.703335">
        <name>35:22</name>
      </trkpt>
      <trkpt lat="35.686277" lon="139.703274">
        <name>35:23</name>
      </trkpt>
      <trkpt lat="35.686713" lon="139.703144">
        <name>35:24</name>
      </trkpt>
      <trkpt lat="35.686822" lon="139.703112">
        <name>35:25</name>
      </trkpt>
      <trkpt lat="35.686902" lon="139.703088">
        <name>35:26</name>
      </trkpt>
      <trkpt lat="35.687095" lon="139.703038">
        <name>35:27</name>
      </trkpt>
      <trkpt lat="35.687105" lon="139.702957">
        <name>35:28</name>
      </trkpt>
      <trkpt lat="35.687096" lon="139.702888">
        <name>35:29</name>
      </trkpt>
      <trkpt lat="35.687060" lon="139.702799">
        <name>35:30</name>
      </trkpt>
      <trkpt lat="35.686602" lon="139.702441">
        <name>35:31</name>
      </trkpt>
      <trkpt lat="35.686563" lon="139.702411">
        <name>35:32</name>
      </trkpt>
      <trkpt lat="35.686522" lon="139.702379">
        <name>35:33</name>
      </trkpt>
      <trkpt lat="35.686518" lon="139.702375">
        <name>35:34</name>
      </trkpt>
      <trkpt lat="35.686365" lon="139.702258">
        <name>35:35</name>
      </trkpt>
      <trkpt lat="35.686391" lon="139.702210">
        <name>35:36</name>
      </trkpt>
      <trkpt lat="35.686420" lon="139.702154">
        <name>35:37</name>
      </trkpt>
      <trkpt lat="35.686435" lon="139.702130">
        <name>35:38</name>
      </trkpt>
      <trkpt lat="35.686451" lon="139.702110">
        <name>35:39</name>
      </trkpt>
      <trkpt lat="35.686472" lon="139.702095">
        <name>35:40</name>
      </trkpt>
      <trkpt lat="35.686499" lon="139.702082">
        <name>35:41</name>
      </trkpt>
      <trkpt lat="35.686541" lon="139.702068">
        <name>35:42</name>
      </trkpt>
      <trkpt lat="35.686640" lon="139.702043">
        <name>35:43</name>
      </trkpt>
      <trkpt lat="35.686984" lon="139.701960">
        <name>35:44</name>
      </trkpt>
      <trkpt lat="35.687320" lon="139.701891">
        <name>35:45</name>
      </trkpt>
      <trkpt lat="35.687726" lon="139.701825">
        <name>35:46</name>
      </trkpt>
      <trkpt lat="35.687742" lon="139.701828">
        <name>35:47</name>
      </trkpt>
      <trkpt lat="35.687758" lon="139.701837">
        <name>35:48</name>
      </trkpt>
      <trkpt lat="35.687770" lon="139.701849">
        <name>35:49</name>
      </trkpt>
      <trkpt lat="35.687770" lon="139.701849">
        <name>35:50</name>
      </trkpt>
      <trkpt lat="35.687770" lon="139.701849">
        <name>35:51</name>
      </trkpt>
      <trkpt lat="35.687325" lon="139.701926">
        <name>35:52</name>
      </trkpt>
      <trkpt lat="35.686988" lon="139.701993">
        <name>35:53</name>
      </trkpt>
      <trkpt lat="35.686646" lon="139.702077">
        <name>35:54</name>
      </trkpt>
      <trkpt lat="35.686582" lon="139.702093">
        <name>35:55</name>
      </trkpt>
      <trkpt lat="35.686553" lon="139.702103">
        <name>35:56</name>
      </trkpt>
      <trkpt lat="35.686533" lon="139.702118">
        <name>35:57</name>
      </trkpt>
      <trkpt lat="35.686517" lon="139.702137">
        <name>35:58</name>
      </trkpt>
      <trkpt lat="35.686507" lon="139.702159">
        <name>35:59</name>
      </trkpt>
      <trkpt lat="35.686502" lon="139.702186">
        <name>36:00</name>
      </trkpt>
      <trkpt lat="35.686503" lon="139.702210">
        <name>36:01</name>
      </trkpt>
      <trkpt lat="35.686507" lon="139.702254">
        <name>36:02</name>
      </trkpt>
      <trkpt lat="35.686512" lon="139.702301">
        <name>36:03</name>
      </trkpt>
      <trkpt lat="35.686518" lon="139.702375">
        <name>36:04</name>
      </trkpt>
      <trkpt lat="35.686522" lon="139.702379">
        <name>36:05</name>
      </trkpt>
      <trkpt lat="35.686563" lon="139.702411">
        <name>36:06</name>
      </trkpt>
      <trkpt lat="35.686602" lon="139.702441">
        <name>36:07</name>
      </trkpt>
      <trkpt lat="35.687060" lon="139.702799">
        <name>36:08</name>
      </trkpt>
      <trkpt lat="35.687124" lon="139.702835">
        <name>36:09</name>
      </trkpt>
      <trkpt lat="35.687163" lon="139.702867">
        <name>36:10</name>
      </trkpt>
      <trkpt lat="35.687170" lon="139.702876">
        <name>36:11</name>
      </trkpt>
      <trkpt lat="35.687204" lon="139.702926">
        <name>36:12</name>
      </trkpt>
      <trkpt lat="35.687253" lon="139.702995">
        <name>36:13</name>
      </trkpt>
      <trkpt lat="35.687490" lon="139.702929">
        <name>36:14</name>
      </trkpt>
      <trkpt lat="35.687524" lon="139.702920">
        <name>36:15</name>
      </trkpt>
      <trkpt lat="35.687589" lon="139.702901">
        <name>36:16</name>
      </trkpt>
      <trkpt lat="35.687805" lon="139.702844">
        <name>36:17</name>
      </trkpt>
      <trkpt lat="35.687871" lon="139.702838">
        <name>36:18</name>
      </trkpt>
      <trkpt lat="35.687924" lon="139.702842">
        <name>36:19</name>
      </trkpt>
      <trkpt lat="35.687981" lon="139.702858">
        <name>36:20</name>
      </trkpt>
      <trkpt lat="35.688034" lon="139.702886">
        <name>36:21</name>
      </trkpt>
      <trkpt lat="35.688130" lon="139.702956">
        <name>36:22</name>
      </trkpt>
      <trkpt lat="35.688299" lon="139.703071">
        <name>36:23</name>
      </trkpt>
      <trkpt lat="35.689464" lon="139.703879">
        <name>36:24</name>
      </trkpt>
      <trkpt lat="35.689544" lon="139.703847">
        <name>36:25</name>
      </trkpt>
      <trkpt lat="35.689570" lon="139.703822">
        <name>36:26</name>
      </trkpt>
      <trkpt lat="35.689623" lon="139.703673">
        <name>36:27</name>
      </trkpt>
      <trkpt lat="35.689581" lon="139.703619">
        <name>36:28</name>
      </trkpt>
      <trkpt lat="35.689566" lon="139.703564">
        <name>36:29</name>
      </trkpt>
      <trkpt lat="35.689500" lon="139.703081">
        <name>36:30</name>
      </trkpt>
      <trkpt lat="35.689436" lon="139.702713">
        <name>36:31</name>
      </trkpt>
      <trkpt lat="35.689329" lon="139.702268">
        <name>36:32</name>
      </trkpt>
      <trkpt lat="35.689332" lon="139.702170">
        <name>36:33</name>
      </trkpt>
      <trkpt lat="35.689079" lon="139.702238">
        <name>36:34</name>
      </trkpt>
      <trkpt lat="35.688994" lon="139.702263">
        <name>36:35</name>
      </trkpt>
      <trkpt lat="35.688907" lon="139.702299">
        <name>36:36</name>
      </trkpt>
      <trkpt lat="35.688907" lon="139.702299">
        <name>36:37</name>
      </trkpt>
      <trkpt lat="35.688263" lon="139.702565">
        <name>36:38</name>
      </trkpt>
      <trkpt lat="35.687971" lon="139.702687">
        <name>36:39</name>
      </trkpt>
      <trkpt lat="35.687925" lon="139.702728">
        <name>36:40</name>
      </trkpt>
      <trkpt lat="35.687892" lon="139.702775">
        <name>36:41</name>
      </trkpt>
      <trkpt lat="35.687871" lon="139.702838">
        <name>36:42</name>
      </trkpt>
      <trkpt lat="35.687924" lon="139.702842">
        <name>36:43</name>
      </trkpt>
      <trkpt lat="35.687981" lon="139.702858">
        <name>36:44</name>
      </trkpt>
      <trkpt lat="35.688034" lon="139.702886">
        <name>36:45</name>
      </trkpt>
      <trkpt lat="35.688130" lon="139.702956">
        <name>36:46</name>
      </trkpt>
      <trkpt lat="35.688299" lon="139.703071">
        <name>36:47</name>
      </trkpt>
      <trkpt lat="35.689464" lon="139.703879">
        <name>36:48</name>
      </trkpt>
      <trkpt lat="35.689546" lon="139.703937">
        <name>36:49</name>
      </trkpt>
      <trkpt lat="35.689602" lon="139.703976">
        <name>36:50</name>
      </trkpt>
      <trkpt lat="35.689703" lon="139.704046">
        <name>36:51</name>
      </trkpt>
      <trkpt lat="35.689825" lon="139.704126">
        <name>36:52</name>
      </trkpt>
      <trkpt lat="35.689982" lon="139.704223">
        <name>36:53</name>
      </trkpt>
      <trkpt lat="35.690320" lon="139.704455">
        <name>36:54</name>
      </trkpt>
      <trkpt lat="35.690406" lon="139.704398">
        <name>36:55</name>
      </trkpt>
      <trkpt lat="35.690438" lon="139.704335">
        <name>36:56</name>
      </trkpt>
      <trkpt lat="35.690512" lon="139.703953">
        <name>36:57</name>
      </trkpt>
      <trkpt lat="35.690522" lon="139.703907">
        <name>36:58</name>
      </trkpt>
      <trkpt lat="35.690637" lon="139.703385">
        <name>36:59</name>
      </trkpt>
      <trkpt lat="35.690654" lon="139.703305">
        <name>37:00</name>
      </trkpt>
      <trkpt lat="35.690660" lon="139.703232">
        <name>37:01</name>
      </trkpt>
      <trkpt lat="35.690684" lon="139.702924">
        <name>37:02</name>
      </trkpt>
      <trkpt lat="35.690727" lon="139.702291">
        <name>37:03</name>
      </trkpt>
      <trkpt lat="35.690774" lon="139.701816">
        <name>37:04</name>
      </trkpt>
      <trkpt lat="35.690791" lon="139.701630">
        <name>37:05</name>
      </trkpt>
      <trkpt lat="35.690721" lon="139.701487">
        <name>37:06</name>
      </trkpt>
      <trkpt lat="35.690703" lon="139.701417">
        <name>37:07</name>
      </trkpt>
      <trkpt lat="35.690697" lon="139.701395">
        <name>37:08</name>
      </trkpt>
      <trkpt lat="35.690686" lon="139.701178">
        <name>37:09</name>
      </trkpt>
      <trkpt lat="35.690665" lon="139.701169">
        <name>37:10</name>
      </trkpt>
      <trkpt lat="35.690381" lon="139.701163">
        <name>37:11</name>
      </trkpt>
      <trkpt lat="35.689742" lon="139.701329">
        <name>37:12</name>
      </trkpt>
      <trkpt lat="35.689710" lon="139.701395">
        <name>37:13</name>
      </trkpt>
      <trkpt lat="35.689710" lon="139.701395">
        <name>37:14</name>
      </trkpt>
      <trkpt lat="35.689710" lon="139.701395">
        <name>37:15</name>
      </trkpt>
      <trkpt lat="35.689718" lon="139.701499">
        <name>37:16</name>
      </trkpt>
      <trkpt lat="35.689761" lon="139.701751">
        <name>37:17</name>
      </trkpt>
      <trkpt lat="35.689780" lon="139.701812">
        <name>37:18</name>
      </trkpt>
      <trkpt lat="35.689800" lon="139.701881">
        <name>37:19</name>
      </trkpt>
      <trkpt lat="35.689765" lon="139.701911">
        <name>37:20</name>
      </trkpt>
      <trkpt lat="35.689730" lon="139.701948">
        <name>37:21</name>
      </trkpt>
      <trkpt lat="35.689689" lon="139.701993">
        <name>37:22</name>
      </trkpt>
      <trkpt lat="35.689588" lon="139.702098">
        <name>37:23</name>
      </trkpt>
      <trkpt lat="35.689603" lon="139.702168">
        <name>37:24</name>
      </trkpt>
      <trkpt lat="35.689708" lon="139.702626">
        <name>37:25</name>
      </trkpt>
      <trkpt lat="35.689795" lon="139.703133">
        <name>37:26</name>
      </trkpt>
      <trkpt lat="35.689811" lon="139.703229">
        <name>37:27</name>
      </trkpt>
      <trkpt lat="35.689769" lon="139.703274">
        <name>37:28</name>
      </trkpt>
      <trkpt lat="35.689749" lon="139.703322">
        <name>37:29</name>
      </trkpt>
      <trkpt lat="35.689741" lon="139.703369">
        <name>37:30</name>
      </trkpt>
      <trkpt lat="35.689735" lon="139.703422">
        <name>37:31</name>
      </trkpt>
      <trkpt lat="35.689766" lon="139.703641">
        <name>37:32</name>
      </trkpt>
      <trkpt lat="35.689802" lon="139.703923">
        <name>37:33</name>
      </trkpt>
      <trkpt lat="35.689811" lon="139.703991">
        <name>37:34</name>
      </trkpt>
      <trkpt lat="35.689825" lon="139.704126">
        <name>37:35</name>
      </trkpt>
      <trkpt lat="35.689838" lon="139.704233">
        <name>37:36</name>
      </trkpt>
      <trkpt lat="35.689711" lon="139.704152">
        <name>37:37</name>
      </trkpt>
      <trkpt lat="35.689703" lon="139.704046">
        <name>37:38</name>
      </trkpt>
      <trkpt lat="35.689692" lon="139.703918">
        <name>37:39</name>
      </trkpt>
      <trkpt lat="35.689678" lon="139.703780">
        <name>37:40</name>
      </trkpt>
      <trkpt lat="35.689652" lon="139.703560">
        <name>37:41</name>
      </trkpt>
      <trkpt lat="35.689610" lon="139.703204">
        <name>37:42</name>
      </trkpt>
      <trkpt lat="35.689560" lon="139.702903">
        <name>37:43</name>
      </trkpt>
      <trkpt lat="35.689468" lon="139.702470">
        <name>37:44</name>
      </trkpt>
      <trkpt lat="35.689393" lon="139.702172">
        <name>37:45</name>
      </trkpt>
      <trkpt lat="35.689353" lon="139.702011">
        <name>37:46</name>
      </trkpt>
      <trkpt lat="35.689324" lon="139.701907">
        <name>37:47</name>
      </trkpt>
      <trkpt lat="35.689215" lon="139.701495">
        <name>37:48</name>
      </trkpt>
      <trkpt lat="35.689145" lon="139.701172">
        <name>37:49</name>
      </trkpt>
      <trkpt lat="35.689021" lon="139.700488">
        <name>37:50</name>
      </trkpt>
      <trkpt lat="35.688951" lon="139.700117">
        <name>37:51</name>
      </trkpt>
      <trkpt lat="35.688912" lon="139.699956">
        <name>37:52</name>
      </trkpt>
      <trkpt lat="35.688867" lon="139.699791">
        <name>37:53</name>
      </trkpt>
      <trkpt lat="35.688812" lon="139.699641">
        <name>37:54</name>
      </trkpt>
      <trkpt lat="35.688749" lon="139.699480">
        <name>37:55</name>
      </trkpt>
      <trkpt lat="35.688665" lon="139.699297">
        <name>37:56</name>
      </trkpt>
      <trkpt lat="35.688625" lon="139.699210">
        <name>37:57</name>
      </trkpt>
      <trkpt lat="35.688541" lon="139.698988">
        <name>37:58</name>
      </trkpt>
      <trkpt lat="35.688652" lon="139.698941">
        <name>37:59</name>
      </trkpt>
      <trkpt lat="35.688746" lon="139.699185">
        <name>38:00</name>
      </trkpt>
      <trkpt lat="35.688824" lon="139.699378">
        <name>38:01</name>
      </trkpt>
      <trkpt lat="35.688907" lon="139.699587">
        <name>38:02</name>
      </trkpt>
      <trkpt lat="35.688954" lon="139.699717">
        <name>38:03</name>
      </trkpt>
      <trkpt lat="35.689015" lon="139.699929">
        <name>38:04</name>
      </trkpt>
      <trkpt lat="35.689053" lon="139.700090">
        <name>38:05</name>
      </trkpt>
      <trkpt lat="35.689092" lon="139.700283">
        <name>38:06</name>
      </trkpt>
      <trkpt lat="35.689251" lon="139.701144">
        <name>38:07</name>
      </trkpt>
      <trkpt lat="35.689255" lon="139.701164">
        <name>38:08</name>
      </trkpt>
      <trkpt lat="35.689255" lon="139.701164">
        <name>38:09</name>
      </trkpt>
      <trkpt lat="35.689318" lon="139.701466">
        <name>38:10</name>
      </trkpt>
      <trkpt lat="35.689392" lon="139.701768">
        <name>38:11</name>
      </trkpt>
      <trkpt lat="35.689432" lon="139.701931">
        <name>38:12</name>
      </trkpt>
      <trkpt lat="35.689553" lon="139.702426">
        <name>38:13</name>
      </trkpt>
      <trkpt lat="35.689650" lon="139.702879">
        <name>38:14</name>
      </trkpt>
      <trkpt lat="35.689702" lon="139.703184">
        <name>38:15</name>
      </trkpt>
      <trkpt lat="35.689735" lon="139.703422">
        <name>38:16</name>
      </trkpt>
      <trkpt lat="35.689766" lon="139.703641">
        <name>38:17</name>
      </trkpt>
      <trkpt lat="35.689802" lon="139.703923">
        <name>38:18</name>
      </trkpt>
      <trkpt lat="35.689811" lon="139.703991">
        <name>38:19</name>
      </trkpt>
      <trkpt lat="35.689825" lon="139.704126">
        <name>38:20</name>
      </trkpt>
      <trkpt lat="35.689838" lon="139.704233">
        <name>38:21</name>
      </trkpt>
      <trkpt lat="35.689711" lon="139.704152">
        <name>38:22</name>
      </trkpt>
      <trkpt lat="35.689703" lon="139.704046">
        <name>38:23</name>
      </trkpt>
      <trkpt lat="35.689692" lon="139.703918">
        <name>38:24</name>
      </trkpt>
      <trkpt lat="35.689678" lon="139.703780">
        <name>38:25</name>
      </trkpt>
      <trkpt lat="35.689652" lon="139.703560">
        <name>38:26</name>
      </trkpt>
      <trkpt lat="35.689610" lon="139.703204">
        <name>38:27</name>
      </trkpt>
      <trkpt lat="35.689560" lon="139.702903">
        <name>38:28</name>
      </trkpt>
      <trkpt lat="35.689468" lon="139.702470">
        <name>38:29</name>
      </trkpt>
      <trkpt lat="35.689393" lon="139.702172">
        <name>38:30</name>
      </trkpt>
      <trkpt lat="35.689353" lon="139.702011">
        <name>38:31</name>
      </trkpt>
      <trkpt lat="35.689324" lon="139.701907">
        <name>38:32</name>
      </trkpt>
      <trkpt lat="35.689215" lon="139.701495">
        <name>38:33</name>
      </trkpt>
      <trkpt lat="35.689145" lon="139.701172">
        <name>38:34</name>
      </trkpt>
      <trkpt lat="35.689021" lon="139.700488">
        <name>38:35</name>
      </trkpt>
      <trkpt lat="35.688951" lon="139.700117">
        <name>38:36</name>
      </trkpt>
      <trkpt lat="35.688912" lon="139.699956">
        <name>38:37</name>
      </trkpt>
      <trkpt lat="35.688867" lon="139.699791">
        <name>38:38</name>
      </trkpt>
      <trkpt lat="35.688812" lon="139.699641">
        <name>38:39</name>
      </trkpt>
      <trkpt lat="35.688749" lon="139.699480">
        <name>38:40</name>
      </trkpt>
      <trkpt lat="35.688665" lon="139.699297">
        <name>38:41</name>
      </trkpt>
      <trkpt lat="35.688625" lon="139.699210">
        <name>38:42</name>
      </trkpt>
      <trkpt lat="35.688541" lon="139.698988">
        <name>38:43</name>
      </trkpt>
      <trkpt lat="35.688652" lon="139.698941">
        <name>38:44</name>
      </trkpt>
      <trkpt lat="35.688746" lon="139.699185">
        <name>38:45</name>
      </trkpt>
      <trkpt lat="35.688824" lon="139.699378">
        <name>38:46</name>
      </trkpt>
      <trkpt lat="35.688907" lon="139.699587">
        <name>38:47</name>
      </trkpt>
      <trkpt lat="35.688954" lon="139.699717">
        <name>38:48</name>
      </trkpt>
      <trkpt lat="35.689015" lon="139.699929">
        <name>38:49</name>
      </trkpt>
      <trkpt lat="35.689053" lon="139.700090">
        <name>38:50</name>
      </trkpt>
      <trkpt lat="35.689092" lon="139.700283">
        <name>38:51</name>
      </trkpt>
      <trkpt lat="35.689152" lon="139.700605">
        <name>38:52</name>
      </trkpt>
      <trkpt lat="35.689152" lon="139.700605">
        <name>38:53</name>
      </trkpt>
      <trkpt lat="35.689251" lon="139.701144">
        <name>38:54</name>
      </trkpt>
      <trkpt lat="35.689318" lon="139.701466">
        <name>38:55</name>
      </trkpt>
      <trkpt lat="35.689392" lon="139.701768">
        <name>38:56</name>
      </trkpt>
      <trkpt lat="35.689432" lon="139.701931">
        <name>38:57</name>
      </trkpt>
      <trkpt lat="35.689553" lon="139.702426">
        <name>38:58</name>
      </trkpt>
      <trkpt lat="35.689650" lon="139.702879">
        <name>38:59</name>
      </trkpt>
      <trkpt lat="35.689702" lon="139.703184">
        <name>39:00</name>
      </trkpt>
      <trkpt lat="35.689735" lon="139.703422">
        <name>39:01</name>
      </trkpt>
      <trkpt lat="35.689766" lon="139.703641">
        <name>39:02</name>
      </trkpt>
      <trkpt lat="35.689802" lon="139.703923">
        <name>39:03</name>
      </trkpt>
      <trkpt lat="35.689811" lon="139.703991">
        <name>39:04</name>
      </trkpt>
      <trkpt lat="35.689825" lon="139.704126">
        <name>39:05</name>
      </trkpt>
      <trkpt lat="35.689838" lon="139.704233">
        <name>39:06</name>
      </trkpt>
      <trkpt lat="35.689711" lon="139.704152">
        <name>39:07</name>
      </trkpt>
      <trkpt lat="35.689703" lon="139.704046">
        <name>39:08</name>
      </trkpt>
      <trkpt lat="35.689692" lon="139.703918">
        <name>39:09</name>
      </trkpt>
      <trkpt lat="35.689678" lon="139.703780">
        <name>39:10</name>
      </trkpt>
      <trkpt lat="35.689652" lon="139.703560">
        <name>39:11</name>
      </trkpt>
      <trkpt lat="35.689610" lon="139.703204">
        <name>39:12</name>
      </trkpt>
      <trkpt lat="35.689560" lon="139.702903">
        <name>39:13</name>
      </trkpt>
      <trkpt lat="35.689468" lon="139.702470">
        <name>39:14</name>
      </trkpt>
      <trkpt lat="35.689393" lon="139.702172">
        <name>39:15</name>
      </trkpt>
      <trkpt lat="35.689353" lon="139.702011">
        <name>39:16</name>
      </trkpt>
      <trkpt lat="35.689324" lon="139.701907">
        <name>39:17</name>
      </trkpt>
      <trkpt lat="35.689215" lon="139.701495">
        <name>39:18</name>
      </trkpt>
      <trkpt lat="35.689145" lon="139.701172">
        <name>39:19</name>
      </trkpt>
      <trkpt lat="35.689021" lon="139.700488">
        <name>39:20</name>
      </trkpt>
      <trkpt lat="35.688951" lon="139.700117">
        <name>39:21</name>
      </trkpt>
      <trkpt lat="35.688912" lon="139.699956">
        <name>39:22</name>
      </trkpt>
      <trkpt lat="35.688867" lon="139.699791">
        <name>39:23</name>
      </trkpt>
      <trkpt lat="35.688812" lon="139.699641">
        <name>39:24</name>
      </trkpt>
      <trkpt lat="35.688749" lon="139.699480">
        <name>39:25</name>
      </trkpt>
      <trkpt lat="35.688665" lon="139.699297">
        <name>39:26</name>
      </trkpt>
      <trkpt lat="35.688625" lon="139.699210">
        <name>39:27</name>
      </trkpt>
      <trkpt lat="35.688541" lon="139.698988">
        <name>39:28</name>
      </trkpt>
      <trkpt lat="35.688652" lon="139.698941">
        <name>39:29</name>
      </trkpt>
      <trkpt lat="35.688746" lon="139.699185">
        <name>39:30</name>
      </trkpt>
      <trkpt lat="35.688824" lon="139.699378">
        <name>39:31</name>
      </trkpt>
      <trkpt lat="35.688907" lon="139.699587">
        <name>39:32</name>
      </trkpt>
      <trkpt lat="35.688954" lon="139.699717">
        <name>39:33</name>
      </trkpt>
      <trkpt lat="35.689004" lon="139.699704">
        <name>39:34</name>
      </trkpt>
      <trkpt lat="35.689073" lon="139.699686">
        <name>39:35</name>
      </trkpt>
      <trkpt lat="35.689084" lon="139.699683">
        <name>39:36</name>
      </trkpt>
      <trkpt lat="35.689084" lon="139.699683">
        <name>39:37</name>
      </trkpt>
      <trkpt lat="35.689073" lon="139.699686">
        <name>39:38</name>
      </trkpt>
      <trkpt lat="35.689004" lon="139.699704">
        <name>39:39</name>
      </trkpt>
      <trkpt lat="35.688954" lon="139.699717">
        <name>39:40</name>
      </trkpt>
      <trkpt lat="35.689015" lon="139.699929">
        <name>39:41</name>
      </trkpt>
      <trkpt lat="35.689053" lon="139.700090">
        <name>39:42</name>
      </trkpt>
      <trkpt lat="35.689092" lon="139.700283">
        <name>39:43</name>
      </trkpt>
      <trkpt lat="35.689251" lon="139.701144">
        <name>39:44</name>
      </trkpt>
      <trkpt lat="35.689318" lon="139.701466">
        <name>39:45</name>
      </trkpt>
      <trkpt lat="35.689392" lon="139.701768">
        <name>39:46</name>
      </trkpt>
      <trkpt lat="35.689432" lon="139.701931">
        <name>39:47</name>
      </trkpt>
      <trkpt lat="35.689553" lon="139.702426">
        <name>39:48</name>
      </trkpt>
      <trkpt lat="35.689650" lon="139.702879">
        <name>39:49</name>
      </trkpt>
      <trkpt lat="35.689702" lon="139.703184">
        <name>39:50</name>
      </trkpt>
      <trkpt lat="35.689735" lon="139.703422">
        <name>39:51</name>
      </trkpt>
      <trkpt lat="35.689766" lon="139.703641">
        <name>39:52</name>
      </trkpt>
      <trkpt lat="35.689802" lon="139.703923">
        <name>39:53</name>
      </trkpt>
      <trkpt lat="35.689811" lon="139.703991">
        <name>39:54</name>
      </trkpt>
      <trkpt lat="35.689825" lon="139.704126">
        <name>39:55</name>
      </trkpt>
      <trkpt lat="35.689838" lon="139.704233">
        <name>39:56</name>
      </trkpt>
      <trkpt lat="35.689711" lon="139.704152">
        <name>39:57</name>
      </trkpt>
      <trkpt lat="35.689703" lon="139.704046">
        <name>39:58</name>
      </trkpt>
      <trkpt lat="35.689692" lon="139.703918">
        <name>39:59</name>
      </trkpt>
      <trkpt lat="35.689678" lon="139.703780">
        <name>40:00</name>
      </trkpt>
      <trkpt lat="35.689652" lon="139.703560">
        <name>40:01</name>
      </trkpt>
      <trkpt lat="35.689610" lon="139.703204">
        <name>40:02</name>
      </trkpt>
      <trkpt lat="35.689560" lon="139.702903">
        <name>40:03</name>
      </trkpt>
      <trkpt lat="35.689468" lon="139.702470">
        <name>40:04</name>
      </trkpt>
      <trkpt lat="35.689393" lon="139.702172">
        <name>40:05</name>
      </trkpt>
      <trkpt lat="35.689353" lon="139.702011">
        <name>40:06</name>
      </trkpt>
      <trkpt lat="35.689324" lon="139.701907">
        <name>40:07</name>
      </trkpt>
      <trkpt lat="35.689215" lon="139.701495">
        <name>40:08</name>
      </trkpt>
      <trkpt lat="35.689145" lon="139.701172">
        <name>40:09</name>
      </trkpt>
      <trkpt lat="35.689021" lon="139.700488">
        <name>40:10</name>
      </trkpt>
      <trkpt lat="35.688951" lon="139.700117">
        <name>40:11</name>
      </trkpt>
      <trkpt lat="35.688912" lon="139.699956">
        <name>40:12</name>
      </trkpt>
      <trkpt lat="35.688867" lon="139.699791">
        <name>40:13</name>
      </trkpt>
      <trkpt lat="35.688812" lon="139.699641">
        <name>40:14</name>
      </trkpt>
      <trkpt lat="35.688749" lon="139.699480">
        <name>40:15</name>
      </trkpt>
      <trkpt lat="35.688665" lon="139.699297">
        <name>40:16</name>
      </trkpt>
      <trkpt lat="35.688625" lon="139.699210">
        <name>40:17</name>
      </trkpt>
      <trkpt lat="35.688541" lon="139.698988">
        <name>40:18</name>
      </trkpt>
      <trkpt lat="35.688652" lon="139.698941">
        <name>40:19</name>
      </trkpt>
      <trkpt lat="35.688757" lon="139.698827">
        <name>40:20</name>
      </trkpt>
      <trkpt lat="35.689147" lon="139.698771">
        <name>40:21</name>
      </trkpt>
      <trkpt lat="35.689433" lon="139.698731">
        <name>40:22</name>
      </trkpt>
      <trkpt lat="35.689941" lon="139.698658">
        <name>40:23</name>
      </trkpt>
      <trkpt lat="35.690013" lon="139.698648">
        <name>40:24</name>
      </trkpt>
      <trkpt lat="35.690129" lon="139.698631">
        <name>40:25</name>
      </trkpt>
      <trkpt lat="35.690153" lon="139.698623">
        <name>40:26</name>
      </trkpt>
      <trkpt lat="35.690178" lon="139.698606">
        <name>40:27</name>
      </trkpt>
      <trkpt lat="35.690198" lon="139.698581">
        <name>40:28</name>
      </trkpt>
      <trkpt lat="35.690218" lon="139.698546">
        <name>40:29</name>
      </trkpt>
      <trkpt lat="35.690268" lon="139.698407">
        <name>40:30</name>
      </trkpt>
      <trkpt lat="35.690288" lon="139.698366">
        <name>40:31</name>
      </trkpt>
      <trkpt lat="35.690313" lon="139.698332">
        <name>40:32</name>
      </trkpt>
      <trkpt lat="35.690345" lon="139.698312">
        <name>40:33</name>
      </trkpt>
      <trkpt lat="35.690378" lon="139.698300">
        <name>40:34</name>
      </trkpt>
      <trkpt lat="35.690412" lon="139.698293">
        <name>40:35</name>
      </trkpt>
      <trkpt lat="35.690493" lon="139.698286">
        <name>40:36</name>
      </trkpt>
      <trkpt lat="35.690570" lon="139.698279">
        <name>40:37</name>
      </trkpt>
      <trkpt lat="35.690730" lon="139.698265">
        <name>40:38</name>
      </trkpt>
      <trkpt lat="35.690768" lon="139.698278">
        <name>40:39</name>
      </trkpt>
      <trkpt lat="35.690809" lon="139.698309">
        <name>40:40</name>
      </trkpt>
      <trkpt lat="35.690838" lon="139.698353">
        <name>40:41</name>
      </trkpt>
      <trkpt lat="35.690852" lon="139.698408">
        <name>40:42</name>
      </trkpt>
      <trkpt lat="35.690858" lon="139.698441">
        <name>40:43</name>
      </trkpt>
      <trkpt lat="35.690861" lon="139.698495">
        <name>40:44</name>
      </trkpt>
      <trkpt lat="35.690856" lon="139.698560">
        <name>40:45</name>
      </trkpt>
      <trkpt lat="35.690838" lon="139.698600">
        <name>40:46</name>
      </trkpt>
      <trkpt lat="35.690815" lon="139.698637">
        <name>40:47</name>
      </trkpt>
      <trkpt lat="35.690786" lon="139.698665">
        <name>40:48</name>
      </trkpt>
      <trkpt lat="35.690755" lon="139.698682">
        <name>40:49</name>
      </trkpt>
      <trkpt lat="35.690592" lon="139.698703">
        <name>40:50</name>
      </trkpt>
      <trkpt lat="35.690519" lon="139.698712">
        <name>40:51</name>
      </trkpt>
      <trkpt lat="35.690455" lon="139.698721">
        <name>40:52</name>
      </trkpt>
      <trkpt lat="35.690174" lon="139.698760">
        <name>40:53</name>
      </trkpt>
      <trkpt lat="35.690094" lon="139.698771">
        <name>40:54</name>
      </trkpt>
      <trkpt lat="35.690026" lon="139.698781">
        <name>40:55</name>
      </trkpt>
      <trkpt lat="35.689607" lon="139.698840">
        <name>40:56</name>
      </trkpt>
      <trkpt lat="35.689607" lon="139.698840">
        <name>40:57</name>
      </trkpt>
      <trkpt lat="35.689368" lon="139.698873">
        <name>40:58</name>
      </trkpt>
      <trkpt lat="35.689254" lon="139.698893">
        <name>40:59</name>
      </trkpt>
      <trkpt lat="35.688884" lon="139.698948">
        <name>41:00</name>
      </trkpt>
      <trkpt lat="35.688816" lon="139.698956">
        <name>41:01</name>
      </trkpt>
      <trkpt lat="35.688652" lon="139.698941">
        <name>41:02</name>
      </trkpt>
      <trkpt lat="35.688757" lon="139.698827">
        <name>41:03</name>
      </trkpt>
      <trkpt lat="35.689147" lon="139.698771">
        <name>41:04</name>
      </trkpt>
      <trkpt lat="35.689433" lon="139.698731">
        <name>41:05</name>
      </trkpt>
      <trkpt lat="35.689692" lon="139.698694">
        <name>41:06</name>
      </trkpt>
      <trkpt lat="35.689692" lon="139.698694">
        <name>41:07</name>
      </trkpt>
      <trkpt lat="35.689941" lon="139.698658">
        <name>41:08</name>
      </trkpt>
      <trkpt lat="35.690013" lon="139.698648">
        <name>41:09</name>
      </trkpt>
      <trkpt lat="35.690129" lon="139.698631">
        <name>41:10</name>
      </trkpt>
      <trkpt lat="35.690153" lon="139.698623">
        <name>41:11</name>
      </trkpt>
      <trkpt lat="35.690178" lon="139.698606">
        <name>41:12</name>
      </trkpt>
      <trkpt lat="35.690198" lon="139.698581">
        <name>41:13</name>
      </trkpt>
      <trkpt lat="35.690218" lon="139.698546">
        <name>41:14</name>
      </trkpt>
      <trkpt lat="35.690268" lon="139.698407">
        <name>41:15</name>
      </trkpt>
      <trkpt lat="35.690288" lon="139.698366">
        <name>41:16</name>
      </trkpt>
      <trkpt lat="35.690313" lon="139.698332">
        <name>41:17</name>
      </trkpt>
      <trkpt lat="35.690233" lon="139.698249">
        <name>41:18</name>
      </trkpt>
      <trkpt lat="35.690112" lon="139.698124">
        <name>41:19</name>
      </trkpt>
      <trkpt lat="35.690098" lon="139.698078">
        <name>41:20</name>
      </trkpt>
      <trkpt lat="35.690039" lon="139.698083">
        <name>41:21</name>
      </trkpt>
      <trkpt lat="35.689982" lon="139.698088">
        <name>41:22</name>
      </trkpt>
      <trkpt lat="35.689830" lon="139.698098">
        <name>41:23</name>
      </trkpt>
      <trkpt lat="35.689737" lon="139.698103">
        <name>41:24</name>
      </trkpt>
      <trkpt lat="35.689737" lon="139.698103">
        <name>41:25</name>
      </trkpt>
      <trkpt lat="35.689830" lon="139.698098">
        <name>41:26</name>
      </trkpt>
      <trkpt lat="35.689982" lon="139.698088">
        <name>41:27</name>
      </trkpt>
      <trkpt lat="35.690039" lon="139.698083">
        <name>41:28</name>
      </trkpt>
      <trkpt lat="35.690098" lon="139.698078">
        <name>41:29</name>
      </trkpt>
      <trkpt lat="35.690117" lon="139.698029">
        <name>41:30</name>
      </trkpt>
      <trkpt lat="35.690120" lon="139.697972">
        <name>41:31</name>
      </trkpt>
      <trkpt lat="35.690112" lon="139.697888">
        <name>41:32</name>
      </trkpt>
      <trkpt lat="35.690101" lon="139.697786">
        <name>41:33</name>
      </trkpt>
      <trkpt lat="35.690103" lon="139.697695">
        <name>41:34</name>
      </trkpt>
      <trkpt lat="35.690101" lon="139.697616">
        <name>41:35</name>
      </trkpt>
      <trkpt lat="35.690090" lon="139.697552">
        <name>41:36</name>
      </trkpt>
      <trkpt lat="35.690075" lon="139.697481">
        <name>41:37</name>
      </trkpt>
      <trkpt lat="35.690075" lon="139.697481">
        <name>41:38</name>
      </trkpt>
      <trkpt lat="35.690075" lon="139.697481">
        <name>41:39</name>
      </trkpt>
      <trkpt lat="35.690085" lon="139.697431">
        <name>41:40</name>
      </trkpt>
      <trkpt lat="35.690088" lon="139.697380">
        <name>41:41</name>
      </trkpt>
      <trkpt lat="35.690075" lon="139.697330">
        <name>41:42</name>
      </trkpt>
      <trkpt lat="35.690069" lon="139.697280">
        <name>41:43</name>
      </trkpt>
      <trkpt lat="35.690076" lon="139.697165">
        <name>41:44</name>
      </trkpt>
      <trkpt lat="35.690071" lon="139.697063">
        <name>41:45</name>
      </trkpt>
      <trkpt lat="35.690053" lon="139.696998">
        <name>41:46</name>
      </trkpt>
      <trkpt lat="35.690050" lon="139.696932">
        <name>41:47</name>
      </trkpt>
      <trkpt lat="35.690055" lon="139.696727">
        <name>41:48</name>
      </trkpt>
      <trkpt lat="35.690033" lon="139.696509">
        <name>41:49</name>
      </trkpt>
      <trkpt lat="35.690024" lon="139.696386">
        <name>41:50</name>
      </trkpt>
      <trkpt lat="35.689977" lon="139.696390">
        <name>41:51</name>
      </trkpt>
      <trkpt lat="35.689910" lon="139.696395">
        <name>41:52</name>
      </trkpt>
      <trkpt lat="35.689910" lon="139.696395">
        <name>41:53</name>
      </trkpt>
      <trkpt lat="35.689977" lon="139.696390">
        <name>41:54</name>
      </trkpt>
      <trkpt lat="35.690024" lon="139.696386">
        <name>41:55</name>
      </trkpt>
      <trkpt lat="35.690075" lon="139.696382">
        <name>41:56</name>
      </trkpt>
      <trkpt lat="35.690484" lon="139.696349">
        <name>41:57</name>
      </trkpt>
      <trkpt lat="35.690822" lon="139.696323">
        <name>41:58</name>
      </trkpt>
      <trkpt lat="35.690882" lon="139.696318">
        <name>41:59</name>
      </trkpt>
      <trkpt lat="35.691023" lon="139.696311">
        <name>42:00</name>
      </trkpt>
      <trkpt lat="35.691003" lon="139.696118">
        <name>42:01</name>
      </trkpt>
      <trkpt lat="35.690891" lon="139.695031">
        <name>42:02</name>
      </trkpt>
      <trkpt lat="35.690874" lon="139.694880">
        <name>42:03</name>
      </trkpt>
      <trkpt lat="35.690708" lon="139.694922">
        <name>42:04</name>
      </trkpt>
      <trkpt lat="35.690475" lon="139.694979">
        <name>42:05</name>
      </trkpt>
      <trkpt lat="35.690275" lon="139.695029">
        <name>42:06</name>
      </trkpt>
      <trkpt lat="35.689962" lon="139.695106">
        <name>42:07</name>
      </trkpt>
      <trkpt lat="35.689966" lon="139.695186">
        <name>42:08</name>
      </trkpt>
      <trkpt lat="35.689975" lon="139.695348">
        <name>42:09</name>
      </trkpt>
      <trkpt lat="35.689975" lon="139.695348">
        <name>42:10</name>
      </trkpt>
      <trkpt lat="35.690010" lon="139.696014">
        <name>42:11</name>
      </trkpt>
      <trkpt lat="35.690017" lon="139.696270">
        <name>42:12</name>
      </trkpt>
      <trkpt lat="35.690024" lon="139.696386">
        <name>42:13</name>
      </trkpt>
      <trkpt lat="35.690075" lon="139.696382">
        <name>42:14</name>
      </trkpt>
      <trkpt lat="35.690484" lon="139.696349">
        <name>42:15</name>
      </trkpt>
      <trkpt lat="35.690822" lon="139.696323">
        <name>42:16</name>
      </trkpt>
      <trkpt lat="35.690882" lon="139.696318">
        <name>42:17</name>
      </trkpt>
      <trkpt lat="35.691023" lon="139.696311">
        <name>42:18</name>
      </trkpt>
      <trkpt lat="35.691159" lon="139.696314">
        <name>42:19</name>
      </trkpt>
      <trkpt lat="35.691267" lon="139.696346">
        <name>42:20</name>
      </trkpt>
      <trkpt lat="35.691361" lon="139.696372">
        <name>42:21</name>
      </trkpt>
      <trkpt lat="35.691474" lon="139.696403">
        <name>42:22</name>
      </trkpt>
      <trkpt lat="35.691763" lon="139.696505">
        <name>42:23</name>
      </trkpt>
      <trkpt lat="35.691838" lon="139.696531">
        <name>42:24</name>
      </trkpt>
      <trkpt lat="35.691976" lon="139.696582">
        <name>42:25</name>
      </trkpt>
      <trkpt lat="35.692010" lon="139.696416">
        <name>42:26</name>
      </trkpt>
      <trkpt lat="35.692122" lon="139.696003">
        <name>42:27</name>
      </trkpt>
      <trkpt lat="35.692496" lon="139.694683">
        <name>42:28</name>
      </trkpt>
      <trkpt lat="35.692498" lon="139.694677">
        <name>42:29</name>
      </trkpt>
      <trkpt lat="35.692549" lon="139.694496">
        <name>42:30</name>
      </trkpt>
      <trkpt lat="35.692563" lon="139.694367">
        <name>42:31</name>
      </trkpt>
      <trkpt lat="35.692544" lon="139.694248">
        <name>42:32</name>
      </trkpt>
      <trkpt lat="35.692387" lon="139.693271">
        <name>42:33</name>
      </trkpt>
      <trkpt lat="35.692362" lon="139.693110">
        <name>42:34</name>
      </trkpt>
      <trkpt lat="35.692254" lon="139.693137">
        <name>42:35</name>
      </trkpt>
      <trkpt lat="35.692248" lon="139.693138">
        <name>42:36</name>
      </trkpt>
      <trkpt lat="35.691667" lon="139.693280">
        <name>42:37</name>
      </trkpt>
      <trkpt lat="35.690901" lon="139.693466">
        <name>42:38</name>
      </trkpt>
      <trkpt lat="35.690441" lon="139.693579">
        <name>42:39</name>
      </trkpt>
      <trkpt lat="35.690187" lon="139.693640">
        <name>42:40</name>
      </trkpt>
      <trkpt lat="35.690204" lon="139.693730">
        <name>42:41</name>
      </trkpt>
      <trkpt lat="35.690219" lon="139.693818">
        <name>42:42</name>
      </trkpt>
      <trkpt lat="35.690203" lon="139.693842">
        <name>42:43</name>
      </trkpt>
      <trkpt lat="35.690099" lon="139.693872">
        <name>42:44</name>
      </trkpt>
      <trkpt lat="35.690068" lon="139.693885">
        <name>42:45</name>
      </trkpt>
      <trkpt lat="35.690068" lon="139.693885">
        <name>42:46</name>
      </trkpt>
      <trkpt lat="35.690030" lon="139.693902">
        <name>42:47</name>
      </trkpt>
      <trkpt lat="35.689742" lon="139.693957">
        <name>42:48</name>
      </trkpt>
      <trkpt lat="35.689721" lon="139.693930">
        <name>42:49</name>
      </trkpt>
      <trkpt lat="35.689701" lon="139.693849">
        <name>42:50</name>
      </trkpt>
      <trkpt lat="35.689682" lon="139.693764">
        <name>42:51</name>
      </trkpt>
      <trkpt lat="35.689227" lon="139.693875">
        <name>42:52</name>
      </trkpt>
      <trkpt lat="35.688819" lon="139.693974">
        <name>42:53</name>
      </trkpt>
      <trkpt lat="35.688286" lon="139.694104">
        <name>42:54</name>
      </trkpt>
      <trkpt lat="35.688146" lon="139.694138">
        <name>42:55</name>
      </trkpt>
      <trkpt lat="35.687593" lon="139.694273">
        <name>42:56</name>
      </trkpt>
      <trkpt lat="35.687520" lon="139.694300">
        <name>42:57</name>
      </trkpt>
      <trkpt lat="35.687447" lon="139.694337">
        <name>42:58</name>
      </trkpt>
      <trkpt lat="35.687405" lon="139.694363">
        <name>42:59</name>
      </trkpt>
      <trkpt lat="35.687369" lon="139.694390">
        <name>43:00</name>
      </trkpt>
      <trkpt lat="35.687106" lon="139.694595">
        <name>43:01</name>
      </trkpt>
      <trkpt lat="35.687073" lon="139.694621">
        <name>43:02</name>
      </trkpt>
      <trkpt lat="35.686940" lon="139.694721">
        <name>43:03</name>
      </trkpt>
      <trkpt lat="35.686777" lon="139.694721">
        <name>43:04</name>
      </trkpt>
      <trkpt lat="35.686703" lon="139.694587">
        <name>43:05</name>
      </trkpt>
      <trkpt lat="35.686621" lon="139.694452">
        <name>43:06</name>
      </trkpt>
      <trkpt lat="35.686537" lon="139.694319">
        <name>43:07</name>
      </trkpt>
      <trkpt lat="35.686431" lon="139.694169">
        <name>43:08</name>
      </trkpt>
      <trkpt lat="35.686224" lon="139.693877">
        <name>43:09</name>
      </trkpt>
      <trkpt lat="35.686033" lon="139.693621">
        <name>43:10</name>
      </trkpt>
      <trkpt lat="35.685932" lon="139.693486">
        <name>43:11</name>
      </trkpt>
      <trkpt lat="35.685524" lon="139.692939">
        <name>43:12</name>
      </trkpt>
      <trkpt lat="35.685342" lon="139.692694">
        <name>43:13</name>
      </trkpt>
      <trkpt lat="35.685129" lon="139.692405">
        <name>43:14</name>
      </trkpt>
      <trkpt lat="35.685095" lon="139.692361">
        <name>43:15</name>
      </trkpt>
      <trkpt lat="35.684855" lon="139.692018">
        <name>43:16</name>
      </trkpt>
      <trkpt lat="35.684963" lon="139.691923">
        <name>43:17</name>
      </trkpt>
      <trkpt lat="35.685113" lon="139.691874">
        <name>43:18</name>
      </trkpt>
      <trkpt lat="35.685302" lon="139.691810">
        <name>43:19</name>
      </trkpt>
      <trkpt lat="35.685772" lon="139.691686">
        <name>43:20</name>
      </trkpt>
      <trkpt lat="35.686935" lon="139.691408">
        <name>43:21</name>
      </trkpt>
      <trkpt lat="35.687289" lon="139.691360">
        <name>43:22</name>
      </trkpt>
      <trkpt lat="35.688406" lon="139.691088">
        <name>43:23</name>
      </trkpt>
      <trkpt lat="35.688525" lon="139.691059">
        <name>43:24</name>
      </trkpt>
      <trkpt lat="35.688634" lon="139.691033">
        <name>43:25</name>
      </trkpt>
      <trkpt lat="35.688661" lon="139.691203">
        <name>43:26</name>
      </trkpt>
      <trkpt lat="35.688688" lon="139.691368">
        <name>43:27</name>
      </trkpt>
      <trkpt lat="35.688703" lon="139.691462">
        <name>43:28</name>
      </trkpt>
      <trkpt lat="35.688793" lon="139.692024">
        <name>43:29</name>
      </trkpt>
      <trkpt lat="35.688860" lon="139.692436">
        <name>43:30</name>
      </trkpt>
      <trkpt lat="35.688899" lon="139.692678">
        <name>43:31</name>
      </trkpt>
      <trkpt lat="35.689054" lon="139.693674">
        <name>43:32</name>
      </trkpt>
      <trkpt lat="35.690336" lon="139.693365">
        <name>43:33</name>
      </trkpt>
      <trkpt lat="35.690336" lon="139.693365">
        <name>43:34</name>
      </trkpt>
      <trkpt lat="35.690559" lon="139.693311">
        <name>43:35</name>
      </trkpt>
      <trkpt lat="35.690639" lon="139.693291">
        <name>43:36</name>
      </trkpt>
      <trkpt lat="35.690272" lon="139.690982">
        <name>43:37</name>
      </trkpt>
      <trkpt lat="35.690246" lon="139.690818">
        <name>43:38</name>
      </trkpt>
      <trkpt lat="35.690220" lon="139.690649">
        <name>43:39</name>
      </trkpt>
      <trkpt lat="35.690299" lon="139.690630">
        <name>43:40</name>
      </trkpt>
      <trkpt lat="35.691232" lon="139.690404">
        <name>43:41</name>
      </trkpt>
      <trkpt lat="35.691779" lon="139.690272">
        <name>43:42</name>
      </trkpt>
      <trkpt lat="35.691903" lon="139.690242">
        <name>43:43</name>
      </trkpt>
      <trkpt lat="35.691991" lon="139.690220">
        <name>43:44</name>
      </trkpt>
      <trkpt lat="35.692017" lon="139.690387">
        <name>43:45</name>
      </trkpt>
      <trkpt lat="35.692043" lon="139.690545">
        <name>43:46</name>
      </trkpt>
      <trkpt lat="35.692163" lon="139.691303">
        <name>43:47</name>
      </trkpt>
      <trkpt lat="35.692206" lon="139.691569">
        <name>43:48</name>
      </trkpt>
      <trkpt lat="35.692218" lon="139.691648">
        <name>43:49</name>
      </trkpt>
      <trkpt lat="35.692236" lon="139.691755">
        <name>43:50</name>
      </trkpt>
      <trkpt lat="35.692258" lon="139.691896">
        <name>43:51</name>
      </trkpt>
      <trkpt lat="35.692318" lon="139.692270">
        <name>43:52</name>
      </trkpt>
      <trkpt lat="35.692410" lon="139.692849">
        <name>43:53</name>
      </trkpt>
      <trkpt lat="35.692431" lon="139.692979">
        <name>43:54</name>
      </trkpt>
      <trkpt lat="35.692449" lon="139.693089">
        <name>43:55</name>
      </trkpt>
      <trkpt lat="35.692362" lon="139.693110">
        <name>43:56</name>
      </trkpt>
      <trkpt lat="35.692254" lon="139.693137">
        <name>43:57</name>
      </trkpt>
      <trkpt lat="35.692248" lon="139.693138">
        <name>43:58</name>
      </trkpt>
      <trkpt lat="35.691667" lon="139.693280">
        <name>43:59</name>
      </trkpt>
      <trkpt lat="35.690901" lon="139.693466">
        <name>44:00</name>
      </trkpt>
      <trkpt lat="35.690441" lon="139.693579">
        <name>44:01</name>
      </trkpt>
      <trkpt lat="35.690187" lon="139.693640">
        <name>44:02</name>
      </trkpt>
      <trkpt lat="35.690204" lon="139.693730">
        <name>44:03</name>
      </trkpt>
      <trkpt lat="35.690219" lon="139.693818">
        <name>44:04</name>
      </trkpt>
      <trkpt lat="35.690219" lon="139.693818">
        <name>44:05</name>
      </trkpt>
      <trkpt lat="35.690219" lon="139.693818">
        <name>44:06</name>
      </trkpt>
      <trkpt lat="35.690203" lon="139.693842">
        <name>44:07</name>
      </trkpt>
      <trkpt lat="35.690099" lon="139.693872">
        <name>44:08</name>
      </trkpt>
      <trkpt lat="35.690030" lon="139.693902">
        <name>44:09</name>
      </trkpt>
      <trkpt lat="35.689742" lon="139.693957">
        <name>44:10</name>
      </trkpt>
      <trkpt lat="35.689721" lon="139.693930">
        <name>44:11</name>
      </trkpt>
      <trkpt lat="35.689701" lon="139.693849">
        <name>44:12</name>
      </trkpt>
      <trkpt lat="35.689682" lon="139.693764">
        <name>44:13</name>
      </trkpt>
      <trkpt lat="35.689227" lon="139.693875">
        <name>44:14</name>
      </trkpt>
      <trkpt lat="35.688819" lon="139.693974">
        <name>44:15</name>
      </trkpt>
      <trkpt lat="35.688286" lon="139.694104">
        <name>44:16</name>
      </trkpt>
      <trkpt lat="35.688146" lon="139.694138">
        <name>44:17</name>
      </trkpt>
      <trkpt lat="35.687593" lon="139.694273">
        <name>44:18</name>
      </trkpt>
      <trkpt lat="35.687520" lon="139.694300">
        <name>44:19</name>
      </trkpt>
      <trkpt lat="35.687447" lon="139.694337">
        <name>44:20</name>
      </trkpt>
      <trkpt lat="35.687405" lon="139.694363">
        <name>44:21</name>
      </trkpt>
      <trkpt lat="35.687369" lon="139.694390">
        <name>44:22</name>
      </trkpt>
      <trkpt lat="35.687106" lon="139.694595">
        <name>44:23</name>
      </trkpt>
      <trkpt lat="35.687073" lon="139.694621">
        <name>44:24</name>
      </trkpt>
      <trkpt lat="35.686940" lon="139.694721">
        <name>44:25</name>
      </trkpt>
      <trkpt lat="35.687183" lon="139.695252">
        <name>44:26</name>
      </trkpt>
      <trkpt lat="35.687348" lon="139.695638">
        <name>44:27</name>
      </trkpt>
      <trkpt lat="35.687387" lon="139.695729">
        <name>44:28</name>
      </trkpt>
      <trkpt lat="35.687531" lon="139.695684">
        <name>44:29</name>
      </trkpt>
      <trkpt lat="35.688050" lon="139.695524">
        <name>44:30</name>
      </trkpt>
      <trkpt lat="35.688377" lon="139.695423">
        <name>44:31</name>
      </trkpt>
      <trkpt lat="35.688559" lon="139.695367">
        <name>44:32</name>
      </trkpt>
      <trkpt lat="35.689063" lon="139.695212">
        <name>44:33</name>
      </trkpt>
      <trkpt lat="35.689181" lon="139.695175">
        <name>44:34</name>
      </trkpt>
      <trkpt lat="35.689283" lon="139.695145">
        <name>44:35</name>
      </trkpt>
      <trkpt lat="35.689409" lon="139.695114">
        <name>44:36</name>
      </trkpt>
      <trkpt lat="35.689774" lon="139.695023">
        <name>44:37</name>
      </trkpt>
      <trkpt lat="35.689905" lon="139.694990">
        <name>44:38</name>
      </trkpt>
      <trkpt lat="35.690142" lon="139.694931">
        <name>44:39</name>
      </trkpt>
      <trkpt lat="35.690284" lon="139.694896">
        <name>44:40</name>
      </trkpt>
      <trkpt lat="35.690687" lon="139.694795">
        <name>44:41</name>
      </trkpt>
      <trkpt lat="35.690927" lon="139.694737">
        <name>44:42</name>
      </trkpt>
      <trkpt lat="35.691006" lon="139.694847">
        <name>44:43</name>
      </trkpt>
      <trkpt lat="35.690874" lon="139.694880">
        <name>44:44</name>
      </trkpt>
      <trkpt lat="35.690708" lon="139.694922">
        <name>44:45</name>
      </trkpt>
      <trkpt lat="35.690475" lon="139.694979">
        <name>44:46</name>
      </trkpt>
      <trkpt lat="35.690333" lon="139.695014">
        <name>44:47</name>
      </trkpt>
      <trkpt lat="35.690333" lon="139.695014">
        <name>44:48</name>
      </trkpt>
      <trkpt lat="35.690275" lon="139.695029">
        <name>44:49</name>
      </trkpt>
      <trkpt lat="35.689962" lon="139.695106">
        <name>44:50</name>
      </trkpt>
      <trkpt lat="35.689919" lon="139.695117">
        <name>44:51</name>
      </trkpt>
      <trkpt lat="35.689828" lon="139.695139">
        <name>44:52</name>
      </trkpt>
      <trkpt lat="35.689690" lon="139.695174">
        <name>44:53</name>
      </trkpt>
      <trkpt lat="35.689428" lon="139.695238">
        <name>44:54</name>
      </trkpt>
      <trkpt lat="35.689301" lon="139.695270">
        <name>44:55</name>
      </trkpt>
      <trkpt lat="35.689307" lon="139.695436">
        <name>44:56</name>
      </trkpt>
      <trkpt lat="35.689327" lon="139.696064">
        <name>44:57</name>
      </trkpt>
      <trkpt lat="35.689334" lon="139.696267">
        <name>44:58</name>
      </trkpt>
      <trkpt lat="35.689340" lon="139.696440">
        <name>44:59</name>
      </trkpt>
      <trkpt lat="35.689440" lon="139.696432">
        <name>45:00</name>
      </trkpt>
      <trkpt lat="35.689573" lon="139.696422">
        <name>45:01</name>
      </trkpt>
      <trkpt lat="35.689633" lon="139.696417">
        <name>45:02</name>
      </trkpt>
      <trkpt lat="35.689977" lon="139.696390">
        <name>45:03</name>
      </trkpt>
      <trkpt lat="35.690024" lon="139.696386">
        <name>45:04</name>
      </trkpt>
      <trkpt lat="35.690075" lon="139.696382">
        <name>45:05</name>
      </trkpt>
      <trkpt lat="35.690379" lon="139.696357">
        <name>45:06</name>
      </trkpt>
      <trkpt lat="35.690379" lon="139.696357">
        <name>45:07</name>
      </trkpt>
      <trkpt lat="35.690484" lon="139.696349">
        <name>45:08</name>
      </trkpt>
      <trkpt lat="35.690822" lon="139.696323">
        <name>45:09</name>
      </trkpt>
      <trkpt lat="35.690882" lon="139.696318">
        <name>45:10</name>
      </trkpt>
      <trkpt lat="35.691023" lon="139.696311">
        <name>45:11</name>
      </trkpt>
      <trkpt lat="35.691159" lon="139.696314">
        <name>45:12</name>
      </trkpt>
      <trkpt lat="35.691182" lon="139.696628">
        <name>45:13</name>
      </trkpt>
      <trkpt lat="35.691241" lon="139.697599">
        <name>45:14</name>
      </trkpt>
      <trkpt lat="35.691252" lon="139.697776">
        <name>45:15</name>
      </trkpt>
      <trkpt lat="35.691258" lon="139.697882">
        <name>45:16</name>
      </trkpt>
      <trkpt lat="35.691118" lon="139.697895">
        <name>45:17</name>
      </trkpt>
      <trkpt lat="35.691085" lon="139.697293">
        <name>45:18</name>
      </trkpt>
      <trkpt lat="35.691001" lon="139.697300">
        <name>45:19</name>
      </trkpt>
      <trkpt lat="35.690586" lon="139.697336">
        <name>45:20</name>
      </trkpt>
      <trkpt lat="35.690586" lon="139.697336">
        <name>45:21</name>
      </trkpt>
      <trkpt lat="35.691001" lon="139.697300">
        <name>45:22</name>
      </trkpt>
      <trkpt lat="35.691085" lon="139.697293">
        <name>45:23</name>
      </trkpt>
      <trkpt lat="35.691054" lon="139.696706">
        <name>45:24</name>
      </trkpt>
      <trkpt lat="35.691050" lon="139.696639">
        <name>45:25</name>
      </trkpt>
      <trkpt lat="35.691023" lon="139.696311">
        <name>45:26</name>
      </trkpt>
      <trkpt lat="35.691159" lon="139.696314">
        <name>45:27</name>
      </trkpt>
      <trkpt lat="35.691182" lon="139.696628">
        <name>45:28</name>
      </trkpt>
      <trkpt lat="35.691241" lon="139.697599">
        <name>45:29</name>
      </trkpt>
      <trkpt lat="35.691252" lon="139.697776">
        <name>45:30</name>
      </trkpt>
      <trkpt lat="35.691258" lon="139.697882">
        <name>45:31</name>
      </trkpt>
      <trkpt lat="35.691263" lon="139.697972">
        <name>45:32</name>
      </trkpt>
      <trkpt lat="35.691266" lon="139.698033">
        <name>45:33</name>
      </trkpt>
      <trkpt lat="35.691269" lon="139.698133">
        <name>45:34</name>
      </trkpt>
      <trkpt lat="35.691251" lon="139.698202">
        <name>45:35</name>
      </trkpt>
      <trkpt lat="35.691214" lon="139.698251">
        <name>45:36</name>
      </trkpt>
      <trkpt lat="35.691169" lon="139.698272">
        <name>45:37</name>
      </trkpt>
      <trkpt lat="35.691041" lon="139.698285">
        <name>45:38</name>
      </trkpt>
      <trkpt lat="35.690965" lon="139.698291">
        <name>45:39</name>
      </trkpt>
      <trkpt lat="35.690936" lon="139.698305">
        <name>45:40</name>
      </trkpt>
      <trkpt lat="35.690909" lon="139.698335">
        <name>45:41</name>
      </trkpt>
      <trkpt lat="35.690884" lon="139.698374">
        <name>45:42</name>
      </trkpt>
      <trkpt lat="35.690870" lon="139.698423">
        <name>45:43</name>
      </trkpt>
      <trkpt lat="35.690861" lon="139.698495">
        <name>45:44</name>
      </trkpt>
      <trkpt lat="35.690856" lon="139.698560">
        <name>45:45</name>
      </trkpt>
      <trkpt lat="35.690838" lon="139.698600">
        <name>45:46</name>
      </trkpt>
      <trkpt lat="35.690815" lon="139.698637">
        <name>45:47</name>
      </trkpt>
      <trkpt lat="35.690786" lon="139.698665">
        <name>45:48</name>
      </trkpt>
      <trkpt lat="35.690755" lon="139.698682">
        <name>45:49</name>
      </trkpt>
      <trkpt lat="35.690592" lon="139.698703">
        <name>45:50</name>
      </trkpt>
      <trkpt lat="35.690519" lon="139.698712">
        <name>45:51</name>
      </trkpt>
      <trkpt lat="35.690455" lon="139.698721">
        <name>45:52</name>
      </trkpt>
      <trkpt lat="35.690412" lon="139.698708">
        <name>45:53</name>
      </trkpt>
      <trkpt lat="35.690373" lon="139.698689">
        <name>45:54</name>
      </trkpt>
      <trkpt lat="35.690335" lon="139.698662">
        <name>45:55</name>
      </trkpt>
      <trkpt lat="35.690309" lon="139.698635">
        <name>45:56</name>
      </trkpt>
      <trkpt lat="35.690287" lon="139.698598">
        <name>45:57</name>
      </trkpt>
      <trkpt lat="35.690274" lon="139.698550">
        <name>45:58</name>
      </trkpt>
      <trkpt lat="35.690267" lon="139.698490">
        <name>45:59</name>
      </trkpt>
      <trkpt lat="35.690268" lon="139.698407">
        <name>46:00</name>
      </trkpt>
      <trkpt lat="35.690288" lon="139.698366">
        <name>46:01</name>
      </trkpt>
      <trkpt lat="35.690313" lon="139.698332">
        <name>46:02</name>
      </trkpt>
      <trkpt lat="35.690345" lon="139.698312">
        <name>46:03</name>
      </trkpt>
      <trkpt lat="35.690378" lon="139.698300">
        <name>46:04</name>
      </trkpt>
      <trkpt lat="35.690412" lon="139.698293">
        <name>46:05</name>
      </trkpt>
      <trkpt lat="35.690493" lon="139.698286">
        <name>46:06</name>
      </trkpt>
      <trkpt lat="35.690570" lon="139.698279">
        <name>46:07</name>
      </trkpt>
      <trkpt lat="35.690730" lon="139.698265">
        <name>46:08</name>
      </trkpt>
      <trkpt lat="35.690893" lon="139.698250">
        <name>46:09</name>
      </trkpt>
      <trkpt lat="35.690893" lon="139.698250">
        <name>46:10</name>
      </trkpt>
      <trkpt lat="35.690917" lon="139.698248">
        <name>46:11</name>
      </trkpt>
      <trkpt lat="35.690977" lon="139.698243">
        <name>46:12</name>
      </trkpt>
      <trkpt lat="35.691042" lon="139.698237">
        <name>46:13</name>
      </trkpt>
      <trkpt lat="35.691070" lon="139.698218">
        <name>46:14</name>
      </trkpt>
      <trkpt lat="35.691097" lon="139.698187">
        <name>46:15</name>
      </trkpt>
      <trkpt lat="35.691112" lon="139.698160">
        <name>46:16</name>
      </trkpt>
      <trkpt lat="35.691124" lon="139.698116">
        <name>46:17</name>
      </trkpt>
      <trkpt lat="35.691127" lon="139.698078">
        <name>46:18</name>
      </trkpt>
      <trkpt lat="35.691125" lon="139.698041">
        <name>46:19</name>
      </trkpt>
      <trkpt lat="35.691118" lon="139.697895">
        <name>46:20</name>
      </trkpt>
      <trkpt lat="35.691085" lon="139.697293">
        <name>46:21</name>
      </trkpt>
      <trkpt lat="35.691054" lon="139.696706">
        <name>46:22</name>
      </trkpt>
      <trkpt lat="35.691050" lon="139.696639">
        <name>46:23</name>
      </trkpt>
      <trkpt lat="35.691023" lon="139.696311">
        <name>46:24</name>
      </trkpt>
      <trkpt lat="35.691159" lon="139.696314">
        <name>46:25</name>
      </trkpt>
      <trkpt lat="35.691267" lon="139.696346">
        <name>46:26</name>
      </trkpt>
      <trkpt lat="35.691361" lon="139.696372">
        <name>46:27</name>
      </trkpt>
      <trkpt lat="35.691474" lon="139.696403">
        <name>46:28</name>
      </trkpt>
      <trkpt lat="35.691763" lon="139.696505">
        <name>46:29</name>
      </trkpt>
      <trkpt lat="35.691838" lon="139.696531">
        <name>46:30</name>
      </trkpt>
      <trkpt lat="35.691976" lon="139.696582">
        <name>46:31</name>
      </trkpt>
      <trkpt lat="35.692010" lon="139.696416">
        <name>46:32</name>
      </trkpt>
      <trkpt lat="35.692122" lon="139.696003">
        <name>46:33</name>
      </trkpt>
      <trkpt lat="35.692496" lon="139.694683">
        <name>46:34</name>
      </trkpt>
      <trkpt lat="35.692498" lon="139.694677">
        <name>46:35</name>
      </trkpt>
      <trkpt lat="35.692549" lon="139.694496">
        <name>46:36</name>
      </trkpt>
      <trkpt lat="35.692563" lon="139.694367">
        <name>46:37</name>
      </trkpt>
      <trkpt lat="35.692544" lon="139.694248">
        <name>46:38</name>
      </trkpt>
      <trkpt lat="35.692387" lon="139.693271">
        <name>46:39</name>
      </trkpt>
      <trkpt lat="35.692362" lon="139.693110">
        <name>46:40</name>
      </trkpt>
      <trkpt lat="35.692344" lon="139.693000">
        <name>46:41</name>
      </trkpt>
      <trkpt lat="35.692324" lon="139.692873">
        <name>46:42</name>
      </trkpt>
      <trkpt lat="35.692171" lon="139.691919">
        <name>46:43</name>
      </trkpt>
      <trkpt lat="35.692148" lon="139.691777">
        <name>46:44</name>
      </trkpt>
      <trkpt lat="35.692131" lon="139.691669">
        <name>46:45</name>
      </trkpt>
      <trkpt lat="35.692118" lon="139.691589">
        <name>46:46</name>
      </trkpt>
      <trkpt lat="35.691955" lon="139.690568">
        <name>46:47</name>
      </trkpt>
      <trkpt lat="35.691930" lon="139.690409">
        <name>46:48</name>
      </trkpt>
      <trkpt lat="35.691806" lon="139.690439">
        <name>46:49</name>
      </trkpt>
      <trkpt lat="35.690326" lon="139.690798">
        <name>46:50</name>
      </trkpt>
      <trkpt lat="35.690349" lon="139.690964">
        <name>46:51</name>
      </trkpt>
      <trkpt lat="35.690515" lon="139.692019">
        <name>46:52</name>
      </trkpt>
      <trkpt lat="35.690713" lon="139.693274">
        <name>46:53</name>
      </trkpt>
      <trkpt lat="35.690722" lon="139.693330">
        <name>46:54</name>
      </trkpt>
      <trkpt lat="35.690741" lon="139.693450">
        <name>46:55</name>
      </trkpt>
      <trkpt lat="35.690862" lon="139.694198">
        <name>46:56</name>
      </trkpt>
      <trkpt lat="35.690931" lon="139.694623">
        <name>46:57</name>
      </trkpt>
      <trkpt lat="35.690979" lon="139.694999">
        <name>46:58</name>
      </trkpt>
      <trkpt lat="35.691119" lon="139.696332">
        <name>46:59</name>
      </trkpt>
      <trkpt lat="35.691247" lon="139.698063">
        <name>47:00</name>
      </trkpt>
      <trkpt lat="35.691252" lon="139.698089">
        <name>47:01</name>
      </trkpt>
      <trkpt lat="35.691259" lon="139.698115">
        <name>47:02</name>
      </trkpt>
      <trkpt lat="35.691268" lon="139.698139">
        <name>47:03</name>
      </trkpt>
      <trkpt lat="35.691283" lon="139.698165">
        <name>47:04</name>
      </trkpt>
      <trkpt lat="35.691305" lon="139.698197">
        <name>47:05</name>
      </trkpt>
      <trkpt lat="35.691326" lon="139.698220">
        <name>47:06</name>
      </trkpt>
      <trkpt lat="35.691349" lon="139.698244">
        <name>47:07</name>
      </trkpt>
      <trkpt lat="35.691404" lon="139.698306">
        <name>47:08</name>
      </trkpt>
      <trkpt lat="35.691426" lon="139.698346">
        <name>47:09</name>
      </trkpt>
      <trkpt lat="35.691445" lon="139.698391">
        <name>47:10</name>
      </trkpt>
      <trkpt lat="35.691454" lon="139.698422">
        <name>47:11</name>
      </trkpt>
      <trkpt lat="35.691463" lon="139.698462">
        <name>47:12</name>
      </trkpt>
      <trkpt lat="35.691467" lon="139.698499">
        <name>47:13</name>
      </trkpt>
      <trkpt lat="35.691469" lon="139.698526">
        <name>47:14</name>
      </trkpt>
      <trkpt lat="35.691224" lon="139.698550">
        <name>47:15</name>
      </trkpt>
      <trkpt lat="35.691224" lon="139.698550">
        <name>47:16</name>
      </trkpt>
      <trkpt lat="35.690998" lon="139.698573">
        <name>47:17</name>
      </trkpt>
      <trkpt lat="35.690997" lon="139.698541">
        <name>47:18</name>
      </trkpt>
      <trkpt lat="35.690998" lon="139.698506">
        <name>47:19</name>
      </trkpt>
      <trkpt lat="35.691004" lon="139.698463">
        <name>47:20</name>
      </trkpt>
      <trkpt lat="35.691011" lon="139.698425">
        <name>47:21</name>
      </trkpt>
      <trkpt lat="35.691023" lon="139.698383">
        <name>47:22</name>
      </trkpt>
      <trkpt lat="35.691032" lon="139.698356">
        <name>47:23</name>
      </trkpt>
      <trkpt lat="35.691043" lon="139.698337">
        <name>47:24</name>
      </trkpt>
      <trkpt lat="35.691096" lon="139.698269">
        <name>47:25</name>
      </trkpt>
      <trkpt lat="35.691113" lon="139.698242">
        <name>47:26</name>
      </trkpt>
      <trkpt lat="35.691127" lon="139.698213">
        <name>47:27</name>
      </trkpt>
      <trkpt lat="35.691139" lon="139.698181">
        <name>47:28</name>
      </trkpt>
      <trkpt lat="35.691146" lon="139.698147">
        <name>47:29</name>
      </trkpt>
      <trkpt lat="35.691149" lon="139.698115">
        <name>47:30</name>
      </trkpt>
      <trkpt lat="35.691149" lon="139.698080">
        <name>47:31</name>
      </trkpt>
      <trkpt lat="35.691079" lon="139.696722">
        <name>47:32</name>
      </trkpt>
      <trkpt lat="35.691047" lon="139.696302">
        <name>47:33</name>
      </trkpt>
      <trkpt lat="35.690899" lon="139.694944">
        <name>47:34</name>
      </trkpt>
      <trkpt lat="35.690854" lon="139.694648">
        <name>47:35</name>
      </trkpt>
      <trkpt lat="35.690785" lon="139.694214">
        <name>47:36</name>
      </trkpt>
      <trkpt lat="35.690666" lon="139.693467">
        <name>47:37</name>
      </trkpt>
      <trkpt lat="35.690647" lon="139.693347">
        <name>47:38</name>
      </trkpt>
      <trkpt lat="35.690639" lon="139.693291">
        <name>47:39</name>
      </trkpt>
      <trkpt lat="35.690272" lon="139.690982">
        <name>47:40</name>
      </trkpt>
      <trkpt lat="35.690246" lon="139.690818">
        <name>47:41</name>
      </trkpt>
      <trkpt lat="35.690220" lon="139.690649">
        <name>47:42</name>
      </trkpt>
      <trkpt lat="35.690299" lon="139.690630">
        <name>47:43</name>
      </trkpt>
      <trkpt lat="35.691232" lon="139.690404">
        <name>47:44</name>
      </trkpt>
      <trkpt lat="35.691779" lon="139.690272">
        <name>47:45</name>
      </trkpt>
      <trkpt lat="35.691903" lon="139.690242">
        <name>47:46</name>
      </trkpt>
      <trkpt lat="35.691991" lon="139.690220">
        <name>47:47</name>
      </trkpt>
      <trkpt lat="35.692017" lon="139.690387">
        <name>47:48</name>
      </trkpt>
      <trkpt lat="35.692043" lon="139.690545">
        <name>47:49</name>
      </trkpt>
      <trkpt lat="35.692163" lon="139.691303">
        <name>47:50</name>
      </trkpt>
      <trkpt lat="35.692206" lon="139.691569">
        <name>47:51</name>
      </trkpt>
      <trkpt lat="35.692218" lon="139.691648">
        <name>47:52</name>
      </trkpt>
      <trkpt lat="35.692236" lon="139.691755">
        <name>47:53</name>
      </trkpt>
      <trkpt lat="35.692258" lon="139.691896">
        <name>47:54</name>
      </trkpt>
      <trkpt lat="35.692318" lon="139.692270">
        <name>47:55</name>
      </trkpt>
      <trkpt lat="35.692410" lon="139.692849">
        <name>47:56</name>
      </trkpt>
      <trkpt lat="35.692431" lon="139.692979">
        <name>47:57</name>
      </trkpt>
      <trkpt lat="35.692449" lon="139.693089">
        <name>47:58</name>
      </trkpt>
      <trkpt lat="35.692474" lon="139.693251">
        <name>47:59</name>
      </trkpt>
      <trkpt lat="35.692631" lon="139.694234">
        <name>48:00</name>
      </trkpt>
      <trkpt lat="35.692650" lon="139.694352">
        <name>48:01</name>
      </trkpt>
      <trkpt lat="35.692739" lon="139.694409">
        <name>48:02</name>
      </trkpt>
      <trkpt lat="35.693156" lon="139.694652">
        <name>48:03</name>
      </trkpt>
      <trkpt lat="35.693561" lon="139.694887">
        <name>48:04</name>
      </trkpt>
      <trkpt lat="35.693625" lon="139.694923">
        <name>48:05</name>
      </trkpt>
      <trkpt lat="35.693724" lon="139.694947">
        <name>48:06</name>
      </trkpt>
      <trkpt lat="35.693804" lon="139.694961">
        <name>48:07</name>
      </trkpt>
      <trkpt lat="35.693758" lon="139.695122">
        <name>48:08</name>
      </trkpt>
      <trkpt lat="35.693718" lon="139.695256">
        <name>48:09</name>
      </trkpt>
      <trkpt lat="35.693605" lon="139.695657">
        <name>48:10</name>
      </trkpt>
      <trkpt lat="35.693350" lon="139.696583">
        <name>48:11</name>
      </trkpt>
      <trkpt lat="35.693336" lon="139.696651">
        <name>48:12</name>
      </trkpt>
      <trkpt lat="35.693331" lon="139.696716">
        <name>48:13</name>
      </trkpt>
      <trkpt lat="35.693335" lon="139.696775">
        <name>48:14</name>
      </trkpt>
      <trkpt lat="35.693342" lon="139.696840">
        <name>48:15</name>
      </trkpt>
      <trkpt lat="35.693357" lon="139.696910">
        <name>48:16</name>
      </trkpt>
      <trkpt lat="35.693379" lon="139.696995">
        <name>48:17</name>
      </trkpt>
      <trkpt lat="35.693390" lon="139.697031">
        <name>48:18</name>
      </trkpt>
      <trkpt lat="35.693607" lon="139.697730">
        <name>48:19</name>
      </trkpt>
      <trkpt lat="35.693622" lon="139.697802">
        <name>48:20</name>
      </trkpt>
      <trkpt lat="35.693632" lon="139.697890">
        <name>48:21</name>
      </trkpt>
      <trkpt lat="35.693634" lon="139.698088">
        <name>48:22</name>
      </trkpt>
      <trkpt lat="35.693665" lon="139.698574">
        <name>48:23</name>
      </trkpt>
      <trkpt lat="35.693683" lon="139.698858">
        <name>48:24</name>
      </trkpt>
      <trkpt lat="35.693687" lon="139.698930">
        <name>48:25</name>
      </trkpt>
      <trkpt lat="35.693700" lon="139.699098">
        <name>48:26</name>
      </trkpt>
      <trkpt lat="35.693675" lon="139.699367">
        <name>48:27</name>
      </trkpt>
      <trkpt lat="35.693605" lon="139.700251">
        <name>48:28</name>
      </trkpt>
      <trkpt lat="35.693602" lon="139.700302">
        <name>48:29</name>
      </trkpt>
      <trkpt lat="35.693589" lon="139.700348">
        <name>48:30</name>
      </trkpt>
      <trkpt lat="35.693571" lon="139.700385">
        <name>48:31</name>
      </trkpt>
      <trkpt lat="35.693554" lon="139.700405">
        <name>48:32</name>
      </trkpt>
      <trkpt lat="35.693489" lon="139.700380">
        <name>48:33</name>
      </trkpt>
      <trkpt lat="35.693438" lon="139.700366">
        <name>48:34</name>
      </trkpt>
      <trkpt lat="35.693391" lon="139.700363">
        <name>48:35</name>
      </trkpt>
      <trkpt lat="35.693350" lon="139.700366">
        <name>48:36</name>
      </trkpt>
      <trkpt lat="35.693281" lon="139.700379">
        <name>48:37</name>
      </trkpt>
      <trkpt lat="35.693186" lon="139.700402">
        <name>48:38</name>
      </trkpt>
      <trkpt lat="35.692956" lon="139.700460">
        <name>48:39</name>
      </trkpt>
      <trkpt lat="35.692926" lon="139.700469">
        <name>48:40</name>
      </trkpt>
      <trkpt lat="35.692898" lon="139.700478">
        <name>48:41</name>
      </trkpt>
      <trkpt lat="35.692866" lon="139.700489">
        <name>48:42</name>
      </trkpt>
      <trkpt lat="35.692758" lon="139.700539">
        <name>48:43</name>
      </trkpt>
      <trkpt lat="35.692718" lon="139.700557">
        <name>48:44</name>
      </trkpt>
      <trkpt lat="35.692681" lon="139.700577">
        <name>48:45</name>
      </trkpt>
      <trkpt lat="35.692645" lon="139.700600">
        <name>48:46</name>
      </trkpt>
      <trkpt lat="35.692612" lon="139.700629">
        <name>48:47</name>
      </trkpt>
      <trkpt lat="35.692586" lon="139.700657">
        <name>48:48</name>
      </trkpt>
      <trkpt lat="35.692562" lon="139.700686">
        <name>48:49</name>
      </trkpt>
      <trkpt lat="35.692549" lon="139.700707">
        <name>48:50</name>
      </trkpt>
      <trkpt lat="35.692539" lon="139.700727">
        <name>48:51</name>
      </trkpt>
      <trkpt lat="35.692527" lon="139.700752">
        <name>48:52</name>
      </trkpt>
      <trkpt lat="35.692461" lon="139.700832">
        <name>48:53</name>
      </trkpt>
      <trkpt lat="35.692400" lon="139.700826">
        <name>48:54</name>
      </trkpt>
      <trkpt lat="35.692371" lon="139.700825">
        <name>48:55</name>
      </trkpt>
      <trkpt lat="35.692342" lon="139.700825">
        <name>48:56</name>
      </trkpt>
      <trkpt lat="35.692169" lon="139.700818">
        <name>48:57</name>
      </trkpt>
      <trkpt lat="35.692169" lon="139.700818">
        <name>48:58</name>
      </trkpt>
      <trkpt lat="35.692342" lon="139.700825">
        <name>48:59</name>
      </trkpt>
      <trkpt lat="35.692371" lon="139.700825">
        <name>49:00</name>
      </trkpt>
      <trkpt lat="35.692400" lon="139.700826">
        <name>49:01</name>
      </trkpt>
      <trkpt lat="35.692461" lon="139.700832">
        <name>49:02</name>
      </trkpt>
      <trkpt lat="35.692439" lon="139.700932">
        <name>49:03</name>
      </trkpt>
      <trkpt lat="35.692428" lon="139.700984">
        <name>49:04</name>
      </trkpt>
      <trkpt lat="35.692292" lon="139.701616">
        <name>49:05</name>
      </trkpt>
      <trkpt lat="35.692281" lon="139.701665">
        <name>49:06</name>
      </trkpt>
      <trkpt lat="35.692251" lon="139.701771">
        <name>49:07</name>
      </trkpt>
      <trkpt lat="35.692228" lon="139.701759">
        <name>49:08</name>
      </trkpt>
      <trkpt lat="35.692133" lon="139.701710">
        <name>49:09</name>
      </trkpt>
      <trkpt lat="35.692090" lon="139.701686">
        <name>49:10</name>
      </trkpt>
      <trkpt lat="35.691909" lon="139.701582">
        <name>49:11</name>
      </trkpt>
      <trkpt lat="35.691889" lon="139.701572">
        <name>49:12</name>
      </trkpt>
      <trkpt lat="35.691860" lon="139.701560">
        <name>49:13</name>
      </trkpt>
      <trkpt lat="35.691841" lon="139.701554">
        <name>49:14</name>
      </trkpt>
      <trkpt lat="35.691819" lon="139.701548">
        <name>49:15</name>
      </trkpt>
      <trkpt lat="35.691791" lon="139.701543">
        <name>49:16</name>
      </trkpt>
      <trkpt lat="35.691770" lon="139.701542">
        <name>49:17</name>
      </trkpt>
      <trkpt lat="35.691752" lon="139.701543">
        <name>49:18</name>
      </trkpt>
      <trkpt lat="35.691479" lon="139.701578">
        <name>49:19</name>
      </trkpt>
      <trkpt lat="35.691384" lon="139.701591">
        <name>49:20</name>
      </trkpt>
      <trkpt lat="35.691358" lon="139.701613">
        <name>49:21</name>
      </trkpt>
      <trkpt lat="35.691289" lon="139.701625">
        <name>49:22</name>
      </trkpt>
      <trkpt lat="35.691251" lon="139.701630">
        <name>49:23</name>
      </trkpt>
      <trkpt lat="35.691206" lon="139.701636">
        <name>49:24</name>
      </trkpt>
      <trkpt lat="35.691141" lon="139.701634">
        <name>49:25</name>
      </trkpt>
      <trkpt lat="35.690963" lon="139.701658">
        <name>49:26</name>
      </trkpt>
      <trkpt lat="35.690904" lon="139.701665">
        <name>49:27</name>
      </trkpt>
      <trkpt lat="35.690862" lon="139.701671">
        <name>49:28</name>
      </trkpt>
      <trkpt lat="35.690838" lon="139.701672">
        <name>49:29</name>
      </trkpt>
      <trkpt lat="35.690817" lon="139.701664">
        <name>49:30</name>
      </trkpt>
      <trkpt lat="35.690791" lon="139.701630">
        <name>49:31</name>
      </trkpt>
      <trkpt lat="35.690721" lon="139.701487">
        <name>49:32</name>
      </trkpt>
      <trkpt lat="35.690787" lon="139.701435">
        <name>49:33</name>
      </trkpt>
      <trkpt lat="35.690816" lon="139.701422">
        <name>49:34</name>
      </trkpt>
      <trkpt lat="35.690842" lon="139.701419">
        <name>49:35</name>
      </trkpt>
      <trkpt lat="35.690871" lon="139.701414">
        <name>49:36</name>
      </trkpt>
      <trkpt lat="35.690910" lon="139.701415">
        <name>49:37</name>
      </trkpt>
      <trkpt lat="35.691129" lon="139.701388">
        <name>49:38</name>
      </trkpt>
      <trkpt lat="35.691185" lon="139.701381">
        <name>49:39</name>
      </trkpt>
      <trkpt lat="35.691211" lon="139.701378">
        <name>49:40</name>
      </trkpt>
      <trkpt lat="35.691296" lon="139.701331">
        <name>49:41</name>
      </trkpt>
      <trkpt lat="35.691424" lon="139.701315">
        <name>49:42</name>
      </trkpt>
      <trkpt lat="35.691457" lon="139.701330">
        <name>49:43</name>
      </trkpt>
      <trkpt lat="35.691612" lon="139.701310">
        <name>49:44</name>
      </trkpt>
      <trkpt lat="35.691797" lon="139.701287">
        <name>49:45</name>
      </trkpt>
      <trkpt lat="35.691820" lon="139.701268">
        <name>49:46</name>
      </trkpt>
      <trkpt lat="35.691839" lon="139.701267">
        <name>49:47</name>
      </trkpt>
      <trkpt lat="35.691863" lon="139.701273">
        <name>49:48</name>
      </trkpt>
      <trkpt lat="35.691900" lon="139.701300">
        <name>49:49</name>
      </trkpt>
      <trkpt lat="35.691916" lon="139.701309">
        <name>49:50</name>
      </trkpt>
      <trkpt lat="35.691936" lon="139.701310">
        <name>49:51</name>
      </trkpt>
      <trkpt lat="35.691961" lon="139.701306">
        <name>49:52</name>
      </trkpt>
      <trkpt lat="35.692008" lon="139.701300">
        <name>49:53</name>
      </trkpt>
      <trkpt lat="35.692038" lon="139.701303">
        <name>49:54</name>
      </trkpt>
      <trkpt lat="35.692058" lon="139.701314">
        <name>49:55</name>
      </trkpt>
      <trkpt lat="35.692074" lon="139.701335">
        <name>49:56</name>
      </trkpt>
      <trkpt lat="35.692086" lon="139.701366">
        <name>49:57</name>
      </trkpt>
      <trkpt lat="35.692095" lon="139.701464">
        <name>49:58</name>
      </trkpt>
      <trkpt lat="35.692097" lon="139.701501">
        <name>49:59</name>
      </trkpt>
      <trkpt lat="35.692088" lon="139.701534">
        <name>50:00</name>
      </trkpt>
      <trkpt lat="35.692072" lon="139.701556">
        <name>50:01</name>
      </trkpt>
      <trkpt lat="35.692050" lon="139.701570">
        <name>50:02</name>
      </trkpt>
      <trkpt lat="35.692021" lon="139.701575">
        <name>50:03</name>
      </trkpt>
      <trkpt lat="35.691995" lon="139.701574">
        <name>50:04</name>
      </trkpt>
      <trkpt lat="35.691974" lon="139.701568">
        <name>50:05</name>
      </trkpt>
      <trkpt lat="35.691953" lon="139.701559">
        <name>50:06</name>
      </trkpt>
      <trkpt lat="35.691929" lon="139.701546">
        <name>50:07</name>
      </trkpt>
      <trkpt lat="35.691903" lon="139.701544">
        <name>50:08</name>
      </trkpt>
      <trkpt lat="35.691721" lon="139.701569">
        <name>50:09</name>
      </trkpt>
      <trkpt lat="35.691703" lon="139.701363">
        <name>50:10</name>
      </trkpt>
      <trkpt lat="35.691884" lon="139.701339">
        <name>50:11</name>
      </trkpt>
      <trkpt lat="35.691904" lon="139.701331">
        <name>50:12</name>
      </trkpt>
      <trkpt lat="35.691923" lon="139.701310">
        <name>50:13</name>
      </trkpt>
      <trkpt lat="35.691940" lon="139.701286">
        <name>50:14</name>
      </trkpt>
      <trkpt lat="35.691958" lon="139.701270">
        <name>50:15</name>
      </trkpt>
      <trkpt lat="35.691978" lon="139.701258">
        <name>50:16</name>
      </trkpt>
      <trkpt lat="35.692000" lon="139.701251">
        <name>50:17</name>
      </trkpt>
      <trkpt lat="35.692022" lon="139.701250">
        <name>50:18</name>
      </trkpt>
      <trkpt lat="35.692044" lon="139.701254">
        <name>50:19</name>
      </trkpt>
      <trkpt lat="35.692071" lon="139.701267">
        <name>50:20</name>
      </trkpt>
      <trkpt lat="35.692084" lon="139.701278">
        <name>50:21</name>
      </trkpt>
      <trkpt lat="35.692084" lon="139.701278">
        <name>50:22</name>
      </trkpt>
      <trkpt lat="35.692084" lon="139.701278">
        <name>50:23</name>
      </trkpt>
      <trkpt lat="35.692100" lon="139.701297">
        <name>50:24</name>
      </trkpt>
      <trkpt lat="35.692114" lon="139.701322">
        <name>50:25</name>
      </trkpt>
      <trkpt lat="35.692123" lon="139.701352">
        <name>50:26</name>
      </trkpt>
      <trkpt lat="35.692126" lon="139.701380">
        <name>50:27</name>
      </trkpt>
      <trkpt lat="35.692124" lon="139.701409">
        <name>50:28</name>
      </trkpt>
      <trkpt lat="35.692118" lon="139.701438">
        <name>50:29</name>
      </trkpt>
      <trkpt lat="35.692107" lon="139.701464">
        <name>50:30</name>
      </trkpt>
      <trkpt lat="35.692092" lon="139.701487">
        <name>50:31</name>
      </trkpt>
      <trkpt lat="35.692076" lon="139.701503">
        <name>50:32</name>
      </trkpt>
      <trkpt lat="35.692055" lon="139.701515">
        <name>50:33</name>
      </trkpt>
      <trkpt lat="35.692034" lon="139.701523">
        <name>50:34</name>
      </trkpt>
      <trkpt lat="35.692016" lon="139.701527">
        <name>50:35</name>
      </trkpt>
      <trkpt lat="35.691957" lon="139.701533">
        <name>50:36</name>
      </trkpt>
      <trkpt lat="35.691940" lon="139.701526">
        <name>50:37</name>
      </trkpt>
      <trkpt lat="35.691923" lon="139.701514">
        <name>50:38</name>
      </trkpt>
      <trkpt lat="35.691881" lon="139.701479">
        <name>50:39</name>
      </trkpt>
      <trkpt lat="35.691867" lon="139.701463">
        <name>50:40</name>
      </trkpt>
      <trkpt lat="35.691861" lon="139.701438">
        <name>50:41</name>
      </trkpt>
      <trkpt lat="35.691855" lon="139.701351">
        <name>50:42</name>
      </trkpt>
      <trkpt lat="35.691850" lon="139.701330">
        <name>50:43</name>
      </trkpt>
      <trkpt lat="35.691840" lon="139.701317">
        <name>50:44</name>
      </trkpt>
      <trkpt lat="35.691824" lon="139.701306">
        <name>50:45</name>
      </trkpt>
      <trkpt lat="35.691797" lon="139.701287">
        <name>50:46</name>
      </trkpt>
      <trkpt lat="35.691612" lon="139.701310">
        <name>50:47</name>
      </trkpt>
      <trkpt lat="35.691457" lon="139.701330">
        <name>50:48</name>
      </trkpt>
      <trkpt lat="35.691427" lon="139.701354">
        <name>50:49</name>
      </trkpt>
      <trkpt lat="35.691394" lon="139.701358">
        <name>50:50</name>
      </trkpt>
      <trkpt lat="35.691384" lon="139.701367">
        <name>50:51</name>
      </trkpt>
      <trkpt lat="35.691377" lon="139.701377">
        <name>50:52</name>
      </trkpt>
      <trkpt lat="35.691366" lon="139.701402">
        <name>50:53</name>
      </trkpt>
      <trkpt lat="35.691378" lon="139.701539">
        <name>50:54</name>
      </trkpt>
      <trkpt lat="35.691384" lon="139.701591">
        <name>50:55</name>
      </trkpt>
      <trkpt lat="35.691479" lon="139.701578">
        <name>50:56</name>
      </trkpt>
      <trkpt lat="35.691752" lon="139.701543">
        <name>50:57</name>
      </trkpt>
      <trkpt lat="35.691770" lon="139.701542">
        <name>50:58</name>
      </trkpt>
      <trkpt lat="35.691791" lon="139.701543">
        <name>50:59</name>
      </trkpt>
      <trkpt lat="35.691819" lon="139.701548">
        <name>51:00</name>
      </trkpt>
      <trkpt lat="35.691841" lon="139.701554">
        <name>51:01</name>
      </trkpt>
      <trkpt lat="35.691860" lon="139.701560">
        <name>51:02</name>
      </trkpt>
      <trkpt lat="35.691889" lon="139.701572">
        <name>51:03</name>
      </trkpt>
      <trkpt lat="35.691909" lon="139.701582">
        <name>51:04</name>
      </trkpt>
      <trkpt lat="35.692090" lon="139.701686">
        <name>51:05</name>
      </trkpt>
      <trkpt lat="35.692133" lon="139.701710">
        <name>51:06</name>
      </trkpt>
      <trkpt lat="35.692228" lon="139.701759">
        <name>51:07</name>
      </trkpt>
      <trkpt lat="35.692251" lon="139.701771">
        <name>51:08</name>
      </trkpt>
      <trkpt lat="35.692324" lon="139.701685">
        <name>51:09</name>
      </trkpt>
      <trkpt lat="35.692335" lon="139.701685">
        <name>51:10</name>
      </trkpt>
      <trkpt lat="35.692401" lon="139.701685">
        <name>51:11</name>
      </trkpt>
      <trkpt lat="35.692410" lon="139.701685">
        <name>51:12</name>
      </trkpt>
      <trkpt lat="35.692414" lon="139.701685">
        <name>51:13</name>
      </trkpt>
      <trkpt lat="35.692791" lon="139.701910">
        <name>51:14</name>
      </trkpt>
      <trkpt lat="35.692847" lon="139.701947">
        <name>51:15</name>
      </trkpt>
      <trkpt lat="35.692825" lon="139.702008">
        <name>51:16</name>
      </trkpt>
      <trkpt lat="35.692792" lon="139.702085">
        <name>51:17</name>
      </trkpt>
      <trkpt lat="35.692761" lon="139.702064">
        <name>51:18</name>
      </trkpt>
      <trkpt lat="35.692746" lon="139.702055">
        <name>51:19</name>
      </trkpt>
      <trkpt lat="35.692746" lon="139.702055">
        <name>51:20</name>
      </trkpt>
      <trkpt lat="35.692746" lon="139.702055">
        <name>51:21</name>
      </trkpt>
      <trkpt lat="35.692746" lon="139.702055">
        <name>51:22</name>
      </trkpt>
      <trkpt lat="35.692761" lon="139.702064">
        <name>51:23</name>
      </trkpt>
      <trkpt lat="35.692792" lon="139.702085">
        <name>51:24</name>
      </trkpt>
      <trkpt lat="35.692825" lon="139.702008">
        <name>51:25</name>
      </trkpt>
      <trkpt lat="35.692847" lon="139.701947">
        <name>51:26</name>
      </trkpt>
      <trkpt lat="35.692960" lon="139.701425">
        <name>51:27</name>
      </trkpt>
      <trkpt lat="35.693010" lon="139.701196">
        <name>51:28</name>
      </trkpt>
      <trkpt lat="35.693016" lon="139.701171">
        <name>51:29</name>
      </trkpt>
      <trkpt lat="35.693029" lon="139.701111">
        <name>51:30</name>
      </trkpt>
      <trkpt lat="35.693006" lon="139.701060">
        <name>51:31</name>
      </trkpt>
      <trkpt lat="35.692845" lon="139.700971">
        <name>51:32</name>
      </trkpt>
      <trkpt lat="35.692609" lon="139.700841">
        <name>51:33</name>
      </trkpt>
      <trkpt lat="35.692587" lon="139.700847">
        <name>51:34</name>
      </trkpt>
      <trkpt lat="35.692562" lon="139.700854">
        <name>51:35</name>
      </trkpt>
      <trkpt lat="35.692461" lon="139.700832">
        <name>51:36</name>
      </trkpt>
      <trkpt lat="35.692472" lon="139.700719">
        <name>51:37</name>
      </trkpt>
      <trkpt lat="35.692484" lon="139.700696">
        <name>51:38</name>
      </trkpt>
      <trkpt lat="35.692498" lon="139.700667">
        <name>51:39</name>
      </trkpt>
      <trkpt lat="35.692518" lon="139.700632">
        <name>51:40</name>
      </trkpt>
      <trkpt lat="35.692544" lon="139.700596">
        <name>51:41</name>
      </trkpt>
      <trkpt lat="35.692581" lon="139.700558">
        <name>51:42</name>
      </trkpt>
      <trkpt lat="35.692627" lon="139.700524">
        <name>51:43</name>
      </trkpt>
      <trkpt lat="35.692665" lon="139.700501">
        <name>51:44</name>
      </trkpt>
      <trkpt lat="35.692705" lon="139.700480">
        <name>51:45</name>
      </trkpt>
      <trkpt lat="35.692847" lon="139.700417">
        <name>51:46</name>
      </trkpt>
      <trkpt lat="35.692877" lon="139.700405">
        <name>51:47</name>
      </trkpt>
      <trkpt lat="35.692923" lon="139.700388">
        <name>51:48</name>
      </trkpt>
      <trkpt lat="35.692973" lon="139.700375">
        <name>51:49</name>
      </trkpt>
      <trkpt lat="35.693228" lon="139.700315">
        <name>51:50</name>
      </trkpt>
      <trkpt lat="35.693271" lon="139.700305">
        <name>51:51</name>
      </trkpt>
      <trkpt lat="35.693339" lon="139.700292">
        <name>51:52</name>
      </trkpt>
      <trkpt lat="35.693390" lon="139.700297">
        <name>51:53</name>
      </trkpt>
      <trkpt lat="35.693436" lon="139.700314">
        <name>51:54</name>
      </trkpt>
      <trkpt lat="35.693492" lon="139.700355">
        <name>51:55</name>
      </trkpt>
      <trkpt lat="35.693554" lon="139.700405">
        <name>51:56</name>
      </trkpt>
      <trkpt lat="35.693616" lon="139.700440">
        <name>51:57</name>
      </trkpt>
      <trkpt lat="35.693670" lon="139.700478">
        <name>51:58</name>
      </trkpt>
      <trkpt lat="35.693714" lon="139.700516">
        <name>51:59</name>
      </trkpt>
      <trkpt lat="35.693750" lon="139.700549">
        <name>52:00</name>
      </trkpt>
      <trkpt lat="35.693765" lon="139.700561">
        <name>52:01</name>
      </trkpt>
      <trkpt lat="35.693784" lon="139.700571">
        <name>52:02</name>
      </trkpt>
      <trkpt lat="35.693802" lon="139.700574">
        <name>52:03</name>
      </trkpt>
      <trkpt lat="35.693803" lon="139.700668">
        <name>52:04</name>
      </trkpt>
      <trkpt lat="35.693796" lon="139.700727">
        <name>52:05</name>
      </trkpt>
      <trkpt lat="35.693765" lon="139.700870">
        <name>52:06</name>
      </trkpt>
      <trkpt lat="35.693751" lon="139.700932">
        <name>52:07</name>
      </trkpt>
      <trkpt lat="35.693739" lon="139.700988">
        <name>52:08</name>
      </trkpt>
      <trkpt lat="35.693670" lon="139.701285">
        <name>52:09</name>
      </trkpt>
      <trkpt lat="35.693652" lon="139.701365">
        <name>52:10</name>
      </trkpt>
      <trkpt lat="35.693624" lon="139.701489">
        <name>52:11</name>
      </trkpt>
      <trkpt lat="35.693615" lon="139.701532">
        <name>52:12</name>
      </trkpt>
      <trkpt lat="35.693466" lon="139.702213">
        <name>52:13</name>
      </trkpt>
      <trkpt lat="35.693447" lon="139.702298">
        <name>52:14</name>
      </trkpt>
      <trkpt lat="35.693431" lon="139.702368">
        <name>52:15</name>
      </trkpt>
      <trkpt lat="35.693378" lon="139.702606">
        <name>52:16</name>
      </trkpt>
      <trkpt lat="35.693378" lon="139.702606">
        <name>52:17</name>
      </trkpt>
      <trkpt lat="35.693334" lon="139.702804">
        <name>52:18</name>
      </trkpt>
      <trkpt lat="35.693424" lon="139.702848">
        <name>52:19</name>
      </trkpt>
      <trkpt lat="35.693446" lon="139.702853">
        <name>52:20</name>
      </trkpt>
      <trkpt lat="35.693463" lon="139.702862">
        <name>52:21</name>
      </trkpt>
      <trkpt lat="35.693646" lon="139.702953">
        <name>52:22</name>
      </trkpt>
      <trkpt lat="35.694054" lon="139.703160">
        <name>52:23</name>
      </trkpt>
      <trkpt lat="35.694365" lon="139.703324">
        <name>52:24</name>
      </trkpt>
      <trkpt lat="35.694470" lon="139.703376">
        <name>52:25</name>
      </trkpt>
      <trkpt lat="35.694515" lon="139.703190">
        <name>52:26</name>
      </trkpt>
      <trkpt lat="35.694521" lon="139.703164">
        <name>52:27</name>
      </trkpt>
      <trkpt lat="35.694596" lon="139.702853">
        <name>52:28</name>
      </trkpt>
      <trkpt lat="35.694372" lon="139.702743">
        <name>52:29</name>
      </trkpt>
      <trkpt lat="35.694372" lon="139.702743">
        <name>52:30</name>
      </trkpt>
      <trkpt lat="35.694178" lon="139.702647">
        <name>52:31</name>
      </trkpt>
      <trkpt lat="35.693891" lon="139.702509">
        <name>52:32</name>
      </trkpt>
      <trkpt lat="35.693592" lon="139.702363">
        <name>52:33</name>
      </trkpt>
      <trkpt lat="35.693592" lon="139.702363">
        <name>52:34</name>
      </trkpt>
      <trkpt lat="35.693583" lon="139.702358">
        <name>52:35</name>
      </trkpt>
      <trkpt lat="35.693578" lon="139.702356">
        <name>52:36</name>
      </trkpt>
      <trkpt lat="35.693541" lon="139.702337">
        <name>52:37</name>
      </trkpt>
      <trkpt lat="35.693447" lon="139.702298">
        <name>52:38</name>
      </trkpt>
      <trkpt lat="35.693431" lon="139.702368">
        <name>52:39</name>
      </trkpt>
      <trkpt lat="35.693334" lon="139.702804">
        <name>52:40</name>
      </trkpt>
      <trkpt lat="35.693193" lon="139.703294">
        <name>52:41</name>
      </trkpt>
      <trkpt lat="35.693174" lon="139.703362">
        <name>52:42</name>
      </trkpt>
      <trkpt lat="35.693141" lon="139.703482">
        <name>52:43</name>
      </trkpt>
      <trkpt lat="35.693021" lon="139.703427">
        <name>52:44</name>
      </trkpt>
      <trkpt lat="35.693054" lon="139.703311">
        <name>52:45</name>
      </trkpt>
      <trkpt lat="35.693066" lon="139.703265">
        <name>52:46</name>
      </trkpt>
      <trkpt lat="35.693196" lon="139.702808">
        <name>52:47</name>
      </trkpt>
      <trkpt lat="35.693224" lon="139.702686">
        <name>52:48</name>
      </trkpt>
      <trkpt lat="35.693290" lon="139.702404">
        <name>52:49</name>
      </trkpt>
      <trkpt lat="35.693308" lon="139.702326">
        <name>52:50</name>
      </trkpt>
      <trkpt lat="35.693326" lon="139.702246">
        <name>52:51</name>
      </trkpt>
      <trkpt lat="35.693453" lon="139.701673">
        <name>52:52</name>
      </trkpt>
      <trkpt lat="35.693473" lon="139.701582">
        <name>52:53</name>
      </trkpt>
      <trkpt lat="35.693493" lon="139.701491">
        <name>52:54</name>
      </trkpt>
      <trkpt lat="35.693518" lon="139.701379">
        <name>52:55</name>
      </trkpt>
      <trkpt lat="35.693528" lon="139.701329">
        <name>52:56</name>
      </trkpt>
      <trkpt lat="35.693598" lon="139.700967">
        <name>52:57</name>
      </trkpt>
      <trkpt lat="35.693609" lon="139.700904">
        <name>52:58</name>
      </trkpt>
      <trkpt lat="35.693618" lon="139.700846">
        <name>52:59</name>
      </trkpt>
      <trkpt lat="35.693624" lon="139.700799">
        <name>53:00</name>
      </trkpt>
      <trkpt lat="35.693625" lon="139.700754">
        <name>53:01</name>
      </trkpt>
      <trkpt lat="35.693624" lon="139.700713">
        <name>53:02</name>
      </trkpt>
      <trkpt lat="35.693619" lon="139.700669">
        <name>53:03</name>
      </trkpt>
      <trkpt lat="35.693600" lon="139.700587">
        <name>53:04</name>
      </trkpt>
      <trkpt lat="35.693554" lon="139.700405">
        <name>53:05</name>
      </trkpt>
      <trkpt lat="35.693489" lon="139.700380">
        <name>53:06</name>
      </trkpt>
      <trkpt lat="35.693438" lon="139.700366">
        <name>53:07</name>
      </trkpt>
      <trkpt lat="35.693391" lon="139.700363">
        <name>53:08</name>
      </trkpt>
      <trkpt lat="35.693350" lon="139.700366">
        <name>53:09</name>
      </trkpt>
      <trkpt lat="35.693281" lon="139.700379">
        <name>53:10</name>
      </trkpt>
      <trkpt lat="35.693186" lon="139.700402">
        <name>53:11</name>
      </trkpt>
      <trkpt lat="35.692956" lon="139.700460">
        <name>53:12</name>
      </trkpt>
      <trkpt lat="35.692926" lon="139.700469">
        <name>53:13</name>
      </trkpt>
      <trkpt lat="35.692898" lon="139.700478">
        <name>53:14</name>
      </trkpt>
      <trkpt lat="35.692866" lon="139.700489">
        <name>53:15</name>
      </trkpt>
      <trkpt lat="35.692758" lon="139.700539">
        <name>53:16</name>
      </trkpt>
      <trkpt lat="35.692718" lon="139.700557">
        <name>53:17</name>
      </trkpt>
      <trkpt lat="35.692681" lon="139.700577">
        <name>53:18</name>
      </trkpt>
      <trkpt lat="35.692645" lon="139.700600">
        <name>53:19</name>
      </trkpt>
      <trkpt lat="35.692612" lon="139.700629">
        <name>53:20</name>
      </trkpt>
      <trkpt lat="35.692586" lon="139.700657">
        <name>53:21</name>
      </trkpt>
      <trkpt lat="35.692562" lon="139.700686">
        <name>53:22</name>
      </trkpt>
      <trkpt lat="35.692549" lon="139.700707">
        <name>53:23</name>
      </trkpt>
      <trkpt lat="35.692539" lon="139.700727">
        <name>53:24</name>
      </trkpt>
      <trkpt lat="35.692527" lon="139.700752">
        <name>53:25</name>
      </trkpt>
      <trkpt lat="35.692461" lon="139.700832">
        <name>53:26</name>
      </trkpt>
      <trkpt lat="35.692439" lon="139.700932">
        <name>53:27</name>
      </trkpt>
      <trkpt lat="35.692428" lon="139.700984">
        <name>53:28</name>
      </trkpt>
      <trkpt lat="35.692292" lon="139.701616">
        <name>53:29</name>
      </trkpt>
      <trkpt lat="35.692281" lon="139.701665">
        <name>53:30</name>
      </trkpt>
      <trkpt lat="35.692251" lon="139.701771">
        <name>53:31</name>
      </trkpt>
      <trkpt lat="35.692324" lon="139.701685">
        <name>53:32</name>
      </trkpt>
      <trkpt lat="35.692335" lon="139.701685">
        <name>53:33</name>
      </trkpt>
      <trkpt lat="35.692401" lon="139.701685">
        <name>53:34</name>
      </trkpt>
      <trkpt lat="35.692410" lon="139.701685">
        <name>53:35</name>
      </trkpt>
      <trkpt lat="35.692414" lon="139.701685">
        <name>53:36</name>
      </trkpt>
      <trkpt lat="35.692772" lon="139.701899">
        <name>53:37</name>
      </trkpt>
      <trkpt lat="35.692772" lon="139.701899">
        <name>53:38</name>
      </trkpt>
      <trkpt lat="35.692791" lon="139.701910">
        <name>53:39</name>
      </trkpt>
      <trkpt lat="35.692847" lon="139.701947">
        <name>53:40</name>
      </trkpt>
      <trkpt lat="35.692960" lon="139.701425">
        <name>53:41</name>
      </trkpt>
      <trkpt lat="35.693010" lon="139.701196">
        <name>53:42</name>
      </trkpt>
      <trkpt lat="35.693016" lon="139.701171">
        <name>53:43</name>
      </trkpt>
      <trkpt lat="35.693029" lon="139.701111">
        <name>53:44</name>
      </trkpt>
      <trkpt lat="35.693006" lon="139.701060">
        <name>53:45</name>
      </trkpt>
      <trkpt lat="35.692845" lon="139.700971">
        <name>53:46</name>
      </trkpt>
      <trkpt lat="35.692609" lon="139.700841">
        <name>53:47</name>
      </trkpt>
      <trkpt lat="35.692587" lon="139.700847">
        <name>53:48</name>
      </trkpt>
      <trkpt lat="35.692562" lon="139.700854">
        <name>53:49</name>
      </trkpt>
      <trkpt lat="35.692461" lon="139.700832">
        <name>53:50</name>
      </trkpt>
      <trkpt lat="35.692439" lon="139.700932">
        <name>53:51</name>
      </trkpt>
      <trkpt lat="35.692428" lon="139.700984">
        <name>53:52</name>
      </trkpt>
      <trkpt lat="35.692292" lon="139.701616">
        <name>53:53</name>
      </trkpt>
      <trkpt lat="35.692281" lon="139.701665">
        <name>53:54</name>
      </trkpt>
      <trkpt lat="35.692251" lon="139.701771">
        <name>53:55</name>
      </trkpt>
      <trkpt lat="35.692228" lon="139.701759">
        <name>53:56</name>
      </trkpt>
      <trkpt lat="35.692133" lon="139.701710">
        <name>53:57</name>
      </trkpt>
      <trkpt lat="35.692090" lon="139.701686">
        <name>53:58</name>
      </trkpt>
      <trkpt lat="35.691909" lon="139.701582">
        <name>53:59</name>
      </trkpt>
      <trkpt lat="35.691889" lon="139.701572">
        <name>54:00</name>
      </trkpt>
      <trkpt lat="35.691860" lon="139.701560">
        <name>54:01</name>
      </trkpt>
      <trkpt lat="35.691841" lon="139.701554">
        <name>54:02</name>
      </trkpt>
      <trkpt lat="35.691819" lon="139.701548">
        <name>54:03</name>
      </trkpt>
      <trkpt lat="35.691791" lon="139.701543">
        <name>54:04</name>
      </trkpt>
      <trkpt lat="35.691770" lon="139.701542">
        <name>54:05</name>
      </trkpt>
      <trkpt lat="35.691752" lon="139.701543">
        <name>54:06</name>
      </trkpt>
      <trkpt lat="35.691479" lon="139.701578">
        <name>54:07</name>
      </trkpt>
      <trkpt lat="35.691384" lon="139.701591">
        <name>54:08</name>
      </trkpt>
      <trkpt lat="35.691358" lon="139.701613">
        <name>54:09</name>
      </trkpt>
      <trkpt lat="35.691289" lon="139.701625">
        <name>54:10</name>
      </trkpt>
      <trkpt lat="35.691251" lon="139.701630">
        <name>54:11</name>
      </trkpt>
      <trkpt lat="35.691206" lon="139.701636">
        <name>54:12</name>
      </trkpt>
      <trkpt lat="35.691141" lon="139.701634">
        <name>54:13</name>
      </trkpt>
      <trkpt lat="35.690963" lon="139.701658">
        <name>54:14</name>
      </trkpt>
      <trkpt lat="35.690904" lon="139.701665">
        <name>54:15</name>
      </trkpt>
      <trkpt lat="35.690862" lon="139.701671">
        <name>54:16</name>
      </trkpt>
      <trkpt lat="35.690838" lon="139.701672">
        <name>54:17</name>
      </trkpt>
      <trkpt lat="35.690817" lon="139.701664">
        <name>54:18</name>
      </trkpt>
      <trkpt lat="35.690791" lon="139.701630">
        <name>54:19</name>
      </trkpt>
      <trkpt lat="35.690721" lon="139.701487">
        <name>54:20</name>
      </trkpt>
      <trkpt lat="35.690787" lon="139.701435">
        <name>54:21</name>
      </trkpt>
      <trkpt lat="35.690816" lon="139.701422">
        <name>54:22</name>
      </trkpt>
      <trkpt lat="35.690842" lon="139.701419">
        <name>54:23</name>
      </trkpt>
      <trkpt lat="35.690871" lon="139.701414">
        <name>54:24</name>
      </trkpt>
      <trkpt lat="35.690910" lon="139.701415">
        <name>54:25</name>
      </trkpt>
      <trkpt lat="35.691129" lon="139.701388">
        <name>54:26</name>
      </trkpt>
      <trkpt lat="35.691185" lon="139.701381">
        <name>54:27</name>
      </trkpt>
      <trkpt lat="35.691211" lon="139.701378">
        <name>54:28</name>
      </trkpt>
      <trkpt lat="35.691296" lon="139.701331">
        <name>54:29</name>
      </trkpt>
      <trkpt lat="35.691424" lon="139.701315">
        <name>54:30</name>
      </trkpt>
      <trkpt lat="35.691457" lon="139.701330">
        <name>54:31</name>
      </trkpt>
      <trkpt lat="35.691612" lon="139.701310">
        <name>54:32</name>
      </trkpt>
      <trkpt lat="35.691797" lon="139.701287">
        <name>54:33</name>
      </trkpt>
      <trkpt lat="35.691820" lon="139.701268">
        <name>54:34</name>
      </trkpt>
      <trkpt lat="35.691839" lon="139.701267">
        <name>54:35</name>
      </trkpt>
      <trkpt lat="35.691863" lon="139.701273">
        <name>54:36</name>
      </trkpt>
      <trkpt lat="35.691900" lon="139.701300">
        <name>54:37</name>
      </trkpt>
      <trkpt lat="35.691916" lon="139.701309">
        <name>54:38</name>
      </trkpt>
      <trkpt lat="35.691936" lon="139.701310">
        <name>54:39</name>
      </trkpt>
      <trkpt lat="35.691961" lon="139.701306">
        <name>54:40</name>
      </trkpt>
      <trkpt lat="35.692008" lon="139.701300">
        <name>54:41</name>
      </trkpt>
      <trkpt lat="35.692038" lon="139.701303">
        <name>54:42</name>
      </trkpt>
      <trkpt lat="35.692058" lon="139.701314">
        <name>54:43</name>
      </trkpt>
      <trkpt lat="35.692074" lon="139.701335">
        <name>54:44</name>
      </trkpt>
      <trkpt lat="35.692086" lon="139.701366">
        <name>54:45</name>
      </trkpt>
      <trkpt lat="35.692095" lon="139.701464">
        <name>54:46</name>
      </trkpt>
      <trkpt lat="35.692097" lon="139.701501">
        <name>54:47</name>
      </trkpt>
      <trkpt lat="35.692088" lon="139.701534">
        <name>54:48</name>
      </trkpt>
      <trkpt lat="35.692072" lon="139.701556">
        <name>54:49</name>
      </trkpt>
      <trkpt lat="35.692050" lon="139.701570">
        <name>54:50</name>
      </trkpt>
      <trkpt lat="35.692021" lon="139.701575">
        <name>54:51</name>
      </trkpt>
      <trkpt lat="35.691995" lon="139.701574">
        <name>54:52</name>
      </trkpt>
      <trkpt lat="35.691974" lon="139.701568">
        <name>54:53</name>
      </trkpt>
      <trkpt lat="35.691953" lon="139.701559">
        <name>54:54</name>
      </trkpt>
      <trkpt lat="35.691929" lon="139.701546">
        <name>54:55</name>
      </trkpt>
      <trkpt lat="35.691903" lon="139.701544">
        <name>54:56</name>
      </trkpt>
      <trkpt lat="35.691721" lon="139.701569">
        <name>54:57</name>
      </trkpt>
      <trkpt lat="35.691703" lon="139.701363">
        <name>54:58</name>
      </trkpt>
      <trkpt lat="35.691884" lon="139.701339">
        <name>54:59</name>
      </trkpt>
      <trkpt lat="35.691904" lon="139.701331">
        <name>55:00</name>
      </trkpt>
      <trkpt lat="35.691923" lon="139.701310">
        <name>55:01</name>
      </trkpt>
      <trkpt lat="35.691940" lon="139.701286">
        <name>55:02</name>
      </trkpt>
      <trkpt lat="35.691958" lon="139.701270">
        <name>55:03</name>
      </trkpt>
      <trkpt lat="35.691978" lon="139.701258">
        <name>55:04</name>
      </trkpt>
      <trkpt lat="35.692000" lon="139.701251">
        <name>55:05</name>
      </trkpt>
      <trkpt lat="35.692022" lon="139.701250">
        <name>55:06</name>
      </trkpt>
      <trkpt lat="35.692044" lon="139.701254">
        <name>55:07</name>
      </trkpt>
      <trkpt lat="35.692071" lon="139.701267">
        <name>55:08</name>
      </trkpt>
      <trkpt lat="35.692084" lon="139.701278">
        <name>55:09</name>
      </trkpt>
      <trkpt lat="35.692100" lon="139.701297">
        <name>55:10</name>
      </trkpt>
      <trkpt lat="35.692114" lon="139.701322">
        <name>55:11</name>
      </trkpt>
      <trkpt lat="35.692123" lon="139.701352">
        <name>55:12</name>
      </trkpt>
      <trkpt lat="35.692126" lon="139.701380">
        <name>55:13</name>
      </trkpt>
      <trkpt lat="35.692124" lon="139.701409">
        <name>55:14</name>
      </trkpt>
      <trkpt lat="35.692118" lon="139.701438">
        <name>55:15</name>
      </trkpt>
      <trkpt lat="35.692107" lon="139.701464">
        <name>55:16</name>
      </trkpt>
      <trkpt lat="35.692092" lon="139.701487">
        <name>55:17</name>
      </trkpt>
      <trkpt lat="35.692076" lon="139.701503">
        <name>55:18</name>
      </trkpt>
      <trkpt lat="35.692055" lon="139.701515">
        <name>55:19</name>
      </trkpt>
      <trkpt lat="35.692034" lon="139.701523">
        <name>55:20</name>
      </trkpt>
      <trkpt lat="35.692012" lon="139.701525">
        <name>55:21</name>
      </trkpt>
      <trkpt lat="35.691991" lon="139.701522">
        <name>55:22</name>
      </trkpt>
      <trkpt lat="35.691970" lon="139.701513">
        <name>55:23</name>
      </trkpt>
      <trkpt lat="35.691951" lon="139.701500">
        <name>55:24</name>
      </trkpt>
      <trkpt lat="35.691941" lon="139.701489">
        <name>55:25</name>
      </trkpt>
      <trkpt lat="35.691941" lon="139.701489">
        <name>55:26</name>
      </trkpt>
      <trkpt lat="35.691934" lon="139.701482">
        <name>55:27</name>
      </trkpt>
      <trkpt lat="35.691919" lon="139.701457">
        <name>55:28</name>
      </trkpt>
      <trkpt lat="35.691909" lon="139.701429">
        <name>55:29</name>
      </trkpt>
      <trkpt lat="35.691904" lon="139.701398">
        <name>55:30</name>
      </trkpt>
      <trkpt lat="35.691905" lon="139.701367">
        <name>55:31</name>
      </trkpt>
      <trkpt lat="35.691911" lon="139.701337">
        <name>55:32</name>
      </trkpt>
      <trkpt lat="35.691923" lon="139.701310">
        <name>55:33</name>
      </trkpt>
      <trkpt lat="35.691940" lon="139.701286">
        <name>55:34</name>
      </trkpt>
      <trkpt lat="35.691958" lon="139.701270">
        <name>55:35</name>
      </trkpt>
      <trkpt lat="35.691978" lon="139.701258">
        <name>55:36</name>
      </trkpt>
      <trkpt lat="35.692000" lon="139.701251">
        <name>55:37</name>
      </trkpt>
      <trkpt lat="35.692022" lon="139.701250">
        <name>55:38</name>
      </trkpt>
      <trkpt lat="35.692044" lon="139.701254">
        <name>55:39</name>
      </trkpt>
      <trkpt lat="35.692071" lon="139.701267">
        <name>55:40</name>
      </trkpt>
      <trkpt lat="35.692084" lon="139.701278">
        <name>55:41</name>
      </trkpt>
      <trkpt lat="35.692100" lon="139.701297">
        <name>55:42</name>
      </trkpt>
      <trkpt lat="35.692114" lon="139.701322">
        <name>55:43</name>
      </trkpt>
      <trkpt lat="35.692123" lon="139.701352">
        <name>55:44</name>
      </trkpt>
      <trkpt lat="35.692126" lon="139.701380">
        <name>55:45</name>
      </trkpt>
      <trkpt lat="35.692124" lon="139.701409">
        <name>55:46</name>
      </trkpt>
      <trkpt lat="35.692118" lon="139.701438">
        <name>55:47</name>
      </trkpt>
      <trkpt lat="35.692107" lon="139.701464">
        <name>55:48</name>
      </trkpt>
      <trkpt lat="35.692092" lon="139.701487">
        <name>55:49</name>
      </trkpt>
      <trkpt lat="35.692076" lon="139.701503">
        <name>55:50</name>
      </trkpt>
      <trkpt lat="35.692055" lon="139.701515">
        <name>55:51</name>
      </trkpt>
      <trkpt lat="35.692034" lon="139.701523">
        <name>55:52</name>
      </trkpt>
      <trkpt lat="35.692016" lon="139.701527">
        <name>55:53</name>
      </trkpt>
      <trkpt lat="35.691957" lon="139.701533">
        <name>55:54</name>
      </trkpt>
      <trkpt lat="35.691940" lon="139.701526">
        <name>55:55</name>
      </trkpt>
      <trkpt lat="35.691923" lon="139.701514">
        <name>55:56</name>
      </trkpt>
      <trkpt lat="35.691881" lon="139.701479">
        <name>55:57</name>
      </trkpt>
      <trkpt lat="35.691867" lon="139.701463">
        <name>55:58</name>
      </trkpt>
      <trkpt lat="35.691861" lon="139.701438">
        <name>55:59</name>
      </trkpt>
      <trkpt lat="35.691855" lon="139.701351">
        <name>56:00</name>
      </trkpt>
      <trkpt lat="35.691850" lon="139.701330">
        <name>56:01</name>
      </trkpt>
      <trkpt lat="35.691840" lon="139.701317">
        <name>56:02</name>
      </trkpt>
      <trkpt lat="35.691824" lon="139.701306">
        <name>56:03</name>
      </trkpt>
      <trkpt lat="35.691797" lon="139.701287">
        <name>56:04</name>
      </trkpt>
      <trkpt lat="35.691612" lon="139.701310">
        <name>56:05</name>
      </trkpt>
      <trkpt lat="35.691457" lon="139.701330">
        <name>56:06</name>
      </trkpt>
      <trkpt lat="35.691427" lon="139.701354">
        <name>56:07</name>
      </trkpt>
      <trkpt lat="35.691394" lon="139.701358">
        <name>56:08</name>
      </trkpt>
      <trkpt lat="35.691384" lon="139.701367">
        <name>56:09</name>
      </trkpt>
      <trkpt lat="35.691377" lon="139.701377">
        <name>56:10</name>
      </trkpt>
      <trkpt lat="35.691366" lon="139.701402">
        <name>56:11</name>
      </trkpt>
      <trkpt lat="35.691378" lon="139.701539">
        <name>56:12</name>
      </trkpt>
      <trkpt lat="35.691384" lon="139.701591">
        <name>56:13</name>
      </trkpt>
      <trkpt lat="35.691358" lon="139.701613">
        <name>56:14</name>
      </trkpt>
      <trkpt lat="35.691344" lon="139.701705">
        <name>56:15</name>
      </trkpt>
      <trkpt lat="35.691315" lon="139.701896">
        <name>56:16</name>
      </trkpt>
      <trkpt lat="35.691654" lon="139.702086">
        <name>56:17</name>
      </trkpt>
      <trkpt lat="35.691704" lon="139.701953">
        <name>56:18</name>
      </trkpt>
      <trkpt lat="35.691704" lon="139.701953">
        <name>56:19</name>
      </trkpt>
      <trkpt lat="35.691654" lon="139.702086">
        <name>56:20</name>
      </trkpt>
      <trkpt lat="35.691611" lon="139.702062">
        <name>56:21</name>
      </trkpt>
      <trkpt lat="35.691611" lon="139.702062">
        <name>56:22</name>
      </trkpt>
      <trkpt lat="35.691654" lon="139.702086">
        <name>56:23</name>
      </trkpt>
      <trkpt lat="35.691654" lon="139.702086">
        <name>56:24</name>
      </trkpt>
      <trkpt lat="35.691654" lon="139.702086">
        <name>56:25</name>
      </trkpt>
      <trkpt lat="35.691807" lon="139.701678">
        <name>56:26</name>
      </trkpt>
      <trkpt lat="35.691841" lon="139.701554">
        <name>56:27</name>
      </trkpt>
      <trkpt lat="35.691860" lon="139.701560">
        <name>56:28</name>
      </trkpt>
      <trkpt lat="35.691889" lon="139.701572">
        <name>56:29</name>
      </trkpt>
      <trkpt lat="35.691909" lon="139.701582">
        <name>56:30</name>
      </trkpt>
      <trkpt lat="35.692090" lon="139.701686">
        <name>56:31</name>
      </trkpt>
      <trkpt lat="35.692133" lon="139.701710">
        <name>56:32</name>
      </trkpt>
      <trkpt lat="35.692228" lon="139.701759">
        <name>56:33</name>
      </trkpt>
      <trkpt lat="35.692251" lon="139.701771">
        <name>56:34</name>
      </trkpt>
      <trkpt lat="35.692242" lon="139.701796">
        <name>56:35</name>
      </trkpt>
      <trkpt lat="35.692228" lon="139.701836">
        <name>56:36</name>
      </trkpt>
      <trkpt lat="35.692208" lon="139.701887">
        <name>56:37</name>
      </trkpt>
      <trkpt lat="35.692186" lon="139.701939">
        <name>56:38</name>
      </trkpt>
      <trkpt lat="35.692141" lon="139.702040">
        <name>56:39</name>
      </trkpt>
      <trkpt lat="35.691960" lon="139.702442">
        <name>56:40</name>
      </trkpt>
      <trkpt lat="35.691934" lon="139.702502">
        <name>56:41</name>
      </trkpt>
      <trkpt lat="35.691933" lon="139.702504">
        <name>56:42</name>
      </trkpt>
      <trkpt lat="35.691933" lon="139.702504">
        <name>56:43</name>
      </trkpt>
      <trkpt lat="35.691916" lon="139.702543">
        <name>56:44</name>
      </trkpt>
      <trkpt lat="35.691906" lon="139.702564">
        <name>56:45</name>
      </trkpt>
      <trkpt lat="35.691906" lon="139.702564">
        <name>56:46</name>
      </trkpt>
      <trkpt lat="35.691916" lon="139.702543">
        <name>56:47</name>
      </trkpt>
      <trkpt lat="35.691934" lon="139.702502">
        <name>56:48</name>
      </trkpt>
      <trkpt lat="35.691960" lon="139.702442">
        <name>56:49</name>
      </trkpt>
      <trkpt lat="35.692141" lon="139.702040">
        <name>56:50</name>
      </trkpt>
      <trkpt lat="35.692186" lon="139.701939">
        <name>56:51</name>
      </trkpt>
      <trkpt lat="35.692208" lon="139.701887">
        <name>56:52</name>
      </trkpt>
      <trkpt lat="35.692228" lon="139.701836">
        <name>56:53</name>
      </trkpt>
      <trkpt lat="35.692242" lon="139.701796">
        <name>56:54</name>
      </trkpt>
      <trkpt lat="35.692251" lon="139.701771">
        <name>56:55</name>
      </trkpt>
      <trkpt lat="35.692324" lon="139.701685">
        <name>56:56</name>
      </trkpt>
      <trkpt lat="35.692335" lon="139.701685">
        <name>56:57</name>
      </trkpt>
      <trkpt lat="35.692401" lon="139.701685">
        <name>56:58</name>
      </trkpt>
      <trkpt lat="35.692410" lon="139.701685">
        <name>56:59</name>
      </trkpt>
      <trkpt lat="35.692414" lon="139.701685">
        <name>57:00</name>
      </trkpt>
      <trkpt lat="35.692791" lon="139.701910">
        <name>57:01</name>
      </trkpt>
      <trkpt lat="35.692847" lon="139.701947">
        <name>57:02</name>
      </trkpt>
      <trkpt lat="35.692825" lon="139.702008">
        <name>57:03</name>
      </trkpt>
      <trkpt lat="35.692792" lon="139.702085">
        <name>57:04</name>
      </trkpt>
      <trkpt lat="35.692736" lon="139.702218">
        <name>57:05</name>
      </trkpt>
      <trkpt lat="35.692729" lon="139.702237">
        <name>57:06</name>
      </trkpt>
      <trkpt lat="35.692715" lon="139.702273">
        <name>57:07</name>
      </trkpt>
      <trkpt lat="35.692681" lon="139.702364">
        <name>57:08</name>
      </trkpt>
      <trkpt lat="35.692645" lon="139.702459">
        <name>57:09</name>
      </trkpt>
      <trkpt lat="35.692633" lon="139.702491">
        <name>57:10</name>
      </trkpt>
      <trkpt lat="35.692626" lon="139.702509">
        <name>57:11</name>
      </trkpt>
      <trkpt lat="35.692511" lon="139.702785">
        <name>57:12</name>
      </trkpt>
      <trkpt lat="35.692499" lon="139.702815">
        <name>57:13</name>
      </trkpt>
      <trkpt lat="35.692492" lon="139.702830">
        <name>57:14</name>
      </trkpt>
      <trkpt lat="35.692467" lon="139.702891">
        <name>57:15</name>
      </trkpt>
      <trkpt lat="35.692467" lon="139.702891">
        <name>57:16</name>
      </trkpt>
      <trkpt lat="35.692492" lon="139.702830">
        <name>57:17</name>
      </trkpt>
      <trkpt lat="35.692499" lon="139.702815">
        <name>57:18</name>
      </trkpt>
      <trkpt lat="35.692511" lon="139.702785">
        <name>57:19</name>
      </trkpt>
      <trkpt lat="35.692626" lon="139.702509">
        <name>57:20</name>
      </trkpt>
      <trkpt lat="35.692633" lon="139.702491">
        <name>57:21</name>
      </trkpt>
      <trkpt lat="35.692645" lon="139.702459">
        <name>57:22</name>
      </trkpt>
      <trkpt lat="35.692681" lon="139.702364">
        <name>57:23</name>
      </trkpt>
      <trkpt lat="35.692715" lon="139.702273">
        <name>57:24</name>
      </trkpt>
      <trkpt lat="35.692729" lon="139.702237">
        <name>57:25</name>
      </trkpt>
      <trkpt lat="35.692736" lon="139.702218">
        <name>57:26</name>
      </trkpt>
      <trkpt lat="35.692792" lon="139.702085">
        <name>57:27</name>
      </trkpt>
      <trkpt lat="35.692825" lon="139.702008">
        <name>57:28</name>
      </trkpt>
      <trkpt lat="35.692847" lon="139.701947">
        <name>57:29</name>
      </trkpt>
      <trkpt lat="35.692960" lon="139.701425">
        <name>57:30</name>
      </trkpt>
      <trkpt lat="35.693010" lon="139.701196">
        <name>57:31</name>
      </trkpt>
      <trkpt lat="35.693016" lon="139.701171">
        <name>57:32</name>
      </trkpt>
      <trkpt lat="35.693029" lon="139.701111">
        <name>57:33</name>
      </trkpt>
      <trkpt lat="35.693006" lon="139.701060">
        <name>57:34</name>
      </trkpt>
      <trkpt lat="35.692845" lon="139.700971">
        <name>57:35</name>
      </trkpt>
      <trkpt lat="35.692609" lon="139.700841">
        <name>57:36</name>
      </trkpt>
      <trkpt lat="35.692587" lon="139.700847">
        <name>57:37</name>
      </trkpt>
      <trkpt lat="35.692562" lon="139.700854">
        <name>57:38</name>
      </trkpt>
      <trkpt lat="35.692461" lon="139.700832">
        <name>57:39</name>
      </trkpt>
      <trkpt lat="35.692472" lon="139.700719">
        <name>57:40</name>
      </trkpt>
      <trkpt lat="35.692484" lon="139.700696">
        <name>57:41</name>
      </trkpt>
      <trkpt lat="35.692498" lon="139.700667">
        <name>57:42</name>
      </trkpt>
      <trkpt lat="35.692518" lon="139.700632">
        <name>57:43</name>
      </trkpt>
      <trkpt lat="35.692544" lon="139.700596">
        <name>57:44</name>
      </trkpt>
      <trkpt lat="35.692581" lon="139.700558">
        <name>57:45</name>
      </trkpt>
      <trkpt lat="35.692627" lon="139.700524">
        <name>57:46</name>
      </trkpt>
      <trkpt lat="35.692665" lon="139.700501">
        <name>57:47</name>
      </trkpt>
      <trkpt lat="35.692705" lon="139.700480">
        <name>57:48</name>
      </trkpt>
      <trkpt lat="35.692847" lon="139.700417">
        <name>57:49</name>
      </trkpt>
      <trkpt lat="35.692877" lon="139.700405">
        <name>57:50</name>
      </trkpt>
      <trkpt lat="35.692923" lon="139.700388">
        <name>57:51</name>
      </trkpt>
      <trkpt lat="35.692973" lon="139.700375">
        <name>57:52</name>
      </trkpt>
      <trkpt lat="35.693228" lon="139.700315">
        <name>57:53</name>
      </trkpt>
      <trkpt lat="35.693271" lon="139.700305">
        <name>57:54</name>
      </trkpt>
      <trkpt lat="35.693339" lon="139.700292">
        <name>57:55</name>
      </trkpt>
      <trkpt lat="35.693390" lon="139.700297">
        <name>57:56</name>
      </trkpt>
      <trkpt lat="35.693436" lon="139.700314">
        <name>57:57</name>
      </trkpt>
      <trkpt lat="35.693492" lon="139.700355">
        <name>57:58</name>
      </trkpt>
      <trkpt lat="35.693554" lon="139.700405">
        <name>57:59</name>
      </trkpt>
      <trkpt lat="35.693616" lon="139.700440">
        <name>58:00</name>
      </trkpt>
      <trkpt lat="35.693670" lon="139.700478">
        <name>58:01</name>
      </trkpt>
      <trkpt lat="35.693714" lon="139.700516">
        <name>58:02</name>
      </trkpt>
      <trkpt lat="35.693750" lon="139.700549">
        <name>58:03</name>
      </trkpt>
      <trkpt lat="35.693765" lon="139.700561">
        <name>58:04</name>
      </trkpt>
      <trkpt lat="35.693784" lon="139.700571">
        <name>58:05</name>
      </trkpt>
      <trkpt lat="35.693802" lon="139.700574">
        <name>58:06</name>
      </trkpt>
      <trkpt lat="35.693803" lon="139.700668">
        <name>58:07</name>
      </trkpt>
      <trkpt lat="35.693796" lon="139.700727">
        <name>58:08</name>
      </trkpt>
      <trkpt lat="35.693765" lon="139.700870">
        <name>58:09</name>
      </trkpt>
      <trkpt lat="35.693751" lon="139.700932">
        <name>58:10</name>
      </trkpt>
      <trkpt lat="35.693739" lon="139.700988">
        <name>58:11</name>
      </trkpt>
      <trkpt lat="35.693670" lon="139.701285">
        <name>58:12</name>
      </trkpt>
      <trkpt lat="35.693652" lon="139.701365">
        <name>58:13</name>
      </trkpt>
      <trkpt lat="35.693624" lon="139.701489">
        <name>58:14</name>
      </trkpt>
      <trkpt lat="35.693615" lon="139.701532">
        <name>58:15</name>
      </trkpt>
      <trkpt lat="35.693466" lon="139.702213">
        <name>58:16</name>
      </trkpt>
      <trkpt lat="35.693447" lon="139.702298">
        <name>58:17</name>
      </trkpt>
      <trkpt lat="35.693431" lon="139.702368">
        <name>58:18</name>
      </trkpt>
      <trkpt lat="35.693334" lon="139.702804">
        <name>58:19</name>
      </trkpt>
      <trkpt lat="35.693196" lon="139.703285">
        <name>58:20</name>
      </trkpt>
      <trkpt lat="35.693196" lon="139.703285">
        <name>58:21</name>
      </trkpt>
      <trkpt lat="35.693193" lon="139.703294">
        <name>58:22</name>
      </trkpt>
      <trkpt lat="35.693174" lon="139.703362">
        <name>58:23</name>
      </trkpt>
      <trkpt lat="35.693141" lon="139.703482">
        <name>58:24</name>
      </trkpt>
      <trkpt lat="35.693246" lon="139.703529">
        <name>58:25</name>
      </trkpt>
      <trkpt lat="35.693315" lon="139.703561">
        <name>58:26</name>
      </trkpt>
      <trkpt lat="35.693462" lon="139.703629">
        <name>58:27</name>
      </trkpt>
      <trkpt lat="35.693540" lon="139.703666">
        <name>58:28</name>
      </trkpt>
      <trkpt lat="35.693720" lon="139.703749">
        <name>58:29</name>
      </trkpt>
      <trkpt lat="35.693720" lon="139.703749">
        <name>58:30</name>
      </trkpt>
      <trkpt lat="35.693897" lon="139.703832">
        <name>58:31</name>
      </trkpt>
      <trkpt lat="35.694197" lon="139.703962">
        <name>58:32</name>
      </trkpt>
      <trkpt lat="35.694214" lon="139.703900">
        <name>58:33</name>
      </trkpt>
      <trkpt lat="35.694298" lon="139.703582">
        <name>58:34</name>
      </trkpt>
      <trkpt lat="35.694365" lon="139.703324">
        <name>58:35</name>
      </trkpt>
      <trkpt lat="35.694470" lon="139.703376">
        <name>58:36</name>
      </trkpt>
      <trkpt lat="35.694515" lon="139.703190">
        <name>58:37</name>
      </trkpt>
      <trkpt lat="35.694521" lon="139.703164">
        <name>58:38</name>
      </trkpt>
      <trkpt lat="35.694596" lon="139.702853">
        <name>58:39</name>
      </trkpt>
      <trkpt lat="35.694178" lon="139.702647">
        <name>58:40</name>
      </trkpt>
      <trkpt lat="35.693891" lon="139.702509">
        <name>58:41</name>
      </trkpt>
      <trkpt lat="35.693583" lon="139.702358">
        <name>58:42</name>
      </trkpt>
      <trkpt lat="35.693578" lon="139.702356">
        <name>58:43</name>
      </trkpt>
      <trkpt lat="35.693541" lon="139.702337">
        <name>58:44</name>
      </trkpt>
      <trkpt lat="35.693447" lon="139.702298">
        <name>58:45</name>
      </trkpt>
      <trkpt lat="35.693431" lon="139.702368">
        <name>58:46</name>
      </trkpt>
      <trkpt lat="35.693334" lon="139.702804">
        <name>58:47</name>
      </trkpt>
      <trkpt lat="35.693424" lon="139.702848">
        <name>58:48</name>
      </trkpt>
      <trkpt lat="35.693446" lon="139.702853">
        <name>58:49</name>
      </trkpt>
      <trkpt lat="35.693463" lon="139.702862">
        <name>58:50</name>
      </trkpt>
      <trkpt lat="35.693646" lon="139.702953">
        <name>58:51</name>
      </trkpt>
      <trkpt lat="35.693544" lon="139.703337">
        <name>58:52</name>
      </trkpt>
      <trkpt lat="35.693544" lon="139.703337">
        <name>58:53</name>
      </trkpt>
      <trkpt lat="35.693498" lon="139.703511">
        <name>58:54</name>
      </trkpt>
      <trkpt lat="35.693484" lon="139.703557">
        <name>58:55</name>
      </trkpt>
      <trkpt lat="35.693462" lon="139.703629">
        <name>58:56</name>
      </trkpt>
      <trkpt lat="35.693540" lon="139.703666">
        <name>58:57</name>
      </trkpt>
      <trkpt lat="35.693897" lon="139.703832">
        <name>58:58</name>
      </trkpt>
      <trkpt lat="35.694197" lon="139.703962">
        <name>58:59</name>
      </trkpt>
      <trkpt lat="35.694214" lon="139.703900">
        <name>59:00</name>
      </trkpt>
      <trkpt lat="35.694298" lon="139.703582">
        <name>59:01</name>
      </trkpt>
      <trkpt lat="35.694365" lon="139.703324">
        <name>59:02</name>
      </trkpt>
      <trkpt lat="35.694470" lon="139.703376">
        <name>59:03</name>
      </trkpt>
      <trkpt lat="35.694515" lon="139.703190">
        <name>59:04</name>
      </trkpt>
      <trkpt lat="35.694521" lon="139.703164">
        <name>59:05</name>
      </trkpt>
      <trkpt lat="35.694596" lon="139.702853">
        <name>59:06</name>
      </trkpt>
      <trkpt lat="35.694178" lon="139.702647">
        <name>59:07</name>
      </trkpt>
      <trkpt lat="35.693891" lon="139.702509">
        <name>59:08</name>
      </trkpt>
      <trkpt lat="35.693583" lon="139.702358">
        <name>59:09</name>
      </trkpt>
      <trkpt lat="35.693578" lon="139.702356">
        <name>59:10</name>
      </trkpt>
      <trkpt lat="35.693541" lon="139.702337">
        <name>59:11</name>
      </trkpt>
      <trkpt lat="35.693447" lon="139.702298">
        <name>59:12</name>
      </trkpt>
      <trkpt lat="35.693431" lon="139.702368">
        <name>59:13</name>
      </trkpt>
      <trkpt lat="35.693334" lon="139.702804">
        <name>59:14</name>
      </trkpt>
      <trkpt lat="35.693234" lon="139.703150">
        <name>59:15</name>
      </trkpt>
      <trkpt lat="35.693234" lon="139.703150">
        <name>59:16</name>
      </trkpt>
      <trkpt lat="35.693193" lon="139.703294">
        <name>59:17</name>
      </trkpt>
      <trkpt lat="35.693174" lon="139.703362">
        <name>59:18</name>
      </trkpt>
      <trkpt lat="35.693141" lon="139.703482">
        <name>59:19</name>
      </trkpt>
      <trkpt lat="35.693021" lon="139.703427">
        <name>59:20</name>
      </trkpt>
      <trkpt lat="35.693054" lon="139.703311">
        <name>59:21</name>
      </trkpt>
      <trkpt lat="35.693066" lon="139.703265">
        <name>59:22</name>
      </trkpt>
      <trkpt lat="35.693127" lon="139.703052">
        <name>59:23</name>
      </trkpt>
      <trkpt lat="35.693127" lon="139.703052">
        <name>59:24</name>
      </trkpt>
      <trkpt lat="35.693196" lon="139.702808">
        <name>59:25</name>
      </trkpt>
      <trkpt lat="35.693224" lon="139.702686">
        <name>59:26</name>
      </trkpt>
      <trkpt lat="35.693290" lon="139.702404">
        <name>59:27</name>
      </trkpt>
      <trkpt lat="35.693308" lon="139.702326">
        <name>59:28</name>
      </trkpt>
      <trkpt lat="35.693326" lon="139.702246">
        <name>59:29</name>
      </trkpt>
      <trkpt lat="35.693453" lon="139.701673">
        <name>59:30</name>
      </trkpt>
      <trkpt lat="35.693395" lon="139.701652">
        <name>59:31</name>
      </trkpt>
      <trkpt lat="35.693348" lon="139.701635">
        <name>59:32</name>
      </trkpt>
      <trkpt lat="35.693337" lon="139.701629">
        <name>59:33</name>
      </trkpt>
      <trkpt lat="35.692993" lon="139.701442">
        <name>59:34</name>
      </trkpt>
      <trkpt lat="35.692960" lon="139.701425">
        <name>59:35</name>
      </trkpt>
      <trkpt lat="35.692847" lon="139.701947">
        <name>59:36</name>
      </trkpt>
      <trkpt lat="35.692825" lon="139.702008">
        <name>59:37</name>
      </trkpt>
      <trkpt lat="35.692792" lon="139.702085">
        <name>59:38</name>
      </trkpt>
      <trkpt lat="35.692736" lon="139.702218">
        <name>59:39</name>
      </trkpt>
      <trkpt lat="35.692729" lon="139.702237">
        <name>59:40</name>
      </trkpt>
      <trkpt lat="35.692715" lon="139.702273">
        <name>59:41</name>
      </trkpt>
      <trkpt lat="35.692681" lon="139.702364">
        <name>59:42</name>
      </trkpt>
      <trkpt lat="35.692645" lon="139.702459">
        <name>59:43</name>
      </trkpt>
      <trkpt lat="35.692633" lon="139.702491">
        <name>59:44</name>
      </trkpt>
      <trkpt lat="35.692626" lon="139.702509">
        <name>59:45</name>
      </trkpt>
      <trkpt lat="35.692547" lon="139.702699">
        <name>59:46</name>
      </trkpt>
      <trkpt lat="35.692547" lon="139.702699">
        <name>59:47</name>
      </trkpt>
      <trkpt lat="35.692548" lon="139.702697">
        <name>59:48</name>
      </trkpt>
      <trkpt lat="35.692548" lon="139.702697">
        <name>59:49</name>
      </trkpt>
      <trkpt lat="35.692626" lon="139.702509">
        <name>59:50</name>
      </trkpt>
      <trkpt lat="35.692633" lon="139.702491">
        <name>59:51</name>
      </trkpt>
      <trkpt lat="35.692633" lon="139.702490">
        <name>59:52</name>
      </trkpt>
      <trkpt lat="35.692633" lon="139.702490">
        <name>59:53</name>
      </trkpt>
      <trkpt lat="35.692645" lon="139.702459">
        <name>59:54</name>
      </trkpt>
      <trkpt lat="35.692681" lon="139.702364">
        <name>59:55</name>
      </trkpt>
      <trkpt lat="35.692715" lon="139.702273">
        <name>59:56</name>
      </trkpt>
      <trkpt lat="35.692729" lon="139.702237">
        <name>59:57</name>
      </trkpt>
      <trkpt lat="35.692736" lon="139.702218">
        <name>59:58</name>
      </trkpt>
      <trkpt lat="35.692792" lon="139.702085">
        <name>59:59</name>
      </trkpt>
      <trkpt lat="35.692825" lon="139.702008">
        <name>1:00:00</name>
      </trkpt>
      <trkpt lat="35.692847" lon="139.701947">
        <name>1:00:01</name>
      </trkpt>
      <trkpt lat="35.692960" lon="139.701425">
        <name>1:00:02</name>
      </trkpt>
      <trkpt lat="35.693010" lon="139.701196">
        <name>1:00:03</name>
      </trkpt>
      <trkpt lat="35.693016" lon="139.701171">
        <name>1:00:04</name>
      </trkpt>
      <trkpt lat="35.693029" lon="139.701111">
        <name>1:00:05</name>
      </trkpt>
      <trkpt lat="35.693006" lon="139.701060">
        <name>1:00:06</name>
      </trkpt>
      <trkpt lat="35.692845" lon="139.700971">
        <name>1:00:07</name>
      </trkpt>
      <trkpt lat="35.692609" lon="139.700841">
        <name>1:00:08</name>
      </trkpt>
      <trkpt lat="35.692587" lon="139.700847">
        <name>1:00:09</name>
      </trkpt>
      <trkpt lat="35.692562" lon="139.700854">
        <name>1:00:10</name>
      </trkpt>
      <trkpt lat="35.692461" lon="139.700832">
        <name>1:00:11</name>
      </trkpt>
      <trkpt lat="35.692472" lon="139.700719">
        <name>1:00:12</name>
      </trkpt>
      <trkpt lat="35.692484" lon="139.700696">
        <name>1:00:13</name>
      </trkpt>
      <trkpt lat="35.692498" lon="139.700667">
        <name>1:00:14</name>
      </trkpt>
      <trkpt lat="35.692518" lon="139.700632">
        <name>1:00:15</name>
      </trkpt>
      <trkpt lat="35.692544" lon="139.700596">
        <name>1:00:16</name>
      </trkpt>
      <trkpt lat="35.692581" lon="139.700558">
        <name>1:00:17</name>
      </trkpt>
      <trkpt lat="35.692627" lon="139.700524">
        <name>1:00:18</name>
      </trkpt>
      <trkpt lat="35.692665" lon="139.700501">
        <name>1:00:19</name>
      </trkpt>
      <trkpt lat="35.692705" lon="139.700480">
        <name>1:00:20</name>
      </trkpt>
      <trkpt lat="35.692847" lon="139.700417">
        <name>1:00:21</name>
      </trkpt>
      <trkpt lat="35.692877" lon="139.700405">
        <name>1:00:22</name>
      </trkpt>
      <trkpt lat="35.692923" lon="139.700388">
        <name>1:00:23</name>
      </trkpt>
      <trkpt lat="35.692973" lon="139.700375">
        <name>1:00:24</name>
      </trkpt>
      <trkpt lat="35.693228" lon="139.700315">
        <name>1:00:25</name>
      </trkpt>
      <trkpt lat="35.693271" lon="139.700305">
        <name>1:00:26</name>
      </trkpt>
      <trkpt lat="35.693339" lon="139.700292">
        <name>1:00:27</name>
      </trkpt>
      <trkpt lat="35.693390" lon="139.700297">
        <name>1:00:28</name>
      </trkpt>
      <trkpt lat="35.693436" lon="139.700314">
        <name>1:00:29</name>
      </trkpt>
      <trkpt lat="35.693492" lon="139.700355">
        <name>1:00:30</name>
      </trkpt>
      <trkpt lat="35.693554" lon="139.700405">
        <name>1:00:31</name>
      </trkpt>
      <trkpt lat="35.693616" lon="139.700440">
        <name>1:00:32</name>
      </trkpt>
      <trkpt lat="35.693670" lon="139.700478">
        <name>1:00:33</name>
      </trkpt>
      <trkpt lat="35.693714" lon="139.700516">
        <name>1:00:34</name>
      </trkpt>
      <trkpt lat="35.693750" lon="139.700549">
        <name>1:00:35</name>
      </trkpt>
      <trkpt lat="35.693765" lon="139.700561">
        <name>1:00:36</name>
      </trkpt>
      <trkpt lat="35.693784" lon="139.700571">
        <name>1:00:37</name>
      </trkpt>
      <trkpt lat="35.693802" lon="139.700574">
        <name>1:00:38</name>
      </trkpt>
      <trkpt lat="35.693803" lon="139.700668">
        <name>1:00:39</name>
      </trkpt>
      <trkpt lat="35.693796" lon="139.700727">
        <name>1:00:40</name>
      </trkpt>
      <trkpt lat="35.693765" lon="139.700870">
        <name>1:00:41</name>
      </trkpt>
      <trkpt lat="35.693751" lon="139.700932">
        <name>1:00:42</name>
      </trkpt>
      <trkpt lat="35.693739" lon="139.700988">
        <name>1:00:43</name>
      </trkpt>
      <trkpt lat="35.693670" lon="139.701285">
        <name>1:00:44</name>
      </trkpt>
      <trkpt lat="35.693652" lon="139.701365">
        <name>1:00:45</name>
      </trkpt>
      <trkpt lat="35.693624" lon="139.701489">
        <name>1:00:46</name>
      </trkpt>
      <trkpt lat="35.693615" lon="139.701532">
        <name>1:00:47</name>
      </trkpt>
      <trkpt lat="35.693466" lon="139.702213">
        <name>1:00:48</name>
      </trkpt>
      <trkpt lat="35.693447" lon="139.702298">
        <name>1:00:49</name>
      </trkpt>
      <trkpt lat="35.693431" lon="139.702368">
        <name>1:00:50</name>
      </trkpt>
      <trkpt lat="35.693334" lon="139.702804">
        <name>1:00:51</name>
      </trkpt>
      <trkpt lat="35.693193" lon="139.703294">
        <name>1:00:52</name>
      </trkpt>
      <trkpt lat="35.693174" lon="139.703362">
        <name>1:00:53</name>
      </trkpt>
      <trkpt lat="35.693141" lon="139.703482">
        <name>1:00:54</name>
      </trkpt>
      <trkpt lat="35.693021" lon="139.703427">
        <name>1:00:55</name>
      </trkpt>
      <trkpt lat="35.693054" lon="139.703311">
        <name>1:00:56</name>
      </trkpt>
      <trkpt lat="35.693066" lon="139.703265">
        <name>1:00:57</name>
      </trkpt>
      <trkpt lat="35.693196" lon="139.702808">
        <name>1:00:58</name>
      </trkpt>
      <trkpt lat="35.693224" lon="139.702686">
        <name>1:00:59</name>
      </trkpt>
      <trkpt lat="35.693247" lon="139.702586">
        <name>1:01:00</name>
      </trkpt>
      <trkpt lat="35.693247" lon="139.702586">
        <name>1:01:01</name>
      </trkpt>
      <trkpt lat="35.693290" lon="139.702404">
        <name>1:01:02</name>
      </trkpt>
      <trkpt lat="35.693308" lon="139.702326">
        <name>1:01:03</name>
      </trkpt>
      <trkpt lat="35.693326" lon="139.702246">
        <name>1:01:04</name>
      </trkpt>
      <trkpt lat="35.693453" lon="139.701673">
        <name>1:01:05</name>
      </trkpt>
      <trkpt lat="35.693473" lon="139.701582">
        <name>1:01:06</name>
      </trkpt>
      <trkpt lat="35.693493" lon="139.701491">
        <name>1:01:07</name>
      </trkpt>
      <trkpt lat="35.693518" lon="139.701379">
        <name>1:01:08</name>
      </trkpt>
      <trkpt lat="35.693528" lon="139.701329">
        <name>1:01:09</name>
      </trkpt>
      <trkpt lat="35.693598" lon="139.700967">
        <name>1:01:10</name>
      </trkpt>
      <trkpt lat="35.693609" lon="139.700904">
        <name>1:01:11</name>
      </trkpt>
      <trkpt lat="35.693618" lon="139.700846">
        <name>1:01:12</name>
      </trkpt>
      <trkpt lat="35.693624" lon="139.700799">
        <name>1:01:13</name>
      </trkpt>
      <trkpt lat="35.693625" lon="139.700754">
        <name>1:01:14</name>
      </trkpt>
      <trkpt lat="35.693624" lon="139.700713">
        <name>1:01:15</name>
      </trkpt>
      <trkpt lat="35.693619" lon="139.700669">
        <name>1:01:16</name>
      </trkpt>
      <trkpt lat="35.693600" lon="139.700587">
        <name>1:01:17</name>
      </trkpt>
      <trkpt lat="35.693554" lon="139.700405">
        <name>1:01:18</name>
      </trkpt>
      <trkpt lat="35.693543" lon="139.700276">
        <name>1:01:19</name>
      </trkpt>
      <trkpt lat="35.693536" lon="139.700152">
        <name>1:01:20</name>
      </trkpt>
      <trkpt lat="35.693591" lon="139.699516">
        <name>1:01:21</name>
      </trkpt>
      <trkpt lat="35.693591" lon="139.699378">
        <name>1:01:22</name>
      </trkpt>
      <trkpt lat="35.693573" lon="139.699130">
        <name>1:01:23</name>
      </trkpt>
      <trkpt lat="35.693636" lon="139.699116">
        <name>1:01:24</name>
      </trkpt>
      <trkpt lat="35.693700" lon="139.699098">
        <name>1:01:25</name>
      </trkpt>
      <trkpt lat="35.693840" lon="139.699054">
        <name>1:01:26</name>
      </trkpt>
      <trkpt lat="35.693877" lon="139.699040">
        <name>1:01:27</name>
      </trkpt>
      <trkpt lat="35.694189" lon="139.698925">
        <name>1:01:28</name>
      </trkpt>
      <trkpt lat="35.694174" lon="139.698852">
        <name>1:01:29</name>
      </trkpt>
      <trkpt lat="35.694167" lon="139.698819">
        <name>1:01:30</name>
      </trkpt>
      <trkpt lat="35.694092" lon="139.698748">
        <name>1:01:31</name>
      </trkpt>
      <trkpt lat="35.693993" lon="139.698655">
        <name>1:01:32</name>
      </trkpt>
      <trkpt lat="35.693795" lon="139.698490">
        <name>1:01:33</name>
      </trkpt>
      <trkpt lat="35.693759" lon="139.698486">
        <name>1:01:34</name>
      </trkpt>
      <trkpt lat="35.693733" lon="139.698487">
        <name>1:01:35</name>
      </trkpt>
      <trkpt lat="35.693700" lon="139.698501">
        <name>1:01:36</name>
      </trkpt>
      <trkpt lat="35.693680" lon="139.698525">
        <name>1:01:37</name>
      </trkpt>
      <trkpt lat="35.693669" lon="139.698550">
        <name>1:01:38</name>
      </trkpt>
      <trkpt lat="35.693665" lon="139.698574">
        <name>1:01:39</name>
      </trkpt>
      <trkpt lat="35.693683" lon="139.698858">
        <name>1:01:40</name>
      </trkpt>
      <trkpt lat="35.693687" lon="139.698930">
        <name>1:01:41</name>
      </trkpt>
      <trkpt lat="35.693700" lon="139.699098">
        <name>1:01:42</name>
      </trkpt>
      <trkpt lat="35.693718" lon="139.699361">
        <name>1:01:43</name>
      </trkpt>
      <trkpt lat="35.693727" lon="139.699483">
        <name>1:01:44</name>
      </trkpt>
      <trkpt lat="35.693787" lon="139.700347">
        <name>1:01:45</name>
      </trkpt>
      <trkpt lat="35.693802" lon="139.700574">
        <name>1:01:46</name>
      </trkpt>
      <trkpt lat="35.693803" lon="139.700668">
        <name>1:01:47</name>
      </trkpt>
      <trkpt lat="35.693796" lon="139.700727">
        <name>1:01:48</name>
      </trkpt>
      <trkpt lat="35.693765" lon="139.700870">
        <name>1:01:49</name>
      </trkpt>
      <trkpt lat="35.693751" lon="139.700932">
        <name>1:01:50</name>
      </trkpt>
      <trkpt lat="35.693739" lon="139.700988">
        <name>1:01:51</name>
      </trkpt>
      <trkpt lat="35.693670" lon="139.701285">
        <name>1:01:52</name>
      </trkpt>
      <trkpt lat="35.693652" lon="139.701365">
        <name>1:01:53</name>
      </trkpt>
      <trkpt lat="35.693624" lon="139.701489">
        <name>1:01:54</name>
      </trkpt>
      <trkpt lat="35.693706" lon="139.701521">
        <name>1:01:55</name>
      </trkpt>
      <trkpt lat="35.693735" lon="139.701531">
        <name>1:01:56</name>
      </trkpt>
      <trkpt lat="35.693763" lon="139.701540">
        <name>1:01:57</name>
      </trkpt>
      <trkpt lat="35.694092" lon="139.701664">
        <name>1:01:58</name>
      </trkpt>
      <trkpt lat="35.694394" lon="139.701769">
        <name>1:01:59</name>
      </trkpt>
      <trkpt lat="35.694333" lon="139.702017">
        <name>1:02:00</name>
      </trkpt>
      <trkpt lat="35.694294" lon="139.702176">
        <name>1:02:01</name>
      </trkpt>
      <trkpt lat="35.694267" lon="139.702288">
        <name>1:02:02</name>
      </trkpt>
      <trkpt lat="35.694220" lon="139.702477">
        <name>1:02:03</name>
      </trkpt>
      <trkpt lat="35.694189" lon="139.702605">
        <name>1:02:04</name>
      </trkpt>
      <trkpt lat="35.694178" lon="139.702647">
        <name>1:02:05</name>
      </trkpt>
      <trkpt lat="35.693891" lon="139.702509">
        <name>1:02:06</name>
      </trkpt>
      <trkpt lat="35.693941" lon="139.702299">
        <name>1:02:07</name>
      </trkpt>
      <trkpt lat="35.693941" lon="139.702299">
        <name>1:02:08</name>
      </trkpt>
      <trkpt lat="35.694035" lon="139.701905">
        <name>1:02:09</name>
      </trkpt>
      <trkpt lat="35.694092" lon="139.701664">
        <name>1:02:10</name>
      </trkpt>
      <trkpt lat="35.694394" lon="139.701769">
        <name>1:02:11</name>
      </trkpt>
      <trkpt lat="35.694333" lon="139.702017">
        <name>1:02:12</name>
      </trkpt>
      <trkpt lat="35.694294" lon="139.702176">
        <name>1:02:13</name>
      </trkpt>
      <trkpt lat="35.694267" lon="139.702288">
        <name>1:02:14</name>
      </trkpt>
      <trkpt lat="35.694220" lon="139.702477">
        <name>1:02:15</name>
      </trkpt>
      <trkpt lat="35.694189" lon="139.702605">
        <name>1:02:16</name>
      </trkpt>
      <trkpt lat="35.694178" lon="139.702647">
        <name>1:02:17</name>
      </trkpt>
      <trkpt lat="35.693891" lon="139.702509">
        <name>1:02:18</name>
      </trkpt>
      <trkpt lat="35.693583" lon="139.702358">
        <name>1:02:19</name>
      </trkpt>
      <trkpt lat="35.693578" lon="139.702356">
        <name>1:02:20</name>
      </trkpt>
      <trkpt lat="35.693541" lon="139.702337">
        <name>1:02:21</name>
      </trkpt>
      <trkpt lat="35.693447" lon="139.702298">
        <name>1:02:22</name>
      </trkpt>
      <trkpt lat="35.693431" lon="139.702368">
        <name>1:02:23</name>
      </trkpt>
      <trkpt lat="35.693334" lon="139.702804">
        <name>1:02:24</name>
      </trkpt>
      <trkpt lat="35.693193" lon="139.703294">
        <name>1:02:25</name>
      </trkpt>
      <trkpt lat="35.693174" lon="139.703362">
        <name>1:02:26</name>
      </trkpt>
      <trkpt lat="35.693141" lon="139.703482">
        <name>1:02:27</name>
      </trkpt>
      <trkpt lat="35.693021" lon="139.703427">
        <name>1:02:28</name>
      </trkpt>
      <trkpt lat="35.693054" lon="139.703311">
        <name>1:02:29</name>
      </trkpt>
      <trkpt lat="35.693066" lon="139.703265">
        <name>1:02:30</name>
      </trkpt>
      <trkpt lat="35.693196" lon="139.702808">
        <name>1:02:31</name>
      </trkpt>
      <trkpt lat="35.693222" lon="139.702693">
        <name>1:02:32</name>
      </trkpt>
      <trkpt lat="35.693222" lon="139.702693">
        <name>1:02:33</name>
      </trkpt>
      <trkpt lat="35.693224" lon="139.702686">
        <name>1:02:34</name>
      </trkpt>
      <trkpt lat="35.693290" lon="139.702404">
        <name>1:02:35</name>
      </trkpt>
      <trkpt lat="35.693308" lon="139.702326">
        <name>1:02:36</name>
      </trkpt>
      <trkpt lat="35.693326" lon="139.702246">
        <name>1:02:37</name>
      </trkpt>
      <trkpt lat="35.693453" lon="139.701673">
        <name>1:02:38</name>
      </trkpt>
      <trkpt lat="35.693395" lon="139.701652">
        <name>1:02:39</name>
      </trkpt>
      <trkpt lat="35.693348" lon="139.701635">
        <name>1:02:40</name>
      </trkpt>
      <trkpt lat="35.693337" lon="139.701629">
        <name>1:02:41</name>
      </trkpt>
      <trkpt lat="35.692993" lon="139.701442">
        <name>1:02:42</name>
      </trkpt>
      <trkpt lat="35.692960" lon="139.701425">
        <name>1:02:43</name>
      </trkpt>
      <trkpt lat="35.692847" lon="139.701947">
        <name>1:02:44</name>
      </trkpt>
      <trkpt lat="35.692825" lon="139.702008">
        <name>1:02:45</name>
      </trkpt>
      <trkpt lat="35.692792" lon="139.702085">
        <name>1:02:46</name>
      </trkpt>
      <trkpt lat="35.692736" lon="139.702218">
        <name>1:02:47</name>
      </trkpt>
      <trkpt lat="35.692729" lon="139.702237">
        <name>1:02:48</name>
      </trkpt>
      <trkpt lat="35.692715" lon="139.702273">
        <name>1:02:49</name>
      </trkpt>
      <trkpt lat="35.692693" lon="139.702332">
        <name>1:02:50</name>
      </trkpt>
      <trkpt lat="35.692693" lon="139.702332">
        <name>1:02:51</name>
      </trkpt>
      <trkpt lat="35.692715" lon="139.702273">
        <name>1:02:52</name>
      </trkpt>
      <trkpt lat="35.692729" lon="139.702237">
        <name>1:02:53</name>
      </trkpt>
      <trkpt lat="35.692736" lon="139.702218">
        <name>1:02:54</name>
      </trkpt>
      <trkpt lat="35.692792" lon="139.702085">
        <name>1:02:55</name>
      </trkpt>
      <trkpt lat="35.692825" lon="139.702008">
        <name>1:02:56</name>
      </trkpt>
      <trkpt lat="35.692847" lon="139.701947">
        <name>1:02:57</name>
      </trkpt>
      <trkpt lat="35.692960" lon="139.701425">
        <name>1:02:58</name>
      </trkpt>
      <trkpt lat="35.693010" lon="139.701196">
        <name>1:02:59</name>
      </trkpt>
      <trkpt lat="35.693016" lon="139.701171">
        <name>1:03:00</name>
      </trkpt>
      <trkpt lat="35.693029" lon="139.701111">
        <name>1:03:01</name>
      </trkpt>
      <trkpt lat="35.693006" lon="139.701060">
        <name>1:03:02</name>
      </trkpt>
      <trkpt lat="35.692845" lon="139.700971">
        <name>1:03:03</name>
      </trkpt>
      <trkpt lat="35.692609" lon="139.700841">
        <name>1:03:04</name>
      </trkpt>
      <trkpt lat="35.692587" lon="139.700847">
        <name>1:03:05</name>
      </trkpt>
      <trkpt lat="35.692562" lon="139.700854">
        <name>1:03:06</name>
      </trkpt>
      <trkpt lat="35.692461" lon="139.700832">
        <name>1:03:07</name>
      </trkpt>
      <trkpt lat="35.692439" lon="139.700932">
        <name>1:03:08</name>
      </trkpt>
      <trkpt lat="35.692428" lon="139.700984">
        <name>1:03:09</name>
      </trkpt>
      <trkpt lat="35.692292" lon="139.701616">
        <name>1:03:10</name>
      </trkpt>
      <trkpt lat="35.692281" lon="139.701665">
        <name>1:03:11</name>
      </trkpt>
      <trkpt lat="35.692251" lon="139.701771">
        <name>1:03:12</name>
      </trkpt>
      <trkpt lat="35.692228" lon="139.701759">
        <name>1:03:13</name>
      </trkpt>
      <trkpt lat="35.692133" lon="139.701710">
        <name>1:03:14</name>
      </trkpt>
      <trkpt lat="35.692090" lon="139.701686">
        <name>1:03:15</name>
      </trkpt>
      <trkpt lat="35.691909" lon="139.701582">
        <name>1:03:16</name>
      </trkpt>
      <trkpt lat="35.691889" lon="139.701572">
        <name>1:03:17</name>
      </trkpt>
      <trkpt lat="35.691860" lon="139.701560">
        <name>1:03:18</name>
      </trkpt>
      <trkpt lat="35.691841" lon="139.701554">
        <name>1:03:19</name>
      </trkpt>
      <trkpt lat="35.691807" lon="139.701678">
        <name>1:03:20</name>
      </trkpt>
      <trkpt lat="35.691788" lon="139.701728">
        <name>1:03:21</name>
      </trkpt>
      <trkpt lat="35.691788" lon="139.701728">
        <name>1:03:22</name>
      </trkpt>
      <trkpt lat="35.691807" lon="139.701678">
        <name>1:03:23</name>
      </trkpt>
      <trkpt lat="35.691841" lon="139.701554">
        <name>1:03:24</name>
      </trkpt>
      <trkpt lat="35.691819" lon="139.701548">
        <name>1:03:25</name>
      </trkpt>
      <trkpt lat="35.691791" lon="139.701543">
        <name>1:03:26</name>
      </trkpt>
      <trkpt lat="35.691770" lon="139.701542">
        <name>1:03:27</name>
      </trkpt>
      <trkpt lat="35.691752" lon="139.701543">
        <name>1:03:28</name>
      </trkpt>
      <trkpt lat="35.691479" lon="139.701578">
        <name>1:03:29</name>
      </trkpt>
      <trkpt lat="35.691384" lon="139.701591">
        <name>1:03:30</name>
      </trkpt>
      <trkpt lat="35.691358" lon="139.701613">
        <name>1:03:31</name>
      </trkpt>
      <trkpt lat="35.691289" lon="139.701625">
        <name>1:03:32</name>
      </trkpt>
      <trkpt lat="35.691251" lon="139.701630">
        <name>1:03:33</name>
      </trkpt>
      <trkpt lat="35.691206" lon="139.701636">
        <name>1:03:34</name>
      </trkpt>
      <trkpt lat="35.691141" lon="139.701634">
        <name>1:03:35</name>
      </trkpt>
      <trkpt lat="35.690963" lon="139.701658">
        <name>1:03:36</name>
      </trkpt>
      <trkpt lat="35.690904" lon="139.701665">
        <name>1:03:37</name>
      </trkpt>
      <trkpt lat="35.690862" lon="139.701671">
        <name>1:03:38</name>
      </trkpt>
      <trkpt lat="35.690838" lon="139.701672">
        <name>1:03:39</name>
      </trkpt>
      <trkpt lat="35.690817" lon="139.701664">
        <name>1:03:40</name>
      </trkpt>
      <trkpt lat="35.690791" lon="139.701630">
        <name>1:03:41</name>
      </trkpt>
      <trkpt lat="35.690721" lon="139.701487">
        <name>1:03:42</name>
      </trkpt>
      <trkpt lat="35.690787" lon="139.701435">
        <name>1:03:43</name>
      </trkpt>
      <trkpt lat="35.690816" lon="139.701422">
        <name>1:03:44</name>
      </trkpt>
      <trkpt lat="35.690842" lon="139.701419">
        <name>1:03:45</name>
      </trkpt>
      <trkpt lat="35.690871" lon="139.701414">
        <name>1:03:46</name>
      </trkpt>
      <trkpt lat="35.690910" lon="139.701415">
        <name>1:03:47</name>
      </trkpt>
      <trkpt lat="35.691129" lon="139.701388">
        <name>1:03:48</name>
      </trkpt>
      <trkpt lat="35.691185" lon="139.701381">
        <name>1:03:49</name>
      </trkpt>
      <trkpt lat="35.691211" lon="139.701378">
        <name>1:03:50</name>
      </trkpt>
      <trkpt lat="35.691241" lon="139.701378">
        <name>1:03:51</name>
      </trkpt>
      <trkpt lat="35.691296" lon="139.701371">
        <name>1:03:52</name>
      </trkpt>
      <trkpt lat="35.691296" lon="139.701371">
        <name>1:03:53</name>
      </trkpt>
      <trkpt lat="35.691297" lon="139.701371">
        <name>1:03:54</name>
      </trkpt>
      <trkpt lat="35.691319" lon="139.701372">
        <name>1:03:55</name>
      </trkpt>
      <trkpt lat="35.691339" lon="139.701377">
        <name>1:03:56</name>
      </trkpt>
      <trkpt lat="35.691351" lon="139.701386">
        <name>1:03:57</name>
      </trkpt>
      <trkpt lat="35.691366" lon="139.701402">
        <name>1:03:58</name>
      </trkpt>
      <trkpt lat="35.691378" lon="139.701539">
        <name>1:03:59</name>
      </trkpt>
      <trkpt lat="35.691384" lon="139.701591">
        <name>1:04:00</name>
      </trkpt>
      <trkpt lat="35.691358" lon="139.701613">
        <name>1:04:01</name>
      </trkpt>
      <trkpt lat="35.691289" lon="139.701625">
        <name>1:04:02</name>
      </trkpt>
      <trkpt lat="35.691251" lon="139.701630">
        <name>1:04:03</name>
      </trkpt>
      <trkpt lat="35.691206" lon="139.701636">
        <name>1:04:04</name>
      </trkpt>
      <trkpt lat="35.691141" lon="139.701634">
        <name>1:04:05</name>
      </trkpt>
      <trkpt lat="35.690963" lon="139.701658">
        <name>1:04:06</name>
      </trkpt>
      <trkpt lat="35.690904" lon="139.701665">
        <name>1:04:07</name>
      </trkpt>
      <trkpt lat="35.690862" lon="139.701671">
        <name>1:04:08</name>
      </trkpt>
      <trkpt lat="35.690838" lon="139.701672">
        <name>1:04:09</name>
      </trkpt>
      <trkpt lat="35.690817" lon="139.701664">
        <name>1:04:10</name>
      </trkpt>
      <trkpt lat="35.690791" lon="139.701630">
        <name>1:04:11</name>
      </trkpt>
      <trkpt lat="35.690721" lon="139.701487">
        <name>1:04:12</name>
      </trkpt>
      <trkpt lat="35.690703" lon="139.701417">
        <name>1:04:13</name>
      </trkpt>
      <trkpt lat="35.690697" lon="139.701395">
        <name>1:04:14</name>
      </trkpt>
      <trkpt lat="35.690686" lon="139.701178">
        <name>1:04:15</name>
      </trkpt>
      <trkpt lat="35.690665" lon="139.701169">
        <name>1:04:16</name>
      </trkpt>
      <trkpt lat="35.690665" lon="139.701169">
        <name>1:04:17</name>
      </trkpt>
      <trkpt lat="35.690665" lon="139.701169">
        <name>1:04:18</name>
      </trkpt>
      <trkpt lat="35.690381" lon="139.701163">
        <name>1:04:19</name>
      </trkpt>
      <trkpt lat="35.689742" lon="139.701329">
        <name>1:04:20</name>
      </trkpt>
      <trkpt lat="35.689710" lon="139.701395">
        <name>1:04:21</name>
      </trkpt>
      <trkpt lat="35.689718" lon="139.701499">
        <name>1:04:22</name>
      </trkpt>
      <trkpt lat="35.689761" lon="139.701751">
        <name>1:04:23</name>
      </trkpt>
      <trkpt lat="35.689780" lon="139.701812">
        <name>1:04:24</name>
      </trkpt>
      <trkpt lat="35.689800" lon="139.701881">
        <name>1:04:25</name>
      </trkpt>
      <trkpt lat="35.689765" lon="139.701911">
        <name>1:04:26</name>
      </trkpt>
      <trkpt lat="35.689730" lon="139.701948">
        <name>1:04:27</name>
      </trkpt>
      <trkpt lat="35.689689" lon="139.701993">
        <name>1:04:28</name>
      </trkpt>
      <trkpt lat="35.689588" lon="139.702098">
        <name>1:04:29</name>
      </trkpt>
      <trkpt lat="35.689603" lon="139.702168">
        <name>1:04:30</name>
      </trkpt>
      <trkpt lat="35.689708" lon="139.702626">
        <name>1:04:31</name>
      </trkpt>
      <trkpt lat="35.689755" lon="139.702643">
        <name>1:04:32</name>
      </trkpt>
      <trkpt lat="35.690245" lon="139.702703">
        <name>1:04:33</name>
      </trkpt>
      <trkpt lat="35.690277" lon="139.702195">
        <name>1:04:34</name>
      </trkpt>
      <trkpt lat="35.690631" lon="139.702271">
        <name>1:04:35</name>
      </trkpt>
      <trkpt lat="35.690727" lon="139.702291">
        <name>1:04:36</name>
      </trkpt>
      <trkpt lat="35.690765" lon="139.701910">
        <name>1:04:37</name>
      </trkpt>
      <trkpt lat="35.690765" lon="139.701910">
        <name>1:04:38</name>
      </trkpt>
      <trkpt lat="35.690774" lon="139.701816">
        <name>1:04:39</name>
      </trkpt>
      <trkpt lat="35.690791" lon="139.701630">
        <name>1:04:40</name>
      </trkpt>
      <trkpt lat="35.690721" lon="139.701487">
        <name>1:04:41</name>
      </trkpt>
      <trkpt lat="35.690787" lon="139.701435">
        <name>1:04:42</name>
      </trkpt>
      <trkpt lat="35.690816" lon="139.701422">
        <name>1:04:43</name>
      </trkpt>
      <trkpt lat="35.690842" lon="139.701419">
        <name>1:04:44</name>
      </trkpt>
      <trkpt lat="35.690871" lon="139.701414">
        <name>1:04:45</name>
      </trkpt>
      <trkpt lat="35.690910" lon="139.701415">
        <name>1:04:46</name>
      </trkpt>
      <trkpt lat="35.691129" lon="139.701388">
        <name>1:04:47</name>
      </trkpt>
      <trkpt lat="35.691185" lon="139.701381">
        <name>1:04:48</name>
      </trkpt>
      <trkpt lat="35.691211" lon="139.701378">
        <name>1:04:49</name>
      </trkpt>
      <trkpt lat="35.691241" lon="139.701378">
        <name>1:04:50</name>
      </trkpt>
      <trkpt lat="35.691297" lon="139.701371">
        <name>1:04:51</name>
      </trkpt>
      <trkpt lat="35.691319" lon="139.701372">
        <name>1:04:52</name>
      </trkpt>
      <trkpt lat="35.691339" lon="139.701377">
        <name>1:04:53</name>
      </trkpt>
      <trkpt lat="35.691351" lon="139.701386">
        <name>1:04:54</name>
      </trkpt>
      <trkpt lat="35.691366" lon="139.701402">
        <name>1:04:55</name>
      </trkpt>
      <trkpt lat="35.691378" lon="139.701539">
        <name>1:04:56</name>
      </trkpt>
      <trkpt lat="35.691384" lon="139.701591">
        <name>1:04:57</name>
      </trkpt>
      <trkpt lat="35.691358" lon="139.701613">
        <name>1:04:58</name>
      </trkpt>
      <trkpt lat="35.691344" lon="139.701705">
        <name>1:04:59</name>
      </trkpt>
      <trkpt lat="35.691315" lon="139.701896">
        <name>1:05:00</name>
      </trkpt>
      <trkpt lat="35.691251" lon="139.702312">
        <name>1:05:01</name>
      </trkpt>
      <trkpt lat="35.691237" lon="139.702412">
        <name>1:05:02</name>
      </trkpt>
      <trkpt lat="35.691216" lon="139.702511">
        <name>1:05:03</name>
      </trkpt>
      <trkpt lat="35.691159" lon="139.702935">
        <name>1:05:04</name>
      </trkpt>
    </trkseg>
  </trk>
</gpx>