<?xml version="1.0" encoding="UTF-8"?>
<gpx version="1.1" creator="bakalgaijin-mapa" xmlns="http://www.topografix.com/GPX/1/1">
  <trk>
    <name>Rota estimada da live (Baka Gaijin)</name>
    <trkseg>
      <trkpt lat="35.695515" lon="139.700933">
        <name>0:00</name>
      </trkpt>
      <trkpt lat="35.695534" lon="139.700939">
        <name>0:01</name>
      </trkpt>
      <trkpt lat="35.695605" lon="139.700963">
        <name>0:02</name>
      </trkpt>
      <trkpt lat="35.695723" lon="139.701003">
        <name>0:03</name>
      </trkpt>
      <trkpt lat="35.695752" lon="139.701013">
        <name>0:04</name>
      </trkpt>
      <trkpt lat="35.696134" lon="139.701142">
        <name>0:05</name>
      </trkpt>
      <trkpt lat="35.696168" lon="139.701154">
        <name>0:06</name>
      </trkpt>
      <trkpt lat="35.696047" lon="139.701646">
        <name>0:07</name>
      </trkpt>
      <trkpt lat="35.696028" lon="139.701724">
        <name>0:08</name>
      </trkpt>
      <trkpt lat="35.696066" lon="139.701735">
        <name>0:09</name>
      </trkpt>
      <trkpt lat="35.696244" lon="139.701759">
        <name>0:10</name>
      </trkpt>
      <trkpt lat="35.696156" lon="139.702322">
        <name>0:11</name>
      </trkpt>
      <trkpt lat="35.696078" lon="139.702843">
        <name>0:12</name>
      </trkpt>
      <trkpt lat="35.695961" lon="139.703571">
        <name>0:13</name>
      </trkpt>
      <trkpt lat="35.695845" lon="139.704202">
        <name>0:14</name>
      </trkpt>
      <trkpt lat="35.695797" lon="139.704458">
        <name>0:15</name>
      </trkpt>
      <trkpt lat="35.695785" lon="139.704525">
        <name>0:16</name>
      </trkpt>
      <trkpt lat="35.695037" lon="139.704332">
        <name>0:17</name>
      </trkpt>
      <trkpt lat="35.694973" lon="139.704310">
        <name>0:18</name>
      </trkpt>
      <trkpt lat="35.694863" lon="139.704266">
        <name>0:19</name>
      </trkpt>
      <trkpt lat="35.694197" lon="139.703962">
        <name>0:20</name>
      </trkpt>
      <trkpt lat="35.693897" lon="139.703832">
        <name>0:21</name>
      </trkpt>
      <trkpt lat="35.693750" lon="139.703764">
        <name>0:22</name>
      </trkpt>
      <trkpt lat="35.693750" lon="139.703764">
        <name>0:23</name>
      </trkpt>
      <trkpt lat="35.693897" lon="139.703832">
        <name>0:24</name>
      </trkpt>
      <trkpt lat="35.694197" lon="139.703962">
        <name>0:25</name>
      </trkpt>
      <trkpt lat="35.694863" lon="139.704266">
        <name>0:26</name>
      </trkpt>
      <trkpt lat="35.694973" lon="139.704310">
        <name>0:27</name>
      </trkpt>
      <trkpt lat="35.694975" lon="139.704217">
        <name>0:28</name>
      </trkpt>
      <trkpt lat="35.695011" lon="139.704058">
        <name>0:29</name>
      </trkpt>
      <trkpt lat="35.695038" lon="139.703944">
        <name>0:30</name>
      </trkpt>
      <trkpt lat="35.695098" lon="139.703687">
        <name>0:31</name>
      </trkpt>
      <trkpt lat="35.695124" lon="139.703577">
        <name>0:32</name>
      </trkpt>
      <trkpt lat="35.695166" lon="139.703407">
        <name>0:33</name>
      </trkpt>
      <trkpt lat="35.695183" lon="139.703364">
        <name>0:34</name>
      </trkpt>
      <trkpt lat="35.695220" lon="139.703375">
        <name>0:35</name>
      </trkpt>
      <trkpt lat="35.695290" lon="139.703395">
        <name>0:36</name>
      </trkpt>
      <trkpt lat="35.695413" lon="139.703431">
        <name>0:37</name>
      </trkpt>
      <trkpt lat="35.695413" lon="139.703431">
        <name>0:38</name>
      </trkpt>
      <trkpt lat="35.695290" lon="139.703395">
        <name>0:39</name>
      </trkpt>
      <trkpt lat="35.695220" lon="139.703375">
        <name>0:40</name>
      </trkpt>
      <trkpt lat="35.695183" lon="139.703364">
        <name>0:41</name>
      </trkpt>
      <trkpt lat="35.695261" lon="139.703129">
        <name>0:42</name>
      </trkpt>
      <trkpt lat="35.695231" lon="139.703099">
        <name>0:43</name>
      </trkpt>
      <trkpt lat="35.695209" lon="139.703080">
        <name>0:44</name>
      </trkpt>
      <trkpt lat="35.694596" lon="139.702853">
        <name>0:45</name>
      </trkpt>
      <trkpt lat="35.694639" lon="139.702676">
        <name>0:46</name>
      </trkpt>
      <trkpt lat="35.694669" lon="139.702551">
        <name>0:47</name>
      </trkpt>
      <trkpt lat="35.694721" lon="139.702334">
        <name>0:48</name>
      </trkpt>
      <trkpt lat="35.694737" lon="139.702269">
        <name>0:49</name>
      </trkpt>
      <trkpt lat="35.694782" lon="139.702237">
        <name>0:50</name>
      </trkpt>
      <trkpt lat="35.694853" lon="139.701936">
        <name>0:51</name>
      </trkpt>
      <trkpt lat="35.694876" lon="139.701843">
        <name>0:52</name>
      </trkpt>
      <trkpt lat="35.694971" lon="139.701457">
        <name>0:53</name>
      </trkpt>
      <trkpt lat="35.694926" lon="139.701412">
        <name>0:54</name>
      </trkpt>
      <trkpt lat="35.694916" lon="139.701351">
        <name>0:55</name>
      </trkpt>
      <trkpt lat="35.694969" lon="139.701124">
        <name>0:56</name>
      </trkpt>
      <trkpt lat="35.695052" lon="139.700777">
        <name>0:57</name>
      </trkpt>
      <trkpt lat="35.695403" lon="139.700896">
        <name>0:58</name>
      </trkpt>
      <trkpt lat="35.695464" lon="139.700916">
        <name>0:59</name>
      </trkpt>
      <trkpt lat="35.695515" lon="139.700933">
        <name>1:00</name>
      </trkpt>
      <trkpt lat="35.695515" lon="139.700933">
        <name>1:01</name>
      </trkpt>
      <trkpt lat="35.695534" lon="139.700939">
        <name>1:02</name>
      </trkpt>
      <trkpt lat="35.695605" lon="139.700963">
        <name>1:03</name>
      </trkpt>
      <trkpt lat="35.695723" lon="139.701003">
        <name>1:04</name>
      </trkpt>
      <trkpt lat="35.695752" lon="139.701013">
        <name>1:05</name>
      </trkpt>
      <trkpt lat="35.696134" lon="139.701142">
        <name>1:06</name>
      </trkpt>
      <trkpt lat="35.696168" lon="139.701154">
        <name>1:07</name>
      </trkpt>
      <trkpt lat="35.696047" lon="139.701646">
        <name>1:08</name>
      </trkpt>
      <trkpt lat="35.696028" lon="139.701724">
        <name>1:09</name>
      </trkpt>
      <trkpt lat="35.696066" lon="139.701735">
        <name>1:10</name>
      </trkpt>
      <trkpt lat="35.696244" lon="139.701759">
        <name>1:11</name>
      </trkpt>
      <trkpt lat="35.696156" lon="139.702322">
        <name>1:12</name>
      </trkpt>
      <trkpt lat="35.696078" lon="139.702843">
        <name>1:13</name>
      </trkpt>
      <trkpt lat="35.695961" lon="139.703571">
        <name>1:14</name>
      </trkpt>
      <trkpt lat="35.695640" lon="139.703496">
        <name>1:15</name>
      </trkpt>
      <trkpt lat="35.695508" lon="139.703458">
        <name>1:16</name>
      </trkpt>
      <trkpt lat="35.695508" lon="139.703458">
        <name>1:17</name>
      </trkpt>
      <trkpt lat="35.695413" lon="139.703431">
        <name>1:18</name>
      </trkpt>
      <trkpt lat="35.695413" lon="139.703431">
        <name>1:19</name>
      </trkpt>
      <trkpt lat="35.695290" lon="139.703395">
        <name>1:20</name>
      </trkpt>
      <trkpt lat="35.695220" lon="139.703375">
        <name>1:21</name>
      </trkpt>
      <trkpt lat="35.695183" lon="139.703364">
        <name>1:22</name>
      </trkpt>
      <trkpt lat="35.695261" lon="139.703129">
        <name>1:23</name>
      </trkpt>
      <trkpt lat="35.695231" lon="139.703099">
        <name>1:24</name>
      </trkpt>
      <trkpt lat="35.695209" lon="139.703080">
        <name>1:25</name>
      </trkpt>
      <trkpt lat="35.694596" lon="139.702853">
        <name>1:26</name>
      </trkpt>
      <trkpt lat="35.694178" lon="139.702647">
        <name>1:27</name>
      </trkpt>
      <trkpt lat="35.693891" lon="139.702509">
        <name>1:28</name>
      </trkpt>
      <trkpt lat="35.693583" lon="139.702358">
        <name>1:29</name>
      </trkpt>
      <trkpt lat="35.693578" lon="139.702356">
        <name>1:30</name>
      </trkpt>
      <trkpt lat="35.693541" lon="139.702337">
        <name>1:31</name>
      </trkpt>
      <trkpt lat="35.693447" lon="139.702298">
        <name>1:32</name>
      </trkpt>
      <trkpt lat="35.693431" lon="139.702368">
        <name>1:33</name>
      </trkpt>
      <trkpt lat="35.693334" lon="139.702804">
        <name>1:34</name>
      </trkpt>
      <trkpt lat="35.693424" lon="139.702848">
        <name>1:35</name>
      </trkpt>
      <trkpt lat="35.693446" lon="139.702853">
        <name>1:36</name>
      </trkpt>
      <trkpt lat="35.693463" lon="139.702862">
        <name>1:37</name>
      </trkpt>
      <trkpt lat="35.693646" lon="139.702953">
        <name>1:38</name>
      </trkpt>
      <trkpt lat="35.693554" lon="139.703301">
        <name>1:39</name>
      </trkpt>
      <trkpt lat="35.693554" lon="139.703301">
        <name>1:40</name>
      </trkpt>
      <trkpt lat="35.693498" lon="139.703511">
        <name>1:41</name>
      </trkpt>
      <trkpt lat="35.693484" lon="139.703557">
        <name>1:42</name>
      </trkpt>
      <trkpt lat="35.693462" lon="139.703629">
        <name>1:43</name>
      </trkpt>
      <trkpt lat="35.693540" lon="139.703666">
        <name>1:44</name>
      </trkpt>
      <trkpt lat="35.693750" lon="139.703764">
        <name>1:45</name>
      </trkpt>
      <trkpt lat="35.693750" lon="139.703764">
        <name>1:46</name>
      </trkpt>
      <trkpt lat="35.693897" lon="139.703832">
        <name>1:47</name>
      </trkpt>
      <trkpt lat="35.694197" lon="139.703962">
        <name>1:48</name>
      </trkpt>
      <trkpt lat="35.694214" lon="139.703900">
        <name>1:49</name>
      </trkpt>
      <trkpt lat="35.694298" lon="139.703582">
        <name>1:50</name>
      </trkpt>
      <trkpt lat="35.694365" lon="139.703324">
        <name>1:51</name>
      </trkpt>
      <trkpt lat="35.694470" lon="139.703376">
        <name>1:52</name>
      </trkpt>
      <trkpt lat="35.694515" lon="139.703190">
        <name>1:53</name>
      </trkpt>
      <trkpt lat="35.694521" lon="139.703164">
        <name>1:54</name>
      </trkpt>
      <trkpt lat="35.694596" lon="139.702853">
        <name>1:55</name>
      </trkpt>
      <trkpt lat="35.694178" lon="139.702647">
        <name>1:56</name>
      </trkpt>
      <trkpt lat="35.693983" lon="139.702553">
        <name>1:57</name>
      </trkpt>
      <trkpt lat="35.693983" lon="139.702553">
        <name>1:58</name>
      </trkpt>
      <trkpt lat="35.693891" lon="139.702509">
        <name>1:59</name>
      </trkpt>
      <trkpt lat="35.694035" lon="139.701905">
        <name>2:00</name>
      </trkpt>
      <trkpt lat="35.694092" lon="139.701664">
        <name>2:01</name>
      </trkpt>
      <trkpt lat="35.694394" lon="139.701769">
        <name>2:02</name>
      </trkpt>
      <trkpt lat="35.694768" lon="139.701905">
        <name>2:03</name>
      </trkpt>
      <trkpt lat="35.694853" lon="139.701936">
        <name>2:04</name>
      </trkpt>
      <trkpt lat="35.694876" lon="139.701843">
        <name>2:05</name>
      </trkpt>
      <trkpt lat="35.694971" lon="139.701457">
        <name>2:06</name>
      </trkpt>
      <trkpt lat="35.695213" lon="139.701542">
        <name>2:07</name>
      </trkpt>
      <trkpt lat="35.695213" lon="139.701542">
        <name>2:08</name>
      </trkpt>
      <trkpt lat="35.695379" lon="139.701600">
        <name>2:09</name>
      </trkpt>
      <trkpt lat="35.695560" lon="139.701671">
        <name>2:10</name>
      </trkpt>
      <trkpt lat="35.695765" lon="139.701746">
        <name>2:11</name>
      </trkpt>
      <trkpt lat="35.695765" lon="139.701746">
        <name>2:12</name>
      </trkpt>
      <trkpt lat="35.695560" lon="139.701671">
        <name>2:13</name>
      </trkpt>
      <trkpt lat="35.695379" lon="139.701600">
        <name>2:14</name>
      </trkpt>
      <trkpt lat="35.695306" lon="139.701574">
        <name>2:15</name>
      </trkpt>
      <trkpt lat="35.695306" lon="139.701574">
        <name>2:16</name>
      </trkpt>
      <trkpt lat="35.695379" lon="139.701600">
        <name>2:17</name>
      </trkpt>
      <trkpt lat="35.695560" lon="139.701671">
        <name>2:18</name>
      </trkpt>
      <trkpt lat="35.695946" lon="139.701813">
        <name>2:19</name>
      </trkpt>
      <trkpt lat="35.695985" lon="139.701828">
        <name>2:20</name>
      </trkpt>
      <trkpt lat="35.696028" lon="139.701724">
        <name>2:21</name>
      </trkpt>
      <trkpt lat="35.696066" lon="139.701735">
        <name>2:22</name>
      </trkpt>
      <trkpt lat="35.696244" lon="139.701759">
        <name>2:23</name>
      </trkpt>
      <trkpt lat="35.696156" lon="139.702322">
        <name>2:24</name>
      </trkpt>
      <trkpt lat="35.696078" lon="139.702843">
        <name>2:25</name>
      </trkpt>
      <trkpt lat="35.695961" lon="139.703571">
        <name>2:26</name>
      </trkpt>
      <trkpt lat="35.695640" lon="139.703496">
        <name>2:27</name>
      </trkpt>
      <trkpt lat="35.695508" lon="139.703458">
        <name>2:28</name>
      </trkpt>
      <trkpt lat="35.695508" lon="139.703458">
        <name>2:29</name>
      </trkpt>
      <trkpt lat="35.695508" lon="139.703458">
        <name>2:30</name>
      </trkpt>
      <trkpt lat="35.695508" lon="139.703458">
        <name>2:31</name>
      </trkpt>
      <trkpt lat="35.695640" lon="139.703496">
        <name>2:32</name>
      </trkpt>
      <trkpt lat="35.695961" lon="139.703571">
        <name>2:33</name>
      </trkpt>
      <trkpt lat="35.695845" lon="139.704202">
        <name>2:34</name>
      </trkpt>
      <trkpt lat="35.695797" lon="139.704458">
        <name>2:35</name>
      </trkpt>
      <trkpt lat="35.695785" lon="139.704525">
        <name>2:36</name>
      </trkpt>
      <trkpt lat="35.695037" lon="139.704332">
        <name>2:37</name>
      </trkpt>
      <trkpt lat="35.694973" lon="139.704310">
        <name>2:38</name>
      </trkpt>
      <trkpt lat="35.694863" lon="139.704266">
        <name>2:39</name>
      </trkpt>
      <trkpt lat="35.694197" lon="139.703962">
        <name>2:40</name>
      </trkpt>
      <trkpt lat="35.693897" lon="139.703832">
        <name>2:41</name>
      </trkpt>
      <trkpt lat="35.693540" lon="139.703666">
        <name>2:42</name>
      </trkpt>
      <trkpt lat="35.693462" lon="139.703629">
        <name>2:43</name>
      </trkpt>
      <trkpt lat="35.693315" lon="139.703561">
        <name>2:44</name>
      </trkpt>
      <trkpt lat="35.693246" lon="139.703529">
        <name>2:45</name>
      </trkpt>
      <trkpt lat="35.693141" lon="139.703482">
        <name>2:46</name>
      </trkpt>
      <trkpt lat="35.693072" lon="139.703731">
        <name>2:47</name>
      </trkpt>
      <trkpt lat="35.692837" lon="139.704588">
        <name>2:48</name>
      </trkpt>
      <trkpt lat="35.692597" lon="139.705493">
        <name>2:49</name>
      </trkpt>
      <trkpt lat="35.692587" lon="139.705528">
        <name>2:50</name>
      </trkpt>
      <trkpt lat="35.692577" lon="139.705567">
        <name>2:51</name>
      </trkpt>
      <trkpt lat="35.692565" lon="139.705611">
        <name>2:52</name>
      </trkpt>
      <trkpt lat="35.692510" lon="139.705818">
        <name>2:53</name>
      </trkpt>
      <trkpt lat="35.692490" lon="139.705892">
        <name>2:54</name>
      </trkpt>
      <trkpt lat="35.692461" lon="139.706019">
        <name>2:55</name>
      </trkpt>
      <trkpt lat="35.692319" lon="139.706518">
        <name>2:56</name>
      </trkpt>
      <trkpt lat="35.692289" lon="139.706621">
        <name>2:57</name>
      </trkpt>
      <trkpt lat="35.692257" lon="139.706735">
        <name>2:58</name>
      </trkpt>
      <trkpt lat="35.692202" lon="139.706925">
        <name>2:59</name>
      </trkpt>
      <trkpt lat="35.692155" lon="139.707086">
        <name>3:00</name>
      </trkpt>
      <trkpt lat="35.692028" lon="139.707099">
        <name>3:01</name>
      </trkpt>
      <trkpt lat="35.692067" lon="139.706943">
        <name>3:02</name>
      </trkpt>
      <trkpt lat="35.692117" lon="139.706759">
        <name>3:03</name>
      </trkpt>
      <trkpt lat="35.692190" lon="139.706497">
        <name>3:04</name>
      </trkpt>
      <trkpt lat="35.692271" lon="139.706206">
        <name>3:05</name>
      </trkpt>
      <trkpt lat="35.692323" lon="139.706019">
        <name>3:06</name>
      </trkpt>
      <trkpt lat="35.692338" lon="139.705962">
        <name>3:07</name>
      </trkpt>
      <trkpt lat="35.692351" lon="139.705914">
        <name>3:08</name>
      </trkpt>
      <trkpt lat="35.692371" lon="139.705823">
        <name>3:09</name>
      </trkpt>
      <trkpt lat="35.692388" lon="139.705747">
        <name>3:10</name>
      </trkpt>
      <trkpt lat="35.692430" lon="139.705557">
        <name>3:11</name>
      </trkpt>
      <trkpt lat="35.692441" lon="139.705516">
        <name>3:12</name>
      </trkpt>
      <trkpt lat="35.692452" lon="139.705473">
        <name>3:13</name>
      </trkpt>
      <trkpt lat="35.692534" lon="139.705160">
        <name>3:14</name>
      </trkpt>
      <trkpt lat="35.692708" lon="139.704533">
        <name>3:15</name>
      </trkpt>
      <trkpt lat="35.692620" lon="139.704483">
        <name>3:16</name>
      </trkpt>
      <trkpt lat="35.692360" lon="139.704334">
        <name>3:17</name>
      </trkpt>
      <trkpt lat="35.692326" lon="139.704315">
        <name>3:18</name>
      </trkpt>
      <trkpt lat="35.692278" lon="139.704289">
        <name>3:19</name>
      </trkpt>
      <trkpt lat="35.692237" lon="139.704450">
        <name>3:20</name>
      </trkpt>
      <trkpt lat="35.692163" lon="139.704738">
        <name>3:21</name>
      </trkpt>
      <trkpt lat="35.692144" lon="139.704809">
        <name>3:22</name>
      </trkpt>
      <trkpt lat="35.692118" lon="139.704912">
        <name>3:23</name>
      </trkpt>
      <trkpt lat="35.692368" lon="139.705061">
        <name>3:24</name>
      </trkpt>
      <trkpt lat="35.692368" lon="139.705061">
        <name>3:25</name>
      </trkpt>
      <trkpt lat="35.692433" lon="139.705100">
        <name>3:26</name>
      </trkpt>
      <trkpt lat="35.692454" lon="139.705112">
        <name>3:27</name>
      </trkpt>
      <trkpt lat="35.692534" lon="139.705160">
        <name>3:28</name>
      </trkpt>
      <trkpt lat="35.692708" lon="139.704533">
        <name>3:29</name>
      </trkpt>
      <trkpt lat="35.692620" lon="139.704483">
        <name>3:30</name>
      </trkpt>
      <trkpt lat="35.692360" lon="139.704334">
        <name>3:31</name>
      </trkpt>
      <trkpt lat="35.692326" lon="139.704315">
        <name>3:32</name>
      </trkpt>
      <trkpt lat="35.692278" lon="139.704289">
        <name>3:33</name>
      </trkpt>
      <trkpt lat="35.692237" lon="139.704450">
        <name>3:34</name>
      </trkpt>
      <trkpt lat="35.692163" lon="139.704738">
        <name>3:35</name>
      </trkpt>
      <trkpt lat="35.692144" lon="139.704809">
        <name>3:36</name>
      </trkpt>
      <trkpt lat="35.692118" lon="139.704912">
        <name>3:37</name>
      </trkpt>
      <trkpt lat="35.692343" lon="139.705046">
        <name>3:38</name>
      </trkpt>
      <trkpt lat="35.692343" lon="139.705046">
        <name>3:39</name>
      </trkpt>
      <trkpt lat="35.692433" lon="139.705100">
        <name>3:40</name>
      </trkpt>
      <trkpt lat="35.692454" lon="139.705112">
        <name>3:41</name>
      </trkpt>
      <trkpt lat="35.692534" lon="139.705160">
        <name>3:42</name>
      </trkpt>
      <trkpt lat="35.692708" lon="139.704533">
        <name>3:43</name>
      </trkpt>
      <trkpt lat="35.692620" lon="139.704483">
        <name>3:44</name>
      </trkpt>
      <trkpt lat="35.692360" lon="139.704334">
        <name>3:45</name>
      </trkpt>
      <trkpt lat="35.692326" lon="139.704315">
        <name>3:46</name>
      </trkpt>
      <trkpt lat="35.692278" lon="139.704289">
        <name>3:47</name>
      </trkpt>
      <trkpt lat="35.692237" lon="139.704450">
        <name>3:48</name>
      </trkpt>
      <trkpt lat="35.692163" lon="139.704738">
        <name>3:49</name>
      </trkpt>
      <trkpt lat="35.692144" lon="139.704809">
        <name>3:50</name>
      </trkpt>
      <trkpt lat="35.692118" lon="139.704912">
        <name>3:51</name>
      </trkpt>
      <trkpt lat="35.692318" lon="139.705031">
        <name>3:52</name>
      </trkpt>
      <trkpt lat="35.692318" lon="139.705031">
        <name>3:53</name>
      </trkpt>
      <trkpt lat="35.692433" lon="139.705100">
        <name>3:54</name>
      </trkpt>
      <trkpt lat="35.692454" lon="139.705112">
        <name>3:55</name>
      </trkpt>
      <trkpt lat="35.692534" lon="139.705160">
        <name>3:56</name>
      </trkpt>
      <trkpt lat="35.692708" lon="139.704533">
        <name>3:57</name>
      </trkpt>
      <trkpt lat="35.692620" lon="139.704483">
        <name>3:58</name>
      </trkpt>
      <trkpt lat="35.692360" lon="139.704334">
        <name>3:59</name>
      </trkpt>
      <trkpt lat="35.692326" lon="139.704315">
        <name>4:00</name>
      </trkpt>
      <trkpt lat="35.692278" lon="139.704289">
        <name>4:01</name>
      </trkpt>
      <trkpt lat="35.692237" lon="139.704450">
        <name>4:02</name>
      </trkpt>
      <trkpt lat="35.692163" lon="139.704738">
        <name>4:03</name>
      </trkpt>
      <trkpt lat="35.692144" lon="139.704809">
        <name>4:04</name>
      </trkpt>
      <trkpt lat="35.692118" lon="139.704912">
        <name>4:05</name>
      </trkpt>
      <trkpt lat="35.692293" lon="139.705016">
        <name>4:06</name>
      </trkpt>
      <trkpt lat="35.692293" lon="139.705016">
        <name>4:07</name>
      </trkpt>
      <trkpt lat="35.692433" lon="139.705100">
        <name>4:08</name>
      </trkpt>
      <trkpt lat="35.692454" lon="139.705112">
        <name>4:09</name>
      </trkpt>
      <trkpt lat="35.692534" lon="139.705160">
        <name>4:10</name>
      </trkpt>
      <trkpt lat="35.692708" lon="139.704533">
        <name>4:11</name>
      </trkpt>
      <trkpt lat="35.692620" lon="139.704483">
        <name>4:12</name>
      </trkpt>
      <trkpt lat="35.692360" lon="139.704334">
        <name>4:13</name>
      </trkpt>
      <trkpt lat="35.692326" lon="139.704315">
        <name>4:14</name>
      </trkpt>
      <trkpt lat="35.692278" lon="139.704289">
        <name>4:15</name>
      </trkpt>
      <trkpt lat="35.692228" lon="139.704261">
        <name>4:16</name>
      </trkpt>
      <trkpt lat="35.692063" lon="139.704163">
        <name>4:17</name>
      </trkpt>
      <trkpt lat="35.691840" lon="139.704030">
        <name>4:18</name>
      </trkpt>
      <trkpt lat="35.691774" lon="139.703985">
        <name>4:19</name>
      </trkpt>
      <trkpt lat="35.691548" lon="139.703847">
        <name>4:20</name>
      </trkpt>
      <trkpt lat="35.691446" lon="139.703785">
        <name>4:21</name>
      </trkpt>
      <trkpt lat="35.691434" lon="139.703778">
        <name>4:22</name>
      </trkpt>
      <trkpt lat="35.691376" lon="139.703743">
        <name>4:23</name>
      </trkpt>
      <trkpt lat="35.691397" lon="139.703697">
        <name>4:24</name>
      </trkpt>
      <trkpt lat="35.691407" lon="139.703673">
        <name>4:25</name>
      </trkpt>
      <trkpt lat="35.691429" lon="139.703625">
        <name>4:26</name>
      </trkpt>
      <trkpt lat="35.691475" lon="139.703523">
        <name>4:27</name>
      </trkpt>
      <trkpt lat="35.691538" lon="139.703382">
        <name>4:28</name>
      </trkpt>
      <trkpt lat="35.691796" lon="139.702809">
        <name>4:29</name>
      </trkpt>
      <trkpt lat="35.691822" lon="139.702750">
        <name>4:30</name>
      </trkpt>
      <trkpt lat="35.691857" lon="139.702672">
        <name>4:31</name>
      </trkpt>
      <trkpt lat="35.691866" lon="139.702653">
        <name>4:32</name>
      </trkpt>
      <trkpt lat="35.691875" lon="139.702632">
        <name>4:33</name>
      </trkpt>
      <trkpt lat="35.691916" lon="139.702543">
        <name>4:34</name>
      </trkpt>
      <trkpt lat="35.691934" lon="139.702502">
        <name>4:35</name>
      </trkpt>
      <trkpt lat="35.691960" lon="139.702442">
        <name>4:36</name>
      </trkpt>
      <trkpt lat="35.692141" lon="139.702040">
        <name>4:37</name>
      </trkpt>
      <trkpt lat="35.692184" lon="139.701943">
        <name>4:38</name>
      </trkpt>
      <trkpt lat="35.692184" lon="139.701943">
        <name>4:39</name>
      </trkpt>
      <trkpt lat="35.692186" lon="139.701939">
        <name>4:40</name>
      </trkpt>
      <trkpt lat="35.692208" lon="139.701887">
        <name>4:41</name>
      </trkpt>
      <trkpt lat="35.692228" lon="139.701836">
        <name>4:42</name>
      </trkpt>
      <trkpt lat="35.692242" lon="139.701796">
        <name>4:43</name>
      </trkpt>
      <trkpt lat="35.692251" lon="139.701771">
        <name>4:44</name>
      </trkpt>
      <trkpt lat="35.692281" lon="139.701665">
        <name>4:45</name>
      </trkpt>
      <trkpt lat="35.692292" lon="139.701616">
        <name>4:46</name>
      </trkpt>
      <trkpt lat="35.692428" lon="139.700984">
        <name>4:47</name>
      </trkpt>
      <trkpt lat="35.692439" lon="139.700932">
        <name>4:48</name>
      </trkpt>
      <trkpt lat="35.692461" lon="139.700832">
        <name>4:49</name>
      </trkpt>
      <trkpt lat="35.692472" lon="139.700719">
        <name>4:50</name>
      </trkpt>
      <trkpt lat="35.692484" lon="139.700696">
        <name>4:51</name>
      </trkpt>
      <trkpt lat="35.692498" lon="139.700667">
        <name>4:52</name>
      </trkpt>
      <trkpt lat="35.692518" lon="139.700632">
        <name>4:53</name>
      </trkpt>
      <trkpt lat="35.692544" lon="139.700596">
        <name>4:54</name>
      </trkpt>
      <trkpt lat="35.692581" lon="139.700558">
        <name>4:55</name>
      </trkpt>
      <trkpt lat="35.692627" lon="139.700524">
        <name>4:56</name>
      </trkpt>
      <trkpt lat="35.692665" lon="139.700501">
        <name>4:57</name>
      </trkpt>
      <trkpt lat="35.692705" lon="139.700480">
        <name>4:58</name>
      </trkpt>
      <trkpt lat="35.692847" lon="139.700417">
        <name>4:59</name>
      </trkpt>
      <trkpt lat="35.692877" lon="139.700405">
        <name>5:00</name>
      </trkpt>
      <trkpt lat="35.692923" lon="139.700388">
        <name>5:01</name>
      </trkpt>
      <trkpt lat="35.692973" lon="139.700375">
        <name>5:02</name>
      </trkpt>
      <trkpt lat="35.693228" lon="139.700315">
        <name>5:03</name>
      </trkpt>
      <trkpt lat="35.693271" lon="139.700305">
        <name>5:04</name>
      </trkpt>
      <trkpt lat="35.693339" lon="139.700292">
        <name>5:05</name>
      </trkpt>
      <trkpt lat="35.693390" lon="139.700297">
        <name>5:06</name>
      </trkpt>
      <trkpt lat="35.693436" lon="139.700314">
        <name>5:07</name>
      </trkpt>
      <trkpt lat="35.693492" lon="139.700355">
        <name>5:08</name>
      </trkpt>
      <trkpt lat="35.693554" lon="139.700405">
        <name>5:09</name>
      </trkpt>
      <trkpt lat="35.693616" lon="139.700440">
        <name>5:10</name>
      </trkpt>
      <trkpt lat="35.693670" lon="139.700478">
        <name>5:11</name>
      </trkpt>
      <trkpt lat="35.693714" lon="139.700516">
        <name>5:12</name>
      </trkpt>
      <trkpt lat="35.693750" lon="139.700549">
        <name>5:13</name>
      </trkpt>
      <trkpt lat="35.693765" lon="139.700561">
        <name>5:14</name>
      </trkpt>
      <trkpt lat="35.693784" lon="139.700571">
        <name>5:15</name>
      </trkpt>
      <trkpt lat="35.693802" lon="139.700574">
        <name>5:16</name>
      </trkpt>
      <trkpt lat="35.693803" lon="139.700668">
        <name>5:17</name>
      </trkpt>
      <trkpt lat="35.693796" lon="139.700727">
        <name>5:18</name>
      </trkpt>
      <trkpt lat="35.693765" lon="139.700870">
        <name>5:19</name>
      </trkpt>
      <trkpt lat="35.693751" lon="139.700932">
        <name>5:20</name>
      </trkpt>
      <trkpt lat="35.693739" lon="139.700988">
        <name>5:21</name>
      </trkpt>
      <trkpt lat="35.693670" lon="139.701285">
        <name>5:22</name>
      </trkpt>
      <trkpt lat="35.693652" lon="139.701365">
        <name>5:23</name>
      </trkpt>
      <trkpt lat="35.693624" lon="139.701489">
        <name>5:24</name>
      </trkpt>
      <trkpt lat="35.693615" lon="139.701532">
        <name>5:25</name>
      </trkpt>
      <trkpt lat="35.693466" lon="139.702213">
        <name>5:26</name>
      </trkpt>
      <trkpt lat="35.693447" lon="139.702298">
        <name>5:27</name>
      </trkpt>
      <trkpt lat="35.693431" lon="139.702368">
        <name>5:28</name>
      </trkpt>
      <trkpt lat="35.693334" lon="139.702804">
        <name>5:29</name>
      </trkpt>
      <trkpt lat="35.693193" lon="139.703294">
        <name>5:30</name>
      </trkpt>
      <trkpt lat="35.693174" lon="139.703362">
        <name>5:31</name>
      </trkpt>
      <trkpt lat="35.693141" lon="139.703482">
        <name>5:32</name>
      </trkpt>
      <trkpt lat="35.693072" lon="139.703731">
        <name>5:33</name>
      </trkpt>
      <trkpt lat="35.692837" lon="139.704588">
        <name>5:34</name>
      </trkpt>
      <trkpt lat="35.692920" lon="139.704624">
        <name>5:35</name>
      </trkpt>
      <trkpt lat="35.692960" lon="139.704641">
        <name>5:36</name>
      </trkpt>
      <trkpt lat="35.692960" lon="139.704641">
        <name>5:37</name>
      </trkpt>
      <trkpt lat="35.692960" lon="139.704641">
        <name>5:38</name>
      </trkpt>
      <trkpt lat="35.692960" lon="139.704641">
        <name>5:39</name>
      </trkpt>
      <trkpt lat="35.692960" lon="139.704641">
        <name>5:40</name>
      </trkpt>
      <trkpt lat="35.692960" lon="139.704641">
        <name>5:41</name>
      </trkpt>
      <trkpt lat="35.692962" lon="139.704642">
        <name>5:42</name>
      </trkpt>
      <trkpt lat="35.693381" lon="139.704824">
        <name>5:43</name>
      </trkpt>
      <trkpt lat="35.693471" lon="139.704850">
        <name>5:44</name>
      </trkpt>
      <trkpt lat="35.693535" lon="139.704877">
        <name>5:45</name>
      </trkpt>
      <trkpt lat="35.693586" lon="139.704716">
        <name>5:46</name>
      </trkpt>
      <trkpt lat="35.693625" lon="139.704592">
        <name>5:47</name>
      </trkpt>
      <trkpt lat="35.693664" lon="139.704467">
        <name>5:48</name>
      </trkpt>
      <trkpt lat="35.693703" lon="139.704344">
        <name>5:49</name>
      </trkpt>
      <trkpt lat="35.693736" lon="139.704240">
        <name>5:50</name>
      </trkpt>
      <trkpt lat="35.693742" lon="139.704220">
        <name>5:51</name>
      </trkpt>
      <trkpt lat="35.693778" lon="139.704219">
        <name>5:52</name>
      </trkpt>
      <trkpt lat="35.693797" lon="139.704219">
        <name>5:53</name>
      </trkpt>
      <trkpt lat="35.693881" lon="139.703895">
        <name>5:54</name>
      </trkpt>
      <trkpt lat="35.693897" lon="139.703832">
        <name>5:55</name>
      </trkpt>
      <trkpt lat="35.694197" lon="139.703962">
        <name>5:56</name>
      </trkpt>
      <trkpt lat="35.694214" lon="139.703900">
        <name>5:57</name>
      </trkpt>
      <trkpt lat="35.694298" lon="139.703582">
        <name>5:58</name>
      </trkpt>
      <trkpt lat="35.694365" lon="139.703324">
        <name>5:59</name>
      </trkpt>
      <trkpt lat="35.694470" lon="139.703376">
        <name>6:00</name>
      </trkpt>
      <trkpt lat="35.694515" lon="139.703190">
        <name>6:01</name>
      </trkpt>
      <trkpt lat="35.694521" lon="139.703164">
        <name>6:02</name>
      </trkpt>
      <trkpt lat="35.694596" lon="139.702853">
        <name>6:03</name>
      </trkpt>
      <trkpt lat="35.694639" lon="139.702676">
        <name>6:04</name>
      </trkpt>
      <trkpt lat="35.694669" lon="139.702551">
        <name>6:05</name>
      </trkpt>
      <trkpt lat="35.694721" lon="139.702334">
        <name>6:06</name>
      </trkpt>
      <trkpt lat="35.694737" lon="139.702269">
        <name>6:07</name>
      </trkpt>
      <trkpt lat="35.694782" lon="139.702237">
        <name>6:08</name>
      </trkpt>
      <trkpt lat="35.694853" lon="139.701936">
        <name>6:09</name>
      </trkpt>
      <trkpt lat="35.694876" lon="139.701843">
        <name>6:10</name>
      </trkpt>
      <trkpt lat="35.694971" lon="139.701457">
        <name>6:11</name>
      </trkpt>
      <trkpt lat="35.695379" lon="139.701600">
        <name>6:12</name>
      </trkpt>
      <trkpt lat="35.695465" lon="139.701634">
        <name>6:13</name>
      </trkpt>
      <trkpt lat="35.695465" lon="139.701634">
        <name>6:14</name>
      </trkpt>
      <trkpt lat="35.695379" lon="139.701600">
        <name>6:15</name>
      </trkpt>
      <trkpt lat="35.694971" lon="139.701457">
        <name>6:16</name>
      </trkpt>
      <trkpt lat="35.694926" lon="139.701412">
        <name>6:17</name>
      </trkpt>
      <trkpt lat="35.694586" lon="139.701300">
        <name>6:18</name>
      </trkpt>
      <trkpt lat="35.694546" lon="139.701285">
        <name>6:19</name>
      </trkpt>
      <trkpt lat="35.693854" lon="139.701028">
        <name>6:20</name>
      </trkpt>
      <trkpt lat="35.693831" lon="139.701019">
        <name>6:21</name>
      </trkpt>
      <trkpt lat="35.693811" lon="139.701012">
        <name>6:22</name>
      </trkpt>
      <trkpt lat="35.693739" lon="139.700988">
        <name>6:23</name>
      </trkpt>
      <trkpt lat="35.693670" lon="139.701285">
        <name>6:24</name>
      </trkpt>
      <trkpt lat="35.693652" lon="139.701365">
        <name>6:25</name>
      </trkpt>
      <trkpt lat="35.693624" lon="139.701489">
        <name>6:26</name>
      </trkpt>
      <trkpt lat="35.693615" lon="139.701532">
        <name>6:27</name>
      </trkpt>
      <trkpt lat="35.693466" lon="139.702213">
        <name>6:28</name>
      </trkpt>
      <trkpt lat="35.693447" lon="139.702298">
        <name>6:29</name>
      </trkpt>
      <trkpt lat="35.693431" lon="139.702368">
        <name>6:30</name>
      </trkpt>
      <trkpt lat="35.693334" lon="139.702804">
        <name>6:31</name>
      </trkpt>
      <trkpt lat="35.693193" lon="139.703294">
        <name>6:32</name>
      </trkpt>
      <trkpt lat="35.693174" lon="139.703362">
        <name>6:33</name>
      </trkpt>
      <trkpt lat="35.693141" lon="139.703482">
        <name>6:34</name>
      </trkpt>
      <trkpt lat="35.693072" lon="139.703731">
        <name>6:35</name>
      </trkpt>
      <trkpt lat="35.692837" lon="139.704588">
        <name>6:36</name>
      </trkpt>
      <trkpt lat="35.692920" lon="139.704624">
        <name>6:37</name>
      </trkpt>
      <trkpt lat="35.692960" lon="139.704641">
        <name>6:38</name>
      </trkpt>
      <trkpt lat="35.692960" lon="139.704641">
        <name>6:39</name>
      </trkpt>
      <trkpt lat="35.692960" lon="139.704641">
        <name>6:40</name>
      </trkpt>
      <trkpt lat="35.692960" lon="139.704641">
        <name>6:41</name>
      </trkpt>
      <trkpt lat="35.692962" lon="139.704642">
        <name>6:42</name>
      </trkpt>
      <trkpt lat="35.693381" lon="139.704824">
        <name>6:43</name>
      </trkpt>
      <trkpt lat="35.693471" lon="139.704850">
        <name>6:44</name>
      </trkpt>
      <trkpt lat="35.693535" lon="139.704877">
        <name>6:45</name>
      </trkpt>
      <trkpt lat="35.693586" lon="139.704716">
        <name>6:46</name>
      </trkpt>
      <trkpt lat="35.693625" lon="139.704592">
        <name>6:47</name>
      </trkpt>
      <trkpt lat="35.693664" lon="139.704467">
        <name>6:48</name>
      </trkpt>
      <trkpt lat="35.693703" lon="139.704344">
        <name>6:49</name>
      </trkpt>
      <trkpt lat="35.693736" lon="139.704240">
        <name>6:50</name>
      </trkpt>
      <trkpt lat="35.693742" lon="139.704220">
        <name>6:51</name>
      </trkpt>
      <trkpt lat="35.693778" lon="139.704219">
        <name>6:52</name>
      </trkpt>
      <trkpt lat="35.693797" lon="139.704219">
        <name>6:53</name>
      </trkpt>
      <trkpt lat="35.693881" lon="139.703895">
        <name>6:54</name>
      </trkpt>
      <trkpt lat="35.693897" lon="139.703832">
        <name>6:55</name>
      </trkpt>
      <trkpt lat="35.694197" lon="139.703962">
        <name>6:56</name>
      </trkpt>
      <trkpt lat="35.694863" lon="139.704266">
        <name>6:57</name>
      </trkpt>
      <trkpt lat="35.694973" lon="139.704310">
        <name>6:58</name>
      </trkpt>
      <trkpt lat="35.694975" lon="139.704217">
        <name>6:59</name>
      </trkpt>
      <trkpt lat="35.695011" lon="139.704058">
        <name>7:00</name>
      </trkpt>
      <trkpt lat="35.695038" lon="139.703944">
        <name>7:01</name>
      </trkpt>
      <trkpt lat="35.695098" lon="139.703687">
        <name>7:02</name>
      </trkpt>
      <trkpt lat="35.695124" lon="139.703577">
        <name>7:03</name>
      </trkpt>
      <trkpt lat="35.695166" lon="139.703407">
        <name>7:04</name>
      </trkpt>
      <trkpt lat="35.695183" lon="139.703364">
        <name>7:05</name>
      </trkpt>
      <trkpt lat="35.695220" lon="139.703375">
        <name>7:06</name>
      </trkpt>
      <trkpt lat="35.695290" lon="139.703395">
        <name>7:07</name>
      </trkpt>
      <trkpt lat="35.695508" lon="139.703458">
        <name>7:08</name>
      </trkpt>
      <trkpt lat="35.695508" lon="139.703458">
        <name>7:09</name>
      </trkpt>
      <trkpt lat="35.695508" lon="139.703458">
        <name>7:10</name>
      </trkpt>
      <trkpt lat="35.695508" lon="139.703458">
        <name>7:11</name>
      </trkpt>
      <trkpt lat="35.695640" lon="139.703496">
        <name>7:12</name>
      </trkpt>
      <trkpt lat="35.695961" lon="139.703571">
        <name>7:13</name>
      </trkpt>
      <trkpt lat="35.695845" lon="139.704202">
        <name>7:14</name>
      </trkpt>
      <trkpt lat="35.695797" lon="139.704458">
        <name>7:15</name>
      </trkpt>
      <trkpt lat="35.695785" lon="139.704525">
        <name>7:16</name>
      </trkpt>
      <trkpt lat="35.695037" lon="139.704332">
        <name>7:17</name>
      </trkpt>
      <trkpt lat="35.694973" lon="139.704310">
        <name>7:18</name>
      </trkpt>
      <trkpt lat="35.694863" lon="139.704266">
        <name>7:19</name>
      </trkpt>
      <trkpt lat="35.694197" lon="139.703962">
        <name>7:20</name>
      </trkpt>
      <trkpt lat="35.693897" lon="139.703832">
        <name>7:21</name>
      </trkpt>
      <trkpt lat="35.693540" lon="139.703666">
        <name>7:22</name>
      </trkpt>
      <trkpt lat="35.693462" lon="139.703629">
        <name>7:23</name>
      </trkpt>
      <trkpt lat="35.693315" lon="139.703561">
        <name>7:24</name>
      </trkpt>
      <trkpt lat="35.693246" lon="139.703529">
        <name>7:25</name>
      </trkpt>
      <trkpt lat="35.693141" lon="139.703482">
        <name>7:26</name>
      </trkpt>
      <trkpt lat="35.693021" lon="139.703427">
        <name>7:27</name>
      </trkpt>
      <trkpt lat="35.693054" lon="139.703311">
        <name>7:28</name>
      </trkpt>
      <trkpt lat="35.693066" lon="139.703265">
        <name>7:29</name>
      </trkpt>
      <trkpt lat="35.693196" lon="139.702808">
        <name>7:30</name>
      </trkpt>
      <trkpt lat="35.693224" lon="139.702686">
        <name>7:31</name>
      </trkpt>
      <trkpt lat="35.693290" lon="139.702404">
        <name>7:32</name>
      </trkpt>
      <trkpt lat="35.693308" lon="139.702326">
        <name>7:33</name>
      </trkpt>
      <trkpt lat="35.693326" lon="139.702246">
        <name>7:34</name>
      </trkpt>
      <trkpt lat="35.693453" lon="139.701673">
        <name>7:35</name>
      </trkpt>
      <trkpt lat="35.693473" lon="139.701582">
        <name>7:36</name>
      </trkpt>
      <trkpt lat="35.693493" lon="139.701491">
        <name>7:37</name>
      </trkpt>
      <trkpt lat="35.693518" lon="139.701379">
        <name>7:38</name>
      </trkpt>
      <trkpt lat="35.693528" lon="139.701329">
        <name>7:39</name>
      </trkpt>
      <trkpt lat="35.693598" lon="139.700967">
        <name>7:40</name>
      </trkpt>
      <trkpt lat="35.693609" lon="139.700904">
        <name>7:41</name>
      </trkpt>
      <trkpt lat="35.693618" lon="139.700846">
        <name>7:42</name>
      </trkpt>
      <trkpt lat="35.693624" lon="139.700799">
        <name>7:43</name>
      </trkpt>
      <trkpt lat="35.693625" lon="139.700754">
        <name>7:44</name>
      </trkpt>
      <trkpt lat="35.693624" lon="139.700713">
        <name>7:45</name>
      </trkpt>
      <trkpt lat="35.693619" lon="139.700669">
        <name>7:46</name>
      </trkpt>
      <trkpt lat="35.693600" lon="139.700587">
        <name>7:47</name>
      </trkpt>
      <trkpt lat="35.693554" lon="139.700405">
        <name>7:48</name>
      </trkpt>
      <trkpt lat="35.693489" lon="139.700380">
        <name>7:49</name>
      </trkpt>
      <trkpt lat="35.693438" lon="139.700366">
        <name>7:50</name>
      </trkpt>
      <trkpt lat="35.693391" lon="139.700363">
        <name>7:51</name>
      </trkpt>
      <trkpt lat="35.693350" lon="139.700366">
        <name>7:52</name>
      </trkpt>
      <trkpt lat="35.693281" lon="139.700379">
        <name>7:53</name>
      </trkpt>
      <trkpt lat="35.693186" lon="139.700402">
        <name>7:54</name>
      </trkpt>
      <trkpt lat="35.692956" lon="139.700460">
        <name>7:55</name>
      </trkpt>
      <trkpt lat="35.692926" lon="139.700469">
        <name>7:56</name>
      </trkpt>
      <trkpt lat="35.692898" lon="139.700478">
        <name>7:57</name>
      </trkpt>
      <trkpt lat="35.692866" lon="139.700489">
        <name>7:58</name>
      </trkpt>
      <trkpt lat="35.692758" lon="139.700539">
        <name>7:59</name>
      </trkpt>
      <trkpt lat="35.692718" lon="139.700557">
        <name>8:00</name>
      </trkpt>
      <trkpt lat="35.692681" lon="139.700577">
        <name>8:01</name>
      </trkpt>
      <trkpt lat="35.692645" lon="139.700600">
        <name>8:02</name>
      </trkpt>
      <trkpt lat="35.692612" lon="139.700629">
        <name>8:03</name>
      </trkpt>
      <trkpt lat="35.692586" lon="139.700657">
        <name>8:04</name>
      </trkpt>
      <trkpt lat="35.692562" lon="139.700686">
        <name>8:05</name>
      </trkpt>
      <trkpt lat="35.692549" lon="139.700707">
        <name>8:06</name>
      </trkpt>
      <trkpt lat="35.692539" lon="139.700727">
        <name>8:07</name>
      </trkpt>
      <trkpt lat="35.692527" lon="139.700752">
        <name>8:08</name>
      </trkpt>
      <trkpt lat="35.692461" lon="139.700832">
        <name>8:09</name>
      </trkpt>
      <trkpt lat="35.692439" lon="139.700932">
        <name>8:10</name>
      </trkpt>
      <trkpt lat="35.692428" lon="139.700984">
        <name>8:11</name>
      </trkpt>
      <trkpt lat="35.692292" lon="139.701616">
        <name>8:12</name>
      </trkpt>
      <trkpt lat="35.692281" lon="139.701665">
        <name>8:13</name>
      </trkpt>
      <trkpt lat="35.692251" lon="139.701771">
        <name>8:14</name>
      </trkpt>
      <trkpt lat="35.692242" lon="139.701796">
        <name>8:15</name>
      </trkpt>
      <trkpt lat="35.692228" lon="139.701836">
        <name>8:16</name>
      </trkpt>
      <trkpt lat="35.692208" lon="139.701887">
        <name>8:17</name>
      </trkpt>
      <trkpt lat="35.692186" lon="139.701939">
        <name>8:18</name>
      </trkpt>
      <trkpt lat="35.692141" lon="139.702040">
        <name>8:19</name>
      </trkpt>
      <trkpt lat="35.692119" lon="139.702089">
        <name>8:20</name>
      </trkpt>
      <trkpt lat="35.692119" lon="139.702089">
        <name>8:21</name>
      </trkpt>
      <trkpt lat="35.691960" lon="139.702442">
        <name>8:22</name>
      </trkpt>
      <trkpt lat="35.691934" lon="139.702502">
        <name>8:23</name>
      </trkpt>
      <trkpt lat="35.691916" lon="139.702543">
        <name>8:24</name>
      </trkpt>
      <trkpt lat="35.691875" lon="139.702632">
        <name>8:25</name>
      </trkpt>
      <trkpt lat="35.691866" lon="139.702653">
        <name>8:26</name>
      </trkpt>
      <trkpt lat="35.691857" lon="139.702672">
        <name>8:27</name>
      </trkpt>
      <trkpt lat="35.691822" lon="139.702750">
        <name>8:28</name>
      </trkpt>
      <trkpt lat="35.691796" lon="139.702809">
        <name>8:29</name>
      </trkpt>
      <trkpt lat="35.691538" lon="139.703382">
        <name>8:30</name>
      </trkpt>
      <trkpt lat="35.691607" lon="139.703427">
        <name>8:31</name>
      </trkpt>
      <trkpt lat="35.692001" lon="139.703685">
        <name>8:32</name>
      </trkpt>
      <trkpt lat="35.692162" lon="139.703367">
        <name>8:33</name>
      </trkpt>
      <trkpt lat="35.692173" lon="139.703357">
        <name>8:34</name>
      </trkpt>
      <trkpt lat="35.692194" lon="139.703355">
        <name>8:35</name>
      </trkpt>
      <trkpt lat="35.692221" lon="139.703363">
        <name>8:36</name>
      </trkpt>
      <trkpt lat="35.692476" lon="139.703517">
        <name>8:37</name>
      </trkpt>
      <trkpt lat="35.692526" lon="139.703548">
        <name>8:38</name>
      </trkpt>
      <trkpt lat="35.692514" lon="139.703603">
        <name>8:39</name>
      </trkpt>
      <trkpt lat="35.692311" lon="139.704190">
        <name>8:40</name>
      </trkpt>
      <trkpt lat="35.692295" lon="139.704239">
        <name>8:41</name>
      </trkpt>
      <trkpt lat="35.692278" lon="139.704289">
        <name>8:42</name>
      </trkpt>
      <trkpt lat="35.692237" lon="139.704450">
        <name>8:43</name>
      </trkpt>
      <trkpt lat="35.692163" lon="139.704738">
        <name>8:44</name>
      </trkpt>
      <trkpt lat="35.692144" lon="139.704809">
        <name>8:45</name>
      </trkpt>
      <trkpt lat="35.692118" lon="139.704912">
        <name>8:46</name>
      </trkpt>
      <trkpt lat="35.692052" lon="139.705063">
        <name>8:47</name>
      </trkpt>
      <trkpt lat="35.692052" lon="139.705063">
        <name>8:48</name>
      </trkpt>
      <trkpt lat="35.692045" lon="139.705079">
        <name>8:49</name>
      </trkpt>
      <trkpt lat="35.692045" lon="139.705079">
        <name>8:50</name>
      </trkpt>
      <trkpt lat="35.692038" lon="139.705095">
        <name>8:51</name>
      </trkpt>
      <trkpt lat="35.692038" lon="139.705095">
        <name>8:52</name>
      </trkpt>
      <trkpt lat="35.692031" lon="139.705110">
        <name>8:53</name>
      </trkpt>
      <trkpt lat="35.692031" lon="139.705110">
        <name>8:54</name>
      </trkpt>
      <trkpt lat="35.692024" lon="139.705126">
        <name>8:55</name>
      </trkpt>
      <trkpt lat="35.692024" lon="139.705126">
        <name>8:56</name>
      </trkpt>
      <trkpt lat="35.692017" lon="139.705142">
        <name>8:57</name>
      </trkpt>
      <trkpt lat="35.692017" lon="139.705142">
        <name>8:58</name>
      </trkpt>
      <trkpt lat="35.692010" lon="139.705158">
        <name>8:59</name>
      </trkpt>
      <trkpt lat="35.692010" lon="139.705158">
        <name>9:00</name>
      </trkpt>
      <trkpt lat="35.691935" lon="139.705328">
        <name>9:01</name>
      </trkpt>
      <trkpt lat="35.691915" lon="139.705373">
        <name>9:02</name>
      </trkpt>
      <trkpt lat="35.691872" lon="139.705440">
        <name>9:03</name>
      </trkpt>
      <trkpt lat="35.692197" lon="139.705635">
        <name>9:04</name>
      </trkpt>
      <trkpt lat="35.692245" lon="139.705663">
        <name>9:05</name>
      </trkpt>
      <trkpt lat="35.692388" lon="139.705747">
        <name>9:06</name>
      </trkpt>
      <trkpt lat="35.692430" lon="139.705557">
        <name>9:07</name>
      </trkpt>
      <trkpt lat="35.692441" lon="139.705516">
        <name>9:08</name>
      </trkpt>
      <trkpt lat="35.692452" lon="139.705473">
        <name>9:09</name>
      </trkpt>
      <trkpt lat="35.692534" lon="139.705160">
        <name>9:10</name>
      </trkpt>
      <trkpt lat="35.692708" lon="139.704533">
        <name>9:11</name>
      </trkpt>
      <trkpt lat="35.692778" lon="139.704288">
        <name>9:12</name>
      </trkpt>
      <trkpt lat="35.692836" lon="139.704078">
        <name>9:13</name>
      </trkpt>
      <trkpt lat="35.692931" lon="139.703745">
        <name>9:14</name>
      </trkpt>
      <trkpt lat="35.692950" lon="139.703680">
        <name>9:15</name>
      </trkpt>
      <trkpt lat="35.692997" lon="139.703512">
        <name>9:16</name>
      </trkpt>
      <trkpt lat="35.693021" lon="139.703427">
        <name>9:17</name>
      </trkpt>
      <trkpt lat="35.693141" lon="139.703482">
        <name>9:18</name>
      </trkpt>
      <trkpt lat="35.693246" lon="139.703529">
        <name>9:19</name>
      </trkpt>
      <trkpt lat="35.693315" lon="139.703561">
        <name>9:20</name>
      </trkpt>
      <trkpt lat="35.693462" lon="139.703629">
        <name>9:21</name>
      </trkpt>
      <trkpt lat="35.693540" lon="139.703666">
        <name>9:22</name>
      </trkpt>
      <trkpt lat="35.693897" lon="139.703832">
        <name>9:23</name>
      </trkpt>
      <trkpt lat="35.694197" lon="139.703962">
        <name>9:24</name>
      </trkpt>
      <trkpt lat="35.694863" lon="139.704266">
        <name>9:25</name>
      </trkpt>
      <trkpt lat="35.694973" lon="139.704310">
        <name>9:26</name>
      </trkpt>
      <trkpt lat="35.694975" lon="139.704217">
        <name>9:27</name>
      </trkpt>
      <trkpt lat="35.695011" lon="139.704058">
        <name>9:28</name>
      </trkpt>
      <trkpt lat="35.695038" lon="139.703944">
        <name>9:29</name>
      </trkpt>
      <trkpt lat="35.695081" lon="139.703758">
        <name>9:30</name>
      </trkpt>
      <trkpt lat="35.695081" lon="139.703758">
        <name>9:31</name>
      </trkpt>
      <trkpt lat="35.695098" lon="139.703687">
        <name>9:32</name>
      </trkpt>
      <trkpt lat="35.695124" lon="139.703577">
        <name>9:33</name>
      </trkpt>
      <trkpt lat="35.695166" lon="139.703407">
        <name>9:34</name>
      </trkpt>
      <trkpt lat="35.695128" lon="139.703392">
        <name>9:35</name>
      </trkpt>
      <trkpt lat="35.695104" lon="139.703383">
        <name>9:36</name>
      </trkpt>
      <trkpt lat="35.695104" lon="139.703383">
        <name>9:37</name>
      </trkpt>
      <trkpt lat="35.694521" lon="139.703164">
        <name>9:38</name>
      </trkpt>
      <trkpt lat="35.694596" lon="139.702853">
        <name>9:39</name>
      </trkpt>
      <trkpt lat="35.694178" lon="139.702647">
        <name>9:40</name>
      </trkpt>
      <trkpt lat="35.693891" lon="139.702509">
        <name>9:41</name>
      </trkpt>
      <trkpt lat="35.693583" lon="139.702358">
        <name>9:42</name>
      </trkpt>
      <trkpt lat="35.693578" lon="139.702356">
        <name>9:43</name>
      </trkpt>
      <trkpt lat="35.693541" lon="139.702337">
        <name>9:44</name>
      </trkpt>
      <trkpt lat="35.693447" lon="139.702298">
        <name>9:45</name>
      </trkpt>
      <trkpt lat="35.693431" lon="139.702368">
        <name>9:46</name>
      </trkpt>
      <trkpt lat="35.693334" lon="139.702804">
        <name>9:47</name>
      </trkpt>
      <trkpt lat="35.693193" lon="139.703294">
        <name>9:48</name>
      </trkpt>
      <trkpt lat="35.693174" lon="139.703362">
        <name>9:49</name>
      </trkpt>
      <trkpt lat="35.693141" lon="139.703482">
        <name>9:50</name>
      </trkpt>
      <trkpt lat="35.693072" lon="139.703731">
        <name>9:51</name>
      </trkpt>
      <trkpt lat="35.692837" lon="139.704588">
        <name>9:52</name>
      </trkpt>
      <trkpt lat="35.692597" lon="139.705493">
        <name>9:53</name>
      </trkpt>
      <trkpt lat="35.692587" lon="139.705528">
        <name>9:54</name>
      </trkpt>
      <trkpt lat="35.692577" lon="139.705567">
        <name>9:55</name>
      </trkpt>
      <trkpt lat="35.692565" lon="139.705611">
        <name>9:56</name>
      </trkpt>
      <trkpt lat="35.692510" lon="139.705818">
        <name>9:57</name>
      </trkpt>
      <trkpt lat="35.692490" lon="139.705892">
        <name>9:58</name>
      </trkpt>
      <trkpt lat="35.692371" lon="139.705823">
        <name>9:59</name>
      </trkpt>
      <trkpt lat="35.692221" lon="139.705735">
        <name>10:00</name>
      </trkpt>
      <trkpt lat="35.691893" lon="139.705539">
        <name>10:01</name>
      </trkpt>
      <trkpt lat="35.691832" lon="139.705503">
        <name>10:02</name>
      </trkpt>
      <trkpt lat="35.691769" lon="139.705465">
        <name>10:03</name>
      </trkpt>
      <trkpt lat="35.691498" lon="139.705306">
        <name>10:04</name>
      </trkpt>
      <trkpt lat="35.691326" lon="139.705192">
        <name>10:05</name>
      </trkpt>
      <trkpt lat="35.691188" lon="139.705110">
        <name>10:06</name>
      </trkpt>
      <trkpt lat="35.691024" lon="139.705014">
        <name>10:07</name>
      </trkpt>
      <trkpt lat="35.690851" lon="139.704908">
        <name>10:08</name>
      </trkpt>
      <trkpt lat="35.690884" lon="139.704836">
        <name>10:09</name>
      </trkpt>
      <trkpt lat="35.691052" lon="139.704943">
        <name>10:10</name>
      </trkpt>
      <trkpt lat="35.691354" lon="139.705119">
        <name>10:11</name>
      </trkpt>
      <trkpt lat="35.691536" lon="139.705241">
        <name>10:12</name>
      </trkpt>
      <trkpt lat="35.691576" lon="139.705265">
        <name>10:13</name>
      </trkpt>
      <trkpt lat="35.691576" lon="139.705265">
        <name>10:14</name>
      </trkpt>
      <trkpt lat="35.691766" lon="139.705377">
        <name>10:15</name>
      </trkpt>
      <trkpt lat="35.691810" lon="139.705402">
        <name>10:16</name>
      </trkpt>
      <trkpt lat="35.691872" lon="139.705440">
        <name>10:17</name>
      </trkpt>
      <trkpt lat="35.691832" lon="139.705503">
        <name>10:18</name>
      </trkpt>
      <trkpt lat="35.691769" lon="139.705465">
        <name>10:19</name>
      </trkpt>
      <trkpt lat="35.691498" lon="139.705306">
        <name>10:20</name>
      </trkpt>
      <trkpt lat="35.691326" lon="139.705192">
        <name>10:21</name>
      </trkpt>
      <trkpt lat="35.691188" lon="139.705110">
        <name>10:22</name>
      </trkpt>
      <trkpt lat="35.691024" lon="139.705014">
        <name>10:23</name>
      </trkpt>
      <trkpt lat="35.690851" lon="139.704908">
        <name>10:24</name>
      </trkpt>
      <trkpt lat="35.690884" lon="139.704836">
        <name>10:25</name>
      </trkpt>
      <trkpt lat="35.690953" lon="139.704688">
        <name>10:26</name>
      </trkpt>
      <trkpt lat="35.691328" lon="139.703851">
        <name>10:27</name>
      </trkpt>
      <trkpt lat="35.691376" lon="139.703743">
        <name>10:28</name>
      </trkpt>
      <trkpt lat="35.691397" lon="139.703697">
        <name>10:29</name>
      </trkpt>
      <trkpt lat="35.691407" lon="139.703673">
        <name>10:30</name>
      </trkpt>
      <trkpt lat="35.691429" lon="139.703625">
        <name>10:31</name>
      </trkpt>
      <trkpt lat="35.691475" lon="139.703523">
        <name>10:32</name>
      </trkpt>
      <trkpt lat="35.691538" lon="139.703382">
        <name>10:33</name>
      </trkpt>
      <trkpt lat="35.691796" lon="139.702809">
        <name>10:34</name>
      </trkpt>
      <trkpt lat="35.691822" lon="139.702750">
        <name>10:35</name>
      </trkpt>
      <trkpt lat="35.691857" lon="139.702672">
        <name>10:36</name>
      </trkpt>
      <trkpt lat="35.691866" lon="139.702653">
        <name>10:37</name>
      </trkpt>
      <trkpt lat="35.691875" lon="139.702632">
        <name>10:38</name>
      </trkpt>
      <trkpt lat="35.691916" lon="139.702543">
        <name>10:39</name>
      </trkpt>
      <trkpt lat="35.691934" lon="139.702502">
        <name>10:40</name>
      </trkpt>
      <trkpt lat="35.691960" lon="139.702442">
        <name>10:41</name>
      </trkpt>
      <trkpt lat="35.692141" lon="139.702040">
        <name>10:42</name>
      </trkpt>
      <trkpt lat="35.692186" lon="139.701939">
        <name>10:43</name>
      </trkpt>
      <trkpt lat="35.692208" lon="139.701887">
        <name>10:44</name>
      </trkpt>
      <trkpt lat="35.692228" lon="139.701836">
        <name>10:45</name>
      </trkpt>
      <trkpt lat="35.692242" lon="139.701796">
        <name>10:46</name>
      </trkpt>
      <trkpt lat="35.692251" lon="139.701771">
        <name>10:47</name>
      </trkpt>
      <trkpt lat="35.692228" lon="139.701759">
        <name>10:48</name>
      </trkpt>
      <trkpt lat="35.692133" lon="139.701710">
        <name>10:49</name>
      </trkpt>
      <trkpt lat="35.692090" lon="139.701686">
        <name>10:50</name>
      </trkpt>
      <trkpt lat="35.691909" lon="139.701582">
        <name>10:51</name>
      </trkpt>
      <trkpt lat="35.691889" lon="139.701572">
        <name>10:52</name>
      </trkpt>
      <trkpt lat="35.691860" lon="139.701560">
        <name>10:53</name>
      </trkpt>
      <trkpt lat="35.691841" lon="139.701554">
        <name>10:54</name>
      </trkpt>
      <trkpt lat="35.691807" lon="139.701678">
        <name>10:55</name>
      </trkpt>
      <trkpt lat="35.691680" lon="139.702018">
        <name>10:56</name>
      </trkpt>
      <trkpt lat="35.691680" lon="139.702018">
        <name>10:57</name>
      </trkpt>
      <trkpt lat="35.691654" lon="139.702086">
        <name>10:58</name>
      </trkpt>
      <trkpt lat="35.691597" lon="139.702054">
        <name>10:59</name>
      </trkpt>
      <trkpt lat="35.691597" lon="139.702054">
        <name>11:00</name>
      </trkpt>
      <trkpt lat="35.691571" lon="139.702040">
        <name>11:01</name>
      </trkpt>
      <trkpt lat="35.691571" lon="139.702040">
        <name>11:02</name>
      </trkpt>
      <trkpt lat="35.691546" lon="139.702025">
        <name>11:03</name>
      </trkpt>
      <trkpt lat="35.691546" lon="139.702025">
        <name>11:04</name>
      </trkpt>
      <trkpt lat="35.691520" lon="139.702011">
        <name>11:05</name>
      </trkpt>
      <trkpt lat="35.691520" lon="139.702011">
        <name>11:06</name>
      </trkpt>
      <trkpt lat="35.691494" lon="139.701996">
        <name>11:07</name>
      </trkpt>
      <trkpt lat="35.691494" lon="139.701996">
        <name>11:08</name>
      </trkpt>
      <trkpt lat="35.691469" lon="139.701982">
        <name>11:09</name>
      </trkpt>
      <trkpt lat="35.691469" lon="139.701982">
        <name>11:10</name>
      </trkpt>
      <trkpt lat="35.691443" lon="139.701968">
        <name>11:11</name>
      </trkpt>
      <trkpt lat="35.691443" lon="139.701968">
        <name>11:12</name>
      </trkpt>
      <trkpt lat="35.691417" lon="139.701953">
        <name>11:13</name>
      </trkpt>
      <trkpt lat="35.691417" lon="139.701953">
        <name>11:14</name>
      </trkpt>
      <trkpt lat="35.691392" lon="139.701939">
        <name>11:15</name>
      </trkpt>
      <trkpt lat="35.691392" lon="139.701939">
        <name>11:16</name>
      </trkpt>
      <trkpt lat="35.691654" lon="139.702086">
        <name>11:17</name>
      </trkpt>
      <trkpt lat="35.691807" lon="139.701678">
        <name>11:18</name>
      </trkpt>
      <trkpt lat="35.691841" lon="139.701554">
        <name>11:19</name>
      </trkpt>
      <trkpt lat="35.691860" lon="139.701560">
        <name>11:20</name>
      </trkpt>
      <trkpt lat="35.691889" lon="139.701572">
        <name>11:21</name>
      </trkpt>
      <trkpt lat="35.691909" lon="139.701582">
        <name>11:22</name>
      </trkpt>
      <trkpt lat="35.692090" lon="139.701686">
        <name>11:23</name>
      </trkpt>
      <trkpt lat="35.692133" lon="139.701710">
        <name>11:24</name>
      </trkpt>
      <trkpt lat="35.692228" lon="139.701759">
        <name>11:25</name>
      </trkpt>
      <trkpt lat="35.692251" lon="139.701771">
        <name>11:26</name>
      </trkpt>
      <trkpt lat="35.692242" lon="139.701796">
        <name>11:27</name>
      </trkpt>
      <trkpt lat="35.692228" lon="139.701836">
        <name>11:28</name>
      </trkpt>
      <trkpt lat="35.692208" lon="139.701887">
        <name>11:29</name>
      </trkpt>
      <trkpt lat="35.692186" lon="139.701939">
        <name>11:30</name>
      </trkpt>
      <trkpt lat="35.692141" lon="139.702040">
        <name>11:31</name>
      </trkpt>
      <trkpt lat="35.691960" lon="139.702442">
        <name>11:32</name>
      </trkpt>
      <trkpt lat="35.691934" lon="139.702502">
        <name>11:33</name>
      </trkpt>
      <trkpt lat="35.691916" lon="139.702543">
        <name>11:34</name>
      </trkpt>
      <trkpt lat="35.691875" lon="139.702632">
        <name>11:35</name>
      </trkpt>
      <trkpt lat="35.691866" lon="139.702653">
        <name>11:36</name>
      </trkpt>
      <trkpt lat="35.691857" lon="139.702672">
        <name>11:37</name>
      </trkpt>
      <trkpt lat="35.691822" lon="139.702750">
        <name>11:38</name>
      </trkpt>
      <trkpt lat="35.691796" lon="139.702809">
        <name>11:39</name>
      </trkpt>
      <trkpt lat="35.691538" lon="139.703382">
        <name>11:40</name>
      </trkpt>
      <trkpt lat="35.691475" lon="139.703523">
        <name>11:41</name>
      </trkpt>
      <trkpt lat="35.691429" lon="139.703625">
        <name>11:42</name>
      </trkpt>
      <trkpt lat="35.691407" lon="139.703673">
        <name>11:43</name>
      </trkpt>
      <trkpt lat="35.691397" lon="139.703697">
        <name>11:44</name>
      </trkpt>
      <trkpt lat="35.691376" lon="139.703743">
        <name>11:45</name>
      </trkpt>
      <trkpt lat="35.691328" lon="139.703851">
        <name>11:46</name>
      </trkpt>
      <trkpt lat="35.690953" lon="139.704688">
        <name>11:47</name>
      </trkpt>
      <trkpt lat="35.690884" lon="139.704836">
        <name>11:48</name>
      </trkpt>
      <trkpt lat="35.691052" lon="139.704943">
        <name>11:49</name>
      </trkpt>
      <trkpt lat="35.691304" lon="139.705090">
        <name>11:50</name>
      </trkpt>
      <trkpt lat="35.691304" lon="139.705090">
        <name>11:51</name>
      </trkpt>
      <trkpt lat="35.691354" lon="139.705119">
        <name>11:52</name>
      </trkpt>
      <trkpt lat="35.691536" lon="139.705241">
        <name>11:53</name>
      </trkpt>
      <trkpt lat="35.691766" lon="139.705377">
        <name>11:54</name>
      </trkpt>
      <trkpt lat="35.691810" lon="139.705402">
        <name>11:55</name>
      </trkpt>
      <trkpt lat="35.691872" lon="139.705440">
        <name>11:56</name>
      </trkpt>
      <trkpt lat="35.691832" lon="139.705503">
        <name>11:57</name>
      </trkpt>
      <trkpt lat="35.691769" lon="139.705465">
        <name>11:58</name>
      </trkpt>
      <trkpt lat="35.691498" lon="139.705306">
        <name>11:59</name>
      </trkpt>
      <trkpt lat="35.691326" lon="139.705192">
        <name>12:00</name>
      </trkpt>
      <trkpt lat="35.691188" lon="139.705110">
        <name>12:01</name>
      </trkpt>
      <trkpt lat="35.691024" lon="139.705014">
        <name>12:02</name>
      </trkpt>
      <trkpt lat="35.690851" lon="139.704908">
        <name>12:03</name>
      </trkpt>
      <trkpt lat="35.690884" lon="139.704836">
        <name>12:04</name>
      </trkpt>
      <trkpt lat="35.691052" lon="139.704943">
        <name>12:05</name>
      </trkpt>
      <trkpt lat="35.691278" lon="139.705075">
        <name>12:06</name>
      </trkpt>
      <trkpt lat="35.691278" lon="139.705075">
        <name>12:07</name>
      </trkpt>
      <trkpt lat="35.691354" lon="139.705119">
        <name>12:08</name>
      </trkpt>
      <trkpt lat="35.691536" lon="139.705241">
        <name>12:09</name>
      </trkpt>
      <trkpt lat="35.691766" lon="139.705377">
        <name>12:10</name>
      </trkpt>
      <trkpt lat="35.691810" lon="139.705402">
        <name>12:11</name>
      </trkpt>
      <trkpt lat="35.691872" lon="139.705440">
        <name>12:12</name>
      </trkpt>
      <trkpt lat="35.691832" lon="139.705503">
        <name>12:13</name>
      </trkpt>
      <trkpt lat="35.691769" lon="139.705465">
        <name>12:14</name>
      </trkpt>
      <trkpt lat="35.691498" lon="139.705306">
        <name>12:15</name>
      </trkpt>
      <trkpt lat="35.691326" lon="139.705192">
        <name>12:16</name>
      </trkpt>
      <trkpt lat="35.691188" lon="139.705110">
        <name>12:17</name>
      </trkpt>
      <trkpt lat="35.691024" lon="139.705014">
        <name>12:18</name>
      </trkpt>
      <trkpt lat="35.690851" lon="139.704908">
        <name>12:19</name>
      </trkpt>
      <trkpt lat="35.690884" lon="139.704836">
        <name>12:20</name>
      </trkpt>
      <trkpt lat="35.691052" lon="139.704943">
        <name>12:21</name>
      </trkpt>
      <trkpt lat="35.691253" lon="139.705060">
        <name>12:22</name>
      </trkpt>
      <trkpt lat="35.691253" lon="139.705060">
        <name>12:23</name>
      </trkpt>
      <trkpt lat="35.691354" lon="139.705119">
        <name>12:24</name>
      </trkpt>
      <trkpt lat="35.691536" lon="139.705241">
        <name>12:25</name>
      </trkpt>
      <trkpt lat="35.691766" lon="139.705377">
        <name>12:26</name>
      </trkpt>
      <trkpt lat="35.691810" lon="139.705402">
        <name>12:27</name>
      </trkpt>
      <trkpt lat="35.691872" lon="139.705440">
        <name>12:28</name>
      </trkpt>
      <trkpt lat="35.692197" lon="139.705635">
        <name>12:29</name>
      </trkpt>
      <trkpt lat="35.692245" lon="139.705663">
        <name>12:30</name>
      </trkpt>
      <trkpt lat="35.692388" lon="139.705747">
        <name>12:31</name>
      </trkpt>
      <trkpt lat="35.692430" lon="139.705557">
        <name>12:32</name>
      </trkpt>
      <trkpt lat="35.692441" lon="139.705516">
        <name>12:33</name>
      </trkpt>
      <trkpt lat="35.692452" lon="139.705473">
        <name>12:34</name>
      </trkpt>
      <trkpt lat="35.692534" lon="139.705160">
        <name>12:35</name>
      </trkpt>
      <trkpt lat="35.692708" lon="139.704533">
        <name>12:36</name>
      </trkpt>
      <trkpt lat="35.692778" lon="139.704288">
        <name>12:37</name>
      </trkpt>
      <trkpt lat="35.692836" lon="139.704078">
        <name>12:38</name>
      </trkpt>
      <trkpt lat="35.692931" lon="139.703745">
        <name>12:39</name>
      </trkpt>
      <trkpt lat="35.692950" lon="139.703680">
        <name>12:40</name>
      </trkpt>
      <trkpt lat="35.692997" lon="139.703512">
        <name>12:41</name>
      </trkpt>
      <trkpt lat="35.693021" lon="139.703427">
        <name>12:42</name>
      </trkpt>
      <trkpt lat="35.693141" lon="139.703482">
        <name>12:43</name>
      </trkpt>
      <trkpt lat="35.693246" lon="139.703529">
        <name>12:44</name>
      </trkpt>
      <trkpt lat="35.693315" lon="139.703561">
        <name>12:45</name>
      </trkpt>
      <trkpt lat="35.693462" lon="139.703629">
        <name>12:46</name>
      </trkpt>
      <trkpt lat="35.693540" lon="139.703666">
        <name>12:47</name>
      </trkpt>
      <trkpt lat="35.693897" lon="139.703832">
        <name>12:48</name>
      </trkpt>
      <trkpt lat="35.694197" lon="139.703962">
        <name>12:49</name>
      </trkpt>
      <trkpt lat="35.694863" lon="139.704266">
        <name>12:50</name>
      </trkpt>
      <trkpt lat="35.694973" lon="139.704310">
        <name>12:51</name>
      </trkpt>
      <trkpt lat="35.694975" lon="139.704217">
        <name>12:52</name>
      </trkpt>
      <trkpt lat="35.695011" lon="139.704058">
        <name>12:53</name>
      </trkpt>
      <trkpt lat="35.695038" lon="139.703944">
        <name>12:54</name>
      </trkpt>
      <trkpt lat="35.695098" lon="139.703687">
        <name>12:55</name>
      </trkpt>
      <trkpt lat="35.695124" lon="139.703577">
        <name>12:56</name>
      </trkpt>
      <trkpt lat="35.695166" lon="139.703407">
        <name>12:57</name>
      </trkpt>
      <trkpt lat="35.695183" lon="139.703364">
        <name>12:58</name>
      </trkpt>
      <trkpt lat="35.695220" lon="139.703375">
        <name>12:59</name>
      </trkpt>
      <trkpt lat="35.695290" lon="139.703395">
        <name>13:00</name>
      </trkpt>
      <trkpt lat="35.695508" lon="139.703458">
        <name>13:01</name>
      </trkpt>
      <trkpt lat="35.695508" lon="139.703458">
        <name>13:02</name>
      </trkpt>
      <trkpt lat="35.695640" lon="139.703496">
        <name>13:03</name>
      </trkpt>
      <trkpt lat="35.695961" lon="139.703571">
        <name>13:04</name>
      </trkpt>
      <trkpt lat="35.695845" lon="139.704202">
        <name>13:05</name>
      </trkpt>
      <trkpt lat="35.695797" lon="139.704458">
        <name>13:06</name>
      </trkpt>
      <trkpt lat="35.695785" lon="139.704525">
        <name>13:07</name>
      </trkpt>
      <trkpt lat="35.695037" lon="139.704332">
        <name>13:08</name>
      </trkpt>
      <trkpt lat="35.694973" lon="139.704310">
        <name>13:09</name>
      </trkpt>
      <trkpt lat="35.694863" lon="139.704266">
        <name>13:10</name>
      </trkpt>
      <trkpt lat="35.694197" lon="139.703962">
        <name>13:11</name>
      </trkpt>
      <trkpt lat="35.693897" lon="139.703832">
        <name>13:12</name>
      </trkpt>
      <trkpt lat="35.693540" lon="139.703666">
        <name>13:13</name>
      </trkpt>
      <trkpt lat="35.693462" lon="139.703629">
        <name>13:14</name>
      </trkpt>
      <trkpt lat="35.693315" lon="139.703561">
        <name>13:15</name>
      </trkpt>
      <trkpt lat="35.693246" lon="139.703529">
        <name>13:16</name>
      </trkpt>
      <trkpt lat="35.693141" lon="139.703482">
        <name>13:17</name>
      </trkpt>
      <trkpt lat="35.693072" lon="139.703731">
        <name>13:18</name>
      </trkpt>
      <trkpt lat="35.692837" lon="139.704588">
        <name>13:19</name>
      </trkpt>
      <trkpt lat="35.692597" lon="139.705493">
        <name>13:20</name>
      </trkpt>
      <trkpt lat="35.692587" lon="139.705528">
        <name>13:21</name>
      </trkpt>
      <trkpt lat="35.692577" lon="139.705567">
        <name>13:22</name>
      </trkpt>
      <trkpt lat="35.692565" lon="139.705611">
        <name>13:23</name>
      </trkpt>
      <trkpt lat="35.692510" lon="139.705818">
        <name>13:24</name>
      </trkpt>
      <trkpt lat="35.692490" lon="139.705892">
        <name>13:25</name>
      </trkpt>
      <trkpt lat="35.692371" lon="139.705823">
        <name>13:26</name>
      </trkpt>
      <trkpt lat="35.692221" lon="139.705735">
        <name>13:27</name>
      </trkpt>
      <trkpt lat="35.691893" lon="139.705539">
        <name>13:28</name>
      </trkpt>
      <trkpt lat="35.691832" lon="139.705503">
        <name>13:29</name>
      </trkpt>
      <trkpt lat="35.691769" lon="139.705465">
        <name>13:30</name>
      </trkpt>
      <trkpt lat="35.691498" lon="139.705306">
        <name>13:31</name>
      </trkpt>
      <trkpt lat="35.691326" lon="139.705192">
        <name>13:32</name>
      </trkpt>
      <trkpt lat="35.691188" lon="139.705110">
        <name>13:33</name>
      </trkpt>
      <trkpt lat="35.691024" lon="139.705014">
        <name>13:34</name>
      </trkpt>
      <trkpt lat="35.690851" lon="139.704908">
        <name>13:35</name>
      </trkpt>
      <trkpt lat="35.690884" lon="139.704836">
        <name>13:36</name>
      </trkpt>
      <trkpt lat="35.691052" lon="139.704943">
        <name>13:37</name>
      </trkpt>
      <trkpt lat="35.691202" lon="139.705031">
        <name>13:38</name>
      </trkpt>
      <trkpt lat="35.691202" lon="139.705031">
        <name>13:39</name>
      </trkpt>
      <trkpt lat="35.691354" lon="139.705119">
        <name>13:40</name>
      </trkpt>
      <trkpt lat="35.691536" lon="139.705241">
        <name>13:41</name>
      </trkpt>
      <trkpt lat="35.691766" lon="139.705377">
        <name>13:42</name>
      </trkpt>
      <trkpt lat="35.691810" lon="139.705402">
        <name>13:43</name>
      </trkpt>
      <trkpt lat="35.691872" lon="139.705440">
        <name>13:44</name>
      </trkpt>
      <trkpt lat="35.691832" lon="139.705503">
        <name>13:45</name>
      </trkpt>
      <trkpt lat="35.691769" lon="139.705465">
        <name>13:46</name>
      </trkpt>
      <trkpt lat="35.691498" lon="139.705306">
        <name>13:47</name>
      </trkpt>
      <trkpt lat="35.691326" lon="139.705192">
        <name>13:48</name>
      </trkpt>
      <trkpt lat="35.691188" lon="139.705110">
        <name>13:49</name>
      </trkpt>
      <trkpt lat="35.691024" lon="139.705014">
        <name>13:50</name>
      </trkpt>
      <trkpt lat="35.690851" lon="139.704908">
        <name>13:51</name>
      </trkpt>
      <trkpt lat="35.690884" lon="139.704836">
        <name>13:52</name>
      </trkpt>
      <trkpt lat="35.691052" lon="139.704943">
        <name>13:53</name>
      </trkpt>
      <trkpt lat="35.691177" lon="139.705016">
        <name>13:54</name>
      </trkpt>
      <trkpt lat="35.691177" lon="139.705016">
        <name>13:55</name>
      </trkpt>
      <trkpt lat="35.691354" lon="139.705119">
        <name>13:56</name>
      </trkpt>
      <trkpt lat="35.691536" lon="139.705241">
        <name>13:57</name>
      </trkpt>
      <trkpt lat="35.691766" lon="139.705377">
        <name>13:58</name>
      </trkpt>
      <trkpt lat="35.691810" lon="139.705402">
        <name>13:59</name>
      </trkpt>
      <trkpt lat="35.691872" lon="139.705440">
        <name>14:00</name>
      </trkpt>
      <trkpt lat="35.691832" lon="139.705503">
        <name>14:01</name>
      </trkpt>
      <trkpt lat="35.691769" lon="139.705465">
        <name>14:02</name>
      </trkpt>
      <trkpt lat="35.691498" lon="139.705306">
        <name>14:03</name>
      </trkpt>
      <trkpt lat="35.691326" lon="139.705192">
        <name>14:04</name>
      </trkpt>
      <trkpt lat="35.691188" lon="139.705110">
        <name>14:05</name>
      </trkpt>
      <trkpt lat="35.691024" lon="139.705014">
        <name>14:06</name>
      </trkpt>
      <trkpt lat="35.690851" lon="139.704908">
        <name>14:07</name>
      </trkpt>
      <trkpt lat="35.690884" lon="139.704836">
        <name>14:08</name>
      </trkpt>
      <trkpt lat="35.691052" lon="139.704943">
        <name>14:09</name>
      </trkpt>
      <trkpt lat="35.691152" lon="139.705001">
        <name>14:10</name>
      </trkpt>
      <trkpt lat="35.691152" lon="139.705001">
        <name>14:11</name>
      </trkpt>
      <trkpt lat="35.691354" lon="139.705119">
        <name>14:12</name>
      </trkpt>
      <trkpt lat="35.691536" lon="139.705241">
        <name>14:13</name>
      </trkpt>
      <trkpt lat="35.691766" lon="139.705377">
        <name>14:14</name>
      </trkpt>
      <trkpt lat="35.691810" lon="139.705402">
        <name>14:15</name>
      </trkpt>
      <trkpt lat="35.691872" lon="139.705440">
        <name>14:16</name>
      </trkpt>
      <trkpt lat="35.692197" lon="139.705635">
        <name>14:17</name>
      </trkpt>
      <trkpt lat="35.692245" lon="139.705663">
        <name>14:18</name>
      </trkpt>
      <trkpt lat="35.692388" lon="139.705747">
        <name>14:19</name>
      </trkpt>
      <trkpt lat="35.692430" lon="139.705557">
        <name>14:20</name>
      </trkpt>
      <trkpt lat="35.692441" lon="139.705516">
        <name>14:21</name>
      </trkpt>
      <trkpt lat="35.692452" lon="139.705473">
        <name>14:22</name>
      </trkpt>
      <trkpt lat="35.692534" lon="139.705160">
        <name>14:23</name>
      </trkpt>
      <trkpt lat="35.692708" lon="139.704533">
        <name>14:24</name>
      </trkpt>
      <trkpt lat="35.692778" lon="139.704288">
        <name>14:25</name>
      </trkpt>
      <trkpt lat="35.692836" lon="139.704078">
        <name>14:26</name>
      </trkpt>
      <trkpt lat="35.692931" lon="139.703745">
        <name>14:27</name>
      </trkpt>
      <trkpt lat="35.692950" lon="139.703680">
        <name>14:28</name>
      </trkpt>
      <trkpt lat="35.692997" lon="139.703512">
        <name>14:29</name>
      </trkpt>
      <trkpt lat="35.693021" lon="139.703427">
        <name>14:30</name>
      </trkpt>
      <trkpt lat="35.693141" lon="139.703482">
        <name>14:31</name>
      </trkpt>
      <trkpt lat="35.693246" lon="139.703529">
        <name>14:32</name>
      </trkpt>
      <trkpt lat="35.693315" lon="139.703561">
        <name>14:33</name>
      </trkpt>
      <trkpt lat="35.693462" lon="139.703629">
        <name>14:34</name>
      </trkpt>
      <trkpt lat="35.693540" lon="139.703666">
        <name>14:35</name>
      </trkpt>
      <trkpt lat="35.693897" lon="139.703832">
        <name>14:36</name>
      </trkpt>
      <trkpt lat="35.694197" lon="139.703962">
        <name>14:37</name>
      </trkpt>
      <trkpt lat="35.694214" lon="139.703900">
        <name>14:38</name>
      </trkpt>
      <trkpt lat="35.694298" lon="139.703582">
        <name>14:39</name>
      </trkpt>
      <trkpt lat="35.694365" lon="139.703324">
        <name>14:40</name>
      </trkpt>
      <trkpt lat="35.694470" lon="139.703376">
        <name>14:41</name>
      </trkpt>
      <trkpt lat="35.694515" lon="139.703190">
        <name>14:42</name>
      </trkpt>
      <trkpt lat="35.694521" lon="139.703164">
        <name>14:43</name>
      </trkpt>
      <trkpt lat="35.694596" lon="139.702853">
        <name>14:44</name>
      </trkpt>
      <trkpt lat="35.694639" lon="139.702676">
        <name>14:45</name>
      </trkpt>
      <trkpt lat="35.694669" lon="139.702551">
        <name>14:46</name>
      </trkpt>
      <trkpt lat="35.694721" lon="139.702334">
        <name>14:47</name>
      </trkpt>
      <trkpt lat="35.694737" lon="139.702269">
        <name>14:48</name>
      </trkpt>
      <trkpt lat="35.694782" lon="139.702237">
        <name>14:49</name>
      </trkpt>
      <trkpt lat="35.694853" lon="139.701936">
        <name>14:50</name>
      </trkpt>
      <trkpt lat="35.694876" lon="139.701843">
        <name>14:51</name>
      </trkpt>
      <trkpt lat="35.694971" lon="139.701457">
        <name>14:52</name>
      </trkpt>
      <trkpt lat="35.695379" lon="139.701600">
        <name>14:53</name>
      </trkpt>
      <trkpt lat="35.695556" lon="139.701669">
        <name>14:54</name>
      </trkpt>
      <trkpt lat="35.695556" lon="139.701669">
        <name>14:55</name>
      </trkpt>
      <trkpt lat="35.695379" lon="139.701600">
        <name>14:56</name>
      </trkpt>
      <trkpt lat="35.694971" lon="139.701457">
        <name>14:57</name>
      </trkpt>
      <trkpt lat="35.694926" lon="139.701412">
        <name>14:58</name>
      </trkpt>
      <trkpt lat="35.694586" lon="139.701300">
        <name>14:59</name>
      </trkpt>
      <trkpt lat="35.694546" lon="139.701285">
        <name>15:00</name>
      </trkpt>
      <trkpt lat="35.693854" lon="139.701028">
        <name>15:01</name>
      </trkpt>
      <trkpt lat="35.693831" lon="139.701019">
        <name>15:02</name>
      </trkpt>
      <trkpt lat="35.693811" lon="139.701012">
        <name>15:03</name>
      </trkpt>
      <trkpt lat="35.693739" lon="139.700988">
        <name>15:04</name>
      </trkpt>
      <trkpt lat="35.693670" lon="139.701285">
        <name>15:05</name>
      </trkpt>
      <trkpt lat="35.693652" lon="139.701365">
        <name>15:06</name>
      </trkpt>
      <trkpt lat="35.693624" lon="139.701489">
        <name>15:07</name>
      </trkpt>
      <trkpt lat="35.693615" lon="139.701532">
        <name>15:08</name>
      </trkpt>
      <trkpt lat="35.693466" lon="139.702213">
        <name>15:09</name>
      </trkpt>
      <trkpt lat="35.693447" lon="139.702298">
        <name>15:10</name>
      </trkpt>
      <trkpt lat="35.693431" lon="139.702368">
        <name>15:11</name>
      </trkpt>
      <trkpt lat="35.693334" lon="139.702804">
        <name>15:12</name>
      </trkpt>
      <trkpt lat="35.693193" lon="139.703294">
        <name>15:13</name>
      </trkpt>
      <trkpt lat="35.693174" lon="139.703362">
        <name>15:14</name>
      </trkpt>
      <trkpt lat="35.693141" lon="139.703482">
        <name>15:15</name>
      </trkpt>
      <trkpt lat="35.693246" lon="139.703529">
        <name>15:16</name>
      </trkpt>
      <trkpt lat="35.693315" lon="139.703561">
        <name>15:17</name>
      </trkpt>
      <trkpt lat="35.693462" lon="139.703629">
        <name>15:18</name>
      </trkpt>
      <trkpt lat="35.693540" lon="139.703666">
        <name>15:19</name>
      </trkpt>
      <trkpt lat="35.693750" lon="139.703764">
        <name>15:20</name>
      </trkpt>
      <trkpt lat="35.693750" lon="139.703764">
        <name>15:21</name>
      </trkpt>
      <trkpt lat="35.693540" lon="139.703666">
        <name>15:22</name>
      </trkpt>
      <trkpt lat="35.693462" lon="139.703629">
        <name>15:23</name>
      </trkpt>
      <trkpt lat="35.693315" lon="139.703561">
        <name>15:24</name>
      </trkpt>
      <trkpt lat="35.693246" lon="139.703529">
        <name>15:25</name>
      </trkpt>
      <trkpt lat="35.693141" lon="139.703482">
        <name>15:26</name>
      </trkpt>
      <trkpt lat="35.693072" lon="139.703731">
        <name>15:27</name>
      </trkpt>
      <trkpt lat="35.692837" lon="139.704588">
        <name>15:28</name>
      </trkpt>
      <trkpt lat="35.692597" lon="139.705493">
        <name>15:29</name>
      </trkpt>
      <trkpt lat="35.692587" lon="139.705528">
        <name>15:30</name>
      </trkpt>
      <trkpt lat="35.692577" lon="139.705567">
        <name>15:31</name>
      </trkpt>
      <trkpt lat="35.692565" lon="139.705611">
        <name>15:32</name>
      </trkpt>
      <trkpt lat="35.692510" lon="139.705818">
        <name>15:33</name>
      </trkpt>
      <trkpt lat="35.692490" lon="139.705892">
        <name>15:34</name>
      </trkpt>
      <trkpt lat="35.692371" lon="139.705823">
        <name>15:35</name>
      </trkpt>
      <trkpt lat="35.692221" lon="139.705735">
        <name>15:36</name>
      </trkpt>
      <trkpt lat="35.691893" lon="139.705539">
        <name>15:37</name>
      </trkpt>
      <trkpt lat="35.691832" lon="139.705503">
        <name>15:38</name>
      </trkpt>
      <trkpt lat="35.691769" lon="139.705465">
        <name>15:39</name>
      </trkpt>
      <trkpt lat="35.691498" lon="139.705306">
        <name>15:40</name>
      </trkpt>
      <trkpt lat="35.691326" lon="139.705192">
        <name>15:41</name>
      </trkpt>
      <trkpt lat="35.691188" lon="139.705110">
        <name>15:42</name>
      </trkpt>
      <trkpt lat="35.691024" lon="139.705014">
        <name>15:43</name>
      </trkpt>
      <trkpt lat="35.690851" lon="139.704908">
        <name>15:44</name>
      </trkpt>
      <trkpt lat="35.690708" lon="139.704813">
        <name>15:45</name>
      </trkpt>
      <trkpt lat="35.690504" lon="139.704680">
        <name>15:46</name>
      </trkpt>
      <trkpt lat="35.690291" lon="139.704530">
        <name>15:47</name>
      </trkpt>
      <trkpt lat="35.690095" lon="139.704398">
        <name>15:48</name>
      </trkpt>
      <trkpt lat="35.690001" lon="139.704335">
        <name>15:49</name>
      </trkpt>
      <trkpt lat="35.689838" lon="139.704233">
        <name>15:50</name>
      </trkpt>
      <trkpt lat="35.689711" lon="139.704152">
        <name>15:51</name>
      </trkpt>
      <trkpt lat="35.689703" lon="139.704046">
        <name>15:52</name>
      </trkpt>
      <trkpt lat="35.689692" lon="139.703918">
        <name>15:53</name>
      </trkpt>
      <trkpt lat="35.689678" lon="139.703780">
        <name>15:54</name>
      </trkpt>
      <trkpt lat="35.689652" lon="139.703560">
        <name>15:55</name>
      </trkpt>
      <trkpt lat="35.689610" lon="139.703204">
        <name>15:56</name>
      </trkpt>
      <trkpt lat="35.689560" lon="139.702903">
        <name>15:57</name>
      </trkpt>
      <trkpt lat="35.689468" lon="139.702470">
        <name>15:58</name>
      </trkpt>
      <trkpt lat="35.689393" lon="139.702172">
        <name>15:59</name>
      </trkpt>
      <trkpt lat="35.689353" lon="139.702011">
        <name>16:00</name>
      </trkpt>
      <trkpt lat="35.689324" lon="139.701907">
        <name>16:01</name>
      </trkpt>
      <trkpt lat="35.689215" lon="139.701495">
        <name>16:02</name>
      </trkpt>
      <trkpt lat="35.689145" lon="139.701172">
        <name>16:03</name>
      </trkpt>
      <trkpt lat="35.689021" lon="139.700488">
        <name>16:04</name>
      </trkpt>
      <trkpt lat="35.688951" lon="139.700117">
        <name>16:05</name>
      </trkpt>
      <trkpt lat="35.688912" lon="139.699956">
        <name>16:06</name>
      </trkpt>
      <trkpt lat="35.688867" lon="139.699791">
        <name>16:07</name>
      </trkpt>
      <trkpt lat="35.688812" lon="139.699641">
        <name>16:08</name>
      </trkpt>
      <trkpt lat="35.688749" lon="139.699480">
        <name>16:09</name>
      </trkpt>
      <trkpt lat="35.688665" lon="139.699297">
        <name>16:10</name>
      </trkpt>
      <trkpt lat="35.688625" lon="139.699210">
        <name>16:11</name>
      </trkpt>
      <trkpt lat="35.688541" lon="139.698988">
        <name>16:12</name>
      </trkpt>
      <trkpt lat="35.688424" lon="139.699036">
        <name>16:13</name>
      </trkpt>
      <trkpt lat="35.688366" lon="139.699059">
        <name>16:14</name>
      </trkpt>
      <trkpt lat="35.688179" lon="139.699132">
        <name>16:15</name>
      </trkpt>
      <trkpt lat="35.687708" lon="139.699314">
        <name>16:16</name>
      </trkpt>
      <trkpt lat="35.687136" lon="139.699520">
        <name>16:17</name>
      </trkpt>
      <trkpt lat="35.687150" lon="139.699589">
        <name>16:18</name>
      </trkpt>
      <trkpt lat="35.687192" lon="139.699777">
        <name>16:19</name>
      </trkpt>
      <trkpt lat="35.687208" lon="139.699838">
        <name>16:20</name>
      </trkpt>
      <trkpt lat="35.687232" lon="139.699833">
        <name>16:21</name>
      </trkpt>
      <trkpt lat="35.687241" lon="139.699830">
        <name>16:22</name>
      </trkpt>
      <trkpt lat="35.687603" lon="139.699718">
        <name>16:23</name>
      </trkpt>
      <trkpt lat="35.688186" lon="139.699570">
        <name>16:24</name>
      </trkpt>
      <trkpt lat="35.688274" lon="139.699897">
        <name>16:25</name>
      </trkpt>
      <trkpt lat="35.688274" lon="139.699897">
        <name>16:26</name>
      </trkpt>
      <trkpt lat="35.688186" lon="139.699570">
        <name>16:27</name>
      </trkpt>
      <trkpt lat="35.687603" lon="139.699718">
        <name>16:28</name>
      </trkpt>
      <trkpt lat="35.687241" lon="139.699830">
        <name>16:29</name>
      </trkpt>
      <trkpt lat="35.687232" lon="139.699833">
        <name>16:30</name>
      </trkpt>
      <trkpt lat="35.687208" lon="139.699838">
        <name>16:31</name>
      </trkpt>
      <trkpt lat="35.687192" lon="139.699777">
        <name>16:32</name>
      </trkpt>
      <trkpt lat="35.687150" lon="139.699589">
        <name>16:33</name>
      </trkpt>
      <trkpt lat="35.687136" lon="139.699520">
        <name>16:34</name>
      </trkpt>
      <trkpt lat="35.687708" lon="139.699314">
        <name>16:35</name>
      </trkpt>
      <trkpt lat="35.688179" lon="139.699132">
        <name>16:36</name>
      </trkpt>
      <trkpt lat="35.688366" lon="139.699059">
        <name>16:37</name>
      </trkpt>
      <trkpt lat="35.688424" lon="139.699036">
        <name>16:38</name>
      </trkpt>
      <trkpt lat="35.688541" lon="139.698988">
        <name>16:39</name>
      </trkpt>
      <trkpt lat="35.688652" lon="139.698941">
        <name>16:40</name>
      </trkpt>
      <trkpt lat="35.688746" lon="139.699185">
        <name>16:41</name>
      </trkpt>
      <trkpt lat="35.688824" lon="139.699378">
        <name>16:42</name>
      </trkpt>
      <trkpt lat="35.688907" lon="139.699587">
        <name>16:43</name>
      </trkpt>
      <trkpt lat="35.688954" lon="139.699717">
        <name>16:44</name>
      </trkpt>
      <trkpt lat="35.689015" lon="139.699929">
        <name>16:45</name>
      </trkpt>
      <trkpt lat="35.689053" lon="139.700090">
        <name>16:46</name>
      </trkpt>
      <trkpt lat="35.689092" lon="139.700283">
        <name>16:47</name>
      </trkpt>
      <trkpt lat="35.689251" lon="139.701144">
        <name>16:48</name>
      </trkpt>
      <trkpt lat="35.689318" lon="139.701466">
        <name>16:49</name>
      </trkpt>
      <trkpt lat="35.689392" lon="139.701768">
        <name>16:50</name>
      </trkpt>
      <trkpt lat="35.689432" lon="139.701931">
        <name>16:51</name>
      </trkpt>
      <trkpt lat="35.689553" lon="139.702426">
        <name>16:52</name>
      </trkpt>
      <trkpt lat="35.689650" lon="139.702879">
        <name>16:53</name>
      </trkpt>
      <trkpt lat="35.689702" lon="139.703184">
        <name>16:54</name>
      </trkpt>
      <trkpt lat="35.689735" lon="139.703422">
        <name>16:55</name>
      </trkpt>
      <trkpt lat="35.689766" lon="139.703641">
        <name>16:56</name>
      </trkpt>
      <trkpt lat="35.689802" lon="139.703923">
        <name>16:57</name>
      </trkpt>
      <trkpt lat="35.689811" lon="139.703991">
        <name>16:58</name>
      </trkpt>
      <trkpt lat="35.689825" lon="139.704126">
        <name>16:59</name>
      </trkpt>
      <trkpt lat="35.689982" lon="139.704223">
        <name>17:00</name>
      </trkpt>
      <trkpt lat="35.690320" lon="139.704455">
        <name>17:01</name>
      </trkpt>
      <trkpt lat="35.690406" lon="139.704398">
        <name>17:02</name>
      </trkpt>
      <trkpt lat="35.690438" lon="139.704335">
        <name>17:03</name>
      </trkpt>
      <trkpt lat="35.690512" lon="139.703953">
        <name>17:04</name>
      </trkpt>
      <trkpt lat="35.690522" lon="139.703907">
        <name>17:05</name>
      </trkpt>
      <trkpt lat="35.690637" lon="139.703385">
        <name>17:06</name>
      </trkpt>
      <trkpt lat="35.690654" lon="139.703305">
        <name>17:07</name>
      </trkpt>
      <trkpt lat="35.690660" lon="139.703232">
        <name>17:08</name>
      </trkpt>
      <trkpt lat="35.690684" lon="139.702924">
        <name>17:09</name>
      </trkpt>
      <trkpt lat="35.690727" lon="139.702291">
        <name>17:10</name>
      </trkpt>
      <trkpt lat="35.690774" lon="139.701816">
        <name>17:11</name>
      </trkpt>
      <trkpt lat="35.690791" lon="139.701630">
        <name>17:12</name>
      </trkpt>
      <trkpt lat="35.690721" lon="139.701487">
        <name>17:13</name>
      </trkpt>
      <trkpt lat="35.690787" lon="139.701435">
        <name>17:14</name>
      </trkpt>
      <trkpt lat="35.690816" lon="139.701422">
        <name>17:15</name>
      </trkpt>
      <trkpt lat="35.690842" lon="139.701419">
        <name>17:16</name>
      </trkpt>
      <trkpt lat="35.690871" lon="139.701414">
        <name>17:17</name>
      </trkpt>
      <trkpt lat="35.690910" lon="139.701415">
        <name>17:18</name>
      </trkpt>
      <trkpt lat="35.691129" lon="139.701388">
        <name>17:19</name>
      </trkpt>
      <trkpt lat="35.691185" lon="139.701381">
        <name>17:20</name>
      </trkpt>
      <trkpt lat="35.691211" lon="139.701378">
        <name>17:21</name>
      </trkpt>
      <trkpt lat="35.691241" lon="139.701378">
        <name>17:22</name>
      </trkpt>
      <trkpt lat="35.691297" lon="139.701371">
        <name>17:23</name>
      </trkpt>
      <trkpt lat="35.691319" lon="139.701372">
        <name>17:24</name>
      </trkpt>
      <trkpt lat="35.691339" lon="139.701377">
        <name>17:25</name>
      </trkpt>
      <trkpt lat="35.691351" lon="139.701386">
        <name>17:26</name>
      </trkpt>
      <trkpt lat="35.691366" lon="139.701402">
        <name>17:27</name>
      </trkpt>
      <trkpt lat="35.691378" lon="139.701539">
        <name>17:28</name>
      </trkpt>
      <trkpt lat="35.691384" lon="139.701591">
        <name>17:29</name>
      </trkpt>
      <trkpt lat="35.691358" lon="139.701613">
        <name>17:30</name>
      </trkpt>
      <trkpt lat="35.691344" lon="139.701705">
        <name>17:31</name>
      </trkpt>
      <trkpt lat="35.691315" lon="139.701896">
        <name>17:32</name>
      </trkpt>
      <trkpt lat="35.691290" lon="139.702061">
        <name>17:33</name>
      </trkpt>
      <trkpt lat="35.691012" lon="139.701717">
        <name>17:34</name>
      </trkpt>
      <trkpt lat="35.691012" lon="139.701717">
        <name>17:35</name>
      </trkpt>
      <trkpt lat="35.690759" lon="139.701964">
        <name>17:36</name>
      </trkpt>
      <trkpt lat="35.690759" lon="139.701969">
        <name>17:37</name>
      </trkpt>
      <trkpt lat="35.690759" lon="139.701969">
        <name>17:38</name>
      </trkpt>
      <trkpt lat="35.690774" lon="139.701816">
        <name>17:39</name>
      </trkpt>
      <trkpt lat="35.690791" lon="139.701630">
        <name>17:40</name>
      </trkpt>
      <trkpt lat="35.690721" lon="139.701487">
        <name>17:41</name>
      </trkpt>
      <trkpt lat="35.690787" lon="139.701435">
        <name>17:42</name>
      </trkpt>
      <trkpt lat="35.690816" lon="139.701422">
        <name>17:43</name>
      </trkpt>
      <trkpt lat="35.690842" lon="139.701419">
        <name>17:44</name>
      </trkpt>
      <trkpt lat="35.690871" lon="139.701414">
        <name>17:45</name>
      </trkpt>
      <trkpt lat="35.690910" lon="139.701415">
        <name>17:46</name>
      </trkpt>
      <trkpt lat="35.691129" lon="139.701388">
        <name>17:47</name>
      </trkpt>
      <trkpt lat="35.691185" lon="139.701381">
        <name>17:48</name>
      </trkpt>
      <trkpt lat="35.691211" lon="139.701378">
        <name>17:49</name>
      </trkpt>
      <trkpt lat="35.691241" lon="139.701378">
        <name>17:50</name>
      </trkpt>
      <trkpt lat="35.691297" lon="139.701371">
        <name>17:51</name>
      </trkpt>
      <trkpt lat="35.691319" lon="139.701372">
        <name>17:52</name>
      </trkpt>
      <trkpt lat="35.691339" lon="139.701377">
        <name>17:53</name>
      </trkpt>
      <trkpt lat="35.691351" lon="139.701386">
        <name>17:54</name>
      </trkpt>
      <trkpt lat="35.691366" lon="139.701402">
        <name>17:55</name>
      </trkpt>
      <trkpt lat="35.691378" lon="139.701539">
        <name>17:56</name>
      </trkpt>
      <trkpt lat="35.691384" lon="139.701591">
        <name>17:57</name>
      </trkpt>
      <trkpt lat="35.691479" lon="139.701578">
        <name>17:58</name>
      </trkpt>
      <trkpt lat="35.691752" lon="139.701543">
        <name>17:59</name>
      </trkpt>
      <trkpt lat="35.691770" lon="139.701542">
        <name>18:00</name>
      </trkpt>
      <trkpt lat="35.691791" lon="139.701543">
        <name>18:01</name>
      </trkpt>
      <trkpt lat="35.691819" lon="139.701548">
        <name>18:02</name>
      </trkpt>
      <trkpt lat="35.691841" lon="139.701554">
        <name>18:03</name>
      </trkpt>
      <trkpt lat="35.691860" lon="139.701560">
        <name>18:04</name>
      </trkpt>
      <trkpt lat="35.691889" lon="139.701572">
        <name>18:05</name>
      </trkpt>
      <trkpt lat="35.691909" lon="139.701582">
        <name>18:06</name>
      </trkpt>
      <trkpt lat="35.692090" lon="139.701686">
        <name>18:07</name>
      </trkpt>
      <trkpt lat="35.692133" lon="139.701710">
        <name>18:08</name>
      </trkpt>
      <trkpt lat="35.692228" lon="139.701759">
        <name>18:09</name>
      </trkpt>
      <trkpt lat="35.692251" lon="139.701771">
        <name>18:10</name>
      </trkpt>
      <trkpt lat="35.692281" lon="139.701665">
        <name>18:11</name>
      </trkpt>
      <trkpt lat="35.692292" lon="139.701616">
        <name>18:12</name>
      </trkpt>
      <trkpt lat="35.692428" lon="139.700984">
        <name>18:13</name>
      </trkpt>
      <trkpt lat="35.692439" lon="139.700932">
        <name>18:14</name>
      </trkpt>
      <trkpt lat="35.692461" lon="139.700832">
        <name>18:15</name>
      </trkpt>
      <trkpt lat="35.692472" lon="139.700719">
        <name>18:16</name>
      </trkpt>
      <trkpt lat="35.692484" lon="139.700696">
        <name>18:17</name>
      </trkpt>
      <trkpt lat="35.692498" lon="139.700667">
        <name>18:18</name>
      </trkpt>
      <trkpt lat="35.692518" lon="139.700632">
        <name>18:19</name>
      </trkpt>
      <trkpt lat="35.692544" lon="139.700596">
        <name>18:20</name>
      </trkpt>
      <trkpt lat="35.692581" lon="139.700558">
        <name>18:21</name>
      </trkpt>
      <trkpt lat="35.692627" lon="139.700524">
        <name>18:22</name>
      </trkpt>
      <trkpt lat="35.692665" lon="139.700501">
        <name>18:23</name>
      </trkpt>
      <trkpt lat="35.692705" lon="139.700480">
        <name>18:24</name>
      </trkpt>
      <trkpt lat="35.692847" lon="139.700417">
        <name>18:25</name>
      </trkpt>
      <trkpt lat="35.692877" lon="139.700405">
        <name>18:26</name>
      </trkpt>
      <trkpt lat="35.692923" lon="139.700388">
        <name>18:27</name>
      </trkpt>
      <trkpt lat="35.692973" lon="139.700375">
        <name>18:28</name>
      </trkpt>
      <trkpt lat="35.693228" lon="139.700315">
        <name>18:29</name>
      </trkpt>
      <trkpt lat="35.693271" lon="139.700305">
        <name>18:30</name>
      </trkpt>
      <trkpt lat="35.693339" lon="139.700292">
        <name>18:31</name>
      </trkpt>
      <trkpt lat="35.693390" lon="139.700297">
        <name>18:32</name>
      </trkpt>
      <trkpt lat="35.693436" lon="139.700314">
        <name>18:33</name>
      </trkpt>
      <trkpt lat="35.693492" lon="139.700355">
        <name>18:34</name>
      </trkpt>
      <trkpt lat="35.693554" lon="139.700405">
        <name>18:35</name>
      </trkpt>
      <trkpt lat="35.693616" lon="139.700440">
        <name>18:36</name>
      </trkpt>
      <trkpt lat="35.693670" lon="139.700478">
        <name>18:37</name>
      </trkpt>
      <trkpt lat="35.693714" lon="139.700516">
        <name>18:38</name>
      </trkpt>
      <trkpt lat="35.693750" lon="139.700549">
        <name>18:39</name>
      </trkpt>
      <trkpt lat="35.693765" lon="139.700561">
        <name>18:40</name>
      </trkpt>
      <trkpt lat="35.693784" lon="139.700571">
        <name>18:41</name>
      </trkpt>
      <trkpt lat="35.693802" lon="139.700574">
        <name>18:42</name>
      </trkpt>
      <trkpt lat="35.693803" lon="139.700668">
        <name>18:43</name>
      </trkpt>
      <trkpt lat="35.693796" lon="139.700727">
        <name>18:44</name>
      </trkpt>
      <trkpt lat="35.693765" lon="139.700870">
        <name>18:45</name>
      </trkpt>
      <trkpt lat="35.693751" lon="139.700932">
        <name>18:46</name>
      </trkpt>
      <trkpt lat="35.693739" lon="139.700988">
        <name>18:47</name>
      </trkpt>
      <trkpt lat="35.693670" lon="139.701285">
        <name>18:48</name>
      </trkpt>
      <trkpt lat="35.693652" lon="139.701365">
        <name>18:49</name>
      </trkpt>
      <trkpt lat="35.693624" lon="139.701489">
        <name>18:50</name>
      </trkpt>
      <trkpt lat="35.693615" lon="139.701532">
        <name>18:51</name>
      </trkpt>
      <trkpt lat="35.693466" lon="139.702213">
        <name>18:52</name>
      </trkpt>
      <trkpt lat="35.693447" lon="139.702298">
        <name>18:53</name>
      </trkpt>
      <trkpt lat="35.693431" lon="139.702368">
        <name>18:54</name>
      </trkpt>
      <trkpt lat="35.693334" lon="139.702804">
        <name>18:55</name>
      </trkpt>
      <trkpt lat="35.693424" lon="139.702848">
        <name>18:56</name>
      </trkpt>
      <trkpt lat="35.693446" lon="139.702853">
        <name>18:57</name>
      </trkpt>
      <trkpt lat="35.693463" lon="139.702862">
        <name>18:58</name>
      </trkpt>
      <trkpt lat="35.693646" lon="139.702953">
        <name>18:59</name>
      </trkpt>
      <trkpt lat="35.693554" lon="139.703301">
        <name>19:00</name>
      </trkpt>
      <trkpt lat="35.693554" lon="139.703301">
        <name>19:01</name>
      </trkpt>
      <trkpt lat="35.693498" lon="139.703511">
        <name>19:02</name>
      </trkpt>
      <trkpt lat="35.693484" lon="139.703557">
        <name>19:03</name>
      </trkpt>
      <trkpt lat="35.693462" lon="139.703629">
        <name>19:04</name>
      </trkpt>
      <trkpt lat="35.693315" lon="139.703561">
        <name>19:05</name>
      </trkpt>
      <trkpt lat="35.693246" lon="139.703529">
        <name>19:06</name>
      </trkpt>
      <trkpt lat="35.693141" lon="139.703482">
        <name>19:07</name>
      </trkpt>
      <trkpt lat="35.693021" lon="139.703427">
        <name>19:08</name>
      </trkpt>
      <trkpt lat="35.693054" lon="139.703311">
        <name>19:09</name>
      </trkpt>
      <trkpt lat="35.693066" lon="139.703265">
        <name>19:10</name>
      </trkpt>
      <trkpt lat="35.693196" lon="139.702808">
        <name>19:11</name>
      </trkpt>
      <trkpt lat="35.693224" lon="139.702686">
        <name>19:12</name>
      </trkpt>
      <trkpt lat="35.693290" lon="139.702404">
        <name>19:13</name>
      </trkpt>
      <trkpt lat="35.693308" lon="139.702326">
        <name>19:14</name>
      </trkpt>
      <trkpt lat="35.693326" lon="139.702246">
        <name>19:15</name>
      </trkpt>
      <trkpt lat="35.693453" lon="139.701673">
        <name>19:16</name>
      </trkpt>
      <trkpt lat="35.693473" lon="139.701582">
        <name>19:17</name>
      </trkpt>
      <trkpt lat="35.693493" lon="139.701491">
        <name>19:18</name>
      </trkpt>
      <trkpt lat="35.693518" lon="139.701379">
        <name>19:19</name>
      </trkpt>
      <trkpt lat="35.693528" lon="139.701329">
        <name>19:20</name>
      </trkpt>
      <trkpt lat="35.693598" lon="139.700967">
        <name>19:21</name>
      </trkpt>
      <trkpt lat="35.693609" lon="139.700904">
        <name>19:22</name>
      </trkpt>
      <trkpt lat="35.693618" lon="139.700846">
        <name>19:23</name>
      </trkpt>
      <trkpt lat="35.693624" lon="139.700799">
        <name>19:24</name>
      </trkpt>
      <trkpt lat="35.693625" lon="139.700754">
        <name>19:25</name>
      </trkpt>
      <trkpt lat="35.693624" lon="139.700713">
        <name>19:26</name>
      </trkpt>
      <trkpt lat="35.693619" lon="139.700669">
        <name>19:27</name>
      </trkpt>
      <trkpt lat="35.693600" lon="139.700587">
        <name>19:28</name>
      </trkpt>
      <trkpt lat="35.693554" lon="139.700405">
        <name>19:29</name>
      </trkpt>
      <trkpt lat="35.693489" lon="139.700380">
        <name>19:30</name>
      </trkpt>
      <trkpt lat="35.693438" lon="139.700366">
        <name>19:31</name>
      </trkpt>
      <trkpt lat="35.693391" lon="139.700363">
        <name>19:32</name>
      </trkpt>
      <trkpt lat="35.693350" lon="139.700366">
        <name>19:33</name>
      </trkpt>
      <trkpt lat="35.693281" lon="139.700379">
        <name>19:34</name>
      </trkpt>
      <trkpt lat="35.693186" lon="139.700402">
        <name>19:35</name>
      </trkpt>
      <trkpt lat="35.692956" lon="139.700460">
        <name>19:36</name>
      </trkpt>
      <trkpt lat="35.692926" lon="139.700469">
        <name>19:37</name>
      </trkpt>
      <trkpt lat="35.692898" lon="139.700478">
        <name>19:38</name>
      </trkpt>
      <trkpt lat="35.692866" lon="139.700489">
        <name>19:39</name>
      </trkpt>
      <trkpt lat="35.692758" lon="139.700539">
        <name>19:40</name>
      </trkpt>
      <trkpt lat="35.692718" lon="139.700557">
        <name>19:41</name>
      </trkpt>
      <trkpt lat="35.692681" lon="139.700577">
        <name>19:42</name>
      </trkpt>
      <trkpt lat="35.692645" lon="139.700600">
        <name>19:43</name>
      </trkpt>
      <trkpt lat="35.692612" lon="139.700629">
        <name>19:44</name>
      </trkpt>
      <trkpt lat="35.692586" lon="139.700657">
        <name>19:45</name>
      </trkpt>
      <trkpt lat="35.692562" lon="139.700686">
        <name>19:46</name>
      </trkpt>
      <trkpt lat="35.692549" lon="139.700707">
        <name>19:47</name>
      </trkpt>
      <trkpt lat="35.692539" lon="139.700727">
        <name>19:48</name>
      </trkpt>
      <trkpt lat="35.692527" lon="139.700752">
        <name>19:49</name>
      </trkpt>
      <trkpt lat="35.692461" lon="139.700832">
        <name>19:50</name>
      </trkpt>
      <trkpt lat="35.692439" lon="139.700932">
        <name>19:51</name>
      </trkpt>
      <trkpt lat="35.692428" lon="139.700984">
        <name>19:52</name>
      </trkpt>
      <trkpt lat="35.692292" lon="139.701616">
        <name>19:53</name>
      </trkpt>
      <trkpt lat="35.692281" lon="139.701665">
        <name>19:54</name>
      </trkpt>
      <trkpt lat="35.692251" lon="139.701771">
        <name>19:55</name>
      </trkpt>
      <trkpt lat="35.692228" lon="139.701759">
        <name>19:56</name>
      </trkpt>
      <trkpt lat="35.692133" lon="139.701710">
        <name>19:57</name>
      </trkpt>
      <trkpt lat="35.692090" lon="139.701686">
        <name>19:58</name>
      </trkpt>
      <trkpt lat="35.691909" lon="139.701582">
        <name>19:59</name>
      </trkpt>
      <trkpt lat="35.691889" lon="139.701572">
        <name>20:00</name>
      </trkpt>
      <trkpt lat="35.691860" lon="139.701560">
        <name>20:01</name>
      </trkpt>
      <trkpt lat="35.691841" lon="139.701554">
        <name>20:02</name>
      </trkpt>
      <trkpt lat="35.691819" lon="139.701548">
        <name>20:03</name>
      </trkpt>
      <trkpt lat="35.691791" lon="139.701543">
        <name>20:04</name>
      </trkpt>
      <trkpt lat="35.691770" lon="139.701542">
        <name>20:05</name>
      </trkpt>
      <trkpt lat="35.691752" lon="139.701543">
        <name>20:06</name>
      </trkpt>
      <trkpt lat="35.691479" lon="139.701578">
        <name>20:07</name>
      </trkpt>
      <trkpt lat="35.691384" lon="139.701591">
        <name>20:08</name>
      </trkpt>
      <trkpt lat="35.691358" lon="139.701613">
        <name>20:09</name>
      </trkpt>
      <trkpt lat="35.691344" lon="139.701705">
        <name>20:10</name>
      </trkpt>
      <trkpt lat="35.691315" lon="139.701896">
        <name>20:11</name>
      </trkpt>
      <trkpt lat="35.691251" lon="139.702312">
        <name>20:12</name>
      </trkpt>
      <trkpt lat="35.691237" lon="139.702412">
        <name>20:13</name>
      </trkpt>
      <trkpt lat="35.691216" lon="139.702511">
        <name>20:14</name>
      </trkpt>
      <trkpt lat="35.691146" lon="139.703028">
        <name>20:15</name>
      </trkpt>
      <trkpt lat="35.690684" lon="139.702924">
        <name>20:16</name>
      </trkpt>
      <trkpt lat="35.690727" lon="139.702291">
        <name>20:17</name>
      </trkpt>
      <trkpt lat="35.690758" lon="139.701978">
        <name>20:18</name>
      </trkpt>
      <trkpt lat="35.690758" lon="139.701978">
        <name>20:19</name>
      </trkpt>
      <trkpt lat="35.690758" lon="139.701983">
        <name>20:20</name>
      </trkpt>
      <trkpt lat="35.690758" lon="139.701983">
        <name>20:21</name>
      </trkpt>
      <trkpt lat="35.690774" lon="139.701816">
        <name>20:22</name>
      </trkpt>
      <trkpt lat="35.690791" lon="139.701630">
        <name>20:23</name>
      </trkpt>
      <trkpt lat="35.690721" lon="139.701487">
        <name>20:24</name>
      </trkpt>
      <trkpt lat="35.690787" lon="139.701435">
        <name>20:25</name>
      </trkpt>
      <trkpt lat="35.690816" lon="139.701422">
        <name>20:26</name>
      </trkpt>
      <trkpt lat="35.690842" lon="139.701419">
        <name>20:27</name>
      </trkpt>
      <trkpt lat="35.690871" lon="139.701414">
        <name>20:28</name>
      </trkpt>
      <trkpt lat="35.690910" lon="139.701415">
        <name>20:29</name>
      </trkpt>
      <trkpt lat="35.691129" lon="139.701388">
        <name>20:30</name>
      </trkpt>
      <trkpt lat="35.691185" lon="139.701381">
        <name>20:31</name>
      </trkpt>
      <trkpt lat="35.691211" lon="139.701378">
        <name>20:32</name>
      </trkpt>
      <trkpt lat="35.691241" lon="139.701378">
        <name>20:33</name>
      </trkpt>
      <trkpt lat="35.691297" lon="139.701371">
        <name>20:34</name>
      </trkpt>
      <trkpt lat="35.691319" lon="139.701372">
        <name>20:35</name>
      </trkpt>
      <trkpt lat="35.691339" lon="139.701377">
        <name>20:36</name>
      </trkpt>
      <trkpt lat="35.691351" lon="139.701386">
        <name>20:37</name>
      </trkpt>
      <trkpt lat="35.691366" lon="139.701402">
        <name>20:38</name>
      </trkpt>
      <trkpt lat="35.691378" lon="139.701539">
        <name>20:39</name>
      </trkpt>
      <trkpt lat="35.691384" lon="139.701591">
        <name>20:40</name>
      </trkpt>
      <trkpt lat="35.691479" lon="139.701578">
        <name>20:41</name>
      </trkpt>
      <trkpt lat="35.691752" lon="139.701543">
        <name>20:42</name>
      </trkpt>
      <trkpt lat="35.691770" lon="139.701542">
        <name>20:43</name>
      </trkpt>
      <trkpt lat="35.691791" lon="139.701543">
        <name>20:44</name>
      </trkpt>
      <trkpt lat="35.691819" lon="139.701548">
        <name>20:45</name>
      </trkpt>
      <trkpt lat="35.691841" lon="139.701554">
        <name>20:46</name>
      </trkpt>
      <trkpt lat="35.691860" lon="139.701560">
        <name>20:47</name>
      </trkpt>
      <trkpt lat="35.691889" lon="139.701572">
        <name>20:48</name>
      </trkpt>
      <trkpt lat="35.691909" lon="139.701582">
        <name>20:49</name>
      </trkpt>
      <trkpt lat="35.692090" lon="139.701686">
        <name>20:50</name>
      </trkpt>
      <trkpt lat="35.692133" lon="139.701710">
        <name>20:51</name>
      </trkpt>
      <trkpt lat="35.692228" lon="139.701759">
        <name>20:52</name>
      </trkpt>
      <trkpt lat="35.692251" lon="139.701771">
        <name>20:53</name>
      </trkpt>
      <trkpt lat="35.692281" lon="139.701665">
        <name>20:54</name>
      </trkpt>
      <trkpt lat="35.692292" lon="139.701616">
        <name>20:55</name>
      </trkpt>
      <trkpt lat="35.692428" lon="139.700984">
        <name>20:56</name>
      </trkpt>
      <trkpt lat="35.692439" lon="139.700932">
        <name>20:57</name>
      </trkpt>
      <trkpt lat="35.692461" lon="139.700832">
        <name>20:58</name>
      </trkpt>
      <trkpt lat="35.692472" lon="139.700719">
        <name>20:59</name>
      </trkpt>
      <trkpt lat="35.692484" lon="139.700696">
        <name>21:00</name>
      </trkpt>
      <trkpt lat="35.692498" lon="139.700667">
        <name>21:01</name>
      </trkpt>
      <trkpt lat="35.692518" lon="139.700632">
        <name>21:02</name>
      </trkpt>
      <trkpt lat="35.692544" lon="139.700596">
        <name>21:03</name>
      </trkpt>
      <trkpt lat="35.692581" lon="139.700558">
        <name>21:04</name>
      </trkpt>
      <trkpt lat="35.692627" lon="139.700524">
        <name>21:05</name>
      </trkpt>
      <trkpt lat="35.692665" lon="139.700501">
        <name>21:06</name>
      </trkpt>
      <trkpt lat="35.692705" lon="139.700480">
        <name>21:07</name>
      </trkpt>
      <trkpt lat="35.692847" lon="139.700417">
        <name>21:08</name>
      </trkpt>
      <trkpt lat="35.692877" lon="139.700405">
        <name>21:09</name>
      </trkpt>
      <trkpt lat="35.692923" lon="139.700388">
        <name>21:10</name>
      </trkpt>
      <trkpt lat="35.692973" lon="139.700375">
        <name>21:11</name>
      </trkpt>
      <trkpt lat="35.693228" lon="139.700315">
        <name>21:12</name>
      </trkpt>
      <trkpt lat="35.693271" lon="139.700305">
        <name>21:13</name>
      </trkpt>
      <trkpt lat="35.693339" lon="139.700292">
        <name>21:14</name>
      </trkpt>
      <trkpt lat="35.693390" lon="139.700297">
        <name>21:15</name>
      </trkpt>
      <trkpt lat="35.693436" lon="139.700314">
        <name>21:16</name>
      </trkpt>
      <trkpt lat="35.693492" lon="139.700355">
        <name>21:17</name>
      </trkpt>
      <trkpt lat="35.693554" lon="139.700405">
        <name>21:18</name>
      </trkpt>
      <trkpt lat="35.693616" lon="139.700440">
        <name>21:19</name>
      </trkpt>
      <trkpt lat="35.693670" lon="139.700478">
        <name>21:20</name>
      </trkpt>
      <trkpt lat="35.693714" lon="139.700516">
        <name>21:21</name>
      </trkpt>
      <trkpt lat="35.693750" lon="139.700549">
        <name>21:22</name>
      </trkpt>
      <trkpt lat="35.693765" lon="139.700561">
        <name>21:23</name>
      </trkpt>
      <trkpt lat="35.693784" lon="139.700571">
        <name>21:24</name>
      </trkpt>
      <trkpt lat="35.693802" lon="139.700574">
        <name>21:25</name>
      </trkpt>
      <trkpt lat="35.693803" lon="139.700668">
        <name>21:26</name>
      </trkpt>
      <trkpt lat="35.693796" lon="139.700727">
        <name>21:27</name>
      </trkpt>
      <trkpt lat="35.693765" lon="139.700870">
        <name>21:28</name>
      </trkpt>
      <trkpt lat="35.693751" lon="139.700932">
        <name>21:29</name>
      </trkpt>
      <trkpt lat="35.693739" lon="139.700988">
        <name>21:30</name>
      </trkpt>
      <trkpt lat="35.693670" lon="139.701285">
        <name>21:31</name>
      </trkpt>
      <trkpt lat="35.693652" lon="139.701365">
        <name>21:32</name>
      </trkpt>
      <trkpt lat="35.693624" lon="139.701489">
        <name>21:33</name>
      </trkpt>
      <trkpt lat="35.693615" lon="139.701532">
        <name>21:34</name>
      </trkpt>
      <trkpt lat="35.693466" lon="139.702213">
        <name>21:35</name>
      </trkpt>
      <trkpt lat="35.693447" lon="139.702298">
        <name>21:36</name>
      </trkpt>
      <trkpt lat="35.693431" lon="139.702368">
        <name>21:37</name>
      </trkpt>
      <trkpt lat="35.693334" lon="139.702804">
        <name>21:38</name>
      </trkpt>
      <trkpt lat="35.693193" lon="139.703294">
        <name>21:39</name>
      </trkpt>
      <trkpt lat="35.693174" lon="139.703362">
        <name>21:40</name>
      </trkpt>
      <trkpt lat="35.693141" lon="139.703482">
        <name>21:41</name>
      </trkpt>
      <trkpt lat="35.693246" lon="139.703529">
        <name>21:42</name>
      </trkpt>
      <trkpt lat="35.693315" lon="139.703561">
        <name>21:43</name>
      </trkpt>
      <trkpt lat="35.693462" lon="139.703629">
        <name>21:44</name>
      </trkpt>
      <trkpt lat="35.693540" lon="139.703666">
        <name>21:45</name>
      </trkpt>
      <trkpt lat="35.693750" lon="139.703764">
        <name>21:46</name>
      </trkpt>
      <trkpt lat="35.693750" lon="139.703764">
        <name>21:47</name>
      </trkpt>
      <trkpt lat="35.693897" lon="139.703832">
        <name>21:48</name>
      </trkpt>
      <trkpt lat="35.694197" lon="139.703962">
        <name>21:49</name>
      </trkpt>
      <trkpt lat="35.694863" lon="139.704266">
        <name>21:50</name>
      </trkpt>
      <trkpt lat="35.694973" lon="139.704310">
        <name>21:51</name>
      </trkpt>
      <trkpt lat="35.694975" lon="139.704217">
        <name>21:52</name>
      </trkpt>
      <trkpt lat="35.695011" lon="139.704058">
        <name>21:53</name>
      </trkpt>
      <trkpt lat="35.695038" lon="139.703944">
        <name>21:54</name>
      </trkpt>
      <trkpt lat="35.695081" lon="139.703758">
        <name>21:55</name>
      </trkpt>
      <trkpt lat="35.695081" lon="139.703758">
        <name>21:56</name>
      </trkpt>
      <trkpt lat="35.695098" lon="139.703687">
        <name>21:57</name>
      </trkpt>
      <trkpt lat="35.695124" lon="139.703577">
        <name>21:58</name>
      </trkpt>
      <trkpt lat="35.695166" lon="139.703407">
        <name>21:59</name>
      </trkpt>
      <trkpt lat="35.695183" lon="139.703364">
        <name>22:00</name>
      </trkpt>
      <trkpt lat="35.695220" lon="139.703375">
        <name>22:01</name>
      </trkpt>
      <trkpt lat="35.695290" lon="139.703395">
        <name>22:02</name>
      </trkpt>
      <trkpt lat="35.695508" lon="139.703458">
        <name>22:03</name>
      </trkpt>
      <trkpt lat="35.695508" lon="139.703458">
        <name>22:04</name>
      </trkpt>
      <trkpt lat="35.695640" lon="139.703496">
        <name>22:05</name>
      </trkpt>
      <trkpt lat="35.695961" lon="139.703571">
        <name>22:06</name>
      </trkpt>
      <trkpt lat="35.695845" lon="139.704202">
        <name>22:07</name>
      </trkpt>
      <trkpt lat="35.695797" lon="139.704458">
        <name>22:08</name>
      </trkpt>
      <trkpt lat="35.695785" lon="139.704525">
        <name>22:09</name>
      </trkpt>
      <trkpt lat="35.695037" lon="139.704332">
        <name>22:10</name>
      </trkpt>
      <trkpt lat="35.694973" lon="139.704310">
        <name>22:11</name>
      </trkpt>
      <trkpt lat="35.694863" lon="139.704266">
        <name>22:12</name>
      </trkpt>
      <trkpt lat="35.694197" lon="139.703962">
        <name>22:13</name>
      </trkpt>
      <trkpt lat="35.693897" lon="139.703832">
        <name>22:14</name>
      </trkpt>
      <trkpt lat="35.693750" lon="139.703764">
        <name>22:15</name>
      </trkpt>
      <trkpt lat="35.693750" lon="139.703764">
        <name>22:16</name>
      </trkpt>
      <trkpt lat="35.693540" lon="139.703666">
        <name>22:17</name>
      </trkpt>
      <trkpt lat="35.693462" lon="139.703629">
        <name>22:18</name>
      </trkpt>
      <trkpt lat="35.693315" lon="139.703561">
        <name>22:19</name>
      </trkpt>
      <trkpt lat="35.693246" lon="139.703529">
        <name>22:20</name>
      </trkpt>
      <trkpt lat="35.693141" lon="139.703482">
        <name>22:21</name>
      </trkpt>
      <trkpt lat="35.693072" lon="139.703731">
        <name>22:22</name>
      </trkpt>
      <trkpt lat="35.692837" lon="139.704588">
        <name>22:23</name>
      </trkpt>
      <trkpt lat="35.692597" lon="139.705493">
        <name>22:24</name>
      </trkpt>
      <trkpt lat="35.692587" lon="139.705528">
        <name>22:25</name>
      </trkpt>
      <trkpt lat="35.692577" lon="139.705567">
        <name>22:26</name>
      </trkpt>
      <trkpt lat="35.692565" lon="139.705611">
        <name>22:27</name>
      </trkpt>
      <trkpt lat="35.692510" lon="139.705818">
        <name>22:28</name>
      </trkpt>
      <trkpt lat="35.692490" lon="139.705892">
        <name>22:29</name>
      </trkpt>
      <trkpt lat="35.692371" lon="139.705823">
        <name>22:30</name>
      </trkpt>
      <trkpt lat="35.692221" lon="139.705735">
        <name>22:31</name>
      </trkpt>
      <trkpt lat="35.691893" lon="139.705539">
        <name>22:32</name>
      </trkpt>
      <trkpt lat="35.691832" lon="139.705503">
        <name>22:33</name>
      </trkpt>
      <trkpt lat="35.691769" lon="139.705465">
        <name>22:34</name>
      </trkpt>
      <trkpt lat="35.691498" lon="139.705306">
        <name>22:35</name>
      </trkpt>
      <trkpt lat="35.691326" lon="139.705192">
        <name>22:36</name>
      </trkpt>
      <trkpt lat="35.691188" lon="139.705110">
        <name>22:37</name>
      </trkpt>
      <trkpt lat="35.691024" lon="139.705014">
        <name>22:38</name>
      </trkpt>
      <trkpt lat="35.690851" lon="139.704908">
        <name>22:39</name>
      </trkpt>
      <trkpt lat="35.690787" lon="139.705048">
        <name>22:40</name>
      </trkpt>
      <trkpt lat="35.690787" lon="139.705048">
        <name>22:41</name>
      </trkpt>
      <trkpt lat="35.690787" lon="139.705048">
        <name>22:42</name>
      </trkpt>
      <trkpt lat="35.690787" lon="139.705048">
        <name>22:43</name>
      </trkpt>
      <trkpt lat="35.690851" lon="139.704908">
        <name>22:44</name>
      </trkpt>
      <trkpt lat="35.690884" lon="139.704836">
        <name>22:45</name>
      </trkpt>
      <trkpt lat="35.691052" lon="139.704943">
        <name>22:46</name>
      </trkpt>
      <trkpt lat="35.691354" lon="139.705119">
        <name>22:47</name>
      </trkpt>
      <trkpt lat="35.691536" lon="139.705241">
        <name>22:48</name>
      </trkpt>
      <trkpt lat="35.691766" lon="139.705377">
        <name>22:49</name>
      </trkpt>
      <trkpt lat="35.691810" lon="139.705402">
        <name>22:50</name>
      </trkpt>
      <trkpt lat="35.691872" lon="139.705440">
        <name>22:51</name>
      </trkpt>
      <trkpt lat="35.692197" lon="139.705635">
        <name>22:52</name>
      </trkpt>
      <trkpt lat="35.692245" lon="139.705663">
        <name>22:53</name>
      </trkpt>
      <trkpt lat="35.692388" lon="139.705747">
        <name>22:54</name>
      </trkpt>
      <trkpt lat="35.692430" lon="139.705557">
        <name>22:55</name>
      </trkpt>
      <trkpt lat="35.692441" lon="139.705516">
        <name>22:56</name>
      </trkpt>
      <trkpt lat="35.692452" lon="139.705473">
        <name>22:57</name>
      </trkpt>
      <trkpt lat="35.692534" lon="139.705160">
        <name>22:58</name>
      </trkpt>
      <trkpt lat="35.692708" lon="139.704533">
        <name>22:59</name>
      </trkpt>
      <trkpt lat="35.692778" lon="139.704288">
        <name>23:00</name>
      </trkpt>
      <trkpt lat="35.692836" lon="139.704078">
        <name>23:01</name>
      </trkpt>
      <trkpt lat="35.692931" lon="139.703745">
        <name>23:02</name>
      </trkpt>
      <trkpt lat="35.692950" lon="139.703680">
        <name>23:03</name>
      </trkpt>
      <trkpt lat="35.692997" lon="139.703512">
        <name>23:04</name>
      </trkpt>
      <trkpt lat="35.693021" lon="139.703427">
        <name>23:05</name>
      </trkpt>
      <trkpt lat="35.693141" lon="139.703482">
        <name>23:06</name>
      </trkpt>
      <trkpt lat="35.693246" lon="139.703529">
        <name>23:07</name>
      </trkpt>
      <trkpt lat="35.693315" lon="139.703561">
        <name>23:08</name>
      </trkpt>
      <trkpt lat="35.693462" lon="139.703629">
        <name>23:09</name>
      </trkpt>
      <trkpt lat="35.693540" lon="139.703666">
        <name>23:10</name>
      </trkpt>
      <trkpt lat="35.693897" lon="139.703832">
        <name>23:11</name>
      </trkpt>
      <trkpt lat="35.694197" lon="139.703962">
        <name>23:12</name>
      </trkpt>
      <trkpt lat="35.694863" lon="139.704266">
        <name>23:13</name>
      </trkpt>
      <trkpt lat="35.694973" lon="139.704310">
        <name>23:14</name>
      </trkpt>
      <trkpt lat="35.694975" lon="139.704217">
        <name>23:15</name>
      </trkpt>
      <trkpt lat="35.695011" lon="139.704058">
        <name>23:16</name>
      </trkpt>
      <trkpt lat="35.695038" lon="139.703944">
        <name>23:17</name>
      </trkpt>
      <trkpt lat="35.695098" lon="139.703687">
        <name>23:18</name>
      </trkpt>
      <trkpt lat="35.695124" lon="139.703577">
        <name>23:19</name>
      </trkpt>
      <trkpt lat="35.695166" lon="139.703407">
        <name>23:20</name>
      </trkpt>
      <trkpt lat="35.695183" lon="139.703364">
        <name>23:21</name>
      </trkpt>
      <trkpt lat="35.695220" lon="139.703375">
        <name>23:22</name>
      </trkpt>
      <trkpt lat="35.695290" lon="139.703395">
        <name>23:23</name>
      </trkpt>
      <trkpt lat="35.695490" lon="139.703453">
        <name>23:24</name>
      </trkpt>
      <trkpt lat="35.695490" lon="139.703453">
        <name>23:25</name>
      </trkpt>
      <trkpt lat="35.695290" lon="139.703395">
        <name>23:26</name>
      </trkpt>
      <trkpt lat="35.695220" lon="139.703375">
        <name>23:27</name>
      </trkpt>
      <trkpt lat="35.695183" lon="139.703364">
        <name>23:28</name>
      </trkpt>
      <trkpt lat="35.695261" lon="139.703129">
        <name>23:29</name>
      </trkpt>
      <trkpt lat="35.695231" lon="139.703099">
        <name>23:30</name>
      </trkpt>
      <trkpt lat="35.695209" lon="139.703080">
        <name>23:31</name>
      </trkpt>
      <trkpt lat="35.694596" lon="139.702853">
        <name>23:32</name>
      </trkpt>
      <trkpt lat="35.694178" lon="139.702647">
        <name>23:33</name>
      </trkpt>
      <trkpt lat="35.693891" lon="139.702509">
        <name>23:34</name>
      </trkpt>
      <trkpt lat="35.693583" lon="139.702358">
        <name>23:35</name>
      </trkpt>
      <trkpt lat="35.693578" lon="139.702356">
        <name>23:36</name>
      </trkpt>
      <trkpt lat="35.693541" lon="139.702337">
        <name>23:37</name>
      </trkpt>
      <trkpt lat="35.693447" lon="139.702298">
        <name>23:38</name>
      </trkpt>
      <trkpt lat="35.693431" lon="139.702368">
        <name>23:39</name>
      </trkpt>
      <trkpt lat="35.693334" lon="139.702804">
        <name>23:40</name>
      </trkpt>
      <trkpt lat="35.693424" lon="139.702848">
        <name>23:41</name>
      </trkpt>
      <trkpt lat="35.693446" lon="139.702853">
        <name>23:42</name>
      </trkpt>
      <trkpt lat="35.693463" lon="139.702862">
        <name>23:43</name>
      </trkpt>
      <trkpt lat="35.693646" lon="139.702953">
        <name>23:44</name>
      </trkpt>
      <trkpt lat="35.693554" lon="139.703301">
        <name>23:45</name>
      </trkpt>
      <trkpt lat="35.693554" lon="139.703301">
        <name>23:46</name>
      </trkpt>
      <trkpt lat="35.693498" lon="139.703511">
        <name>23:47</name>
      </trkpt>
      <trkpt lat="35.693484" lon="139.703557">
        <name>23:48</name>
      </trkpt>
      <trkpt lat="35.693462" lon="139.703629">
        <name>23:49</name>
      </trkpt>
      <trkpt lat="35.693315" lon="139.703561">
        <name>23:50</name>
      </trkpt>
      <trkpt lat="35.693246" lon="139.703529">
        <name>23:51</name>
      </trkpt>
      <trkpt lat="35.693141" lon="139.703482">
        <name>23:52</name>
      </trkpt>
      <trkpt lat="35.693072" lon="139.703731">
        <name>23:53</name>
      </trkpt>
      <trkpt lat="35.692837" lon="139.704588">
        <name>23:54</name>
      </trkpt>
      <trkpt lat="35.692597" lon="139.705493">
        <name>23:55</name>
      </trkpt>
      <trkpt lat="35.692587" lon="139.705528">
        <name>23:56</name>
      </trkpt>
      <trkpt lat="35.692577" lon="139.705567">
        <name>23:57</name>
      </trkpt>
      <trkpt lat="35.692565" lon="139.705611">
        <name>23:58</name>
      </trkpt>
      <trkpt lat="35.692510" lon="139.705818">
        <name>23:59</name>
      </trkpt>
      <trkpt lat="35.692490" lon="139.705892">
        <name>24:00</name>
      </trkpt>
      <trkpt lat="35.692371" lon="139.705823">
        <name>24:01</name>
      </trkpt>
      <trkpt lat="35.692221" lon="139.705735">
        <name>24:02</name>
      </trkpt>
      <trkpt lat="35.691893" lon="139.705539">
        <name>24:03</name>
      </trkpt>
      <trkpt lat="35.691832" lon="139.705503">
        <name>24:04</name>
      </trkpt>
      <trkpt lat="35.691769" lon="139.705465">
        <name>24:05</name>
      </trkpt>
      <trkpt lat="35.691498" lon="139.705306">
        <name>24:06</name>
      </trkpt>
      <trkpt lat="35.691326" lon="139.705192">
        <name>24:07</name>
      </trkpt>
      <trkpt lat="35.691188" lon="139.705110">
        <name>24:08</name>
      </trkpt>
      <trkpt lat="35.691024" lon="139.705014">
        <name>24:09</name>
      </trkpt>
      <trkpt lat="35.690851" lon="139.704908">
        <name>24:10</name>
      </trkpt>
      <trkpt lat="35.690787" lon="139.705048">
        <name>24:11</name>
      </trkpt>
      <trkpt lat="35.690765" lon="139.705096">
        <name>24:12</name>
      </trkpt>
      <trkpt lat="35.690765" lon="139.705096">
        <name>24:13</name>
      </trkpt>
      <trkpt lat="35.690758" lon="139.705113">
        <name>24:14</name>
      </trkpt>
      <trkpt lat="35.690758" lon="139.705113">
        <name>24:15</name>
      </trkpt>
      <trkpt lat="35.690787" lon="139.705048">
        <name>24:16</name>
      </trkpt>
      <trkpt lat="35.690851" lon="139.704908">
        <name>24:17</name>
      </trkpt>
      <trkpt lat="35.690708" lon="139.704813">
        <name>24:18</name>
      </trkpt>
      <trkpt lat="35.690658" lon="139.704780">
        <name>24:19</name>
      </trkpt>
      <trkpt lat="35.690658" lon="139.704780">
        <name>24:20</name>
      </trkpt>
      <trkpt lat="35.690504" lon="139.704680">
        <name>24:21</name>
      </trkpt>
      <trkpt lat="35.690440" lon="139.704705">
        <name>24:22</name>
      </trkpt>
      <trkpt lat="35.690269" lon="139.705070">
        <name>24:23</name>
      </trkpt>
      <trkpt lat="35.690022" lon="139.705165">
        <name>24:24</name>
      </trkpt>
      <trkpt lat="35.690009" lon="139.705167">
        <name>24:25</name>
      </trkpt>
      <trkpt lat="35.689926" lon="139.705184">
        <name>24:26</name>
      </trkpt>
      <trkpt lat="35.689908" lon="139.705282">
        <name>24:27</name>
      </trkpt>
      <trkpt lat="35.689887" lon="139.705384">
        <name>24:28</name>
      </trkpt>
      <trkpt lat="35.690037" lon="139.705477">
        <name>24:29</name>
      </trkpt>
      <trkpt lat="35.690379" lon="139.705715">
        <name>24:30</name>
      </trkpt>
      <trkpt lat="35.690455" lon="139.705770">
        <name>24:31</name>
      </trkpt>
      <trkpt lat="35.690461" lon="139.705756">
        <name>24:32</name>
      </trkpt>
      <trkpt lat="35.690531" lon="139.705611">
        <name>24:33</name>
      </trkpt>
      <trkpt lat="35.690787" lon="139.705048">
        <name>24:34</name>
      </trkpt>
      <trkpt lat="35.690851" lon="139.704908">
        <name>24:35</name>
      </trkpt>
      <trkpt lat="35.690884" lon="139.704836">
        <name>24:36</name>
      </trkpt>
      <trkpt lat="35.691052" lon="139.704943">
        <name>24:37</name>
      </trkpt>
      <trkpt lat="35.691354" lon="139.705119">
        <name>24:38</name>
      </trkpt>
      <trkpt lat="35.691536" lon="139.705241">
        <name>24:39</name>
      </trkpt>
      <trkpt lat="35.691766" lon="139.705377">
        <name>24:40</name>
      </trkpt>
      <trkpt lat="35.691810" lon="139.705402">
        <name>24:41</name>
      </trkpt>
      <trkpt lat="35.691872" lon="139.705440">
        <name>24:42</name>
      </trkpt>
      <trkpt lat="35.692197" lon="139.705635">
        <name>24:43</name>
      </trkpt>
      <trkpt lat="35.692245" lon="139.705663">
        <name>24:44</name>
      </trkpt>
      <trkpt lat="35.692388" lon="139.705747">
        <name>24:45</name>
      </trkpt>
      <trkpt lat="35.692430" lon="139.705557">
        <name>24:46</name>
      </trkpt>
      <trkpt lat="35.692441" lon="139.705516">
        <name>24:47</name>
      </trkpt>
      <trkpt lat="35.692452" lon="139.705473">
        <name>24:48</name>
      </trkpt>
      <trkpt lat="35.692534" lon="139.705160">
        <name>24:49</name>
      </trkpt>
      <trkpt lat="35.692708" lon="139.704533">
        <name>24:50</name>
      </trkpt>
      <trkpt lat="35.692778" lon="139.704288">
        <name>24:51</name>
      </trkpt>
      <trkpt lat="35.692836" lon="139.704078">
        <name>24:52</name>
      </trkpt>
      <trkpt lat="35.692931" lon="139.703745">
        <name>24:53</name>
      </trkpt>
      <trkpt lat="35.692950" lon="139.703680">
        <name>24:54</name>
      </trkpt>
      <trkpt lat="35.692997" lon="139.703512">
        <name>24:55</name>
      </trkpt>
      <trkpt lat="35.693021" lon="139.703427">
        <name>24:56</name>
      </trkpt>
      <trkpt lat="35.693141" lon="139.703482">
        <name>24:57</name>
      </trkpt>
      <trkpt lat="35.693246" lon="139.703529">
        <name>24:58</name>
      </trkpt>
      <trkpt lat="35.693315" lon="139.703561">
        <name>24:59</name>
      </trkpt>
      <trkpt lat="35.693462" lon="139.703629">
        <name>25:00</name>
      </trkpt>
      <trkpt lat="35.693540" lon="139.703666">
        <name>25:01</name>
      </trkpt>
      <trkpt lat="35.693897" lon="139.703832">
        <name>25:02</name>
      </trkpt>
      <trkpt lat="35.694197" lon="139.703962">
        <name>25:03</name>
      </trkpt>
      <trkpt lat="35.694214" lon="139.703900">
        <name>25:04</name>
      </trkpt>
      <trkpt lat="35.694298" lon="139.703582">
        <name>25:05</name>
      </trkpt>
      <trkpt lat="35.694365" lon="139.703324">
        <name>25:06</name>
      </trkpt>
      <trkpt lat="35.694470" lon="139.703376">
        <name>25:07</name>
      </trkpt>
      <trkpt lat="35.694731" lon="139.703505">
        <name>25:08</name>
      </trkpt>
      <trkpt lat="35.694731" lon="139.703505">
        <name>25:09</name>
      </trkpt>
      <trkpt lat="35.694863" lon="139.703571">
        <name>25:10</name>
      </trkpt>
      <trkpt lat="35.694969" lon="139.703623">
        <name>25:11</name>
      </trkpt>
      <trkpt lat="35.695062" lon="139.703669">
        <name>25:12</name>
      </trkpt>
      <trkpt lat="35.695098" lon="139.703687">
        <name>25:13</name>
      </trkpt>
      <trkpt lat="35.695124" lon="139.703577">
        <name>25:14</name>
      </trkpt>
      <trkpt lat="35.695166" lon="139.703407">
        <name>25:15</name>
      </trkpt>
      <trkpt lat="35.695183" lon="139.703364">
        <name>25:16</name>
      </trkpt>
      <trkpt lat="35.695261" lon="139.703129">
        <name>25:17</name>
      </trkpt>
      <trkpt lat="35.695231" lon="139.703099">
        <name>25:18</name>
      </trkpt>
      <trkpt lat="35.695209" lon="139.703080">
        <name>25:19</name>
      </trkpt>
      <trkpt lat="35.694596" lon="139.702853">
        <name>25:20</name>
      </trkpt>
      <trkpt lat="35.694178" lon="139.702647">
        <name>25:21</name>
      </trkpt>
      <trkpt lat="35.693891" lon="139.702509">
        <name>25:22</name>
      </trkpt>
      <trkpt lat="35.693583" lon="139.702358">
        <name>25:23</name>
      </trkpt>
      <trkpt lat="35.693578" lon="139.702356">
        <name>25:24</name>
      </trkpt>
      <trkpt lat="35.693541" lon="139.702337">
        <name>25:25</name>
      </trkpt>
      <trkpt lat="35.693447" lon="139.702298">
        <name>25:26</name>
      </trkpt>
      <trkpt lat="35.693431" lon="139.702368">
        <name>25:27</name>
      </trkpt>
      <trkpt lat="35.693334" lon="139.702804">
        <name>25:28</name>
      </trkpt>
      <trkpt lat="35.693193" lon="139.703294">
        <name>25:29</name>
      </trkpt>
      <trkpt lat="35.693174" lon="139.703362">
        <name>25:30</name>
      </trkpt>
      <trkpt lat="35.693141" lon="139.703482">
        <name>25:31</name>
      </trkpt>
      <trkpt lat="35.693072" lon="139.703731">
        <name>25:32</name>
      </trkpt>
      <trkpt lat="35.692837" lon="139.704588">
        <name>25:33</name>
      </trkpt>
      <trkpt lat="35.692597" lon="139.705493">
        <name>25:34</name>
      </trkpt>
      <trkpt lat="35.692587" lon="139.705528">
        <name>25:35</name>
      </trkpt>
      <trkpt lat="35.692577" lon="139.705567">
        <name>25:36</name>
      </trkpt>
      <trkpt lat="35.692565" lon="139.705611">
        <name>25:37</name>
      </trkpt>
      <trkpt lat="35.692510" lon="139.705818">
        <name>25:38</name>
      </trkpt>
      <trkpt lat="35.692490" lon="139.705892">
        <name>25:39</name>
      </trkpt>
      <trkpt lat="35.692371" lon="139.705823">
        <name>25:40</name>
      </trkpt>
      <trkpt lat="35.692221" lon="139.705735">
        <name>25:41</name>
      </trkpt>
      <trkpt lat="35.691893" lon="139.705539">
        <name>25:42</name>
      </trkpt>
      <trkpt lat="35.691832" lon="139.705503">
        <name>25:43</name>
      </trkpt>
      <trkpt lat="35.691769" lon="139.705465">
        <name>25:44</name>
      </trkpt>
      <trkpt lat="35.691498" lon="139.705306">
        <name>25:45</name>
      </trkpt>
      <trkpt lat="35.691326" lon="139.705192">
        <name>25:46</name>
      </trkpt>
      <trkpt lat="35.691188" lon="139.705110">
        <name>25:47</name>
      </trkpt>
      <trkpt lat="35.691024" lon="139.705014">
        <name>25:48</name>
      </trkpt>
      <trkpt lat="35.690851" lon="139.704908">
        <name>25:49</name>
      </trkpt>
      <trkpt lat="35.690708" lon="139.704813">
        <name>25:50</name>
      </trkpt>
      <trkpt lat="35.690504" lon="139.704680">
        <name>25:51</name>
      </trkpt>
      <trkpt lat="35.690440" lon="139.704705">
        <name>25:52</name>
      </trkpt>
      <trkpt lat="35.690352" lon="139.704894">
        <name>25:53</name>
      </trkpt>
      <trkpt lat="35.690352" lon="139.704894">
        <name>25:54</name>
      </trkpt>
      <trkpt lat="35.690344" lon="139.704910">
        <name>25:55</name>
      </trkpt>
      <trkpt lat="35.690344" lon="139.704910">
        <name>25:56</name>
      </trkpt>
      <trkpt lat="35.690336" lon="139.704927">
        <name>25:57</name>
      </trkpt>
      <trkpt lat="35.690336" lon="139.704927">
        <name>25:58</name>
      </trkpt>
      <trkpt lat="35.690269" lon="139.705070">
        <name>25:59</name>
      </trkpt>
      <trkpt lat="35.690022" lon="139.705165">
        <name>26:00</name>
      </trkpt>
      <trkpt lat="35.690009" lon="139.705167">
        <name>26:01</name>
      </trkpt>
      <trkpt lat="35.689926" lon="139.705184">
        <name>26:02</name>
      </trkpt>
      <trkpt lat="35.689908" lon="139.705282">
        <name>26:03</name>
      </trkpt>
      <trkpt lat="35.689887" lon="139.705384">
        <name>26:04</name>
      </trkpt>
      <trkpt lat="35.690037" lon="139.705477">
        <name>26:05</name>
      </trkpt>
      <trkpt lat="35.690379" lon="139.705715">
        <name>26:06</name>
      </trkpt>
      <trkpt lat="35.690455" lon="139.705770">
        <name>26:07</name>
      </trkpt>
      <trkpt lat="35.690461" lon="139.705756">
        <name>26:08</name>
      </trkpt>
      <trkpt lat="35.690531" lon="139.705611">
        <name>26:09</name>
      </trkpt>
      <trkpt lat="35.690787" lon="139.705048">
        <name>26:10</name>
      </trkpt>
      <trkpt lat="35.690851" lon="139.704908">
        <name>26:11</name>
      </trkpt>
      <trkpt lat="35.690884" lon="139.704836">
        <name>26:12</name>
      </trkpt>
      <trkpt lat="35.690953" lon="139.704688">
        <name>26:13</name>
      </trkpt>
      <trkpt lat="35.691328" lon="139.703851">
        <name>26:14</name>
      </trkpt>
      <trkpt lat="35.691376" lon="139.703743">
        <name>26:15</name>
      </trkpt>
      <trkpt lat="35.691397" lon="139.703697">
        <name>26:16</name>
      </trkpt>
      <trkpt lat="35.691407" lon="139.703673">
        <name>26:17</name>
      </trkpt>
      <trkpt lat="35.691429" lon="139.703625">
        <name>26:18</name>
      </trkpt>
      <trkpt lat="35.691388" lon="139.703598">
        <name>26:19</name>
      </trkpt>
      <trkpt lat="35.691363" lon="139.703582">
        <name>26:20</name>
      </trkpt>
      <trkpt lat="35.691296" lon="139.703538">
        <name>26:21</name>
      </trkpt>
      <trkpt lat="35.691063" lon="139.703385">
        <name>26:22</name>
      </trkpt>
      <trkpt lat="35.690997" lon="139.703364">
        <name>26:23</name>
      </trkpt>
      <trkpt lat="35.690711" lon="139.703315">
        <name>26:24</name>
      </trkpt>
      <trkpt lat="35.690654" lon="139.703305">
        <name>26:25</name>
      </trkpt>
      <trkpt lat="35.690597" lon="139.703282">
        <name>26:26</name>
      </trkpt>
      <trkpt lat="35.690519" lon="139.703255">
        <name>26:27</name>
      </trkpt>
      <trkpt lat="35.690452" lon="139.703242">
        <name>26:28</name>
      </trkpt>
      <trkpt lat="35.690398" lon="139.703250">
        <name>26:29</name>
      </trkpt>
      <trkpt lat="35.690353" lon="139.703238">
        <name>26:30</name>
      </trkpt>
      <trkpt lat="35.690256" lon="139.703226">
        <name>26:31</name>
      </trkpt>
      <trkpt lat="35.690211" lon="139.703200">
        <name>26:32</name>
      </trkpt>
      <trkpt lat="35.690236" lon="139.702857">
        <name>26:33</name>
      </trkpt>
      <trkpt lat="35.690245" lon="139.702703">
        <name>26:34</name>
      </trkpt>
      <trkpt lat="35.690277" lon="139.702195">
        <name>26:35</name>
      </trkpt>
      <trkpt lat="35.690377" lon="139.702217">
        <name>26:36</name>
      </trkpt>
      <trkpt lat="35.690377" lon="139.702217">
        <name>26:37</name>
      </trkpt>
      <trkpt lat="35.690631" lon="139.702271">
        <name>26:38</name>
      </trkpt>
      <trkpt lat="35.690727" lon="139.702291">
        <name>26:39</name>
      </trkpt>
      <trkpt lat="35.691237" lon="139.702412">
        <name>26:40</name>
      </trkpt>
      <trkpt lat="35.691216" lon="139.702511">
        <name>26:41</name>
      </trkpt>
      <trkpt lat="35.691146" lon="139.703028">
        <name>26:42</name>
      </trkpt>
      <trkpt lat="35.690684" lon="139.702924">
        <name>26:43</name>
      </trkpt>
      <trkpt lat="35.690236" lon="139.702857">
        <name>26:44</name>
      </trkpt>
      <trkpt lat="35.690245" lon="139.702703">
        <name>26:45</name>
      </trkpt>
      <trkpt lat="35.690277" lon="139.702195">
        <name>26:46</name>
      </trkpt>
      <trkpt lat="35.690347" lon="139.702210">
        <name>26:47</name>
      </trkpt>
      <trkpt lat="35.690347" lon="139.702210">
        <name>26:48</name>
      </trkpt>
      <trkpt lat="35.690631" lon="139.702271">
        <name>26:49</name>
      </trkpt>
      <trkpt lat="35.690727" lon="139.702291">
        <name>26:50</name>
      </trkpt>
      <trkpt lat="35.691237" lon="139.702412">
        <name>26:51</name>
      </trkpt>
      <trkpt lat="35.691216" lon="139.702511">
        <name>26:52</name>
      </trkpt>
      <trkpt lat="35.691146" lon="139.703028">
        <name>26:53</name>
      </trkpt>
      <trkpt lat="35.690684" lon="139.702924">
        <name>26:54</name>
      </trkpt>
      <trkpt lat="35.690236" lon="139.702857">
        <name>26:55</name>
      </trkpt>
      <trkpt lat="35.690245" lon="139.702703">
        <name>26:56</name>
      </trkpt>
      <trkpt lat="35.690277" lon="139.702195">
        <name>26:57</name>
      </trkpt>
      <trkpt lat="35.690317" lon="139.702204">
        <name>26:58</name>
      </trkpt>
      <trkpt lat="35.690317" lon="139.702204">
        <name>26:59</name>
      </trkpt>
      <trkpt lat="35.690631" lon="139.702271">
        <name>27:00</name>
      </trkpt>
      <trkpt lat="35.690727" lon="139.702291">
        <name>27:01</name>
      </trkpt>
      <trkpt lat="35.690774" lon="139.701816">
        <name>27:02</name>
      </trkpt>
      <trkpt lat="35.690791" lon="139.701630">
        <name>27:03</name>
      </trkpt>
      <trkpt lat="35.690721" lon="139.701487">
        <name>27:04</name>
      </trkpt>
      <trkpt lat="35.690787" lon="139.701435">
        <name>27:05</name>
      </trkpt>
      <trkpt lat="35.690816" lon="139.701422">
        <name>27:06</name>
      </trkpt>
      <trkpt lat="35.690842" lon="139.701419">
        <name>27:07</name>
      </trkpt>
      <trkpt lat="35.690871" lon="139.701414">
        <name>27:08</name>
      </trkpt>
      <trkpt lat="35.690910" lon="139.701415">
        <name>27:09</name>
      </trkpt>
      <trkpt lat="35.691129" lon="139.701388">
        <name>27:10</name>
      </trkpt>
      <trkpt lat="35.691185" lon="139.701381">
        <name>27:11</name>
      </trkpt>
      <trkpt lat="35.691211" lon="139.701378">
        <name>27:12</name>
      </trkpt>
      <trkpt lat="35.691241" lon="139.701378">
        <name>27:13</name>
      </trkpt>
      <trkpt lat="35.691297" lon="139.701371">
        <name>27:14</name>
      </trkpt>
      <trkpt lat="35.691319" lon="139.701372">
        <name>27:15</name>
      </trkpt>
      <trkpt lat="35.691339" lon="139.701377">
        <name>27:16</name>
      </trkpt>
      <trkpt lat="35.691351" lon="139.701386">
        <name>27:17</name>
      </trkpt>
      <trkpt lat="35.691366" lon="139.701402">
        <name>27:18</name>
      </trkpt>
      <trkpt lat="35.691378" lon="139.701539">
        <name>27:19</name>
      </trkpt>
      <trkpt lat="35.691384" lon="139.701591">
        <name>27:20</name>
      </trkpt>
      <trkpt lat="35.691479" lon="139.701578">
        <name>27:21</name>
      </trkpt>
      <trkpt lat="35.691752" lon="139.701543">
        <name>27:22</name>
      </trkpt>
      <trkpt lat="35.691770" lon="139.701542">
        <name>27:23</name>
      </trkpt>
      <trkpt lat="35.691791" lon="139.701543">
        <name>27:24</name>
      </trkpt>
      <trkpt lat="35.691819" lon="139.701548">
        <name>27:25</name>
      </trkpt>
      <trkpt lat="35.691841" lon="139.701554">
        <name>27:26</name>
      </trkpt>
      <trkpt lat="35.691860" lon="139.701560">
        <name>27:27</name>
      </trkpt>
      <trkpt lat="35.691889" lon="139.701572">
        <name>27:28</name>
      </trkpt>
      <trkpt lat="35.691909" lon="139.701582">
        <name>27:29</name>
      </trkpt>
      <trkpt lat="35.692090" lon="139.701686">
        <name>27:30</name>
      </trkpt>
      <trkpt lat="35.692133" lon="139.701710">
        <name>27:31</name>
      </trkpt>
      <trkpt lat="35.692228" lon="139.701759">
        <name>27:32</name>
      </trkpt>
      <trkpt lat="35.692251" lon="139.701771">
        <name>27:33</name>
      </trkpt>
      <trkpt lat="35.692281" lon="139.701665">
        <name>27:34</name>
      </trkpt>
      <trkpt lat="35.692292" lon="139.701616">
        <name>27:35</name>
      </trkpt>
      <trkpt lat="35.692428" lon="139.700984">
        <name>27:36</name>
      </trkpt>
      <trkpt lat="35.692439" lon="139.700932">
        <name>27:37</name>
      </trkpt>
      <trkpt lat="35.692461" lon="139.700832">
        <name>27:38</name>
      </trkpt>
      <trkpt lat="35.692472" lon="139.700719">
        <name>27:39</name>
      </trkpt>
      <trkpt lat="35.692484" lon="139.700696">
        <name>27:40</name>
      </trkpt>
      <trkpt lat="35.692498" lon="139.700667">
        <name>27:41</name>
      </trkpt>
      <trkpt lat="35.692518" lon="139.700632">
        <name>27:42</name>
      </trkpt>
      <trkpt lat="35.692544" lon="139.700596">
        <name>27:43</name>
      </trkpt>
      <trkpt lat="35.692581" lon="139.700558">
        <name>27:44</name>
      </trkpt>
      <trkpt lat="35.692627" lon="139.700524">
        <name>27:45</name>
      </trkpt>
      <trkpt lat="35.692665" lon="139.700501">
        <name>27:46</name>
      </trkpt>
      <trkpt lat="35.692705" lon="139.700480">
        <name>27:47</name>
      </trkpt>
      <trkpt lat="35.692847" lon="139.700417">
        <name>27:48</name>
      </trkpt>
      <trkpt lat="35.692877" lon="139.700405">
        <name>27:49</name>
      </trkpt>
      <trkpt lat="35.692923" lon="139.700388">
        <name>27:50</name>
      </trkpt>
      <trkpt lat="35.692973" lon="139.700375">
        <name>27:51</name>
      </trkpt>
      <trkpt lat="35.693228" lon="139.700315">
        <name>27:52</name>
      </trkpt>
      <trkpt lat="35.693271" lon="139.700305">
        <name>27:53</name>
      </trkpt>
      <trkpt lat="35.693339" lon="139.700292">
        <name>27:54</name>
      </trkpt>
      <trkpt lat="35.693390" lon="139.700297">
        <name>27:55</name>
      </trkpt>
      <trkpt lat="35.693436" lon="139.700314">
        <name>27:56</name>
      </trkpt>
      <trkpt lat="35.693492" lon="139.700355">
        <name>27:57</name>
      </trkpt>
      <trkpt lat="35.693554" lon="139.700405">
        <name>27:58</name>
      </trkpt>
      <trkpt lat="35.693616" lon="139.700440">
        <name>27:59</name>
      </trkpt>
      <trkpt lat="35.693670" lon="139.700478">
        <name>28:00</name>
      </trkpt>
      <trkpt lat="35.693714" lon="139.700516">
        <name>28:01</name>
      </trkpt>
      <trkpt lat="35.693750" lon="139.700549">
        <name>28:02</name>
      </trkpt>
      <trkpt lat="35.693765" lon="139.700561">
        <name>28:03</name>
      </trkpt>
      <trkpt lat="35.693784" lon="139.700571">
        <name>28:04</name>
      </trkpt>
      <trkpt lat="35.693802" lon="139.700574">
        <name>28:05</name>
      </trkpt>
      <trkpt lat="35.693803" lon="139.700668">
        <name>28:06</name>
      </trkpt>
      <trkpt lat="35.693796" lon="139.700727">
        <name>28:07</name>
      </trkpt>
      <trkpt lat="35.693765" lon="139.700870">
        <name>28:08</name>
      </trkpt>
      <trkpt lat="35.693751" lon="139.700932">
        <name>28:09</name>
      </trkpt>
      <trkpt lat="35.693739" lon="139.700988">
        <name>28:10</name>
      </trkpt>
      <trkpt lat="35.693670" lon="139.701285">
        <name>28:11</name>
      </trkpt>
      <trkpt lat="35.693652" lon="139.701365">
        <name>28:12</name>
      </trkpt>
      <trkpt lat="35.693624" lon="139.701489">
        <name>28:13</name>
      </trkpt>
      <trkpt lat="35.693615" lon="139.701532">
        <name>28:14</name>
      </trkpt>
      <trkpt lat="35.693466" lon="139.702213">
        <name>28:15</name>
      </trkpt>
      <trkpt lat="35.693447" lon="139.702298">
        <name>28:16</name>
      </trkpt>
      <trkpt lat="35.693431" lon="139.702368">
        <name>28:17</name>
      </trkpt>
      <trkpt lat="35.693334" lon="139.702804">
        <name>28:18</name>
      </trkpt>
      <trkpt lat="35.693424" lon="139.702848">
        <name>28:19</name>
      </trkpt>
      <trkpt lat="35.693446" lon="139.702853">
        <name>28:20</name>
      </trkpt>
      <trkpt lat="35.693463" lon="139.702862">
        <name>28:21</name>
      </trkpt>
      <trkpt lat="35.693646" lon="139.702953">
        <name>28:22</name>
      </trkpt>
      <trkpt lat="35.694054" lon="139.703160">
        <name>28:23</name>
      </trkpt>
      <trkpt lat="35.694365" lon="139.703324">
        <name>28:24</name>
      </trkpt>
      <trkpt lat="35.694470" lon="139.703376">
        <name>28:25</name>
      </trkpt>
      <trkpt lat="35.694863" lon="139.703571">
        <name>28:26</name>
      </trkpt>
      <trkpt lat="35.694969" lon="139.703623">
        <name>28:27</name>
      </trkpt>
      <trkpt lat="35.695062" lon="139.703669">
        <name>28:28</name>
      </trkpt>
      <trkpt lat="35.695098" lon="139.703687">
        <name>28:29</name>
      </trkpt>
      <trkpt lat="35.695124" lon="139.703577">
        <name>28:30</name>
      </trkpt>
      <trkpt lat="35.695166" lon="139.703407">
        <name>28:31</name>
      </trkpt>
      <trkpt lat="35.695183" lon="139.703364">
        <name>28:32</name>
      </trkpt>
      <trkpt lat="35.695220" lon="139.703375">
        <name>28:33</name>
      </trkpt>
      <trkpt lat="35.695290" lon="139.703395">
        <name>28:34</name>
      </trkpt>
      <trkpt lat="35.695490" lon="139.703453">
        <name>28:35</name>
      </trkpt>
      <trkpt lat="35.695490" lon="139.703453">
        <name>28:36</name>
      </trkpt>
      <trkpt lat="35.695640" lon="139.703496">
        <name>28:37</name>
      </trkpt>
      <trkpt lat="35.695961" lon="139.703571">
        <name>28:38</name>
      </trkpt>
      <trkpt lat="35.695845" lon="139.704202">
        <name>28:39</name>
      </trkpt>
      <trkpt lat="35.695797" lon="139.704458">
        <name>28:40</name>
      </trkpt>
      <trkpt lat="35.695785" lon="139.704525">
        <name>28:41</name>
      </trkpt>
      <trkpt lat="35.695037" lon="139.704332">
        <name>28:42</name>
      </trkpt>
      <trkpt lat="35.694973" lon="139.704310">
        <name>28:43</name>
      </trkpt>
      <trkpt lat="35.694863" lon="139.704266">
        <name>28:44</name>
      </trkpt>
      <trkpt lat="35.694197" lon="139.703962">
        <name>28:45</name>
      </trkpt>
      <trkpt lat="35.693897" lon="139.703832">
        <name>28:46</name>
      </trkpt>
      <trkpt lat="35.693540" lon="139.703666">
        <name>28:47</name>
      </trkpt>
      <trkpt lat="35.693462" lon="139.703629">
        <name>28:48</name>
      </trkpt>
      <trkpt lat="35.693315" lon="139.703561">
        <name>28:49</name>
      </trkpt>
      <trkpt lat="35.693246" lon="139.703529">
        <name>28:50</name>
      </trkpt>
      <trkpt lat="35.693141" lon="139.703482">
        <name>28:51</name>
      </trkpt>
      <trkpt lat="35.693021" lon="139.703427">
        <name>28:52</name>
      </trkpt>
      <trkpt lat="35.693054" lon="139.703311">
        <name>28:53</name>
      </trkpt>
      <trkpt lat="35.693066" lon="139.703265">
        <name>28:54</name>
      </trkpt>
      <trkpt lat="35.693196" lon="139.702808">
        <name>28:55</name>
      </trkpt>
      <trkpt lat="35.693224" lon="139.702686">
        <name>28:56</name>
      </trkpt>
      <trkpt lat="35.693290" lon="139.702404">
        <name>28:57</name>
      </trkpt>
      <trkpt lat="35.693308" lon="139.702326">
        <name>28:58</name>
      </trkpt>
      <trkpt lat="35.693326" lon="139.702246">
        <name>28:59</name>
      </trkpt>
      <trkpt lat="35.693453" lon="139.701673">
        <name>29:00</name>
      </trkpt>
      <trkpt lat="35.693473" lon="139.701582">
        <name>29:01</name>
      </trkpt>
      <trkpt lat="35.693493" lon="139.701491">
        <name>29:02</name>
      </trkpt>
      <trkpt lat="35.693518" lon="139.701379">
        <name>29:03</name>
      </trkpt>
      <trkpt lat="35.693528" lon="139.701329">
        <name>29:04</name>
      </trkpt>
      <trkpt lat="35.693598" lon="139.700967">
        <name>29:05</name>
      </trkpt>
      <trkpt lat="35.693609" lon="139.700904">
        <name>29:06</name>
      </trkpt>
      <trkpt lat="35.693618" lon="139.700846">
        <name>29:07</name>
      </trkpt>
      <trkpt lat="35.693624" lon="139.700799">
        <name>29:08</name>
      </trkpt>
      <trkpt lat="35.693625" lon="139.700754">
        <name>29:09</name>
      </trkpt>
      <trkpt lat="35.693624" lon="139.700713">
        <name>29:10</name>
      </trkpt>
      <trkpt lat="35.693619" lon="139.700669">
        <name>29:11</name>
      </trkpt>
      <trkpt lat="35.693600" lon="139.700587">
        <name>29:12</name>
      </trkpt>
      <trkpt lat="35.693554" lon="139.700405">
        <name>29:13</name>
      </trkpt>
      <trkpt lat="35.693543" lon="139.700276">
        <name>29:14</name>
      </trkpt>
      <trkpt lat="35.693536" lon="139.700152">
        <name>29:15</name>
      </trkpt>
      <trkpt lat="35.693591" lon="139.699516">
        <name>29:16</name>
      </trkpt>
      <trkpt lat="35.693591" lon="139.699378">
        <name>29:17</name>
      </trkpt>
      <trkpt lat="35.693573" lon="139.699130">
        <name>29:18</name>
      </trkpt>
      <trkpt lat="35.693562" lon="139.698948">
        <name>29:19</name>
      </trkpt>
      <trkpt lat="35.693535" lon="139.698505">
        <name>29:20</name>
      </trkpt>
      <trkpt lat="35.693517" lon="139.698127">
        <name>29:21</name>
      </trkpt>
      <trkpt lat="35.693495" lon="139.698017">
        <name>29:22</name>
      </trkpt>
      <trkpt lat="35.693463" lon="139.697897">
        <name>29:23</name>
      </trkpt>
      <trkpt lat="35.693401" lon="139.697710">
        <name>29:24</name>
      </trkpt>
      <trkpt lat="35.693344" lon="139.697560">
        <name>29:25</name>
      </trkpt>
      <trkpt lat="35.693226" lon="139.697297">
        <name>29:26</name>
      </trkpt>
      <trkpt lat="35.693161" lon="139.697170">
        <name>29:27</name>
      </trkpt>
      <trkpt lat="35.693089" lon="139.697092">
        <name>29:28</name>
      </trkpt>
      <trkpt lat="35.693043" lon="139.697054">
        <name>29:29</name>
      </trkpt>
      <trkpt lat="35.692975" lon="139.697017">
        <name>29:30</name>
      </trkpt>
      <trkpt lat="35.692853" lon="139.696972">
        <name>29:31</name>
      </trkpt>
      <trkpt lat="35.692581" lon="139.696868">
        <name>29:32</name>
      </trkpt>
      <trkpt lat="35.692474" lon="139.696765">
        <name>29:33</name>
      </trkpt>
      <trkpt lat="35.692174" lon="139.696655">
        <name>29:34</name>
      </trkpt>
      <trkpt lat="35.692112" lon="139.696632">
        <name>29:35</name>
      </trkpt>
      <trkpt lat="35.691976" lon="139.696582">
        <name>29:36</name>
      </trkpt>
      <trkpt lat="35.691838" lon="139.696531">
        <name>29:37</name>
      </trkpt>
      <trkpt lat="35.691763" lon="139.696505">
        <name>29:38</name>
      </trkpt>
      <trkpt lat="35.691474" lon="139.696403">
        <name>29:39</name>
      </trkpt>
      <trkpt lat="35.691361" lon="139.696372">
        <name>29:40</name>
      </trkpt>
      <trkpt lat="35.691267" lon="139.696346">
        <name>29:41</name>
      </trkpt>
      <trkpt lat="35.691159" lon="139.696314">
        <name>29:42</name>
      </trkpt>
      <trkpt lat="35.691182" lon="139.696628">
        <name>29:43</name>
      </trkpt>
      <trkpt lat="35.691241" lon="139.697599">
        <name>29:44</name>
      </trkpt>
      <trkpt lat="35.691252" lon="139.697776">
        <name>29:45</name>
      </trkpt>
      <trkpt lat="35.691258" lon="139.697882">
        <name>29:46</name>
      </trkpt>
      <trkpt lat="35.691263" lon="139.697972">
        <name>29:47</name>
      </trkpt>
      <trkpt lat="35.691266" lon="139.698033">
        <name>29:48</name>
      </trkpt>
      <trkpt lat="35.691269" lon="139.698133">
        <name>29:49</name>
      </trkpt>
      <trkpt lat="35.691251" lon="139.698202">
        <name>29:50</name>
      </trkpt>
      <trkpt lat="35.691214" lon="139.698251">
        <name>29:51</name>
      </trkpt>
      <trkpt lat="35.691169" lon="139.698272">
        <name>29:52</name>
      </trkpt>
      <trkpt lat="35.691041" lon="139.698285">
        <name>29:53</name>
      </trkpt>
      <trkpt lat="35.690965" lon="139.698291">
        <name>29:54</name>
      </trkpt>
      <trkpt lat="35.690936" lon="139.698305">
        <name>29:55</name>
      </trkpt>
      <trkpt lat="35.690909" lon="139.698335">
        <name>29:56</name>
      </trkpt>
      <trkpt lat="35.690884" lon="139.698374">
        <name>29:57</name>
      </trkpt>
      <trkpt lat="35.690870" lon="139.698423">
        <name>29:58</name>
      </trkpt>
      <trkpt lat="35.690861" lon="139.698495">
        <name>29:59</name>
      </trkpt>
      <trkpt lat="35.690856" lon="139.698560">
        <name>30:00</name>
      </trkpt>
      <trkpt lat="35.690838" lon="139.698600">
        <name>30:01</name>
      </trkpt>
      <trkpt lat="35.690815" lon="139.698637">
        <name>30:02</name>
      </trkpt>
      <trkpt lat="35.690786" lon="139.698665">
        <name>30:03</name>
      </trkpt>
      <trkpt lat="35.690755" lon="139.698682">
        <name>30:04</name>
      </trkpt>
      <trkpt lat="35.690592" lon="139.698703">
        <name>30:05</name>
      </trkpt>
      <trkpt lat="35.690519" lon="139.698712">
        <name>30:06</name>
      </trkpt>
      <trkpt lat="35.690455" lon="139.698721">
        <name>30:07</name>
      </trkpt>
      <trkpt lat="35.690429" lon="139.698725">
        <name>30:08</name>
      </trkpt>
      <trkpt lat="35.690429" lon="139.698725">
        <name>30:09</name>
      </trkpt>
      <trkpt lat="35.690174" lon="139.698760">
        <name>30:10</name>
      </trkpt>
      <trkpt lat="35.690094" lon="139.698771">
        <name>30:11</name>
      </trkpt>
      <trkpt lat="35.690026" lon="139.698781">
        <name>30:12</name>
      </trkpt>
      <trkpt lat="35.689368" lon="139.698873">
        <name>30:13</name>
      </trkpt>
      <trkpt lat="35.689254" lon="139.698893">
        <name>30:14</name>
      </trkpt>
      <trkpt lat="35.688884" lon="139.698948">
        <name>30:15</name>
      </trkpt>
      <trkpt lat="35.688816" lon="139.698956">
        <name>30:16</name>
      </trkpt>
      <trkpt lat="35.688652" lon="139.698941">
        <name>30:17</name>
      </trkpt>
      <trkpt lat="35.688746" lon="139.699185">
        <name>30:18</name>
      </trkpt>
      <trkpt lat="35.688824" lon="139.699378">
        <name>30:19</name>
      </trkpt>
      <trkpt lat="35.688907" lon="139.699587">
        <name>30:20</name>
      </trkpt>
      <trkpt lat="35.688954" lon="139.699717">
        <name>30:21</name>
      </trkpt>
      <trkpt lat="35.689015" lon="139.699929">
        <name>30:22</name>
      </trkpt>
      <trkpt lat="35.689053" lon="139.700090">
        <name>30:23</name>
      </trkpt>
      <trkpt lat="35.689092" lon="139.700283">
        <name>30:24</name>
      </trkpt>
      <trkpt lat="35.689251" lon="139.701144">
        <name>30:25</name>
      </trkpt>
      <trkpt lat="35.689318" lon="139.701466">
        <name>30:26</name>
      </trkpt>
      <trkpt lat="35.689392" lon="139.701768">
        <name>30:27</name>
      </trkpt>
      <trkpt lat="35.689432" lon="139.701931">
        <name>30:28</name>
      </trkpt>
      <trkpt lat="35.689553" lon="139.702426">
        <name>30:29</name>
      </trkpt>
      <trkpt lat="35.689650" lon="139.702879">
        <name>30:30</name>
      </trkpt>
      <trkpt lat="35.689702" lon="139.703184">
        <name>30:31</name>
      </trkpt>
      <trkpt lat="35.689735" lon="139.703422">
        <name>30:32</name>
      </trkpt>
      <trkpt lat="35.689766" lon="139.703641">
        <name>30:33</name>
      </trkpt>
      <trkpt lat="35.689802" lon="139.703923">
        <name>30:34</name>
      </trkpt>
      <trkpt lat="35.689811" lon="139.703991">
        <name>30:35</name>
      </trkpt>
      <trkpt lat="35.689825" lon="139.704126">
        <name>30:36</name>
      </trkpt>
      <trkpt lat="35.689838" lon="139.704233">
        <name>30:37</name>
      </trkpt>
      <trkpt lat="35.689711" lon="139.704152">
        <name>30:38</name>
      </trkpt>
      <trkpt lat="35.689703" lon="139.704046">
        <name>30:39</name>
      </trkpt>
      <trkpt lat="35.689692" lon="139.703918">
        <name>30:40</name>
      </trkpt>
      <trkpt lat="35.689678" lon="139.703780">
        <name>30:41</name>
      </trkpt>
      <trkpt lat="35.689623" lon="139.703673">
        <name>30:42</name>
      </trkpt>
      <trkpt lat="35.689581" lon="139.703619">
        <name>30:43</name>
      </trkpt>
      <trkpt lat="35.689566" lon="139.703564">
        <name>30:44</name>
      </trkpt>
      <trkpt lat="35.689500" lon="139.703081">
        <name>30:45</name>
      </trkpt>
      <trkpt lat="35.689436" lon="139.702713">
        <name>30:46</name>
      </trkpt>
      <trkpt lat="35.689329" lon="139.702268">
        <name>30:47</name>
      </trkpt>
      <trkpt lat="35.689332" lon="139.702170">
        <name>30:48</name>
      </trkpt>
      <trkpt lat="35.689588" lon="139.702098">
        <name>30:49</name>
      </trkpt>
      <trkpt lat="35.689736" lon="139.702114">
        <name>30:50</name>
      </trkpt>
      <trkpt lat="35.689774" lon="139.702119">
        <name>30:51</name>
      </trkpt>
      <trkpt lat="35.690226" lon="139.702184">
        <name>30:52</name>
      </trkpt>
      <trkpt lat="35.690227" lon="139.702184">
        <name>30:53</name>
      </trkpt>
      <trkpt lat="35.690227" lon="139.702184">
        <name>30:54</name>
      </trkpt>
      <trkpt lat="35.690277" lon="139.702195">
        <name>30:55</name>
      </trkpt>
      <trkpt lat="35.690631" lon="139.702271">
        <name>30:56</name>
      </trkpt>
      <trkpt lat="35.690727" lon="139.702291">
        <name>30:57</name>
      </trkpt>
      <trkpt lat="35.690774" lon="139.701816">
        <name>30:58</name>
      </trkpt>
      <trkpt lat="35.690791" lon="139.701630">
        <name>30:59</name>
      </trkpt>
      <trkpt lat="35.690721" lon="139.701487">
        <name>31:00</name>
      </trkpt>
      <trkpt lat="35.690787" lon="139.701435">
        <name>31:01</name>
      </trkpt>
      <trkpt lat="35.690816" lon="139.701422">
        <name>31:02</name>
      </trkpt>
      <trkpt lat="35.690842" lon="139.701419">
        <name>31:03</name>
      </trkpt>
      <trkpt lat="35.690871" lon="139.701414">
        <name>31:04</name>
      </trkpt>
      <trkpt lat="35.690910" lon="139.701415">
        <name>31:05</name>
      </trkpt>
      <trkpt lat="35.691129" lon="139.701388">
        <name>31:06</name>
      </trkpt>
      <trkpt lat="35.691185" lon="139.701381">
        <name>31:07</name>
      </trkpt>
      <trkpt lat="35.691211" lon="139.701378">
        <name>31:08</name>
      </trkpt>
      <trkpt lat="35.691241" lon="139.701378">
        <name>31:09</name>
      </trkpt>
      <trkpt lat="35.691297" lon="139.701371">
        <name>31:10</name>
      </trkpt>
      <trkpt lat="35.691319" lon="139.701372">
        <name>31:11</name>
      </trkpt>
      <trkpt lat="35.691339" lon="139.701377">
        <name>31:12</name>
      </trkpt>
      <trkpt lat="35.691351" lon="139.701386">
        <name>31:13</name>
      </trkpt>
      <trkpt lat="35.691366" lon="139.701402">
        <name>31:14</name>
      </trkpt>
      <trkpt lat="35.691378" lon="139.701539">
        <name>31:15</name>
      </trkpt>
      <trkpt lat="35.691384" lon="139.701591">
        <name>31:16</name>
      </trkpt>
      <trkpt lat="35.691479" lon="139.701578">
        <name>31:17</name>
      </trkpt>
      <trkpt lat="35.691752" lon="139.701543">
        <name>31:18</name>
      </trkpt>
      <trkpt lat="35.691770" lon="139.701542">
        <name>31:19</name>
      </trkpt>
      <trkpt lat="35.691791" lon="139.701543">
        <name>31:20</name>
      </trkpt>
      <trkpt lat="35.691819" lon="139.701548">
        <name>31:21</name>
      </trkpt>
      <trkpt lat="35.691841" lon="139.701554">
        <name>31:22</name>
      </trkpt>
      <trkpt lat="35.691860" lon="139.701560">
        <name>31:23</name>
      </trkpt>
      <trkpt lat="35.691889" lon="139.701572">
        <name>31:24</name>
      </trkpt>
      <trkpt lat="35.691909" lon="139.701582">
        <name>31:25</name>
      </trkpt>
      <trkpt lat="35.692090" lon="139.701686">
        <name>31:26</name>
      </trkpt>
      <trkpt lat="35.692133" lon="139.701710">
        <name>31:27</name>
      </trkpt>
      <trkpt lat="35.692228" lon="139.701759">
        <name>31:28</name>
      </trkpt>
      <trkpt lat="35.692251" lon="139.701771">
        <name>31:29</name>
      </trkpt>
      <trkpt lat="35.692281" lon="139.701665">
        <name>31:30</name>
      </trkpt>
      <trkpt lat="35.692292" lon="139.701616">
        <name>31:31</name>
      </trkpt>
      <trkpt lat="35.692428" lon="139.700984">
        <name>31:32</name>
      </trkpt>
      <trkpt lat="35.692439" lon="139.700932">
        <name>31:33</name>
      </trkpt>
      <trkpt lat="35.692461" lon="139.700832">
        <name>31:34</name>
      </trkpt>
      <trkpt lat="35.692472" lon="139.700719">
        <name>31:35</name>
      </trkpt>
      <trkpt lat="35.692484" lon="139.700696">
        <name>31:36</name>
      </trkpt>
      <trkpt lat="35.692498" lon="139.700667">
        <name>31:37</name>
      </trkpt>
      <trkpt lat="35.692518" lon="139.700632">
        <name>31:38</name>
      </trkpt>
      <trkpt lat="35.692544" lon="139.700596">
        <name>31:39</name>
      </trkpt>
      <trkpt lat="35.692581" lon="139.700558">
        <name>31:40</name>
      </trkpt>
      <trkpt lat="35.692627" lon="139.700524">
        <name>31:41</name>
      </trkpt>
      <trkpt lat="35.692665" lon="139.700501">
        <name>31:42</name>
      </trkpt>
      <trkpt lat="35.692705" lon="139.700480">
        <name>31:43</name>
      </trkpt>
      <trkpt lat="35.692847" lon="139.700417">
        <name>31:44</name>
      </trkpt>
      <trkpt lat="35.692877" lon="139.700405">
        <name>31:45</name>
      </trkpt>
      <trkpt lat="35.692923" lon="139.700388">
        <name>31:46</name>
      </trkpt>
      <trkpt lat="35.692973" lon="139.700375">
        <name>31:47</name>
      </trkpt>
      <trkpt lat="35.693228" lon="139.700315">
        <name>31:48</name>
      </trkpt>
      <trkpt lat="35.693271" lon="139.700305">
        <name>31:49</name>
      </trkpt>
      <trkpt lat="35.693339" lon="139.700292">
        <name>31:50</name>
      </trkpt>
      <trkpt lat="35.693390" lon="139.700297">
        <name>31:51</name>
      </trkpt>
      <trkpt lat="35.693436" lon="139.700314">
        <name>31:52</name>
      </trkpt>
      <trkpt lat="35.693492" lon="139.700355">
        <name>31:53</name>
      </trkpt>
      <trkpt lat="35.693554" lon="139.700405">
        <name>31:54</name>
      </trkpt>
      <trkpt lat="35.693543" lon="139.700276">
        <name>31:55</name>
      </trkpt>
      <trkpt lat="35.693536" lon="139.700152">
        <name>31:56</name>
      </trkpt>
      <trkpt lat="35.693591" lon="139.699516">
        <name>31:57</name>
      </trkpt>
      <trkpt lat="35.693591" lon="139.699378">
        <name>31:58</name>
      </trkpt>
      <trkpt lat="35.693573" lon="139.699130">
        <name>31:59</name>
      </trkpt>
      <trkpt lat="35.693411" lon="139.699157">
        <name>32:00</name>
      </trkpt>
      <trkpt lat="35.693365" lon="139.699164">
        <name>32:01</name>
      </trkpt>
      <trkpt lat="35.693198" lon="139.699189">
        <name>32:02</name>
      </trkpt>
      <trkpt lat="35.693017" lon="139.699218">
        <name>32:03</name>
      </trkpt>
      <trkpt lat="35.692759" lon="139.699259">
        <name>32:04</name>
      </trkpt>
      <trkpt lat="35.692704" lon="139.699268">
        <name>32:05</name>
      </trkpt>
      <trkpt lat="35.692695" lon="139.699269">
        <name>32:06</name>
      </trkpt>
      <trkpt lat="35.692689" lon="139.699270">
        <name>32:07</name>
      </trkpt>
      <trkpt lat="35.692684" lon="139.699298">
        <name>32:08</name>
      </trkpt>
      <trkpt lat="35.692670" lon="139.699392">
        <name>32:09</name>
      </trkpt>
      <trkpt lat="35.692649" lon="139.699533">
        <name>32:10</name>
      </trkpt>
      <trkpt lat="35.692649" lon="139.699533">
        <name>32:11</name>
      </trkpt>
      <trkpt lat="35.692670" lon="139.699392">
        <name>32:12</name>
      </trkpt>
      <trkpt lat="35.692684" lon="139.699298">
        <name>32:13</name>
      </trkpt>
      <trkpt lat="35.692689" lon="139.699270">
        <name>32:14</name>
      </trkpt>
      <trkpt lat="35.692695" lon="139.699269">
        <name>32:15</name>
      </trkpt>
      <trkpt lat="35.692704" lon="139.699268">
        <name>32:16</name>
      </trkpt>
      <trkpt lat="35.692759" lon="139.699259">
        <name>32:17</name>
      </trkpt>
      <trkpt lat="35.693017" lon="139.699218">
        <name>32:18</name>
      </trkpt>
      <trkpt lat="35.693198" lon="139.699189">
        <name>32:19</name>
      </trkpt>
      <trkpt lat="35.693365" lon="139.699164">
        <name>32:20</name>
      </trkpt>
      <trkpt lat="35.693411" lon="139.699157">
        <name>32:21</name>
      </trkpt>
      <trkpt lat="35.693573" lon="139.699130">
        <name>32:22</name>
      </trkpt>
      <trkpt lat="35.693636" lon="139.699116">
        <name>32:23</name>
      </trkpt>
      <trkpt lat="35.693700" lon="139.699098">
        <name>32:24</name>
      </trkpt>
      <trkpt lat="35.693840" lon="139.699054">
        <name>32:25</name>
      </trkpt>
      <trkpt lat="35.693877" lon="139.699040">
        <name>32:26</name>
      </trkpt>
      <trkpt lat="35.694189" lon="139.698925">
        <name>32:27</name>
      </trkpt>
      <trkpt lat="35.694174" lon="139.698852">
        <name>32:28</name>
      </trkpt>
      <trkpt lat="35.694167" lon="139.698819">
        <name>32:29</name>
      </trkpt>
      <trkpt lat="35.694092" lon="139.698748">
        <name>32:30</name>
      </trkpt>
      <trkpt lat="35.693993" lon="139.698655">
        <name>32:31</name>
      </trkpt>
      <trkpt lat="35.693795" lon="139.698490">
        <name>32:32</name>
      </trkpt>
      <trkpt lat="35.693759" lon="139.698486">
        <name>32:33</name>
      </trkpt>
      <trkpt lat="35.693733" lon="139.698487">
        <name>32:34</name>
      </trkpt>
      <trkpt lat="35.693700" lon="139.698501">
        <name>32:35</name>
      </trkpt>
      <trkpt lat="35.693680" lon="139.698525">
        <name>32:36</name>
      </trkpt>
      <trkpt lat="35.693669" lon="139.698550">
        <name>32:37</name>
      </trkpt>
      <trkpt lat="35.693665" lon="139.698574">
        <name>32:38</name>
      </trkpt>
      <trkpt lat="35.693683" lon="139.698858">
        <name>32:39</name>
      </trkpt>
      <trkpt lat="35.693687" lon="139.698930">
        <name>32:40</name>
      </trkpt>
      <trkpt lat="35.693700" lon="139.699098">
        <name>32:41</name>
      </trkpt>
      <trkpt lat="35.693675" lon="139.699367">
        <name>32:42</name>
      </trkpt>
      <trkpt lat="35.693605" lon="139.700251">
        <name>32:43</name>
      </trkpt>
      <trkpt lat="35.693602" lon="139.700302">
        <name>32:44</name>
      </trkpt>
      <trkpt lat="35.693589" lon="139.700348">
        <name>32:45</name>
      </trkpt>
      <trkpt lat="35.693571" lon="139.700385">
        <name>32:46</name>
      </trkpt>
      <trkpt lat="35.693554" lon="139.700405">
        <name>32:47</name>
      </trkpt>
      <trkpt lat="35.693489" lon="139.700380">
        <name>32:48</name>
      </trkpt>
      <trkpt lat="35.693438" lon="139.700366">
        <name>32:49</name>
      </trkpt>
      <trkpt lat="35.693391" lon="139.700363">
        <name>32:50</name>
      </trkpt>
      <trkpt lat="35.693350" lon="139.700366">
        <name>32:51</name>
      </trkpt>
      <trkpt lat="35.693281" lon="139.700379">
        <name>32:52</name>
      </trkpt>
      <trkpt lat="35.693186" lon="139.700402">
        <name>32:53</name>
      </trkpt>
      <trkpt lat="35.692956" lon="139.700460">
        <name>32:54</name>
      </trkpt>
      <trkpt lat="35.692926" lon="139.700469">
        <name>32:55</name>
      </trkpt>
      <trkpt lat="35.692898" lon="139.700478">
        <name>32:56</name>
      </trkpt>
      <trkpt lat="35.692866" lon="139.700489">
        <name>32:57</name>
      </trkpt>
      <trkpt lat="35.692758" lon="139.700539">
        <name>32:58</name>
      </trkpt>
      <trkpt lat="35.692718" lon="139.700557">
        <name>32:59</name>
      </trkpt>
      <trkpt lat="35.692681" lon="139.700577">
        <name>33:00</name>
      </trkpt>
      <trkpt lat="35.692645" lon="139.700600">
        <name>33:01</name>
      </trkpt>
      <trkpt lat="35.692612" lon="139.700629">
        <name>33:02</name>
      </trkpt>
      <trkpt lat="35.692586" lon="139.700657">
        <name>33:03</name>
      </trkpt>
      <trkpt lat="35.692562" lon="139.700686">
        <name>33:04</name>
      </trkpt>
      <trkpt lat="35.692549" lon="139.700707">
        <name>33:05</name>
      </trkpt>
      <trkpt lat="35.692539" lon="139.700727">
        <name>33:06</name>
      </trkpt>
      <trkpt lat="35.692527" lon="139.700752">
        <name>33:07</name>
      </trkpt>
      <trkpt lat="35.692461" lon="139.700832">
        <name>33:08</name>
      </trkpt>
      <trkpt lat="35.692439" lon="139.700932">
        <name>33:09</name>
      </trkpt>
      <trkpt lat="35.692428" lon="139.700984">
        <name>33:10</name>
      </trkpt>
      <trkpt lat="35.692292" lon="139.701616">
        <name>33:11</name>
      </trkpt>
      <trkpt lat="35.692281" lon="139.701665">
        <name>33:12</name>
      </trkpt>
      <trkpt lat="35.692251" lon="139.701771">
        <name>33:13</name>
      </trkpt>
      <trkpt lat="35.692228" lon="139.701759">
        <name>33:14</name>
      </trkpt>
      <trkpt lat="35.692133" lon="139.701710">
        <name>33:15</name>
      </trkpt>
      <trkpt lat="35.692090" lon="139.701686">
        <name>33:16</name>
      </trkpt>
      <trkpt lat="35.691909" lon="139.701582">
        <name>33:17</name>
      </trkpt>
      <trkpt lat="35.691889" lon="139.701572">
        <name>33:18</name>
      </trkpt>
      <trkpt lat="35.691860" lon="139.701560">
        <name>33:19</name>
      </trkpt>
      <trkpt lat="35.691841" lon="139.701554">
        <name>33:20</name>
      </trkpt>
      <trkpt lat="35.691819" lon="139.701548">
        <name>33:21</name>
      </trkpt>
      <trkpt lat="35.691791" lon="139.701543">
        <name>33:22</name>
      </trkpt>
      <trkpt lat="35.691770" lon="139.701542">
        <name>33:23</name>
      </trkpt>
      <trkpt lat="35.691752" lon="139.701543">
        <name>33:24</name>
      </trkpt>
      <trkpt lat="35.691479" lon="139.701578">
        <name>33:25</name>
      </trkpt>
      <trkpt lat="35.691384" lon="139.701591">
        <name>33:26</name>
      </trkpt>
      <trkpt lat="35.691358" lon="139.701613">
        <name>33:27</name>
      </trkpt>
      <trkpt lat="35.691289" lon="139.701625">
        <name>33:28</name>
      </trkpt>
      <trkpt lat="35.691251" lon="139.701630">
        <name>33:29</name>
      </trkpt>
      <trkpt lat="35.691206" lon="139.701636">
        <name>33:30</name>
      </trkpt>
      <trkpt lat="35.691141" lon="139.701634">
        <name>33:31</name>
      </trkpt>
      <trkpt lat="35.690963" lon="139.701658">
        <name>33:32</name>
      </trkpt>
      <trkpt lat="35.690904" lon="139.701665">
        <name>33:33</name>
      </trkpt>
      <trkpt lat="35.690862" lon="139.701671">
        <name>33:34</name>
      </trkpt>
      <trkpt lat="35.690838" lon="139.701672">
        <name>33:35</name>
      </trkpt>
      <trkpt lat="35.690817" lon="139.701664">
        <name>33:36</name>
      </trkpt>
      <trkpt lat="35.690791" lon="139.701630">
        <name>33:37</name>
      </trkpt>
      <trkpt lat="35.690721" lon="139.701487">
        <name>33:38</name>
      </trkpt>
      <trkpt lat="35.690787" lon="139.701435">
        <name>33:39</name>
      </trkpt>
      <trkpt lat="35.690816" lon="139.701422">
        <name>33:40</name>
      </trkpt>
      <trkpt lat="35.690842" lon="139.701419">
        <name>33:41</name>
      </trkpt>
      <trkpt lat="35.690871" lon="139.701414">
        <name>33:42</name>
      </trkpt>
      <trkpt lat="35.690910" lon="139.701415">
        <name>33:43</name>
      </trkpt>
      <trkpt lat="35.691129" lon="139.701388">
        <name>33:44</name>
      </trkpt>
      <trkpt lat="35.691185" lon="139.701381">
        <name>33:45</name>
      </trkpt>
      <trkpt lat="35.691211" lon="139.701378">
        <name>33:46</name>
      </trkpt>
      <trkpt lat="35.691296" lon="139.701331">
        <name>33:47</name>
      </trkpt>
      <trkpt lat="35.691424" lon="139.701315">
        <name>33:48</name>
      </trkpt>
      <trkpt lat="35.691457" lon="139.701330">
        <name>33:49</name>
      </trkpt>
      <trkpt lat="35.691569" lon="139.701315">
        <name>33:50</name>
      </trkpt>
      <trkpt lat="35.691569" lon="139.701315">
        <name>33:51</name>
      </trkpt>
      <trkpt lat="35.691457" lon="139.701330">
        <name>33:52</name>
      </trkpt>
      <trkpt lat="35.691427" lon="139.701354">
        <name>33:53</name>
      </trkpt>
      <trkpt lat="35.691394" lon="139.701358">
        <name>33:54</name>
      </trkpt>
      <trkpt lat="35.691384" lon="139.701367">
        <name>33:55</name>
      </trkpt>
      <trkpt lat="35.691377" lon="139.701377">
        <name>33:56</name>
      </trkpt>
      <trkpt lat="35.691366" lon="139.701402">
        <name>33:57</name>
      </trkpt>
      <trkpt lat="35.691378" lon="139.701539">
        <name>33:58</name>
      </trkpt>
      <trkpt lat="35.691384" lon="139.701591">
        <name>33:59</name>
      </trkpt>
      <trkpt lat="35.691479" lon="139.701578">
        <name>34:00</name>
      </trkpt>
      <trkpt lat="35.691752" lon="139.701543">
        <name>34:01</name>
      </trkpt>
      <trkpt lat="35.691770" lon="139.701542">
        <name>34:02</name>
      </trkpt>
      <trkpt lat="35.691791" lon="139.701543">
        <name>34:03</name>
      </trkpt>
      <trkpt lat="35.691819" lon="139.701548">
        <name>34:04</name>
      </trkpt>
      <trkpt lat="35.691841" lon="139.701554">
        <name>34:05</name>
      </trkpt>
      <trkpt lat="35.691860" lon="139.701560">
        <name>34:06</name>
      </trkpt>
      <trkpt lat="35.691889" lon="139.701572">
        <name>34:07</name>
      </trkpt>
      <trkpt lat="35.691909" lon="139.701582">
        <name>34:08</name>
      </trkpt>
      <trkpt lat="35.692090" lon="139.701686">
        <name>34:09</name>
      </trkpt>
      <trkpt lat="35.692133" lon="139.701710">
        <name>34:10</name>
      </trkpt>
      <trkpt lat="35.692228" lon="139.701759">
        <name>34:11</name>
      </trkpt>
      <trkpt lat="35.692251" lon="139.701771">
        <name>34:12</name>
      </trkpt>
      <trkpt lat="35.692281" lon="139.701665">
        <name>34:13</name>
      </trkpt>
      <trkpt lat="35.692292" lon="139.701616">
        <name>34:14</name>
      </trkpt>
      <trkpt lat="35.692428" lon="139.700984">
        <name>34:15</name>
      </trkpt>
      <trkpt lat="35.692439" lon="139.700932">
        <name>34:16</name>
      </trkpt>
      <trkpt lat="35.692461" lon="139.700832">
        <name>34:17</name>
      </trkpt>
      <trkpt lat="35.692472" lon="139.700719">
        <name>34:18</name>
      </trkpt>
      <trkpt lat="35.692484" lon="139.700696">
        <name>34:19</name>
      </trkpt>
      <trkpt lat="35.692498" lon="139.700667">
        <name>34:20</name>
      </trkpt>
      <trkpt lat="35.692518" lon="139.700632">
        <name>34:21</name>
      </trkpt>
      <trkpt lat="35.692544" lon="139.700596">
        <name>34:22</name>
      </trkpt>
      <trkpt lat="35.692581" lon="139.700558">
        <name>34:23</name>
      </trkpt>
      <trkpt lat="35.692627" lon="139.700524">
        <name>34:24</name>
      </trkpt>
      <trkpt lat="35.692665" lon="139.700501">
        <name>34:25</name>
      </trkpt>
      <trkpt lat="35.692705" lon="139.700480">
        <name>34:26</name>
      </trkpt>
      <trkpt lat="35.692847" lon="139.700417">
        <name>34:27</name>
      </trkpt>
      <trkpt lat="35.692877" lon="139.700405">
        <name>34:28</name>
      </trkpt>
      <trkpt lat="35.692923" lon="139.700388">
        <name>34:29</name>
      </trkpt>
      <trkpt lat="35.692973" lon="139.700375">
        <name>34:30</name>
      </trkpt>
      <trkpt lat="35.693228" lon="139.700315">
        <name>34:31</name>
      </trkpt>
      <trkpt lat="35.693271" lon="139.700305">
        <name>34:32</name>
      </trkpt>
      <trkpt lat="35.693339" lon="139.700292">
        <name>34:33</name>
      </trkpt>
      <trkpt lat="35.693390" lon="139.700297">
        <name>34:34</name>
      </trkpt>
      <trkpt lat="35.693436" lon="139.700314">
        <name>34:35</name>
      </trkpt>
      <trkpt lat="35.693492" lon="139.700355">
        <name>34:36</name>
      </trkpt>
      <trkpt lat="35.693554" lon="139.700405">
        <name>34:37</name>
      </trkpt>
      <trkpt lat="35.693616" lon="139.700440">
        <name>34:38</name>
      </trkpt>
      <trkpt lat="35.693670" lon="139.700478">
        <name>34:39</name>
      </trkpt>
      <trkpt lat="35.693714" lon="139.700516">
        <name>34:40</name>
      </trkpt>
      <trkpt lat="35.693750" lon="139.700549">
        <name>34:41</name>
      </trkpt>
      <trkpt lat="35.693765" lon="139.700561">
        <name>34:42</name>
      </trkpt>
      <trkpt lat="35.693784" lon="139.700571">
        <name>34:43</name>
      </trkpt>
      <trkpt lat="35.693802" lon="139.700574">
        <name>34:44</name>
      </trkpt>
      <trkpt lat="35.693803" lon="139.700668">
        <name>34:45</name>
      </trkpt>
      <trkpt lat="35.693796" lon="139.700727">
        <name>34:46</name>
      </trkpt>
      <trkpt lat="35.693765" lon="139.700870">
        <name>34:47</name>
      </trkpt>
      <trkpt lat="35.693751" lon="139.700932">
        <name>34:48</name>
      </trkpt>
      <trkpt lat="35.693739" lon="139.700988">
        <name>34:49</name>
      </trkpt>
      <trkpt lat="35.693670" lon="139.701285">
        <name>34:50</name>
      </trkpt>
      <trkpt lat="35.693652" lon="139.701365">
        <name>34:51</name>
      </trkpt>
      <trkpt lat="35.693624" lon="139.701489">
        <name>34:52</name>
      </trkpt>
      <trkpt lat="35.693615" lon="139.701532">
        <name>34:53</name>
      </trkpt>
      <trkpt lat="35.693466" lon="139.702213">
        <name>34:54</name>
      </trkpt>
      <trkpt lat="35.693447" lon="139.702298">
        <name>34:55</name>
      </trkpt>
      <trkpt lat="35.693431" lon="139.702368">
        <name>34:56</name>
      </trkpt>
      <trkpt lat="35.693334" lon="139.702804">
        <name>34:57</name>
      </trkpt>
      <trkpt lat="35.693424" lon="139.702848">
        <name>34:58</name>
      </trkpt>
      <trkpt lat="35.693446" lon="139.702853">
        <name>34:59</name>
      </trkpt>
      <trkpt lat="35.693463" lon="139.702862">
        <name>35:00</name>
      </trkpt>
      <trkpt lat="35.693646" lon="139.702953">
        <name>35:01</name>
      </trkpt>
      <trkpt lat="35.694054" lon="139.703160">
        <name>35:02</name>
      </trkpt>
      <trkpt lat="35.694365" lon="139.703324">
        <name>35:03</name>
      </trkpt>
      <trkpt lat="35.694470" lon="139.703376">
        <name>35:04</name>
      </trkpt>
      <trkpt lat="35.694863" lon="139.703571">
        <name>35:05</name>
      </trkpt>
      <trkpt lat="35.694969" lon="139.703623">
        <name>35:06</name>
      </trkpt>
      <trkpt lat="35.695062" lon="139.703669">
        <name>35:07</name>
      </trkpt>
      <trkpt lat="35.695098" lon="139.703687">
        <name>35:08</name>
      </trkpt>
      <trkpt lat="35.695124" lon="139.703577">
        <name>35:09</name>
      </trkpt>
      <trkpt lat="35.695166" lon="139.703407">
        <name>35:10</name>
      </trkpt>
      <trkpt lat="35.695183" lon="139.703364">
        <name>35:11</name>
      </trkpt>
      <trkpt lat="35.695220" lon="139.703375">
        <name>35:12</name>
      </trkpt>
      <trkpt lat="35.695290" lon="139.703395">
        <name>35:13</name>
      </trkpt>
      <trkpt lat="35.695508" lon="139.703458">
        <name>35:14</name>
      </trkpt>
      <trkpt lat="35.695508" lon="139.703458">
        <name>35:15</name>
      </trkpt>
      <trkpt lat="35.695290" lon="139.703395">
        <name>35:16</name>
      </trkpt>
      <trkpt lat="35.695220" lon="139.703375">
        <name>35:17</name>
      </trkpt>
      <trkpt lat="35.695183" lon="139.703364">
        <name>35:18</name>
      </trkpt>
      <trkpt lat="35.695261" lon="139.703129">
        <name>35:19</name>
      </trkpt>
      <trkpt lat="35.695231" lon="139.703099">
        <name>35:20</name>
      </trkpt>
      <trkpt lat="35.695209" lon="139.703080">
        <name>35:21</name>
      </trkpt>
      <trkpt lat="35.694596" lon="139.702853">
        <name>35:22</name>
      </trkpt>
      <trkpt lat="35.694639" lon="139.702676">
        <name>35:23</name>
      </trkpt>
      <trkpt lat="35.694669" lon="139.702551">
        <name>35:24</name>
      </trkpt>
      <trkpt lat="35.694721" lon="139.702334">
        <name>35:25</name>
      </trkpt>
      <trkpt lat="35.694737" lon="139.702269">
        <name>35:26</name>
      </trkpt>
      <trkpt lat="35.694782" lon="139.702237">
        <name>35:27</name>
      </trkpt>
      <trkpt lat="35.694853" lon="139.701936">
        <name>35:28</name>
      </trkpt>
      <trkpt lat="35.694876" lon="139.701843">
        <name>35:29</name>
      </trkpt>
      <trkpt lat="35.694971" lon="139.701457">
        <name>35:30</name>
      </trkpt>
      <trkpt lat="35.695057" lon="139.701487">
        <name>35:31</name>
      </trkpt>
      <trkpt lat="35.695057" lon="139.701487">
        <name>35:32</name>
      </trkpt>
      <trkpt lat="35.695379" lon="139.701600">
        <name>35:33</name>
      </trkpt>
      <trkpt lat="35.695560" lon="139.701671">
        <name>35:34</name>
      </trkpt>
      <trkpt lat="35.695946" lon="139.701813">
        <name>35:35</name>
      </trkpt>
      <trkpt lat="35.695985" lon="139.701828">
        <name>35:36</name>
      </trkpt>
      <trkpt lat="35.696028" lon="139.701724">
        <name>35:37</name>
      </trkpt>
      <trkpt lat="35.696066" lon="139.701735">
        <name>35:38</name>
      </trkpt>
      <trkpt lat="35.696244" lon="139.701759">
        <name>35:39</name>
      </trkpt>
      <trkpt lat="35.696156" lon="139.702322">
        <name>35:40</name>
      </trkpt>
      <trkpt lat="35.696078" lon="139.702843">
        <name>35:41</name>
      </trkpt>
      <trkpt lat="35.695961" lon="139.703571">
        <name>35:42</name>
      </trkpt>
      <trkpt lat="35.695845" lon="139.704202">
        <name>35:43</name>
      </trkpt>
      <trkpt lat="35.695533" lon="139.704108">
        <name>35:44</name>
      </trkpt>
      <trkpt lat="35.695074" lon="139.703955">
        <name>35:45</name>
      </trkpt>
      <trkpt lat="35.695038" lon="139.703944">
        <name>35:46</name>
      </trkpt>
      <trkpt lat="35.695098" lon="139.703687">
        <name>35:47</name>
      </trkpt>
      <trkpt lat="35.695124" lon="139.703577">
        <name>35:48</name>
      </trkpt>
      <trkpt lat="35.695147" lon="139.703586">
        <name>35:49</name>
      </trkpt>
      <trkpt lat="35.695163" lon="139.703591">
        <name>35:50</name>
      </trkpt>
      <trkpt lat="35.695199" lon="139.703604">
        <name>35:51</name>
      </trkpt>
      <trkpt lat="35.695199" lon="139.703604">
        <name>35:52</name>
      </trkpt>
      <trkpt lat="35.695163" lon="139.703591">
        <name>35:53</name>
      </trkpt>
      <trkpt lat="35.695147" lon="139.703586">
        <name>35:54</name>
      </trkpt>
      <trkpt lat="35.695124" lon="139.703577">
        <name>35:55</name>
      </trkpt>
      <trkpt lat="35.695166" lon="139.703407">
        <name>35:56</name>
      </trkpt>
      <trkpt lat="35.695183" lon="139.703364">
        <name>35:57</name>
      </trkpt>
      <trkpt lat="35.695261" lon="139.703129">
        <name>35:58</name>
      </trkpt>
      <trkpt lat="35.695231" lon="139.703099">
        <name>35:59</name>
      </trkpt>
      <trkpt lat="35.695209" lon="139.703080">
        <name>36:00</name>
      </trkpt>
      <trkpt lat="35.694596" lon="139.702853">
        <name>36:01</name>
      </trkpt>
      <trkpt lat="35.694178" lon="139.702647">
        <name>36:02</name>
      </trkpt>
      <trkpt lat="35.693891" lon="139.702509">
        <name>36:03</name>
      </trkpt>
      <trkpt lat="35.693583" lon="139.702358">
        <name>36:04</name>
      </trkpt>
      <trkpt lat="35.693578" lon="139.702356">
        <name>36:05</name>
      </trkpt>
      <trkpt lat="35.693541" lon="139.702337">
        <name>36:06</name>
      </trkpt>
      <trkpt lat="35.693447" lon="139.702298">
        <name>36:07</name>
      </trkpt>
      <trkpt lat="35.693431" lon="139.702368">
        <name>36:08</name>
      </trkpt>
      <trkpt lat="35.693334" lon="139.702804">
        <name>36:09</name>
      </trkpt>
      <trkpt lat="35.693193" lon="139.703294">
        <name>36:10</name>
      </trkpt>
      <trkpt lat="35.693174" lon="139.703362">
        <name>36:11</name>
      </trkpt>
      <trkpt lat="35.693141" lon="139.703482">
        <name>36:12</name>
      </trkpt>
      <trkpt lat="35.693021" lon="139.703427">
        <name>36:13</name>
      </trkpt>
      <trkpt lat="35.693054" lon="139.703311">
        <name>36:14</name>
      </trkpt>
      <trkpt lat="35.693066" lon="139.703265">
        <name>36:15</name>
      </trkpt>
      <trkpt lat="35.693196" lon="139.702808">
        <name>36:16</name>
      </trkpt>
      <trkpt lat="35.693224" lon="139.702686">
        <name>36:17</name>
      </trkpt>
      <trkpt lat="35.693290" lon="139.702404">
        <name>36:18</name>
      </trkpt>
      <trkpt lat="35.693308" lon="139.702326">
        <name>36:19</name>
      </trkpt>
      <trkpt lat="35.693326" lon="139.702246">
        <name>36:20</name>
      </trkpt>
      <trkpt lat="35.693453" lon="139.701673">
        <name>36:21</name>
      </trkpt>
      <trkpt lat="35.693473" lon="139.701582">
        <name>36:22</name>
      </trkpt>
      <trkpt lat="35.693493" lon="139.701491">
        <name>36:23</name>
      </trkpt>
      <trkpt lat="35.693518" lon="139.701379">
        <name>36:24</name>
      </trkpt>
      <trkpt lat="35.693528" lon="139.701329">
        <name>36:25</name>
      </trkpt>
      <trkpt lat="35.693598" lon="139.700967">
        <name>36:26</name>
      </trkpt>
      <trkpt lat="35.693609" lon="139.700904">
        <name>36:27</name>
      </trkpt>
      <trkpt lat="35.693618" lon="139.700846">
        <name>36:28</name>
      </trkpt>
      <trkpt lat="35.693624" lon="139.700799">
        <name>36:29</name>
      </trkpt>
      <trkpt lat="35.693625" lon="139.700754">
        <name>36:30</name>
      </trkpt>
      <trkpt lat="35.693624" lon="139.700713">
        <name>36:31</name>
      </trkpt>
      <trkpt lat="35.693619" lon="139.700669">
        <name>36:32</name>
      </trkpt>
      <trkpt lat="35.693600" lon="139.700587">
        <name>36:33</name>
      </trkpt>
      <trkpt lat="35.693554" lon="139.700405">
        <name>36:34</name>
      </trkpt>
      <trkpt lat="35.693489" lon="139.700380">
        <name>36:35</name>
      </trkpt>
      <trkpt lat="35.693438" lon="139.700366">
        <name>36:36</name>
      </trkpt>
      <trkpt lat="35.693391" lon="139.700363">
        <name>36:37</name>
      </trkpt>
      <trkpt lat="35.693350" lon="139.700366">
        <name>36:38</name>
      </trkpt>
      <trkpt lat="35.693281" lon="139.700379">
        <name>36:39</name>
      </trkpt>
      <trkpt lat="35.693186" lon="139.700402">
        <name>36:40</name>
      </trkpt>
      <trkpt lat="35.692956" lon="139.700460">
        <name>36:41</name>
      </trkpt>
      <trkpt lat="35.692926" lon="139.700469">
        <name>36:42</name>
      </trkpt>
      <trkpt lat="35.692898" lon="139.700478">
        <name>36:43</name>
      </trkpt>
      <trkpt lat="35.692866" lon="139.700489">
        <name>36:44</name>
      </trkpt>
      <trkpt lat="35.692758" lon="139.700539">
        <name>36:45</name>
      </trkpt>
      <trkpt lat="35.692718" lon="139.700557">
        <name>36:46</name>
      </trkpt>
      <trkpt lat="35.692681" lon="139.700577">
        <name>36:47</name>
      </trkpt>
      <trkpt lat="35.692645" lon="139.700600">
        <name>36:48</name>
      </trkpt>
      <trkpt lat="35.692612" lon="139.700629">
        <name>36:49</name>
      </trkpt>
      <trkpt lat="35.692586" lon="139.700657">
        <name>36:50</name>
      </trkpt>
      <trkpt lat="35.692562" lon="139.700686">
        <name>36:51</name>
      </trkpt>
      <trkpt lat="35.692549" lon="139.700707">
        <name>36:52</name>
      </trkpt>
      <trkpt lat="35.692539" lon="139.700727">
        <name>36:53</name>
      </trkpt>
      <trkpt lat="35.692527" lon="139.700752">
        <name>36:54</name>
      </trkpt>
      <trkpt lat="35.692461" lon="139.700832">
        <name>36:55</name>
      </trkpt>
      <trkpt lat="35.692439" lon="139.700932">
        <name>36:56</name>
      </trkpt>
      <trkpt lat="35.692428" lon="139.700984">
        <name>36:57</name>
      </trkpt>
      <trkpt lat="35.692292" lon="139.701616">
        <name>36:58</name>
      </trkpt>
      <trkpt lat="35.692281" lon="139.701665">
        <name>36:59</name>
      </trkpt>
      <trkpt lat="35.692251" lon="139.701771">
        <name>37:00</name>
      </trkpt>
      <trkpt lat="35.692228" lon="139.701759">
        <name>37:01</name>
      </trkpt>
      <trkpt lat="35.692133" lon="139.701710">
        <name>37:02</name>
      </trkpt>
      <trkpt lat="35.692090" lon="139.701686">
        <name>37:03</name>
      </trkpt>
      <trkpt lat="35.691909" lon="139.701582">
        <name>37:04</name>
      </trkpt>
      <trkpt lat="35.691889" lon="139.701572">
        <name>37:05</name>
      </trkpt>
      <trkpt lat="35.691860" lon="139.701560">
        <name>37:06</name>
      </trkpt>
      <trkpt lat="35.691841" lon="139.701554">
        <name>37:07</name>
      </trkpt>
      <trkpt lat="35.691819" lon="139.701548">
        <name>37:08</name>
      </trkpt>
      <trkpt lat="35.691791" lon="139.701543">
        <name>37:09</name>
      </trkpt>
      <trkpt lat="35.691770" lon="139.701542">
        <name>37:10</name>
      </trkpt>
      <trkpt lat="35.691752" lon="139.701543">
        <name>37:11</name>
      </trkpt>
      <trkpt lat="35.691479" lon="139.701578">
        <name>37:12</name>
      </trkpt>
      <trkpt lat="35.691384" lon="139.701591">
        <name>37:13</name>
      </trkpt>
      <trkpt lat="35.691358" lon="139.701613">
        <name>37:14</name>
      </trkpt>
      <trkpt lat="35.691289" lon="139.701625">
        <name>37:15</name>
      </trkpt>
      <trkpt lat="35.691251" lon="139.701630">
        <name>37:16</name>
      </trkpt>
      <trkpt lat="35.691206" lon="139.701636">
        <name>37:17</name>
      </trkpt>
      <trkpt lat="35.691141" lon="139.701634">
        <name>37:18</name>
      </trkpt>
      <trkpt lat="35.690987" lon="139.701655">
        <name>37:19</name>
      </trkpt>
      <trkpt lat="35.691012" lon="139.701717">
        <name>37:20</name>
      </trkpt>
      <trkpt lat="35.691012" lon="139.701717">
        <name>37:21</name>
      </trkpt>
      <trkpt lat="35.691012" lon="139.701717">
        <name>37:22</name>
      </trkpt>
      <trkpt lat="35.691012" lon="139.701717">
        <name>37:23</name>
      </trkpt>
      <trkpt lat="35.690987" lon="139.701655">
        <name>37:24</name>
      </trkpt>
      <trkpt lat="35.690963" lon="139.701658">
        <name>37:25</name>
      </trkpt>
      <trkpt lat="35.690904" lon="139.701665">
        <name>37:26</name>
      </trkpt>
      <trkpt lat="35.690862" lon="139.701671">
        <name>37:27</name>
      </trkpt>
      <trkpt lat="35.690838" lon="139.701672">
        <name>37:28</name>
      </trkpt>
      <trkpt lat="35.690817" lon="139.701664">
        <name>37:29</name>
      </trkpt>
      <trkpt lat="35.690791" lon="139.701630">
        <name>37:30</name>
      </trkpt>
      <trkpt lat="35.690721" lon="139.701487">
        <name>37:31</name>
      </trkpt>
      <trkpt lat="35.690666" lon="139.701511">
        <name>37:32</name>
      </trkpt>
      <trkpt lat="35.689831" lon="139.701868">
        <name>37:33</name>
      </trkpt>
      <trkpt lat="35.689800" lon="139.701881">
        <name>37:34</name>
      </trkpt>
      <trkpt lat="35.689765" lon="139.701911">
        <name>37:35</name>
      </trkpt>
      <trkpt lat="35.689730" lon="139.701948">
        <name>37:36</name>
      </trkpt>
      <trkpt lat="35.689689" lon="139.701993">
        <name>37:37</name>
      </trkpt>
      <trkpt lat="35.689588" lon="139.702098">
        <name>37:38</name>
      </trkpt>
      <trkpt lat="35.689603" lon="139.702168">
        <name>37:39</name>
      </trkpt>
      <trkpt lat="35.689708" lon="139.702626">
        <name>37:40</name>
      </trkpt>
      <trkpt lat="35.689795" lon="139.703133">
        <name>37:41</name>
      </trkpt>
      <trkpt lat="35.689811" lon="139.703229">
        <name>37:42</name>
      </trkpt>
      <trkpt lat="35.689769" lon="139.703274">
        <name>37:43</name>
      </trkpt>
      <trkpt lat="35.689749" lon="139.703322">
        <name>37:44</name>
      </trkpt>
      <trkpt lat="35.689741" lon="139.703369">
        <name>37:45</name>
      </trkpt>
      <trkpt lat="35.689735" lon="139.703422">
        <name>37:46</name>
      </trkpt>
      <trkpt lat="35.689766" lon="139.703641">
        <name>37:47</name>
      </trkpt>
      <trkpt lat="35.689802" lon="139.703923">
        <name>37:48</name>
      </trkpt>
      <trkpt lat="35.689811" lon="139.703991">
        <name>37:49</name>
      </trkpt>
      <trkpt lat="35.689825" lon="139.704126">
        <name>37:50</name>
      </trkpt>
      <trkpt lat="35.689838" lon="139.704233">
        <name>37:51</name>
      </trkpt>
      <trkpt lat="35.689711" lon="139.704152">
        <name>37:52</name>
      </trkpt>
      <trkpt lat="35.689703" lon="139.704046">
        <name>37:53</name>
      </trkpt>
      <trkpt lat="35.689692" lon="139.703918">
        <name>37:54</name>
      </trkpt>
      <trkpt lat="35.689678" lon="139.703780">
        <name>37:55</name>
      </trkpt>
      <trkpt lat="35.689652" lon="139.703560">
        <name>37:56</name>
      </trkpt>
      <trkpt lat="35.689610" lon="139.703204">
        <name>37:57</name>
      </trkpt>
      <trkpt lat="35.689560" lon="139.702903">
        <name>37:58</name>
      </trkpt>
      <trkpt lat="35.689468" lon="139.702470">
        <name>37:59</name>
      </trkpt>
      <trkpt lat="35.689393" lon="139.702172">
        <name>38:00</name>
      </trkpt>
      <trkpt lat="35.689353" lon="139.702011">
        <name>38:01</name>
      </trkpt>
      <trkpt lat="35.689324" lon="139.701907">
        <name>38:02</name>
      </trkpt>
      <trkpt lat="35.689215" lon="139.701495">
        <name>38:03</name>
      </trkpt>
      <trkpt lat="35.689145" lon="139.701172">
        <name>38:04</name>
      </trkpt>
      <trkpt lat="35.689021" lon="139.700488">
        <name>38:05</name>
      </trkpt>
      <trkpt lat="35.688951" lon="139.700117">
        <name>38:06</name>
      </trkpt>
      <trkpt lat="35.688912" lon="139.699956">
        <name>38:07</name>
      </trkpt>
      <trkpt lat="35.688867" lon="139.699791">
        <name>38:08</name>
      </trkpt>
      <trkpt lat="35.688812" lon="139.699641">
        <name>38:09</name>
      </trkpt>
      <trkpt lat="35.688749" lon="139.699480">
        <name>38:10</name>
      </trkpt>
      <trkpt lat="35.688665" lon="139.699297">
        <name>38:11</name>
      </trkpt>
      <trkpt lat="35.688625" lon="139.699210">
        <name>38:12</name>
      </trkpt>
      <trkpt lat="35.688541" lon="139.698988">
        <name>38:13</name>
      </trkpt>
      <trkpt lat="35.688475" lon="139.698810">
        <name>38:14</name>
      </trkpt>
      <trkpt lat="35.688077" lon="139.697793">
        <name>38:15</name>
      </trkpt>
      <trkpt lat="35.687975" lon="139.697530">
        <name>38:16</name>
      </trkpt>
      <trkpt lat="35.687732" lon="139.696904">
        <name>38:17</name>
      </trkpt>
      <trkpt lat="35.687711" lon="139.696856">
        <name>38:18</name>
      </trkpt>
      <trkpt lat="35.687552" lon="139.696487">
        <name>38:19</name>
      </trkpt>
      <trkpt lat="35.687493" lon="139.696352">
        <name>38:20</name>
      </trkpt>
      <trkpt lat="35.687346" lon="139.696013">
        <name>38:21</name>
      </trkpt>
      <trkpt lat="35.687258" lon="139.695812">
        <name>38:22</name>
      </trkpt>
      <trkpt lat="35.687220" lon="139.695720">
        <name>38:23</name>
      </trkpt>
      <trkpt lat="35.687066" lon="139.695350">
        <name>38:24</name>
      </trkpt>
      <trkpt lat="35.686832" lon="139.694832">
        <name>38:25</name>
      </trkpt>
      <trkpt lat="35.686777" lon="139.694721">
        <name>38:26</name>
      </trkpt>
      <trkpt lat="35.686703" lon="139.694587">
        <name>38:27</name>
      </trkpt>
      <trkpt lat="35.686621" lon="139.694452">
        <name>38:28</name>
      </trkpt>
      <trkpt lat="35.686537" lon="139.694319">
        <name>38:29</name>
      </trkpt>
      <trkpt lat="35.686431" lon="139.694169">
        <name>38:30</name>
      </trkpt>
      <trkpt lat="35.686224" lon="139.693877">
        <name>38:31</name>
      </trkpt>
      <trkpt lat="35.686033" lon="139.693621">
        <name>38:32</name>
      </trkpt>
      <trkpt lat="35.685932" lon="139.693486">
        <name>38:33</name>
      </trkpt>
      <trkpt lat="35.685524" lon="139.692939">
        <name>38:34</name>
      </trkpt>
      <trkpt lat="35.685342" lon="139.692694">
        <name>38:35</name>
      </trkpt>
      <trkpt lat="35.685129" lon="139.692405">
        <name>38:36</name>
      </trkpt>
      <trkpt lat="35.685095" lon="139.692361">
        <name>38:37</name>
      </trkpt>
      <trkpt lat="35.684855" lon="139.692018">
        <name>38:38</name>
      </trkpt>
      <trkpt lat="35.684963" lon="139.691923">
        <name>38:39</name>
      </trkpt>
      <trkpt lat="35.685113" lon="139.691874">
        <name>38:40</name>
      </trkpt>
      <trkpt lat="35.685302" lon="139.691810">
        <name>38:41</name>
      </trkpt>
      <trkpt lat="35.685772" lon="139.691686">
        <name>38:42</name>
      </trkpt>
      <trkpt lat="35.686935" lon="139.691408">
        <name>38:43</name>
      </trkpt>
      <trkpt lat="35.687289" lon="139.691360">
        <name>38:44</name>
      </trkpt>
      <trkpt lat="35.688406" lon="139.691088">
        <name>38:45</name>
      </trkpt>
      <trkpt lat="35.688525" lon="139.691059">
        <name>38:46</name>
      </trkpt>
      <trkpt lat="35.688634" lon="139.691033">
        <name>38:47</name>
      </trkpt>
      <trkpt lat="35.688750" lon="139.691005">
        <name>38:48</name>
      </trkpt>
      <trkpt lat="35.689111" lon="139.690917">
        <name>38:49</name>
      </trkpt>
      <trkpt lat="35.690220" lon="139.690649">
        <name>38:50</name>
      </trkpt>
      <trkpt lat="35.690299" lon="139.690630">
        <name>38:51</name>
      </trkpt>
      <trkpt lat="35.690326" lon="139.690798">
        <name>38:52</name>
      </trkpt>
      <trkpt lat="35.690349" lon="139.690964">
        <name>38:53</name>
      </trkpt>
      <trkpt lat="35.690515" lon="139.692019">
        <name>38:54</name>
      </trkpt>
      <trkpt lat="35.690713" lon="139.693274">
        <name>38:55</name>
      </trkpt>
      <trkpt lat="35.690722" lon="139.693330">
        <name>38:56</name>
      </trkpt>
      <trkpt lat="35.690741" lon="139.693450">
        <name>38:57</name>
      </trkpt>
      <trkpt lat="35.690862" lon="139.694198">
        <name>38:58</name>
      </trkpt>
      <trkpt lat="35.690931" lon="139.694623">
        <name>38:59</name>
      </trkpt>
      <trkpt lat="35.690979" lon="139.694999">
        <name>39:00</name>
      </trkpt>
      <trkpt lat="35.691119" lon="139.696332">
        <name>39:01</name>
      </trkpt>
      <trkpt lat="35.691247" lon="139.698063">
        <name>39:02</name>
      </trkpt>
      <trkpt lat="35.691252" lon="139.698089">
        <name>39:03</name>
      </trkpt>
      <trkpt lat="35.691259" lon="139.698115">
        <name>39:04</name>
      </trkpt>
      <trkpt lat="35.691268" lon="139.698139">
        <name>39:05</name>
      </trkpt>
      <trkpt lat="35.691283" lon="139.698165">
        <name>39:06</name>
      </trkpt>
      <trkpt lat="35.691305" lon="139.698197">
        <name>39:07</name>
      </trkpt>
      <trkpt lat="35.691326" lon="139.698220">
        <name>39:08</name>
      </trkpt>
      <trkpt lat="35.691349" lon="139.698244">
        <name>39:09</name>
      </trkpt>
      <trkpt lat="35.691404" lon="139.698306">
        <name>39:10</name>
      </trkpt>
      <trkpt lat="35.691426" lon="139.698346">
        <name>39:11</name>
      </trkpt>
      <trkpt lat="35.691445" lon="139.698391">
        <name>39:12</name>
      </trkpt>
      <trkpt lat="35.691454" lon="139.698422">
        <name>39:13</name>
      </trkpt>
      <trkpt lat="35.691463" lon="139.698462">
        <name>39:14</name>
      </trkpt>
      <trkpt lat="35.691467" lon="139.698499">
        <name>39:15</name>
      </trkpt>
      <trkpt lat="35.691469" lon="139.698526">
        <name>39:16</name>
      </trkpt>
      <trkpt lat="35.691203" lon="139.698552">
        <name>39:17</name>
      </trkpt>
      <trkpt lat="35.691203" lon="139.698552">
        <name>39:18</name>
      </trkpt>
      <trkpt lat="35.690998" lon="139.698573">
        <name>39:19</name>
      </trkpt>
      <trkpt lat="35.690997" lon="139.698541">
        <name>39:20</name>
      </trkpt>
      <trkpt lat="35.690998" lon="139.698506">
        <name>39:21</name>
      </trkpt>
      <trkpt lat="35.691004" lon="139.698463">
        <name>39:22</name>
      </trkpt>
      <trkpt lat="35.691011" lon="139.698425">
        <name>39:23</name>
      </trkpt>
      <trkpt lat="35.691023" lon="139.698383">
        <name>39:24</name>
      </trkpt>
      <trkpt lat="35.691032" lon="139.698356">
        <name>39:25</name>
      </trkpt>
      <trkpt lat="35.691043" lon="139.698337">
        <name>39:26</name>
      </trkpt>
      <trkpt lat="35.691096" lon="139.698269">
        <name>39:27</name>
      </trkpt>
      <trkpt lat="35.691113" lon="139.698242">
        <name>39:28</name>
      </trkpt>
      <trkpt lat="35.691127" lon="139.698213">
        <name>39:29</name>
      </trkpt>
      <trkpt lat="35.691139" lon="139.698181">
        <name>39:30</name>
      </trkpt>
      <trkpt lat="35.691146" lon="139.698147">
        <name>39:31</name>
      </trkpt>
      <trkpt lat="35.691149" lon="139.698115">
        <name>39:32</name>
      </trkpt>
      <trkpt lat="35.691149" lon="139.698080">
        <name>39:33</name>
      </trkpt>
      <trkpt lat="35.691079" lon="139.696722">
        <name>39:34</name>
      </trkpt>
      <trkpt lat="35.691047" lon="139.696302">
        <name>39:35</name>
      </trkpt>
      <trkpt lat="35.690899" lon="139.694944">
        <name>39:36</name>
      </trkpt>
      <trkpt lat="35.690854" lon="139.694648">
        <name>39:37</name>
      </trkpt>
      <trkpt lat="35.690785" lon="139.694214">
        <name>39:38</name>
      </trkpt>
      <trkpt lat="35.690666" lon="139.693467">
        <name>39:39</name>
      </trkpt>
      <trkpt lat="35.690647" lon="139.693347">
        <name>39:40</name>
      </trkpt>
      <trkpt lat="35.690639" lon="139.693291">
        <name>39:41</name>
      </trkpt>
      <trkpt lat="35.690272" lon="139.690982">
        <name>39:42</name>
      </trkpt>
      <trkpt lat="35.690246" lon="139.690818">
        <name>39:43</name>
      </trkpt>
      <trkpt lat="35.688775" lon="139.691176">
        <name>39:44</name>
      </trkpt>
      <trkpt lat="35.688661" lon="139.691203">
        <name>39:45</name>
      </trkpt>
      <trkpt lat="35.688552" lon="139.691230">
        <name>39:46</name>
      </trkpt>
      <trkpt lat="35.688436" lon="139.691258">
        <name>39:47</name>
      </trkpt>
      <trkpt lat="35.687318" lon="139.691529">
        <name>39:48</name>
      </trkpt>
      <trkpt lat="35.686972" lon="139.691645">
        <name>39:49</name>
      </trkpt>
      <trkpt lat="35.685917" lon="139.691912">
        <name>39:50</name>
      </trkpt>
      <trkpt lat="35.685867" lon="139.691923">
        <name>39:51</name>
      </trkpt>
      <trkpt lat="35.685393" lon="139.692038">
        <name>39:52</name>
      </trkpt>
      <trkpt lat="35.685339" lon="139.692105">
        <name>39:53</name>
      </trkpt>
      <trkpt lat="35.685308" lon="139.692175">
        <name>39:54</name>
      </trkpt>
      <trkpt lat="35.685299" lon="139.692253">
        <name>39:55</name>
      </trkpt>
      <trkpt lat="35.685299" lon="139.692329">
        <name>39:56</name>
      </trkpt>
      <trkpt lat="35.685311" lon="139.692405">
        <name>39:57</name>
      </trkpt>
      <trkpt lat="35.685723" lon="139.692972">
        <name>39:58</name>
      </trkpt>
      <trkpt lat="35.685927" lon="139.693242">
        <name>39:59</name>
      </trkpt>
      <trkpt lat="35.686316" lon="139.693754">
        <name>40:00</name>
      </trkpt>
      <trkpt lat="35.686624" lon="139.694190">
        <name>40:01</name>
      </trkpt>
      <trkpt lat="35.686733" lon="139.694350">
        <name>40:02</name>
      </trkpt>
      <trkpt lat="35.686791" lon="139.694442">
        <name>40:03</name>
      </trkpt>
      <trkpt lat="35.686817" lon="139.694483">
        <name>40:04</name>
      </trkpt>
      <trkpt lat="35.686895" lon="139.694629">
        <name>40:05</name>
      </trkpt>
      <trkpt lat="35.686940" lon="139.694721">
        <name>40:06</name>
      </trkpt>
      <trkpt lat="35.687183" lon="139.695252">
        <name>40:07</name>
      </trkpt>
      <trkpt lat="35.687348" lon="139.695638">
        <name>40:08</name>
      </trkpt>
      <trkpt lat="35.687387" lon="139.695729">
        <name>40:09</name>
      </trkpt>
      <trkpt lat="35.687438" lon="139.695848">
        <name>40:10</name>
      </trkpt>
      <trkpt lat="35.687514" lon="139.696025">
        <name>40:11</name>
      </trkpt>
      <trkpt lat="35.687620" lon="139.696269">
        <name>40:12</name>
      </trkpt>
      <trkpt lat="35.687742" lon="139.696552">
        <name>40:13</name>
      </trkpt>
      <trkpt lat="35.687842" lon="139.696795">
        <name>40:14</name>
      </trkpt>
      <trkpt lat="35.688189" lon="139.697721">
        <name>40:15</name>
      </trkpt>
      <trkpt lat="35.688241" lon="139.697860">
        <name>40:16</name>
      </trkpt>
      <trkpt lat="35.688486" lon="139.698525">
        <name>40:17</name>
      </trkpt>
      <trkpt lat="35.688557" lon="139.698699">
        <name>40:18</name>
      </trkpt>
      <trkpt lat="35.688578" lon="139.698749">
        <name>40:19</name>
      </trkpt>
      <trkpt lat="35.688652" lon="139.698941">
        <name>40:20</name>
      </trkpt>
      <trkpt lat="35.688746" lon="139.699185">
        <name>40:21</name>
      </trkpt>
      <trkpt lat="35.688824" lon="139.699378">
        <name>40:22</name>
      </trkpt>
      <trkpt lat="35.688907" lon="139.699587">
        <name>40:23</name>
      </trkpt>
      <trkpt lat="35.688954" lon="139.699717">
        <name>40:24</name>
      </trkpt>
      <trkpt lat="35.689015" lon="139.699929">
        <name>40:25</name>
      </trkpt>
      <trkpt lat="35.689053" lon="139.700090">
        <name>40:26</name>
      </trkpt>
      <trkpt lat="35.689092" lon="139.700283">
        <name>40:27</name>
      </trkpt>
      <trkpt lat="35.689251" lon="139.701144">
        <name>40:28</name>
      </trkpt>
      <trkpt lat="35.689318" lon="139.701466">
        <name>40:29</name>
      </trkpt>
      <trkpt lat="35.689392" lon="139.701768">
        <name>40:30</name>
      </trkpt>
      <trkpt lat="35.689432" lon="139.701931">
        <name>40:31</name>
      </trkpt>
      <trkpt lat="35.689553" lon="139.702426">
        <name>40:32</name>
      </trkpt>
      <trkpt lat="35.689650" lon="139.702879">
        <name>40:33</name>
      </trkpt>
      <trkpt lat="35.689702" lon="139.703184">
        <name>40:34</name>
      </trkpt>
      <trkpt lat="35.689735" lon="139.703422">
        <name>40:35</name>
      </trkpt>
      <trkpt lat="35.689766" lon="139.703641">
        <name>40:36</name>
      </trkpt>
      <trkpt lat="35.689802" lon="139.703923">
        <name>40:37</name>
      </trkpt>
      <trkpt lat="35.689811" lon="139.703991">
        <name>40:38</name>
      </trkpt>
      <trkpt lat="35.689825" lon="139.704126">
        <name>40:39</name>
      </trkpt>
      <trkpt lat="35.689838" lon="139.704233">
        <name>40:40</name>
      </trkpt>
      <trkpt lat="35.689856" lon="139.704379">
        <name>40:41</name>
      </trkpt>
      <trkpt lat="35.689864" lon="139.704479">
        <name>40:42</name>
      </trkpt>
      <trkpt lat="35.689899" lon="139.704643">
        <name>40:43</name>
      </trkpt>
      <trkpt lat="35.689921" lon="139.704795">
        <name>40:44</name>
      </trkpt>
      <trkpt lat="35.689932" lon="139.704925">
        <name>40:45</name>
      </trkpt>
      <trkpt lat="35.689933" lon="139.705000">
        <name>40:46</name>
      </trkpt>
      <trkpt lat="35.689933" lon="139.705000">
        <name>40:47</name>
      </trkpt>
      <trkpt lat="35.689935" lon="139.705080">
        <name>40:48</name>
      </trkpt>
      <trkpt lat="35.689926" lon="139.705184">
        <name>40:49</name>
      </trkpt>
      <trkpt lat="35.689908" lon="139.705282">
        <name>40:50</name>
      </trkpt>
      <trkpt lat="35.689887" lon="139.705384">
        <name>40:51</name>
      </trkpt>
      <trkpt lat="35.690037" lon="139.705477">
        <name>40:52</name>
      </trkpt>
      <trkpt lat="35.690379" lon="139.705715">
        <name>40:53</name>
      </trkpt>
      <trkpt lat="35.690455" lon="139.705770">
        <name>40:54</name>
      </trkpt>
      <trkpt lat="35.690461" lon="139.705756">
        <name>40:55</name>
      </trkpt>
      <trkpt lat="35.690531" lon="139.705611">
        <name>40:56</name>
      </trkpt>
      <trkpt lat="35.690787" lon="139.705048">
        <name>40:57</name>
      </trkpt>
      <trkpt lat="35.690851" lon="139.704908">
        <name>40:58</name>
      </trkpt>
      <trkpt lat="35.690884" lon="139.704836">
        <name>40:59</name>
      </trkpt>
      <trkpt lat="35.690953" lon="139.704688">
        <name>41:00</name>
      </trkpt>
      <trkpt lat="35.691328" lon="139.703851">
        <name>41:01</name>
      </trkpt>
      <trkpt lat="35.691376" lon="139.703743">
        <name>41:02</name>
      </trkpt>
      <trkpt lat="35.691397" lon="139.703697">
        <name>41:03</name>
      </trkpt>
      <trkpt lat="35.691407" lon="139.703673">
        <name>41:04</name>
      </trkpt>
      <trkpt lat="35.691429" lon="139.703625">
        <name>41:05</name>
      </trkpt>
      <trkpt lat="35.691475" lon="139.703523">
        <name>41:06</name>
      </trkpt>
      <trkpt lat="35.691538" lon="139.703382">
        <name>41:07</name>
      </trkpt>
      <trkpt lat="35.691796" lon="139.702809">
        <name>41:08</name>
      </trkpt>
      <trkpt lat="35.691822" lon="139.702750">
        <name>41:09</name>
      </trkpt>
      <trkpt lat="35.691857" lon="139.702672">
        <name>41:10</name>
      </trkpt>
      <trkpt lat="35.691866" lon="139.702653">
        <name>41:11</name>
      </trkpt>
      <trkpt lat="35.691875" lon="139.702632">
        <name>41:12</name>
      </trkpt>
      <trkpt lat="35.691916" lon="139.702543">
        <name>41:13</name>
      </trkpt>
      <trkpt lat="35.691934" lon="139.702502">
        <name>41:14</name>
      </trkpt>
      <trkpt lat="35.691960" lon="139.702442">
        <name>41:15</name>
      </trkpt>
      <trkpt lat="35.692141" lon="139.702040">
        <name>41:16</name>
      </trkpt>
      <trkpt lat="35.692186" lon="139.701939">
        <name>41:17</name>
      </trkpt>
      <trkpt lat="35.692208" lon="139.701887">
        <name>41:18</name>
      </trkpt>
      <trkpt lat="35.692228" lon="139.701836">
        <name>41:19</name>
      </trkpt>
      <trkpt lat="35.692242" lon="139.701796">
        <name>41:20</name>
      </trkpt>
      <trkpt lat="35.692251" lon="139.701771">
        <name>41:21</name>
      </trkpt>
      <trkpt lat="35.692228" lon="139.701759">
        <name>41:22</name>
      </trkpt>
      <trkpt lat="35.692133" lon="139.701710">
        <name>41:23</name>
      </trkpt>
      <trkpt lat="35.692090" lon="139.701686">
        <name>41:24</name>
      </trkpt>
      <trkpt lat="35.691909" lon="139.701582">
        <name>41:25</name>
      </trkpt>
      <trkpt lat="35.691889" lon="139.701572">
        <name>41:26</name>
      </trkpt>
      <trkpt lat="35.691860" lon="139.701560">
        <name>41:27</name>
      </trkpt>
      <trkpt lat="35.691841" lon="139.701554">
        <name>41:28</name>
      </trkpt>
      <trkpt lat="35.691819" lon="139.701548">
        <name>41:29</name>
      </trkpt>
      <trkpt lat="35.691791" lon="139.701543">
        <name>41:30</name>
      </trkpt>
      <trkpt lat="35.691770" lon="139.701542">
        <name>41:31</name>
      </trkpt>
      <trkpt lat="35.691752" lon="139.701543">
        <name>41:32</name>
      </trkpt>
      <trkpt lat="35.691479" lon="139.701578">
        <name>41:33</name>
      </trkpt>
      <trkpt lat="35.691384" lon="139.701591">
        <name>41:34</name>
      </trkpt>
      <trkpt lat="35.691358" lon="139.701613">
        <name>41:35</name>
      </trkpt>
      <trkpt lat="35.691289" lon="139.701625">
        <name>41:36</name>
      </trkpt>
      <trkpt lat="35.691251" lon="139.701630">
        <name>41:37</name>
      </trkpt>
      <trkpt lat="35.691206" lon="139.701636">
        <name>41:38</name>
      </trkpt>
      <trkpt lat="35.691141" lon="139.701634">
        <name>41:39</name>
      </trkpt>
      <trkpt lat="35.690963" lon="139.701658">
        <name>41:40</name>
      </trkpt>
      <trkpt lat="35.690904" lon="139.701665">
        <name>41:41</name>
      </trkpt>
      <trkpt lat="35.690862" lon="139.701671">
        <name>41:42</name>
      </trkpt>
      <trkpt lat="35.690838" lon="139.701672">
        <name>41:43</name>
      </trkpt>
      <trkpt lat="35.690817" lon="139.701664">
        <name>41:44</name>
      </trkpt>
      <trkpt lat="35.690791" lon="139.701630">
        <name>41:45</name>
      </trkpt>
      <trkpt lat="35.690721" lon="139.701487">
        <name>41:46</name>
      </trkpt>
      <trkpt lat="35.690703" lon="139.701417">
        <name>41:47</name>
      </trkpt>
      <trkpt lat="35.690697" lon="139.701395">
        <name>41:48</name>
      </trkpt>
      <trkpt lat="35.690686" lon="139.701178">
        <name>41:49</name>
      </trkpt>
      <trkpt lat="35.690665" lon="139.701169">
        <name>41:50</name>
      </trkpt>
      <trkpt lat="35.690381" lon="139.701163">
        <name>41:51</name>
      </trkpt>
      <trkpt lat="35.690109" lon="139.701234">
        <name>41:52</name>
      </trkpt>
      <trkpt lat="35.690109" lon="139.701234">
        <name>41:53</name>
      </trkpt>
      <trkpt lat="35.690109" lon="139.701234">
        <name>41:54</name>
      </trkpt>
      <trkpt lat="35.690109" lon="139.701234">
        <name>41:55</name>
      </trkpt>
      <trkpt lat="35.689742" lon="139.701329">
        <name>41:56</name>
      </trkpt>
      <trkpt lat="35.689710" lon="139.701395">
        <name>41:57</name>
      </trkpt>
      <trkpt lat="35.689718" lon="139.701499">
        <name>41:58</name>
      </trkpt>
      <trkpt lat="35.689761" lon="139.701751">
        <name>41:59</name>
      </trkpt>
      <trkpt lat="35.689780" lon="139.701812">
        <name>42:00</name>
      </trkpt>
      <trkpt lat="35.689800" lon="139.701881">
        <name>42:01</name>
      </trkpt>
      <trkpt lat="35.689831" lon="139.701868">
        <name>42:02</name>
      </trkpt>
      <trkpt lat="35.690666" lon="139.701511">
        <name>42:03</name>
      </trkpt>
      <trkpt lat="35.690721" lon="139.701487">
        <name>42:04</name>
      </trkpt>
      <trkpt lat="35.690787" lon="139.701435">
        <name>42:05</name>
      </trkpt>
      <trkpt lat="35.690816" lon="139.701422">
        <name>42:06</name>
      </trkpt>
      <trkpt lat="35.690842" lon="139.701419">
        <name>42:07</name>
      </trkpt>
      <trkpt lat="35.690871" lon="139.701414">
        <name>42:08</name>
      </trkpt>
      <trkpt lat="35.690910" lon="139.701415">
        <name>42:09</name>
      </trkpt>
      <trkpt lat="35.691129" lon="139.701388">
        <name>42:10</name>
      </trkpt>
      <trkpt lat="35.691185" lon="139.701381">
        <name>42:11</name>
      </trkpt>
      <trkpt lat="35.691211" lon="139.701378">
        <name>42:12</name>
      </trkpt>
      <trkpt lat="35.691241" lon="139.701378">
        <name>42:13</name>
      </trkpt>
      <trkpt lat="35.691297" lon="139.701371">
        <name>42:14</name>
      </trkpt>
      <trkpt lat="35.691319" lon="139.701372">
        <name>42:15</name>
      </trkpt>
      <trkpt lat="35.691339" lon="139.701377">
        <name>42:16</name>
      </trkpt>
      <trkpt lat="35.691351" lon="139.701386">
        <name>42:17</name>
      </trkpt>
      <trkpt lat="35.691366" lon="139.701402">
        <name>42:18</name>
      </trkpt>
      <trkpt lat="35.691378" lon="139.701539">
        <name>42:19</name>
      </trkpt>
      <trkpt lat="35.691384" lon="139.701591">
        <name>42:20</name>
      </trkpt>
      <trkpt lat="35.691479" lon="139.701578">
        <name>42:21</name>
      </trkpt>
      <trkpt lat="35.691752" lon="139.701543">
        <name>42:22</name>
      </trkpt>
      <trkpt lat="35.691770" lon="139.701542">
        <name>42:23</name>
      </trkpt>
      <trkpt lat="35.691791" lon="139.701543">
        <name>42:24</name>
      </trkpt>
      <trkpt lat="35.691819" lon="139.701548">
        <name>42:25</name>
      </trkpt>
      <trkpt lat="35.691841" lon="139.701554">
        <name>42:26</name>
      </trkpt>
      <trkpt lat="35.691860" lon="139.701560">
        <name>42:27</name>
      </trkpt>
      <trkpt lat="35.691889" lon="139.701572">
        <name>42:28</name>
      </trkpt>
      <trkpt lat="35.691909" lon="139.701582">
        <name>42:29</name>
      </trkpt>
      <trkpt lat="35.692090" lon="139.701686">
        <name>42:30</name>
      </trkpt>
      <trkpt lat="35.692133" lon="139.701710">
        <name>42:31</name>
      </trkpt>
      <trkpt lat="35.692228" lon="139.701759">
        <name>42:32</name>
      </trkpt>
      <trkpt lat="35.692251" lon="139.701771">
        <name>42:33</name>
      </trkpt>
      <trkpt lat="35.692281" lon="139.701665">
        <name>42:34</name>
      </trkpt>
      <trkpt lat="35.692292" lon="139.701616">
        <name>42:35</name>
      </trkpt>
      <trkpt lat="35.692428" lon="139.700984">
        <name>42:36</name>
      </trkpt>
      <trkpt lat="35.692439" lon="139.700932">
        <name>42:37</name>
      </trkpt>
      <trkpt lat="35.692461" lon="139.700832">
        <name>42:38</name>
      </trkpt>
      <trkpt lat="35.692472" lon="139.700719">
        <name>42:39</name>
      </trkpt>
      <trkpt lat="35.692484" lon="139.700696">
        <name>42:40</name>
      </trkpt>
      <trkpt lat="35.692498" lon="139.700667">
        <name>42:41</name>
      </trkpt>
      <trkpt lat="35.692518" lon="139.700632">
        <name>42:42</name>
      </trkpt>
      <trkpt lat="35.692544" lon="139.700596">
        <name>42:43</name>
      </trkpt>
      <trkpt lat="35.692581" lon="139.700558">
        <name>42:44</name>
      </trkpt>
      <trkpt lat="35.692627" lon="139.700524">
        <name>42:45</name>
      </trkpt>
      <trkpt lat="35.692665" lon="139.700501">
        <name>42:46</name>
      </trkpt>
      <trkpt lat="35.692705" lon="139.700480">
        <name>42:47</name>
      </trkpt>
      <trkpt lat="35.692847" lon="139.700417">
        <name>42:48</name>
      </trkpt>
      <trkpt lat="35.692877" lon="139.700405">
        <name>42:49</name>
      </trkpt>
      <trkpt lat="35.692923" lon="139.700388">
        <name>42:50</name>
      </trkpt>
      <trkpt lat="35.692973" lon="139.700375">
        <name>42:51</name>
      </trkpt>
      <trkpt lat="35.693228" lon="139.700315">
        <name>42:52</name>
      </trkpt>
      <trkpt lat="35.693271" lon="139.700305">
        <name>42:53</name>
      </trkpt>
      <trkpt lat="35.693339" lon="139.700292">
        <name>42:54</name>
      </trkpt>
      <trkpt lat="35.693390" lon="139.700297">
        <name>42:55</name>
      </trkpt>
      <trkpt lat="35.693436" lon="139.700314">
        <name>42:56</name>
      </trkpt>
      <trkpt lat="35.693492" lon="139.700355">
        <name>42:57</name>
      </trkpt>
      <trkpt lat="35.693554" lon="139.700405">
        <name>42:58</name>
      </trkpt>
      <trkpt lat="35.693543" lon="139.700276">
        <name>42:59</name>
      </trkpt>
      <trkpt lat="35.693536" lon="139.700152">
        <name>43:00</name>
      </trkpt>
      <trkpt lat="35.693591" lon="139.699516">
        <name>43:01</name>
      </trkpt>
      <trkpt lat="35.693591" lon="139.699378">
        <name>43:02</name>
      </trkpt>
      <trkpt lat="35.693573" lon="139.699130">
        <name>43:03</name>
      </trkpt>
      <trkpt lat="35.693411" lon="139.699157">
        <name>43:04</name>
      </trkpt>
      <trkpt lat="35.693365" lon="139.699164">
        <name>43:05</name>
      </trkpt>
      <trkpt lat="35.693198" lon="139.699189">
        <name>43:06</name>
      </trkpt>
      <trkpt lat="35.693017" lon="139.699218">
        <name>43:07</name>
      </trkpt>
      <trkpt lat="35.692759" lon="139.699259">
        <name>43:08</name>
      </trkpt>
      <trkpt lat="35.692704" lon="139.699268">
        <name>43:09</name>
      </trkpt>
      <trkpt lat="35.692695" lon="139.699269">
        <name>43:10</name>
      </trkpt>
      <trkpt lat="35.692689" lon="139.699270">
        <name>43:11</name>
      </trkpt>
      <trkpt lat="35.692634" lon="139.699278">
        <name>43:12</name>
      </trkpt>
      <trkpt lat="35.692290" lon="139.699325">
        <name>43:13</name>
      </trkpt>
      <trkpt lat="35.692264" lon="139.699326">
        <name>43:14</name>
      </trkpt>
      <trkpt lat="35.692241" lon="139.699323">
        <name>43:15</name>
      </trkpt>
      <trkpt lat="35.692210" lon="139.699314">
        <name>43:16</name>
      </trkpt>
      <trkpt lat="35.692175" lon="139.699292">
        <name>43:17</name>
      </trkpt>
      <trkpt lat="35.692175" lon="139.699292">
        <name>43:18</name>
      </trkpt>
      <trkpt lat="35.692175" lon="139.699292">
        <name>43:19</name>
      </trkpt>
      <trkpt lat="35.692154" lon="139.699262">
        <name>43:20</name>
      </trkpt>
      <trkpt lat="35.692130" lon="139.699208">
        <name>43:21</name>
      </trkpt>
      <trkpt lat="35.692119" lon="139.699161">
        <name>43:22</name>
      </trkpt>
      <trkpt lat="35.692114" lon="139.699112">
        <name>43:23</name>
      </trkpt>
      <trkpt lat="35.692114" lon="139.699051">
        <name>43:24</name>
      </trkpt>
      <trkpt lat="35.692143" lon="139.698872">
        <name>43:25</name>
      </trkpt>
      <trkpt lat="35.692195" lon="139.698549">
        <name>43:26</name>
      </trkpt>
      <trkpt lat="35.692221" lon="139.698387">
        <name>43:27</name>
      </trkpt>
      <trkpt lat="35.692238" lon="139.698328">
        <name>43:28</name>
      </trkpt>
      <trkpt lat="35.692260" lon="139.698272">
        <name>43:29</name>
      </trkpt>
      <trkpt lat="35.692268" lon="139.698106">
        <name>43:30</name>
      </trkpt>
      <trkpt lat="35.692917" lon="139.697333">
        <name>43:31</name>
      </trkpt>
      <trkpt lat="35.693055" lon="139.697156">
        <name>43:32</name>
      </trkpt>
      <trkpt lat="35.693089" lon="139.697092">
        <name>43:33</name>
      </trkpt>
      <trkpt lat="35.693131" lon="139.696996">
        <name>43:34</name>
      </trkpt>
      <trkpt lat="35.693205" lon="139.697057">
        <name>43:35</name>
      </trkpt>
      <trkpt lat="35.693266" lon="139.697140">
        <name>43:36</name>
      </trkpt>
      <trkpt lat="35.693332" lon="139.697251">
        <name>43:37</name>
      </trkpt>
      <trkpt lat="35.693468" lon="139.697553">
        <name>43:38</name>
      </trkpt>
      <trkpt lat="35.693545" lon="139.697780">
        <name>43:39</name>
      </trkpt>
      <trkpt lat="35.693634" lon="139.698088">
        <name>43:40</name>
      </trkpt>
      <trkpt lat="35.693665" lon="139.698574">
        <name>43:41</name>
      </trkpt>
      <trkpt lat="35.693683" lon="139.698858">
        <name>43:42</name>
      </trkpt>
      <trkpt lat="35.693687" lon="139.698930">
        <name>43:43</name>
      </trkpt>
      <trkpt lat="35.693700" lon="139.699098">
        <name>43:44</name>
      </trkpt>
      <trkpt lat="35.693675" lon="139.699367">
        <name>43:45</name>
      </trkpt>
      <trkpt lat="35.693605" lon="139.700251">
        <name>43:46</name>
      </trkpt>
      <trkpt lat="35.693602" lon="139.700302">
        <name>43:47</name>
      </trkpt>
      <trkpt lat="35.693589" lon="139.700348">
        <name>43:48</name>
      </trkpt>
      <trkpt lat="35.693571" lon="139.700385">
        <name>43:49</name>
      </trkpt>
      <trkpt lat="35.693554" lon="139.700405">
        <name>43:50</name>
      </trkpt>
      <trkpt lat="35.693489" lon="139.700380">
        <name>43:51</name>
      </trkpt>
      <trkpt lat="35.693438" lon="139.700366">
        <name>43:52</name>
      </trkpt>
      <trkpt lat="35.693391" lon="139.700363">
        <name>43:53</name>
      </trkpt>
      <trkpt lat="35.693350" lon="139.700366">
        <name>43:54</name>
      </trkpt>
      <trkpt lat="35.693281" lon="139.700379">
        <name>43:55</name>
      </trkpt>
      <trkpt lat="35.693186" lon="139.700402">
        <name>43:56</name>
      </trkpt>
      <trkpt lat="35.692956" lon="139.700460">
        <name>43:57</name>
      </trkpt>
      <trkpt lat="35.692926" lon="139.700469">
        <name>43:58</name>
      </trkpt>
      <trkpt lat="35.692898" lon="139.700478">
        <name>43:59</name>
      </trkpt>
      <trkpt lat="35.692866" lon="139.700489">
        <name>44:00</name>
      </trkpt>
      <trkpt lat="35.692758" lon="139.700539">
        <name>44:01</name>
      </trkpt>
      <trkpt lat="35.692718" lon="139.700557">
        <name>44:02</name>
      </trkpt>
      <trkpt lat="35.692681" lon="139.700577">
        <name>44:03</name>
      </trkpt>
      <trkpt lat="35.692645" lon="139.700600">
        <name>44:04</name>
      </trkpt>
      <trkpt lat="35.692612" lon="139.700629">
        <name>44:05</name>
      </trkpt>
      <trkpt lat="35.692586" lon="139.700657">
        <name>44:06</name>
      </trkpt>
      <trkpt lat="35.692562" lon="139.700686">
        <name>44:07</name>
      </trkpt>
      <trkpt lat="35.692549" lon="139.700707">
        <name>44:08</name>
      </trkpt>
      <trkpt lat="35.692539" lon="139.700727">
        <name>44:09</name>
      </trkpt>
      <trkpt lat="35.692527" lon="139.700752">
        <name>44:10</name>
      </trkpt>
      <trkpt lat="35.692461" lon="139.700832">
        <name>44:11</name>
      </trkpt>
      <trkpt lat="35.692439" lon="139.700932">
        <name>44:12</name>
      </trkpt>
      <trkpt lat="35.692428" lon="139.700984">
        <name>44:13</name>
      </trkpt>
      <trkpt lat="35.692292" lon="139.701616">
        <name>44:14</name>
      </trkpt>
      <trkpt lat="35.692281" lon="139.701665">
        <name>44:15</name>
      </trkpt>
      <trkpt lat="35.692251" lon="139.701771">
        <name>44:16</name>
      </trkpt>
      <trkpt lat="35.692228" lon="139.701759">
        <name>44:17</name>
      </trkpt>
      <trkpt lat="35.692133" lon="139.701710">
        <name>44:18</name>
      </trkpt>
      <trkpt lat="35.692090" lon="139.701686">
        <name>44:19</name>
      </trkpt>
      <trkpt lat="35.691909" lon="139.701582">
        <name>44:20</name>
      </trkpt>
      <trkpt lat="35.691889" lon="139.701572">
        <name>44:21</name>
      </trkpt>
      <trkpt lat="35.691860" lon="139.701560">
        <name>44:22</name>
      </trkpt>
      <trkpt lat="35.691841" lon="139.701554">
        <name>44:23</name>
      </trkpt>
      <trkpt lat="35.691819" lon="139.701548">
        <name>44:24</name>
      </trkpt>
      <trkpt lat="35.691791" lon="139.701543">
        <name>44:25</name>
      </trkpt>
      <trkpt lat="35.691770" lon="139.701542">
        <name>44:26</name>
      </trkpt>
      <trkpt lat="35.691752" lon="139.701543">
        <name>44:27</name>
      </trkpt>
      <trkpt lat="35.691479" lon="139.701578">
        <name>44:28</name>
      </trkpt>
      <trkpt lat="35.691384" lon="139.701591">
        <name>44:29</name>
      </trkpt>
      <trkpt lat="35.691358" lon="139.701613">
        <name>44:30</name>
      </trkpt>
      <trkpt lat="35.691289" lon="139.701625">
        <name>44:31</name>
      </trkpt>
      <trkpt lat="35.691251" lon="139.701630">
        <name>44:32</name>
      </trkpt>
      <trkpt lat="35.691206" lon="139.701636">
        <name>44:33</name>
      </trkpt>
      <trkpt lat="35.691141" lon="139.701634">
        <name>44:34</name>
      </trkpt>
      <trkpt lat="35.690963" lon="139.701658">
        <name>44:35</name>
      </trkpt>
      <trkpt lat="35.690904" lon="139.701665">
        <name>44:36</name>
      </trkpt>
      <trkpt lat="35.690862" lon="139.701671">
        <name>44:37</name>
      </trkpt>
      <trkpt lat="35.690838" lon="139.701672">
        <name>44:38</name>
      </trkpt>
      <trkpt lat="35.690817" lon="139.701664">
        <name>44:39</name>
      </trkpt>
      <trkpt lat="35.690791" lon="139.701630">
        <name>44:40</name>
      </trkpt>
      <trkpt lat="35.690721" lon="139.701487">
        <name>44:41</name>
      </trkpt>
      <trkpt lat="35.690703" lon="139.701417">
        <name>44:42</name>
      </trkpt>
      <trkpt lat="35.690697" lon="139.701395">
        <name>44:43</name>
      </trkpt>
      <trkpt lat="35.690686" lon="139.701178">
        <name>44:44</name>
      </trkpt>
      <trkpt lat="35.690665" lon="139.701169">
        <name>44:45</name>
      </trkpt>
      <trkpt lat="35.690491" lon="139.701165">
        <name>44:46</name>
      </trkpt>
      <trkpt lat="35.690491" lon="139.701165">
        <name>44:47</name>
      </trkpt>
      <trkpt lat="35.690381" lon="139.701163">
        <name>44:48</name>
      </trkpt>
      <trkpt lat="35.689742" lon="139.701329">
        <name>44:49</name>
      </trkpt>
      <trkpt lat="35.689710" lon="139.701395">
        <name>44:50</name>
      </trkpt>
      <trkpt lat="35.689718" lon="139.701499">
        <name>44:51</name>
      </trkpt>
      <trkpt lat="35.689761" lon="139.701751">
        <name>44:52</name>
      </trkpt>
      <trkpt lat="35.689780" lon="139.701812">
        <name>44:53</name>
      </trkpt>
      <trkpt lat="35.689800" lon="139.701881">
        <name>44:54</name>
      </trkpt>
      <trkpt lat="35.689765" lon="139.701911">
        <name>44:55</name>
      </trkpt>
      <trkpt lat="35.689730" lon="139.701948">
        <name>44:56</name>
      </trkpt>
      <trkpt lat="35.689689" lon="139.701993">
        <name>44:57</name>
      </trkpt>
      <trkpt lat="35.689588" lon="139.702098">
        <name>44:58</name>
      </trkpt>
      <trkpt lat="35.689603" lon="139.702168">
        <name>44:59</name>
      </trkpt>
      <trkpt lat="35.689708" lon="139.702626">
        <name>45:00</name>
      </trkpt>
      <trkpt lat="35.689795" lon="139.703133">
        <name>45:01</name>
      </trkpt>
      <trkpt lat="35.689811" lon="139.703229">
        <name>45:02</name>
      </trkpt>
      <trkpt lat="35.689769" lon="139.703274">
        <name>45:03</name>
      </trkpt>
      <trkpt lat="35.689749" lon="139.703322">
        <name>45:04</name>
      </trkpt>
      <trkpt lat="35.689741" lon="139.703369">
        <name>45:05</name>
      </trkpt>
      <trkpt lat="35.689735" lon="139.703422">
        <name>45:06</name>
      </trkpt>
      <trkpt lat="35.689766" lon="139.703641">
        <name>45:07</name>
      </trkpt>
      <trkpt lat="35.689802" lon="139.703923">
        <name>45:08</name>
      </trkpt>
      <trkpt lat="35.689811" lon="139.703991">
        <name>45:09</name>
      </trkpt>
      <trkpt lat="35.689825" lon="139.704126">
        <name>45:10</name>
      </trkpt>
      <trkpt lat="35.689982" lon="139.704223">
        <name>45:11</name>
      </trkpt>
      <trkpt lat="35.690320" lon="139.704455">
        <name>45:12</name>
      </trkpt>
      <trkpt lat="35.690461" lon="139.704549">
        <name>45:13</name>
      </trkpt>
      <trkpt lat="35.690741" lon="139.704744">
        <name>45:14</name>
      </trkpt>
      <trkpt lat="35.690884" lon="139.704836">
        <name>45:15</name>
      </trkpt>
      <trkpt lat="35.691052" lon="139.704943">
        <name>45:16</name>
      </trkpt>
      <trkpt lat="35.691354" lon="139.705119">
        <name>45:17</name>
      </trkpt>
      <trkpt lat="35.691536" lon="139.705241">
        <name>45:18</name>
      </trkpt>
      <trkpt lat="35.691766" lon="139.705377">
        <name>45:19</name>
      </trkpt>
      <trkpt lat="35.691810" lon="139.705402">
        <name>45:20</name>
      </trkpt>
      <trkpt lat="35.691872" lon="139.705440">
        <name>45:21</name>
      </trkpt>
      <trkpt lat="35.692197" lon="139.705635">
        <name>45:22</name>
      </trkpt>
      <trkpt lat="35.692245" lon="139.705663">
        <name>45:23</name>
      </trkpt>
      <trkpt lat="35.692388" lon="139.705747">
        <name>45:24</name>
      </trkpt>
      <trkpt lat="35.692430" lon="139.705557">
        <name>45:25</name>
      </trkpt>
      <trkpt lat="35.692441" lon="139.705516">
        <name>45:26</name>
      </trkpt>
      <trkpt lat="35.692452" lon="139.705473">
        <name>45:27</name>
      </trkpt>
      <trkpt lat="35.692534" lon="139.705160">
        <name>45:28</name>
      </trkpt>
      <trkpt lat="35.692708" lon="139.704533">
        <name>45:29</name>
      </trkpt>
      <trkpt lat="35.692778" lon="139.704288">
        <name>45:30</name>
      </trkpt>
      <trkpt lat="35.692836" lon="139.704078">
        <name>45:31</name>
      </trkpt>
      <trkpt lat="35.692931" lon="139.703745">
        <name>45:32</name>
      </trkpt>
      <trkpt lat="35.692950" lon="139.703680">
        <name>45:33</name>
      </trkpt>
      <trkpt lat="35.692997" lon="139.703512">
        <name>45:34</name>
      </trkpt>
      <trkpt lat="35.693021" lon="139.703427">
        <name>45:35</name>
      </trkpt>
      <trkpt lat="35.693141" lon="139.703482">
        <name>45:36</name>
      </trkpt>
      <trkpt lat="35.693246" lon="139.703529">
        <name>45:37</name>
      </trkpt>
      <trkpt lat="35.693315" lon="139.703561">
        <name>45:38</name>
      </trkpt>
      <trkpt lat="35.693462" lon="139.703629">
        <name>45:39</name>
      </trkpt>
      <trkpt lat="35.693540" lon="139.703666">
        <name>45:40</name>
      </trkpt>
      <trkpt lat="35.693897" lon="139.703832">
        <name>45:41</name>
      </trkpt>
      <trkpt lat="35.694197" lon="139.703962">
        <name>45:42</name>
      </trkpt>
      <trkpt lat="35.694863" lon="139.704266">
        <name>45:43</name>
      </trkpt>
      <trkpt lat="35.694973" lon="139.704310">
        <name>45:44</name>
      </trkpt>
      <trkpt lat="35.694975" lon="139.704217">
        <name>45:45</name>
      </trkpt>
      <trkpt lat="35.695011" lon="139.704058">
        <name>45:46</name>
      </trkpt>
      <trkpt lat="35.695038" lon="139.703944">
        <name>45:47</name>
      </trkpt>
      <trkpt lat="35.695098" lon="139.703687">
        <name>45:48</name>
      </trkpt>
      <trkpt lat="35.695124" lon="139.703577">
        <name>45:49</name>
      </trkpt>
      <trkpt lat="35.695166" lon="139.703407">
        <name>45:50</name>
      </trkpt>
      <trkpt lat="35.695183" lon="139.703364">
        <name>45:51</name>
      </trkpt>
      <trkpt lat="35.695220" lon="139.703375">
        <name>45:52</name>
      </trkpt>
      <trkpt lat="35.695290" lon="139.703395">
        <name>45:53</name>
      </trkpt>
      <trkpt lat="35.695508" lon="139.703458">
        <name>45:54</name>
      </trkpt>
      <trkpt lat="35.695508" lon="139.703458">
        <name>45:55</name>
      </trkpt>
      <trkpt lat="35.695640" lon="139.703496">
        <name>45:56</name>
      </trkpt>
      <trkpt lat="35.695961" lon="139.703571">
        <name>45:57</name>
      </trkpt>
      <trkpt lat="35.695845" lon="139.704202">
        <name>45:58</name>
      </trkpt>
      <trkpt lat="35.695797" lon="139.704458">
        <name>45:59</name>
      </trkpt>
      <trkpt lat="35.695785" lon="139.704525">
        <name>46:00</name>
      </trkpt>
      <trkpt lat="35.695037" lon="139.704332">
        <name>46:01</name>
      </trkpt>
      <trkpt lat="35.694973" lon="139.704310">
        <name>46:02</name>
      </trkpt>
      <trkpt lat="35.694863" lon="139.704266">
        <name>46:03</name>
      </trkpt>
      <trkpt lat="35.694197" lon="139.703962">
        <name>46:04</name>
      </trkpt>
      <trkpt lat="35.693897" lon="139.703832">
        <name>46:05</name>
      </trkpt>
      <trkpt lat="35.693540" lon="139.703666">
        <name>46:06</name>
      </trkpt>
      <trkpt lat="35.693462" lon="139.703629">
        <name>46:07</name>
      </trkpt>
      <trkpt lat="35.693315" lon="139.703561">
        <name>46:08</name>
      </trkpt>
      <trkpt lat="35.693246" lon="139.703529">
        <name>46:09</name>
      </trkpt>
      <trkpt lat="35.693141" lon="139.703482">
        <name>46:10</name>
      </trkpt>
      <trkpt lat="35.693021" lon="139.703427">
        <name>46:11</name>
      </trkpt>
      <trkpt lat="35.693054" lon="139.703311">
        <name>46:12</name>
      </trkpt>
      <trkpt lat="35.693066" lon="139.703265">
        <name>46:13</name>
      </trkpt>
      <trkpt lat="35.693196" lon="139.702808">
        <name>46:14</name>
      </trkpt>
      <trkpt lat="35.693224" lon="139.702686">
        <name>46:15</name>
      </trkpt>
      <trkpt lat="35.693290" lon="139.702404">
        <name>46:16</name>
      </trkpt>
      <trkpt lat="35.693308" lon="139.702326">
        <name>46:17</name>
      </trkpt>
      <trkpt lat="35.693326" lon="139.702246">
        <name>46:18</name>
      </trkpt>
      <trkpt lat="35.693453" lon="139.701673">
        <name>46:19</name>
      </trkpt>
      <trkpt lat="35.693473" lon="139.701582">
        <name>46:20</name>
      </trkpt>
      <trkpt lat="35.693493" lon="139.701491">
        <name>46:21</name>
      </trkpt>
      <trkpt lat="35.693518" lon="139.701379">
        <name>46:22</name>
      </trkpt>
      <trkpt lat="35.693528" lon="139.701329">
        <name>46:23</name>
      </trkpt>
      <trkpt lat="35.693598" lon="139.700967">
        <name>46:24</name>
      </trkpt>
      <trkpt lat="35.693609" lon="139.700904">
        <name>46:25</name>
      </trkpt>
      <trkpt lat="35.693618" lon="139.700846">
        <name>46:26</name>
      </trkpt>
      <trkpt lat="35.693624" lon="139.700799">
        <name>46:27</name>
      </trkpt>
      <trkpt lat="35.693625" lon="139.700754">
        <name>46:28</name>
      </trkpt>
      <trkpt lat="35.693624" lon="139.700713">
        <name>46:29</name>
      </trkpt>
      <trkpt lat="35.693619" lon="139.700669">
        <name>46:30</name>
      </trkpt>
      <trkpt lat="35.693600" lon="139.700587">
        <name>46:31</name>
      </trkpt>
      <trkpt lat="35.693554" lon="139.700405">
        <name>46:32</name>
      </trkpt>
      <trkpt lat="35.693489" lon="139.700380">
        <name>46:33</name>
      </trkpt>
      <trkpt lat="35.693438" lon="139.700366">
        <name>46:34</name>
      </trkpt>
      <trkpt lat="35.693391" lon="139.700363">
        <name>46:35</name>
      </trkpt>
      <trkpt lat="35.693350" lon="139.700366">
        <name>46:36</name>
      </trkpt>
      <trkpt lat="35.693281" lon="139.700379">
        <name>46:37</name>
      </trkpt>
      <trkpt lat="35.693186" lon="139.700402">
        <name>46:38</name>
      </trkpt>
      <trkpt lat="35.692956" lon="139.700460">
        <name>46:39</name>
      </trkpt>
      <trkpt lat="35.692926" lon="139.700469">
        <name>46:40</name>
      </trkpt>
      <trkpt lat="35.692898" lon="139.700478">
        <name>46:41</name>
      </trkpt>
      <trkpt lat="35.692866" lon="139.700489">
        <name>46:42</name>
      </trkpt>
      <trkpt lat="35.692758" lon="139.700539">
        <name>46:43</name>
      </trkpt>
      <trkpt lat="35.692718" lon="139.700557">
        <name>46:44</name>
      </trkpt>
      <trkpt lat="35.692681" lon="139.700577">
        <name>46:45</name>
      </trkpt>
      <trkpt lat="35.692645" lon="139.700600">
        <name>46:46</name>
      </trkpt>
      <trkpt lat="35.692612" lon="139.700629">
        <name>46:47</name>
      </trkpt>
      <trkpt lat="35.692586" lon="139.700657">
        <name>46:48</name>
      </trkpt>
      <trkpt lat="35.692562" lon="139.700686">
        <name>46:49</name>
      </trkpt>
      <trkpt lat="35.692549" lon="139.700707">
        <name>46:50</name>
      </trkpt>
      <trkpt lat="35.692539" lon="139.700727">
        <name>46:51</name>
      </trkpt>
      <trkpt lat="35.692527" lon="139.700752">
        <name>46:52</name>
      </trkpt>
      <trkpt lat="35.692461" lon="139.700832">
        <name>46:53</name>
      </trkpt>
      <trkpt lat="35.692439" lon="139.700932">
        <name>46:54</name>
      </trkpt>
      <trkpt lat="35.692428" lon="139.700984">
        <name>46:55</name>
      </trkpt>
      <trkpt lat="35.692292" lon="139.701616">
        <name>46:56</name>
      </trkpt>
      <trkpt lat="35.692281" lon="139.701665">
        <name>46:57</name>
      </trkpt>
      <trkpt lat="35.692251" lon="139.701771">
        <name>46:58</name>
      </trkpt>
      <trkpt lat="35.692228" lon="139.701759">
        <name>46:59</name>
      </trkpt>
      <trkpt lat="35.692133" lon="139.701710">
        <name>47:00</name>
      </trkpt>
      <trkpt lat="35.692090" lon="139.701686">
        <name>47:01</name>
      </trkpt>
      <trkpt lat="35.691909" lon="139.701582">
        <name>47:02</name>
      </trkpt>
      <trkpt lat="35.691889" lon="139.701572">
        <name>47:03</name>
      </trkpt>
      <trkpt lat="35.691860" lon="139.701560">
        <name>47:04</name>
      </trkpt>
      <trkpt lat="35.691841" lon="139.701554">
        <name>47:05</name>
      </trkpt>
      <trkpt lat="35.691819" lon="139.701548">
        <name>47:06</name>
      </trkpt>
      <trkpt lat="35.691791" lon="139.701543">
        <name>47:07</name>
      </trkpt>
      <trkpt lat="35.691770" lon="139.701542">
        <name>47:08</name>
      </trkpt>
      <trkpt lat="35.691752" lon="139.701543">
        <name>47:09</name>
      </trkpt>
      <trkpt lat="35.691479" lon="139.701578">
        <name>47:10</name>
      </trkpt>
      <trkpt lat="35.691384" lon="139.701591">
        <name>47:11</name>
      </trkpt>
      <trkpt lat="35.691358" lon="139.701613">
        <name>47:12</name>
      </trkpt>
      <trkpt lat="35.691289" lon="139.701625">
        <name>47:13</name>
      </trkpt>
      <trkpt lat="35.691251" lon="139.701630">
        <name>47:14</name>
      </trkpt>
      <trkpt lat="35.691206" lon="139.701636">
        <name>47:15</name>
      </trkpt>
      <trkpt lat="35.691141" lon="139.701634">
        <name>47:16</name>
      </trkpt>
      <trkpt lat="35.690963" lon="139.701658">
        <name>47:17</name>
      </trkpt>
      <trkpt lat="35.690904" lon="139.701665">
        <name>47:18</name>
      </trkpt>
      <trkpt lat="35.690862" lon="139.701671">
        <name>47:19</name>
      </trkpt>
      <trkpt lat="35.690838" lon="139.701672">
        <name>47:20</name>
      </trkpt>
      <trkpt lat="35.690817" lon="139.701664">
        <name>47:21</name>
      </trkpt>
      <trkpt lat="35.690791" lon="139.701630">
        <name>47:22</name>
      </trkpt>
      <trkpt lat="35.690721" lon="139.701487">
        <name>47:23</name>
      </trkpt>
      <trkpt lat="35.690703" lon="139.701417">
        <name>47:24</name>
      </trkpt>
      <trkpt lat="35.690697" lon="139.701395">
        <name>47:25</name>
      </trkpt>
      <trkpt lat="35.690686" lon="139.701178">
        <name>47:26</name>
      </trkpt>
      <trkpt lat="35.690665" lon="139.701169">
        <name>47:27</name>
      </trkpt>
      <trkpt lat="35.690381" lon="139.701163">
        <name>47:28</name>
      </trkpt>
      <trkpt lat="35.690109" lon="139.701234">
        <name>47:29</name>
      </trkpt>
      <trkpt lat="35.690109" lon="139.701234">
        <name>47:30</name>
      </trkpt>
      <trkpt lat="35.689742" lon="139.701329">
        <name>47:31</name>
      </trkpt>
      <trkpt lat="35.689710" lon="139.701395">
        <name>47:32</name>
      </trkpt>
      <trkpt lat="35.689718" lon="139.701499">
        <name>47:33</name>
      </trkpt>
      <trkpt lat="35.689761" lon="139.701751">
        <name>47:34</name>
      </trkpt>
      <trkpt lat="35.689780" lon="139.701812">
        <name>47:35</name>
      </trkpt>
      <trkpt lat="35.689800" lon="139.701881">
        <name>47:36</name>
      </trkpt>
      <trkpt lat="35.689765" lon="139.701911">
        <name>47:37</name>
      </trkpt>
      <trkpt lat="35.689730" lon="139.701948">
        <name>47:38</name>
      </trkpt>
      <trkpt lat="35.689707" lon="139.701973">
        <name>47:39</name>
      </trkpt>
      <trkpt lat="35.689707" lon="139.701973">
        <name>47:40</name>
      </trkpt>
      <trkpt lat="35.689690" lon="139.701992">
        <name>47:41</name>
      </trkpt>
      <trkpt lat="35.689690" lon="139.701992">
        <name>47:42</name>
      </trkpt>
      <trkpt lat="35.689689" lon="139.701993">
        <name>47:43</name>
      </trkpt>
      <trkpt lat="35.689672" lon="139.702011">
        <name>47:44</name>
      </trkpt>
      <trkpt lat="35.689672" lon="139.702011">
        <name>47:45</name>
      </trkpt>
      <trkpt lat="35.689654" lon="139.702030">
        <name>47:46</name>
      </trkpt>
      <trkpt lat="35.689654" lon="139.702030">
        <name>47:47</name>
      </trkpt>
      <trkpt lat="35.689635" lon="139.702049">
        <name>47:48</name>
      </trkpt>
      <trkpt lat="35.689635" lon="139.702049">
        <name>47:49</name>
      </trkpt>
      <trkpt lat="35.689588" lon="139.702098">
        <name>47:50</name>
      </trkpt>
      <trkpt lat="35.689603" lon="139.702168">
        <name>47:51</name>
      </trkpt>
      <trkpt lat="35.689708" lon="139.702626">
        <name>47:52</name>
      </trkpt>
      <trkpt lat="35.689795" lon="139.703133">
        <name>47:53</name>
      </trkpt>
      <trkpt lat="35.689811" lon="139.703229">
        <name>47:54</name>
      </trkpt>
      <trkpt lat="35.689769" lon="139.703274">
        <name>47:55</name>
      </trkpt>
      <trkpt lat="35.689749" lon="139.703322">
        <name>47:56</name>
      </trkpt>
      <trkpt lat="35.689741" lon="139.703369">
        <name>47:57</name>
      </trkpt>
      <trkpt lat="35.689735" lon="139.703422">
        <name>47:58</name>
      </trkpt>
      <trkpt lat="35.689766" lon="139.703641">
        <name>47:59</name>
      </trkpt>
      <trkpt lat="35.689802" lon="139.703923">
        <name>48:00</name>
      </trkpt>
      <trkpt lat="35.689811" lon="139.703991">
        <name>48:01</name>
      </trkpt>
      <trkpt lat="35.689825" lon="139.704126">
        <name>48:02</name>
      </trkpt>
      <trkpt lat="35.689982" lon="139.704223">
        <name>48:03</name>
      </trkpt>
      <trkpt lat="35.690320" lon="139.704455">
        <name>48:04</name>
      </trkpt>
      <trkpt lat="35.690461" lon="139.704549">
        <name>48:05</name>
      </trkpt>
      <trkpt lat="35.690741" lon="139.704744">
        <name>48:06</name>
      </trkpt>
      <trkpt lat="35.690884" lon="139.704836">
        <name>48:07</name>
      </trkpt>
      <trkpt lat="35.691052" lon="139.704943">
        <name>48:08</name>
      </trkpt>
      <trkpt lat="35.691354" lon="139.705119">
        <name>48:09</name>
      </trkpt>
      <trkpt lat="35.691536" lon="139.705241">
        <name>48:10</name>
      </trkpt>
      <trkpt lat="35.691766" lon="139.705377">
        <name>48:11</name>
      </trkpt>
      <trkpt lat="35.691810" lon="139.705402">
        <name>48:12</name>
      </trkpt>
      <trkpt lat="35.691872" lon="139.705440">
        <name>48:13</name>
      </trkpt>
      <trkpt lat="35.692197" lon="139.705635">
        <name>48:14</name>
      </trkpt>
      <trkpt lat="35.692245" lon="139.705663">
        <name>48:15</name>
      </trkpt>
      <trkpt lat="35.692388" lon="139.705747">
        <name>48:16</name>
      </trkpt>
      <trkpt lat="35.692430" lon="139.705557">
        <name>48:17</name>
      </trkpt>
      <trkpt lat="35.692441" lon="139.705516">
        <name>48:18</name>
      </trkpt>
      <trkpt lat="35.692452" lon="139.705473">
        <name>48:19</name>
      </trkpt>
      <trkpt lat="35.692534" lon="139.705160">
        <name>48:20</name>
      </trkpt>
      <trkpt lat="35.692708" lon="139.704533">
        <name>48:21</name>
      </trkpt>
      <trkpt lat="35.692778" lon="139.704288">
        <name>48:22</name>
      </trkpt>
      <trkpt lat="35.692836" lon="139.704078">
        <name>48:23</name>
      </trkpt>
      <trkpt lat="35.692931" lon="139.703745">
        <name>48:24</name>
      </trkpt>
      <trkpt lat="35.692950" lon="139.703680">
        <name>48:25</name>
      </trkpt>
      <trkpt lat="35.692997" lon="139.703512">
        <name>48:26</name>
      </trkpt>
      <trkpt lat="35.693021" lon="139.703427">
        <name>48:27</name>
      </trkpt>
      <trkpt lat="35.693141" lon="139.703482">
        <name>48:28</name>
      </trkpt>
      <trkpt lat="35.693246" lon="139.703529">
        <name>48:29</name>
      </trkpt>
      <trkpt lat="35.693315" lon="139.703561">
        <name>48:30</name>
      </trkpt>
      <trkpt lat="35.693462" lon="139.703629">
        <name>48:31</name>
      </trkpt>
      <trkpt lat="35.693540" lon="139.703666">
        <name>48:32</name>
      </trkpt>
      <trkpt lat="35.693897" lon="139.703832">
        <name>48:33</name>
      </trkpt>
      <trkpt lat="35.694197" lon="139.703962">
        <name>48:34</name>
      </trkpt>
      <trkpt lat="35.694863" lon="139.704266">
        <name>48:35</name>
      </trkpt>
      <trkpt lat="35.694973" lon="139.704310">
        <name>48:36</name>
      </trkpt>
      <trkpt lat="35.694975" lon="139.704217">
        <name>48:37</name>
      </trkpt>
      <trkpt lat="35.695011" lon="139.704058">
        <name>48:38</name>
      </trkpt>
      <trkpt lat="35.695038" lon="139.703944">
        <name>48:39</name>
      </trkpt>
      <trkpt lat="35.695098" lon="139.703687">
        <name>48:40</name>
      </trkpt>
      <trkpt lat="35.695124" lon="139.703577">
        <name>48:41</name>
      </trkpt>
      <trkpt lat="35.695166" lon="139.703407">
        <name>48:42</name>
      </trkpt>
      <trkpt lat="35.695183" lon="139.703364">
        <name>48:43</name>
      </trkpt>
      <trkpt lat="35.695220" lon="139.703375">
        <name>48:44</name>
      </trkpt>
      <trkpt lat="35.695290" lon="139.703395">
        <name>48:45</name>
      </trkpt>
      <trkpt lat="35.695508" lon="139.703458">
        <name>48:46</name>
      </trkpt>
      <trkpt lat="35.695508" lon="139.703458">
        <name>48:47</name>
      </trkpt>
      <trkpt lat="35.695290" lon="139.703395">
        <name>48:48</name>
      </trkpt>
      <trkpt lat="35.695220" lon="139.703375">
        <name>48:49</name>
      </trkpt>
      <trkpt lat="35.695183" lon="139.703364">
        <name>48:50</name>
      </trkpt>
      <trkpt lat="35.695261" lon="139.703129">
        <name>48:51</name>
      </trkpt>
      <trkpt lat="35.695231" lon="139.703099">
        <name>48:52</name>
      </trkpt>
      <trkpt lat="35.695209" lon="139.703080">
        <name>48:53</name>
      </trkpt>
      <trkpt lat="35.694596" lon="139.702853">
        <name>48:54</name>
      </trkpt>
      <trkpt lat="35.694639" lon="139.702676">
        <name>48:55</name>
      </trkpt>
      <trkpt lat="35.694669" lon="139.702551">
        <name>48:56</name>
      </trkpt>
      <trkpt lat="35.694721" lon="139.702334">
        <name>48:57</name>
      </trkpt>
      <trkpt lat="35.694737" lon="139.702269">
        <name>48:58</name>
      </trkpt>
      <trkpt lat="35.694782" lon="139.702237">
        <name>48:59</name>
      </trkpt>
      <trkpt lat="35.694853" lon="139.701936">
        <name>49:00</name>
      </trkpt>
      <trkpt lat="35.694876" lon="139.701843">
        <name>49:01</name>
      </trkpt>
      <trkpt lat="35.694971" lon="139.701457">
        <name>49:02</name>
      </trkpt>
      <trkpt lat="35.694926" lon="139.701412">
        <name>49:03</name>
      </trkpt>
      <trkpt lat="35.694916" lon="139.701351">
        <name>49:04</name>
      </trkpt>
      <trkpt lat="35.694969" lon="139.701124">
        <name>49:05</name>
      </trkpt>
      <trkpt lat="35.695052" lon="139.700777">
        <name>49:06</name>
      </trkpt>
      <trkpt lat="35.695140" lon="139.700410">
        <name>49:07</name>
      </trkpt>
      <trkpt lat="35.695493" lon="139.700539">
        <name>49:08</name>
      </trkpt>
      <trkpt lat="35.695503" lon="139.700501">
        <name>49:09</name>
      </trkpt>
      <trkpt lat="35.695503" lon="139.700501">
        <name>49:10</name>
      </trkpt>
      <trkpt lat="35.695564" lon="139.700258">
        <name>49:11</name>
      </trkpt>
      <trkpt lat="35.695538" lon="139.700205">
        <name>49:12</name>
      </trkpt>
      <trkpt lat="35.695160" lon="139.700242">
        <name>49:13</name>
      </trkpt>
      <trkpt lat="35.695008" lon="139.700282">
        <name>49:14</name>
      </trkpt>
      <trkpt lat="35.694950" lon="139.700298">
        <name>49:15</name>
      </trkpt>
      <trkpt lat="35.694904" lon="139.700309">
        <name>49:16</name>
      </trkpt>
      <trkpt lat="35.694747" lon="139.700352">
        <name>49:17</name>
      </trkpt>
      <trkpt lat="35.694686" lon="139.700368">
        <name>49:18</name>
      </trkpt>
      <trkpt lat="35.694549" lon="139.700408">
        <name>49:19</name>
      </trkpt>
      <trkpt lat="35.694105" lon="139.700525">
        <name>49:20</name>
      </trkpt>
      <trkpt lat="35.693973" lon="139.700558">
        <name>49:21</name>
      </trkpt>
      <trkpt lat="35.693802" lon="139.700574">
        <name>49:22</name>
      </trkpt>
      <trkpt lat="35.693803" lon="139.700668">
        <name>49:23</name>
      </trkpt>
      <trkpt lat="35.693796" lon="139.700727">
        <name>49:24</name>
      </trkpt>
      <trkpt lat="35.693765" lon="139.700870">
        <name>49:25</name>
      </trkpt>
      <trkpt lat="35.693751" lon="139.700932">
        <name>49:26</name>
      </trkpt>
      <trkpt lat="35.693739" lon="139.700988">
        <name>49:27</name>
      </trkpt>
      <trkpt lat="35.693670" lon="139.701285">
        <name>49:28</name>
      </trkpt>
      <trkpt lat="35.693652" lon="139.701365">
        <name>49:29</name>
      </trkpt>
      <trkpt lat="35.693624" lon="139.701489">
        <name>49:30</name>
      </trkpt>
      <trkpt lat="35.693615" lon="139.701532">
        <name>49:31</name>
      </trkpt>
      <trkpt lat="35.693466" lon="139.702213">
        <name>49:32</name>
      </trkpt>
      <trkpt lat="35.693447" lon="139.702298">
        <name>49:33</name>
      </trkpt>
      <trkpt lat="35.693431" lon="139.702368">
        <name>49:34</name>
      </trkpt>
      <trkpt lat="35.693334" lon="139.702804">
        <name>49:35</name>
      </trkpt>
      <trkpt lat="35.693193" lon="139.703294">
        <name>49:36</name>
      </trkpt>
      <trkpt lat="35.693174" lon="139.703362">
        <name>49:37</name>
      </trkpt>
      <trkpt lat="35.693141" lon="139.703482">
        <name>49:38</name>
      </trkpt>
      <trkpt lat="35.693246" lon="139.703529">
        <name>49:39</name>
      </trkpt>
      <trkpt lat="35.693315" lon="139.703561">
        <name>49:40</name>
      </trkpt>
      <trkpt lat="35.693462" lon="139.703629">
        <name>49:41</name>
      </trkpt>
      <trkpt lat="35.693540" lon="139.703666">
        <name>49:42</name>
      </trkpt>
      <trkpt lat="35.693750" lon="139.703764">
        <name>49:43</name>
      </trkpt>
      <trkpt lat="35.693750" lon="139.703764">
        <name>49:44</name>
      </trkpt>
      <trkpt lat="35.693540" lon="139.703666">
        <name>49:45</name>
      </trkpt>
      <trkpt lat="35.693462" lon="139.703629">
        <name>49:46</name>
      </trkpt>
      <trkpt lat="35.693315" lon="139.703561">
        <name>49:47</name>
      </trkpt>
      <trkpt lat="35.693246" lon="139.703529">
        <name>49:48</name>
      </trkpt>
      <trkpt lat="35.693141" lon="139.703482">
        <name>49:49</name>
      </trkpt>
      <trkpt lat="35.693072" lon="139.703731">
        <name>49:50</name>
      </trkpt>
      <trkpt lat="35.692837" lon="139.704588">
        <name>49:51</name>
      </trkpt>
      <trkpt lat="35.692597" lon="139.705493">
        <name>49:52</name>
      </trkpt>
      <trkpt lat="35.692587" lon="139.705528">
        <name>49:53</name>
      </trkpt>
      <trkpt lat="35.692577" lon="139.705567">
        <name>49:54</name>
      </trkpt>
      <trkpt lat="35.692565" lon="139.705611">
        <name>49:55</name>
      </trkpt>
      <trkpt lat="35.692510" lon="139.705818">
        <name>49:56</name>
      </trkpt>
      <trkpt lat="35.692490" lon="139.705892">
        <name>49:57</name>
      </trkpt>
      <trkpt lat="35.692461" lon="139.706019">
        <name>49:58</name>
      </trkpt>
      <trkpt lat="35.692319" lon="139.706518">
        <name>49:59</name>
      </trkpt>
      <trkpt lat="35.692289" lon="139.706621">
        <name>50:00</name>
      </trkpt>
      <trkpt lat="35.692257" lon="139.706735">
        <name>50:01</name>
      </trkpt>
      <trkpt lat="35.692202" lon="139.706925">
        <name>50:02</name>
      </trkpt>
      <trkpt lat="35.692155" lon="139.707086">
        <name>50:03</name>
      </trkpt>
      <trkpt lat="35.692028" lon="139.707099">
        <name>50:04</name>
      </trkpt>
      <trkpt lat="35.691887" lon="139.707112">
        <name>50:05</name>
      </trkpt>
      <trkpt lat="35.691666" lon="139.707134">
        <name>50:06</name>
      </trkpt>
      <trkpt lat="35.691515" lon="139.707140">
        <name>50:07</name>
      </trkpt>
      <trkpt lat="35.691283" lon="139.707135">
        <name>50:08</name>
      </trkpt>
      <trkpt lat="35.691081" lon="139.707119">
        <name>50:09</name>
      </trkpt>
      <trkpt lat="35.691029" lon="139.707117">
        <name>50:10</name>
      </trkpt>
      <trkpt lat="35.690933" lon="139.707103">
        <name>50:11</name>
      </trkpt>
      <trkpt lat="35.690786" lon="139.707087">
        <name>50:12</name>
      </trkpt>
      <trkpt lat="35.690766" lon="139.707083">
        <name>50:13</name>
      </trkpt>
      <trkpt lat="35.690746" lon="139.707078">
        <name>50:14</name>
      </trkpt>
      <trkpt lat="35.690612" lon="139.707045">
        <name>50:15</name>
      </trkpt>
      <trkpt lat="35.690454" lon="139.707005">
        <name>50:16</name>
      </trkpt>
      <trkpt lat="35.690333" lon="139.706969">
        <name>50:17</name>
      </trkpt>
      <trkpt lat="35.690167" lon="139.706913">
        <name>50:18</name>
      </trkpt>
      <trkpt lat="35.690123" lon="139.706897">
        <name>50:19</name>
      </trkpt>
      <trkpt lat="35.689968" lon="139.706850">
        <name>50:20</name>
      </trkpt>
      <trkpt lat="35.689798" lon="139.706795">
        <name>50:21</name>
      </trkpt>
      <trkpt lat="35.689667" lon="139.706729">
        <name>50:22</name>
      </trkpt>
      <trkpt lat="35.689588" lon="139.706676">
        <name>50:23</name>
      </trkpt>
      <trkpt lat="35.689498" lon="139.706613">
        <name>50:24</name>
      </trkpt>
      <trkpt lat="35.689453" lon="139.706582">
        <name>50:25</name>
      </trkpt>
      <trkpt lat="35.689362" lon="139.706519">
        <name>50:26</name>
      </trkpt>
      <trkpt lat="35.689228" lon="139.706417">
        <name>50:27</name>
      </trkpt>
      <trkpt lat="35.689279" lon="139.706222">
        <name>50:28</name>
      </trkpt>
      <trkpt lat="35.689299" lon="139.706149">
        <name>50:29</name>
      </trkpt>
      <trkpt lat="35.689316" lon="139.706111">
        <name>50:30</name>
      </trkpt>
      <trkpt lat="35.689334" lon="139.706078">
        <name>50:31</name>
      </trkpt>
      <trkpt lat="35.689395" lon="139.705969">
        <name>50:32</name>
      </trkpt>
      <trkpt lat="35.689455" lon="139.705857">
        <name>50:33</name>
      </trkpt>
      <trkpt lat="35.689521" lon="139.705706">
        <name>50:34</name>
      </trkpt>
      <trkpt lat="35.689573" lon="139.705558">
        <name>50:35</name>
      </trkpt>
      <trkpt lat="35.689613" lon="139.705417">
        <name>50:36</name>
      </trkpt>
      <trkpt lat="35.689644" lon="139.705288">
        <name>50:37</name>
      </trkpt>
      <trkpt lat="35.689664" lon="139.705164">
        <name>50:38</name>
      </trkpt>
      <trkpt lat="35.689682" lon="139.705047">
        <name>50:39</name>
      </trkpt>
      <trkpt lat="35.689682" lon="139.705047">
        <name>50:40</name>
      </trkpt>
      <trkpt lat="35.689718" lon="139.704808">
        <name>50:41</name>
      </trkpt>
      <trkpt lat="35.689745" lon="139.704533">
        <name>50:42</name>
      </trkpt>
      <trkpt lat="35.689733" lon="139.704399">
        <name>50:43</name>
      </trkpt>
      <trkpt lat="35.689725" lon="139.704297">
        <name>50:44</name>
      </trkpt>
      <trkpt lat="35.689711" lon="139.704152">
        <name>50:45</name>
      </trkpt>
      <trkpt lat="35.689703" lon="139.704046">
        <name>50:46</name>
      </trkpt>
      <trkpt lat="35.689692" lon="139.703918">
        <name>50:47</name>
      </trkpt>
      <trkpt lat="35.689678" lon="139.703780">
        <name>50:48</name>
      </trkpt>
      <trkpt lat="35.689623" lon="139.703673">
        <name>50:49</name>
      </trkpt>
      <trkpt lat="35.689581" lon="139.703619">
        <name>50:50</name>
      </trkpt>
      <trkpt lat="35.689566" lon="139.703564">
        <name>50:51</name>
      </trkpt>
      <trkpt lat="35.689500" lon="139.703081">
        <name>50:52</name>
      </trkpt>
      <trkpt lat="35.689436" lon="139.702713">
        <name>50:53</name>
      </trkpt>
      <trkpt lat="35.689329" lon="139.702268">
        <name>50:54</name>
      </trkpt>
      <trkpt lat="35.689332" lon="139.702170">
        <name>50:55</name>
      </trkpt>
      <trkpt lat="35.689588" lon="139.702098">
        <name>50:56</name>
      </trkpt>
      <trkpt lat="35.689689" lon="139.701993">
        <name>50:57</name>
      </trkpt>
      <trkpt lat="35.689730" lon="139.701948">
        <name>50:58</name>
      </trkpt>
      <trkpt lat="35.689765" lon="139.701911">
        <name>50:59</name>
      </trkpt>
      <trkpt lat="35.689800" lon="139.701881">
        <name>51:00</name>
      </trkpt>
      <trkpt lat="35.689831" lon="139.701868">
        <name>51:01</name>
      </trkpt>
      <trkpt lat="35.690666" lon="139.701511">
        <name>51:02</name>
      </trkpt>
      <trkpt lat="35.690721" lon="139.701487">
        <name>51:03</name>
      </trkpt>
      <trkpt lat="35.690703" lon="139.701417">
        <name>51:04</name>
      </trkpt>
      <trkpt lat="35.690697" lon="139.701395">
        <name>51:05</name>
      </trkpt>
      <trkpt lat="35.690686" lon="139.701178">
        <name>51:06</name>
      </trkpt>
      <trkpt lat="35.690665" lon="139.701169">
        <name>51:07</name>
      </trkpt>
      <trkpt lat="35.690665" lon="139.701169">
        <name>51:08</name>
      </trkpt>
      <trkpt lat="35.690665" lon="139.701169">
        <name>51:09</name>
      </trkpt>
      <trkpt lat="35.690381" lon="139.701163">
        <name>51:10</name>
      </trkpt>
      <trkpt lat="35.689742" lon="139.701329">
        <name>51:11</name>
      </trkpt>
      <trkpt lat="35.689710" lon="139.701395">
        <name>51:12</name>
      </trkpt>
      <trkpt lat="35.689718" lon="139.701499">
        <name>51:13</name>
      </trkpt>
      <trkpt lat="35.689761" lon="139.701751">
        <name>51:14</name>
      </trkpt>
      <trkpt lat="35.689780" lon="139.701812">
        <name>51:15</name>
      </trkpt>
      <trkpt lat="35.689800" lon="139.701881">
        <name>51:16</name>
      </trkpt>
      <trkpt lat="35.689765" lon="139.701911">
        <name>51:17</name>
      </trkpt>
      <trkpt lat="35.689730" lon="139.701948">
        <name>51:18</name>
      </trkpt>
      <trkpt lat="35.689689" lon="139.701993">
        <name>51:19</name>
      </trkpt>
      <trkpt lat="35.689588" lon="139.702098">
        <name>51:20</name>
      </trkpt>
      <trkpt lat="35.689603" lon="139.702168">
        <name>51:21</name>
      </trkpt>
      <trkpt lat="35.689708" lon="139.702626">
        <name>51:22</name>
      </trkpt>
      <trkpt lat="35.689795" lon="139.703133">
        <name>51:23</name>
      </trkpt>
      <trkpt lat="35.689811" lon="139.703229">
        <name>51:24</name>
      </trkpt>
      <trkpt lat="35.689769" lon="139.703274">
        <name>51:25</name>
      </trkpt>
      <trkpt lat="35.689749" lon="139.703322">
        <name>51:26</name>
      </trkpt>
      <trkpt lat="35.689741" lon="139.703369">
        <name>51:27</name>
      </trkpt>
      <trkpt lat="35.689735" lon="139.703422">
        <name>51:28</name>
      </trkpt>
      <trkpt lat="35.689766" lon="139.703641">
        <name>51:29</name>
      </trkpt>
      <trkpt lat="35.689802" lon="139.703923">
        <name>51:30</name>
      </trkpt>
      <trkpt lat="35.689811" lon="139.703991">
        <name>51:31</name>
      </trkpt>
      <trkpt lat="35.689825" lon="139.704126">
        <name>51:32</name>
      </trkpt>
      <trkpt lat="35.689982" lon="139.704223">
        <name>51:33</name>
      </trkpt>
      <trkpt lat="35.690320" lon="139.704455">
        <name>51:34</name>
      </trkpt>
      <trkpt lat="35.690461" lon="139.704549">
        <name>51:35</name>
      </trkpt>
      <trkpt lat="35.690741" lon="139.704744">
        <name>51:36</name>
      </trkpt>
      <trkpt lat="35.690884" lon="139.704836">
        <name>51:37</name>
      </trkpt>
      <trkpt lat="35.691052" lon="139.704943">
        <name>51:38</name>
      </trkpt>
      <trkpt lat="35.691354" lon="139.705119">
        <name>51:39</name>
      </trkpt>
      <trkpt lat="35.691536" lon="139.705241">
        <name>51:40</name>
      </trkpt>
      <trkpt lat="35.691766" lon="139.705377">
        <name>51:41</name>
      </trkpt>
      <trkpt lat="35.691810" lon="139.705402">
        <name>51:42</name>
      </trkpt>
      <trkpt lat="35.691872" lon="139.705440">
        <name>51:43</name>
      </trkpt>
      <trkpt lat="35.692197" lon="139.705635">
        <name>51:44</name>
      </trkpt>
      <trkpt lat="35.692245" lon="139.705663">
        <name>51:45</name>
      </trkpt>
      <trkpt lat="35.692388" lon="139.705747">
        <name>51:46</name>
      </trkpt>
      <trkpt lat="35.692430" lon="139.705557">
        <name>51:47</name>
      </trkpt>
      <trkpt lat="35.692441" lon="139.705516">
        <name>51:48</name>
      </trkpt>
      <trkpt lat="35.692452" lon="139.705473">
        <name>51:49</name>
      </trkpt>
      <trkpt lat="35.692534" lon="139.705160">
        <name>51:50</name>
      </trkpt>
      <trkpt lat="35.692708" lon="139.704533">
        <name>51:51</name>
      </trkpt>
      <trkpt lat="35.692778" lon="139.704288">
        <name>51:52</name>
      </trkpt>
      <trkpt lat="35.692836" lon="139.704078">
        <name>51:53</name>
      </trkpt>
      <trkpt lat="35.692931" lon="139.703745">
        <name>51:54</name>
      </trkpt>
      <trkpt lat="35.692950" lon="139.703680">
        <name>51:55</name>
      </trkpt>
      <trkpt lat="35.692997" lon="139.703512">
        <name>51:56</name>
      </trkpt>
      <trkpt lat="35.693021" lon="139.703427">
        <name>51:57</name>
      </trkpt>
      <trkpt lat="35.693141" lon="139.703482">
        <name>51:58</name>
      </trkpt>
      <trkpt lat="35.693246" lon="139.703529">
        <name>51:59</name>
      </trkpt>
      <trkpt lat="35.693315" lon="139.703561">
        <name>52:00</name>
      </trkpt>
      <trkpt lat="35.693462" lon="139.703629">
        <name>52:01</name>
      </trkpt>
      <trkpt lat="35.693540" lon="139.703666">
        <name>52:02</name>
      </trkpt>
      <trkpt lat="35.693750" lon="139.703764">
        <name>52:03</name>
      </trkpt>
      <trkpt lat="35.693750" lon="139.703764">
        <name>52:04</name>
      </trkpt>
      <trkpt lat="35.693540" lon="139.703666">
        <name>52:05</name>
      </trkpt>
      <trkpt lat="35.693462" lon="139.703629">
        <name>52:06</name>
      </trkpt>
      <trkpt lat="35.693315" lon="139.703561">
        <name>52:07</name>
      </trkpt>
      <trkpt lat="35.693246" lon="139.703529">
        <name>52:08</name>
      </trkpt>
      <trkpt lat="35.693141" lon="139.703482">
        <name>52:09</name>
      </trkpt>
      <trkpt lat="35.693072" lon="139.703731">
        <name>52:10</name>
      </trkpt>
      <trkpt lat="35.692837" lon="139.704588">
        <name>52:11</name>
      </trkpt>
      <trkpt lat="35.692597" lon="139.705493">
        <name>52:12</name>
      </trkpt>
      <trkpt lat="35.692587" lon="139.705528">
        <name>52:13</name>
      </trkpt>
      <trkpt lat="35.692577" lon="139.705567">
        <name>52:14</name>
      </trkpt>
      <trkpt lat="35.692565" lon="139.705611">
        <name>52:15</name>
      </trkpt>
      <trkpt lat="35.692510" lon="139.705818">
        <name>52:16</name>
      </trkpt>
      <trkpt lat="35.692490" lon="139.705892">
        <name>52:17</name>
      </trkpt>
      <trkpt lat="35.692371" lon="139.705823">
        <name>52:18</name>
      </trkpt>
      <trkpt lat="35.692221" lon="139.705735">
        <name>52:19</name>
      </trkpt>
      <trkpt lat="35.691893" lon="139.705539">
        <name>52:20</name>
      </trkpt>
      <trkpt lat="35.691832" lon="139.705503">
        <name>52:21</name>
      </trkpt>
      <trkpt lat="35.691769" lon="139.705465">
        <name>52:22</name>
      </trkpt>
      <trkpt lat="35.691498" lon="139.705306">
        <name>52:23</name>
      </trkpt>
      <trkpt lat="35.691326" lon="139.705192">
        <name>52:24</name>
      </trkpt>
      <trkpt lat="35.691188" lon="139.705110">
        <name>52:25</name>
      </trkpt>
      <trkpt lat="35.691024" lon="139.705014">
        <name>52:26</name>
      </trkpt>
      <trkpt lat="35.690851" lon="139.704908">
        <name>52:27</name>
      </trkpt>
      <trkpt lat="35.690708" lon="139.704813">
        <name>52:28</name>
      </trkpt>
      <trkpt lat="35.690504" lon="139.704680">
        <name>52:29</name>
      </trkpt>
      <trkpt lat="35.690291" lon="139.704530">
        <name>52:30</name>
      </trkpt>
      <trkpt lat="35.690095" lon="139.704398">
        <name>52:31</name>
      </trkpt>
      <trkpt lat="35.690001" lon="139.704335">
        <name>52:32</name>
      </trkpt>
      <trkpt lat="35.689838" lon="139.704233">
        <name>52:33</name>
      </trkpt>
      <trkpt lat="35.689711" lon="139.704152">
        <name>52:34</name>
      </trkpt>
      <trkpt lat="35.689703" lon="139.704046">
        <name>52:35</name>
      </trkpt>
      <trkpt lat="35.689692" lon="139.703918">
        <name>52:36</name>
      </trkpt>
      <trkpt lat="35.689678" lon="139.703780">
        <name>52:37</name>
      </trkpt>
      <trkpt lat="35.689652" lon="139.703560">
        <name>52:38</name>
      </trkpt>
      <trkpt lat="35.689610" lon="139.703204">
        <name>52:39</name>
      </trkpt>
      <trkpt lat="35.689560" lon="139.702903">
        <name>52:40</name>
      </trkpt>
      <trkpt lat="35.689468" lon="139.702470">
        <name>52:41</name>
      </trkpt>
      <trkpt lat="35.689393" lon="139.702172">
        <name>52:42</name>
      </trkpt>
      <trkpt lat="35.689353" lon="139.702011">
        <name>52:43</name>
      </trkpt>
      <trkpt lat="35.689324" lon="139.701907">
        <name>52:44</name>
      </trkpt>
      <trkpt lat="35.689215" lon="139.701495">
        <name>52:45</name>
      </trkpt>
      <trkpt lat="35.689145" lon="139.701172">
        <name>52:46</name>
      </trkpt>
      <trkpt lat="35.689021" lon="139.700488">
        <name>52:47</name>
      </trkpt>
      <trkpt lat="35.688951" lon="139.700117">
        <name>52:48</name>
      </trkpt>
      <trkpt lat="35.688912" lon="139.699956">
        <name>52:49</name>
      </trkpt>
      <trkpt lat="35.688867" lon="139.699791">
        <name>52:50</name>
      </trkpt>
      <trkpt lat="35.688812" lon="139.699641">
        <name>52:51</name>
      </trkpt>
      <trkpt lat="35.688749" lon="139.699480">
        <name>52:52</name>
      </trkpt>
      <trkpt lat="35.688665" lon="139.699297">
        <name>52:53</name>
      </trkpt>
      <trkpt lat="35.688625" lon="139.699210">
        <name>52:54</name>
      </trkpt>
      <trkpt lat="35.688541" lon="139.698988">
        <name>52:55</name>
      </trkpt>
      <trkpt lat="35.688652" lon="139.698941">
        <name>52:56</name>
      </trkpt>
      <trkpt lat="35.688746" lon="139.699185">
        <name>52:57</name>
      </trkpt>
      <trkpt lat="35.688824" lon="139.699378">
        <name>52:58</name>
      </trkpt>
      <trkpt lat="35.688907" lon="139.699587">
        <name>52:59</name>
      </trkpt>
      <trkpt lat="35.688954" lon="139.699717">
        <name>53:00</name>
      </trkpt>
      <trkpt lat="35.689015" lon="139.699929">
        <name>53:01</name>
      </trkpt>
      <trkpt lat="35.689053" lon="139.700090">
        <name>53:02</name>
      </trkpt>
      <trkpt lat="35.689092" lon="139.700283">
        <name>53:03</name>
      </trkpt>
      <trkpt lat="35.689160" lon="139.700651">
        <name>53:04</name>
      </trkpt>
    </trkseg>
  </trk>
</gpx>