timestamp,offset_segundos,usuario,nome,sentimento,confianca,comentario
0:38,38,lucasduvi,lucasduvi,neutro,1.0,opa voltou
0:42,42,stilvox,Stilvox,neutro,1.0,Ih alá
0:51,51,nando_wk,nando_wk,neutro,1.0,ih
0:56,56,pedro_9753,pedro_9753,neutro,1.0,ja ta de volta
1:02,62,wesleyp2p,wesleyp2p,neutro,1.0,Opa
1:03,63,ilusaokj,ilusaokj,neutro,1.0,É nada
1:04,64,master_zk,master_zk,neutro,1.0,ih
1:06,66,kkgoji,kkgoji,neutro,1.0,cade ele
1:06,66,psyfoxxx,PsyFoxxx,confuso,1.0,ué
1:08,68,ykennyz,yKennyz,neutro,1.0,Ih ala
1:09,69,mantobr,MANTOBR,positivo,1.0,Boa tarde
1:09,69,vitunaoki,vitunaoki,neutro,1.0,Finalmente
1:10,70,c2history1,c2history1,confuso,1.0,a yakuza ja te deportou?
1:10,70,hiena2000,hiena2000,neutro,1.0,Maluco já voltou
1:10,70,domzera7,domzera7,positivo,1.0,salve cachorro do mangue
1:11,71,streamerclt,streamerCLT,neutro,1.0,Ah pronto
1:12,72,cay_rodrigues,cay_Rodrigues,confuso,1.0,ué
1:13,73,mantobr,MANTOBR,neutro,1.0,Uhulllll
1:13,73,azariellk,azariellk,neutro,1.0,cade a tela
1:14,74,bisnaguito_san,bisnaguito_san,confuso,1.0,"Opa, live do bakagaijones?"
1:15,75,dmelosh,dmelosh,neutro,1.0,Aoba
1:17,77,riperoso,Riperoso,neutro,1.0,Foi so soltar um barro
1:17,77,sir_wonka0,sir_wonka0,confuso,1.0,Live em SP?KAAKAKKAKA
1:17,77,mantobr,MANTOBR,neutro,1.0,Livr do baka
1:20,80,kthyosu,kthyosu,neutro,1.0,opa
1:21,81,paganoz,paganoz,neutro,1.0,Opa
1:22,82,garota_bad,garota_bad,confuso,1.0,e esse título?
1:23,83,roqueditz,roqueditz,confuso,1.0,Sao Paulo? Vish paia
1:24,84,lana_tomioka,lana_tomioka,neutro,1.0,Já voltou baka
1:25,85,kuurakimo,kuurakimo,neutro,1.0,já levaram tudo
1:28,88,julianosniperr,julianosniperr,positivo,1.0,Salve Cambada
1:30,90,kiialk,kiialk,neutro,1.0,OI
1:31,91,allanolv_,allanolv_,confuso,1.0,Já voltou e virou estatística ?
1:34,94,marryros098,marryros098,neutro,1.0,Ele fez de  novooooo o cara é crack
1:34,94,deonehzio,DeoNehzio,neutro,1.0,03 da manhã em shibuya
1:35,95,vitunaoki,vitunaoki,neutro,1.0,Que horas e agr em Manaus
1:36,96,domzera7,domzera7,neutro,1.0,volta pra yakuza
1:36,96,marteeww,marteeww,neutro,1.0,ops
1:36,96,mateusrangel0,mateusrangel0,neutro,1.0,ja sinto falta das lives niponicas
1:37,97,gunterfp5,gunterFP5,confuso,1.0,ja levaram tudo?
1:37,97,raphaels15,raphaels15,confuso,1.0,Já foi deportado?
1:37,97,dudul3gend,dudul3gend,engraçado,1.0,"Acabou a Live, perdeu playboy kkkk"
1:39,99,riperoso,Riperoso,neutro,1.0,Mal
1:40,100,akenzyszn,AkenzySZN,neutro,1.0,opa
1:40,100,hiena2000,hiena2000,neutro,1.0,N sobrou nada
1:42,102,artuurbr21,artuurbr21,positivo,0.5,Guys para quem não sabe a tela preta é São Paulo já obrigado pela atenção
1:42,102,entreoutrosai,EntreOutrosAi,neutro,1.0,10 segundos d live e ja foi assaltado
1:43,103,coutin_0777,coutin_0777,confuso,1.0,uia?
1:43,103,rafadesa80,rafadesa80,neutro,1.0,"Volta pro Japão, Gaijin!"
1:45,105,eduuh006,eduuh006,neutro,1.0,Sanpaulu - Japão 📍
1:45,105,julianosniperr,julianosniperr,neutro,1.0,Tá de noite no Japão
1:45,105,sir_wonka0,sir_wonka0,neutro,1.0,"Ja era,baka virou estatística"
1:51,111,riperoso,Riperoso,neutro,1.0,Mal voltou e ja se foi o magrelim
1:51,111,garota_bad,garota_bad,neutro,1.0,roubaram meu mano Baka
1:53,113,ybannz_,ybannz_,engraçado,1.0,kkkkkkk virou estatistica
1:56,116,bhcbmds_0,bhcbmds_0,neutro,1.0,UEEEEEEEPAAAAAAAA BKGJ TÁ ON
1:56,116,arnaldo2234,arnaldo2234,engraçado,1.0,Ja roubaram o baka kkkkkk
1:57,117,gunterfp5,gunterFP5,confuso,1.0,trouxe a julinha?
1:58,118,kev1nog,kev1nog,positivo,1.0,Salve Baka gadinho
1:59,119,psyfoxxx,PsyFoxxx,engraçado,0.5,ninguém em sã consciência volta para São Paulo por vontade própria
1:59,119,guilhermesl45,guilhermesl45,neutro,1.0,Infelizmente já rodou
2:01,121,karasu2024,karasu2024,engraçado,1.0,Tava pensando no cara agorinha mesmo
2:03,123,mestreee_404,Mestreee_404,engraçado,1.0,Mestreee_404 subscribed at Tier 1. They've subscribed for 51 months!
2:04,124,radro527,radro527,confuso,1.0,Já virou estatística?
2:06,126,genki_27,genki_27,engraçado,1.0,Cara já perdeu o celular família F
2:06,126,marryros098,marryros098,confuso,1.0,Cadeee será que ele voltou pro Brasil
2:07,127,sir_wonka0,sir_wonka0,neutro,1.0,Roubaram a câmera do meno akakakakka
2:07,127,niuz_pv,Niuz_pv,neutro,1.0,aaaaaaaa
2:09,129,ybannz_,ybannz_,neutro,1.0,ta fazendo speedrun ne
2:12,132,karasu2024,karasu2024,positivo,1.0,Cheer1 Cheer1 Cheer1
2:13,133,hiena2000,hiena2000,neutro,1.0,@artuurbr21  bem que tava bem familiar
2:14,134,kev1nog,kev1nog,neutro,1.0,Foi de F
2:16,136,streamerclt,streamerCLT,confuso,1.0,Lançaram o sexo 3?
2:17,137,marryros098,marryros098,neutro,1.0,Huhuuuuu
2:17,137,sir_wonka0,sir_wonka0,neutro,1.0,AEEEEEEEEE
2:18,138,vitunaoki,vitunaoki,neutro,1.0,Poético
2:20,140,cafezkkj,cafezkkj,neutro,1.0,Virou saudade
2:20,140,allanolv_,allanolv_,neutro,1.0,Vira estatística não Baka carai
2:20,140,domzera7,domzera7,engraçado,1.0,a olha isso kkkkkF
2:20,140,coutin_0777,coutin_0777,neutro,1.0,Japão Liberdade - São Paulo 📍
2:21,141,lana_tomioka,lana_tomioka,neutro,1.0,Já foi roubado sksksksks
2:24,144,licht_zayy,licht_zayy,neutro,1.0,“live em sp”  vai vendo o clickbait
2:24,144,pisaoficial,PisaOficial,neutro,1.0,databaseMhm
2:29,149,kev1nog,kev1nog,neutro,1.0,Olha aí
2:31,151,felipexlr,FelipeXLR,engraçado,1.0,FelipeXLR subscribed with Prime.
2:31,151,undzbr,UndzBr,engraçado,1.0,Música do cine prive
2:33,153,ybannz_,ybannz_,neutro,1.0,"nao tem como joga mt, foi record mundial ai"
2:43,163,kadetesan,kadetesan,engraçado,1.0,kadetesan subscribed with Prime. They've subscribed for 3 months!
2:51,171,nikomarx,Nikomarx,neutro,1.0,Ja foi de base:
2:52,172,domzera7,domzera7,neutro,1.0,"live test sp, do nada aparece no japao no beco"
2:55,175,rafadesa80,rafadesa80,confuso,1.0,Oxi... virou ministro do supremo? Vai pro Japão de manhã e volta a noite?
2:59,179,suprem696969,suprem696969,neutro,1.0,baka deve ter gravado video pra ate 2028 la no japao
3:04,184,johnnyraziel666,johnnyraziel666,positivo,1.0,salve Baka
3:06,186,lucks180,lucks180,neutro,1.0,ola
3:07,187,licht_zayy,licht_zayy,confuso,1.0,Mas hoje rola termo né? Kk
3:12,192,bisnaguito_san,bisnaguito_san,neutro,1.0,Caballo homosexual de Las montanas
3:14,194,hiena2000,hiena2000,neutro,1.0,Baka tem jatinho
3:14,194,eduuh006,eduuh006,confuso,1.0,SP é o nome de um bairro em tokyo?
3:16,196,souldih,Souldih,engraçado,1.0,As aventuras de Emanuelly JinxLUL
3:26,206,hiena2000,hiena2000,confuso,1.0,São Paulo San?
3:26,206,allanolv_,allanolv_,confuso,1.0,Baka voltou pra votar ?
3:30,210,bhcbmds_0,bhcbmds_0,neutro,1.0,"Live mó dhr, Baka tá diferente"
3:30,210,ryanvallenn,ryanvallenn,neutro,1.0,fez 3 dias de live lá esse safado
3:36,216,genki_27,genki_27,engraçado,0.5,"Primeira live que eu abro desde que ele voltou, pra que hrs fica o punhetasso família?"
3:39,219,karasu2024,karasu2024,neutro,1.0,HiHand HiHand
3:42,222,helsefille,HelseFille,engraçado,1.0,"Baka perde tudo após a proibição das bets e vai viver de aluguel no interior de São Paulo, veja como ele se encontra"
3:56,236,julianosniperr,julianosniperr,neutro,1.0,Adoro essa música
3:57,237,streamerclt,streamerCLT,neutro,1.0,Ta marcado pras 16h
3:59,239,iksicarius,iksicarius,neutro,1.0,baka volta pro japao e aposta lá
4:01,241,mateusrangel0,mateusrangel0,positivo,1.0,bom dia bom dia bom dia
4:03,243,dmelosh,dmelosh,neutro,1.0,AEEEEE
4:04,244,lana_tomioka,lana_tomioka,positivo,1.0,Bom dia
4:04,244,bisnaguito_san,bisnaguito_san,positivo,1.0,Bom dia
4:04,244,hiena2000,hiena2000,neutro,1.0,@HelseFille  ele tá morando aqui em Itu
4:04,244,daikii_zzz,daikii_zzz,positivo,1.0,Bomdiaa
4:05,245,rafadesa80,rafadesa80,neutro,1.0,Esse cavalo tá constipado
4:06,246,anime__react,anime__react,positivo,0.5,Vai dar bom dia?
4:06,246,karasu2024,karasu2024,positivo,1.0,"Boa tarde, né"
4:06,246,marryros098,marryros098,neutro,1.0,CoolCat CoolCat CoolCat CoolCat
4:09,249,nikomarx,Nikomarx,positivo,1.0,bom dia
4:09,249,anselm000,anselm000,neutro,1.0,<3
4:09,249,dekbdue,dekbdue,positivo,1.0,bom dia bom dia
4:10,250,wesleyp2p,wesleyp2p,positivo,1.0,Bom dia
4:10,250,sir_wonka0,sir_wonka0,neutro,1.0,Akakakakakakaka
4:12,252,rickppmpc,rickppmpc,neutro,1.0,Opa
4:12,252,anime__react,anime__react,positivo,1.0,Bom dia
4:13,253,arnaldo2234,arnaldo2234,confuso,1.0,Outra live rerun??
4:14,254,genki_27,genki_27,positivo,1.0,"Perfeito, 16h é hora!"
4:15,255,0poaishu,0poaishu,neutro,1.0,é tarde
4:16,256,pogsnow,PogSnow,neutro,1.0,Amem
4:19,259,megapham,megapham,positivo,1.0,bom dia
4:19,259,kthyosu,kthyosu,positivo,1.0,bom dja
4:20,260,lielxhunternct,LielXHunterNCT,positivo,1.0,Bom dia
4:23,263,lazarus_7z,Lazarus_7z,neutro,1.0,hobbJam
4:24,264,bhcbmds_0,bhcbmds_0,neutro,1.0,"Foi só as bets acabarem q ele voltou. No mínimo, suspeito"
4:27,267,domzera7,domzera7,neutro,1.0,Bumdia
4:33,273,marryros098,marryros098,neutro,1.0,PewPewPew PewPewPew PewPewPew PewPewPew
4:34,274,garota_bad,garota_bad,engraçado,1.0,pega o molejo do passarinho
4:40,280,lfs_lum,lfs_lum,neutro,1.0,Sp credo
4:40,280,rafadesa80,rafadesa80,neutro,1.0,Ih colocou o vídeo da pomba rola
4:42,282,coutin_0777,coutin_0777,confuso,1.0,São Paulo é o nome do beco em kyoto?
4:48,288,marie_bsts,Marie_Bsts,neutro,1.0,DinoDance DinoDance DinoDance DinoDance DinoDance DinoDance
4:48,288,hiena2000,hiena2000,neutro,1.0,alanzFine
4:50,290,mariposa_alada,Mariposa_Alada,neutro,1.0,DinoDance DinoDance DinoDance
4:55,295,lana_tomioka,lana_tomioka,positivo,1.0,BOM dia
4:56,296,uhh_carol,uhh_carol,neutro,1.0,O betinha
5:00,300,marryros098,marryros098,neutro,1.0,TwitchConHYPE TwitchConHYPE TwitchConHYPE TwitchConHYPE TwitchConHYPE
5:02,302,a_palavra_cabalistica_eh,凹凸凹凸凹凸凹凸凹凸凹,neutro,1.0,deve ter sido assaltado já coitado
5:10,310,bhcbmds_0,bhcbmds_0,neutro,1.0,"O cr tava ontem no Jaaj. Tmlc, tá teleportando"
5:16,316,hiena2000,hiena2000,neutro,1.0,São Paulo e uma casa de banho em Osaka
5:17,317,wesleyp2p,wesleyp2p,engraçado,1.0,@凹凸凹凸凹凸凹凸凹凸凹 KKKKKKKK
5:17,317,licht_zayy,licht_zayy,neutro,1.0,Foi deportado
5:20,320,anime__react,anime__react,neutro,1.0,TPFufun
5:20,320,jeanpalma_s,JeanPalma_S,neutro,1.0,TwitchConHYPE
5:20,320,r3nannnn,r3nannnn,neutro,1.0,KonCha
5:21,321,johnnyraziel666,johnnyraziel666,positivo,1.0,Boa tarde Baka
5:24,324,esqueto48,esqueto48,neutro,1.0,Bundinha pra todos
5:26,326,esfiha_de_queijo,esfiha_de_queijo,neutro,1.0,Já pegou trânsito ctz
5:26,326,viniciusplash,viniciusplash,neutro,1.0,O cara não para quieto
5:26,326,xurig,xurig,neutro,1.0,DinoDance DinoDance DinoDance
5:30,330,psyfoxxx,PsyFoxxx,positivo,1.0,bom dia que o pau na mesa
5:32,332,rafadesa80,rafadesa80,neutro,1.0,rafadesa80 watched 3 consecutive streams and sparked a watch streak!
5:33,333,marryros098,marryros098,neutro,1.0,DinoDance DinoDance DinoDance DinoDance DinoDance
5:36,336,cafezkkj,cafezkkj,neutro,1.0,Usando Fly hack
5:37,337,anime__react,anime__react,neutro,1.0,Squid1 Squid2 Squid3 Squid4
5:40,340,dxsanimando,dxsanimando,positivo,1.0,Bom dia
5:40,340,daikii_zzz,daikii_zzz,neutro,1.0,Já viro estampa de camisa essas hora
5:41,341,undzbr,UndzBr,neutro,1.0,afefiJamal
5:52,352,lana_tomioka,lana_tomioka,neutro,1.0,lana_tomioka watched 5 consecutive streams and sparked a watch streak! Eita
5:56,356,itskaue,itskaue,positivo,1.0,bom dia.
5:57,357,lucasduvi,lucasduvi,positivo,1.0,bakagaPikagasm
5:57,357,comocudemoderadorebaka,comocudemoderadorebaka,neutro,1.0,Começa corno
6:02,362,ykennyz,yKennyz,positivo,1.0,bom dia
6:04,364,mariposa_alada,Mariposa_Alada,confuso,1.0,Vai ficar em loop?
6:06,366,jose_lucas249,jose_lucas249,neutro,1.0,Live do baka jogando futebol na quebrada
6:08,368,karasu2024,karasu2024,engraçado,0.667,Vamos ver se a bateria do meu celular vai aguentar
6:09,369,ryanvallenn,ryanvallenn,neutro,1.0,"Vcs não entenderam, o baka usou fly com o pokémon dele pra voltar pra SP"
6:09,369,dgdede,dgdede,positivo,1.0,Bom dia 3x
6:11,371,streamerclt,streamerCLT,neutro,1.0,Apenas comece
6:13,373,hiena2000,hiena2000,neutro,1.0,Trem bala do Japão e rápido msm já tá em São Paulo
6:16,376,ghxstxk_,ghxstxk_,neutro,1.0,Quando vc quiser poha
6:17,377,pisaoficial,PisaOficial,neutro,1.0,databaseDance
6:18,378,coutin_0777,coutin_0777,neutro,1.0,Em menos de cinco minutos em São Paulo já virou estatística o bichinho
6:18,378,licht_zayy,licht_zayy,neutro,1.0,DinoDance DinoDance
6:18,378,sousply,sousply,positivo,1.0,bom dia
6:18,378,jettasz,jettasz,neutro,1.0,ja virou estatistica
6:18,378,julianosniperr,julianosniperr,positivo,1.0,Bom dia
6:19,379,anime__react,anime__react,neutro,1.0,OSFrog OSFrog OSFrog OSFrog OSFrog
6:21,381,r0drin,r0drin,neutro,1.0,Ô caba que viaja
6:22,382,streamerclt,streamerCLT,neutro,1.0,Bata ponto
6:22,382,kodarke,kodarke,neutro,1.0,Vai fazer live agora que proibiram as bets né safado
6:23,383,333_liam,333_liam,neutro,1.0,Estou enlouquecendo
6:26,386,lfs_lum,lfs_lum,engraçado,1.0,Só começa amanhã LUL
6:26,386,edsiiin,edsiiin,neutro,1.0,DinoDance DinoDance DinoDance DinoDance DinoDance DinoDance
6:26,386,kisekiih,kisekiih,neutro,1.0,kisekiih watched 5 consecutive streams and sparked a watch streak!
6:27,387,passarobllue,passarobllue,neutro,1.0,Já pode encerrar a live
6:33,393,rafadesa80,rafadesa80,engraçado,1.0,No mínimo se engraçou com a filha de um Yakuza e teve que dar um VAZARI
6:33,393,lana_tomioka,lana_tomioka,neutro,1.0,Realmente roubaram ele
6:36,396,um1b0su,Um1b0su,neutro,1.0,DinoDance DinoDance
6:36,396,dxsanimando,dxsanimando,confuso,1.0,Qual nome desse pássaro l?
6:38,398,xurig,xurig,confuso,1.0,o baka foi substituído por essa galinhola rebolante?
6:40,400,a_palavra_cabalistica_eh,凹凸凹凸凹凸凹凸凹凸凹,engraçado,1.0,o ladrão não sabe mudar a tela kkkk
6:40,400,hakureisendai,hakureisendai,neutro,1.0,Virou camiseta
6:43,403,daikii_zzz,daikii_zzz,confuso,1.0,Morreu foi?
6:47,407,suprem696969,suprem696969,frustrado,1.0,tira esse passaro filha da puta
6:53,413,hiena2000,hiena2000,positivo,1.0,Melhor live do mundo
6:54,414,iksicarius,iksicarius,positivo,1.0,@dxsanimando Bom dia
6:56,416,karasu2024,karasu2024,inspirado,1.0,Desaprendeu de tirar a música
7:00,420,edsiiin,edsiiin,confuso,1.0,É live gravada?
7:00,420,sir_wonka0,sir_wonka0,neutro,1.0,Virou saudades
7:02,422,dasmar12,dasmar12,neutro,1.0,e fui
7:02,422,uhh_carol,uhh_carol,positivo,1.0,Ta bom o desgraçado
7:04,424,rafadesa80,rafadesa80,neutro,1.0,ele tá cagando. CALMEM
7:04,424,ryanvallenn,ryanvallenn,neutro,1.0,deu né
7:04,424,anime__react,anime__react,neutro,1.0,Ta fazendo o L
7:05,425,licht_zayy,licht_zayy,neutro,1.0,"Tá em loop, tá aí a prova de que a live é gravada"
7:08,428,marie_bsts,Marie_Bsts,neutro,1.0,MAU DIA
7:09,429,thrillerzs,thrillerzs,neutro,1.0,Eu ia durmi
7:10,430,333_liam,333_liam,neutro,1.0,A live é essa rapazeada
7:12,432,julianosniperr,julianosniperr,engraçado,1.0,Volta a música anterior
7:13,433,bhcbmds_0,bhcbmds_0,neutro,1.0,A esse ponto ele ja tá tirando com a nossa cara KAKSKSKSKSKSKS
7:14,434,peixe04,peixe04,confuso,1.0,"porra, recebi a notificação agr mas ta em live a 3 horas?"
7:14,434,kev1nog,kev1nog,engraçado,1.0,Live de passarinho
7:17,437,marinheironunes,marinheironunes,neutro,1.0,Dia
7:20,440,anyxx0,anyxx0,positivo,1.0,loop de bom dia
7:22,442,hakureisendai,hakureisendai,neutro,1.0,Foi assaltado
7:22,442,luizfelipe_bat,luizfelipe_bat,engraçado,1.0,@ryanvallenn kkkkkkkk
7:24,444,xurig,xurig,neutro,1.0,@dxsanimando galinhola
7:25,445,dmelosh,dmelosh,neutro,1.0,Coloca o chinês
7:27,447,arnaldo2234,arnaldo2234,confuso,1.0,É rerun?
7:30,450,harlockwhite01,harlockwhite01,positivo,1.0,CHEGA DE BOM DIA!
7:31,451,uhh_carol,uhh_carol,positivo,1.0,Vamo fdp
7:32,452,sir_wonka0,sir_wonka0,neutro,1.0,Chega fi cabo a graça
7:33,453,leux08,leux08,confuso,1.0,Essa é a grande são Paulo?
7:38,458,streamerclt,streamerCLT,neutro,1.0,Live gravada
7:38,458,luizfelipe_bat,luizfelipe_bat,positivo,1.0,bom dia então pohaaa
7:38,458,hiena2000,hiena2000,neutro,1.0,Safado tá a noite
7:40,460,anime__react,anime__react,neutro,1.0,Chega
7:41,461,uhh_carol,uhh_carol,neutro,1.0,Vou sair
7:41,461,kev1nog,kev1nog,positivo,1.0,bakagaPikagasm
7:42,462,caipirinha_2007,caipirinha_2007,positivo,1.0,bom dia
7:42,462,dmelosh,dmelosh,confuso,1.0,Ele foi assaltado já?
7:42,462,riperoso,Riperoso,neutro,1.0,caba esqueceu da live programada
7:44,464,daikii_zzz,daikii_zzz,neutro,1.0,APAREÇA HOMI
7:44,464,melbylaaul,MelbyLaaul,neutro,1.0,"É a goonada pré live rapaziada, calma"
7:45,465,raphinhandg,raphinhandg,engraçado,1.0,kkkkkkkkkkkkkk
7:46,466,dasmar12,dasmar12,positivo,1.0,bom dia é minha bença
7:48,468,anime__react,anime__react,neutro,1.0,Chaga
7:48,468,guilhermesl45,guilhermesl45,neutro,1.0,Slk
7:50,470,deonehzio,DeoNehzio,neutro,1.0,bakagaLovebeco
7:50,470,lfs_lum,lfs_lum,neutro,1.0,Levou uma facada sem querer botou isso
7:52,472,anime__react,anime__react,neutro,1.0,Chega
7:52,472,ryanvallenn,ryanvallenn,neutro,1.0,oxe
7:53,473,walterbranco007,walterbranco007,positivo,1.0,bom dia
7:53,473,riperoso,Riperoso,neutro,1.0,Alguem acorda ai esse ze
7:54,474,wesleyp2p,wesleyp2p,confuso,1.0,Bora desgraça vai repetir isso quantas vezes???
7:55,475,aizenr6ss,aizenr6ss,neutro,1.0,opa
7:56,476,hiena2000,hiena2000,neutro,1.0,Ele virou Yakuza
7:57,477,lana_tomioka,lana_tomioka,positivo,1.0,De tanto bom dia tá ficando de noite já
7:57,477,karasu2024,karasu2024,engraçado,1.0,Kkkkkkkkkkk
7:59,479,sousply,sousply,positivo,0.5,primo tema da camiseta vai ser o piriquito do bom dia
8:00,480,bhcbmds_0,bhcbmds_0,neutro,1.0,"Bença, homi"
8:00,480,rafadesa80,rafadesa80,confuso,1.0,"Será que comeram ele? (no sentido sexual, é claro)"
8:02,482,redwinepie,redwinepie,positivo,1.0,Aqui no Acre ainda é bom dia
8:03,483,alpharius_456,Alpharius_456,positivo,1.0,bom dia man
8:04,484,leux08,leux08,positivo,1.0,Bom dia às 4 da tarde quase
8:05,485,lucasduvi,lucasduvi,neutro,1.0,NotLikeThis
8:06,486,esfiha_de_queijo,esfiha_de_queijo,neutro,1.0,Oh
8:07,487,pulchram12,pulchram12,positivo,1.0,Ta bom kel
8:08,488,kev1nog,kev1nog,neutro,1.0,Cadê tu Baka
8:10,490,iksicarius,iksicarius,engraçado,1.0,Abriu live sem querer ctz
8:11,491,daikii_zzz,daikii_zzz,neutro,1.0,OW FINALMENTE
8:12,492,natantf18,NatanTF18,neutro,1.0,achei que tinha virado estampa de camisa em sao paulo
8:13,493,kthyosu,kthyosu,neutro,1.0,opaa
8:14,494,hakureisendai,hakureisendai,neutro,1.0,Opa
8:14,494,a_palavra_cabalistica_eh,凹凸凹凸凹凸凹凸凹凸凹,confuso,1.0,ta vivo?
8:14,494,anime__react,anime__react,neutro,1.0,OSFrog
8:14,494,sir_wonka0,sir_wonka0,neutro,1.0,AESEEEEEEE
8:15,495,hiena2000,hiena2000,neutro,1.0,Ala
8:15,495,kev1nog,kev1nog,neutro,1.0,Amém
8:17,497,luizfelipe_bat,luizfelipe_bat,engraçado,0.667,bom dia pohaaaaaaaj kkkkk
8:17,497,ryanvallenn,ryanvallenn,neutro,1.0,Vai gracinha fala
8:17,497,melbylaaul,MelbyLaaul,confuso,1.0,TA GOONANDO BAKA?
8:17,497,johnnyraziel666,johnnyraziel666,confuso,0.667,Boa trade baka blz ???
8:18,498,thrillerzs,thrillerzs,neutro,1.0,Cabo ja caramba
8:19,499,guilhermesl45,guilhermesl45,neutro,1.0,Aooba
8:20,500,wesleyp2p,wesleyp2p,neutro,1.0,Finalmente
8:20,500,karasu2024,karasu2024,neutro,1.0,Aconteceu
8:20,500,raphinhandg,raphinhandg,neutro,1.0,aleluiaaaa
8:21,501,esfiha_de_queijo,esfiha_de_queijo,neutro,1.0,AEE
8:21,501,kthyosu,kthyosu,confuso,1.0,ta onde?
8:21,501,lfs_lum,lfs_lum,neutro,1.0,Ooooo não luz do dia aaaahhh
8:21,501,streamerclt,streamerCLT,neutro,1.0,Anda de meia em SP pra ver se suja
8:22,502,harlockwhite01,harlockwhite01,neutro,1.0,EU NAO AGUENTO MAAAAAAAIS
8:23,503,mestreee_404,Mestreee_404,neutro,1.0,Bença Braga
8:23,503,dxsanimando,dxsanimando,neutro,1.0,Finalmente
8:24,504,hiena2000,hiena2000,positivo,1.0,Tamo em São Paulo
8:24,504,rafadesa80,rafadesa80,neutro,1.0,Isso não é SP não
8:26,506,uhh_carol,uhh_carol,neutro,1.0,Até gozei
8:26,506,niaranni,niaranni,neutro,1.0,Aleluia
8:27,507,sir_wonka0,sir_wonka0,neutro,1.0,Faz a graça vai
8:29,509,deonehzio,DeoNehzio,neutro,1.0,Kyoto tá diferente
8:29,509,rtcollapse,rtcollapse,engraçado,1.0,Mal abriu live e já foi sequestrado
8:30,510,melbylaaul,MelbyLaaul,neutro,1.0,damn
8:31,511,leux08,leux08,neutro,1.0,Bença tio
8:31,511,aizenr6ss,aizenr6ss,neutro,1.0,zoera
8:32,512,vinizinlm,vinizinlm,positivo,1.0,sp dia lindo
8:32,512,ryanvallenn,ryanvallenn,neutro,1.0,faz sua graça
8:33,513,mariposa_alada,Mariposa_Alada,neutro,1.0,Finalmente apareceu -se
8:33,513,marryros098,marryros098,neutro,1.0,Amigo quando se vai aparecer
8:34,514,braceroz,braceroz,neutro,1.0,Chão.  Eu vejo Chão
8:34,514,lana_tomioka,lana_tomioka,neutro,1.0,Finalmente
8:36,516,dxsanimando,dxsanimando,confuso,1.0,Está grande são Paulo que todos falam?
8:37,517,artuurbr21,artuurbr21,neutro,1.0,ISSO AI É OSAKA
8:39,519,333_liam,333_liam,engraçado,1.0,Sair por esse portão já perde o celular
8:39,519,bhcbmds_0,bhcbmds_0,neutro,1.0,Chão são paUlino
8:40,520,domzera7,domzera7,neutro,1.0,ta preso por isso ainda n foi assaltado
8:41,521,guilhermesl45,guilhermesl45,frustrado,1.0,Não tankou o japil
8:42,522,edsiiin,edsiiin,neutro,1.0,Live dentro do ap
8:42,522,licht_zayy,licht_zayy,neutro,1.0,É ia
8:42,522,rafadesa80,rafadesa80,neutro,1.0,O chão tá muito limpo pra ser SP
8:42,522,sir_wonka0,sir_wonka0,confuso,1.0,Essa é Minas?
8:44,524,hakureisendai,hakureisendai,neutro,1.0,"Não pareceu, de verdade"
8:44,524,wesleyp2p,wesleyp2p,positivo,1.0,Boa tarde
8:46,526,marryros098,marryros098,neutro,1.0,Aeeeeeee apareceu
8:46,526,artuurbr21,artuurbr21,neutro,1.0,Live gravada do Japão
8:47,527,peluciacensurada,PeluciaCensurada,neutro,1.0,Br tem que ser atrás de um portão pra ter segurança
8:47,527,daikii_zzz,daikii_zzz,neutro,1.0,Brutal volto pra sp
8:50,530,marechal8525,marechal8525,neutro,1.0,Oi o home aeeee
8:51,531,r0drin,r0drin,neutro,1.0,OPA
8:52,532,codinomepru,codinomepru,neutro,1.0,codinomepru watched 5 consecutive streams and sparked a watch streak!
8:56,536,coutin_0777,coutin_0777,neutro,1.0,A live é gravada no Japão só pode
8:56,536,passarobllue,passarobllue,engraçado,1.0,Mds q cringe live no Brasil
8:57,537,marryros098,marryros098,neutro,1.0,É em são Paulo
8:58,538,luizfelipe_bat,luizfelipe_bat,positivo,0.5,isso é o cú do mundo? que cú lindo
8:58,538,melbylaaul,MelbyLaaul,engraçado,1.0,Galeria do rock
8:58,538,lfs_lum,lfs_lum,neutro,1.0,Sim mas é
8:59,539,kthyosu,kthyosu,neutro,1.0,tudo ok
8:59,539,aizenr6ss,aizenr6ss,neutro,1.0,Td certo
9:01,541,licht_zayy,licht_zayy,neutro,1.0,Pelo chão torto ele deve estar em sp mesmo
9:01,541,julianosniperr,julianosniperr,engraçado,1.0,Galeria pagé
9:02,542,karasu2024,karasu2024,neutro,1.0,"Fala palavrão não, que eu tô sem os fones"
9:02,542,alpharius_456,Alpharius_456,neutro,1.0,susto
9:03,543,guilhermesl45,guilhermesl45,neutro,1.0,Tá ok
9:06,546,killinglypse,killinglypse,neutro,1.0,OPA
9:06,546,niaranni,niaranni,positivo,1.0,Gostosa
9:08,548,braceroz,braceroz,engraçado,1.0,Uma galerinha
9:09,549,hakureisendai,hakureisendai,neutro,1.0,Saúde
9:11,551,hiena2000,hiena2000,neutro,1.0,Cara Osaka tá diferente
9:11,551,harlockwhite01,harlockwhite01,confuso,1.0,Tá no mercadão?
9:12,552,codinomepru,codinomepru,neutro,1.0,Tosse de tuberculoso
9:12,552,dxsanimando,dxsanimando,confuso,1.0,Porque você tá trancando?
9:12,552,kthyosu,kthyosu,confuso,1.0,voltou quando?
9:12,552,rafadesa80,rafadesa80,positivo,1.0,Tuberculose é foda
9:13,553,c2history1,c2history1,neutro,1.0,eu segui para ver as lives no japao e nao na av paulista
9:13,553,casa__nova,CASA__NOVA,neutro,1.0,brutal
9:14,554,bisnaguito_san,bisnaguito_san,neutro,1.0,"Ala ele, de Clark Kent"
9:14,554,natie_martins,natie_martins,neutro,1.0,Beco PT br
9:15,555,rafadesa80,rafadesa80,neutro,1.0,Covid
9:17,557,riperoso,Riperoso,neutro,1.0,covid 26
9:18,558,pogsnow,PogSnow,neutro,1.0,"vish, foi de coronga 20"
9:18,558,peluciacensurada,PeluciaCensurada,neutro,1.0,Passou a piroca
9:18,558,mariposa_alada,Mariposa_Alada,neutro,1.0,Pegou DST
9:18,558,streamerclt,streamerCLT,neutro,1.0,É a covid 34
9:19,559,daikii_zzz,daikii_zzz,neutro,1.0,Eita
9:19,559,r0drin,r0drin,positivo,1.0,BOM DIA
9:20,560,suprem696969,suprem696969,confuso,1.0,voce ta preso?
9:21,561,hiena2000,hiena2000,neutro,1.0,AIDS
9:21,561,vinizinlm,vinizinlm,neutro,1.0,"""la ele"""
9:24,564,dudul3gend,dudul3gend,neutro,1.0,Tinha que ser chinês
9:25,565,redwinepie,redwinepie,frustrado,1.0,Aff já acabou live no japil
9:25,565,allanolv_,allanolv_,neutro,1.0,Fudeu
9:25,565,lfs_lum,lfs_lum,neutro,1.0,"Covid ,vc vão morrer"
9:26,566,sir_wonka0,sir_wonka0,confuso,1.0,Foi liberado o goré?
9:27,567,kthyosu,kthyosu,neutro,1.0,é aids
9:28,568,aizenr6ss,aizenr6ss,positivo,1.0,maravilhoso
9:28,568,passarobllue,passarobllue,neutro,1.0,Voce tava no colo dele
9:28,568,edsiiin,edsiiin,neutro,1.0,Virou pronta de isekai
9:28,568,4shenkk,4shenkk,neutro,1.0,oi linda
9:30,570,thrillerzs,thrillerzs,engraçado,1.0,Cara pegou a gripe do la ele
9:32,572,daikii_zzz,daikii_zzz,neutro,1.0,Pego COVID 78
9:32,572,4shenkk,4shenkk,confuso,1.0,solteira?
9:33,573,hakureisendai,hakureisendai,neutro,1.0,Que delícia
9:34,574,dxsanimando,dxsanimando,confuso,1.0,Já foi preso no SP?
9:36,576,niuz_pv,Niuz_pv,neutro,1.0,Paciente 0
9:37,577,marryros098,marryros098,neutro,1.0,Sim ta tudo bem
9:37,577,gunterfp5,gunterFP5,neutro,1.0,que beco é esse
9:38,578,ryanvallenn,ryanvallenn,neutro,1.0,Tem mais 3 dias de vida aproveita
9:39,579,anime__react,anime__react,confuso,1.0,Voltou por que?
9:39,579,kev1nog,kev1nog,neutro,1.0,COVID
9:41,581,r0drin,r0drin,neutro,1.0,Pegou o bicho da goiaba
9:43,583,viniciusplash,viniciusplash,neutro,1.0,Tem que ver isso ai
9:43,583,kthyosu,kthyosu,neutro,1.0,covid 69
9:44,584,harlockwhite01,harlockwhite01,confuso,1.0,Sentiu o bafo do chinês no cangote?
9:45,585,vinizinlm,vinizinlm,positivo,1.0,bom saber
9:45,585,333_liam,333_liam,neutro,1.0,Fechou com o baka dentro
9:47,587,dudul3gend,dudul3gend,engraçado,1.0,To fudido com o chinês kkkkk
9:48,588,arnaldo2234,arnaldo2234,confuso,1.0,Ebola?
9:52,592,niaranni,niaranni,neutro,1.0,Novo corona virus
9:52,592,coutin_0777,coutin_0777,neutro,1.0,COVID 27
9:53,593,rafadesa80,rafadesa80,neutro,1.0,A pandemia vai se dissiminar por causa de vc
9:54,594,marryros098,marryros098,neutro,1.0,Trouxe covid
9:56,596,anyxx0,anyxx0,neutro,1.0,covid 20
9:58,598,hakureisendai,hakureisendai,neutro,1.0,"Sempre vem, menos aos fins de semana"
9:58,598,marryros098,marryros098,neutro,1.0,Meu Deus
9:59,599,bhcbmds_0,bhcbmds_0,neutro,1.0,Mal voltou já tá espalhando doença nova
9:59,599,dxsanimando,dxsanimando,confuso,1.0,Invadiu?
10:00,600,streamerclt,streamerCLT,neutro,1.0,É o sexo 3
10:02,602,4shenkk,4shenkk,neutro,1.0,guerra dos sexos
10:04,604,uhh_carol,uhh_carol,engraçado,1.0,LLKKKKKKKK
10:05,605,dudul3gend,dudul3gend,neutro,1.0,Unisex
10:06,606,zarestiaf,zarestiaf,neutro,1.0,corta cabelo e pinto
10:07,607,aizenr6ss,aizenr6ss,neutro,1.0,18+
10:12,612,kthyosu,kthyosu,neutro,1.0,tudo certo
10:13,613,dafegi,Dafegi,confuso,1.0,Na cidade de São Paulo?
10:13,613,peluciacensurada,PeluciaCensurada,neutro,1.0,Pelos poderes do gayquesou
10:15,615,hiena2000,hiena2000,confuso,1.0,This is Japan?
10:16,616,rafadesa80,rafadesa80,neutro,1.0,Você vai ser o responsável pelas mortes
10:16,616,andre_wubba_lubba_dub_dub,andre_wubba_lubba_dub_dub,neutro,1.0,não estou te vendo Baka
10:16,616,aizenr6ss,aizenr6ss,neutro,1.0,ta tudo certo
10:16,616,jsa051,jsa051,neutro,1.0,O som sim
10:20,620,killinglypse,killinglypse,confuso,1.0,se for roubado?
10:20,620,lfs_lum,lfs_lum,engraçado,1.0,Pra não ser roubado kkkkk
10:20,620,gabriel124455566666666,gabriel124455566666666,confuso,1.0,Pq ta de dia no Japão  ainda?
10:20,620,peixe04,peixe04,confuso,1.0,"muitos vão falar q isso é só ""vento"", sei"
10:21,621,niaranni,niaranni,neutro,1.0,Vai ser mogado
10:21,621,dxsanimando,dxsanimando,neutro,1.0,Sim
10:21,621,codinomepru,codinomepru,engraçado,0.5,Celular do ladrão né?
10:23,623,dudul3gend,dudul3gend,engraçado,1.0,KKKKKKKKK
10:23,623,paulokiovsk,paulokiovsk,confuso,1.0,Te trancaram aí dentro?
10:24,624,sir_wonka0,sir_wonka0,engraçado,1.0,"Po bakinha,fazendo live justamente quando papai cris vai jogar"
10:26,626,totsuka_96,Totsuka_96,neutro,1.0,algum problema de furto né
10:26,626,marcelodjff,MarceloDJFF,neutro,1.0,problema = assalto
10:27,627,niaranni,niaranni,neutro,1.0,Vai ser roubado
10:27,627,4shenkk,4shenkk,engraçado,1.0,kkkkkkkkkkkkkkkkkkkkkkkkkkkk
10:28,628,licht_zayy,licht_zayy,neutro,1.0,"Também né, domingo"
10:28,628,dxsanimando,dxsanimando,neutro,1.0,Japão tá dizendo
10:28,628,thrillerzs,thrillerzs,engraçado,1.0,Kkkkkkk
10:29,629,roqueditz,roqueditz,neutro,1.0,Volta pro japao corno
10:30,630,eduuh006,eduuh006,confuso,1.0,Já posso ir ai te assaltar?
10:30,630,r0drin,r0drin,neutro,1.0,AQUI N É JAPÃO PAE
10:31,631,jojorafaela,jojorafaela,confuso,1.0,"Ué, já na no br"
10:31,631,hakureisendai,hakureisendai,neutro,1.0,Entendi sonho mágico
10:31,631,guilhermesl45,guilhermesl45,engraçado,1.0,Kkkkkkk
10:31,631,gunterfp5,gunterFP5,engraçado,1.0,caso alguem queira fazer o L no seu celular
10:32,632,jeffstaz,jeffstaz,neutro,1.0,Fala em japonês
10:33,633,xurig,xurig,neutro,1.0,fala em japonês baka
10:36,636,blueribbonbb,blueribbonbb,neutro,1.0,domingou nesse calor
10:36,636,andre_wubba_lubba_dub_dub,andre_wubba_lubba_dub_dub,neutro,1.0,Baka manda um cagão na porta das lojas
10:36,636,suprem696969,suprem696969,neutro,1.0,fala em japones entao
10:37,637,allanolv_,allanolv_,neutro,1.0,Baka voltou já trazendo o Lockdown
10:37,637,wesleyp2p,wesleyp2p,positivo,1.0,Jajá aparece uns cabaço pedindo salve aí
10:37,637,mateusrangel0,mateusrangel0,neutro,1.0,vai ter que falar em japonês
10:39,639,nando_wk,nando_wk,engraçado,1.0,kkkkkkkkkkkk
10:39,639,aizenr6ss,aizenr6ss,neutro,1.0,Sou eu
10:40,640,daikii_zzz,daikii_zzz,engraçado,1.0,Kkkkkkkkk
10:41,641,karasu2024,karasu2024,confuso,1.0,Posso ir cagar?
10:41,641,catchau2005,catchau2005,engraçado,1.0,celular do bandido
10:42,642,allanolv_,allanolv_,neutro,1.0,Tudo fechado
10:42,642,redwinepie,redwinepie,inspirado,1.0,Faz live falando em japones agr
10:42,642,lostcaco,LostCaco,neutro,1.0,ajuda a moça a carregar os ovos
10:46,646,4shenkk,4shenkk,neutro,1.0,eu comrpo
10:47,647,johnnyraziel666,johnnyraziel666,confuso,1.0,agr que voltou para o brasil faz o pão de alho do Davy jones ?????
10:47,647,mogamizz,mogamizz,confuso,1.0,virou jumper mano? um dia no japao outro no br
10:47,647,r0drin,r0drin,engraçado,1.0,r0drin watched 3 consecutive streams and sparked a watch streak! xii
10:49,649,dxsanimando,dxsanimando,neutro,1.0,Compra
10:50,650,bisnaguito_san,bisnaguito_san,neutro,1.0,Anão todo travado
10:51,651,harlockwhite01,harlockwhite01,confuso,1.0,E essa placa de proibido moto aí?! Pode nem dar um grau no shopping
10:53,653,capvaran,capvaran,neutro,1.0,se ta competindo com a live do luva de pedreiro hoje
10:55,655,goenjiiiiiiii,goenjiiiiiiii,neutro,1.0,O pai do chat ai
10:56,656,rafadesa80,rafadesa80,neutro,1.0,Seicho No Ie
10:59,659,sir_wonka0,sir_wonka0,confuso,1.0,Manda alguém catar coquinho
10:59,659,xurig,xurig,neutro,1.0,fala em árabe
11:09,669,allancarllos,allancarllos,neutro,1.0,ja voltou pro brasil
11:10,670,guilhermesl45,guilhermesl45,neutro,1.0,Pior
11:12,672,thrillerzs,thrillerzs,neutro,1.0,Vai ter que fala japonês ai velho
11:18,678,beatrizcrotti,beatrizcrotti,neutro,1.0,Voltou pro Brasil já aaa
11:19,679,k4lcio,k4lcio,neutro,1.0,não estou acostumado a entender as placas
11:19,679,bisnaguito_san,bisnaguito_san,neutro,1.0,Orgasmo tecnológico
11:20,680,gunterfp5,gunterFP5,neutro,1.0,so falta as coin machine em cada esquina
11:21,681,4shenkk,4shenkk,neutro,1.0,orgasmo a esquerda
11:27,687,guilhermesl45,guilhermesl45,engraçado,1.0,Kkkkkkk
11:28,688,redwinepie,redwinepie,neutro,1.0,Toca e sai correndo
11:28,688,rafadesa80,rafadesa80,engraçado,1.0,Minha mãe tinha uns calendário da Seicho no ie
11:29,689,nikomarx,Nikomarx,neutro,1.0,muito intuitivo
11:29,689,eduuh006,eduuh006,neutro,1.0,Toca ai
11:30,690,aizenr6ss,aizenr6ss,engraçado,1.0,kkkkkkk bem didatico
11:31,691,dxsanimando,dxsanimando,neutro,1.0,Toca
11:32,692,bhcbmds_0,bhcbmds_0,neutro,1.0,Toca
11:32,692,mateusrangel0,mateusrangel0,confuso,1.0,cadê os npc?
11:33,693,yuriairesb,YuriAiresB,neutro,1.0,Muito linda a cidade de Kawasaki
11:34,694,333_liam,333_liam,engraçado,1.0,Fecharam o baka na galeria
11:36,696,vinizinlm,vinizinlm,neutro,1.0,ta de jatpack
11:37,697,streamerclt,streamerCLT,confuso,1.0,Ta preso aí pae?
11:40,700,raianwz,RaianWZ,engraçado,0.5,tá no tutorial?
11:40,700,esqueto48,esqueto48,neutro,1.0,SP hayaHey
11:43,703,harlockwhite01,harlockwhite01,confuso,1.0,Tá no Brasil?
11:43,703,bhcbmds_0,bhcbmds_0,neutro,1.0,Eles q tão pedindo
11:47,707,a_palavra_cabalistica_eh,凹凸凹凸凹凸凹凸凹凸凹,neutro,1.0,prenderam o tigre
11:48,708,bisnaguito_san,bisnaguito_san,neutro,1.0,O mapa não carregou os npc
11:55,715,lfs_lum,lfs_lum,engraçado,1.0,Kkkkkk
11:58,718,wesleyp2p,wesleyp2p,neutro,1.0,Passou bastante
12:00,720,julianosniperr,julianosniperr,positivo,1.0,Gostei dessas planta
12:01,721,nando_wk,nando_wk,neutro,1.0,a missao agora é achar a casa do kojima no brasil baka
12:02,722,dmelosh,dmelosh,engraçado,1.0,Kkkkkkkkk
12:04,724,wesleyp2p,wesleyp2p,neutro,1.0,Baguio não parava mais KK
12:05,725,rafadesa80,rafadesa80,neutro,1.0,Quanta planta. Parece a floresta amazônica
12:08,728,johnnyraziel666,johnnyraziel666,confuso,0.667,tu deixa o celular escondido no peito pra gravar ou ta na mão msm  gravando baka ??
12:10,730,alveshvs,Alveshvs,positivo,1.0,Bom dia
12:11,731,aizenr6ss,aizenr6ss,confuso,1.0,vc vai falar japones nas lives pra ninguem entender ?
12:12,732,thrillerzs,thrillerzs,neutro,1.0,Cara fico preso na Pagé
12:16,736,streamerclt,streamerCLT,neutro,1.0,Flor com pinto
12:17,737,peix3manso,peix3manso,neutro,1.0,flor
12:17,737,samoliveiraw,samoliveiraw,neutro,1.0,vai na Paulista ver os mongol
12:18,738,4shenkk,4shenkk,neutro,1.0,FLOR COM PENIS
12:18,738,unsback,UnsBack,neutro,1.0,grelo
12:19,739,rafadesa80,rafadesa80,neutro,1.0,Pinto
12:19,739,gunterfp5,gunterFP5,neutro,1.0,SABUGO
12:19,739,redwinepie,redwinepie,confuso,1.0,Essa que vai ser a última live na rua em SP antes da próxima no Japão  ?
12:20,740,nando_wk,nando_wk,engraçado,1.0,lirio
12:20,740,exdocoreano,exdocoreano,neutro,1.0,pica
12:21,741,peluciacensurada,PeluciaCensurada,engraçado,1.0,Anturio
12:23,743,kthyosu,kthyosu,neutro,1.0,palnta
12:24,744,semnick001,semnick001,neutro,1.0,flor penis
12:24,744,catchau2005,catchau2005,neutro,1.0,"cuidado com os mob, no Brasil são hostis"
12:24,744,guilhermesl45,guilhermesl45,neutro,1.0,Plástico
12:24,744,lucazaqueroga,lucazaqueroga,confuso,1.0,Onde ele tá ??
12:25,745,gabriel124455566666666,gabriel124455566666666,neutro,1.0,Florencia
12:26,746,dasmar12,dasmar12,positivo,0.5,pelo menos já aprendi a música do bom dia
12:26,746,unsback,UnsBack,neutro,1.0,grelo duro
12:27,747,rafadesa80,rafadesa80,neutro,1.0,Floro pinto
12:27,747,333_liam,333_liam,neutro,1.0,Flor de xereca com pica
12:28,748,thrillerzs,thrillerzs,neutro,1.0,Pipoca de duende
12:29,749,hakureisendai,hakureisendai,confuso,1.0,Cadê o queixo de espanhola
12:30,750,sir_wonka0,sir_wonka0,engraçado,0.5,Ta em parintins baka?
12:31,751,lostcaco,LostCaco,engraçado,1.0,nome: clitóris
12:32,752,aizenr6ss,aizenr6ss,neutro,1.0,zoera
12:40,760,psyfoxxx,PsyFoxxx,positivo,1.0,Cheer100 Cheer1 perfeitamente
12:44,764,wesleyp2p,wesleyp2p,positivo,1.0,A FLOR!!! vulgo alanzoka top One from Brazil
12:45,765,julianosniperr,julianosniperr,neutro,1.0,Entulho
12:47,767,whyhakiyu,WhyHakiyu,confuso,1.0,baka proibiram as bets no brasil como tu vai conseguir tua renda agora??
12:51,771,annoyinger,Annoyinger,engraçado,0.5,se vc tivesse aprendido japones poderia falar japones no BR pra ngm te entender
12:53,773,jrpinato,jrpinato,neutro,1.0,5G DAQUI NAO É IGUAL O 5G DE LÁ
12:53,773,peluciacensurada,PeluciaCensurada,neutro,1.0,Essa é a flor do Jorge Tadeu
12:56,776,johnnyraziel666,johnnyraziel666,confuso,0.5,vc sai na rua msm com o celular na mão pra gravar msm ? n esconde ?? vai dar merda
12:56,776,rafadesa80,rafadesa80,engraçado,0.5,Anturio? Parece nome de pederesta
13:01,781,kthyosu,kthyosu,positivo,1.0,nao sendo o craque Neto ta bom
13:04,784,nerdvelhonerd,NerdVelhoNerd,neutro,1.0,Flor do Jorge Tadeu
13:08,788,yuriairesb,YuriAiresB,engraçado,1.0,"Baka vai e volta do Japão e não fica gripado. Se eu saio de uma cidade chovendo e vou pra outra com sol, fico"
13:09,789,bhcbmds_0,bhcbmds_0,neutro,1.0,"Tudo muito profissional, graças a deus :)))"
13:11,791,alveshvs,Alveshvs,neutro,1.0,Estão buzinando ae
13:14,794,bhcbmds_0,bhcbmds_0,neutro,1.0,Tô zoando
13:17,797,rafadesa80,rafadesa80,neutro,1.0,Mas a prostituição tá liberada
13:20,800,deyvisonmoraes,DeyvisonMoraes,neutro,1.0,Proibido rende mais
13:20,800,aizenr6ss,aizenr6ss,engraçado,1.0,o cara é rebelde kkkkkkkkkkk
13:20,800,333_liam,333_liam,engraçado,1.0,Quando ele pisar pra fora ele perde o celular
13:21,801,dmelosh,dmelosh,engraçado,1.0,KKKKKKKKK
13:22,802,nando_wk,nando_wk,confuso,1.0,como assim vc n comprou uma starlink pra colocar na tua testa baka?
13:24,804,hakureisendai,hakureisendai,engraçado,1.0,Kkkkkkk
13:24,804,peluciacensurada,PeluciaCensurada,neutro,1.0,Proibiram usar tanga azul também
13:25,805,jsa051,jsa051,neutro,1.0,Gostinho do proibido
13:26,806,fiftycentcoreano,fiftycentcoreano,confuso,0.6,Dois celulares ainda?? Cracudo que te encontrar tá rico
13:29,809,catchau2005,catchau2005,neutro,1.0,única renda que tenho é minha calcinha
13:30,810,muttanofc,MuttanOfc,engraçado,1.0,Kkkkkkk azideia
13:31,811,guilhermesl45,guilhermesl45,engraçado,1.0,Kkkkk
13:33,813,rafadesa80,rafadesa80,frustrado,0.5,300 mil?!?!?! Pqp!!!!
13:38,818,rafadesa80,rafadesa80,neutro,1.0,Porra
13:48,828,johnnyraziel666,johnnyraziel666,confuso,1.0,ta usando 2 chips pra net ?w
13:48,828,nando_wk,nando_wk,confuso,0.667,serio???
13:49,829,alveshvs,Alveshvs,neutro,1.0,"Agora que vai proibir, logo pode aceitar qualquer proposta"
13:49,829,nando_wk,nando_wk,neutro,1.0,carai
13:51,831,harlockwhite01,harlockwhite01,neutro,1.0,Betânia vai se chamar só ânia
13:58,838,guilhermesl45,guilhermesl45,neutro,1.0,Shes so crazy
13:59,839,gabriel124455566666666,gabriel124455566666666,neutro,1.0,O mundo ta mudado
14:01,841,333_liam,333_liam,confuso,1.0,Alguém aí da live vai lá assaltar ele
14:04,844,andre_wubba_lubba_dub_dub,andre_wubba_lubba_dub_dub,confuso,1.0,da pra ver um porno da regina case no avião então? que massa
14:06,846,peluciacensurada,PeluciaCensurada,confuso,1.0,Como é qsuites da qatar?
14:07,847,daikii_zzz,daikii_zzz,neutro,1.0,O Japão n sai dele
14:09,849,lostcaco,LostCaco,confuso,1.0,teve punhetasso no avião?
14:12,852,thrillerzs,thrillerzs,engraçado,1.0,Kkkkkk cabo ja
14:13,853,rafadesa80,rafadesa80,engraçado,1.0,@harlockwhite01 HAHAHAHAHAHAHAHAHAHAHA
14:16,856,4shenkk,4shenkk,neutro,1.0,ASSALTO SPEEDRUN
14:16,856,bisnaguito_san,bisnaguito_san,neutro,1.0,Bundista
14:19,859,melbylaaul,MelbyLaaul,neutro,1.0,speedrun de assalto
14:21,861,peix3manso,peix3manso,neutro,1.0,templo todo trancado
14:22,862,rafadesa80,rafadesa80,neutro,1.0,Viva BuDa
14:23,863,johnnyraziel666,johnnyraziel666,engraçado,1.0,Live ate ser assaltado kkkkk
14:24,864,mariposa_alada,Mariposa_Alada,confuso,1.0,Mentiroso tá no Japão que eu sei
14:26,866,wesleyp2p,wesleyp2p,neutro,1.0,Vão te assaltar não baka fica sussa
14:27,867,buthjaum,ButhJaum,neutro,1.0,Oloco o cara já ta na favela do japão
14:27,867,guilhermesl45,guilhermesl45,positivo,1.0,Amo bunda
14:28,868,rafadesa80,rafadesa80,neutro,1.0,Igualzin
14:32,872,lfs_lum,lfs_lum,engraçado,1.0,"Fala em japonês, já q vc tá no Brasil  kkkkk"
14:33,873,aizenr6ss,aizenr6ss,neutro,1.0,viva o b unda
14:34,874,hakureisendai,hakureisendai,neutro,1.0,Igual
14:35,875,4shenkk,4shenkk,positivo,1.0,AMO BUNDAS
14:36,876,rafadesa80,rafadesa80,neutro,1.0,Até o Buda é igual
14:41,881,marryros098,marryros098,neutro,1.0,Tecnologia Tecnologia
14:41,881,wood_padeiro,Wood_Padeiro,confuso,1.0,pq sera q parece o do japao
14:42,882,alveshvs,Alveshvs,engraçado,1.0,@ButhJaum Kkkkkkkkkkkkkkkkkkkkkkkkkkkkkkkkk
14:43,883,leatlasa,leatlasa,neutro,1.0,Sou nem 15 minutos
14:44,884,thiaramaki,thiaramaki,neutro,1.0,Q bundinha
14:45,885,bhcbmds_0,bhcbmds_0,neutro,1.0,Bu Bu Da daaah
14:48,888,deyvisonmoraes,DeyvisonMoraes,engraçado,1.0,kkkkkkkkk xD
14:50,890,peix3manso,peix3manso,neutro,1.0,F
14:53,893,catchau2005,catchau2005,neutro,1.0,o cara tá em Tokyo e vem falar q tá em SP
14:53,893,raphaels15,raphaels15,neutro,1.0,Poha até aí tá com sol e aq no RJ uma nublação de séculos
14:55,895,a_palavra_cabalistica_eh,凹凸凹凸凹凸凹凸凹凸凹,neutro,1.0,paia
14:59,899,guilhermesl45,guilhermesl45,neutro,1.0,Slk
15:00,900,aizenr6ss,aizenr6ss,engraçado,1.0,kkkkkkkkkk
15:02,902,alveshvs,Alveshvs,neutro,1.0,Ja pousa no espeto
15:03,903,codinomepru,codinomepru,neutro,1.0,Precisa
15:04,904,roqueditz,roqueditz,negativo,1.0,Japao feio esse
15:05,905,thiaramaki,thiaramaki,neutro,1.0,Pra mendigo não deitar
15:06,906,aizenr6ss,aizenr6ss,neutro,1.0,Ja dormi ai po
15:07,907,bananils0n_farofa,Bananils0n_farofa,neutro,1.0,Tá Parecendo tokyo
15:07,907,niaranni,niaranni,neutro,1.0,Paia
15:09,909,eduuh006,eduuh006,neutro,1.0,Era minha casa ai
15:09,909,buthjaum,ButhJaum,neutro,1.0,Tinha gente pulando o muro ahsuahsuagsya
15:10,910,hakureisendai,hakureisendai,neutro,1.0,Precisa mais
15:10,910,morisleepy,morisleepy,neutro,1.0,Pra que tanta violência
15:12,912,annoyinger,Annoyinger,neutro,1.0,se o pombo cair ai ja vira epsetinho na msm hora
15:14,914,lostcaco,LostCaco,engraçado,1.0,aqui no BR deveria falar em japonês na rua
15:15,915,thrillerzs,thrillerzs,engraçado,1.0,Esse é meu Brasil segurança em.primeiro lugar
15:17,917,rafadesa80,rafadesa80,confuso,1.0,E pra ninguém pular la dentro o genio
15:17,917,anyxx0,anyxx0,neutro,1.0,pru pru
15:17,917,deyvisonmoraes,DeyvisonMoraes,neutro,1.0,"cama de espinhos, os caras pensam até nos mendigos."
15:18,918,melbylaaul,MelbyLaaul,neutro,1.0,Pombo gordo
15:19,919,harlockwhite01,harlockwhite01,neutro,1.0,É para mendigo não dormir aí
15:20,920,lfs_lum,lfs_lum,confuso,1.0,Pq será q vigiado né baka
15:21,921,kthyosu,kthyosu,neutro,1.0,pombo gordo da porra
15:21,921,peix3manso,peix3manso,engraçado,1.0,kkkkkkkkkkkkkkkkkk
15:25,925,aizenr6ss,aizenr6ss,neutro,1.0,alo policia
15:27,927,guilhermesl45,guilhermesl45,neutro,1.0,Jack
15:27,927,rafadesa80,rafadesa80,neutro,1.0,Quer transar
15:28,928,euuuuuuuuuubrunu,euuuuuuuuuubrunu,engraçado,1.0,LUL
15:28,928,rezeile_zika,rezeile_zika,neutro,1.0,Nunca vi pombo no japao
15:29,929,4shenkk,4shenkk,engraçado,1.0,DOIDO PRA METERKKKKKKKKKKKKKKKK
15:29,929,fiftycentcoreano,fiftycentcoreano,neutro,1.0,Junta no jack
15:31,931,annoyinger,Annoyinger,confuso,1.0,a femea nao é o maior?
15:33,933,jettasz,jettasz,engraçado,1.0,stalker kkkkkk
15:33,933,rafadesa80,rafadesa80,neutro,1.0,Eu não julgo
15:35,935,dmelosh,dmelosh,neutro,1.0,Chama a polícia
15:38,938,alveshvs,Alveshvs,neutro,1.0,O ciclista chegando pra roubar
15:38,938,licht_zayy,licht_zayy,neutro,1.0,É Farm de churrasco de pombo
15:40,940,catchau2005,catchau2005,neutro,1.0,tem q garantir o almoço
15:41,941,johnnyraziel666,johnnyraziel666,confuso,0.667,tu n esconde o celular pra gravar as lives ?? n deixa no peito ou algo assim ?????
15:45,945,carolinenaomii,CarolineNaomii,neutro,1.0,cuidado
15:46,946,rafadesa80,rafadesa80,neutro,1.0,Só quer dar uma farunfada
15:46,946,julianosniperr,julianosniperr,neutro,1.0,Filma o acasalamento
15:47,947,hiena2000,hiena2000,engraçado,1.0,vai no Rick doces
15:49,949,jrpinato,jrpinato,neutro,1.0,cara de ifood mirou no cel do baka
15:52,952,hakureisendai,hakureisendai,neutro,1.0,Cuidado para ele não dançar pata você
15:55,955,wesleyp2p,wesleyp2p,engraçado,1.0,Ele parando de falar enquanto passa por pessoas KLKKKKKKK
15:58,958,andersonferrettti,andersonferrettti,neutro,1.0,ta parecendo o Japão dps da guerra
16:00,960,peterdcn,peterdcn,frustrado,1.0,não da pra falar tanta merda em voz alta agora porque o povo entende agora né
16:02,962,wesleyp2p,wesleyp2p,positivo,1.0,Baka com vergonha é bom demais
16:03,963,peix3manso,peix3manso,neutro,1.0,que fofinho
16:04,964,ryzunaa,Ryzunaa,neutro,1.0,Cê tem um pombo
16:04,964,larwsk94,larwsk94,neutro,1.0,voltou para o japao baka
16:07,967,rafaelbatista8888,rafaelbatista8888,neutro,1.0,rafaelbatista8888 watched 3 consecutive streams and sparked a watch streak!
16:08,968,rafadesa80,rafadesa80,confuso,1.0,"Porra, sai do Japão pra ser atropelado aqui?"
16:08,968,kotori212,kotori212,neutro,1.0,é só falar em japones pra eles nao entederem
16:08,968,4shenkk,4shenkk,neutro,1.0,FAZ RP DE ATROPELAMENTO
16:11,971,a_palavra_cabalistica_eh,凹凸凹凸凹凸凹凸凹凸凹,confuso,1.0,só falar em japónes ué
16:16,976,guilhermesl45,guilhermesl45,engraçado,1.0,Kkkkkkk
16:17,977,eduuh006,eduuh006,neutro,1.0,Sinto falta da estética bonita das ruas do japao
16:21,981,bhcbmds_0,bhcbmds_0,neutro,1.0,Baka prefere moŕrer a passar perto de gente xD
16:24,984,4shenkk,4shenkk,neutro,1.0,SEDOSO
16:24,984,peix3manso,peix3manso,neutro,1.0,nossa covarde
16:27,987,juliogoxlbarbosa,Juliogoxlbarbosa,confuso,1.0,Fala em inglês ninguém vai entender
16:27,987,thrillerzs,thrillerzs,neutro,1.0,Cara tem tanta vergonha que se joga na frente do carro
16:28,988,aizenr6ss,aizenr6ss,engraçado,1.0,kkkkkkkkkkkkkkk
16:29,989,guilhermesl45,guilhermesl45,neutro,1.0,Aiiii
16:29,989,333_liam,333_liam,neutro,1.0,Assédio isso ai baka
16:30,990,julianosniperr,julianosniperr,engraçado,1.0,Tá com gripe do frango agora
16:30,990,peix3manso,peix3manso,neutro,1.0,atiça nao gordinho
16:31,991,hakureisendai,hakureisendai,neutro,1.0,Nossa
16:32,992,bisnaguito_san,bisnaguito_san,confuso,1.0,Você sentiu a respiração do chinês no cangote?
16:34,994,rafadesa80,rafadesa80,neutro,1.0,Nossa que corpo
16:35,995,edson13santos,Edson13Santos,confuso,1.0,Essas são as ruas do Japão ?
16:36,996,4shenkk,4shenkk,neutro,1.0,PLENO DOMINGO E ELE ASFALTANDO DELICIA
16:36,996,catchau2005,catchau2005,engraçado,1.0,Brasil é a índia das Américas
16:38,998,larwsk94,larwsk94,confuso,1.0,jogou onimusha baka???
16:38,998,nando_wk,nando_wk,positivo,1.0,chama ele de gostoso
16:39,999,rafadesa80,rafadesa80,neutro,1.0,Molhei a tanga
16:40,1000,lostcaco,LostCaco,neutro,1.0,fala em português
16:41,1001,deyvisonmoraes,DeyvisonMoraes,neutro,1.0,"precisa manter a sensualidade, né"
16:42,1002,leatlasa,leatlasa,engraçado,1.0,Jaja aparece um inscrito
16:43,1003,italoooowd,italoooowd,neutro,1.0,Pedreiro baiano
16:44,1004,r0drin,r0drin,neutro,1.0,vo tacar na peka do gordin
16:46,1006,guilhermesl45,guilhermesl45,neutro,1.0,Todo safado
16:51,1011,peix3manso,peix3manso,positivo,0.5,foi gostoso?
16:52,1012,anime__react,anime__react,neutro,1.0,Arrogante
16:52,1012,danunieru,Danunieru,neutro,1.0,o cara ta no país errado man
16:53,1013,rafadesa80,rafadesa80,neutro,1.0,Fiquei até molhado
16:54,1014,gato_de_patins,gato_de_patins,confuso,1.0,esses npcs novos é de evento?
16:56,1016,gunterfp5,gunterFP5,confuso,1.0,ja viu alguma e-girl ai?
16:59,1019,thiaramaki,thiaramaki,neutro,1.0,Cola no Museu
17:01,1021,marryros098,marryros098,positivo,1.0,Bom agora pelo menos quem não é de SP vai ver as ruas se SP
17:01,1021,eduuh006,eduuh006,confuso,1.0,Baka ja posso ir ai te assaltar?
17:04,1024,peix3manso,peix3manso,confuso,1.0,a gente nao pode ver?
17:07,1027,johnnyraziel666,johnnyraziel666,confuso,0.667,"baka, n tem nenhum apoio pra deixar o celular ?? vai na mão msm ?"
17:10,1030,kkgoji,kkgoji,neutro,1.0,entra la po
17:12,1032,lostcaco,LostCaco,neutro,1.0,@Danunieru carregou o mapa errado
17:14,1034,kotori212,kotori212,neutro,1.0,ó um japones ali
17:15,1035,juliogoxlbarbosa,Juliogoxlbarbosa,confuso,1.0,Quando você volta pro Brasil?
17:15,1035,bisnaguito_san,bisnaguito_san,neutro,1.0,Entra no museu
17:18,1038,alveshvs,Alveshvs,neutro,1.0,Olha os simbolos do naruto no chao
17:21,1041,jrpinato,jrpinato,confuso,1.0,randandan daqui é diferente do randandan do japao?
17:21,1041,hakureisendai,hakureisendai,confuso,1.0,Respiração dele saía em chinês?
17:27,1047,julianosniperr,julianosniperr,neutro,1.0,Balança menos a câmera
17:29,1049,deyvisonmoraes,DeyvisonMoraes,neutro,1.0,Chique
17:29,1049,bhcbmds_0,bhcbmds_0,neutro,1.0,Baka gosta de usar a mão
17:29,1049,nando_wk,nando_wk,neutro,1.0,baka vc ta tao japones que ate o ambiente ao seu redor se torna japones
17:29,1049,danunieru,Danunieru,engraçado,1.0,tem q mudar o nick pra BakaGringo
17:33,1053,rafadesa80,rafadesa80,neutro,1.0,Apoiou no pau
17:33,1053,lostcaco,LostCaco,neutro,1.0,símbolo do OBS no chão
17:37,1057,julianosniperr,julianosniperr,neutro,1.0,Tô ficando tonto
17:40,1060,alveshvs,Alveshvs,engraçado,1.0,Tem logo os sharingan no chao
17:40,1060,catchau2005,catchau2005,neutro,1.0,ele deixa pendurado no sutiã
17:42,1062,niaranni,niaranni,confuso,1.0,Se eu te der um sub vc me xinga ao vivo????
17:44,1064,jeffstaz,jeffstaz,neutro,1.0,"Para de mentir poha, tu ta em shibuya"
17:44,1064,peix3manso,peix3manso,confuso,1.0,speed quando vai passar do lado das pessoas mt perto sahuhdsuiahduaishdnjsa
17:45,1065,ihelris,ihelris,positivo,0.5,salve bakinha que lugar de hong kong é esse?
17:46,1066,lotusuy,lotusuy,positivo,1.0,"Ih, morreu e spamou no início"
17:46,1066,kthyosu,kthyosu,neutro,1.0,a diferença é a rua esburaacada
17:48,1068,gotzaum,gotzaum,confuso,1.0,SERA QUE O BAKA AINDA CAGA DE CÓCORAS?
17:55,1075,rafadesa80,rafadesa80,neutro,1.0,Pega no meu pau hahhaa
17:57,1077,thiaramaki,thiaramaki,confuso,1.0,Tá alcoolizado? Gravando td torto
18:01,1081,wood_padeiro,Wood_Padeiro,engraçado,1.0,se o bandido quiser fazer live pelo menos nao é o cell principal
18:02,1082,guilhermesl45,guilhermesl45,positivo,1.0,Boa
18:04,1084,melbylaaul,MelbyLaaul,engraçado,1.0,Kkkkkkkkkkkkkkkkkk
18:07,1087,hakureisendai,hakureisendai,engraçado,1.0,Kkkkkkk
18:09,1089,zkamykazez,zKAMYKAZEz,engraçado,1.0,KKKKKKKKK
18:10,1090,melbylaaul,MelbyLaaul,neutro,1.0,Tá cheio de vergonha ele
18:13,1093,johnnyraziel666,johnnyraziel666,confuso,0.667,tu n usa algo pra deixar o celular no peito e ficar com as mãos livres ??
18:14,1094,gothicolica,Gothicolica,neutro,1.0,Tem que falar em japonês pra eles não entender agora
18:16,1096,rafadesa80,rafadesa80,neutro,1.0,@thiaramaki Entorpecentes
18:18,1098,daikii_zzz,daikii_zzz,engraçado,1.0,Kkkkkkkk
18:20,1100,lostcaco,LostCaco,neutro,1.0,no BR nao usa estabilizador pra nao ser roubado
18:23,1103,danunieru,Danunieru,neutro,1.0,そこに書かれていることは何も読めません。
18:23,1103,passarobllue,passarobllue,engraçado,1.0,"Quanto vale esse teu celular ai baka, eu mesmo vou ai roubar"
18:23,1103,johnnyraziel666,johnnyraziel666,neutro,1.0,F
18:24,1104,marryros098,marryros098,confuso,1.0,"Alguém patrocina o baka pra ele viajar mais, o Brasil da um desânimo"
18:24,1104,zkamykazez,zKAMYKAZEz,negativo,1.0,Na moral SP é muito feio tnc
18:25,1105,carolinenaomii,CarolineNaomii,confuso,1.0,ele esta indo no meet and greet dos fãs?
18:25,1105,kodarke,kodarke,neutro,1.0,é a poluição
18:25,1105,guilhermesl45,guilhermesl45,engraçado,1.0,Sedentarismo
18:27,1107,4shenkk,4shenkk,neutro,1.0,VERTIGEM TÁ ME ARREGAÇANDO COM ESSES MOVIMENTO TODO
18:27,1107,jrpinato,jrpinato,neutro,1.0,Bota a skin de maid
18:31,1111,smelllycat_,smelllycat_,neutro,1.0,Coragem viu
18:31,1111,nando_wk,nando_wk,engraçado,0.667,deve dar uma vergonha fazer live com o povo entendendo oq vc fala kkkkkkkkk
18:31,1111,kotori212,kotori212,neutro,1.0,"só carro japones, toyota subaru"
18:33,1113,rafadesa80,rafadesa80,positivo,1.0,Covid tá foda
18:34,1114,catchau2005,catchau2005,neutro,1.0,vai no maid e chama a tsundere
18:35,1115,kureijinuwu,kureijinuwu,confuso,1.0,COMO QUE O CARA TA EM SP SE ELE TAVA NO JAPÃO ESSES DIAS?
18:42,1122,senhorley,senhorley,positivo,1.0,Bom dia baka san
18:43,1123,codinomepru,codinomepru,confuso,1.0,Você assiste Doctor Who?
18:47,1127,4shenkk,4shenkk,positivo,0.5,OBRIGADO LINDA
18:47,1127,lmprods776,lmprods776,neutro,1.0,@kureijinuwu avião
18:47,1127,hyutarou,Hyutarou,neutro,1.0,e se vc falar em japones pros brasileiros nn entender
18:48,1128,johnnyraziel666,johnnyraziel666,neutro,1.0,FFF
18:49,1129,juliogoxlbarbosa,Juliogoxlbarbosa,neutro,1.0,日本語で話しても、彼らは理解しないだろう。
18:50,1130,thrillerzs,thrillerzs,neutro,1.0,Calçada é mais difícil pelo desnível ai cansa
18:52,1132,guilhermesl45,guilhermesl45,neutro,1.0,Ixi
18:56,1136,sakylvy,sakylvy,confuso,1.0,essa aí é a tal shibuya?
18:58,1138,pulchram12,pulchram12,neutro,1.0,Krl a Gardevoir
18:59,1139,niaranni,niaranni,neutro,1.0,MERURU
19:00,1140,melbylaaul,MelbyLaaul,neutro,1.0,Baka o bagulho é você falar em japonês pro povo na rua não entender
19:02,1142,kodarke,kodarke,neutro,1.0,é o pokemon Gardenal
19:02,1142,rafadesa80,rafadesa80,neutro,1.0,Dei dois gorfo com esse balanço
19:03,1143,gato_de_patins,gato_de_patins,neutro,1.0,mostra o jato
19:05,1145,dlemonster,DlEmonster,neutro,1.0,vish
19:07,1147,a_palavra_cabalistica_eh,凹凸凹凸凹凸凹凸凹凸凹,positivo,0.5,tem amor ai ou não?
19:07,1147,ihelris,ihelris,confuso,1.0,gato a jato?
19:10,1150,danunieru,Danunieru,neutro,1.0,どうしたんですか？お名前は日本語ですが、何語で話しているのか分かりません。
19:10,1150,xurig,xurig,engraçado,0.5,pensa em fazer trilha em algum mato aí?
19:11,1151,rafakill777,rafakill777,neutro,1.0,baka qual sua opinião sobre o balança rabo leitoso
19:14,1154,bhcbmds_0,bhcbmds_0,frustrado,0.5,Se deus querê ele vai esquecer q as pessoas entendem o que ele fala e vai soltar umas merdas
19:15,1155,peix3manso,peix3manso,confuso,1.0,nao tem cachorro de rua? kd os cachorro
19:16,1156,stylcry_,stylcry_,neutro,1.0,vai lá na avenida ruverts
19:18,1158,rafadesa80,rafadesa80,confuso,1.0,Gole a jato????
19:20,1160,lostcaco,LostCaco,neutro,1.0,jatinho branco
19:23,1163,juliogoxlbarbosa,Juliogoxlbarbosa,neutro,1.0,今日の予定は何ですか？
19:23,1163,natie_martins,natie_martins,inspirado,1.0,Cara continua na dlc asiática
19:24,1164,dlemonster,DlEmonster,neutro,1.0,operação lava jato
19:25,1165,julianosniperr,julianosniperr,engraçado,1.0,Kkkkkk
19:26,1166,dalton_tw,Dalton_TW,neutro,1.0,nunca mexa
19:27,1167,daikii_zzz,daikii_zzz,neutro,1.0,Ó um NPC aí
19:27,1167,zkamykazez,zKAMYKAZEz,positivo,1.0,Foda que aqui todo mundo TE ENTENDO não da pra falar
19:28,1168,zkamykazez,zKAMYKAZEz,engraçado,1.0,kkkkkkkkkk
19:30,1170,deannnn_,deannnn_,confuso,1.0,tem maloqueiro
19:30,1170,deyvisonmoraes,DeyvisonMoraes,neutro,1.0,"verdade, tem mesmo"
19:31,1171,breelays,breelays,neutro,1.0,olha o assalto
19:31,1171,eyeshield182,eyeshield182,confuso,1.0,muito maloqueiro mesmo
19:32,1172,hesiogu,hesiogu,confuso,1.0,tem maloqueiro mesmo
19:32,1172,zkamykazez,zKAMYKAZEz,neutro,1.0,Tem muito noia
19:33,1173,kthyosu,kthyosu,engraçado,1.0,KKKKKK
19:35,1175,raparigadoassude,raparigadoassude,neutro,1.0,TEM MALOKERO
19:35,1175,peix3manso,peix3manso,engraçado,1.0,kkkkkkkkkkkkkkkkkkkkk
19:36,1176,johnnyraziel666,johnnyraziel666,confuso,1.0,"ta usando 2 chips, claro e TIm ??"
19:37,1177,thrillerzs,thrillerzs,engraçado,1.0,Kkkkk tem
19:38,1178,wesleyp2p,wesleyp2p,neutro,1.0,Qual é baka deixa de vergonha e bota pra fora
19:38,1178,aizenr6ss,aizenr6ss,engraçado,1.0,kkkkkkkkkkk sim
19:38,1178,guilhermesl45,guilhermesl45,confuso,1.0,Tem maloqueiros
19:39,1179,madaxk,madaxk,neutro,1.0,tavam falando de vc
19:41,1181,breelays,breelays,confuso,1.0,tem muito maloqueiro
19:42,1182,jrpinato,jrpinato,confuso,1.0,Da pra entender o que os npc dessa live fala
19:43,1183,j_pauloo,j_pauloo,confuso,1.0,slk o cara já voltou do Japão?
19:43,1183,rafakill777,rafakill777,neutro,1.0,k
19:44,1184,professorakpopercomunista,professorakpopercomunista,engraçado,1.0,professorakpopercomunista subscribed at Tier 1. They've subscribed for 34 months! já foi deportado de novo
19:44,1184,hiena2000,hiena2000,neutro,1.0,Caralho eu entendi japonês
19:46,1186,sakylvy,sakylvy,frustrado,1.0,o baka tá preso não podendo fslar merda
19:46,1186,dmelosh,dmelosh,confuso,1.0,Sabemos que Tem maloqueiro
19:48,1188,fibbs,フィブス,neutro,1.0,fala em japones pra ninguem entender @BakaGaijinLive SeemsGood
19:50,1190,johnnyraziel666,johnnyraziel666,neutro,1.0,F
19:51,1191,dlemonster,DlEmonster,confuso,1.0,"""tem muito maloqueiro"" disse o morador local"
19:52,1192,xurig,xurig,neutro,1.0,tem muito são mesmo
19:52,1192,juliogoxlbarbosa,Juliogoxlbarbosa,neutro,1.0,残念ながら、この辺りには悪党がたくさんいる。
19:55,1195,kthyosu,kthyosu,neutro,1.0,vai ja morrer
19:55,1195,rafadesa80,rafadesa80,neutro,1.0,Vixi
19:56,1196,harlockwhite01,harlockwhite01,confuso,1.0,Esses japonês aí tão dublado?
19:56,1196,mogamizz,mogamizz,neutro,1.0,as mina falou ''n tem mesmo''
19:58,1198,allanolv_,allanolv_,confuso,1.0,Tem guerra e maloqueiro
19:58,1198,usuarioblock2,usuarioblock2,engraçado,1.0,kkkkkkkk
19:59,1199,julianosniperr,julianosniperr,neutro,1.0,"A mina passando do lado dele,  e ele falando ""ôh trem bão"""
20:02,1202,riperoso,Riperoso,neutro,1.0,Nao ta andando na maciota
20:03,1203,johnnyraziel666,johnnyraziel666,neutro,1.0,FF
20:05,1205,catchau2005,catchau2005,neutro,1.0,o server é dublado
20:06,1206,breelays,breelays,confuso,1.0,tá muito calor aí?
20:08,1208,mrdarkku,mrdarkku,engraçado,1.0,pra andar em sp tu tem que usar tenis de trilha baka
20:08,1208,rafadesa80,rafadesa80,neutro,1.0,Agora vai balançar a câmera mesmo
20:11,1211,bisnaguito_san,bisnaguito_san,neutro,1.0,A calçada tem o desenho do mitsudomoe
20:12,1212,ihelris,ihelris,engraçado,1.0,tenis de ususario de smartfitt
20:13,1213,wesleyp2p,wesleyp2p,confuso,0.5,"Ninguém liga pra oque você fala po, pode falar a vontade, pode ser triste pra alguns mas é a verdade"
20:17,1217,breelays,breelays,neutro,1.0,cheio de japa ai
20:19,1219,peix3manso,peix3manso,neutro,1.0,ja joga fora
20:19,1219,rafakill777,rafakill777,engraçado,1.0,jaja ele solta algo sobre pinto pirikita bunda achando q ainda tá no Japão
20:20,1220,4shenkk,4shenkk,positivo,1.0,tenis do freefire brabo
20:25,1225,johnnyraziel666,johnnyraziel666,neutro,1.0,o lapada seca
20:26,1226,eduuh006,eduuh006,neutro,1.0,Sorteia o tenis molhado pra gente
20:27,1227,eyeshield182,eyeshield182,neutro,1.0,cuidado com os crackudos ae
20:29,1229,breelays,breelays,engraçado,1.0,kkkkkkk
20:29,1229,rafadesa80,rafadesa80,confuso,1.0,Até o cú?
20:33,1233,kthyosu,kthyosu,confuso,1.0,ninguém assalta mendigo
20:33,1233,deyvisonmoraes,DeyvisonMoraes,neutro,1.0,cara ja pensando no futuro.
20:35,1235,guilhermesl45,guilhermesl45,neutro,1.0,Leva tudo
20:37,1237,beyond_desolation2,Beyond_Desolation2,neutro,1.0,Vai na paulista baka
20:44,1244,hakureisendai,hakureisendai,neutro,1.0,Vem que está em promoção
20:44,1244,rafadesa80,rafadesa80,neutro,1.0,Imagina o cheiro dessa porra
20:48,1248,thrillerzs,thrillerzs,neutro,1.0,Baka põe o fone no ouvido e finge ser telefonema
20:54,1254,9dezz,9dezz,neutro,1.0,Os Npcs estao diferentes
20:56,1256,peix3manso,peix3manso,engraçado,1.0,50 conto pra estacionar kkkkkkkkkkkkkkk
20:58,1258,eyeshield182,eyeshield182,confuso,1.0,cade a rainha da Liberdade?
20:59,1259,kthyosu,kthyosu,confuso,1.0,é ele ali? o colossal de itaquera
21:01,1261,4shenkk,4shenkk,neutro,1.0,SENTIDO O CHEIRO DE CU SECO DAQUI
21:04,1264,johnnyraziel666,johnnyraziel666,confuso,0.667,ta usando 2 chips de celular para n cair a LIve ??
21:06,1266,vodgh,VodGh,positivo,0.5,Ele tá fazendo live em Hiroshima depois da bomba?
21:09,1269,stilvox,Stilvox,neutro,1.0,"O cara não consegue se desconectar do Japão, mesmo no Brasil hayaKEK"
21:12,1272,playherpy,playherpy,confuso,1.0,Tokyo agora fala português ?
21:13,1273,guilhermesl45,guilhermesl45,neutro,1.0,F
21:13,1273,daikii_zzz,daikii_zzz,engraçado,0.667,Boa sorte kkkkkkk
21:15,1275,wesleyp2p,wesleyp2p,positivo,1.0,"Olha ele, falou perto de algumas pessoas, tá perdendo o medo, te apoiamos baka, você consegue"
21:16,1276,deyvisonmoraes,DeyvisonMoraes,engraçado,1.0,kkkkkkkkkkkkkk xD
21:17,1277,raparigadoassude,raparigadoassude,neutro,1.0,ta na índia
21:18,1278,rafadesa80,rafadesa80,neutro,1.0,Covid porea
21:18,1278,mogamizz,mogamizz,engraçado,1.0,atravessa na faixa seu criminoso
21:21,1281,gato_de_patins,gato_de_patins,engraçado,1.0,kkkkkkkkkk
21:24,1284,peix3manso,peix3manso,neutro,1.0,oi
21:26,1286,rafakill777,rafakill777,neutro,1.0,"@bakagaijinlive  eu conheço a biqueira q fica aí perto, qualquer coisa vai lá e fala q veio pelo Rafakill q eles fazem desconto"
21:26,1286,karasu2024,karasu2024,engraçado,1.0,karasu2024 subscribed at Tier 1. They've subscribed for 18 months! Eu ia ter vergonha
21:27,1287,picclesacebolado,PicclesAcebolado,engraçado,1.0,ingridi
21:30,1290,larwsk94,larwsk94,neutro,1.0,filma ali a mulher dnv
21:30,1290,aizenr6ss,aizenr6ss,neutro,1.0,portugues 2
21:30,1290,kodarke,kodarke,neutro,1.0,pior que tá um calor do caralho tb
21:31,1291,rtcollapse,rtcollapse,neutro,1.0,"porra, a visa"
21:31,1291,melbylaaul,MelbyLaaul,neutro,1.0,Jumpscare
21:32,1292,stylcry_,stylcry_,neutro,1.0,tô zuando
21:32,1292,gateiro,gateiro,positivo,1.0,"Baka, aos 30 anos decidi namorar trans, só deu errado, mas voltei pra cis e deu certo"
21:34,1294,catchau2005,catchau2005,neutro,1.0,consegue passar na loja de doces e ver quanto tá o baconzitos
21:34,1294,eyeshield182,eyeshield182,neutro,1.0,vai morrer ae
21:35,1295,lolls2,lolls2,neutro,1.0,O
21:36,1296,stilvox,Stilvox,neutro,1.0,Um claro e um escuro
21:36,1296,madaxk,madaxk,neutro,1.0,os japas tudo com tradutor já
21:37,1297,thrillerzs,thrillerzs,neutro,1.0,Duque
21:38,1298,berzerkth,berzerkth,engraçado,1.0,ingrime
21:38,1298,ihelris,ihelris,neutro,1.0,vai atravessar nunca ai
21:39,1299,ehzyn,Ehzyn,engraçado,1.0,Você anda se esquivando no Brasil kkkkk
21:39,1299,giorootz,giorootz,neutro,1.0,esse japão ta diferente
21:39,1299,kotori212,kotori212,neutro,1.0,no japao vc nao atravessa fora da faixa ne
21:40,1300,playherpy,playherpy,confuso,1.0,quando vai ser roubado ?
21:41,1301,pulchram12,pulchram12,neutro,1.0,Q bagunça
21:42,1302,eyeshield182,eyeshield182,neutro,1.0,transito da peste
21:43,1303,marcuoveio,marcuoveio,neutro,1.0,Que confusão nem parece o Japão
21:44,1304,artuurbr21,artuurbr21,engraçado,1.0,Descobrimos vc esta em kanazawa
21:44,1304,zenith_2xko,zenith_2xko,neutro,1.0,oloko achei que ja tinha voltado do japao
21:45,1305,deyvisonmoraes,DeyvisonMoraes,neutro,1.0,Agora vai
21:46,1306,rafadesa80,rafadesa80,neutro,1.0,Vai
21:48,1308,lolls2,lolls2,neutro,1.0,"oie chat, oie braga"
21:49,1309,dlemonster,DlEmonster,neutro,1.0,tem que fazer parkour nas calçadas
21:50,1310,johnnyraziel666,johnnyraziel666,neutro,1.0,cuidado com as motos
21:51,1311,niuz_pv,Niuz_pv,confuso,1.0,ta na india?
21:54,1314,kratoszxkun,KratosZxKun,neutro,1.0,eita
21:55,1315,licht_zayy,licht_zayy,engraçado,1.0,Ele se arrependendo de ter voltado kkkkkk
21:55,1315,juliogoxlbarbosa,Juliogoxlbarbosa,negativo,1.0,CLARO VIVO LIXO PANO
22:00,1320,guilhermesl45,guilhermesl45,neutro,1.0,Eu quero
22:01,1321,thrillerzs,thrillerzs,neutro,1.0,Se loko quase caiu
22:02,1322,dmelosh,dmelosh,neutro,1.0,Vai gracinha
22:05,1325,lostcaco,LostCaco,neutro,1.0,ta no BR pra votar em outubro
22:06,1326,kotori212,kotori212,neutro,1.0,kk
22:07,1327,julianosniperr,julianosniperr,neutro,1.0,Tem que pegar um escuro e um morto tb
22:08,1328,marryros098,marryros098,engraçado,1.0,Quem é ingrind
22:11,1331,rafadesa80,rafadesa80,neutro,1.0,É loja de japonês
22:11,1331,johnnyraziel666,johnnyraziel666,confuso,1.0,vc ainda usa o S25 da Samsung ???
22:12,1332,natie_martins,natie_martins,positivo,1.0,Crash bash é muito top
22:12,1332,bisnaguito_san,bisnaguito_san,neutro,1.0,Controle de N64 alí
22:14,1334,eyeshield182,eyeshield182,engraçado,0.5,é original ?
22:16,1336,rafadesa80,rafadesa80,neutro,1.0,PEQUENA
22:17,1337,ihelris,ihelris,neutro,1.0,switch da shoopee
22:18,1338,peix3manso,peix3manso,neutro,1.0,rumm
22:18,1338,jrpinato,jrpinato,confuso,1.0,ja saiu o nintendo 69? ou pararam no 64
22:20,1340,carolinenaomii,CarolineNaomii,confuso,1.0,ninguem reconheceu ele ainda?
22:20,1340,supremo_felipinho,فيليبينيو,confuso,1.0,Ta usando máscara 3M para respirar menos fumaça  ?
22:22,1342,r0drin,r0drin,engraçado,1.0,Ps Vita original
22:24,1344,rafakill777,rafakill777,neutro,1.0,o cara saiu do Japão pra comprar carta de pokémon no Brasil
22:25,1345,aizenr6ss,aizenr6ss,positivo,1.0,os cara ta brabo
22:26,1346,julynhatoys,JulynhaToys,positivo,1.0,Pikachuuu
22:26,1346,eyeshield182,eyeshield182,positivo,1.0,pikachu pistola
22:27,1347,alveshvs,Alveshvs,neutro,1.0,Então tá tudo certo
22:28,1348,rafadesa80,rafadesa80,neutro,1.0,Olha o PIXACU
22:28,1348,eduuh006,eduuh006,confuso,1.0,@bisnaguito_san E de N67 tem?
22:28,1348,johnnyraziel666,johnnyraziel666,confuso,1.0,switch Paraguai
22:30,1350,guilhermesl45,guilhermesl45,neutro,1.0,Yuji
22:30,1350,julynhatoys,JulynhaToys,positivo,1.0,volta la naquele pikachuuu
22:30,1350,thrillerzs,thrillerzs,engraçado,1.0,Kkkkkkk
22:31,1351,peix3manso,peix3manso,engraçado,1.0,kkkkkkkkkkkkkkkkk
22:33,1353,kotori212,kotori212,neutro,1.0,botaram ai entao
22:34,1354,daikii_zzz,daikii_zzz,neutro,1.0,O Gundam
22:34,1354,4shenkk,4shenkk,neutro,1.0,EITAPORRA
22:39,1359,peix3manso,peix3manso,neutro,1.0,oi linda
22:39,1359,4shenkk,4shenkk,positivo,1.0,GOSTOSAS
22:39,1359,dlemonster,DlEmonster,neutro,1.0,gundum
22:40,1360,deyvisonmoraes,DeyvisonMoraes,neutro,1.0,ui
22:41,1361,italoooowd,italoooowd,neutro,1.0,Oppai
22:41,1361,kotori212,kotori212,neutro,1.0,Binoculous
22:41,1361,rafadesa80,rafadesa80,neutro,1.0,Olha o PICHACU!!!
22:41,1361,kodarke,kodarke,engraçado,1.0,kkkkkkkkkkkkkkkkkkkk
22:42,1362,riperoso,Riperoso,neutro,1.0,Compra um gundam ai pra nos
22:42,1362,4shenkk,4shenkk,neutro,1.0,NICE
22:42,1362,pogsnow,PogSnow,positivo,1.0,boa
22:43,1363,fibbs,フィブス,neutro,1.0,nnysLooking
22:44,1364,rafakill777,rafakill777,positivo,0.5,@julynhatoys bom dia Julya brinquedos
22:44,1364,professorakpopercomunista,professorakpopercomunista,neutro,1.0,banido
22:45,1365,dekbdue,dekbdue,neutro,1.0,opa
22:45,1365,thiaramaki,thiaramaki,engraçado,1.0,Varios produtos da Shopee custando 5x o valor
22:45,1365,eyeshield182,eyeshield182,neutro,1.0,stormfallGasm
22:45,1365,riperoso,Riperoso,neutro,1.0,É rapaz se acalme
22:46,1366,guilhermesl45,guilhermesl45,neutro,1.0,Damn
22:46,1366,zenith_2xko,zenith_2xko,neutro,1.0,opa
22:46,1366,kthyosu,kthyosu,confuso,1.0,??
22:46,1366,daikii_zzz,daikii_zzz,neutro,1.0,olok
22:47,1367,sir_wonka0,sir_wonka0,neutro,1.0,Porra
22:48,1368,kureijinuwu,kureijinuwu,neutro,1.0,eitha
22:48,1368,aizenr6ss,aizenr6ss,engraçado,0.667,kkkkkkkkkk pqp
22:49,1369,peix3manso,peix3manso,neutro,1.0,num dá pra saber
22:50,1370,4shenkk,4shenkk,neutro,1.0,EU GOZEI E VENDI
22:51,1371,raparigadoassude,raparigadoassude,engraçado,1.0,kkkkkkkkkkkkkkkkkkk
22:52,1372,thrillerzs,thrillerzs,neutro,1.0,+18
22:53,1373,stilvox,Stilvox,confuso,1.0,"Ah é, agora tem que prestar atenção no que está falando, as pessoas entendem vc hayaKEK"
22:54,1374,gato_de_patins,gato_de_patins,engraçado,1.0,valoriza assim
22:55,1375,picclesacebolado,PicclesAcebolado,engraçado,1.0,KKKKKKKKKK
22:58,1378,ihelris,ihelris,neutro,1.0,685 TAPORRA
22:58,1378,riperoso,Riperoso,neutro,1.0,O vovo nao ta puro nao
22:58,1378,italoooowd,italoooowd,neutro,1.0,500 pau
23:00,1380,9dezz,9dezz,neutro,1.0,600 conto
23:01,1381,karasu2024,karasu2024,positivo,1.0,Cheer1 Cheer1
23:08,1388,johnnyraziel666,johnnyraziel666,neutro,1.0,60 anos e a testo no talo
23:08,1388,annoyinger,Annoyinger,engraçado,1.0,o br é mais colorido
23:11,1391,pqnajoy,pqnajoy,neutro,1.0,pqnajoy watched 3 consecutive streams and sparked a watch streak! PopCorn
23:12,1392,johnnyraziel666,johnnyraziel666,neutro,1.0,F
23:14,1394,4shenkk,4shenkk,neutro,1.0,F
23:15,1395,rafadesa80,rafadesa80,neutro,1.0,Goze e venda
23:16,1396,bhcbmds_0,bhcbmds_0,neutro,1.0,HUEHUEHUEHUEHUEHUE
23:16,1396,peixe04,peixe04,neutro,1.0,é o filtro do brasil
23:17,1397,4shenkk,4shenkk,neutro,1.0,F ͏
23:17,1397,ihelris,ihelris,neutro,1.0,MIL REAIS
23:18,1398,rafadesa80,rafadesa80,neutro,1.0,É
23:18,1398,4shenkk,4shenkk,neutro,1.0,FF
23:19,1399,leatlasa,leatlasa,neutro,1.0,F
23:21,1401,daikii_zzz,daikii_zzz,neutro,1.0,OLOKO 700
23:21,1401,antoniofuaarktv,AntonioFuaarkTv,confuso,1.0,mas meu fio não tava no Japan?
23:23,1403,rafadesa80,rafadesa80,neutro,1.0,Igual a tu
23:25,1405,matyfofo,matyfofo,neutro,1.0,3 da manhã o cara na rua
23:25,1405,joaoreisojisan,JoaoReisOjisan,neutro,1.0,eu vi a Momo Ayase ali!
23:25,1405,guilhermesl45,guilhermesl45,neutro,1.0,Shin chan
23:26,1406,johnnyraziel666,johnnyraziel666,neutro,1.0,FF
23:26,1406,aizenr6ss,aizenr6ss,engraçado,1.0,o cara ta com hiperfoco em bunda kkkkkkkkkkk
23:29,1409,peix3manso,peix3manso,neutro,1.0,nao caiu
23:31,1411,psyfoxxx,PsyFoxxx,neutro,1.0,caiu não
23:31,1411,jeffstaz,jeffstaz,neutro,1.0,"Eu gozei na minha antes de vender, mas falei que tava batizada"
23:34,1414,julianosniperr,julianosniperr,negativo,1.0,"Só o FPS que tá bem ruim, 20fps"
23:35,1415,leatlasa,leatlasa,neutro,1.0,Falou da imagem
23:35,1415,lostcaco,LostCaco,engraçado,1.0,@peixe04 kkk
23:36,1416,4shenkk,4shenkk,neutro,1.0,TÁ SADE
23:37,1417,globinho_s,globinho_s,confuso,1.0,ele nao ta mas no japao?
23:37,1417,niaranni,niaranni,neutro,1.0,Mostra teu reflexo
23:38,1418,kotori212,kotori212,confuso,1.0,700? deve ser ienes
23:39,1419,4shenkk,4shenkk,neutro,1.0,SAFE
23:40,1420,dudul3gend,dudul3gend,neutro,1.0,Ficou soltinho já
23:44,1424,italoooowd,italoooowd,engraçado,0.667,@jeffstaz ai é foda kkkkkk
23:45,1425,sad_sosa,sad_sosa,neutro,1.0,Caiu n
23:46,1426,silva_7a,silva_7a,confuso,1.0,@bakagaijinlive oi os vídeos 📹 aqui vai pro canal do YouTube?
23:46,1426,xjeffrmo,xJeffrmo,neutro,1.0,Não caiu
23:49,1429,psyfoxxx,PsyFoxxx,neutro,1.0,@globinho_s está sim
23:50,1430,mogamizz,mogamizz,neutro,1.0,"n pode lagar um pouquinho q vcs falam F, emocionadinhos"
23:51,1431,johnnyraziel666,johnnyraziel666,confuso,1.0,vc usa o S25 da Samsung baka ??
23:53,1433,rafakill777,rafakill777,engraçado,1.0,pessoal eu só queria dizer que caguei nas calças e nem é ironia
23:54,1434,matyfofo,matyfofo,neutro,1.0,Japão tá diferente
23:57,1437,peix3manso,peix3manso,engraçado,1.0,kkkkkkkkkkkkkkkkkkkk
23:59,1439,kotori212,kotori212,neutro,1.0,parece um rato
24:00,1440,eduardoscn,EduardoSCN,neutro,1.0,o gato do azar
24:00,1440,bisnaguito_san,bisnaguito_san,neutro,1.0,Da um tapa na pata dele
24:02,1442,peix3manso,peix3manso,neutro,1.0,judiado
24:03,1443,stilvox,Stilvox,neutro,1.0,Gato realista
24:04,1444,professorakpopercomunista,professorakpopercomunista,frustrado,0.75,gato com cara de triste cansado
24:04,1444,peix3manso,peix3manso,engraçado,1.0,KKKKKKKKKKKKKKKKK
24:05,1445,daikii_zzz,daikii_zzz,neutro,1.0,Credo
24:06,1446,rafadesa80,rafadesa80,neutro,1.0,Isso é um coelho
24:06,1446,peix3manso,peix3manso,engraçado,1.0,KKKKKKKKKKKKKKKKKKKKKKKKKK
24:06,1446,levini01,LeVini01,neutro,1.0,alanzS
24:06,1446,4shenkk,4shenkk,engraçado,1.0,TODO FUDIDO KKKKKKKKKKKK
24:06,1446,deyvisonmoraes,DeyvisonMoraes,neutro,1.0,meu deus... Gato ta prejudicado
24:07,1447,aizenr6ss,aizenr6ss,engraçado,1.0,kkkkkkkkkkkkkkkkkk
24:08,1448,eduardoscn,EduardoSCN,neutro,1.0,Gato com sindrome de Down
24:08,1448,sad_sosa,sad_sosa,neutro,1.0,Gato drogado
24:08,1448,johnnyraziel666,johnnyraziel666,neutro,1.0,gato com bico de pato
24:09,1449,guilhermesl45,guilhermesl45,engraçado,1.0,Os solta F pra qualquer coisa kkkkk
24:10,1450,telmo_rs,Telmo_RS,neutro,1.0,low budget
24:13,1453,zenith_2xko,zenith_2xko,engraçado,1.0,KKKKKKK
24:13,1453,j_pauloo,j_pauloo,neutro,1.0,"slk o gato tã chapadasso, seco seco"
24:15,1455,psyfoxxx,PsyFoxxx,neutro,1.0,subir lá em cima
24:17,1457,joaoreisojisan,JoaoReisOjisan,neutro,1.0,manekineko from hell
24:17,1457,peluciacensurada,PeluciaCensurada,neutro,1.0,Gato manaco
24:17,1457,antoniofuaarktv,AntonioFuaarkTv,neutro,1.0,da pra subir la em baixo
24:18,1458,thrillerzs,thrillerzs,neutro,1.0,Snoop gato
24:18,1458,rafadesa80,rafadesa80,positivo,1.0,Melhor subir lá embaixo
24:20,1460,mogamizz,mogamizz,neutro,1.0,@guilhermesl45 tudo beta
24:21,1461,4shenkk,4shenkk,neutro,1.0,SÓ DA PRA SUBIR LA EMBAIXO
24:22,1462,9dezz,9dezz,engraçado,1.0,Poderia Fazer live em Japones
24:24,1464,jenfps,jeNfps,neutro,1.0,so pra baixo
24:26,1466,marryros098,marryros098,positivo,0.5,É isso que e foda o Brasil
24:31,1471,rafadesa80,rafadesa80,neutro,1.0,FUCK TRUMP
24:31,1471,ehzyn,Ehzyn,engraçado,0.667,Engraçado como a câmera fica tendendo para o chão com medo de alguém encrencar kkkkk
24:32,1472,peix3manso,peix3manso,neutro,1.0,parecendo o japao
24:34,1474,julynhatoys,JulynhaToys,neutro,1.0,73 raiders from JulynhaToys have joined!
24:36,1476,ihelris,ihelris,neutro,1.0,vai na cobertura
24:38,1478,harlockwhite01,harlockwhite01,neutro,1.0,Gato pcd
24:40,1480,a_palavra_cabalistica_eh,凹凸凹凸凹凸凹凸凹凸凹,neutro,1.0,vai ser deportado pro japão
24:40,1480,rafakill777,rafakill777,neutro,1.0,+73
24:45,1485,natsusekai,NatsuSekai,confuso,1.0,É aí que tem o CU?
24:46,1486,bakalove69,BakaLove69,positivo,1.0,Doido para pegar esse gostoso
24:46,1486,kotori212,kotori212,neutro,1.0,ja ta invadinho telhado
24:50,1490,dlemonster,DlEmonster,neutro,1.0,é referencia ao imperador suijiro
24:51,1491,rafadesa80,rafadesa80,neutro,1.0,Covid
24:57,1497,matyfofo,matyfofo,neutro,1.0,então esse é o o gato de schrödinger
25:00,1500,fibbs,フィブス,neutro,1.0,trouxe covid26 monkaS
25:00,1500,peix3manso,peix3manso,neutro,1.0,espia
25:02,1502,picclesacebolado,PicclesAcebolado,neutro,1.0,"precisando treinar um cardio, baka"
25:02,1502,4shenkk,4shenkk,positivo,1.0,SÓ SUBIR E FODASE
25:03,1503,larwsk94,larwsk94,neutro,1.0,vai ser preso ai
25:03,1503,sad_sosa,sad_sosa,neutro,1.0,Julinha chegou com o bonde
25:04,1504,antoniofuaarktv,AntonioFuaarkTv,confuso,1.0,e meu fio pode entrar ai???
25:07,1507,kureijinuwu,kureijinuwu,neutro,1.0,O cara tá entrando nas Backrooms
25:09,1509,mogamizz,mogamizz,neutro,1.0,entra
25:10,1510,peix3manso,peix3manso,neutro,1.0,entra entra
25:11,1511,peixe04,peixe04,neutro,1.0,ó as backrooms
25:11,1511,zenith_2xko,zenith_2xko,neutro,1.0,massa
25:11,1511,rafadesa80,rafadesa80,neutro,1.0,Azideia
25:12,1512,peix3manso,peix3manso,neutro,1.0,duvido entrar
25:12,1512,thrillerzs,thrillerzs,neutro,1.0,Nao tem maqui inja de água em
25:13,1513,kotori212,kotori212,neutro,1.0,sala da punheta
25:13,1513,natsusekai,NatsuSekai,neutro,1.0,"Tem um elevador lá pra direita, Baka"
25:13,1513,daikii_zzz,daikii_zzz,confuso,1.0,Só acho que n era pra tá ai
25:15,1515,lukask028,lukask028,engraçado,1.0,kkkkkk
25:15,1515,natsusekai,NatsuSekai,neutro,1.0,No térreo
25:17,1517,lobinhokun,LobinhoKun,neutro,1.0,julynhReido julynhReido julynhReido
25:18,1518,vitunaoki,vitunaoki,neutro,1.0,Só o resto
25:20,1520,rtcollapse,rtcollapse,confuso,1.0,É aí q é assombrado?
25:21,1521,johnnyraziel666,johnnyraziel666,confuso,0.667,tu usa um S25 ultra baka ?? qual celular vc usa ??
25:22,1522,aizenr6ss,aizenr6ss,neutro,1.0,oloco
25:22,1522,hisoka3011,hisoka3011,engraçado,1.0,rara aparição do baka
25:23,1523,thrillerzs,thrillerzs,engraçado,1.0,Invasor dunada kkkkkkk
25:23,1523,codinomepru,codinomepru,confuso,1.0,Já encontrou quantas góticas por aí?
25:23,1523,4shenkk,4shenkk,neutro,1.0,BICHA
25:24,1524,riperoso,Riperoso,neutro,1.0,bixa
25:24,1524,guilhermesl45,guilhermesl45,neutro,1.0,Ih
25:25,1525,m0am_,m0am_,neutro,1.0,bichona
25:25,1525,rafadesa80,rafadesa80,neutro,1.0,Hmmmmmmmm
25:27,1527,lostcaco,LostCaco,neutro,1.0,backrooms do punhetasso
25:28,1528,dmelosh,dmelosh,engraçado,1.0,BIXA KKKKK
25:28,1528,hyutarou,Hyutarou,neutro,1.0,cara dando spoiler do mapa da prox att
25:29,1529,joaoreisojisan,JoaoReisOjisan,neutro,1.0,tem o gê. gê baoum
25:30,1530,ihelris,ihelris,neutro,1.0,scuba
25:32,1532,melbylaaul,MelbyLaaul,neutro,1.0,ESSA COCA É FANTA
25:32,1532,styxagapii,styxagapii,confuso,1.0,Quando acontece o assalto?
25:37,1537,pqnajoy,pqnajoy,positivo,1.0,Manda um salve pro manto BR aí animal de tetas
25:38,1538,rafadesa80,rafadesa80,neutro,1.0,Tão metendo
25:43,1543,gunterfp5,gunterFP5,neutro,1.0,ai é o cu
25:43,1543,4shenkk,4shenkk,neutro,1.0,COME AI FAZ MUKBANG
25:44,1544,bhcbmds_0,bhcbmds_0,neutro,1.0,A loka Ku tem uma rampa mt parecida com essa
25:45,1545,m0am_,m0am_,neutro,1.0,pagamento retal
25:46,1546,matyfofo,matyfofo,confuso,1.0,essa área não tá desbloqueada ainda
25:49,1549,riperoso,Riperoso,neutro,1.0,Da 3 tiro na maquina
25:51,1551,rafadesa80,rafadesa80,neutro,1.0,Com o ânus
25:52,1552,kthyosu,kthyosu,neutro,1.0,paga com o cuzinho
25:56,1556,satesagatha,satesagatha,neutro,1.0,satesagatha watched 15 consecutive streams and sparked a watch streak!
25:57,1557,gunterfp5,gunterFP5,confuso,1.0,fechou o CU?
25:59,1559,dlemonster,DlEmonster,engraçado,0.5,aí que as crianças costuram sapato da nike?
26:00,1560,m0am_,m0am_,neutro,1.0,reto
26:01,1561,4shenkk,4shenkk,neutro,1.0,UAHSDUIAHSDUHSADUHAD
26:01,1561,guilhermesl45,guilhermesl45,engraçado,1.0,Kkkkkkk
26:02,1562,ggabriel_c_1,ggabriel_c_1,engraçado,1.0,rapa depenaro a galeria nera assim não tiraram ate o homem aranha
26:03,1563,m0am_,m0am_,neutro,1.0,com o reto
26:04,1564,hisoka3011,hisoka3011,neutro,1.0,agora usa oculos
26:04,1564,natsusekai,NatsuSekai,neutro,1.0,Fecharo CU
26:05,1565,v1perfx,V1PERFX,neutro,1.0,o cu fechou kk
26:07,1567,leahfar_,Leahfar_,confuso,1.0,Voltou pq Baka pro Brasil ?
26:07,1567,johnnyraziel666,johnnyraziel666,engraçado,1.0,viu o podcast do nando moura baka kkkkkkk
26:07,1567,clonevermelhobr,CloneVermelhoBR,neutro,1.0,Estou no vaso asstindo a live igual o baka falou
26:08,1568,ihelris,ihelris,engraçado,1.0,so aceita lulacoins
26:08,1568,1mchuck,1mchuck,engraçado,1.0,"porra, que risco do caralho"
26:08,1568,zenith_2xko,zenith_2xko,neutro,1.0,zenith_2xko watched 3 consecutive streams and sparked a watch streak!
26:09,1569,seubobao,seubobao,neutro,1.0,So botar 100 yenes
26:10,1570,stylcry_,stylcry_,confuso,1.0,aceita porra nesse cartão?
26:10,1570,harlockwhite01,harlockwhite01,neutro,1.0,Pix
26:14,1574,peix3manso,peix3manso,neutro,1.0,nossa
26:16,1576,adoniisu,adoniisu,neutro,1.0,o setup atiçando pra levarem embora
26:18,1578,peix3manso,peix3manso,neutro,1.0,pega o lgbt
26:18,1578,lukask028,lukask028,engraçado,1.0,kkkkkkkkkkkkkkkkkkk
26:19,1579,raparigadoassude,raparigadoassude,engraçado,1.0,kkkkkkkkkkkkkkk
26:19,1579,peluciacensurada,PeluciaCensurada,neutro,1.0,Bando de bicho noia
26:21,1581,guilhermesl45,guilhermesl45,engraçado,1.0,Slk kkkkkk
26:21,1581,rafadesa80,rafadesa80,neutro,1.0,Com o toba
26:21,1581,aizenr6ss,aizenr6ss,engraçado,1.0,kkkkkkkkkkk todo decomposto
26:22,1582,peix3manso,peix3manso,neutro,1.0,O LGBT
26:22,1582,kureijinuwu,kureijinuwu,engraçado,1.0,Kkkkkkkk
26:23,1583,onedev_,onedev_,engraçado,1.0,Masturbação Marimbondo
26:24,1584,hesiogu,hesiogu,engraçado,1.0,kkkkkkkkkkkkkkkkk
26:24,1584,kthyosu,kthyosu,neutro,1.0,coisa linda vala
26:24,1584,melbylaaul,MelbyLaaul,positivo,1.0,Os bichos mais foda-se possiveis
26:25,1585,juliogoxlbarbosa,Juliogoxlbarbosa,confuso,1.0,ACEITA PORRA NESSA MÁQUINA?
26:27,1587,kkgoji,kkgoji,engraçado,1.0,KKKKKKKKKKKK
26:28,1588,deyvisonmoraes,DeyvisonMoraes,positivo,0.5,"Aqui no brasil não é bom entrar em obra assim, você corre o risco de ser contratado."
26:28,1588,rafadesa80,rafadesa80,neutro,1.0,Bicho LGPT
26:29,1589,gato_de_patins,gato_de_patins,positivo,0.5,melhor ser assaltado que dar 5 reais nisso
26:30,1590,bisnaguito_san,bisnaguito_san,neutro,1.0,No Japil são mais bonitos
26:31,1591,styxagapii,styxagapii,engraçado,1.0,São 500 lulas e 99 lulacoins
26:31,1591,joaoreisojisan,JoaoReisOjisan,neutro,1.0,tudo dorgado
26:31,1591,jrpinato,jrpinato,engraçado,1.0,Meninada nao sabe que tem uma sub celebridade filmando os joguinho de garra
26:33,1593,kthyosu,kthyosu,neutro,1.0,homofobico
26:34,1594,matyfofo,matyfofo,positivo,0.5,incrivel como a estética do Brasil é feia
26:36,1596,dlemonster,DlEmonster,engraçado,1.0,não tem um ponponpurin
26:38,1598,peix3manso,peix3manso,neutro,1.0,ta engraçadinha
26:41,1601,harlockwhite01,harlockwhite01,neutro,1.0,Urso LGTV
26:41,1601,natie_martins,natie_martins,neutro,1.0,Os bixo com olho de que cheirou pó
26:43,1603,4shenkk,4shenkk,neutro,1.0,METE UM CONFIO
26:53,1613,eduardoscn,EduardoSCN,engraçado,0.5,os bicho tudo com um aspecto triste
26:54,1614,raphaels15,raphaels15,engraçado,1.0,Tem um monte desse em cima do meu guarda-roupa porque meu pai é viciado nesses brinquedos
26:56,1616,peix3manso,peix3manso,engraçado,1.0,kkkkkkkkkkkkkkkkkk
26:58,1618,eduardoscn,EduardoSCN,neutro,1.0,parece que tão em cativeiro
26:59,1619,ayanmelo,ayanmelo,neutro,1.0,tudo fudido
27:02,1622,johnnyraziel666,johnnyraziel666,confuso,0.667,tripé já vem com um carregador pra n deixar a bateria acabar ??
27:06,1626,guilhermesl45,guilhermesl45,neutro,1.0,Sim
27:09,1629,peix3manso,peix3manso,frustrado,1.0,nossa e esse coelho putasso
27:16,1636,deyvisonmoraes,DeyvisonMoraes,neutro,1.0,bicho com cara de reciclado
27:16,1636,thrillerzs,thrillerzs,engraçado,1.0,Problema que é é 10% do salário do CLT pra joga
27:18,1638,peixe04,peixe04,neutro,1.0,os bixo radioativo
27:22,1642,kthyosu,kthyosu,negativo,1.0,bgl feio da prr
27:23,1643,rafadesa80,rafadesa80,neutro,1.0,Só bicho químico dependente
27:27,1647,gato_de_patins,gato_de_patins,neutro,1.0,carregando e carregando
27:28,1648,4shenkk,4shenkk,positivo,1.0,BOA
27:32,1652,rafadesa80,rafadesa80,neutro,1.0,Ah sim
27:36,1656,joaoreisojisan,JoaoReisOjisan,engraçado,0.5,segurando o tripé?
27:42,1662,j_pauloo,j_pauloo,neutro,1.0,"@matyfofo as cidades do Brasil, em geral, são muito feias. Cresceram sem nenhum planejamento e resultaram nessa desgraça aí"
27:44,1664,natsusekai,NatsuSekai,neutro,1.0,TEM ELEVADOR
27:49,1669,johnnyraziel666,johnnyraziel666,confuso,1.0,vc usa Samsung ??
27:51,1671,natsusekai,NatsuSekai,neutro,1.0,LÁ NA ESQUERDA
27:55,1675,kthyosu,kthyosu,neutro,1.0,filmando as parede
27:59,1679,marryros098,marryros098,engraçado,1.0,Marilha Mendonça
27:59,1679,rafadesa80,rafadesa80,confuso,1.0,Ué? E a coruja viada??????
27:59,1679,guilhermesl45,guilhermesl45,neutro,1.0,Foi
28:04,1684,peix3manso,peix3manso,neutro,1.0,@j_pauloo mas tem beleza na feiura :(
28:06,1686,peix3manso,peix3manso,neutro,1.0,ENTRA
28:10,1690,peix3manso,peix3manso,neutro,1.0,ENTRA NO LUGAR PROIBIDO
28:11,1691,eduardoscn,EduardoSCN,neutro,1.0,elevador fudido de 90 anos
28:13,1693,eduardoscn,EduardoSCN,engraçado,1.0,kkkkk
28:14,1694,sir_wonka0,sir_wonka0,neutro,1.0,F
28:19,1699,johnnyraziel666,johnnyraziel666,confuso,1.0,já escorregou alguma vez quando voltou para o brasil ??
28:22,1702,rafadesa80,rafadesa80,engraçado,1.0,E vdd. E ainda vai passar covid pra criança
28:25,1705,thrillerzs,thrillerzs,neutro,1.0,2 pernas 40% saudáveis
28:27,1707,4shenkk,4shenkk,neutro,1.0,MLK TODO FUDIDO AO 20 ANOS
28:27,1707,peix3manso,peix3manso,neutro,1.0,nao ta safe
28:28,1708,deyvisonmoraes,DeyvisonMoraes,neutro,1.0,Sim
28:29,1709,guilhermesl45,guilhermesl45,neutro,1.0,Tá
28:30,1710,a_palavra_cabalistica_eh,凹凸凹凸凹凸凹凸凹凸凹,positivo,1.0,melhorou
28:32,1712,mogamizz,mogamizz,neutro,1.0,para de tentar evitar filmar as pessoas e joga a camera na cara logo @BakaGaijinLive
28:33,1713,kthyosu,kthyosu,neutro,1.0,ta so filmando as parede
28:37,1717,coolmelado,coolmelado,confuso,1.0,ELE JA GEMEU NESSA LIVE????? ALGUEM??
28:37,1717,rafadesa80,rafadesa80,positivo,1.0,Tá de boa
28:38,1718,niaranni,niaranni,neutro,1.0,LGC tu tá no Brasil
28:38,1718,johnnyraziel666,johnnyraziel666,neutro,1.0,baka todo corado ksksksk
28:39,1719,peluciacensurada,PeluciaCensurada,engraçado,1.0,Acabei de escovar os dentes passei um fio dental e usei listerine
28:40,1720,aizenr6ss,aizenr6ss,neutro,1.0,pse
28:41,1721,9dezz,9dezz,neutro,1.0,F
28:42,1722,itskaue,itskaue,neutro,1.0,F
28:42,1722,johnnyraziel666,johnnyraziel666,neutro,1.0,F
28:43,1723,4shenkk,4shenkk,neutro,1.0,F
28:43,1723,j_pauloo,j_pauloo,neutro,1.0,@peix3manso n tem. Na feiura há apenas decepção e negligência.
28:44,1724,xjeffrmo,xJeffrmo,neutro,1.0,f
28:44,1724,rafadesa80,rafadesa80,neutro,1.0,Caiu
28:44,1724,zenith_2xko,zenith_2xko,neutro,1.0,g
28:45,1725,satesagatha,satesagatha,neutro,1.0,F
28:45,1725,zenith_2xko,zenith_2xko,neutro,1.0,f
28:45,1725,lucks180,lucks180,neutro,1.0,f
28:45,1725,eduardoscn,EduardoSCN,engraçado,0.667,foda que agora a galera te entende agora né klkkkk
28:46,1726,raparigadoassude,raparigadoassude,neutro,1.0,F
28:46,1726,aizenr6ss,aizenr6ss,neutro,1.0,f
28:46,1726,pandoras_boox,pandoras_boox,neutro,1.0,Pessoal aqui n se importa tbm n Baka
28:46,1726,anime__react,anime__react,neutro,1.0,F
28:47,1727,kthyosu,kthyosu,neutro,1.0,ih
28:47,1727,sad_sosa,sad_sosa,neutro,1.0,F
28:47,1727,a_palavra_cabalistica_eh,凹凸凹凸凹凸凹凸凹凸凹,neutro,1.0,morretes
28:47,1727,jsa051,jsa051,neutro,1.0,F
28:47,1727,guilhermesl45,guilhermesl45,neutro,1.0,Ixi
28:48,1728,vitunaoki,vitunaoki,neutro,1.0,F
28:48,1728,raphinhandg,raphinhandg,neutro,1.0,gg
28:48,1728,marryros098,marryros098,neutro,1.0,F
28:48,1728,beatrizcrotti,beatrizcrotti,neutro,1.0,F
28:48,1728,dlemonster,DlEmonster,neutro,1.0,f
28:49,1729,kthyosu,kthyosu,neutro,1.0,F
28:49,1729,niaranni,niaranni,neutro,1.0,F
28:49,1729,kkgoji,kkgoji,neutro,1.0,viiiish
28:49,1729,caralioca,Caralioca,neutro,1.0,f
28:49,1729,mogamizz,mogamizz,neutro,1.0,agora sim f
28:50,1730,deyvisonmoraes,DeyvisonMoraes,neutro,1.0,Nussa
28:50,1730,patrickkzx,patrickkzx,neutro,1.0,F
28:50,1730,dmelosh,dmelosh,neutro,1.0,Eita
28:50,1730,indolentesemescrupulos,indolentesemescrupulos,neutro,1.0,foi pos carai
28:50,1730,rafadesa80,rafadesa80,neutro,1.0,F
28:50,1730,marie_bsts,Marie_Bsts,neutro,1.0,f
28:50,1730,allanolv_,allanolv_,neutro,1.0,F
28:50,1730,johnnyraziel666,johnnyraziel666,neutro,1.0,FF
28:51,1731,pandoras_boox,pandoras_boox,neutro,1.0,Eu trampava ai perto inclusive
28:51,1731,melbylaaul,MelbyLaaul,neutro,1.0,Foi roubado
28:51,1731,lucks180,lucks180,neutro,1.0,F
28:52,1732,allanolv_,allanolv_,neutro,1.0,f
28:52,1732,xjeffrmo,xJeffrmo,neutro,1.0,travou
28:52,1732,harlockwhite01,harlockwhite01,neutro,1.0,F
28:53,1733,bhrayan77,Bhrayan77,neutro,1.0,F
28:53,1733,dmelosh,dmelosh,neutro,1.0,F
28:53,1733,caiopinto120887,caiopinto120887,neutro,1.0,Vish
28:53,1733,xjeffrmo,xJeffrmo,neutro,1.0,voltou
28:53,1733,allanolv_,allanolv_,neutro,1.0,F
28:53,1733,4shenkk,4shenkk,positivo,1.0,VOLTAMO
28:54,1734,picclesacebolado,PicclesAcebolado,neutro,1.0,F
28:54,1734,sousply,sousply,neutro,1.0,F
28:56,1736,rafadesa80,rafadesa80,neutro,1.0,Caiu
28:56,1736,marryros098,marryros098,neutro,1.0,Voltou
28:56,1736,johnnyraziel666,johnnyraziel666,neutro,1.0,FFFF
28:57,1737,guilhermesl45,guilhermesl45,neutro,1.0,Voltou
28:57,1737,aizenr6ss,aizenr6ss,neutro,1.0,volto
28:57,1737,omoshiroi56,omoshiroi56,neutro,1.0,Éfi
28:57,1737,4shenkk,4shenkk,neutro,1.0,VOLTOU
28:57,1737,lmprods776,lmprods776,neutro,1.0,voltou
28:58,1738,joaoreisojisan,JoaoReisOjisan,positivo,1.0,a filmagem tá de boa
28:58,1738,9dezz,9dezz,neutro,1.0,Voltou
28:58,1738,luis_6253,luis_6253,neutro,1.0,F
28:59,1739,jsa051,jsa051,neutro,1.0,Voltou
28:59,1739,deyvisonmoraes,DeyvisonMoraes,neutro,1.0,elisModCheck
28:59,1739,kthyosu,kthyosu,neutro,1.0,voltou
29:01,1741,sir_wonka0,sir_wonka0,neutro,1.0,Virou saudades
29:03,1743,dmelosh,dmelosh,confuso,1.0,Foi assaltado?
29:03,1743,pulchram12,pulchram12,neutro,1.0,Voltou já
29:03,1743,rafadesa80,rafadesa80,neutro,1.0,Travou
29:04,1744,ayanmelo,ayanmelo,confuso,1.0,roubaram a camera?
29:07,1747,rafadesa80,rafadesa80,neutro,1.0,Voltou
29:09,1749,raparigadoassude,raparigadoassude,neutro,1.0,Ó
29:10,1750,jeffstaz,jeffstaz,confuso,1.0,Quando tem live na rocinha?
29:13,1753,itskaue,itskaue,neutro,1.0,"roubaram ele, agora é o JekaXaxinLive"
29:14,1754,picclesacebolado,PicclesAcebolado,neutro,1.0,voltou
29:16,1756,passarobllue,passarobllue,engraçado,0.5,Faz live no brasil mas falando em japonês pra ficar ao contrário
29:18,1758,rafadesa80,rafadesa80,confuso,1.0,Tropico baka?
29:21,1761,harlockwhite01,harlockwhite01,neutro,1.0,Fala em japonês para os br não te entender
29:26,1766,johnnyraziel666,johnnyraziel666,confuso,0.5,"baka sua camera é boa, qual celular vc usa ??"
29:29,1769,itskaue,itskaue,neutro,1.0,pokebola do minecraft
29:34,1774,coolmelado,coolmelado,confuso,1.0,Teve surra de bunda ja???
29:36,1776,rafadesa80,rafadesa80,neutro,1.0,Loja do Kiko
29:38,1778,mogamizz,mogamizz,neutro,1.0,pokedrada
29:45,1785,guilhermesl45,guilhermesl45,neutro,1.0,Compra um
29:49,1789,lostcaco,LostCaco,neutro,1.0,no BR vc pode ser processado por filmar menor de idade
29:55,1795,rafadesa80,rafadesa80,neutro,1.0,Solzinho
29:57,1797,9dezz,9dezz,neutro,1.0,Pokekubo
30:00,1800,marcelooopjl,marcelooopjl,confuso,1.0,Tá podendo começar o punhetaço?
30:01,1801,passarobllue,passarobllue,neutro,1.0,Ta ansiosa 9vinha
30:02,1802,aizenr6ss,aizenr6ss,neutro,1.0,é que ta calor msm
30:06,1806,davisouza78,davisouza78,frustrado,1.0,ENSUDERCEDOR O SEU SILÊNCIO SOBRE O PREÇO DO SAL NA INDONÉSIA 🤬
30:06,1806,jeffstaz,jeffstaz,neutro,1.0,É de tesão
30:07,1807,rafadesa80,rafadesa80,neutro,1.0,Vixi fedendo a queijo já
30:09,1809,johnnyraziel666,johnnyraziel666,engraçado,1.0,pras lives qual celular vc usa para gravar
30:09,1809,zenith_2xko,zenith_2xko,neutro,1.0,ta com o cusao suado ja
30:13,1813,joaoreisojisan,JoaoReisOjisan,neutro,1.0,né ansiedade não. tá um calor da poha no Brazel inteiro
30:14,1814,4shenkk,4shenkk,neutro,1.0,EEEEEEEEEITA
30:14,1814,lukask028,lukask028,engraçado,1.0,kkkkkkkkkkk
30:16,1816,maxxy_bb,maxxy_bb,neutro,1.0,japao bem silencioso ne
30:16,1816,guilhermesl45,guilhermesl45,positivo,1.0,Pika
30:17,1817,johnnyraziel666,johnnyraziel666,neutro,1.0,lá ele 2x
30:20,1820,thrillerzs,thrillerzs,neutro,1.0,Veio vomitando ai
30:21,1821,hagakure_sg,Hagakure_SG,confuso,1.0,@BakaGaijinLive  ai é a oliveira lima? passa no bar do jé ai
30:24,1824,deyvisonmoraes,DeyvisonMoraes,confuso,1.0,ja ja alguém te reconhece
30:25,1825,digo_94,Digo_94,neutro,1.0,COMPRA
30:31,1831,rickh_027,rickh_027,confuso,1.0,Baka vai pro japao no hallowen?
30:31,1831,rafadesa80,rafadesa80,engraçado,1.0,Cheirando a ricota
30:34,1834,matyfofo,matyfofo,confuso,1.0,então esse é o Seu longo?
30:34,1834,peluciacensurada,PeluciaCensurada,neutro,1.0,Erótico
30:40,1840,sb_vizoto,sb_vizoto,neutro,1.0,aquela coruja cheirou algo
30:43,1843,kotori212,kotori212,positivo,1.0,eu sento na pika
30:43,1843,4shenkk,4shenkk,neutro,1.0,COMPRA ALGUMA COISA PRA EU IMAGINAR QUE SOU EU QU TA COMPRANDO
30:43,1843,trickyzter,TrickyzTer,neutro,1.0,iiiiiiiiiiiiiiiiiii
30:44,1844,a_palavra_cabalistica_eh,凹凸凹凸凹凸凹凸凹凸凹,neutro,1.0,o bolo eu como bobo
30:45,1845,rafadesa80,rafadesa80,neutro,1.0,AI QUE DELIXIAAAAAA
30:45,1845,natie_martins,natie_martins,neutro,1.0,MÍSTICO
30:45,1845,moitabr3,moitabr3,neutro,1.0,eu como o bolo
30:48,1848,leitadordebarbudos,LeitadorDeBarbudos,confuso,1.0,"Que legal esse lugar, você está em Oslo?"
30:54,1854,johnnyraziel666,johnnyraziel666,neutro,1.0,lá ele 2x baka
30:55,1855,kotori212,kotori212,engraçado,1.0,kkkkkkkkkkkk
30:55,1855,zenith_2xko,zenith_2xko,engraçado,1.0,kkkkkkkkkkk
30:56,1856,natsusekai,NatsuSekai,neutro,1.0,Comer o bolo dói mais
30:56,1856,aizenr6ss,aizenr6ss,engraçado,1.0,a mulher olhando kkkkkkkkkkkkkkkkk
31:00,1860,kkgoji,kkgoji,engraçado,1.0,a mulher olhando kkkkkkkkkk
31:01,1861,kthyosu,kthyosu,engraçado,1.0,a mulher vsfKKKKK
31:01,1861,italoooowd,italoooowd,engraçado,1.0,A mulher kkkkk
31:03,1863,dmelosh,dmelosh,engraçado,1.0,Kkkkkkkk
31:04,1864,kotori212,kotori212,neutro,1.0,a mulher olhando pra trás
31:05,1865,luis_weverton,luis_weverton,neutro,1.0,Dois cara numa moto
31:06,1866,artuurbr21,artuurbr21,engraçado,1.0,Kkkkkkkkkkkkkk
31:07,1867,zkamykazez,zKAMYKAZEz,engraçado,1.0,kkkkkkkkkkkkkk
31:07,1867,siriusb3ck,SiriusB3ck,engraçado,1.0,KKKKKKKKKK
31:10,1870,raparigadoassude,raparigadoassude,confuso,1.0,A MIUÉ
31:10,1870,lara_bento,Lara_bento,engraçado,1.0,e a criança na frente ouvindo essa pouca vergonha
31:18,1878,johnnyraziel666,johnnyraziel666,confuso,1.0,já comeu  dorayaki ??
31:20,1880,kureijinuwu,kureijinuwu,neutro,1.0,A mulher virando
31:20,1880,guilhermesl45,guilhermesl45,engraçado,1.0,Kkkkkkk
31:21,1881,rafadesa80,rafadesa80,inspirado,1.0,Baka desaprendeu a andar em SP
31:23,1883,a_palavra_cabalistica_eh,凹凸凹凸凹凸凹凸凹凸凹,neutro,1.0,sentar numa rola e comer bolo win win
31:26,1886,digo_94,Digo_94,confuso,1.0,tá na india?
31:28,1888,heartonlyheart,HeartOnlyHeart,neutro,1.0,Oi oi
31:32,1892,peluciacensurada,PeluciaCensurada,engraçado,1.0,Só quem se arrisca merece viver o extraordinário
31:33,1893,jeffstaz,jeffstaz,neutro,1.0,Ksksk
31:38,1898,annoyinger,Annoyinger,confuso,1.0,"agr q vc ta abrasileirado ja pensou em fazer rebrand pra ""estrangeiro idiota"" ?"
31:39,1899,rafadesa80,rafadesa80,positivo,0.5,Criança que se foda
31:41,1901,peix3manso,peix3manso,neutro,1.0,delinquente
31:42,1902,coolmelado,coolmelado,confuso,1.0,"BAKA, JA TEM VISTO BRASILEIRO???"
31:44,1904,trickyzter,TrickyzTer,neutro,1.0,pode ir
31:45,1905,deyvisonmoraes,DeyvisonMoraes,engraçado,1.0,"é meeeeesmo, agora todo mundo entende ele. kkkkkkkkkkkkkkkk"
31:46,1906,caipirinha_2007,caipirinha_2007,neutro,1.0,ta hardcore
31:46,1906,leitadordebarbudos,LeitadorDeBarbudos,confuso,1.0,Voce está na Europa? Notei  pelas características das pessoas
31:46,1906,kthyosu,kthyosu,neutro,1.0,se for atropelado da mais view
31:47,1907,davisouza78,davisouza78,neutro,1.0,QUE LUGAR DA MONGÓLIA É ESSE LUGAR
31:47,1907,kkgoji,kkgoji,neutro,1.0,'ta safe
31:48,1908,beyond_desolation2,Beyond_Desolation2,neutro,1.0,Finalmente viajou para a Hong Kong baka
31:49,1909,guilhermesl45,guilhermesl45,neutro,1.0,Tá suave
31:52,1912,trickyzter,TrickyzTer,engraçado,1.0,que calçada kkkkkkkkkkkkkkkkkkkk
31:53,1913,aizenr6ss,aizenr6ss,engraçado,0.667,calçada boa ein kkkkkkkkkk
31:55,1915,shizume_u,Shizume_u,neutro,1.0,Got your back
31:58,1918,niuz_pv,Niuz_pv,neutro,1.0,invade os terraços
31:58,1918,mogamizz,mogamizz,neutro,1.0,cara ta na arabia saudita
31:59,1919,kotori212,kotori212,neutro,1.0,ta no hardcore cuidado
31:59,1919,4shenkk,4shenkk,engraçado,1.0,TÁ MUITO INGRID ESSAS RUA
32:00,1920,rafadesa80,rafadesa80,neutro,1.0,Cadê a calçada do bagulho
32:03,1923,moitabr3,moitabr3,neutro,1.0,que linda essa provincia de osaka
32:07,1927,mogamizz,mogamizz,confuso,1.0,que isso o gemaplys
32:07,1927,pandoras_boox,pandoras_boox,neutro,1.0,Todo santo dia eu descia essa rua ai pra trampar
32:08,1928,hisoka3011,hisoka3011,neutro,1.0,Mds passou o apocalipse aí
32:08,1928,pogsnow,PogSnow,neutro,1.0,@Beyond_Desolation2 é na india
32:08,1928,thrillerzs,thrillerzs,neutro,1.0,Vai torcer o pé ai
32:09,1929,gabrierf,gabrierf,neutro,1.0,caralho CUIDADO pra NAO comerem seu CU AÍ
32:11,1931,peluciacensurada,PeluciaCensurada,neutro,1.0,O caminho das pedras é lá na praça da republica
32:13,1933,gmblost,gmbLOST,neutro,1.0,que bairro é esse do japão
32:14,1934,kthyosu,kthyosu,neutro,1.0,tá andando pelo vale da sombra da morte
32:14,1934,raparigadoassude,raparigadoassude,engraçado,1.0,KKKKKKKKKKKKKKKKKKK
32:15,1935,pulchram12,pulchram12,neutro,1.0,Invade os prédios
32:15,1935,luis_weverton,luis_weverton,confuso,1.0,Tá na Índia?
32:16,1936,zenith_2xko,zenith_2xko,neutro,1.0,os japones estao dublados ja
32:18,1938,alveshvs,Alveshvs,neutro,1.0,Roubaram a calãda
32:19,1939,rafadesa80,rafadesa80,positivo,0.5,Criança é foda
32:19,1939,maxxy_bb,maxxy_bb,confuso,1.0,tokyo ai?
32:22,1942,johnnyraziel666,johnnyraziel666,confuso,1.0,vendeu seu switch 2 ??? vai pagar 4600 reais aqui ??
32:23,1943,styxagapii,styxagapii,engraçado,1.0,KKKKKKKKKKKKK
32:23,1943,redwinepie,redwinepie,positivo,1.0,Baka foi pra Hiroshima depois da bomba
32:23,1943,artuurbr21,artuurbr21,positivo,1.0,"Baka na última live tinha a carta do yugioh vc caiu na armadilha e parou no Brasil,nós avisamos ainda!!"
32:25,1945,sunset__32,sunset__32,neutro,1.0,japão ta bem fudido hein parece até o rj
32:26,1946,digo_94,Digo_94,neutro,1.0,tão te seguindo
32:27,1947,matyfofo,matyfofo,neutro,1.0,baka esqueceu que as pessoas podem entender ele agora
32:28,1948,semnick001,semnick001,confuso,1.0,"""ninguém é de ninguém?"
32:28,1948,deyvisonmoraes,DeyvisonMoraes,positivo,1.0,Tamo bem
32:28,1948,beyond_desolation2,Beyond_Desolation2,positivo,0.5,A internett é boa aí em Hong Kong? @BakaGaijinLive
32:28,1948,fibbs,フィブス,engraçado,1.0,LUL
32:29,1949,mogamizz,mogamizz,engraçado,1.0,kkkkkkkkkkkkkkkkk
32:29,1949,trickyzter,TrickyzTer,neutro,1.0,i ala
32:29,1949,jeffstaz,jeffstaz,neutro,1.0,Ksks
32:29,1949,deannnn_,deannnn_,engraçado,1.0,kkkkkkkkkkkkkkkkkkk
32:29,1949,4shenkk,4shenkk,engraçado,1.0,KKKKKKKKKKKK
32:30,1950,kkgoji,kkgoji,engraçado,1.0,"foi quando vc disse ""erótico"" kkk"
32:31,1951,semnick001,semnick001,engraçado,1.0,KKKKKKKKKKKKKKKKKK
32:31,1951,deyvisonmoraes,DeyvisonMoraes,engraçado,1.0,Meu deus kkkkkkkkkkkkkkkkkkkk
32:32,1952,4shenkk,4shenkk,neutro,1.0,IASDUIAHSDIUAHSDIHUADSIUHAIHUD
32:32,1952,ripcroww,RipCrowW,engraçado,1.0,kkkkkkkkkkkkkkk
32:32,1952,deannnn_,deannnn_,confuso,1.0,os maloqueiro ai rapaziada
32:33,1953,kotori212,kotori212,neutro,1.0,krl
32:33,1953,dedsz2,dedsz2,engraçado,1.0,kkkkkkkkkkkkkkkkkkk
32:33,1953,jettasz,jettasz,engraçado,1.0,kkkkkkkkkkkkkkkkkk
32:34,1954,thrillerzs,thrillerzs,neutro,1.0,Se falou erótico
32:34,1954,sunset__32,sunset__32,engraçado,1.0,kkkkkkkkkkkkkkkk
32:34,1954,peix3manso,peix3manso,neutro,1.0,NARRA NARRA
32:34,1954,guilhermesl45,guilhermesl45,engraçado,1.0,Kkkkkkkkkk
32:35,1955,rantos9,rantos9,neutro,1.0,pegou os menor
32:35,1955,gato_de_patins,gato_de_patins,engraçado,1.0,jkkkkkkkkkkkkkkkkkkkk
32:35,1955,raparigadoassude,raparigadoassude,engraçado,1.0,KKKKKKKKKKK
32:35,1955,gmblost,gmbLOST,engraçado,1.0,kkkkkkkkkkkkkkkkk
32:35,1955,licht_zayy,licht_zayy,engraçado,1.0,Kkkkkskskskkskkk
32:35,1955,aizenr6ss,aizenr6ss,neutro,1.0,this is brazil
32:36,1956,deyvisonmoraes,DeyvisonMoraes,engraçado,1.0,Ao vivo kkkkkkkkkkkkkkkkk
32:36,1956,kthyosu,kthyosu,engraçado,1.0,KKKKKKKK
32:36,1956,zenith_2xko,zenith_2xko,engraçado,1.0,kkkkkkkk
32:36,1956,caipirinha_2007,caipirinha_2007,engraçado,1.0,kkkkkkkkkkkkkkkk
32:36,1956,rafadesa80,rafadesa80,neutro,1.0,Eita portrayal!!!
32:37,1957,levini01,LeVini01,engraçado,1.0,kkkkkkkkkkkkkkkkkk
32:37,1957,picclesacebolado,PicclesAcebolado,engraçado,1.0,kkkkkkkkkkkkkkkkkkkkkkkkk
32:37,1957,zkamykazez,zKAMYKAZEz,engraçado,1.0,kkkkkkkkkkkkk
32:37,1957,pulchram12,pulchram12,engraçado,1.0,KKKKKKKKKKKKKKKKKKKKKKKK
32:38,1958,vitunaoki,vitunaoki,engraçado,1.0,Kkkkkkkkkk
32:38,1958,shizume_u,Shizume_u,neutro,1.0,SUCO DO VRASIL
32:38,1958,lukask028,lukask028,neutro,1.0,mds cara
32:39,1959,peixe04,peixe04,neutro,1.0,SLK
32:39,1959,catchau2005,catchau2005,neutro,1.0,grupo de oração
32:39,1959,leromll,leromll,engraçado,1.0,kkkkkkkkkk
32:40,1960,lostcaco,LostCaco,engraçado,1.0,vai ser processado por filmar bandido kkk
32:40,1960,dlemonster,DlEmonster,engraçado,1.0,kkkkkkkkk
32:42,1962,sunset__32,sunset__32,engraçado,1.0,KKKKKKKKKKKKKKKKKKKKK
32:42,1962,sousply,sousply,engraçado,1.0,kkkkkkkkkkkkkkkkkkkk
32:43,1963,4shenkk,4shenkk,neutro,1.0,ENTRA NA FILA
32:43,1963,rafadesa80,rafadesa80,neutro,1.0,BRASIL
32:44,1964,zagaia1,zagaia1,engraçado,1.0,kkkkkkkkkk
32:46,1966,licht_zayy,licht_zayy,neutro,1.0,Quase que foi enquadrado junto
32:46,1966,styxagapii,styxagapii,frustrado,1.0,PQP
32:46,1966,deyvisonmoraes,DeyvisonMoraes,engraçado,1.0,Ja vai abrindo as perna
32:47,1967,lukask028,lukask028,engraçado,1.0,kkkkkkkkkkkkkkkkkkkkkkk BRASIL crl
32:47,1967,zkamykazez,zKAMYKAZEz,neutro,1.0,QUERO IBAGENS CAPITÃO
32:47,1967,dan_bsk24,dan_bsk24,neutro,1.0,só papelão
32:48,1968,leitadordebarbudos,LeitadorDeBarbudos,neutro,1.0,puro suco de sp
32:49,1969,natie_martins,natie_martins,neutro,1.0,Só na dlc do Brasil
32:51,1971,shizume_u,Shizume_u,neutro,1.0,AKAKAKAKAKAKAKAKAKA
32:52,1972,rafadesa80,rafadesa80,neutro,1.0,Simplesmente BRASIL
32:52,1972,thrillerzs,thrillerzs,engraçado,1.0,Kkkkkkkkkkk npc officer
32:52,1972,johnnyraziel666,johnnyraziel666,confuso,1.0,agr que voltou para o brasil faz o pão de alho do Davy jones ?????
32:52,1972,harlockwhite01,harlockwhite01,engraçado,1.0,Kkkkkk vai levar enquadro também
32:53,1973,niuz_pv,Niuz_pv,neutro,1.0,!clip
32:53,1973,peix3manso,peix3manso,engraçado,1.0,kkkkkkkkkkkkkkkkkkkkkk
32:54,1974,sb_vizoto,sb_vizoto,neutro,1.0,volta la e fala com o policia
32:55,1975,moitabr3,moitabr3,positivo,1.0,SEGURANCA Publica top
32:58,1978,kotori212,kotori212,engraçado,1.0,kkkkkkkkkkkkkkkkkkkkkkkkkk
32:58,1978,semnick001,semnick001,confuso,1.0,?
32:58,1978,duckn_00,duckn_00,engraçado,1.0,kkkkkkkkk
32:58,1978,kthyosu,kthyosu,neutro,1.0,oxe
32:58,1978,xtsukin,xtsukin,confuso,1.0,ta em israel?
32:58,1978,gato_de_patins,gato_de_patins,engraçado,1.0,kkkkkkkkkkkkkkkk
32:59,1979,peluciacensurada,PeluciaCensurada,neutro,1.0,Aquilo é fila de exame de próstata
32:59,1979,9dezz,9dezz,confuso,1.0,Ué
32:59,1979,rafadesa80,rafadesa80,engraçado,1.0,Hahahahahahahahahahahaha
32:59,1979,4shenkk,4shenkk,engraçado,1.0,KKKKKKKKKKKKKKKKKKK
33:00,1980,ed_mort,Ed_Mort,engraçado,1.0,kkkkkkkkkkkkk
33:00,1980,guilhermesl45,guilhermesl45,engraçado,1.0,Kkkkkkkkk
33:00,1980,coolmelado,coolmelado,neutro,1.0,Do nada
33:00,1980,vinnyfborg,vinnyfborg,engraçado,1.0,Hahahuahahaha
33:01,1981,kthyosu,kthyosu,engraçado,1.0,KKKKKKKKKKK
33:02,1982,fibbs,フィブス,engraçado,1.0,LUL
33:03,1983,passarobllue,passarobllue,neutro,1.0,AKAPAKAPAKAPAKA
33:03,1983,artuurbr21,artuurbr21,neutro,1.0,0 aura
33:04,1984,skzpkr,skzpkr,neutro,1.0,Cheguei e com 1 minuto vi um enquadro
33:04,1984,mrdarkku,mrdarkku,confuso,1.0,oxe?
33:05,1985,kthyosu,kthyosu,confuso,1.0,ue porra?
33:06,1986,sanosuke0,Sanosuke0,engraçado,1.0,kkkkkkkkkkkkkkkkkkkkkkkk
33:07,1987,shizume_u,Shizume_u,neutro,1.0,Akakakakakakakakakakakakakakaka
33:07,1987,nver0_0,nver0_0,engraçado,1.0,+1 inscrito
33:07,1987,lostcaco,LostCaco,engraçado,0.667,que bosta kkkk
33:07,1987,jettasz,jettasz,neutro,1.0,jon vlogs
33:07,1987,lukask028,lukask028,engraçado,1.0,kkkkkkkkkkkkkkkkkkkkkkk mds
33:07,1987,redwinepie,redwinepie,neutro,1.0,Paid Actor
33:08,1988,digo_94,Digo_94,engraçado,1.0,KKKKKKKKKKKKKK
33:09,1989,davisouza78,davisouza78,engraçado,1.0,Kkkkkkkkkkkkkkkkkkkkkk
33:09,1989,mrdarkku,mrdarkku,neutro,1.0,nem conhece
33:10,1990,a_palavra_cabalistica_eh,凹凸凹凸凹凸凹凸凹凸凹,engraçado,1.0,do nada kkkk
33:10,1990,evilgelico,evilgelico,confuso,1.0,Esse é o Japão que deu errado
33:10,1990,rafadesa80,rafadesa80,neutro,1.0,Az zideia!!!!!
33:11,1991,4shenkk,4shenkk,neutro,1.0,DO ABSOLUTO NADA
33:11,1991,xjeffrmo,xJeffrmo,neutro,1.0,IJHASIOASDHJOISdjoipasdf
33:12,1992,vinnyfborg,vinnyfborg,engraçado,1.0,Kkkk do nada
33:12,1992,lara_bento,Lara_bento,engraçado,1.0,Putz jkkkkkk
33:12,1992,wesleyp2p,wesleyp2p,engraçado,0.667,Coitado do baka tendo que falar com pessoas KKKKK
33:16,1996,trickyzter,TrickyzTer,neutro,1.0,ator pago
33:16,1996,kkgoji,kkgoji,positivo,1.0,famose ele
33:16,1996,gato_de_patins,gato_de_patins,neutro,1.0,braga
33:16,1996,picclesacebolado,PicclesAcebolado,engraçado,1.0,KKKKKKKKKKKKKKK
33:16,1996,guilhermesl45,guilhermesl45,confuso,1.0,Ninguém conhece
33:16,1996,bakalove69,BakaLove69,neutro,1.0,Menos -10999 aura
33:17,1997,aizenr6ss,aizenr6ss,neutro,1.0,os populares
33:17,1997,heartonlyheart,HeartOnlyHeart,engraçado,1.0,Kkkkkkkkkk
33:18,1998,rafadesa80,rafadesa80,neutro,1.0,Tá PORRA!!!!
33:19,1999,kureijinuwu,kureijinuwu,engraçado,1.0,"""ATOR PAGO"" KKKKKK"
33:19,1999,iksicarius,iksicarius,neutro,1.0,Entrosa do caralho
33:19,1999,alveshvs,Alveshvs,neutro,1.0,+aura
33:19,1999,9dezz,9dezz,neutro,1.0,Do nada
33:20,2000,caralioca,Caralioca,neutro,1.0,"ta fingindo, conhece sim"
33:20,2000,vinsttv_,vinsttv_,engraçado,1.0,KKKKKKKKKKKKKKKKKKKKK
33:21,2001,marie_bsts,Marie_Bsts,engraçado,1.0,kkkkkkkkkkkk
33:22,2002,ayanmelo,ayanmelo,confuso,1.0,nem conhece e ta parando? noia do carai
33:23,2003,4shenkk,4shenkk,neutro,1.0,OXEEEE
33:23,2003,coolmelado,coolmelado,neutro,1.0,Enchendo o saco ja
33:23,2003,vitunaoki,vitunaoki,engraçado,1.0,Oh o curioso
33:24,2004,rafadesa80,rafadesa80,engraçado,1.0,Kkkkkkkkkkkkkkkkkkkkk
33:24,2004,levini01,LeVini01,neutro,1.0,+1
33:24,2004,fibbs,フィブス,engraçado,1.0,LUL meteu o louco
33:25,2005,peluciacensurada,PeluciaCensurada,neutro,1.0,Eita
33:25,2005,4shenkk,4shenkk,neutro,1.0,ASHDIUAHDIHIUHSIHAU
33:25,2005,peix3manso,peix3manso,engraçado,1.0,kkkkkkkkkkkkkkkkkkkkkkkkk
33:25,2005,passarobllue,passarobllue,neutro,1.0,Soletrando pro brasileiro analfabeto
33:25,2005,jeffstaz,jeffstaz,neutro,1.0,Ksks
33:26,2006,kthyosu,kthyosu,engraçado,1.0,ue manlKKKKKK
33:26,2006,semnick001,semnick001,neutro,1.0,pagou esse cara aí né
33:26,2006,lostcaco,LostCaco,engraçado,1.0,CRINGE DEMAIS
33:26,2006,natsusekai,NatsuSekai,neutro,1.0,SP é cheio de NPC slk
33:27,2007,sanosuke0,Sanosuke0,engraçado,1.0,kkkkkkkkkkkkkkkkkkkkkkkkkk
33:27,2007,iksicarius,iksicarius,confuso,1.0,???????
33:27,2007,adoniisu,adoniisu,engraçado,1.0,kkkkkkkkkkkkkkkkkkkkkk
33:27,2007,jose_lucas249,jose_lucas249,neutro,1.0,Ator pago
33:27,2007,melbylaaul,MelbyLaaul,engraçado,1.0,Kkkkkkkkkkkkkkkkkk
33:28,2008,joaoreisojisan,JoaoReisOjisan,engraçado,1.0,huahuahuahua!!!! ganhou o subscriber em campo!
33:28,2008,lazarus_7z,Lazarus_7z,engraçado,1.0,HAHAHAHAHA
33:28,2008,duckn_00,duckn_00,engraçado,1.0,nem sabia kkkkkkkkkkk
33:28,2008,morfeuzzz_,MorfeuzZz_,engraçado,1.0,kkkkkkkkkkkkkkkkkkkkkkkk
33:29,2009,nver0_0,nver0_0,neutro,1.0,Sus
33:29,2009,4shenkk,4shenkk,neutro,1.0,EITAPORRA
33:29,2009,semnick001,semnick001,neutro,1.0,seu safado
33:29,2009,leromll,leromll,engraçado,1.0,corre baka ele quer o seu lolo
33:29,2009,levini01,LeVini01,engraçado,0.667,uai kkkkkkkkkkkk
33:29,2009,matyfofo,matyfofo,engraçado,1.0,ele se fazendo kkkkkkkkakakak
33:29,2009,heartonlyheart,HeartOnlyHeart,neutro,1.0,bem pequenininho o canal
33:30,2010,indolentesemescrupulos,indolentesemescrupulos,engraçado,1.0,kkkkkkkkkkkkkkkkkkkkkkkkmentira
33:30,2010,kenshinzoka,kenshinzoka,neutro,1.0,live até seu asaltado
33:30,2010,arthu_rw,arthu_rw,engraçado,1.0,kkkkkkkkkkkkkkkkkkkkk
33:30,2010,raparigadoassude,raparigadoassude,engraçado,1.0,KKKKKKKKKKKKKKKKKKKKKKK
33:31,2011,a_palavra_cabalistica_eh,凹凸凹凸凹凸凹凸凹凸凹,engraçado,1.0,globo contrata kkkkk
33:31,2011,jose_lucas249,jose_lucas249,engraçado,1.0,Mkkkkkk
33:31,2011,caipirinha_2007,caipirinha_2007,neutro,1.0,devoto
33:34,2014,dlemonster,DlEmonster,neutro,1.0,vai cair no conto
33:34,2014,caralioca,Caralioca,neutro,1.0,FRANCISCO
33:34,2014,lucasduvi,lucasduvi,neutro,1.0,ator
33:35,2015,kkgoji,kkgoji,engraçado,1.0,KKKKKKKKKK lerdao
33:35,2015,iksicarius,iksicarius,engraçado,1.0,KKKKKKKKKKKKKKKKKKKKKK
33:35,2015,sanosuke0,Sanosuke0,neutro,1.0,UHASUDHASUDHASUDAHDSUSHDASUD
33:35,2015,marryros098,marryros098,engraçado,1.0,Kkkk
33:35,2015,mrdarkku,mrdarkku,engraçado,0.5,KKKKKKK????
33:36,2016,4shenkk,4shenkk,engraçado,1.0,KKKKKKKKKKKKKKKKKKKKKK
33:36,2016,guilhermesl45,guilhermesl45,engraçado,1.0,Kkkkkkkkk
33:37,2017,m_zotti,m_Zotti,engraçado,1.0,kkkkkkkkkkk
33:37,2017,digo_94,Digo_94,engraçado,1.0,kkkkkkkkkkkkkkkk
33:37,2017,matyfofo,matyfofo,neutro,1.0,mentiroso kakakakakaka ele sabe
33:37,2017,zkamykazez,zKAMYKAZEz,engraçado,1.0,KKKKKKKKKK
33:37,2017,alveshvs,Alveshvs,engraçado,1.0,Reconheceu kkkkkkkkkk
33:37,2017,lukask028,lukask028,engraçado,1.0,kkkkkkkkkkkkkkkkkkkkkkkk
33:38,2018,pandoras_boox,pandoras_boox,engraçado,1.0,KKKKKKKKKKKKKKK...
33:38,2018,harlockwhite01,harlockwhite01,engraçado,0.667,Mano fofoqueiro kkkk
33:38,2018,vitunaoki,vitunaoki,neutro,1.0,lerdão
33:39,2019,kthyosu,kthyosu,engraçado,1.0,KKKKKKKKKKKKKKKKK
33:39,2019,lazarus_7z,Lazarus_7z,neutro,1.0,xdx
33:40,2020,rafadesa80,rafadesa80,neutro,1.0,Copão
33:40,2020,karasu2024,karasu2024,neutro,1.0,Já começou
33:41,2021,heartonlyheart,HeartOnlyHeart,engraçado,1.0,Kkkkkkkkkkk
33:41,2021,kuronotw,KuronoTW,neutro,1.0,conheceu agora é -1
33:42,2022,iksicarius,iksicarius,neutro,1.0,"""Entao"""
33:43,2023,kthyosu,kthyosu,neutro,1.0,meteu o louco
33:43,2023,kuronotw,KuronoTW,engraçado,1.0,kkkkkkkkk
33:44,2024,erickhsn,erickhsn,neutro,1.0,conhece sim
33:45,2025,erickhsn,erickhsn,engraçado,1.0,kkk
33:46,2026,rafadesa80,rafadesa80,neutro,1.0,Dá um gole
33:46,2026,gato_de_patins,gato_de_patins,neutro,1.0,é que ele tá usando skin de evento
33:46,2026,natsusekai,NatsuSekai,neutro,1.0,Esse é cearense
33:46,2026,pandoras_boox,pandoras_boox,neutro,1.0,Pegou ele na mentira Baka
33:47,2027,thrillerzs,thrillerzs,engraçado,1.0,Kkkkkk 300 de aura bonus
33:49,2029,9dezz,9dezz,neutro,1.0,Esse é o careca
33:49,2029,levini01,LeVini01,engraçado,1.0,kkkkkkkkkkkkkk
33:49,2029,hagakure_sg,Hagakure_SG,neutro,1.0,kksksksks
33:49,2029,mestreee_404,Mestreee_404,neutro,1.0,ahh fake fã
33:50,2030,ripcroww,RipCrowW,neutro,1.0,conhece confia
33:50,2030,heartonlyheart,HeartOnlyHeart,neutro,1.0,Larper
33:51,2031,mrdarkku,mrdarkku,neutro,1.0,leu as thumbnail
33:52,2032,matyfofo,matyfofo,neutro,1.0,safado mentiroso kkaakkaak
33:54,2034,lazarus_7z,Lazarus_7z,neutro,1.0,CONFIA
33:56,2036,passarobllue,passarobllue,neutro,1.0,Oloko
33:56,2036,carolinenaomii,CarolineNaomii,neutro,1.0,meet and greet
33:57,2037,wesleyp2p,wesleyp2p,engraçado,1.0,Eu falei que iria aparecer algum cabaço
34:00,2040,pulchram12,pulchram12,engraçado,1.0,Kkkkkkkkkkk
34:00,2040,hagakure_sg,Hagakure_SG,engraçado,1.0,ele saindo correndo kkkkk
34:01,2041,jrpinato,jrpinato,neutro,1.0,mais um pra tomar geral da pm
34:03,2043,stilvox,Stilvox,neutro,1.0,Krl abandonou o cara falando kk
34:03,2043,vinsttv_,vinsttv_,neutro,1.0,fofo
34:04,2044,passarobllue,passarobllue,engraçado,1.0,Vazou kkkkkk
34:04,2044,brazilianditto,BrazilianDitto,neutro,1.0,meteu o vazado
34:04,2044,erickhsn,erickhsn,neutro,1.0,meteu mto o loco
34:05,2045,rafadesa80,rafadesa80,neutro,1.0,Isshi
34:05,2045,j_pauloo,j_pauloo,confuso,1.0,esse bairro é algum do Japão após um terremoto?
34:05,2045,deyvisonmoraes,DeyvisonMoraes,engraçado,1.0,primeiro
34:05,2045,euuclacla,euuclacla,neutro,1.0,Ele correndo
34:08,2048,4shenkk,4shenkk,neutro,1.0,MLK SAINDO VAAZADO
34:08,2048,vinigom3s_,vinigom3s_,neutro,1.0,Bem vindo de volta ao inferno baka
34:09,2049,peix3manso,peix3manso,engraçado,1.0,kkkkkkkkkkkkkkkk
34:09,2049,kthyosu,kthyosu,neutro,1.0,deu no pé
34:09,2049,heartonlyheart,HeartOnlyHeart,engraçado,1.0,Kkkkkkkkkkkk
34:10,2050,pensandocalm,PensandoCalm,frustrado,1.0,deixou o mano na merda
34:11,2051,arthu_rw,arthu_rw,neutro,1.0,larpou
34:11,2051,melbylaaul,MelbyLaaul,neutro,1.0,Krl baka só vazou
34:11,2051,zkamykazez,zKAMYKAZEz,engraçado,1.0,KKKKKKKKKKKK
34:13,2053,kthyosu,kthyosu,engraçado,1.0,KKKKKKKKKKKK
34:13,2053,aizenr6ss,aizenr6ss,engraçado,1.0,sim kkkkkkkkk
34:13,2053,stilvox,Stilvox,neutro,1.0,Klent
34:14,2054,dlemonster,DlEmonster,neutro,1.0,larpou de bakalover
34:14,2054,hagakure_sg,Hagakure_SG,engraçado,1.0,desumilde kkkkkk
34:14,2054,rafadesa80,rafadesa80,engraçado,0.5,Acho que queria te comer
34:15,2055,raparigadoassude,raparigadoassude,engraçado,1.0,KKKKKKKKKKKKKKKKKKKKKKKK
34:15,2055,karasu2024,karasu2024,positivo,1.0,Cheer1 Cheer1 Cheer1
34:17,2057,vitunaoki,vitunaoki,neutro,1.0,Vaza Gustavo
34:17,2057,wesleyp2p,wesleyp2p,engraçado,1.0,"Corre baka, a bateria de interação social tá zerando já KKKKKK"
34:17,2057,hagakure_sg,Hagakure_SG,engraçado,1.0,saiu correndo kkkkk
34:18,2058,alveshvs,Alveshvs,neutro,1.0,O mais quente dos Clark
34:19,2059,marryros098,marryros098,positivo,1.0,O baka é famoso
34:20,2060,9dezz,9dezz,neutro,1.0,E voce nao ta careca
34:20,2060,bakalove69,BakaLove69,engraçado,1.0,Kskkkkkkk
34:20,2060,sunset__32,sunset__32,engraçado,1.0,@vinigom3s_ KKKKKKKKKKK
34:22,2062,rafadesa80,rafadesa80,neutro,1.0,Vazou
34:22,2062,a_palavra_cabalistica_eh,凹凸凹凸凹凸凹凸凹凸凹,engraçado,1.0,o cara é larper kkkkk
34:22,2062,heartonlyheart,HeartOnlyHeart,neutro,1.0,Passo mal
34:23,2063,guilhermesl45,guilhermesl45,neutro,1.0,Kark klent
34:23,2063,4shenkk,4shenkk,engraçado,1.0,SÓ METEU O PEKKKKKKKKKK
34:24,2064,johnnyraziel666,johnnyraziel666,confuso,1.0,vendeu seu switch 2 baka ?? vai comprar um aqui por 4600 ??
34:24,2064,passarobllue,passarobllue,neutro,1.0,Deixou o cara falando e saiu falta de educação
34:25,2065,thrillerzs,thrillerzs,neutro,1.0,Carki Clent
34:25,2065,pixelfantasma,PixelFantasma,confuso,1.0,carquei quente??
34:25,2065,leromll,leromll,confuso,1.0,nao pagou nem um guarana??
34:25,2065,melbylaaul,MelbyLaaul,neutro,1.0,"Parece que tava falando com um doido, só saiu andando"
34:26,2066,akalittlejohn,akalittlejohn,neutro,1.0,+ social points
34:27,2067,karasu2024,karasu2024,positivo,1.0,Cheer1 Cheer1
34:28,2068,heartonlyheart,HeartOnlyHeart,neutro,1.0,Exatamente
34:28,2068,rafadesa80,rafadesa80,neutro,1.0,Ficou com medo
34:28,2068,lostcaco,LostCaco,engraçado,1.0,cringe
34:30,2070,rafakill777,rafakill777,neutro,1.0,"@bakagaijinlive caguei  nas calças, fique com essa informação"
34:33,2073,rafadesa80,rafadesa80,engraçado,1.0,Hahahahahahahahahahaha
34:35,2075,dudueyes,DuduEyes,engraçado,1.0,@vitunaoki kkkkkkkkkkkkkkkkkkkkkkkkkkkkk
34:35,2075,redwinepie,redwinepie,neutro,1.0,Esse foi o filósofo da Liberdade
34:38,2078,leitadordebarbudos,LeitadorDeBarbudos,neutro,1.0,Tratou o cara mó bem po
34:39,2079,pandoras_boox,pandoras_boox,neutro,1.0,Essa ponte ai vez ou outra eu via um sendo roubado
34:41,2081,duckn_00,duckn_00,engraçado,1.0,"""me conhece eu vou sair daq"" kkkkkkkkk"
34:42,2082,johnnyraziel666,johnnyraziel666,neutro,1.0,Super BAKA sem os óculos
34:42,2082,digo_94,Digo_94,engraçado,1.0,"INSCRITO, DA 10 REAIS"
34:47,2087,giovani6jogadoh,giovani6jogadoh,neutro,1.0,hoje o homem está cara de pau
34:48,2088,peluciacensurada,PeluciaCensurada,positivo,1.0,Gente boa a galera
34:48,2088,stilvox,Stilvox,neutro,1.0,Deve estar te ouvindo agora lá
34:51,2091,matyfofo,matyfofo,neutro,1.0,"baka voltou, as bet acabou, suspeito"
34:51,2091,pensandocalm,PensandoCalm,engraçado,1.0,klkkkkkkkkkkkkkkk
34:52,2092,prophano,Prophano,neutro,1.0,Aquele sub-humano
34:52,2092,deyvisonmoraes,DeyvisonMoraes,confuso,1.0,oxi
34:53,2093,xurig,xurig,neutro,1.0,achou que era o diabo
34:53,2093,alveshvs,Alveshvs,neutro,1.0,CUIDADO ae !!
34:54,2094,deyvisonmoraes,DeyvisonMoraes,neutro,1.0,Do nada
34:54,2094,ripcroww,RipCrowW,neutro,1.0,flautista peruano
34:55,2095,beyond_desolation2,Beyond_Desolation2,neutro,1.0,Cinema
34:55,2095,4shenkk,4shenkk,engraçado,1.0,BAITA TRILHJA SONORA
34:57,2097,dedsz2,dedsz2,neutro,1.0,chego no naruto
34:57,2097,euma_maria7373,euma_maria7373,neutro,1.0,"cuidado baka, ta sem o buff de lingua estrangeira"
34:58,2098,peluciacensurada,PeluciaCensurada,neutro,1.0,Esse é japa dos andes
34:58,2098,9dezz,9dezz,engraçado,1.0,Musica original japonesa
34:59,2099,mrdarkku,mrdarkku,neutro,1.0,cacique japones
34:59,2099,rafadesa80,rafadesa80,engraçado,1.0,Ele queria te comer
35:00,2100,4shenkk,4shenkk,neutro,1.0,AIIIII
35:01,2101,rafakill777,rafakill777,engraçado,1.0,tealzlolBulba
35:02,2102,phaantomlord,PhaantomLord,neutro,1.0,CACIQUE PAPACU
35:04,2104,guilhermesl45,guilhermesl45,neutro,1.0,Slk
35:04,2104,marcelooopjl,marcelooopjl,neutro,1.0,Ent esse é o Japão brasileiro
35:04,2104,zenith_2xko,zenith_2xko,neutro,1.0,errou]
35:05,2105,sunset__32,sunset__32,confuso,1.0,TA NA AMAZONIA?
35:06,2106,stilvox,Stilvox,neutro,1.0,catJAM
35:06,2106,matyfofo,matyfofo,neutro,1.0,vibe
35:06,2106,beyond_desolation2,Beyond_Desolation2,neutro,1.0,DinoDance
35:06,2106,melbylaaul,MelbyLaaul,neutro,1.0,Krl tá no Japão mesmo
35:06,2106,gabrierf,gabrierf,neutro,1.0,CHINELOS E PERUANOS
35:07,2107,4shenkk,4shenkk,neutro,1.0,ME SENTINDO ABENÇOADO
35:08,2108,passarobllue,passarobllue,neutro,1.0,Índios japones
35:09,2109,vigarioficial,vigarioficial,positivo,1.0,foda
35:09,2109,carolinenaomii,CarolineNaomii,neutro,1.0,passsa na frente igual a outra vez
35:09,2109,r0drin,r0drin,neutro,1.0,Muito japonês
35:10,2110,a_palavra_cabalistica_eh,凹凸凹凸凹凸凹凸凹凸凹,neutro,1.0,evento no server nice
35:12,2112,rantos9,rantos9,neutro,1.0,peruanos
35:13,2113,dudueyes,DuduEyes,neutro,1.0,pega o beat
35:15,2115,johnnyraziel666,johnnyraziel666,neutro,1.0,vem na mente PICA PAU na hora
35:15,2115,guilhermesl45,guilhermesl45,neutro,1.0,DinoDance DinoDance
35:15,2115,jeffstaz,jeffstaz,confuso,1.0,Essa tem direito autoral?
35:16,2116,satesagatha,satesagatha,neutro,1.0,"Tem uns maluco esquisito de olho em tu, cuida a bunda"
35:16,2116,rafadesa80,rafadesa80,neutro,1.0,Música ancestral da cabeça do meu pau
35:17,2117,dlemonster,DlEmonster,neutro,1.0,um cacique japones
35:18,2118,leitadordebarbudos,LeitadorDeBarbudos,positivo,0.5,Estamos nas Filipinas?
35:18,2118,hakureisendai,hakureisendai,neutro,1.0,Senhor dos aneis
35:19,2119,lolls2,lolls2,neutro,1.0,aqui também é cultura
35:19,2119,4shenkk,4shenkk,neutro,1.0,F
35:21,2121,deyvisonmoraes,DeyvisonMoraes,neutro,1.0,Cara regaçando na flauta
35:22,2122,harlockwhite01,harlockwhite01,engraçado,1.0,Da um carrinho no cassique aí
35:22,2122,beyond_desolation2,Beyond_Desolation2,neutro,1.0,Pior q a música tá daorainha
35:23,2123,thrillerzs,thrillerzs,positivo,1.0,Cacique Ramos
35:23,2123,0bona,0BONA,neutro,1.0,farma uma aura ai
35:26,2126,r0drin,r0drin,neutro,1.0,coisa linda cara
35:32,2132,kureijinuwu,kureijinuwu,confuso,1.0,Tá na aldeia da folha Baka?
35:33,2133,rafadesa80,rafadesa80,neutro,1.0,Senhor dos anais
35:35,2135,peluciacensurada,PeluciaCensurada,neutro,1.0,Essa música aí é IA
35:36,2136,sunset__32,sunset__32,neutro,1.0,@hakureisendai SENHOR DO TEU ANEL SHAUSHUAHSU
35:36,2136,melbylaaul,MelbyLaaul,neutro,1.0,Índio forte cueca fraca
35:37,2137,jrpinato,jrpinato,engraçado,0.5,Vai até no glicerio hj?
35:38,2138,erickhsn,erickhsn,confuso,1.0,é o cacique cabra coral?
35:44,2144,shizume_u,Shizume_u,neutro,1.0,Six seven
35:48,2148,giovani6jogadoh,giovani6jogadoh,confuso,1.0,"cuidado que tem direitos autorais, vai derrubar a live"
35:49,2149,dlemonster,DlEmonster,neutro,1.0,esses nativos japoneses são umas figuras
35:52,2152,peix3manso,peix3manso,confuso,1.0,e aquele seu amigo que tira foto de mendigo? chama ele pra fazer live
35:53,2153,mrdarkku,mrdarkku,confuso,1.0,foi aí que o tadala andou na cerca?
35:53,2153,leitadordebarbudos,LeitadorDeBarbudos,neutro,1.0,"Caralho eu to arrepiado de verdade, 0 assaltos e só 1 enquadro até agora"
35:57,2157,johnnyraziel666,johnnyraziel666,confuso,1.0,pq os cara do PICA PAU tava ali ??
35:57,2157,guilhermesl45,guilhermesl45,neutro,1.0,Tá normal então
35:58,2158,aizenr6ss,aizenr6ss,engraçado,1.0,kkkkkkkkkkkk
35:58,2158,matyfofo,matyfofo,positivo,0.5,incrivel como esse bairro japonês não tem nada a ver com o Japão
35:58,2158,sunset__32,sunset__32,confuso,1.0,vai comprar pedra no crackolandia?
36:06,2166,hagakure_sg,Hagakure_SG,neutro,1.0,o tadala caiu dessa ponte ai
36:08,2168,aizenr6ss,aizenr6ss,neutro,1.0,provavelmente
36:08,2168,thrillerzs,thrillerzs,neutro,1.0,Cara ja ta no Viaduto do Cha
36:09,2169,deyvisonmoraes,DeyvisonMoraes,engraçado,1.0,kkkkkkkkkk xD
36:10,2170,rafadesa80,rafadesa80,neutro,1.0,Paga lá mano
36:11,2171,melbylaaul,MelbyLaaul,neutro,1.0,Pula não baka
36:12,2172,raianwz,RaianWZ,engraçado,0.5,"RaianWZ subscribed at Tier 1. They've subscribed for 56 months, currently on a 6 month streak! Já encontrou com o El niño?"
36:12,2172,pulchram12,pulchram12,neutro,1.0,Foi ai aonde o tadala morreu
36:13,2173,johnnyraziel666,johnnyraziel666,neutro,1.0,a lenda
36:16,2176,digo_94,Digo_94,confuso,1.0,"é a liberdade isso ai? se for, já perdi a vontade de ir"
36:17,2177,italoooowd,italoooowd,neutro,1.0,Na verdade ela ta na calçada
36:19,2179,coolmelado,coolmelado,confuso,1.0,Mãe??
36:22,2182,rafadesa80,rafadesa80,neutro,1.0,Se drogando
36:22,2182,sunset__32,sunset__32,neutro,1.0,ela aceno ksksksks
36:26,2186,peluciacensurada,PeluciaCensurada,engraçado,0.5,Ela tá esperando um curioso pra adivinha? Comer o cu dele
36:26,2186,stilvox,Stilvox,neutro,1.0,É o Pixacu
36:27,2187,deyvisonmoraes,DeyvisonMoraes,positivo,1.0,Pikacu
36:28,2188,mogamizz,mogamizz,neutro,1.0,poisé
36:29,2189,gabrierf,gabrierf,neutro,1.0,SEGUE ELA PRA SABER ONDE ELA COMPRA DROGA
36:31,2191,kuronotw,KuronoTW,positivo,1.0,um pikaclone
36:31,2191,4shenkk,4shenkk,neutro,1.0,POISE
36:34,2194,erickhsn,erickhsn,neutro,1.0,"""outro dia tava passando nessa ponte offlive"""
36:34,2194,johnnyraziel666,johnnyraziel666,neutro,1.0,billy pagando pa nois
36:34,2194,rafadesa80,rafadesa80,neutro,1.0,MINHA MÃE
36:35,2195,guilhermesl45,guilhermesl45,neutro,1.0,Poisé
36:35,2195,evilgelico,evilgelico,neutro,1.0,chipaku
36:35,2195,erickhsn,erickhsn,neutro,1.0,"""outro dia tava passando nessa ponte offlive"" ͏"
36:35,2195,fibbs,フィブス,neutro,1.0,tu passou na ponte offline... CaitThinking
36:36,2196,erickhsn,erickhsn,neutro,1.0,"""outro dia tava passando nessa ponte offlive"""
36:37,2197,passarobllue,passarobllue,neutro,1.0,É facção
36:37,2197,peix3manso,peix3manso,neutro,1.0,nunca é
36:37,2197,kkgoji,kkgoji,neutro,1.0,poiése
36:38,2198,shizume_u,Shizume_u,neutro,1.0,A ponte
36:38,2198,matyfofo,matyfofo,neutro,1.0,"deixa a mulher usufruir da desigualdade social em paz , baka"
36:39,2199,kureijinuwu,kureijinuwu,engraçado,1.0,KKKKKKK
36:39,2199,pulchram12,pulchram12,neutro,1.0,Tadala se matou nessa ponte ai 💔🥹
36:39,2199,annoyinger,Annoyinger,positivo,1.0,pikachupa
36:42,2202,erickhsn,erickhsn,neutro,1.0,"""outro dia tava passando nessa ponte offlive"" ͏"
36:42,2202,kthyosu,kthyosu,neutro,1.0,japao deu errado
36:44,2204,pandoras_boox,pandoras_boox,neutro,1.0,Estava falando sobre passar na ponte off live
36:45,2205,aizenr6ss,aizenr6ss,frustrado,1.0,ta uma bosta
36:45,2205,rafadesa80,rafadesa80,neutro,1.0,Tá dahora
36:46,2206,4shenkk,4shenkk,neutro,1.0,TODO FUDIDO NA ESQUINA
36:47,2207,deyvisonmoraes,DeyvisonMoraes,engraçado,1.0,kkkkkkkkkkkkkkkkkkkkkk
36:48,2208,phaantomlord,PhaantomLord,neutro,1.0,QUE SUSTO
36:50,2210,harlockwhite01,harlockwhite01,confuso,1.0,Daí que o tadala caiu né? Se jogo da ponte para aquele barranco
36:52,2212,dlemonster,DlEmonster,neutro,1.0,a ponte onde o tadala morreu
36:53,2213,iinkoh,iinkoh,confuso,1.0,Baka já aproveitou estar no Brasil pra fumar maconha?
36:55,2215,thrillerzs,thrillerzs,engraçado,1.0,Kkkkkk
37:00,2220,hisoka3011,hisoka3011,neutro,1.0,baka ganhou peso… tá bochechudo
37:00,2220,digo_94,Digo_94,positivo,1.0,pikachu com gato felix
37:00,2220,mat231130,mat231130,neutro,1.0,por favor nunca mais vire a camera
37:01,2221,zkamykazez,zKAMYKAZEz,neutro,1.0,Japão da deepweb
37:03,2223,guilhermesl45,guilhermesl45,neutro,1.0,Ixi
37:04,2224,mrdarkku,mrdarkku,neutro,1.0,tdah
37:07,2227,rafadesa80,rafadesa80,neutro,1.0,Osshi!!
37:07,2227,raparigadoassude,raparigadoassude,neutro,1.0,ixi
37:07,2227,a_palavra_cabalistica_eh,凹凸凹凸凹凸凹凸凹凸凹,positivo,1.0,mamou muito o chines
37:10,2230,aizenr6ss,aizenr6ss,neutro,1.0,oh
37:11,2231,sunset__32,sunset__32,neutro,1.0,ajuda tua mãe a carregar as sacolas
37:13,2233,duckn_00,duckn_00,neutro,1.0,F
37:13,2233,raianwz,RaianWZ,neutro,1.0,eita
37:13,2233,melbylaaul,MelbyLaaul,neutro,1.0,"Tadala foi de base aí galera, mó clima pesado"
37:15,2235,pqnajoy,pqnajoy,engraçado,1.0,Baka saiu correndo do Japão pq tá devendo pra máfia kkkk
37:15,2235,rafadesa80,rafadesa80,confuso,1.0,Garganta ta rasgada?!?!?!
37:16,2236,niaranni,niaranni,neutro,1.0,F
37:16,2236,raianwz,RaianWZ,neutro,1.0,falou demais
37:17,2237,deyvisonmoraes,DeyvisonMoraes,neutro,1.0,não se acostumou com o ar poluído ainda
37:17,2237,kthyosu,kthyosu,neutro,1.0,ih
37:17,2237,guilhermesl45,guilhermesl45,engraçado,1.0,Kkkkkk
37:19,2239,4shenkk,4shenkk,engraçado,1.0,KKKKKKKKKKKKKKKKKKKKKKKKKK
37:20,2240,rtcollapse,rtcollapse,neutro,1.0,ô
37:21,2241,peix3manso,peix3manso,neutro,1.0,paia
37:22,2242,levini01,LeVini01,engraçado,1.0,kkkkkkkkkkkk
37:22,2242,thrillerzs,thrillerzs,neutro,1.0,Oh oh
37:25,2245,yuriairesb,YuriAiresB,neutro,1.0,Arroganthi
37:25,2245,bob_zink,bob_zink,neutro,1.0,desumilde
37:26,2246,kthyosu,kthyosu,neutro,1.0,desumikde
37:26,2246,guilhermesl45,guilhermesl45,confuso,1.0,Q isso cara
37:26,2246,4shenkk,4shenkk,engraçado,1.0,MAIOR CUZAO DA HISTORIA
37:27,2247,carolinenaomii,CarolineNaomii,neutro,1.0,q estrelinha
37:30,2250,rafadesa80,rafadesa80,confuso,1.0,Garganta tá rasgada?
37:32,2252,peluciacensurada,PeluciaCensurada,confuso,1.0,Ele olhou pra vc e falou assim baka? Sugoi!
37:32,2252,peix3manso,peix3manso,negativo,1.0,cara ruim
37:32,2252,levini01,LeVini01,neutro,1.0,arroganthy
37:34,2254,johnnyraziel666,johnnyraziel666,neutro,1.0,F
37:35,2255,peix3manso,peix3manso,neutro,1.0,maligno
37:36,2256,vitunaoki,vitunaoki,engraçado,1.0,Hoje não llkkkkkkk
37:37,2257,thrillerzs,thrillerzs,neutro,1.0,Desumilde
37:38,2258,matyfofo,matyfofo,neutro,1.0,arroganthi
37:39,2259,rafadesa80,rafadesa80,neutro,1.0,F
37:39,2259,drago_hg,drago_hg,neutro,1.0,F
37:39,2259,xjeffrmo,xJeffrmo,neutro,1.0,f
37:40,2260,raianwz,RaianWZ,neutro,1.0,tão censurando ele
37:40,2260,dmelosh,dmelosh,neutro,1.0,F
37:41,2261,kthyosu,kthyosu,neutro,1.0,F
37:41,2261,phaantomlord,PhaantomLord,positivo,1.0,da um  salve pros manos da ponte
37:41,2261,guilhermesl45,guilhermesl45,neutro,1.0,F
37:42,2262,licht_zayy,licht_zayy,neutro,1.0,F
37:42,2262,zkamykazez,zKAMYKAZEz,neutro,1.0,f
37:42,2262,deyvisonmoraes,DeyvisonMoraes,positivo,1.0,tamo morrendo
37:43,2263,rafadesa80,rafadesa80,neutro,1.0,Caiu
37:44,2264,kthyosu,kthyosu,neutro,1.0,tiroteio
37:45,2265,raphinhandg,raphinhandg,neutro,1.0,f
37:45,2265,johnnyraziel666,johnnyraziel666,neutro,1.0,FF
37:46,2266,arckfaelzin,arckfaelzin,confuso,1.0,Como você está???
37:46,2266,picclesacebolado,PicclesAcebolado,neutro,1.0,F
37:46,2266,dlemonster,DlEmonster,neutro,1.0,"""oh, baka, oh"""
37:47,2267,niaranni,niaranni,neutro,1.0,F
37:48,2268,butijas1,Butijas1,neutro,1.0,F
37:48,2268,harlockwhite01,harlockwhite01,neutro,1.0,F
37:49,2269,stylcry_,stylcry_,neutro,1.0,deu zoom e quebrou o espaço tempo
37:50,2270,bob_zink,bob_zink,neutro,1.0,censurado ao vivo
37:52,2272,rafadesa80,rafadesa80,neutro,1.0,Olha
37:56,2276,davisouza78,davisouza78,neutro,1.0,Arroganti
37:56,2276,raianwz,RaianWZ,neutro,1.0,a censura chegou no baka
37:56,2276,rafadesa80,rafadesa80,neutro,1.0,A feira
37:57,2277,freddy_bear098,Freddy_Bear098,confuso,1.0,VAI SER ROUBADO NÃO BAKA?
37:59,2279,carolinenaomii,CarolineNaomii,neutro,1.0,voltou
38:01,2281,deyvisonmoraes,DeyvisonMoraes,neutro,1.0,Volto
38:01,2281,marryros098,marryros098,neutro,1.0,Voltou
38:02,2282,rafadesa80,rafadesa80,neutro,1.0,Vltou
38:04,2284,pandoras_boox,pandoras_boox,neutro,1.0,Nessa ponte uma vez ou outra eu via alguem sendo roubado
38:06,2286,rafadesa80,rafadesa80,neutro,1.0,Voltou
38:06,2286,picclesacebolado,PicclesAcebolado,neutro,1.0,VOLTOU
38:10,2290,gabrierf,gabrierf,neutro,1.0,LEBISCAS
38:11,2291,deyvisonmoraes,DeyvisonMoraes,neutro,1.0,eguinoCatbellydance
38:11,2291,thrillerzs,thrillerzs,neutro,1.0,Nice again
38:12,2292,leitadordebarbudos,LeitadorDeBarbudos,confuso,1.0,Esse lugar é aquele um que colam as bruxinhas?
38:13,2293,sunset__32,sunset__32,neutro,1.0,que rabão
38:14,2294,matyfofo,matyfofo,neutro,1.0,arroganthi
38:16,2296,pristonfield,Pristonfield,neutro,1.0,arroganthi
38:16,2296,kotori212,kotori212,neutro,1.0,mávi
38:18,2298,matyfofo,matyfofo,neutro,1.0,mavie
38:18,2298,dmelosh,dmelosh,neutro,1.0,"Calma pessoal, o assalto acontece no minuto 54"
38:18,2298,drago_hg,drago_hg,neutro,1.0,"Se for reparar bem, brasil tá perto de se tornar a índia"
38:19,2299,kmele0nn,kmele0nn,neutro,1.0,começa a falar em japones pras pessoas nao te entenderem
38:19,2299,raparigadoassude,raparigadoassude,neutro,1.0,MAÉVI
38:20,2300,guilhermesl45,guilhermesl45,neutro,1.0,Mavie
38:21,2301,4shenkk,4shenkk,engraçado,1.0,NA MA É VI KKKKKKKKKKKK
38:21,2301,bob_zink,bob_zink,neutro,1.0,maévi
38:21,2301,leitadordebarbudos,LeitadorDeBarbudos,neutro,1.0,Sasha
38:24,2304,kthyosu,kthyosu,engraçado,1.0,maévi KKKKKKK
38:25,2305,redwinepie,redwinepie,engraçado,0.75,"Acho que se for pro cenário ficar minimamente parecido com Japão, teria que ir pra Faria Lima ao invés de ir pra Liberdade kkkkkkkkk"
38:26,2306,rafadesa80,rafadesa80,neutro,1.0,Marvin
38:28,2308,matyfofo,matyfofo,confuso,1.0,pra tacar a bola na mavie? arroganthi
38:30,2310,pristonfield,Pristonfield,neutro,1.0,mavie
38:33,2313,licht_zayy,licht_zayy,engraçado,1.0,Ser arrogante é como ser um elefante na África...
38:34,2314,beyond_desolation2,Beyond_Desolation2,engraçado,1.0,kkkkkkkkkk
38:35,2315,lukask028,lukask028,engraçado,1.0,kkkkkkkkkkkkkkkk
38:36,2316,digo_94,Digo_94,positivo,1.0,JAMEIK
38:37,2317,peix3manso,peix3manso,neutro,1.0,nossa os mlk de moletom
38:37,2317,aizenr6ss,aizenr6ss,positivo,0.5,obrigado pela dica
38:37,2317,rafadesa80,rafadesa80,engraçado,1.0,Kkkkkkk
38:37,2317,thrillerzs,thrillerzs,neutro,1.0,Meivi
38:38,2318,4shenkk,4shenkk,neutro,1.0,VOU  COLAR
38:42,2322,melbylaaul,MelbyLaaul,neutro,1.0,📝
38:44,2324,pandoras_boox,pandoras_boox,confuso,1.0,É justamente por isso que uma vez ou outra eu via alguem sendo roubado ai nessa ponta
38:47,2327,pandoras_boox,pandoras_boox,neutro,1.0,O pessoal tira mt foto
38:48,2328,caiopinto120887,caiopinto120887,engraçado,1.0,Mavi a mulher falou ae até kkkk
38:48,2328,italoooowd,italoooowd,neutro,1.0,Você ja deve ter saído em umas 25 fotos de estranhos
38:49,2329,renatorgal,Renatorgal,engraçado,0.667,cuidado que ai o povo te entende kkkk
38:49,2329,rafadesa80,rafadesa80,engraçado,1.0,Minha tia fumante gritou ai
38:50,2330,kureijinuwu,kureijinuwu,neutro,1.0,Mavi
38:55,2335,newpape,newpape,confuso,1.0,Que suruba é essa?
38:55,2335,nickotinah,Nickotinah,neutro,1.0,renda fixa pra assaltante
38:56,2336,kthyosu,kthyosu,neutro,1.0,é osnpeixe
38:57,2337,peluciacensurada,PeluciaCensurada,neutro,1.0,A galera entra pra ver a carpa
38:57,2337,dlemonster,DlEmonster,neutro,1.0,tacou a bola em kiev
39:02,2342,yuriairesb,YuriAiresB,engraçado,1.0,"SP dá tanto medo nos noticiários, que eu nem sairia de casa com celular"
39:02,2342,4shenkk,4shenkk,positivo,1.0,SURUBA BOA
39:03,2343,rafadesa80,rafadesa80,confuso,1.0,Tudo o que entra sai
39:05,2345,kthyosu,kthyosu,neutro,1.0,tem nada ai nao
39:06,2346,omafrazx,oMafrazx,neutro,1.0,é a dungeon
39:08,2348,kthyosu,kthyosu,neutro,1.0,só peixe
39:09,2349,johnnyraziel666,johnnyraziel666,neutro,1.0,Danger
39:15,2355,sunset__32,sunset__32,neutro,1.0,"vai pelo lago, quebra as regras"
39:17,2357,deyvisonmoraes,DeyvisonMoraes,neutro,1.0,ui
39:18,2358,guilhermesl45,guilhermesl45,neutro,1.0,É um lago
39:19,2359,thrillerzs,thrillerzs,engraçado,1.0,Feirinha do estúdio Ghibli
39:22,2362,rafadesa80,rafadesa80,neutro,1.0,Vai entalar
39:26,2366,melbylaaul,MelbyLaaul,neutro,1.0,BALOFO
39:27,2367,guilhermesl45,guilhermesl45,neutro,1.0,Damn
39:28,2368,johnnyraziel666,johnnyraziel666,neutro,1.0,DANGER !!!!!!!!
39:28,2368,a_palavra_cabalistica_eh,凹凸凹凸凹凸凹凸凹凸凹,neutro,1.0,uma jamanta
39:30,2370,hisoka3011,hisoka3011,neutro,1.0,Baka engordou mesmo da pra ver
39:30,2370,rafadesa80,rafadesa80,neutro,1.0,Porra! Uma arroba
39:30,2370,4shenkk,4shenkk,neutro,1.0,PLANETA
39:32,2372,kureijinuwu,kureijinuwu,neutro,1.0,Tapoha
39:34,2374,deyvisonmoraes,DeyvisonMoraes,positivo,1.0,"significa que tem dinheiro pra comer, ai é bom"
39:36,2376,beatrizcrotti,beatrizcrotti,neutro,1.0,Mas qual sua altura
39:36,2376,rafadesa80,rafadesa80,neutro,1.0,GoXXXXXXTEI
39:37,2377,peluciacensurada,PeluciaCensurada,confuso,1.0,Qual sua estatura?
39:37,2377,renatorgal,Renatorgal,neutro,1.0,pesado em
39:37,2377,333_liam,333_liam,confuso,1.0,Qual sua altura baka???
39:38,2378,mrdarkku,mrdarkku,neutro,1.0,50kg só dos bagos
39:38,2378,wesleyp2p,wesleyp2p,neutro,1.0,A mulher olhou em
39:39,2379,kureijinuwu,kureijinuwu,neutro,1.0,Imenso
39:39,2379,peix3manso,peix3manso,positivo,1.0,vamo vamo
39:41,2381,natsusekai,NatsuSekai,neutro,1.0,Depois que passa dos 80kg é sem volta
39:41,2381,harlockwhite01,harlockwhite01,neutro,1.0,Imenso
39:42,2382,thrillerzs,thrillerzs,neutro,1.0,Daaammmn
39:42,2382,lukask028,lukask028,engraçado,1.0,kkkkkkkkkkk a mulher olhando kkkkkk
39:44,2384,sweet_heart00,sweet_heart00,neutro,1.0,ta gigante
39:45,2385,pristonfield,Pristonfield,neutro,1.0,ta preso
39:47,2387,dlemonster,DlEmonster,engraçado,1.0,proibido transitar no interior
39:48,2388,beyond_desolation2,Beyond_Desolation2,engraçado,1.0,kkkkkkkkkkkkkkkkkkkkkkkkkk
39:48,2388,zenith_2xko,zenith_2xko,engraçado,1.0,kkkkkk
39:49,2389,333_liam,333_liam,neutro,1.0,Nem fudendo skkskskks
39:50,2390,italoooowd,italoooowd,engraçado,1.0,KKKKKKKKKKKKKKKKKKKKKKK
39:50,2390,peix3manso,peix3manso,engraçado,1.0,KKKKKKKKKKKKKKKKK
39:50,2390,4shenkk,4shenkk,engraçado,1.0,KKKKKKKKKKKKKK
39:51,2391,semnick001,semnick001,confuso,1.0,ué
39:51,2391,a_palavra_cabalistica_eh,凹凸凹凸凹凸凹凸凹凸凹,engraçado,1.0,kkkkkkkkkkkkk
39:52,2392,pristonfield,Pristonfield,engraçado,1.0,kkkkkkkkkkkkkkkkk
39:52,2392,guilhermesl45,guilhermesl45,engraçado,1.0,Kkkkkkkkkkkkkkkkkkk
39:52,2392,4shenkk,4shenkk,neutro,1.0,HAUSDIUASDHUIASHIDUAH
39:52,2392,omafrazx,oMafrazx,engraçado,1.0,kkkkkkkkkkkkk
39:53,2393,kotori212,kotori212,engraçado,1.0,kkkkkkkkkkkkkk
39:53,2393,passarobllue,passarobllue,neutro,1.0,AKAPAKAPAKAPAKAPAK
39:53,2393,ayanmelo,ayanmelo,neutro,1.0,barrado
39:53,2393,gunterfp5,gunterFP5,neutro,1.0,fudeo
39:53,2393,jettasz,jettasz,engraçado,1.0,kkkkkkkkkkkkkkkkkkkkk
39:53,2393,kkgoji,kkgoji,engraçado,1.0,kkkkkkkkkkkkk
39:53,2393,pulchram12,pulchram12,confuso,1.0,??????
39:54,2394,peixe04,peixe04,neutro,1.0,eita
39:54,2394,sunset__32,sunset__32,frustrado,1.0,"saiu de naruto foi pra cidade de deus, pqp"
39:55,2395,adoniisu,adoniisu,engraçado,1.0,KKKKKKKKKKKKKKKKKKKKKKKKK
39:55,2395,kthyosu,kthyosu,engraçado,0.667,oxi KKKKKKK
39:55,2395,fibbs,フィブス,engraçado,1.0,LUL
39:55,2395,joaoreisojisan,JoaoReisOjisan,neutro,1.0,"ih, trancaram o Baka!"
39:56,2396,natie_martins,natie_martins,confuso,1.0,Enfordou depois que voltou para o Brasil?
39:56,2396,dekbdue,dekbdue,neutro,1.0,ficou preso
39:56,2396,deyvisonmoraes,DeyvisonMoraes,engraçado,1.0,kkkkkkkkkkkkkkkkkkkkkk
39:57,2397,iumi____,Iumi____,neutro,1.0,idfvjlijgdl
39:58,2398,levini01,LeVini01,engraçado,1.0,kkkkkkkkkkkkkkkkkkk
39:58,2398,licht_zayy,licht_zayy,engraçado,1.0,KKAKKSKSKKKLKKKKKKKKKK
39:58,2398,arckfaelzin,arckfaelzin,engraçado,1.0,KKKKKKKKKKKKKK
39:58,2398,ed_mort,Ed_Mort,engraçado,1.0,kkkkkkkkk
39:58,2398,va11w,va11w,engraçado,1.0,Kkkkkkkkkkkk
39:58,2398,matyfofo,matyfofo,neutro,1.0,kakakakakakakakakakakaka
39:59,2399,rafadesa80,rafadesa80,engraçado,1.0,KKKKKKKKKKKKKK
39:59,2399,mrbloodkira,Mrbloodkira,neutro,1.0,sequestrado
39:59,2399,marryros098,marryros098,neutro,1.0,Ta preso
40:00,2400,snobharp771,snobharp771,engraçado,1.0,Kkk
40:00,2400,italoooowd,italoooowd,engraçado,1.0,kkkkkkkkk
40:00,2400,lukask028,lukask028,engraçado,1.0,LUL
40:01,2401,caipirinha_2007,caipirinha_2007,neutro,1.0,foi preso
40:01,2401,churras_k,churras_k,engraçado,1.0,KKKKKKKKKKKKKKK
40:01,2401,aizenr6ss,aizenr6ss,engraçado,1.0,kkkkkkkkkk
40:01,2401,4shenkk,4shenkk,engraçado,1.0,KKKKKKKKKKKKKKKKKKKKKKKKKKKKK
40:01,2401,xabriel98,Xabriel98,engraçado,1.0,kkkkkkkkkkkkkkkkkkkkkk
40:02,2402,kratoszxkun,KratosZxKun,engraçado,1.0,KKKKKKKKKKKK
40:02,2402,va11w,va11w,engraçado,1.0,Wtf
40:03,2403,wesleyp2p,wesleyp2p,engraçado,0.667,Oxi KKKKKK
40:03,2403,semnick001,semnick001,engraçado,1.0,KKKKKKKKKKKKKKKKK
40:03,2403,natsusekai,NatsuSekai,engraçado,1.0,O cara trancando o Baka kkkkkkkkkkkkkkkkkkk
40:03,2403,beyond_desolation2,Beyond_Desolation2,neutro,1.0,CINEMA
40:04,2404,harlockwhite01,harlockwhite01,neutro,1.0,Vai sair não
40:04,2404,thrillerzs,thrillerzs,engraçado,1.0,Kkkkkkkkkkkk
40:04,2404,zenith_2xko,zenith_2xko,neutro,1.0,kish dlgfiuhaSLIUdhbgflijçuoZSdg
40:05,2405,rafadesa80,rafadesa80,neutro,1.0,Proibido sair
40:07,2407,semnick001,semnick001,neutro,1.0,que caos do caralho
40:07,2407,licht_zayy,licht_zayy,neutro,1.0,"Cara nunca sai de casa, quando sai"
40:07,2407,andre_wubba_lubba_dub_dub,andre_wubba_lubba_dub_dub,neutro,1.0,"tem que fechar, se não os caras roubas as pedras"
40:08,2408,mat231130,mat231130,neutro,1.0,ta preso filho
40:08,2408,sousply,sousply,engraçado,1.0,prision break kkkkkkkkkkkkkkkkkk
40:08,2408,lukask028,lukask028,neutro,1.0,ficou preso fi
40:09,2409,rtcollapse,rtcollapse,neutro,1.0,Ja era
40:09,2409,xtsukin,xtsukin,engraçado,1.0,vao colocar vse em cárcere privado
40:09,2409,pristonfield,Pristonfield,engraçado,1.0,kkkkkkkkkkkkkkkkkk
40:09,2409,giovani6jogadoh,giovani6jogadoh,positivo,1.0,daqui a pouco vai usar a famosa caneta
40:09,2409,phaantomlord,PhaantomLord,engraçado,1.0,kkkkkkkkkkk
40:10,2410,digo_94,Digo_94,engraçado,1.0,KKKKKKKKKKKKKKKK
40:10,2410,dlemonster,DlEmonster,engraçado,1.0,kkkkkkkkkkkk
40:10,2410,karasu2024,karasu2024,neutro,1.0,Só gente bonita
40:10,2410,renatorgal,Renatorgal,neutro,1.0,"se fodeu, foi preso"
40:11,2411,italoooowd,italoooowd,neutro,1.0,Fechou na sua cara ainda
40:11,2411,rafadesa80,rafadesa80,engraçado,1.0,Kkkkkkkkkkkk
40:11,2411,bernardo_gaucho,bernardo_gaucho,engraçado,1.0,siga aquela bundaaaaaa.. kkkk
40:12,2412,satesagatha,satesagatha,engraçado,1.0,KKKKKKKKKKKKKKKKK
40:13,2413,4shenkk,4shenkk,neutro,1.0,MLK SE FODEUU
40:13,2413,digo_94,Digo_94,neutro,1.0,JA ERA
40:14,2414,dlemonster,DlEmonster,engraçado,1.0,kkkkkkkkk
40:15,2415,ripcroww,RipCrowW,engraçado,1.0,kkkkkkkkkkkk
40:16,2416,lukask028,lukask028,engraçado,1.0,prendeu todo mundo kkkkkkkkkkkkkkkkkkkkkkkkkk
40:16,2416,beyond_desolation2,Beyond_Desolation2,neutro,1.0,+1 PRO CATIVEIRO
40:16,2416,wesleyp2p,wesleyp2p,engraçado,1.0,Trancado pra dentro KKKKKKKKKKKK
40:19,2419,rafadesa80,rafadesa80,neutro,1.0,Bambu
40:20,2420,levini01,LeVini01,engraçado,0.75,foi obrigado kkkkk
40:21,2421,peix3manso,peix3manso,confuso,1.0,oxi kd essa queda dgua
40:21,2421,dlemonster,DlEmonster,neutro,1.0,caiu na trap
40:21,2421,alveshvs,Alveshvs,confuso,1.0,Mas a saida não é ali ?
40:22,2422,marryros098,marryros098,neutro,1.0,Só aconte com o baka
40:22,2422,matyfofo,matyfofo,neutro,1.0,o cara entrou sem querer numa missão
40:22,2422,digo_94,Digo_94,engraçado,1.0,CARCERE PRIVADO
40:22,2422,kotori212,kotori212,neutro,1.0,torto por linhas certas
40:24,2424,4shenkk,4shenkk,engraçado,1.0,DEUS AGE ERRADO KKKKKKKKKKKKKKK
40:24,2424,arckfaelzin,arckfaelzin,engraçado,1.0,"""Cabou de fechar"" foi só vc chegar na porta kkkkkkk"
40:24,2424,rafadesa80,rafadesa80,neutro,1.0,Sei lá
40:26,2426,deyvisonmoraes,DeyvisonMoraes,neutro,1.0,algo assim
40:28,2428,zeny_od,Zeny_Od,neutro,1.0,Deus escreve errado kakakkaka
40:28,2428,phaantomlord,PhaantomLord,neutro,1.0,VAI SER VENDIIDO PRO JAPIL
40:29,2429,thrillerzs,thrillerzs,neutro,1.0,Vai ter que fazer o Tour
40:30,2430,yuriairesb,YuriAiresB,confuso,1.0,Por que tá todo mundo falando português? Dublagem de IA?
40:30,2430,hang0verx,Hang0verx,neutro,1.0,escreve errado por linhas certas
40:31,2431,pulchram12,pulchram12,neutro,1.0,Deus escreve torto
40:31,2431,kkgoji,kkgoji,neutro,1.0,ta no mar é pra se moia
40:32,2432,beyond_desolation2,Beyond_Desolation2,neutro,1.0,Entrou no Silo BR
40:32,2432,kureijinuwu,kureijinuwu,neutro,1.0,DEUS ESCREVE TORTA
40:32,2432,rafadesa80,rafadesa80,neutro,1.0,Agora tem que comprar
40:33,2433,xabriel98,Xabriel98,positivo,1.0,essa foi foda
40:34,2434,vinnyfborg,vinnyfborg,engraçado,0.5,"Caraio baka, se tem coragem, nem colo mais na Liberdade, barato anda mais cheio que a 25 de março. Kkk"
40:34,2434,duckn_00,duckn_00,neutro,1.0,"""Deus age errado"" -Baka 2026"
40:36,2436,bob_zink,bob_zink,engraçado,1.0,deus escreve torto kkkkkkkk
40:39,2439,ziiiwvv,ziiiwvv,frustrado,1.0,mt legal o peixe bosta ali no lago
40:42,2442,sunset__32,sunset__32,neutro,1.0,deus escreve reto por linhas tortas
40:44,2444,joaoreisojisan,JoaoReisOjisan,engraçado,1.0,essa feirinha da Galvão Bueno é cara bagarai...
40:45,2445,peluciacensurada,PeluciaCensurada,neutro,1.0,Eles lavam e revendem
40:46,2446,gothicolica,Gothicolica,negativo,1.0,"""O lixo do Brasil"" -> SP"
40:48,2448,nunes013,nunes013,neutro,1.0,vao lavar e reutilizar
40:52,2452,matyfofo,matyfofo,positivo,0.5,o cara querendo explorar o mapa mas sendo obrigado a completar o modo história
40:52,2452,pristonfield,Pristonfield,confuso,1.0,e o bambu?
40:53,2453,mogamizz,mogamizz,neutro,1.0,desce rolando
40:53,2453,guilhermesl45,guilhermesl45,neutro,1.0,Desce
40:54,2454,redwinepie,redwinepie,neutro,1.0,Deus fez a linha sem régua - Baka
40:55,2455,peix3manso,peix3manso,confuso,1.0,pra que baka?
40:55,2455,alveshvs,Alveshvs,engraçado,1.0,Calma kkk
40:58,2458,4shenkk,4shenkk,neutro,1.0,MEIO METREO DEI PICA NO TEU CU
40:59,2459,melbylaaul,MelbyLaaul,neutro,1.0,Vish o Arthur tossindo
41:01,2461,jrpinato,jrpinato,neutro,1.0,A placa nao impedia no japao
41:03,2463,cbvader,cbvader,engraçado,1.0,lumena autorizou
41:04,2464,peix3manso,peix3manso,confuso,1.0,pra que servem os bambus baka?
41:07,2467,rafadesa80,rafadesa80,neutro,1.0,Vai descer lá onde a tia ta vendendo crack
41:09,2469,nunes013,nunes013,engraçado,1.0,NO JAPAO VC NAO RESPEITARIA ESSA PLACA
41:09,2469,hakureisendai,hakureisendai,neutro,1.0,Só sai as 20h agora
41:10,2470,yuriairesb,YuriAiresB,engraçado,1.0,"Consegue altorização, Baka"
41:11,2471,harlockwhite01,harlockwhite01,confuso,1.0,Faz oque com o bambu?
41:13,2473,siozne,Siozne,neutro,1.0,Tudo cinza
41:15,2475,leitadordebarbudos,LeitadorDeBarbudos,neutro,1.0,Pra mim são claramente cidadãos europeus trafegando pela rua
41:15,2475,deyvisonmoraes,DeyvisonMoraes,neutro,1.0,elis7
41:15,2475,pristonfield,Pristonfield,neutro,1.0,avisa
41:16,2476,kkgoji,kkgoji,neutro,1.0,só pau
41:17,2477,niaranni,niaranni,neutro,1.0,Isso é simulação em IA
41:20,2480,rafadesa80,rafadesa80,neutro,1.0,COVID
41:21,2481,mogamizz,mogamizz,neutro,1.0,DESCE ROLANDO DERRUBANDO OS BAMBU TODO
41:22,2482,semnick001,semnick001,neutro,1.0,covid-26
41:28,2488,aizenr6ss,aizenr6ss,engraçado,1.0,kkkkkkkkkk
41:29,2489,deyvisonmoraes,DeyvisonMoraes,engraçado,1.0,ja pegou gripe nível 5
41:30,2490,wesleyp2p,wesleyp2p,positivo,1.0,"Baka tá preso do lado de dentro agora, é foda KK"
41:31,2491,caralioca,Caralioca,neutro,1.0,CORONGA VIRUS 2.0
41:32,2492,matyfofo,matyfofo,neutro,1.0,bem vindo de volta civid 26
41:37,2497,dlemonster,DlEmonster,neutro,1.0,canavial
41:41,2501,guilhermesl45,guilhermesl45,neutro,1.0,Yaki
41:43,2503,yuriairesb,YuriAiresB,confuso,1.0,Crack com Mucilon?
41:45,2505,4shenkk,4shenkk,neutro,1.0,COVID 2 A REVOLTA
41:46,2506,rafadesa80,rafadesa80,neutro,1.0,Cuidado
41:46,2506,matyfofo,matyfofo,neutro,1.0,bem vindo de volta covid 26
41:48,2508,lukask028,lukask028,engraçado,1.0,vai ser barrado kkkkkkk
41:50,2510,jrpinato,jrpinato,neutro,1.0,"Merchan, merecia um pastel gratis"
41:54,2514,stilvox,Stilvox,neutro,1.0,Se não tem placa tá liberado
41:55,2515,deyvisonmoraes,DeyvisonMoraes,neutro,1.0,nussa
41:56,2516,harlockwhite01,harlockwhite01,neutro,1.0,Vê lá quanto tá o crack
41:56,2516,phaantomlord,PhaantomLord,neutro,1.0,NU
41:57,2517,sunset__32,sunset__32,confuso,1.0,"@4shenkk ta bebo? mfala serto, pnc, trans"
41:58,2518,rafadesa80,rafadesa80,neutro,1.0,Vais escorregar
42:00,2520,peix3manso,peix3manso,engraçado,1.0,kkkkkkkkkkkkkkk
42:01,2521,semnick001,semnick001,neutro,1.0,exato
42:03,2523,thrillerzs,thrillerzs,engraçado,1.0,Kkkkkkkkk
42:03,2523,satesagatha,satesagatha,neutro,1.0,Chega no Brasil precisa de placa pra falar prós cara não cagar no chão
42:04,2524,xabriel98,Xabriel98,engraçado,1.0,kkkkkkkkkkkk
42:04,2524,guilhermesl45,guilhermesl45,engraçado,1.0,Kkkkkkkk
42:04,2524,deyvisonmoraes,DeyvisonMoraes,neutro,1.0,meu deus
42:06,2526,melbylaaul,MelbyLaaul,neutro,1.0,Vão mijar em você baka
42:07,2527,4shenkk,4shenkk,neutro,1.0,@sunset__32 UHDSAIUHDASUHDAHU
42:08,2528,rafadesa80,rafadesa80,neutro,1.0,Miji
42:10,2530,semnick001,semnick001,neutro,1.0,vai sair no meio do inferno
42:12,2532,rafadesa80,rafadesa80,neutro,1.0,MIJIII
42:12,2532,lara_bento,Lara_bento,negativo,0.5,pq tem tanta gente nesse lugar feio?
42:13,2533,deyvisonmoraes,DeyvisonMoraes,neutro,1.0,Situação... eguinoWhat
42:14,2534,giovani6jogadoh,giovani6jogadoh,confuso,1.0,golden shower??
42:15,2535,redwinepie,redwinepie,neutro,1.0,Japão depois que Madara venceu a guerra
42:15,2535,leitadordebarbudos,LeitadorDeBarbudos,neutro,1.0,Vai sair no meio campo da cracolandia
42:16,2536,peix3manso,peix3manso,neutro,1.0,credo
42:19,2539,a_palavra_cabalistica_eh,凹凸凹凸凹凸凹凸凹凸凹,neutro,1.0,olha onde o cara ta sin fiando
42:20,2540,italoooowd,italoooowd,neutro,1.0,As folha ate ficaram roxa de tanta radiação
42:23,2543,peix3manso,peix3manso,neutro,1.0,"vai,vc é o guardinha"
42:27,2547,gustcustodio,gustcustodio,engraçado,1.0,que lugar zoado kkkkk
42:27,2547,rafadesa80,rafadesa80,neutro,1.0,VAi cair no meio da marginal
42:32,2552,wesleyp2p,wesleyp2p,neutro,1.0,Pra enfiar no seu cu
42:39,2559,matyfofo,matyfofo,neutro,1.0,enfia no c
42:40,2560,peix3manso,peix3manso,confuso,1.0,vale?
42:41,2561,pcdopaulolives,pcdopaulolives,confuso,1.0,Cadê o BakaBet?
42:42,2562,4shenkk,4shenkk,neutro,1.0,BANDO DE BURRO
42:42,2562,aizenr6ss,aizenr6ss,neutro,1.0,la ele
42:42,2562,rafadesa80,rafadesa80,neutro,1.0,Mano do céu
42:45,2565,nunes013,nunes013,confuso,1.0,q lugar é esse? cheguei agora
42:47,2567,guilhermesl45,guilhermesl45,neutro,1.0,Não vale
42:48,2568,harlockwhite01,harlockwhite01,neutro,1.0,Tem que mandar o parkour
42:48,2568,dmelosh,dmelosh,engraçado,1.0,kkkkkk
42:49,2569,matyfofo,matyfofo,neutro,1.0,muita informação
42:49,2569,carolinenaomii,CarolineNaomii,neutro,1.0,23
42:50,2570,sunset__32,sunset__32,neutro,1.0,pula
42:51,2571,thrillerzs,thrillerzs,neutro,1.0,Oloko
42:55,2575,peix3manso,peix3manso,neutro,1.0,slc ja pensou
42:55,2575,rtcollapse,rtcollapse,neutro,1.0,mó cheiro de mijo
42:56,2576,4shenkk,4shenkk,neutro,1.0,DOIDEIRA PO
42:57,2577,matyfofo,matyfofo,neutro,1.0,EU VI KAKAKAKAKA
42:57,2577,sunset__32,sunset__32,neutro,1.0,pula dai pega um atalho
43:00,2580,giovani6jogadoh,giovani6jogadoh,neutro,1.0,o brasileiro gosta de aglomeração
43:03,2583,wesleyp2p,wesleyp2p,neutro,1.0,Isso aí faz tempo loco kk
43:07,2587,deyvisonmoraes,DeyvisonMoraes,confuso,1.0,lugar ta miserável
43:08,2588,peix3manso,peix3manso,engraçado,1.0,"cara bate o carro,quando vai sair o motorista é o celso russomano"
43:10,2590,zlucasgrz,zlucasgrz,engraçado,1.0,"Esses dias, já faz mais de ano isso kkkkkkk"
43:10,2590,wesleyp2p,wesleyp2p,neutro,1.0,Tá atrasado nas info
43:13,2593,rezeile_zika,rezeile_zika,engraçado,1.0,Faz mó tempo isso kkkkkk
43:15,2595,leitadordebarbudos,LeitadorDeBarbudos,neutro,1.0,Meu amigo o Brasil é lamentável
43:17,2597,gustcustodio,gustcustodio,engraçado,0.667,lugar feio kkkk
43:18,2598,digo_94,Digo_94,neutro,1.0,esses dias = 10 anos tras
43:18,2598,sunset__32,sunset__32,engraçado,1.0,"@matyfofo ta rindo de tragédia, psicopata"
43:20,2600,licht_zayy,licht_zayy,neutro,1.0,"Cara bate no carro do Celso roça nos mano e todo mundo “ Eeeeeewwww ”, comemorando"
43:20,2600,rafadesa80,rafadesa80,engraçado,1.0,Isso é matéria prima pro crack
43:25,2605,dudueyes,DuduEyes,neutro,1.0,liberdade cantou
43:25,2605,yuriairesb,YuriAiresB,positivo,1.0,Que lugarzinho meia bomba
43:26,2606,rafadesa80,rafadesa80,neutro,1.0,Muito legal
43:27,2607,lukask028,lukask028,engraçado,1.0,kkkkkkkkkkkkkkkkkkkk
43:27,2607,alveshvs,Alveshvs,engraçado,1.0,kkkkk
43:32,2612,alveshvs,Alveshvs,neutro,1.0,KK
43:35,2615,natie_martins,natie_martins,engraçado,0.5,"FAZ LIVE NO PARQUE IBIRA, VÁRIOS BECO LÁ"
43:37,2617,deyvisonmoraes,DeyvisonMoraes,neutro,1.0,duvido
43:38,2618,harlockwhite01,harlockwhite01,neutro,1.0,A veia que tava lá embaixo aí do seu lado baka
43:39,2619,matyfofo,matyfofo,neutro,1.0,7 milhões de pessoas pra bater o carro e o maluco bate logo no do Celso portiolli
43:39,2619,peix3manso,peix3manso,engraçado,1.0,kkkkkkkkkkkkkkkkk
43:42,2622,peix3manso,peix3manso,neutro,1.0,"fala baka,fala"
43:45,2625,guilhermesl45,guilhermesl45,neutro,1.0,Buft
43:46,2626,yuriairesb,YuriAiresB,engraçado,1.0,LUL
43:46,2626,phaantomlord,PhaantomLord,neutro,1.0,Agora tem que falar
43:54,2634,santorys,Santorys,neutro,1.0,baka da temu
43:58,2638,niaranni,niaranni,confuso,1.0,Tú é streamer novo?
43:58,2638,deyvisonmoraes,DeyvisonMoraes,engraçado,1.0,kkkkkkkkk
44:01,2641,alveshvs,Alveshvs,neutro,1.0,Pega o numero da gatinha pra mim
44:01,2641,4shenkk,4shenkk,engraçado,1.0,MORRENDO KKKKKKKKKKKKKKKKKK
44:02,2642,melbylaaul,MelbyLaaul,neutro,1.0,Sobe pra vergueiro baka
44:03,2643,rafadesa80,rafadesa80,neutro,1.0,Zico
44:05,2645,flerta_em_velorio,flerta_em_velorio,neutro,1.0,olha o zinco ai
44:06,2646,peluciacensurada,PeluciaCensurada,inspirado,1.0,Faz live na cidade tiradentes
44:11,2651,camila_mq,Camila_Mq,neutro,1.0,Vai na Paulista
44:12,2652,wesleyp2p,wesleyp2p,neutro,1.0,Lembro
44:14,2654,thrillerzs,thrillerzs,engraçado,1.0,Kkkkkkk fail até a voz
44:16,2656,coofycoofy,coofycoofy,neutro,1.0,ibira ia ser só os porno nos beco
44:16,2656,lukask028,lukask028,engraçado,1.0,"mas aaii ""a voz falhando"" kkkkkkkkkk"
44:18,2658,4shenkk,4shenkk,neutro,1.0,VAI MORRER AI BAKA
44:20,2660,rafadesa80,rafadesa80,neutro,1.0,Tá dahora
44:20,2660,r0drin,r0drin,confuso,1.0,o que deu?
44:24,2664,kkgoji,kkgoji,neutro,1.0,aquela live fatídica
44:27,2667,semnick001,semnick001,inspirado,1.0,faz live no seu bairro (jardim europa)
44:28,2668,leitadordebarbudos,LeitadorDeBarbudos,engraçado,1.0,Faz uma assim no Caribe
44:33,2673,phaantomlord,PhaantomLord,neutro,1.0,live na cracolandia
44:34,2674,rafadesa80,rafadesa80,neutro,1.0,Nada
44:37,2677,guilhermesl45,guilhermesl45,engraçado,1.0,É o trikas
44:40,2680,beyond_desolation2,Beyond_Desolation2,engraçado,1.0,kkkkkkk
44:41,2681,deyvisonmoraes,DeyvisonMoraes,neutro,1.0,vagabundo véio
44:41,2681,peluciacensurada,PeluciaCensurada,neutro,1.0,Pega vagabundo
44:41,2681,rafadesa80,rafadesa80,neutro,1.0,Tá porra
44:41,2681,kaydbr,kaydbr,engraçado,0.5,"brasil é feião, triste"
44:42,2682,leitadordebarbudos,LeitadorDeBarbudos,positivo,0.5,Quanto cracudo que coisa boa
44:43,2683,dlemonster,DlEmonster,positivo,1.0,what a little place half bomb
44:44,2684,peluciacensurada,PeluciaCensurada,engraçado,1.0,Kkkk
44:46,2686,rafadesa80,rafadesa80,neutro,1.0,Ne
44:47,2687,deyvisonmoraes,DeyvisonMoraes,engraçado,1.0,kkkkkkkkkkkkkk
44:49,2689,lostcaco,LostCaco,engraçado,1.0,"a menina ""nossa mano, cala sua boca"" kkk"
44:49,2689,kotori212,kotori212,neutro,1.0,india
44:57,2697,gustcustodio,gustcustodio,neutro,1.0,india 2.0
44:58,2698,bakalovers,bakalovers,engraçado,1.0,"bakalovers subscribed at Tier 1. They've subscribed for 47 months, currently on a 47 month streak! 47 meses prestigiando a nossa subcelebridade  favorita"
44:59,2699,rafadesa80,rafadesa80,neutro,1.0,Vagabundo E veio
45:01,2701,negligenciagames,negligenciaGames,neutro,1.0,oloco o ancapsu ali
45:05,2705,sunset__32,sunset__32,neutro,1.0,ROBA
45:08,2708,wesleyp2p,wesleyp2p,inspirado,0.667,"Faz live aqui em acari RN, é uma cidade do rio grande do Norte obviamente no nordeste, pequena que não tem nada de especial nela, estou recomendando sem motivo algum..."
45:08,2708,alm1rc,alm1rc,neutro,1.0,entra logo
45:10,2710,alveshvs,Alveshvs,neutro,1.0,"Man, insalubre andar em rua assim"
45:11,2711,4shenkk,4shenkk,neutro,1.0,JÁ ENTRA ROBANDO FI
45:17,2717,heartonlyheart,HeartOnlyHeart,confuso,1.0,Baka saiu pra pegar doce né?
45:18,2718,4shenkk,4shenkk,engraçado,1.0,KKKKKKKKKKKKKKKKKKKKKKKKK
45:19,2719,matyfofo,matyfofo,neutro,1.0,já estive em lugares da índia mais organizado
45:21,2721,renatorgal,Renatorgal,neutro,1.0,igualzinho o donk
45:21,2721,kthyosu,kthyosu,frustrado,1.0,de fim de semana a liberdade é uma bosta
45:21,2721,wesleyp2p,wesleyp2p,engraçado,1.0,Caralho KKKKKKKKKK
45:21,2721,4shenkk,4shenkk,neutro,1.0,JASDIOASJDAIOSDJAISDIISDIOAIJ
45:23,2723,peluciacensurada,PeluciaCensurada,neutro,1.0,Aí vc entra aí e começa “dondondondon ki donkihoteee “
45:23,2723,kthyosu,kthyosu,engraçado,1.0,KKKKKKKKK
45:24,2724,natsusekai,NatsuSekai,engraçado,1.0,kkkkkkkkkkkkkkkkkkkkk
45:24,2724,deyvisonmoraes,DeyvisonMoraes,neutro,1.0,eita preula
45:24,2724,stilvox,Stilvox,neutro,1.0,Krl
45:24,2724,nunes013,nunes013,neutro,1.0,mellzitosAmen
45:24,2724,its_zurako,its_zurako,confuso,1.0,"baka, ja bateu quantas carteiras ai ??"
45:26,2726,rafadesa80,rafadesa80,engraçado,1.0,Kkkkkkkkkkkkkkkkkkkkk
45:27,2727,ripcroww,RipCrowW,neutro,1.0,precisa gratar
45:27,2727,kotori212,kotori212,neutro,1.0,caralho
45:27,2727,niaranni,niaranni,neutro,1.0,KSKSKSSKSKSKSKSKSKSK
45:27,2727,peix3manso,peix3manso,neutro,1.0,é a adm sim
45:27,2727,deyvisonmoraes,DeyvisonMoraes,engraçado,1.0,kkkkkkkkkkkkkkkk
45:28,2728,passarobllue,passarobllue,engraçado,0.5,PUTAQUELARIO
45:28,2728,beyond_desolation2,Beyond_Desolation2,engraçado,1.0,VAI TOMANDO KKKKKKKKKKK
45:28,2728,samukaplm,SamukaPLM,neutro,1.0,iuAHSEIUASEUIAESHIUAESHAEISU
45:29,2729,lara_bento,Lara_bento,neutro,1.0,Caraca
45:29,2729,jettasz,jettasz,neutro,1.0,não ouvi
45:29,2729,lolls2,lolls2,neutro,1.0,KAKKAKAKAKA
45:29,2729,phaantomlord,PhaantomLord,engraçado,1.0,kkkkkkkkkkkkkkkkkkkk
45:29,2729,lostcaco,LostCaco,engraçado,1.0,kkkkk tomou no ku no BR
45:30,2730,alveshvs,Alveshvs,positivo,1.0,Tomou salve
45:30,2730,ripcroww,RipCrowW,engraçado,1.0,gritar*
45:30,2730,beatrizcrotti,beatrizcrotti,engraçado,1.0,KKKKKKKKKK
45:30,2730,levini01,LeVini01,engraçado,1.0,kkkkkkkkkkkkkkk
45:30,2730,jeff_p_s,jeff_p_s,frustrado,1.0,Puta
45:30,2730,pskaren,pskaren,engraçado,1.0,KKKKKKKKKKKKKKLKK
45:30,2730,guilhermesl45,guilhermesl45,engraçado,1.0,Kkkkkk
45:30,2730,negligenciagames,negligenciaGames,neutro,1.0,apavoro
45:30,2730,jeffstaz,jeffstaz,neutro,1.0,Carai ksks
45:31,2731,pulchram12,pulchram12,neutro,1.0,Krl
45:31,2731,flerta_em_velorio,flerta_em_velorio,neutro,1.0,tomou
45:31,2731,caralioca,Caralioca,engraçado,1.0,KKKKKKKKKKKKK TOMO MO ESPORRO MANE
45:31,2731,bakalovers,bakalovers,positivo,1.0,Cheer1 NUM PODI GRAVAAAAA.
45:31,2731,kthyosu,kthyosu,confuso,1.0,caralho que educada
45:31,2731,a_palavra_cabalistica_eh,凹凸凹凸凹凸凹凸凹凸凹,engraçado,1.0,que pataguada kkkk
45:31,2731,pizzatop__,pizzatop__,engraçado,1.0,kkkkkkkkkkkkkkkkkkkk tomou logo
45:31,2731,r0drin,r0drin,neutro,1.0,avisa baixo
45:31,2731,kodarke,kodarke,engraçado,1.0,Kkkkkkkkkkkkkkkkkkkkkk
45:32,2732,rafadesa80,rafadesa80,neutro,1.0,Tá porra
45:32,2732,negligenciagames,negligenciaGames,engraçado,1.0,kkkkkk
45:33,2733,gmblost,gmbLOST,engraçado,1.0,kkkkkkkkkkkkkkkkkk
45:33,2733,kaydbr,kaydbr,positivo,1.0,"Não poder é foda, é só ela q n quer"
45:33,2733,4shenkk,4shenkk,neutro,1.0,AUSHDIAUHDIUHASDIUHADUHAUISH[
45:33,2733,arckfaelzin,arckfaelzin,neutro,1.0,Shibuya hoje ta lotado
45:34,2734,pulchram12,pulchram12,neutro,1.0,Calma tia
45:34,2734,peluciacensurada,PeluciaCensurada,neutro,1.0,Tomou um esporro
45:34,2734,aizenr6ss,aizenr6ss,engraçado,1.0,kkkkkkkkkk
45:35,2735,caipirinha_2007,caipirinha_2007,neutro,1.0,censurado...
45:35,2735,cabol,Cabol,neutro,1.0,porra
45:36,2736,rtcollapse,rtcollapse,neutro,1.0,caraca tá no japão mesmo
45:36,2736,renatorgal,Renatorgal,engraçado,1.0,toma esse grito
45:36,2736,guzt_,Guzt_,engraçado,1.0,gritao
45:36,2736,natie_martins,natie_martins,neutro,1.0,"Nossa senhora, berrou mo"
45:36,2736,bkjck,BkJck,neutro,1.0,vai tomando
45:36,2736,0poaishu,0poaishu,engraçado,1.0,crimes la dentro
45:37,2737,raparigadoassude,raparigadoassude,engraçado,1.0,KKKKKKKKKKKKKKKKKKKKKKKKKK
45:37,2737,beatrizcrotti,beatrizcrotti,confuso,1.0,CARAIO QUE AVISO GENTIL
45:38,2738,wesleyp2p,wesleyp2p,engraçado,1.0,Já tomou um grito no pé da orelha KKKKKKKKKKK
45:38,2738,zlucasgrz,zlucasgrz,engraçado,1.0,Kkkkkkkkkkkkkkkkk
45:39,2739,kkgoji,kkgoji,neutro,1.0,krl tomou o maior esporro
45:39,2739,4shenkk,4shenkk,neutro,1.0,SE SAIU BEMN PO
45:39,2739,levini01,LeVini01,neutro,1.0,ja toma esse enquadro ai
45:39,2739,matyfofo,matyfofo,neutro,1.0,NAO PODE GRAVA
45:40,2740,carolinenaomii,CarolineNaomii,engraçado,1.0,gritão
45:41,2741,matozinhos_,Matozinhos_,neutro,1.0,quase n escutei o aviso
45:41,2741,deyvisonmoraes,DeyvisonMoraes,neutro,1.0,mulher desesperada NÃO PODE GRAVA eguinoAAAA
45:42,2742,satesagatha,satesagatha,neutro,1.0,Intankavel o br
45:42,2742,beyond_desolation2,Beyond_Desolation2,engraçado,1.0,ESCULHACHADO KKKKKKKKKKKKK
45:44,2744,santorys,Santorys,neutro,1.0,quase leva uma facada
45:44,2744,heartonlyheart,HeartOnlyHeart,engraçado,1.0,Kkkkkkkkk o Japão tá diferente...
45:45,2745,levini01,LeVini01,neutro,1.0,pra ficar esperto
45:45,2745,sunset__32,sunset__32,neutro,1.0,TRAFICO LA DENTRO
45:45,2745,pristonfield,Pristonfield,engraçado,1.0,nao pode gravar os crimes
45:46,2746,guilhermesl45,guilhermesl45,neutro,1.0,Censura
45:46,2746,lrenatoo,lrenatoo,confuso,1.0,o que a moça disse mesmo?
45:46,2746,harlockwhite01,harlockwhite01,engraçado,1.0,A mina do seu lado e gritando kkkk
45:46,2746,pandoras_boox,pandoras_boox,neutro,1.0,Já ia logo mostrar os esquemas dos caras
45:46,2746,arckfaelzin,arckfaelzin,neutro,1.0,É a educação do bostil
45:47,2747,r0drin,r0drin,neutro,1.0,NÃO PODE
45:47,2747,digo_94,Digo_94,engraçado,1.0,KKKKKKKKKKKKKKK
45:47,2747,sukiiny,Sukiiny,neutro,1.0,Bem vindo de volta ao Brasil
45:47,2747,lukask028,lukask028,confuso,1.0,nego ta devendo forte la dentro ta ?
45:48,2748,andre_wubba_lubba_dub_dub,andre_wubba_lubba_dub_dub,neutro,1.0,ia entregar o esquema dos caras
45:49,2749,hang0verx,Hang0verx,engraçado,1.0,kkk que educação da fdp
45:49,2749,cabol,Cabol,frustrado,1.0,paulista de merda
45:49,2749,beyond_desolation2,Beyond_Desolation2,engraçado,1.0,KKKKKKKKKKKK
45:50,2750,eusouguizo,EuSouGuizo,neutro,1.0,mafia do carai
45:50,2750,karasu2024,karasu2024,engraçado,1.0,Kkkkkkkkkkk
45:50,2750,pulchram12,pulchram12,neutro,1.0,Fala mais alto dá pra escutar não
45:50,2750,camila_mq,Camila_Mq,engraçado,0.5,Cheguei agora. Comprou celular só pra live?
45:50,2750,lara_bento,Lara_bento,neutro,1.0,Quanta sutileza
45:50,2750,hakureisendai,hakureisendai,engraçado,1.0,Pra que gritar assim
45:51,2751,peix3manso,peix3manso,neutro,1.0,vai explanar onde os cara compra caneta ilegal
45:51,2751,catchau2005,catchau2005,engraçado,1.0,no Japão não seria assim
45:51,2751,styxagapii,styxagapii,neutro,1.0,TOMOU APAVORO
45:52,2752,kaydbr,kaydbr,frustrado,1.0,bostil é uma merda
45:53,2753,sp4wnfps,SP4WNfps,neutro,1.0,barata tonta
45:53,2753,bookerr1,bookerr1,confuso,1.0,mas é publico nao?
45:53,2753,digo_94,Digo_94,neutro,1.0,é da yakuza
45:54,2754,sunset__32,sunset__32,neutro,1.0,la dentro tem trafico humano
45:54,2754,passarobllue,passarobllue,neutro,1.0,E o sangue fervendo de vergonha ne baka
45:54,2754,matyfofo,matyfofo,positivo,1.0,gostei da sutileza do aviso
45:54,2754,flerta_em_velorio,flerta_em_velorio,confuso,1.0,e essa arma de choque q toda hora da um estalo ai pai
45:55,2755,joaoreisojisan,JoaoReisOjisan,neutro,1.0,não pode gravar o esquema dos malaco
45:56,2756,natie_martins,natie_martins,neutro,1.0,Berrou no cérebro
45:56,2756,annoyinger,Annoyinger,neutro,1.0,finge de europeu
45:57,2757,dlemonster,DlEmonster,neutro,1.0,tão devendo
45:57,2757,marryros098,marryros098,neutro,1.0,Passando perrengue
45:57,2757,rafadesa80,rafadesa80,neutro,1.0,Bem vindo de volta
45:58,2758,redwinepie,redwinepie,engraçado,1.0,Até eu fiquei magoado com esse grito kkkkkkkkkkk
45:58,2758,eddyqxd,eddyqxd,neutro,1.0,CONTRABANDISTAS
46:00,2760,wesleyp2p,wesleyp2p,engraçado,0.75,"Que esculacho mano, porra precisava gritar? KKKKKK"
46:00,2760,a_palavra_cabalistica_eh,凹凸凹凸凹凸凹凸凹凸凹,neutro,1.0,todo mundo é fluente
46:00,2760,pandoras_boox,pandoras_boox,neutro,1.0,Quase explanou a máfia
46:01,2761,ly_uu,Ly_uu,neutro,1.0,Fala que vc é do Japao
46:01,2761,niuz_pv,Niuz_pv,neutro,1.0,ainda vao te bater hj
46:03,2763,peluciacensurada,PeluciaCensurada,engraçado,1.0,Poderia ter gritado “não pode grita”
46:03,2763,yuriairesb,YuriAiresB,neutro,1.0,Mó climão
46:04,2764,pskaren,pskaren,neutro,1.0,Denuncia essa loja pra polícia
46:04,2764,jose_lucas249,jose_lucas249,engraçado,1.0,Gritão da grota kkkkkkk
46:05,2765,digo_94,Digo_94,neutro,1.0,yakuza nao deixa
46:06,2766,beatrizcrotti,beatrizcrotti,neutro,1.0,Brasil é depressivo mano
46:07,2767,niaranni,niaranni,neutro,1.0,Saiu com rabinho entre as pernas
46:07,2767,rafadesa80,rafadesa80,neutro,1.0,"AQUI É BRASIL, POURRA"
46:08,2768,lostcaco,LostCaco,neutro,1.0,tomou block no BR
46:08,2768,negligenciagames,negligenciaGames,frustrado,1.0,krl brasil é uma merda volta pro jp
46:10,2770,carolinenaomii,CarolineNaomii,neutro,1.0,"num pode gravar porque vende coisas falsas, bolsas, roupas..."
46:10,2770,deyvisonmoraes,DeyvisonMoraes,engraçado,0.5,Até que é bom finalmente entender o que as pessoas a rua estão falando. kkkkkk
46:12,2772,phaantomlord,PhaantomLord,neutro,1.0,faz um surra de bunda em solos tupiniquins ]
46:13,2773,jrpinato,jrpinato,neutro,1.0,Ta insalubre viver de live no brasil.
46:17,2777,natsusekai,NatsuSekai,neutro,1.0,Baka tá zonzo ainda depois dessa
46:17,2777,matozinhos_,Matozinhos_,neutro,1.0,tokyo ta diferente
46:19,2779,euma_maria7373,euma_maria7373,neutro,1.0,que aglomeração do caraio
46:19,2779,marcuoveio,marcuoveio,neutro,1.0,É o nasus
46:20,2780,kaydbr,kaydbr,engraçado,1.0,A mulher n queria que mostrasse as peças originais de fábrica
46:21,2781,rafadesa80,rafadesa80,neutro,1.0,Pesou o clime
46:22,2782,eddyqxd,eddyqxd,neutro,1.0,PRODUTOS CHINESES
46:25,2785,gato_de_patins,gato_de_patins,neutro,1.0,finge que é japones
46:25,2785,passarobllue,passarobllue,engraçado,1.0,PANAMERICANO
46:25,2785,thrillerzs,thrillerzs,engraçado,1.0,Avemaria ta lotado
46:27,2787,flerta_em_velorio,flerta_em_velorio,engraçado,1.0,papanamericano
46:28,2788,hang0verx,Hang0verx,neutro,1.0,ponto de droga
46:29,2789,kotori212,kotori212,positivo,1.0,o pikachu ali em cima
46:29,2789,peix3manso,peix3manso,neutro,1.0,ctz que tem coisa ilegal la
46:30,2790,unomile2002,unomile2002,neutro,1.0,ja sei um lguar que nao vou comprar nada
46:30,2790,heartonlyheart,HeartOnlyHeart,neutro,1.0,Tomou de graça
46:31,2791,alveshvs,Alveshvs,neutro,1.0,Respondia ela em Japones e saia andando
46:31,2791,guilhermesl45,guilhermesl45,neutro,1.0,DinoDance
46:31,2791,arckfaelzin,arckfaelzin,neutro,1.0,Full hd
46:33,2793,harlockwhite01,harlockwhite01,neutro,1.0,Não pode grava pq tá devendo
46:34,2794,mrdarkku,mrdarkku,confuso,1.0,ANCELLOTI?
46:35,2795,beyond_desolation2,Beyond_Desolation2,neutro,1.0,Não sabia q falavam português em Hong Kong
46:37,2797,sunset__32,sunset__32,positivo,0.5,"@PeluciaCensurada po voz de tesão da mina, gostosa ela, queria levar um grito dela"
46:37,2797,cotonetedelagartixa,CotoneteDeLagartixa,neutro,1.0,"O cara entrava em todos os lugares do Japão, para tomar block no Brasil"
46:41,2801,semnick001,semnick001,neutro,1.0,vai por favor
46:41,2801,rafadesa80,rafadesa80,neutro,1.0,Não podia mostrar o contrabando
46:43,2803,styxagapii,styxagapii,engraçado,1.0,Pa panamericano
46:43,2803,guilhermesl45,guilhermesl45,neutro,1.0,Vai lá
46:44,2804,peix3manso,peix3manso,neutro,1.0,ta nao
46:44,2804,azariellk,azariellk,neutro,1.0,vai
46:44,2804,marcuoveio,marcuoveio,confuso,0.667,Tá podendo descer ou alguém vai gritar também?
46:44,2804,wesleyp2p,wesleyp2p,engraçado,1.0,"Aquilo ali foi sacanagem com nossos mano baka, gritar é sacanagem"
46:44,2804,digo_94,Digo_94,positivo,1.0,o pikachu ali denovo
46:44,2804,kureijinuwu,kureijinuwu,neutro,1.0,NÃO PODI GRAVA👿👿🔥🔥🔥
46:45,2805,erickhsn,erickhsn,neutro,1.0,"se tu andar até lá, vai ser roubado 100%"
46:46,2806,kotori212,kotori212,engraçado,1.0,kkkkkkkkkkkkkkkkkkkk
46:48,2808,deyvisonmoraes,DeyvisonMoraes,neutro,1.0,Agora sim
46:49,2809,peix3manso,peix3manso,engraçado,1.0,"nossa,só pq falou caiu kkkkkkkkkkkkkkkkk"
46:49,2809,alveshvs,Alveshvs,neutro,1.0,Caindo sinal
46:50,2810,a_palavra_cabalistica_eh,凹凸凹凸凹凸凹凸凹凸凹,neutro,1.0,falou caiu
46:50,2810,gmblost,gmbLOST,neutro,1.0,ta caindo
46:50,2810,niaranni,niaranni,neutro,1.0,F
46:50,2810,pskaren,pskaren,neutro,1.0,F
46:51,2811,xabriel98,Xabriel98,neutro,1.0,caiu
46:52,2812,lolls2,lolls2,neutro,1.0,B
46:53,2813,licht_zayy,licht_zayy,neutro,1.0,F
46:53,2813,catchau2005,catchau2005,neutro,1.0,ia dar minha opinião sobre mas ia dar ban
46:53,2813,raparigadoassude,raparigadoassude,neutro,1.0,F
46:54,2814,sousply,sousply,neutro,1.0,f
46:54,2814,gmblost,gmbLOST,neutro,1.0,pressF
46:55,2815,passarobllue,passarobllue,engraçado,1.0,Foi so falar kkkkk
46:55,2815,jusnexd,JusneXD,negativo,1.0,"povo feio da desgraça,sdds japao"
46:55,2815,mogamizz,mogamizz,neutro,1.0,na hora q ele falou comecou a cair
46:55,2815,sir_wonka0,sir_wonka0,neutro,1.0,F
46:55,2815,harlockwhite01,harlockwhite01,neutro,1.0,F
46:56,2816,stilvox,Stilvox,neutro,1.0,Foi só falar
46:56,2816,dmelosh,dmelosh,neutro,1.0,Travou agora
46:57,2817,zenith_2xko,zenith_2xko,neutro,1.0,f
46:58,2818,deyvisonmoraes,DeyvisonMoraes,neutro,1.0,Discada
46:58,2818,rafadesa80,rafadesa80,neutro,1.0,F
46:58,2818,santorys,Santorys,neutro,1.0,entrou no buraco de minhoca
46:58,2818,kthyosu,kthyosu,neutro,1.0,vai ser morto
46:59,2819,natie_martins,natie_martins,neutro,1.0,F
46:59,2819,johnnyraziel666,johnnyraziel666,neutro,1.0,F
47:00,2820,madiftn,madiftn,neutro,1.0,distorceu a realidade
47:00,2820,dmelosh,dmelosh,neutro,1.0,F
47:00,2820,kthyosu,kthyosu,neutro,1.0,F
47:01,2821,natsusekai,NatsuSekai,neutro,1.0,F
47:01,2821,johnnyraziel666,johnnyraziel666,neutro,1.0,FF
47:01,2821,matyfofo,matyfofo,engraçado,0.667,"cara, é incrível a diversidade de pessoas que há no Brasil kkkkk"
47:03,2823,overwherbert,OverwHerbert,neutro,1.0,Pixels
47:03,2823,4shenkk,4shenkk,positivo,0.5,@erickhsn ASSIM É QUE É BOM
47:04,2824,yuriairesb,YuriAiresB,neutro,1.0,Tim com sinal de milhões
47:04,2824,luis_6253,luis_6253,neutro,1.0,F
47:04,2824,lara_bento,Lara_bento,neutro,1.0,segura baka
47:04,2824,yuji_itadori190,yuji_itadori190,neutro,1.0,Fffffff
47:04,2824,rafadesa80,rafadesa80,neutro,1.0,Caiu
47:04,2824,karasu2024,karasu2024,positivo,1.0,Cheer1 Cheer1 Cheer1 Cheer1 Cheer1
47:05,2825,gato_de_patins,gato_de_patins,neutro,1.0,zikou
47:05,2825,lostcaco,LostCaco,engraçado,1.0,F Bostil kkk
47:05,2825,lolls2,lolls2,neutro,1.0,compra bubble tea ai para beber
47:06,2826,matyfofo,matyfofo,neutro,1.0,F
47:07,2827,melbylaaul,MelbyLaaul,neutro,1.0,Multiverso da liberdade
47:07,2827,johnnyraziel666,johnnyraziel666,neutro,1.0,F
47:07,2827,nunes013,nunes013,neutro,1.0,na hora q falou a live entrou na quinta dimensão
47:07,2827,marcelooopjl,marcelooopjl,confuso,1.0,Como tira do 4k 120fps?
47:09,2829,ly_uu,Ly_uu,neutro,1.0,Baka entrando em outra dimensão
47:09,2829,newpape,newpape,neutro,1.0,Adeus live
47:09,2829,johnnyraziel666,johnnyraziel666,neutro,1.0,FFF
47:09,2829,pqnajoy,pqnajoy,neutro,1.0,Que 💩
47:12,2832,wesleyp2p,wesleyp2p,neutro,1.0,F live na liberdade dando errado denovo
47:12,2832,deyvisonmoraes,DeyvisonMoraes,neutro,1.0,elisDespair
47:13,2833,kkgoji,kkgoji,engraçado,1.0,BAKA bugando a matrix
47:13,2833,rafadesa80,rafadesa80,neutro,1.0,Foi pro caraio
47:14,2834,bhcbmds_0,bhcbmds_0,neutro,1.0,Papo de AVC
47:14,2834,arthatreus,arthatreus,confuso,1.0,Tinha coisas ilícitas pra não filmar?
47:15,2835,johnnyraziel666,johnnyraziel666,neutro,1.0,FF
47:15,2835,giovani6jogadoh,giovani6jogadoh,neutro,1.0,domingão dia de ir pra liberdade
47:15,2835,styxagapii,styxagapii,neutro,1.0,Tá travando
47:17,2837,guilhermesl45,guilhermesl45,neutro,1.0,Voltou
47:17,2837,eddyqxd,eddyqxd,neutro,1.0,STAR LINK TA BARATO VIU
47:18,2838,wesleyp2p,wesleyp2p,neutro,1.0,Voltou
47:19,2839,newpape,newpape,neutro,1.0,Live no multiverao
47:19,2839,licht_zayy,licht_zayy,neutro,1.0,Voltou
47:20,2840,mrdarkku,mrdarkku,neutro,1.0,liberdade sem liberdade pra gravar
47:20,2840,rlkdomiranha,rlkdomiranha,neutro,1.0,w
47:20,2840,rafadesa80,rafadesa80,neutro,1.0,VOLTA BAKAAAAAA
47:20,2840,deyvisonmoraes,DeyvisonMoraes,neutro,1.0,Voltou
47:21,2841,alveshvs,Alveshvs,neutro,1.0,Voltou
47:21,2841,saintme0_0,saintme0_0,neutro,1.0,ta lisinha a live
47:22,2842,overwherbert,OverwHerbert,neutro,1.0,Voltou
47:22,2842,dieynii,dieynii,neutro,1.0,tá indo pra outra dimensão
47:23,2843,johnnyraziel666,johnnyraziel666,neutro,1.0,passou no inferno e voltou
47:24,2844,harlockwhite01,harlockwhite01,neutro,1.0,Volto
47:25,2845,pizzatop__,pizzatop__,neutro,1.0,voltou
47:28,2848,dmelosh,dmelosh,neutro,1.0,Voltou
47:29,2849,r0drin,r0drin,engraçado,1.0,@sunset__32 ta ouriçado
47:30,2850,sunset__32,sunset__32,neutro,1.0,@CotoneteDeLagartixa trafico humano e de entorpecentes la dentro
47:32,2852,passarobllue,passarobllue,neutro,1.0,Faz amizade baka fala com o povo
47:33,2853,rafadesa80,rafadesa80,neutro,1.0,Não corre pra Luz!!!
47:37,2857,santorys,Santorys,neutro,1.0,tá no planeta do miller agora
47:37,2857,kotori212,kotori212,neutro,1.0,vc zikou
47:37,2857,peix3manso,peix3manso,neutro,1.0,"nossa,é mt caotico mano. imagina na india slc"
47:37,2857,niaranni,niaranni,negativo,1.0,MT ruim essa simulação de inferno
47:39,2859,negligenciagames,negligenciaGames,neutro,1.0,live no br tem que ser acompanhado
47:39,2859,guilhermesl45,guilhermesl45,positivo,1.0,Vamos que vamos
47:44,2864,4shenkk,4shenkk,neutro,1.0,60 FPS (frame por semana)
47:46,2866,johnnyraziel666,johnnyraziel666,neutro,1.0,F
47:46,2866,pskaren,pskaren,neutro,1.0,que povo fei
47:46,2866,licht_zayy,licht_zayy,neutro,1.0,F dnv kkskskk
47:48,2868,rafadesa80,rafadesa80,neutro,1.0,Entrou no multiverso
47:48,2868,dmelosh,dmelosh,neutro,1.0,F
47:52,2872,pskaren,pskaren,neutro,1.0,F
47:52,2872,c4rl0s_f3l1p3,c4rl0s_f3l1p3,confuso,1.0,São 0s kamikases?
47:53,2873,sunset__32,sunset__32,engraçado,0.5,"@r0drin c viu ela truta?, novinha totosa"
47:53,2873,styxagapii,styxagapii,neutro,1.0,Voltou
47:54,2874,rlkdomiranha,rlkdomiranha,engraçado,1.0,KKK
47:54,2874,harlockwhite01,harlockwhite01,neutro,1.0,F
47:56,2876,j_pauloo,j_pauloo,neutro,1.0,o cara quase se teleportou pro Japão dps desse apavoro da mina
47:56,2876,dmelosh,dmelosh,neutro,1.0,Voltou
47:56,2876,andre_wubba_lubba_dub_dub,andre_wubba_lubba_dub_dub,positivo,1.0,tira o oculs que melhora a qualidade da internet
48:01,2881,jrpinato,jrpinato,engraçado,1.0,@4shenkk Kappa
48:01,2881,styxagapii,styxagapii,neutro,1.0,F
48:05,2885,passarobllue,passarobllue,negativo,1.0,Voce flopou mano baka
48:05,2885,newpape,newpape,positivo,1.0,Melhor fechar a live
48:08,2888,leidsan,LeidSan,neutro,1.0,Washed
48:09,2889,rafadesa80,rafadesa80,neutro,1.0,Isso é bangladesh
48:09,2889,dmelosh,dmelosh,neutro,1.0,Sim
48:11,2891,carolinenaomii,CarolineNaomii,engraçado,0.5,ta triste q ninguem reconheceu ele
48:14,2894,dmelosh,dmelosh,positivo,1.0,Melhorou
48:15,2895,rafadesa80,rafadesa80,negativo,1.0,Lugar feio da porra
48:16,2896,wesleyp2p,wesleyp2p,engraçado,1.0,Depois daquela o baka se arrependeu de abrir live hoje
48:17,2897,melbylaaul,MelbyLaaul,neutro,1.0,Baka virou o bojack
48:17,2897,coolmelado,coolmelado,frustrado,0.5,"""Acho que vou ter que tirar o óculos pra ser reconhecido aff"""
48:22,2902,pizzatop__,pizzatop__,neutro,1.0,qual parte do Japão é isso aí
48:22,2902,bhcbmds_0,bhcbmds_0,neutro,1.0,"Relaxa, Baka, acontece com todo mundo"
48:22,2902,thrillerzs,thrillerzs,confuso,1.0,Tem como diminuir o número de NPC?
48:24,2904,its_zurako,its_zurako,engraçado,1.0,que lugar deprimente
48:25,2905,styxagapii,styxagapii,neutro,1.0,Voltou
48:25,2905,harlockwhite01,harlockwhite01,neutro,1.0,Volto
48:25,2905,kureijinuwu,kureijinuwu,neutro,1.0,A menina no chão igual uma mendiga
48:26,2906,niuz_pv,Niuz_pv,neutro,1.0,on
48:30,2910,vinnyfborg,vinnyfborg,engraçado,0.5,"Eu parei de colar na liberdade por causa disso, barato anda mais lotado que a 25 de março, principalmente agora que a passagem de busão é gratuita de Domingo."
48:31,2911,matyfofo,matyfofo,negativo,0.5,1k na live ? nunca estivemos tão flopados
48:31,2911,souzaa_23_,Souzaa_23_,frustrado,1.0,quase achei q era a india pqp
48:33,2913,nunes013,nunes013,positivo,1.0,melhor não ser reconhecido do q achar o filosofo de osaka
48:33,2913,misaamiss,misaamiss,neutro,1.0,Liberdade da depressão
48:34,2914,4shenkk,4shenkk,neutro,1.0,MLK ERROU UMA RUA E FOI PARAR NA INDIA
48:35,2915,velez1998_,velez1998_,neutro,1.0,bolão pra saber que horas ele ai ser assaltado
48:36,2916,yuriairesb,YuriAiresB,engraçado,1.0,"O povo dever te ver e pensar: ""Não, o Baka não sairia do Japão pra fazer live na Liberdade""."
48:37,2917,rafadesa80,rafadesa80,neutro,1.0,Lugar estranho com gente esquisita
48:38,2918,guilhermesl45,guilhermesl45,engraçado,1.0,Kkkkkk
48:39,2919,kaydbr,kaydbr,engraçado,1.0,real kkk
48:39,2919,deyvisonmoraes,DeyvisonMoraes,confuso,1.0,O que o povo ta fazendo ai?
48:40,2920,voanzito,voanzito,confuso,1.0,Tá em Tokyo?
48:40,2920,rafadesa80,rafadesa80,neutro,1.0,É
48:45,2925,peix3manso,peix3manso,confuso,1.0,como é?
48:45,2925,raparigadoassude,raparigadoassude,neutro,1.0,LUGAR BONITO
48:45,2925,alveshvs,Alveshvs,neutro,1.0,Essa rua que a galera se pega
48:46,2926,r0drin,r0drin,neutro,1.0,Ia filmar o contrabando
48:46,2926,artoo_astromechdroid,artoo_astromechdroid,neutro,1.0,o povo q te conhece está tudo trancado no quarto fedendo a cheetos...
48:47,2927,marcuoveio,marcuoveio,neutro,1.0,Aí é o inferno do Japão
48:49,2929,sunset__32,sunset__32,engraçado,1.0,kkkkkkkk
48:51,2931,peix3manso,peix3manso,engraçado,0.5,como é a historia da capela?
48:54,2934,phaantomlord,PhaantomLord,neutro,1.0,o mapa não carregou
48:56,2936,souzaa_23_,Souzaa_23_,engraçado,1.0,klkkkkkkkkkk
48:59,2939,guilhermesl45,guilhermesl45,neutro,1.0,Tem que ir em um lugar menos lotado
49:00,2940,hisoka3011,hisoka3011,neutro,1.0,Mds Baka engordou muito
49:02,2942,icecreamstraw,icecreamstraw,neutro,1.0,Tokyo tá diferente
49:02,2942,ly_uu,Ly_uu,positivo,1.0,Ae é um lugar bom para ser roubado
49:04,2944,rafadesa80,rafadesa80,neutro,1.0,Agora ficou igual a india
49:06,2946,giovani6jogadoh,giovani6jogadoh,neutro,1.0,a india é mais limpa
49:07,2947,misaamiss,misaamiss,neutro,1.0,"vai no CU ai, pra mostrar as comidinhas"
49:08,2948,deyvisonmoraes,DeyvisonMoraes,neutro,1.0,Vai agachando
49:08,2948,passarobllue,passarobllue,neutro,1.0,Nossa ta judiado hein baka
49:10,2950,hellsing0123,hellsing0123,neutro,1.0,Aí é o banheiro da Liberdade
49:10,2950,wesleyp2p,wesleyp2p,neutro,1.0,@artoo_astromechdroid Mentira tô na sala
49:10,2950,euuclacla,euuclacla,neutro,1.0,Que testona
49:10,2950,r0drin,r0drin,neutro,1.0,acende um cigarro
49:15,2955,sunset__32,sunset__32,negativo,1.0,índia é 1 poco mais ruim
49:15,2955,matyfofo,matyfofo,positivo,1.0,"é incrível a diversidade de pessoas que tem no Brasil, no Japão é todo mundo com a mesma skin"
49:24,2964,niaranni,niaranni,inspirado,1.0,Foi pro Japão aprender a agachar
49:27,2967,sunset__32,sunset__32,neutro,1.0,índia é 1% mais fudido
49:29,2969,pskaren,pskaren,neutro,1.0,baka economizando na sobrancelha
49:30,2970,negligenciagames,negligenciaGames,confuso,1.0,é um camarão ali no chão?
49:30,2970,anime__react,anime__react,confuso,1.0,BOQUINHA DE MEL
49:31,2971,souzaa_23_,Souzaa_23_,confuso,1.0,quando sai o simulador de sexo 3 ?
49:32,2972,rafadesa80,rafadesa80,positivo,1.0,Nossa ficou lindo
49:34,2974,harlockwhite01,harlockwhite01,neutro,1.0,Posição para dar uma cagada
49:35,2975,its_zurako,its_zurako,neutro,1.0,pinto doce
49:38,2978,deyvisonmoraes,DeyvisonMoraes,positivo,1.0,Agora ficou bom eguinoWhat
49:38,2978,raparigadoassude,raparigadoassude,engraçado,1.0,KKKKKKKK
49:38,2978,phaantomlord,PhaantomLord,engraçado,1.0,galeria pinto doce
49:39,2979,guilhermesl45,guilhermesl45,neutro,1.0,Ixi
49:39,2979,natie_martins,natie_martins,neutro,1.0,natie_martins is gifting 10 Tier 1 Subs to BakaGaijinLive's community! They've gifted a total of 10 in the channel!
49:39,2979,minecraft,Minecraft,neutro,1.0,We added 2 Gift Subs AND 1 Bonus Gift Subs to natie_martins's gift!
49:39,2979,gir4ldi,gir4ldi,engraçado,1.0,galeria do crl essa aí cheia pra porra
49:39,2979,minecraft,Minecraft,neutro,1.0,Minecraft gifted a Tier 1 sub to seubobao!
49:39,2979,natie_martins,natie_martins,neutro,1.0,natie_martins gifted a Tier 1 sub to GuiKcalbOTK!
49:39,2979,natie_martins,natie_martins,neutro,1.0,natie_martins gifted a Tier 1 sub to Nallp_!
49:39,2979,natie_martins,natie_martins,neutro,1.0,natie_martins gifted a Tier 1 sub to brendon_bl09!
49:39,2979,natie_martins,natie_martins,neutro,1.0,natie_martins gifted a Tier 1 sub to luiiix_fernando!
49:39,2979,natie_martins,natie_martins,neutro,1.0,natie_martins gifted a Tier 1 sub to nika_channn!
49:39,2979,natie_martins,natie_martins,neutro,1.0,natie_martins gifted a Tier 1 sub to ffnandasz!
49:39,2979,natie_martins,natie_martins,positivo,1.0,natie_martins gifted a Tier 1 sub to toalhamolhadinha!
49:39,2979,natie_martins,natie_martins,neutro,1.0,natie_martins gifted a Tier 1 sub to stinge01!
49:39,2979,natie_martins,natie_martins,neutro,1.0,natie_martins gifted a Tier 1 sub to paciente_zeroof!
49:39,2979,natie_martins,natie_martins,neutro,1.0,natie_martins gifted a Tier 1 sub to flipred!
49:40,2980,natie_martins,natie_martins,neutro,1.0,natie_martins's gift gave drops progress to 10 users!
49:44,2984,r0drin,r0drin,neutro,1.0,SeemsGood
49:44,2984,passarobllue,passarobllue,neutro,1.0,Fala com o povo bqka faz amizade
49:45,2985,4shenkk,4shenkk,neutro,1.0,EITAPORRA
49:46,2986,xabriel98,Xabriel98,neutro,1.0,eita
49:46,2986,lotuz_aka_king,lotuz_aka_king,confuso,1.0,esse é o otherside do japão?
49:47,2987,zenith_2xko,zenith_2xko,neutro,1.0,ta pora
49:50,2990,rlkdomiranha,rlkdomiranha,neutro,1.0,OLK
49:51,2991,peluciacensurada,PeluciaCensurada,neutro,1.0,Antes esse beco era mais rootz
49:55,2995,raphaels15,raphaels15,neutro,1.0,"Karalho, ostentando"
49:55,2995,rtcollapse,rtcollapse,neutro,1.0,pq tem um camarão no chão
49:55,2995,souzaa_23_,Souzaa_23_,neutro,1.0,eitaaaaaaa
50:00,3000,melbylaaul,MelbyLaaul,neutro,1.0,OLOCO FORTALECEU NO SUB
50:04,3004,kotori212,kotori212,neutro,1.0,minecraft deu sub
50:05,3005,mun1zvictor,Mun1zVictor,positivo,1.0,Maluco fez a boa
50:07,3007,wunricardson,Wunricardson,positivo,1.0,Cheer1 Cheer1 Cheer1 Cheer1 Cheer1
50:08,3008,niaranni,niaranni,neutro,1.0,Caiu o FPS
50:09,3009,sunset__32,sunset__32,neutro,1.0,tem que agacha na pica
50:10,3010,trickyzter,TrickyzTer,neutro,1.0,QUE
50:10,3010,guilhermesl45,guilhermesl45,neutro,1.0,Vai pra academia amigo
50:12,3012,andre_wubba_lubba_dub_dub,andre_wubba_lubba_dub_dub,neutro,1.0,aperte e arrombe a porta
50:14,3014,deyvisonmoraes,DeyvisonMoraes,engraçado,1.0,kkkkkkkkkkkk
50:15,3015,negligenciagames,negligenciaGames,engraçado,1.0,queria ter sub
50:15,3015,kaelll_1,kaelll_1,neutro,1.0,Uia
50:18,3018,peix3manso,peix3manso,engraçado,0.5,ter que fechar uma capela é triste ne mano
50:19,3019,gustavo011111111,gustavo011111111,confuso,1.0,"senhor Baka, o que você achou do fim das bets ?"
50:21,3021,arthatreus,arthatreus,neutro,1.0,Vai comer algo
50:22,3022,nunes013,nunes013,neutro,1.0,AGRADECE OS SUB COVARDE
50:22,3022,trickyzter,TrickyzTer,engraçado,1.0,PAGE DO MINECRAFT DEU SUBGIFT KKKKKKKKKKKKKKKKKKKKK
50:24,3024,matyfofo,matyfofo,neutro,1.0,baka tem 33 anos
50:28,3028,matyfofo,matyfofo,engraçado,1.0,idade de Cristo
50:29,3029,melbylaaul,MelbyLaaul,neutro,1.0,Krl ganhei sub do Minecraft
50:31,3031,r0drin,r0drin,neutro,1.0,bakagaLovebeco
50:35,3035,wesleyp2p,wesleyp2p,engraçado,1.0,Isso aí é a bateria social no negativo já
50:35,3035,sunset__32,sunset__32,neutro,1.0,@negligenciaGames da a bunda pra ganha dinheiro
50:36,3036,kureijinuwu,kureijinuwu,engraçado,1.0,💀💀💀💀
50:37,3037,yuriairesb,YuriAiresB,neutro,1.0,"A entrada dessa igreja tá parecendo uma fase do NieR, toda monocromática"
50:37,3037,beyond_desolation2,Beyond_Desolation2,confuso,1.0,"Baka, vai fazer oq agora q acabou as bets?"
50:39,3039,vinnyfborg,vinnyfborg,engraçado,1.0,"A igreja tá parecendo aquele ponto de save, só ela da hora, o resto da rua tudo fudida. Kkk"
50:40,3040,peix3manso,peix3manso,confuso,1.0,eles que desenhou isso?
50:40,3040,rafadesa80,rafadesa80,frustrado,1.0,"Se tá merda agora, imagina antes que era fodido,"
50:42,3042,guilhermesl45,guilhermesl45,engraçado,0.5,Triste
50:43,3043,giorootz,giorootz,neutro,1.0,era
50:44,3044,kkgoji,kkgoji,positivo,1.0,amogus
50:44,3044,bakalovers,bakalovers,confuso,0.75,Cheer1 sente saudade de falar atrocidades no meio da rua sabendo que ninguém tá entendendo nada?
50:45,3045,madarasenpai886,madarasenpai886,neutro,1.0,Braga de volta
50:47,3047,igorluisk2,igorluisk2,positivo,1.0,Foda
50:48,3048,kureijinuwu,kureijinuwu,positivo,1.0,Among us
50:50,3050,alveshvs,Alveshvs,neutro,1.0,@Minecraft zika
50:51,3051,rafadesa80,rafadesa80,positivo,1.0,Era foda
50:51,3051,deyvisonmoraes,DeyvisonMoraes,engraçado,1.0,DeyvisonMoraes subscribed with Prime. They've subscribed for 2 months!
50:51,3051,coolmelado,coolmelado,neutro,1.0,Só hoje esforcaram 2 aí
50:57,3057,dlemonster,DlEmonster,confuso,0.667,o que dizem esses lindos kanjis na parede?
51:10,3070,deyvisonmoraes,DeyvisonMoraes,neutro,1.0,notlisaBlankies
51:10,3070,r0drin,r0drin,neutro,1.0,bakagaCalvo
51:11,3071,alveshvs,Alveshvs,neutro,1.0,Olha os subs
51:12,3072,kthyosu,kthyosu,engraçado,1.0,apagamento histórico babado
51:12,3072,peix3manso,peix3manso,negativo,1.0,"nossa mano,pixaçao é mt podre mt feio"
51:12,3072,harlockwhite01,harlockwhite01,neutro,1.0,Pula o portão
51:15,3075,karasu2024,karasu2024,positivo,1.0,Cheer1 Cheer1
51:16,3076,sunset__32,sunset__32,neutro,1.0,arte bonita nas paredes
51:16,3076,rafadesa80,rafadesa80,neutro,1.0,Vixi
51:19,3079,melbylaaul,MelbyLaaul,engraçado,1.0,Vão gritar no seu ouvido dnv
51:20,3080,gir4ldi,gir4ldi,neutro,1.0,vai no 89 e pega o pior chá que encontrar
51:22,3082,zogashiro,zogashiro,neutro,1.0,"Hoje é dia de catar doce,sai batendo na porta dos outros aí"
51:26,3086,andre_wubba_lubba_dub_dub,andre_wubba_lubba_dub_dub,neutro,1.0,"vai na cracolandia Baka, vai ser diferenciado!"
51:29,3089,rafadesa80,rafadesa80,engraçado,1.0,A ricota chega a escorrer quente
51:30,3090,4shenkk,4shenkk,neutro,1.0,CU DEVE TÁ TODO ARDIDO JA
51:31,3091,caipirinha_2007,caipirinha_2007,positivo,1.0,hambuguer bom...
51:32,3092,wesleyp2p,wesleyp2p,neutro,1.0,"A mina traumatizou o baka, a nem, vai entrar em nada mais"
51:36,3096,harlockwhite01,harlockwhite01,confuso,1.0,Assado na solda?
51:37,3097,anime__react,anime__react,neutro,1.0,Cuidado com os 2 gordinhos
51:39,3099,lolls2,lolls2,neutro,1.0,come
51:39,3099,peix3manso,peix3manso,neutro,1.0,agr quero ver
51:59,3119,guilhermesl45,guilhermesl45,neutro,1.0,L
52:04,3124,lolls2,lolls2,neutro,1.0,Se tá atiçando é pq quer
52:05,3125,rafadesa80,rafadesa80,neutro,1.0,Cocota
52:14,3134,matyfofo,matyfofo,confuso,1.0,"baka, qual é a sua relação com os fins da bet no Brasil? só foi vc voltar que as bet acabou"
52:24,3144,licht_zayy,licht_zayy,positivo,1.0,Vai levar outro salve
52:27,3147,peix3manso,peix3manso,neutro,1.0,agradece o subgift da menina ai
52:27,3147,deyvisonmoraes,DeyvisonMoraes,engraçado,1.0,kkkkkkkkkkkkkkk xD
52:30,3150,souzaa_23_,Souzaa_23_,engraçado,1.0,kkkkkkkkkkkkk
52:30,3150,kaydbr,kaydbr,neutro,1.0,Faz o l
52:31,3151,kmele0nn,kmele0nn,neutro,1.0,vai no mais cafe
52:34,3154,souzaa_23_,Souzaa_23_,neutro,1.0,faz o L
52:35,3155,mun1zvictor,Mun1zVictor,engraçado,0.333,Tão viciado que vê putaria no frango.....
52:37,3157,rafadesa80,rafadesa80,confuso,1.0,Ninguém de cosplay nesse caralho?
52:37,3157,mrdarkku,mrdarkku,neutro,1.0,nao pode atiçar
52:38,3158,florezzs2,florezzs2,confuso,1.0,Ele tá em sp mesmo?
52:39,3159,sir_wonka0,sir_wonka0,neutro,1.0,É domingo bakinha akkakakaka
52:39,3159,4shenkk,4shenkk,neutro,1.0,BRASIL FAZ OLLLLLLL
52:40,3160,vyxmor,Vyxmor,neutro,1.0,carai q favela
52:40,3160,guilhermesl45,guilhermesl45,neutro,1.0,É domingo amigo
52:40,3160,aizenr6ss,aizenr6ss,engraçado,1.0,kkkkkkkkkkkkkkkkkkkk
52:42,3162,peix3manso,peix3manso,neutro,1.0,é só pra lavar dinheiro mesmo
52:43,3163,moranguetes24,moranguetes24,neutro,1.0,oi bakitos
52:43,3163,gustavo011111111,gustavo011111111,neutro,1.0,lago
52:46,3166,kthyosu,kthyosu,neutro,1.0,F
52:47,3167,passarobllue,passarobllue,neutro,1.0,O dono ta doente
52:48,3168,wesleyp2p,wesleyp2p,positivo,0.5,"Pois é, pedir pra sair é uma coisa, agora gritar pra sair sem antes pedir é foda KK"
52:49,3169,harlockwhite01,harlockwhite01,neutro,1.0,F
52:49,3169,sunset__32,sunset__32,neutro,1.0,BOLSONAROOO
52:50,3170,danilloflip,danilloflip,neutro,1.0,5x2 faz o L
52:53,3173,kaydbr,kaydbr,neutro,1.0,"ta lotado com força, gente pra krai"
52:54,3174,arthatreus,arthatreus,engraçado,1.0,Onde tem coisa ilícitas o povo expulsa kkk
52:56,3176,gleyds0n13,Gleyds0n13,neutro,1.0,DinoDance DinoDance DinoDance DinoDance
52:56,3176,niphsfps,niphsfps,neutro,1.0,lago aqui lago ali
52:56,3176,jhoneshark,Jhoneshark,neutro,1.0,@florezzs2 bahia
52:57,3177,sunset__32,sunset__32,neutro,1.0,@4shenkk bolsonaroooo
52:58,3178,trickyzter,TrickyzTer,neutro,1.0,goku com dengue ali
52:58,3178,dlemonster,DlEmonster,neutro,1.0,que lugar limpo esse japão
53:02,3182,giovani6jogadoh,giovani6jogadoh,neutro,1.0,"se pediu pra não gravar, com certeza tem coisa naquele meio"
53:04,3184,rafadesa80,rafadesa80,neutro,1.0,"Até a live caiu, imagina a nossa dignidade"
53:06,3186,coolmelado,coolmelado,neutro,1.0,Baka 6x1 defender
53:07,3187,melbylaaul,MelbyLaaul,neutro,1.0,Final de semana esse lugar é um inferno
53:07,3187,knight_players,knight_players,neutro,1.0,Ao meio-dia isso aí vira um formigueiro humano
53:07,3187,florezzs2,florezzs2,engraçado,1.0,Kkkkk
53:10,3190,deyvisonmoraes,DeyvisonMoraes,positivo,1.0,Banho é bom
53:17,3197,gustavo011111111,gustavo011111111,neutro,1.0,tomar um banho
53:18,3198,vyxmor,Vyxmor,neutro,1.0,esse japão fez o L
53:21,3201,rafadesa80,rafadesa80,engraçado,1.0,"Brigado, meu nome é Sol"
53:21,3201,peix3manso,peix3manso,neutro,1.0,nao nao
53:21,3201,nunes013,nunes013,neutro,1.0,no japao na Don quijote não podia gravar tbm e vc gravava
53:22,3202,vinnyfborg,vinnyfborg,engraçado,1.0,"O sogo plaza, onde ele foi expulso, é cheio de coisa pirata, vai ver é por isso kkkkk"
53:23,3203,4shenkk,4shenkk,neutro,1.0,AI EU DUVIDO
53:24,3204,telmobr,TelmoBR,neutro,1.0,estou indo  ai te trombar baka
53:28,3208,guilhermesl45,guilhermesl45,engraçado,1.0,Não kkkkk
53:28,3208,mrdarkku,mrdarkku,neutro,1.0,sim
53:29,3209,kthyosu,kthyosu,neutro,1.0,enfia na bunda
53:29,3209,r0drin,r0drin,neutro,1.0,VOLTA LÁ
53:30,3210,lostcaco,LostCaco,neutro,1.0,Yakuza deixou filmar no JP mas tomou block do PCC no BR
53:31,3211,sunset__32,sunset__32,neutro,1.0,DO DUVIDA
53:31,3211,artoo_astromechdroid,artoo_astromechdroid,confuso,1.0,qual circulo do inferno é esse?
53:32,3212,wesleyp2p,wesleyp2p,neutro,1.0,Tem nem coragem de fazer isso
53:32,3212,c3jot4,C3jot4,confuso,1.0,E A LOUD EIN?
53:33,3213,alveshvs,Alveshvs,positivo,1.0,Ai vc vai tomar o maior salve
53:35,3215,negligenciagames,negligenciaGames,engraçado,1.0,"já tomou grito, agora vai ser tiro"
53:37,3217,rafadesa80,rafadesa80,neutro,1.0,Te dou 2 real
53:37,3217,eusouguizo,EuSouGuizo,neutro,1.0,"vai acabar morrendo, faz isso nao"
53:38,3218,italoooowd,italoooowd,neutro,1.0,Tem que gravar com aqueles oculos
53:39,3219,enricomelian,EnricoMelian,neutro,1.0,ontem teve um ladrão sendo chutado ai na rua
53:39,3219,astro_gd7,astro_gd7,confuso,1.0,"Eu entrei sem ver o título da live, e por um segundo pensei ""uai, pq tá de dia no japil?"""
53:43,3223,peix3manso,peix3manso,engraçado,1.0,lkkkkkkkkkkkkkkkkkkk
53:46,3226,sunset__32,sunset__32,neutro,1.0,peidei
53:48,3228,kaydbr,kaydbr,frustrado,1.0,"prr, faz anos que esse buraco ta ai. Q país de merda, brother"
53:49,3229,4shenkk,4shenkk,neutro,1.0,INFERNO 2
53:52,3232,sunset__32,sunset__32,neutro,1.0,67
53:54,3234,florezzs2,florezzs2,neutro,1.0,O cara falou que ia ficar 4 semanas no japil
53:54,3234,rafadesa80,rafadesa80,positivo,0.5,Foda-se as criança
53:56,3236,arki_core1,arki_core1,neutro,1.0,e porque esta tarde mais cedo estava aberto
53:58,3238,sir_wonka0,sir_wonka0,engraçado,1.0,As criança tão pior
54:00,3240,karasu2024,karasu2024,positivo,1.0,Cheer1 Cheer1 Cheer1 Cheer1
54:04,3244,phaantomlord,PhaantomLord,neutro,1.0,ja vai pra feira do rolo
54:05,3245,trickyzter,TrickyzTer,engraçado,1.0,kkkkkkkkkkkkkkkkkkkkkkkkk
54:07,3247,sunset__32,sunset__32,positivo,1.0,foda-se os infantes
54:07,3247,trickyzter,TrickyzTer,neutro,1.0,a tia
54:09,3249,its_zurako,its_zurako,neutro,1.0,"baka, solta uma magia ai pra ganhar xp"
54:10,3250,c3jot4,C3jot4,positivo,1.0,"tá suave, andando de boa"
54:10,3250,arthatreus,arthatreus,neutro,1.0,Tinha drogas lá ou contrabando lá kk não vai não kl
54:12,3252,sunset__32,sunset__32,positivo,0.5,foda-se as crianças
54:14,3254,whitesnake055,whitesnake055,engraçado,1.0,achei que as live desse cara tinham acabado e ele nunca mais ia agrir
54:19,3259,rafadesa80,rafadesa80,neutro,1.0,Careca avisted
54:23,3263,giovani6jogadoh,giovani6jogadoh,neutro,1.0,fera dimais
54:29,3269,gustavo011111111,gustavo011111111,neutro,1.0,vai de metrô
54:29,3269,vigarioficial,vigarioficial,neutro,1.0,ai vende arma
54:32,3272,c3jot4,C3jot4,neutro,1.0,AYAYA
54:33,3273,vinnyfborg,vinnyfborg,neutro,1.0,"Cola no Sukiya,  Baka."
54:35,3275,peix3manso,peix3manso,confuso,1.0,comer quem?
54:37,3277,yuriairesb,YuriAiresB,engraçado,1.0,Começa a falar inglês quando quiser entrar em algum lugar. BR paga pau pra gringo
54:45,3285,romitachi,Romitachi,neutro,1.0,Ual
54:51,3291,matyfofo,matyfofo,positivo,1.0,fizeram o dap perfeito aí
54:53,3293,semnick001,semnick001,neutro,1.0,o da liberdade é terrível
54:56,3296,4shenkk,4shenkk,confuso,1.0,é longe?
54:57,3297,florezzs2,florezzs2,engraçado,1.0,@YuriAiresB Nossa sim
55:01,3301,knight_players,knight_players,neutro,1.0,Hoje eu almocei no Sukiya.
55:06,3306,dlemonster,DlEmonster,confuso,1.0,tava lá quando era mato?
55:10,3310,florezzs2,florezzs2,engraçado,1.0,Kkkk
55:15,3315,4shenkk,4shenkk,neutro,1.0,vai la entao po
55:15,3315,guilhermesl45,guilhermesl45,neutro,1.0,Vai lá
55:27,3327,lostcaco,LostCaco,engraçado,1.0,@YuriAiresB aí ele vai acordar numa banheira cheia de gelo e sem 1 rim
55:29,3329,pulchram12,pulchram12,neutro,1.0,Krl
55:29,3329,vyxmor,Vyxmor,neutro,1.0,barraca piruleta
55:32,3332,phaantomlord,PhaantomLord,neutro,1.0,"04:20, ta na hora de pedir pros mano da ponte"
55:32,3332,xtsukin,xtsukin,confuso,1.0,qual é a chance d ser assassinado do nada ai?
55:34,3334,a_palavra_cabalistica_eh,凹凸凹凸凹凸凹凸凹凸凹,neutro,1.0,TheIlluminati
55:34,3334,gir4ldi,gir4ldi,neutro,1.0,barraca 67
55:36,3336,c3jot4,C3jot4,neutro,1.0,uou
55:37,3337,4shenkk,4shenkk,engraçado,1.0,kkkkkkkkkkkkk
55:37,3337,matyfofo,matyfofo,confuso,1.0,o olho que tudo vê
55:38,3338,mrdarkku,mrdarkku,neutro,1.0,item do mine dropado
55:38,3338,deyvisonmoraes,DeyvisonMoraes,neutro,1.0,xD
55:38,3338,guilhermesl45,guilhermesl45,neutro,1.0,Já pode acender o verde
55:40,3340,kaydbr,kaydbr,positivo,0.5,kkk foda
55:41,3341,stylcry_,stylcry_,positivo,1.0,o Jonathan galindo ali o
55:42,3342,andy_maxx,andy_maxx,engraçado,1.0,LUL LUL LUL LUL
55:44,3344,arthatreus,arthatreus,engraçado,1.0,LUL LUL LUL
55:45,3345,4shenkk,4shenkk,neutro,1.0,monark sempre esteve cert
55:45,3345,karasu2024,karasu2024,neutro,1.0,ButtonMash ButtonMash ButtonMash
55:45,3345,useroldwine,useroldwine,engraçado,1.0,Kkkk
55:45,3345,joaoreisojisan,JoaoReisOjisan,neutro,1.0,ôpa! hora de bolar um. 4:20
55:48,3348,zenith_2xko,zenith_2xko,neutro,1.0,1555
55:49,3349,dlemonster,DlEmonster,neutro,1.0,já começou
55:50,3350,jeffstaz,jeffstaz,neutro,1.0,"""Eles"" nunca foi tão verdade"
55:51,3351,rafadesa80,rafadesa80,neutro,1.0,"Vixi... ACORDA, PORRA!! JÁ COMEÇOU!!!"
55:55,3355,gato_de_patins,gato_de_patins,neutro,1.0,BArraKA
55:55,3355,beyond_desolation2,Beyond_Desolation2,engraçado,1.0,kkkkkk
55:56,3356,florezzs2,florezzs2,neutro,1.0,Assisti blade runner ontem e lembrei do baka
56:00,3360,j_ze_pequeno,j_ze_pequeno,confuso,1.0,Man qual essa Quest?
56:05,3365,dlemonster,DlEmonster,neutro,1.0,thix theven
56:05,3365,fennix696,fennix696,engraçado,1.0,kkkkkkkkkkkkkkkkkkk
56:08,3368,renatorgal,Renatorgal,confuso,1.0,meia sete patinete?
56:08,3368,pulchram12,pulchram12,neutro,1.0,sushid17Kk
56:08,3368,lucasg6644,lucasg6644,neutro,1.0,Japão 0.5
56:08,3368,4shenkk,4shenkk,engraçado,1.0,CHARIZARD KKKKKKKKKKKKKKKKKKKKK
56:09,3369,wesleyp2p,wesleyp2p,positivo,1.0,Meia nove bem melhor
56:10,3370,rafadesa80,rafadesa80,confuso,1.0,Cheira o que?
56:14,3374,gustavo011111111,gustavo011111111,neutro,1.0,"cheio de propaganda, cadê os noia pra levar"
56:21,3381,tiaoagiota,TiaoAgiota,confuso,1.0,Que japão é esse dai ?
56:23,3383,sunset__32,sunset__32,engraçado,1.0,eu queria ser mulher
56:29,3389,andre_wubba_lubba_dub_dub,andre_wubba_lubba_dub_dub,neutro,1.0,"caneta azul ja ganhou, não sei porque perdem tempo concorrendo contra esse deus"
56:33,3393,andy_maxx,andy_maxx,engraçado,1.0,Derrepente esse dono da barraca é seguidor do monark e se pos aquela bandeira dos iluminatis por causa dele TheIlluminati  TheIlluminati   LUL  LUL
56:33,3393,dudueyes,DuduEyes,confuso,1.0,Vou ver um video seu no japão para desintoxicar
56:34,3394,zenith_2xko,zenith_2xko,neutro,1.0,agua
56:37,3397,karasu2024,karasu2024,neutro,1.0,Faz o olhar do anjo caído
56:41,3401,wesleyp2p,wesleyp2p,confuso,1.0,É esse o tal Japão que deu errado? Não conheço muito
56:44,3404,rafadesa80,rafadesa80,neutro,1.0,Vixi
56:45,3405,stylcry_,stylcry_,neutro,1.0,furry japonês
56:47,3407,4shenkk,4shenkk,neutro,1.0,COME AE FAZ REVIEW
56:51,3411,lostcaco,LostCaco,neutro,1.0,NAO PODE FILMAR!
56:54,3414,rafadesa80,rafadesa80,neutro,1.0,Não me apeteceu não
56:56,3416,eusouguizo,EuSouGuizo,neutro,1.0,30 conto em um miojo
56:57,3417,mogamizz,mogamizz,neutro,1.0,negui
56:57,3417,vyxmor,Vyxmor,neutro,1.0,@sunset__32 só ser preso
56:59,3419,dlemonster,DlEmonster,neutro,1.0,molho barbie girl
57:02,3422,semnick001,semnick001,neutro,1.0,gyudon é absurdo
57:03,3423,arthatreus,arthatreus,neutro,1.0,Come aí
57:04,3424,get_rektn1,get_rektn1,confuso,1.0,neguin?
57:06,3426,yuriairesb,YuriAiresB,neutro,1.0,Procura um Don Quijote pra entrar
57:06,3426,luizfelipe_bat,luizfelipe_bat,confuso,1.0,"baka,pode masturbar durante sua live?"
57:06,3426,knight_players,knight_players,neutro,1.0,Os noia estão roubando essas propagandas políticas pra tirar o alumínio das bases pra vender
57:09,3429,sunset__32,sunset__32,engraçado,1.0,@Vyxmor kkkkkk
57:10,3430,florezzs2,florezzs2,neutro,1.0,Eu durmi um pouco durante o filme
57:10,3430,lubamemo_,lubamemo_,positivo,1.0,"karai baka ta aqui na Liba, manda um salve, vem aqui no terraço do meu predio."
57:14,3434,italoooowd,italoooowd,engraçado,0.5,30 conto é putaria
57:18,3438,gir4ldi,gir4ldi,neutro,1.0,rouba um carro aí
57:23,3443,rafadesa80,rafadesa80,engraçado,1.0,O patriota na calçada
57:27,3447,beyond_desolation2,Beyond_Desolation2,neutro,1.0,anda logo preguiçoso
57:27,3447,peix3manso,peix3manso,neutro,1.0,pode sim
57:32,3452,sunset__32,sunset__32,positivo,0.333,30 melhor um boquete duma puta
57:34,3454,r0drin,r0drin,neutro,1.0,nao pode gozaa
57:35,3455,vinnyfborg,vinnyfborg,engraçado,1.0,Cola na Ikesaki kkk
57:35,3455,raphaels15,raphaels15,neutro,1.0,@sunset__32 Vira trans
57:38,3458,matyfofo,matyfofo,neutro,1.0,um polo
57:44,3464,kthyosu,kthyosu,confuso,1.0,"axho que pode filmar sim, mas é bem fraquinha"
57:44,3464,4shenkk,4shenkk,positivo,1.0,SE SÓ COMER É BOM AINDA
57:50,3470,gir4ldi,gir4ldi,neutro,1.0,troca ideia com os policia
57:53,3473,velh666,velh666,engraçado,1.0,@knight_players kkkkkkkkkkkkkk
57:54,3474,guilhi_,Guilhi_,confuso,1.0,"ué, n tava no japão?"
57:59,3479,wesleyp2p,wesleyp2p,positivo,1.0,"Compensa ser mulher não, só coisa complicada, melhor ser homem mesmo"
58:04,3484,kaydbr,kaydbr,neutro,1.0,E o errado é vc ainda kk
58:04,3484,sunset__32,sunset__32,frustrado,0.5,40 conto vale mais 1 boquete duma puta gorda
58:07,3487,deyvisonmoraes,DeyvisonMoraes,neutro,1.0,Oloco
58:09,3489,4shenkk,4shenkk,neutro,1.0,ASSASSINA
58:10,3490,caipirinha_2007,caipirinha_2007,neutro,1.0,estrelinha
58:10,3490,peix3manso,peix3manso,neutro,1.0,filma as muda
58:10,3490,deyvisonmoraes,DeyvisonMoraes,neutro,1.0,estrelinha ao vivo
58:10,3490,telmobr,TelmoBR,confuso,1.0,ai que a bele belinha mora?
58:11,3491,guilhermesl45,guilhermesl45,neutro,1.0,Muitos acontecimentos
58:11,3491,nunes013,nunes013,neutro,1.0,skills and goals
58:11,3491,ultragamerbr21,ultragamerbr21,confuso,1.0,Aí que fica shinagawa?
58:13,3493,dlemonster,DlEmonster,neutro,1.0,oloko
58:17,3497,danilloflip,danilloflip,neutro,1.0,live gravada com certeza
58:19,3499,alpharius_456,Alpharius_456,engraçado,1.0,"@Guilhi_ era viagem de férias só, já voltou"
58:22,3502,giorootz,giorootz,neutro,1.0,360 no scope
58:25,3505,mariposa_alada,Mariposa_Alada,neutro,1.0,Menina farmou aura
58:36,3516,sunset__32,sunset__32,neutro,1.0,nem filmo o dog
58:36,3516,guilhi_,Guilhi_,positivo,0.5,"@Alpharius_456 Ata, que pena, obrigado"
58:38,3518,marryros098,marryros098,positivo,0.5,Brasil é foda daqui a pouco vão querer que não grave na rua vão se fu***
58:39,3519,florezzs2,florezzs2,positivo,1.0,Live boa
58:42,3522,peix3manso,peix3manso,engraçado,1.0,kkkkkkkkkkkkkkkkk
58:48,3528,florezzs2,florezzs2,positivo,1.0,Live boa é assim
58:50,3530,4shenkk,4shenkk,neutro,1.0,BAITA SAVE
58:52,3532,yuriairesb,YuriAiresB,engraçado,1.0,Essa criança pegou 5 mil tipos de bactéria com essa mão no chão dando essa estrelinha
58:55,3535,wesleyp2p,wesleyp2p,neutro,1.0,Se fosse no Japão....
58:59,3539,lostcaco,LostCaco,engraçado,1.0,no BR vc pode ser processado se filmar crianças
59:01,3541,wesleyp2p,wesleyp2p,neutro,1.0,Ele filmava
59:02,3542,phaantomlord,PhaantomLord,neutro,1.0,ela roubou 200 pontos de aura da sua live
59:04,3544,wesleyp2p,wesleyp2p,neutro,1.0,E zoava ainda
59:06,3546,sunset__32,sunset__32,neutro,1.0,foi assaltada provavelmente
59:18,3558,4shenkk,4shenkk,neutro,1.0,@sunset__32 TOMARA......
59:24,3564,sir_wonka0,sir_wonka0,confuso,1.0,Levou esporro de novo baka?
59:32,3572,gir4ldi,gir4ldi,neutro,1.0,entra na loja dos doces aí na esquina
59:37,3577,rafadesa80,rafadesa80,confuso,1.0,Lésbicas?
59:40,3580,coolmelado,coolmelado,neutro,1.0,!time
59:40,3580,a_palavra_cabalistica_eh,凹凸凹凸凹凸凹凸凹凸凹,neutro,1.0,chorando por causa das bets
59:42,3582,coolmelado,coolmelado,neutro,1.0,!clima
59:42,3582,nightbot,Nightbot,neutro,1.0,Agora em Tokyo tá 72F (22C)
59:44,3584,yuriairesb,YuriAiresB,neutro,1.0,Chorando pelo Fim da Bets
59:45,3585,drignobil,DrIgnobil,neutro,1.0,Esse é o bairro Japonês
59:49,3589,guilhermesl45,guilhermesl45,neutro,1.0,Slk
59:50,3590,xtsukin,xtsukin,neutro,1.0,acho q ela ia p guerra na russia
59:51,3591,rafadesa80,rafadesa80,engraçado,0.5,Triste
59:52,3592,peix3manso,peix3manso,neutro,1.0,tira foto dos mendigo
59:54,3594,sunset__32,sunset__32,neutro,1.0,@4shenkk psicopata
59:54,3594,4shenkk,4shenkk,neutro,1.0,CHORANDO POR CONTA DO FIMDAS BETS
1:00:02,3602,kaydbr,kaydbr,neutro,1.0,"ta lotado todo dia isso, n é possível"
1:00:03,3603,matyfofo,matyfofo,confuso,1.0,"baka, cê viu o jhon vlogs chorando pq as bets vao acabar?"
1:00:08,3608,deyvisonmoraes,DeyvisonMoraes,neutro,1.0,nussa
1:00:10,3610,beyond_desolation2,Beyond_Desolation2,engraçado,1.0,kkkkkkkkk
1:00:11,3611,sir_wonka0,sir_wonka0,neutro,1.0,Vibe india
1:00:11,3611,skz_skazy,skz_skazy,neutro,1.0,parece o japao
1:00:12,3612,trickyzter,TrickyzTer,engraçado,1.0,kkkkkkkkkkkkkkkkk
1:00:13,3613,guilhi_,Guilhi_,neutro,1.0,essa é a parte mais lotada da liberdade
1:00:14,3614,aizenr6ss,aizenr6ss,engraçado,1.0,kkkkkkkkkkkkkkk sim
1:00:15,3615,kaniight,Kaniight,neutro,1.0,que parte do japao é ai baka
1:00:15,3615,vyxmor,Vyxmor,neutro,1.0,mds q caos
1:00:16,3616,rafadesa80,rafadesa80,neutro,1.0,Rua tá limpinha
1:00:17,3617,sunset__32,sunset__32,positivo,1.0,que gostosa de vestidinho preto
1:00:17,3617,eusouguizo,EuSouGuizo,positivo,1.0,"slc que muvuca, nao gosto de lugar assim"
1:00:18,3618,phaantomlord,PhaantomLord,neutro,1.0,ela viu o futuro e ficou emocionada de saber que ia aparecer na live do baka
1:00:20,3620,florezzs2,florezzs2,neutro,1.0,Isso é shibuya
1:00:20,3620,4shenkk,4shenkk,neutro,1.0,UHSADIUAHSDIUAHSDAHUISD
1:00:29,3629,rafadesa80,rafadesa80,neutro,1.0,Né
1:00:29,3629,guilhermesl45,guilhermesl45,neutro,1.0,Então
1:00:31,3631,jeffstaz,jeffstaz,confuso,1.0,"Com a proibição das bets, como fica os cassinos no Japão?"
1:00:38,3638,mogamizz,mogamizz,neutro,1.0,o sol queimando nos
1:00:40,3640,pskaren,pskaren,neutro,1.0,o chão bem limpo graças a deus
1:00:40,3640,rafadesa80,rafadesa80,engraçado,1.0,Pau no cu dele hahaha
1:00:41,3641,drignobil,DrIgnobil,confuso,1.0,Cadê o pastel e o caldo de cana?
1:00:44,3644,rafadesa80,rafadesa80,neutro,1.0,Hashi
1:00:45,3645,peluciacensurada,PeluciaCensurada,neutro,1.0,Ta conhaque
1:00:46,3646,pulchram12,pulchram12,neutro,1.0,Garfo
1:00:46,3646,sunset__32,sunset__32,neutro,1.0,que mina rabuda de sainha jeans
1:00:49,3649,niphsfps,niphsfps,neutro,1.0,depende nada o mlk tem dinheiro ja aquele porra la
1:00:49,3649,gustavo011111111,gustavo011111111,neutro,1.0,eu quero garfo
1:00:50,3650,deyvisonmoraes,DeyvisonMoraes,neutro,1.0,uia
1:00:52,3652,4shenkk,4shenkk,neutro,1.0,MUITAS VOZES
1:00:55,3655,zenith_2xko,zenith_2xko,neutro,1.0,aonde
1:00:56,3656,wesleyp2p,wesleyp2p,neutro,1.0,Vai ali
1:00:58,3658,zenith_2xko,zenith_2xko,engraçado,1.0,kkkk
1:00:58,3658,artuurbr21,artuurbr21,confuso,1.0,Esse é o cruzamento de shibuya?
1:00:58,3658,rafadesa80,rafadesa80,positivo,1.0,Hashi é pika
1:01:02,3662,rafadesa80,rafadesa80,neutro,1.0,Vixi
1:01:02,3662,sir_wonka0,sir_wonka0,confuso,1.0,Ta dublado agr a run?
1:01:06,3666,peix3manso,peix3manso,neutro,1.0,"compra agua,ta mt quente"
1:01:06,3666,skhaa,Skhaa,confuso,1.0,Fez garganta profunda? @BakaGaijinLive
1:01:07,3667,guilhermesl45,guilhermesl45,neutro,1.0,Ixi
1:01:07,3667,deyvisonmoraes,DeyvisonMoraes,neutro,1.0,poluição
1:01:08,3668,souzaa_23_,Souzaa_23_,neutro,1.0,caramba mano mt gente estranha
1:01:09,3669,danilloflip,danilloflip,confuso,1.0,ja foi assaltado?
1:01:09,3669,licht_zayy,licht_zayy,neutro,1.0,Esquizofrenia roleplays
1:01:11,3671,dlemonster,DlEmonster,neutro,1.0,"as vozes, elas não param"
1:01:14,3674,xtsukin,xtsukin,neutro,1.0,ai é o submundo da liberdade
1:01:16,3676,velh666,velh666,neutro,1.0,pega uma agua meu
1:01:16,3676,a_palavra_cabalistica_eh,凹凸凹凸凹凸凹凸凹凸凹,confuso,1.0,come um bolo que passa
1:01:18,3678,rafadesa80,rafadesa80,neutro,1.0,Tem que ser menos agressivo no bola gato
1:01:20,3680,artuurbr21,artuurbr21,neutro,1.0,Agr tá dublado
1:01:22,3682,peix3manso,peix3manso,neutro,1.0,a igrejinha
1:01:23,3683,4shenkk,4shenkk,neutro,1.0,PAPORETO
1:01:26,3686,deyvisonmoraes,DeyvisonMoraes,neutro,1.0,"Sua voz sempre destaca, ta por cima de tudo."
1:01:33,3693,trickyzter,TrickyzTer,neutro,1.0,agora os rerun é du
1:01:33,3693,yuriairesb,YuriAiresB,neutro,1.0,Closed Caption do Baka tá bugado
1:01:33,3693,mogamizz,mogamizz,neutro,1.0,sao as vozes da nossa cabeca e as vozes das pessoas combando
1:01:34,3694,guilhermesl45,guilhermesl45,neutro,1.0,Você é aluado
1:01:35,3695,trickyzter,TrickyzTer,neutro,1.0,dublado
1:01:38,3698,arthatreus,arthatreus,neutro,1.0,E todo mundo entendendo
1:01:39,3699,vyxmor,Vyxmor,neutro,1.0,é q os cara te mogga
1:01:41,3701,astro_gd7,astro_gd7,neutro,1.0,Agora os diálogo de fundo tão dublado
1:01:43,3703,kotori212,kotori212,neutro,1.0,até deus dubla o mundo mas a rockstar nao dubla o gta 6
1:01:46,3706,vinnyfborg,vinnyfborg,neutro,1.0,"Baka, entra no sono aí, tem outra entrada aí na frente"
1:01:50,3710,rafadesa80,rafadesa80,neutro,1.0,Careca intrused
1:01:53,3713,palhaco7,palhaco7,confuso,1.0,É Rerun?
1:01:53,3713,vinnyfborg,vinnyfborg,neutro,1.0,*sogo
1:01:53,3713,gmblost,gmbLOST,neutro,1.0,quando saiu esse update de dublagem
1:01:54,3714,gustavo011111111,gustavo011111111,neutro,1.0,vai no bk dos mendigos ai na frente
1:01:54,3714,marryros098,marryros098,neutro,1.0,Ó um BYD
1:01:56,3716,lyntcher,lyntcher,neutro,1.0,agora me distraio em assuntos alheios
1:01:58,3718,sunset__32,sunset__32,neutro,1.0,honrado
1:01:59,3719,4shenkk,4shenkk,neutro,1.0,DÁ UMA RESPIRADA
1:02:00,3720,kthyosu,kthyosu,neutro,1.0,é so captar a voz fanha
1:02:00,3720,lrenatoo,lrenatoo,neutro,1.0,"Vc tá ficando velho, sua garganta tá tomando grossura de macho."
1:02:03,3723,sir_wonka0,sir_wonka0,neutro,1.0,Vai n akkaakka
1:02:05,3725,trickyzter,TrickyzTer,neutro,1.0,não
1:02:06,3726,styxagapii,styxagapii,confuso,1.0,Baka vc é paulista?
1:02:06,3726,rafadesa80,rafadesa80,neutro,1.0,Vai sim
1:02:06,3726,florezzs2,florezzs2,neutro,1.0,NPCs dublado atrapalhando a live
1:02:07,3727,peix3manso,peix3manso,neutro,1.0,vai nao
1:02:08,3728,kaydbr,kaydbr,neutro,1.0,Duvido q seja
1:02:10,3730,kotori212,kotori212,neutro,1.0,vai nao
1:02:11,3731,matyfofo,matyfofo,neutro,1.0,rockstar não dubla seus jogos
1:02:12,3732,marcelooopjl,marcelooopjl,confuso,1.0,Parou pra recuperar estamina?
1:02:13,3733,beyond_desolation2,Beyond_Desolation2,neutro,1.0,"OLHA QUANTO SIDE QUEST BAKA, FAZ UMA"
1:02:14,3734,dlemonster,DlEmonster,neutro,1.0,vai nas configurações e volta o audio pra japones
1:02:14,3734,viewer_xd2,viewer_xd2,neutro,1.0,vai sim
1:02:15,3735,rafadesa80,rafadesa80,neutro,1.0,Vai ser dublado sim
1:02:15,3735,niphsfps,niphsfps,neutro,1.0,aquilo se nao tem dublado vai ser jogo pirateado
1:02:21,3741,lostcaco,LostCaco,neutro,1.0,DLC das eleições
1:02:26,3746,rafadesa80,rafadesa80,neutro,1.0,Dublado em inglês
1:02:27,3747,yuriairesb,YuriAiresB,confuso,1.0,Nós já tivemos um GTA dublado? Então supera
1:02:28,3748,sunset__32,sunset__32,neutro,1.0,1 indio q legal
1:02:29,3749,peix3manso,peix3manso,positivo,1.0,vamo vamo
1:02:29,3749,palhaco7,palhaco7,confuso,1.0,Q parte de Tokyo é essa alguém sabe dizer?
1:02:29,3749,florezzs2,florezzs2,engraçado,1.0,Achei que tava gripado
1:02:33,3753,peix3manso,peix3manso,neutro,1.0,vaiii aaa
1:02:33,3753,vinnyfborg,vinnyfborg,engraçado,1.0,Kkkk
1:02:34,3754,powblitz,PowBlitz,neutro,1.0,ta tomando grosso na garganta
1:02:37,3757,karasu2024,karasu2024,positivo,1.0,Cheer1 Cheer1 Cheer1 Cheer1 Cheer1
1:02:38,3758,gustavo011111111,gustavo011111111,neutro,1.0,quanto ad de politico
1:02:42,3762,guilhermesl45,guilhermesl45,neutro,1.0,Vai
1:02:42,3762,kotori212,kotori212,confuso,1.0,é a tokyo tower ali?
1:02:42,3762,deyvisonmoraes,DeyvisonMoraes,neutro,1.0,ixi
1:02:53,3773,kaydbr,kaydbr,engraçado,1.0,"É bizzaro pensar nisso, vc ta no seu próprio país e n pode filmar os comércios"
1:02:54,3774,bolacha_perito,bolacha_perito,neutro,1.0,"Infelizmente não vai ser dublado, a rockstar é boiola"
1:02:56,3776,gmblost,gmbLOST,confuso,1.0,Vai ter eleição no japão? muito ad fisico
1:02:56,3776,kostzin,KOSTZIN,engraçado,1.0,rua toda de wind banner kkk
1:03:04,3784,bakalovers,bakalovers,positivo,0.5,Cheer1 levou qtas câmeras reservas pra substituir pós roubos?
1:03:04,3784,sunset__32,sunset__32,neutro,1.0,bota um adblock propaganda demais
1:03:06,3786,sir_wonka0,sir_wonka0,neutro,1.0,Nem tinha percebido q voz tava diferente
1:03:07,3787,guilhermesl45,guilhermesl45,neutro,1.0,Mas rendeu
1:03:08,3788,styxagapii,styxagapii,neutro,1.0,Vai ser crucificado
1:03:10,3790,drignobil,DrIgnobil,neutro,1.0,Fazer boca de urna nessas eleições
1:03:12,3792,vinnyfborg,vinnyfborg,neutro,1.0,"Só faltava vc iniciar outra pandemia, Baka."
1:03:13,3793,niphsfps,niphsfps,neutro,1.0,rapaz saudades de uns becos em
1:03:19,3799,sunset__32,sunset__32,neutro,1.0,2 totosa passaram
1:03:20,3800,passarobllue,passarobllue,neutro,1.0,So tem normie na liberdade baka sai dae
1:03:24,3804,pedrones,Pedrones,neutro,1.0,Japão ta diferente
1:03:25,3805,venushoyok,venushoyok,engraçado,1.0,fala para os noia que as bandeiras tem aluminio so pela curiosidade
1:03:26,3806,wintermartins,wintermartins,neutro,1.0,O Japão tá diferente
1:03:27,3807,rafadesa80,rafadesa80,neutro,1.0,Levanta a placa do político
1:03:27,3807,palhaco7,palhaco7,neutro,1.0,Já deixa o void salvo
1:03:30,3810,peix3manso,peix3manso,neutro,1.0,oii
1:03:31,3811,matyfofo,matyfofo,neutro,1.0,imagina quantas milhões são gastos pra deixar a cidade com essa poluição visual de ad de político
1:03:34,3814,omafrazx,oMafrazx,neutro,1.0,bizarro n reconhecerem o baka na rua
1:03:38,3818,pedrones,Pedrones,confuso,1.0,Que bairro do japão é esse ai?
1:03:39,3819,sunset__32,sunset__32,positivo,1.0,olha q rabinho gostoso essa d shortinho preto
1:03:45,3825,rafadesa80,rafadesa80,positivo,1.0,Melhor não hein
1:03:49,3829,kthyosu,kthyosu,engraçado,1.0,tem vários restaurantezinhi
1:03:49,3829,joaoreisojisan,JoaoReisOjisan,neutro,1.0,é a Capela de Santa Cruz das Almas
1:03:49,3829,rafadesa80,rafadesa80,neutro,1.0,Vai morrer
1:03:50,3830,4shenkk,4shenkk,neutro,1.0,@sunset__32 QUEISSO CARAR
1:03:50,3830,bibobibe,bibobibe,neutro,1.0,belo oculos
1:03:53,3833,palhaco7,palhaco7,neutro,1.0,Evita dog
1:03:55,3835,sir_wonka0,sir_wonka0,negativo,1.0,Baka ta flopado no brasa
1:03:57,3837,passarobllue,passarobllue,neutro,1.0,Vem pra Minas
1:03:57,3837,kaydbr,kaydbr,neutro,1.0,@sunset__32 para de ser jack
1:04:02,3842,lostcaco,LostCaco,frustrado,1.0,Baka qual é seu número de candidato a deputado
1:04:02,3842,ego_divino_absoluto,ego_divino_absoluto,neutro,1.0,"Eu prefiro óculos asism d emeio aro e que seja mais próximo dos olhos em baixo, como tu consegue andar com isso @bakagaijinlive"
1:04:05,3845,deyvisonmoraes,DeyvisonMoraes,engraçado,0.5,Ainda não acredito que pegamos os caras sendo presos ao vivo. kkkkkkkkkkkkkk
1:04:06,3846,aizenr6ss,aizenr6ss,neutro,1.0,gue
1:04:07,3847,kotori212,kotori212,neutro,1.0,de gue
1:04:08,3848,egirldocivic,egirldocivic,confuso,1.0,é estranho assistir a live do Baka entendendo oque todo mundo fala ao redor T.T
1:04:09,3849,marcelooopjl,marcelooopjl,neutro,1.0,Me molhei
1:04:10,3850,rafadesa80,rafadesa80,neutro,1.0,Vestido longo
1:04:11,3851,danilloflip,danilloflip,engraçado,1.0,esse mapa está mal renderizado
1:04:13,3853,trickyzter,TrickyzTer,positivo,1.0,muito bom gente andando devagar na nossa frente
1:04:14,3854,guilhermesl45,guilhermesl45,neutro,1.0,Gue
1:04:15,3855,anime__react,anime__react,neutro,1.0,VOLTA PRO BRASIL EM EPOCA DE ELEIÇÃO TAMBÉM
1:04:17,3857,xoquinhoo,Xoquinhoo,neutro,1.0,q loucura até a qualidade na ruas do brasil parece que piora
1:04:17,3857,gir4ldi,gir4ldi,neutro,1.0,tá faltando trocar uma ideia com um mendigo
1:04:17,3857,x_proto,X_Proto,confuso,1.0,"esse Japão tá meio diferente, tá no server pirata?"
1:04:19,3859,arki_core1,arki_core1,negativo,1.0,@sunset__32  para vei tá feio
1:04:19,3859,gustavo011111111,gustavo011111111,neutro,1.0,trabalha de gue
1:04:21,3861,palhaco7,palhaco7,engraçado,1.0,Khkkk
1:04:21,3861,giovani6jogadoh,giovani6jogadoh,neutro,1.0,o clark kent brasileiro
1:04:27,3867,negowsky,Negowsky,engraçado,1.0,o Baka já envelheceu 8 anos no Brasil kkkk
1:04:29,3869,sunset__32,sunset__32,engraçado,1.0,@kaydbr kkkkkkkkkkkkk
1:04:31,3871,sir_wonka0,sir_wonka0,neutro,1.0,É tantas vozes q nem consigo entender
1:04:37,3877,jeffstaz,jeffstaz,neutro,1.0,Bichao nem voa mais ksks
1:04:37,3877,rafadesa80,rafadesa80,neutro,1.0,Rachel Cheira azede
1:04:37,3877,yuriairesb,YuriAiresB,confuso,1.0,Que horas é o Geogess?
1:04:38,3878,sunset__32,sunset__32,neutro,1.0,@arki_core1 PAREI
1:04:44,3884,peix3manso,peix3manso,neutro,1.0,vai nao
1:04:49,3889,deyvisonmoraes,DeyvisonMoraes,neutro,1.0,vai não
1:04:51,3891,azariellk,azariellk,neutro,1.0,tenta ai
1:04:51,3891,joaoreisojisan,JoaoReisOjisan,confuso,1.0,esse buteco deve ser mais véio que a praça
1:04:52,3892,rafadesa80,rafadesa80,neutro,1.0,Barulho do demônio
1:04:53,3893,el_v1nny,el_v1nny,neutro,1.0,Raquel cheiradassa
1:04:54,3894,kotori212,kotori212,neutro,1.0,tão furando
1:04:55,3895,xtsukin,xtsukin,engraçado,0.5,"baka, acho q compensa mais vse gravar japones brigando na rua lá em tokyo doq andar por esse inferno ai"
1:04:56,3896,4shenkk,4shenkk,neutro,1.0,TÁ MAL OTIMIZADO O SERVER
1:04:58,3898,lubamemo_,lubamemo_,neutro,1.0,COLA AQUI NO TERRAÇO DO MEU PREDIO
1:04:58,3898,bibobibe,bibobibe,engraçado,1.0,KKKKKKKKKKKKKKKKKKKKK
1:04:58,3898,trakinaskovak,Trakinaskovak,engraçado,1.0,Faz uma pesquisa de campo aí de quem é usuário de BET
1:04:58,3898,morfeuzzz_,MorfeuzZz_,engraçado,1.0,kkkkkkkkkkkkkkk
1:04:59,3899,sir_wonka0,sir_wonka0,neutro,1.0,Evita dogg
1:04:59,3899,trickyzter,TrickyzTer,engraçado,1.0,kkkkkkkkkkkkkkk
1:05:02,3902,zenith_2xko,zenith_2xko,engraçado,1.0,kkkkkk
1:05:02,3902,deyvisonmoraes,DeyvisonMoraes,neutro,1.0,eguinoCatbellydance
1:05:03,3903,kyry7i,kyry7i,engraçado,1.0,Kkkkk
1:05:03,3903,matyfofo,matyfofo,engraçado,0.75,"@Negowsky né kkkk o homi tá todo grisalho, não tankou o bostil il il il"
1:05:04,3904,rafadesa80,rafadesa80,neutro,1.0,A veia
1:05:06,3906,guilhermesl45,guilhermesl45,engraçado,1.0,Kkkkkkkk
1:05:06,3906,vinnyfborg,vinnyfborg,confuso,1.0,Eu acho que vc foi expulso pq no Sogo tem uma par de produto pirata.
1:05:08,3908,gmblost,gmbLOST,engraçado,1.0,kkkkkkkkkkkkk
1:05:09,3909,drignobil,DrIgnobil,engraçado,1.0,KKKKK
1:05:10,3910,renatorgal,Renatorgal,neutro,1.0,vai ser taxado
1:05:11,3911,4shenkk,4shenkk,neutro,1.0,F
1:05:12,3912,samueluberaba,SamuelUberaba,confuso,1.0,Baka tava no JP esses dias e já voltou ?
1:05:12,3912,gir4ldi,gir4ldi,positivo,1.0,essa é top ngm te pega aí nao ze
1:05:12,3912,rafadesa80,rafadesa80,neutro,1.0,A véia olhou
1:05:13,3913,trickyzter,TrickyzTer,neutro,1.0,f
1:05:14,3914,osvaldo_kk,Osvaldo_kk,engraçado,1.0,kkkkkkkkkkkkkkkkkkk
1:05:14,3914,pskaren,pskaren,neutro,1.0,F
1:05:15,3915,gmblost,gmbLOST,neutro,1.0,F live
1:05:15,3915,vyxmor,Vyxmor,confuso,1.0,e essa motossera
1:05:15,3915,licht_zayy,licht_zayy,neutro,1.0,F
1:05:16,3916,luis_6253,luis_6253,neutro,1.0,F
1:05:18,3918,kthyosu,kthyosu,neutro,1.0,ih
1:05:18,3918,el_v1nny,el_v1nny,engraçado,1.0,Baka do nada se esquece que tá no Brasil kkkkk
1:05:19,3919,azariellk,azariellk,neutro,1.0,caiu mas voltou
1:05:19,3919,ego_divino_absoluto,ego_divino_absoluto,engraçado,0.5,"O cérebro do homem e foda, ninguém consegue ouvir nada nesse barulho, mas se alguém gritar ""BUCETA"" o Baka aponta a câmera e ouve, nem que seja baixinho Kappa"
1:05:19,3919,styxagapii,styxagapii,neutro,1.0,Tenta baka
1:05:20,3920,azariellk,azariellk,neutro,1.0,mini F
1:05:21,3921,nunes013,nunes013,neutro,1.0,mellzitosTilted
1:05:24,3924,marryros098,marryros098,neutro,1.0,Roma
1:05:24,3924,fibbs,フィブス,neutro,1.0,romã SeemsGood
1:05:27,3927,passarobllue,passarobllue,neutro,1.0,Compra um Coca cola cafe baka
1:05:28,3928,rafadesa80,rafadesa80,neutro,1.0,Romã
1:05:29,3929,drignobil,DrIgnobil,neutro,1.0,Quase matou a velha do coração. Era achou que era furto
1:05:30,3930,lostcaco,LostCaco,engraçado,1.0,olha o nível de barulho no BR comparado com JP kkk
1:05:30,3930,stilvox,Stilvox,neutro,1.0,Fruta vermelha
1:05:33,3933,wesleyp2p,wesleyp2p,neutro,1.0,Romã
1:05:34,3934,peix3manso,peix3manso,engraçado,1.0,kkkkkkkkkkkkkkkkk
1:05:34,3934,heartonlyheart,HeartOnlyHeart,neutro,1.0,Romã é uma dlç
1:05:37,3937,peix3manso,peix3manso,neutro,1.0,tudo de IA
1:05:37,3937,rafadesa80,rafadesa80,neutro,1.0,Ajuda a levantar o pau
1:05:37,3937,pskaren,pskaren,neutro,1.0,Vai ser expulso 😭
1:05:37,3937,styxagapii,styxagapii,neutro,1.0,Acha um bar fuleiro pra ir tbm
1:05:38,3938,guilhermesl45,guilhermesl45,confuso,1.0,Q isso
1:05:39,3939,gato_de_patins,gato_de_patins,neutro,1.0,é feito com IA
1:05:41,3941,sunset__32,sunset__32,neutro,1.0,totosinha essa de sainha jeans
1:05:41,3941,syzygio,syzygio,positivo,1.0,"pega o kit kat de morango no segundo andar baka, muito bom"
1:05:42,3942,prophano,Prophano,neutro,1.0,Fruta de IA
1:05:44,3944,gir4ldi,gir4ldi,neutro,1.0,"isso aí não é fruta não mano, é uma lata"
1:05:45,3945,rafadesa80,rafadesa80,confuso,1.0,É o que dizem
1:05:46,3946,deyvisonmoraes,DeyvisonMoraes,positivo,1.0,"romã é bom, e faz bem pra saúde. =D"
1:05:46,3946,florezzs2,florezzs2,engraçado,1.0,Tamarindo
1:05:46,3946,peluciacensurada,PeluciaCensurada,neutro,1.0,Fruta pum
1:05:47,3947,wesleyp2p,wesleyp2p,neutro,1.0,Isso aí eu não sei
1:05:51,3951,4shenkk,4shenkk,confuso,1.0,ENERJEKA???????
1:05:54,3954,peix3manso,peix3manso,engraçado,1.0,kkkkkkkkkkkkkkkk
1:05:54,3954,rafadesa80,rafadesa80,engraçado,1.0,Refrigerante de TERRA
1:05:55,3955,dlemonster,DlEmonster,neutro,1.0,terra
1:05:56,3956,peluciacensurada,PeluciaCensurada,neutro,1.0,Isso aí cerveja
1:05:57,3957,guilhermesl45,guilhermesl45,neutro,1.0,Oloko
1:05:57,3957,arki_core1,arki_core1,positivo,1.0,mas e gostoso
1:05:59,3959,bibobibe,bibobibe,neutro,1.0,18 reais uma lata de cerva perai
1:06:01,3961,deyvisonmoraes,DeyvisonMoraes,neutro,1.0,eguinoHuhh
1:06:03,3963,natanzinb27,natanzinb27,engraçado,0.5,Essa é a máquina de refrigerante?
1:06:04,3964,nathanguisan,nathanguisan,neutro,1.0,!clima
1:06:04,3964,nightbot,Nightbot,neutro,1.0,Agora em Tokyo tá 72F (22C)
1:06:05,3965,karasu2024,karasu2024,neutro,1.0,Compra um pra mim
1:06:09,3969,endekai_one,endekai_one,confuso,1.0,Japão tá dublado ?
1:06:11,3971,kthyosu,kthyosu,neutro,1.0,bgl caro da porra
1:06:13,3973,joaoreisojisan,JoaoReisOjisan,engraçado,1.0,armadilha de turista
1:06:14,3974,dakezinhoo,dakezinhoo,confuso,1.0,não sei nem o que é glúten
1:06:15,3975,deyvisonmoraes,DeyvisonMoraes,neutro,1.0,ui
1:06:15,3975,lostcaco,LostCaco,neutro,1.0,"""NÃO PODE FILMAR!"""
1:06:18,3978,kotori212,kotori212,neutro,1.0,dsce ali
1:06:18,3978,wesleyp2p,wesleyp2p,neutro,1.0,Clima de Tokyo kk
1:06:19,3979,rafadesa80,rafadesa80,neutro,1.0,Mole igual minha rol****
1:06:19,3979,sunset__32,sunset__32,frustrado,1.0,"18 conto a cerveja pqp,"
1:06:22,3982,yuriairesb,YuriAiresB,neutro,1.0,"E o bagulho totalmente transparente, tem apenas a essência da fruta"
1:06:24,3984,guilhi_,Guilhi_,inspirado,1.0,Jurava que o baka era japonês que tinha aprendido português pra fazer live
1:06:27,3987,sir_wonka0,sir_wonka0,neutro,1.0,E ser roubado
1:06:31,3991,matyfofo,matyfofo,engraçado,1.0,lkkkkkkkkkkk
1:06:31,3991,rafadesa80,rafadesa80,neutro,1.0,Ou ser violentado
1:06:33,3993,peix3manso,peix3manso,neutro,1.0,"ou roubado,ou assassinado"
1:06:41,4001,kotori212,kotori212,neutro,1.0,side quest ali pra baixo em
1:06:41,4001,4shenkk,4shenkk,neutro,1.0,PELO MENOS TEM WIFI NA CADEIA BAKA
1:06:41,4001,florezzs2,florezzs2,engraçado,1.0,Kkkkk
1:06:42,4002,powblitz,PowBlitz,confuso,1.0,"""o que tu quer ta mole"""
1:06:42,4002,trickyzter,TrickyzTer,neutro,1.0,desce
1:06:43,4003,italoooowd,italoooowd,neutro,1.0,Chá Gemini
1:06:43,4003,licht_zayy,licht_zayy,neutro,1.0,Ou assaltado
1:06:45,4005,wesleyp2p,wesleyp2p,neutro,1.0,São todos que são assim menina
1:06:45,4005,gmblost,gmbLOST,neutro,1.0,Ele doido pra descer
1:06:46,4006,dlemonster,DlEmonster,neutro,1.0,assassinato
1:06:47,4007,sunset__32,sunset__32,neutro,1.0,presídio é legal
1:06:47,4007,deyvisonmoraes,DeyvisonMoraes,neutro,1.0,a chance de comerem a bunda é real agora também
1:06:47,4007,rafadesa80,rafadesa80,neutro,1.0,Vixi tá suadin
1:06:48,4008,lostcaco,LostCaco,engraçado,1.0,o máximo q pode acontecer é ir parar no tribunal do PCC
1:06:49,4009,pskaren,pskaren,neutro,1.0,Ou ser roubado e sarrado
1:06:51,4011,sir_wonka0,sir_wonka0,neutro,1.0,@peix3manso Assassinado ta mais em conta
1:06:51,4011,yuriairesb,YuriAiresB,neutro,1.0,Vão te deportar pro Japão. Tem que te mandar pro último local de save
1:06:52,4012,styxagapii,styxagapii,neutro,1.0,Lata radioativa
1:06:56,4016,vinnyfborg,vinnyfborg,neutro,1.0,Essa loja é cara
1:06:58,4018,rafadesa80,rafadesa80,neutro,1.0,F
1:06:59,4019,pskaren,pskaren,neutro,1.0,F
1:06:59,4019,joaoreisojisan,JoaoReisOjisan,neutro,1.0,F
1:07:00,4020,4shenkk,4shenkk,neutro,1.0,F
1:07:01,4021,nunes013,nunes013,neutro,1.0,mellzitosReichikita mellzitosReichikita mellzitosReichikita mellzitosReichikita
1:07:02,4022,rafadesa80,rafadesa80,neutro,1.0,Caiu
1:07:02,4022,sunset__32,sunset__32,engraçado,1.0,prisão parece divertido
1:07:03,4023,guilhermesl45,guilhermesl45,neutro,1.0,Credo
1:07:04,4024,4shenkk,4shenkk,neutro,1.0,MINI F
1:07:06,4026,marryros098,marryros098,neutro,1.0,Baka recomendo tomar um dia café da marca arara
1:07:10,4030,wesleyp2p,wesleyp2p,neutro,1.0,Calma chat já estabilizou
1:07:11,4031,vinnyfborg,vinnyfborg,neutro,1.0,Vai na Towa
1:07:11,4031,fakedev,fakedev,neutro,1.0,!time
1:07:12,4032,heartonlyheart,HeartOnlyHeart,neutro,1.0,É babado
1:07:14,4034,dlemonster,DlEmonster,neutro,1.0,e ser empitchado
1:07:15,4035,deyvisonmoraes,DeyvisonMoraes,confuso,1.0,Que isso?
1:07:17,4037,matyfofo,matyfofo,neutro,1.0,@vinnyfborg mas ele não vai comprar a loja pô
1:07:18,4038,sir_wonka0,sir_wonka0,neutro,1.0,Tudo caro
1:07:18,4038,rafadesa80,rafadesa80,neutro,1.0,Tá porra
1:07:19,4039,florezzs2,florezzs2,neutro,1.0,Parece que no BR tem mais gente nas lojas
1:07:20,4040,sunset__32,sunset__32,neutro,1.0,ser preso parece divertido
1:07:21,4041,kmele0nn,kmele0nn,positivo,0.5,alerta de brincadeiras gostosas
1:07:22,4042,mogamizz,mogamizz,confuso,1.0,tem algum mod ai?
1:07:25,4045,giovani6jogadoh,giovani6jogadoh,confuso,1.0,que isso ai??
1:07:27,4047,rafadesa80,rafadesa80,neutro,1.0,Ah tá
1:07:28,4048,powblitz,PowBlitz,inspirado,1.0,se continuar bugando assim daqui a pouco o baka cai nos bequinhos
1:07:28,4048,sir_wonka0,sir_wonka0,engraçado,1.0,Aqui o salário é menor akakkaka
1:07:32,4052,yuriairesb,YuriAiresB,confuso,1.0,Mais caro que mil ienes
1:07:33,4053,pulchram12,pulchram12,neutro,1.0,@mogamizz Eu
1:07:33,4053,ego_divino_absoluto,ego_divino_absoluto,confuso,1.0,Extra-sifilis?
1:07:33,4053,wesleyp2p,wesleyp2p,neutro,1.0,@matyfofo Faz sentido
1:07:34,4054,licht_zayy,licht_zayy,engraçado,1.0,“ ORIGEM JAPÃO ”
1:07:40,4060,peix3manso,peix3manso,neutro,1.0,ta no hype ne
1:07:47,4067,yuriairesb,YuriAiresB,negativo,1.0,Japil tá flopando no BR
1:07:47,4067,guilhermesl45,guilhermesl45,neutro,1.0,Korea tá no hype
1:07:48,4068,rafadesa80,rafadesa80,neutro,1.0,Jung kuck
1:07:48,4068,deyvisonmoraes,DeyvisonMoraes,engraçado,1.0,letrinha de palito kkkkkkk xD
1:07:50,4070,mogamizz,mogamizz,engraçado,1.0,@pulchram12 kkkkk
1:07:56,4076,florezzs2,florezzs2,engraçado,1.0,Kkkkk
1:07:57,4077,pulchram12,pulchram12,neutro,1.0,@mogamizz sushid17Hihi
1:07:57,4077,ablsmo,ABlSMO,neutro,1.0,k
1:08:00,4080,joaoreisojisan,JoaoReisOjisan,neutro,1.0,tem sim. aquele japonesinho da contabilidade
1:08:01,4081,rafadesa80,rafadesa80,neutro,1.0,Entendi
1:08:01,4081,styxagapii,styxagapii,neutro,1.0,Compra um miojinho desse de copo pra eu viver através de vc
1:08:05,4085,heartonlyheart,HeartOnlyHeart,neutro,1.0,"China tá no hype gente, Coreia já foi tbm"
1:08:07,4087,deyvisonmoraes,DeyvisonMoraes,neutro,1.0,"uia, que chique"
1:08:07,4087,beyond_desolation2,Beyond_Desolation2,neutro,1.0,900k então
1:08:08,4088,rafadesa80,rafadesa80,neutro,1.0,Nossa
1:08:13,4093,florezzs2,florezzs2,neutro,1.0,Ficou sim
1:08:16,4096,licht_zayy,licht_zayy,neutro,1.0,Vai ter dimensão nova no Minecraft aliás
1:08:17,4097,luizfelipe_bat,luizfelipe_bat,neutro,1.0,tá o mesmo preço vcs que estão pobres
1:08:17,4097,yokann_,Yokann_,engraçado,1.0,@JoaoReisOjisan KKKKKKKKKKKKK
1:08:19,4099,4shenkk,4shenkk,neutro,1.0,UHDASFIUAD
1:08:19,4099,kotori212,kotori212,neutro,1.0,passar com o braço
1:08:20,4100,rafadesa80,rafadesa80,neutro,1.0,Kakakakakak
1:08:21,4101,riperoso,Riperoso,neutro,1.0,Bora passar 6 mes cmg na china Baka
1:08:23,4103,el_v1nny,el_v1nny,neutro,1.0,Só pleo marketing
1:08:28,4108,sir_wonka0,sir_wonka0,neutro,1.0,Vai n akakkakaka
1:08:28,4108,trickyzter,TrickyzTer,neutro,1.0,agora foi
1:08:28,4108,4shenkk,4shenkk,neutro,1.0,F
1:08:29,4109,florezzs2,florezzs2,engraçado,1.0,Se voltou pro BR tá milionário
1:08:30,4110,trickyzter,TrickyzTer,neutro,1.0,F
1:08:30,4110,joaoreisojisan,JoaoReisOjisan,neutro,1.0,F
1:08:31,4111,rafadesa80,rafadesa80,neutro,1.0,Ele subiu a live caiu
1:08:31,4111,osvaldo_kk,Osvaldo_kk,neutro,1.0,F
1:08:31,4111,sir_wonka0,sir_wonka0,neutro,1.0,F
1:08:31,4111,kotori212,kotori212,neutro,1.0,f
1:08:32,4112,ablsmo,ABlSMO,engraçado,1.0,💀
1:08:32,4112,deyvisonmoraes,DeyvisonMoraes,engraçado,1.0,elisBrick
1:08:33,4113,licht_zayy,licht_zayy,neutro,1.0,F
1:08:33,4113,peix3manso,peix3manso,neutro,1.0,pegaram ele :(
1:08:33,4113,jsa051,jsa051,neutro,1.0,F
1:08:33,4113,velez1998_,velez1998_,neutro,1.0,derreteu
1:08:33,4113,duckn_00,duckn_00,neutro,1.0,F
1:08:34,4114,pskaren,pskaren,neutro,1.0,NÃO PODE SUBIR
1:08:34,4114,guilhermesl45,guilhermesl45,neutro,1.0,Ixi
1:08:35,4115,zenith_2xko,zenith_2xko,neutro,1.0,to vendo legal msm kkjk
1:08:36,4116,stilvox,Stilvox,neutro,1.0,Entrou no mundo paralelo cinzento
1:08:36,4116,fibbs,フィブス,neutro,1.0,mkoDeadge
1:08:36,4116,sousply,sousply,neutro,1.0,f
1:08:36,4116,kotori212,kotori212,engraçado,1.0,sobe nao kkkkkkkk
1:08:37,4117,sunset__32,sunset__32,neutro,1.0,straycatButt straycatButt straycatButt aiiyRoll aiiyWalk nikava9Humpuh nikava9Huh nikava9Humpuh nikava9Sad nikava9Humpuh nikava9Humpuh vvelve1Heart aiiyMoooo
1:08:37,4117,pskaren,pskaren,neutro,1.0,F
1:08:37,4117,heartonlyheart,HeartOnlyHeart,neutro,1.0,Submundo
1:08:39,4119,mogamizz,mogamizz,neutro,1.0,@mogamizz alguem tem q assumir a responsabilidade
1:08:41,4121,gir4ldi,gir4ldi,neutro,1.0,rerun
1:08:41,4121,x_anazynha,x_anazynha,neutro,1.0,F
1:08:42,4122,vinnyfborg,vinnyfborg,neutro,1.0,Tururu
1:08:42,4122,ablsmo,ABlSMO,neutro,1.0,virou estatistica
1:08:42,4122,rafadesa80,rafadesa80,neutro,1.0,Foi pro caraio
1:08:42,4122,wesleyp2p,wesleyp2p,neutro,1.0,"Calma chat, tá estabilizando"
1:08:43,4123,4shenkk,4shenkk,positivo,1.0,FOI BOM ENQUANTO DUROU
1:08:43,4123,gustavo011111111,gustavo011111111,neutro,1.0,lago
1:08:44,4124,trickyzter,TrickyzTer,neutro,1.0,voltaaaaaaaaaaaaaa
1:08:44,4124,newpape,newpape,confuso,1.0,Acho que acabou mesmo
1:08:45,4125,pulchram12,pulchram12,neutro,1.0,Sobe não
1:08:46,4126,reptilianomestre,ReptilianoMestre,neutro,1.0,f
1:08:46,4126,lc_felipe,lc_felipe,neutro,1.0,tv sem sinal
1:08:46,4126,loukasribe,LoukasRibe,neutro,1.0,F
1:08:47,4127,tapiokaxx,TapiokaXX,neutro,1.0,f
1:08:47,4127,guilhermesl45,guilhermesl45,neutro,1.0,Proibido subir
1:08:47,4127,lanplaytv,Lanplaytv,neutro,1.0,f
1:08:48,4128,x_anazynha,x_anazynha,neutro,1.0,Caiu da escada
1:08:50,4130,sir_wonka0,sir_wonka0,positivo,0.5,Mapa ta bloqueado melhor não
1:08:50,4130,pitterg4,PitterG4,neutro,1.0,viajou
1:08:50,4130,kitangerina,kitangerina,neutro,1.0,Pifou
1:08:50,4130,guilhi_,Guilhi_,neutro,1.0,f
1:08:51,4131,giovani6jogadoh,giovani6jogadoh,neutro,1.0,tem que trazer a antena da starlink
1:08:52,4132,pulchram12,pulchram12,neutro,1.0,@mogamizz sushid17Amigo sushid17Amigo
1:08:52,4132,redwinepie,redwinepie,frustrado,1.0,AFF
1:08:54,4134,duckn_00,duckn_00,engraçado,1.0,"volta, vc vai ser desintegrado kkkkkkkkk"
1:08:55,4135,deyvisonmoraes,DeyvisonMoraes,neutro,1.0,elisDespair
1:08:55,4135,dilepre,dilepre,neutro,1.0,virou saudade
1:08:56,4136,zenith_2xko,zenith_2xko,neutro,1.0,ilohyagvfoyi8gahygfp
1:08:56,4136,marryros098,marryros098,neutro,1.0,F
1:08:58,4138,hakureisendai,hakureisendai,neutro,1.0,F
1:08:58,4138,x_anazynha,x_anazynha,neutro,1.0,Deportaram tu net
1:09:00,4140,pulchram12,pulchram12,neutro,1.0,Desce pra baixo dnv
1:09:00,4140,marcelooopjl,marcelooopjl,neutro,1.0,Bonito mesmo
1:09:01,4141,debbyznha,debbyznha,neutro,1.0,F
1:09:02,4142,loukasribe,LoukasRibe,neutro,1.0,Já está nas estatísticas
1:09:04,4144,gir4ldi,gir4ldi,neutro,1.0,cuidado mano a janja ta derrubando a live
1:09:05,4145,mogamizz,mogamizz,neutro,1.0,n vai subir ngm
1:09:06,4146,pskaren,pskaren,neutro,1.0,Virou camiseta
1:09:06,4146,peix3manso,peix3manso,positivo,1.0,ele era gente boa :(
1:09:07,4147,licht_zayy,licht_zayy,neutro,1.0,DESLIGA Otto !!!
1:09:08,4148,josimar_manutencoes,JOSIMAR_MANUTENCOES,neutro,1.0,colocou a câmera no cool
1:09:09,4149,raparigadoassude,raparigadoassude,neutro,1.0,FZADA
1:09:09,4149,styxagapii,styxagapii,positivo,1.0,Lindo hein
1:09:10,4150,fatalisfps,fatalisFps,neutro,1.0,virou estatística
1:09:10,4150,kthyosu,kthyosu,neutro,1.0,tiroteio
1:09:11,4151,va11w,va11w,neutro,1.0,Essa side não tá disponível ainda
1:09:12,4152,kitangerina,kitangerina,neutro,1.0,Desceeeee
1:09:12,4152,yuji_itadori190,yuji_itadori190,neutro,1.0,F
1:09:14,4154,nunes013,nunes013,neutro,1.0,live hipotetica
1:09:14,4154,morisleepy,morisleepy,neutro,1.0,Travou tudo
1:09:19,4159,styxagapii,styxagapii,neutro,1.0,Subiu pra baixo e deu nisso
1:09:19,4159,sir_wonka0,sir_wonka0,neutro,1.0,STF ta querendo censurar
1:09:22,4162,giovani6jogadoh,giovani6jogadoh,neutro,1.0,roubaro o baka
1:09:22,4162,debbyznha,debbyznha,neutro,1.0,Live desconstruída
1:09:22,4162,stilvox,Stilvox,neutro,1.0,Tá voltante
1:09:22,4162,luis_6253,luis_6253,neutro,1.0,F
1:09:23,4163,4shenkk,4shenkk,positivo,1.0,SEGUNDO ANDAR MUITO FODA MESMO!!!!!!!!!!
1:09:25,4165,pskaren,pskaren,neutro,1.0,Pra sempre em nossos corações
1:09:26,4166,marryros098,marryros098,neutro,1.0,Aaaa vai cairrr
1:09:27,4167,dabonailo,dabonailo,neutro,1.0,subiu muito deus levou junto
1:09:27,4167,deyvisonmoraes,DeyvisonMoraes,positivo,1.0,Melhor momento da live acontecendo agora e perdemos tudo
1:09:27,4167,lc_felipe,lc_felipe,neutro,1.0,isso q da proibir as bets
1:09:28,4168,wesleyp2p,wesleyp2p,neutro,1.0,Vai estabilizar
1:09:28,4168,pskaren,pskaren,neutro,1.0,F
1:09:29,4169,caipirinha_2007,caipirinha_2007,neutro,1.0,live asmr
1:09:29,4169,ablsmo,ABlSMO,neutro,1.0,>(
1:09:30,4170,kotori212,kotori212,neutro,1.0,apareceu o Mmissingno
1:09:30,4170,newpape,newpape,neutro,1.0,Acabou
1:09:31,4171,kiritomeiolaindasideia,kiritomeiolaindasideia,neutro,1.0,Ah Internet 5G Brasil 🥀
1:09:31,4171,licht_zayy,licht_zayy,neutro,1.0,Entrou no buraco de minhoca sem querer
1:09:32,4172,styxagapii,styxagapii,neutro,1.0,Censura cosmica
1:09:33,4173,wesleyp2p,wesleyp2p,neutro,1.0,Só ter calma
1:09:33,4173,pulchram12,pulchram12,neutro,1.0,Sai daí
1:09:33,4173,buddyrevell1987,BuddyRevell1987,neutro,1.0,F total
1:09:34,4174,rafadesa80,rafadesa80,confuso,1.0,Mais travado que a coluna do meu vô
1:09:34,4174,guilhermesl45,guilhermesl45,neutro,1.0,Tá quase
1:09:34,4174,rpcguimaraes,rpcguimaraes,neutro,1.0,virou uvmap
1:09:35,4175,debbyznha,debbyznha,neutro,1.0,Uma coisa mais abstrata
1:09:36,4176,guilhi_,Guilhi_,neutro,1.0,"@Guilhi_,"
1:09:37,4177,styxagapii,styxagapii,neutro,1.0,F
1:09:37,4177,lostcaco,LostCaco,confuso,1.0,"ninguem clipou aquele momento do ""não pode filmar?"""
1:09:42,4182,sir_wonka0,sir_wonka0,neutro,1.0,Sai da loja
1:09:42,4182,powblitz,PowBlitz,engraçado,1.0,"O disco ta riscado, não renderizou"
1:09:42,4182,4shenkk,4shenkk,neutro,1.0,TÁ STREAMANDO NO 3G
1:09:42,4182,kkgoji,kkgoji,engraçado,1.0,rederiza caraio
1:09:43,4183,x_anazynha,x_anazynha,neutro,1.0,Arruma a antena parabólica
1:09:43,4183,sovacodecobra1,sovacodecobra1,neutro,1.0,governo censurando
1:09:43,4183,deyvisonmoraes,DeyvisonMoraes,engraçado,1.0,kkkkkkkkkkkkkkk
1:09:44,4184,zenith_2xko,zenith_2xko,engraçado,1.0,kkkkk
1:09:50,4190,anime__react,anime__react,neutro,1.0,CANCELAMENTO
1:09:51,4191,peix3manso,peix3manso,engraçado,0.667,e aquela vez que ele pegou uma calcinha na maquina no japao? kkkkkkkkk foi mt engraçado. vai deixar saudades
1:09:53,4193,pskaren,pskaren,engraçado,1.0,Kkkkkkkkk
1:09:53,4193,ablsmo,ABlSMO,neutro,1.0,surskRage
1:09:54,4194,wesleyp2p,wesleyp2p,neutro,1.0,@LostCaco Só pensei em clipar depois que já tinha passado
1:09:55,4195,marryros098,marryros098,engraçado,0.667,Gente estamos tendo um derrame kkkk
1:09:55,4195,buddyrevell1987,BuddyRevell1987,neutro,1.0,2 fps
1:09:55,4195,pulchram12,pulchram12,neutro,1.0,Os et se comunicando
1:09:55,4195,deyvisonmoraes,DeyvisonMoraes,neutro,1.0,"Funciona, preula de internet!! elisSlam"
1:09:56,4196,heisenteller,heisenteller,neutro,1.0,Arte moderna
1:09:56,4196,gunterfp5,gunterFP5,neutro,1.0,foi abduzido
1:09:58,4198,kthyosu,kthyosu,engraçado,0.667,pqpKKKKKK
1:09:58,4198,mogamizz,mogamizz,neutro,1.0,ta tudo cinza baka
1:10:00,4200,debbyznha,debbyznha,neutro,1.0,Interferência de alienígenas
1:10:01,4201,zenith_2xko,zenith_2xko,positivo,1.0,live boa da peste
1:10:01,4201,4shenkk,4shenkk,neutro,1.0,SourPls
1:10:01,4201,krupp_0,krupp_0,neutro,1.0,EU VI EU VI ALGO OS BORRÕES FALAM COMIGO
1:10:03,4203,raparigadoassude,raparigadoassude,neutro,1.0,FAZ O L
1:10:05,4205,lubamemo_,lubamemo_,engraçado,0.667,PARECE QUE A DMINHA PLACA DE VIDEO QUEIMOU KKKKK
1:10:05,4205,mun1zvictor,Mun1zVictor,engraçado,1.0,"""arruma a antena"" kkkkkkkkkk"
1:10:05,4205,yuji_itadori190,yuji_itadori190,neutro,1.0,Ffffff
1:10:07,4207,4shenkk,4shenkk,neutro,1.0,popCat
1:10:08,4208,styxagapii,styxagapii,neutro,1.0,Cancelado astronomicamente
1:10:08,4208,pskaren,pskaren,engraçado,1.0,Que horrivi
1:10:08,4208,krupp_0,krupp_0,neutro,1.0,EU SOU O ESCOLHIDO
1:10:09,4209,rafadesa80,rafadesa80,neutro,1.0,Live abstrata. Novo conceito
1:10:09,4209,sir_wonka0,sir_wonka0,engraçado,1.0,Essa Internet de padaria do baka da n
1:10:09,4209,kyry7i,kyry7i,neutro,1.0,L S D
1:10:10,4210,x_anazynha,x_anazynha,neutro,1.0,Que abstrato
1:10:10,4210,duckn_00,duckn_00,confuso,1.0,live em codigo morse?
1:10:12,4212,negowsky,Negowsky,neutro,1.0,f
1:10:13,4213,celichippuzu,CeliChippuzu,engraçado,1.0,KKKKKKKKKKKKKKKKKKKKKKKKKKKKKKKKK
1:10:14,4214,4shenkk,4shenkk,neutro,1.0,VAI EXPLODIR
1:10:14,4214,pulchram12,pulchram12,engraçado,0.667,Que isso kkkkkkkk
1:10:15,4215,kthyosu,kthyosu,neutro,1.0,ta sendo eletrocutado
1:10:15,4215,guilhermesl45,guilhermesl45,neutro,1.0,Estou quase vendo
1:10:16,4216,satesagatha,satesagatha,neutro,1.0,Foi tudo pros caralho
1:10:16,4216,buddyrevell1987,BuddyRevell1987,neutro,1.0,- 38 fps
1:10:17,4217,loukasribe,LoukasRibe,neutro,1.0,Aq é caixão fechado pelo jeito
1:10:17,4217,joaoreisojisan,JoaoReisOjisan,neutro,1.0,big fat F
1:10:19,4219,morisleepy,morisleepy,neutro,1.0,F
1:10:20,4220,deyvisonmoraes,DeyvisonMoraes,neutro,1.0,eguinoAAAA
1:10:20,4220,p3dro,p3dro,neutro,1.0,chegou no nirvana
1:10:20,4220,ovo__mole,ovo__mole,negativo,1.0,starlink deu ruim
1:10:21,4221,a_palavra_cabalistica_eh,凹凸凹凸凹凸凹凸凹凸凹,engraçado,1.0,glitch na matrix pesado
1:10:21,4221,licht_zayy,licht_zayy,neutro,1.0,Tudo cinza
1:10:22,4222,florezzs2,florezzs2,engraçado,1.0,Olha a CIA interferindo na live
1:10:22,4222,anginha5678,anginha5678,neutro,1.0,Ksksksksksks
1:10:22,4222,thelovershow,TheLoverShow,neutro,1.0,eita
1:10:23,4223,pskaren,pskaren,neutro,1.0,F
1:10:23,4223,kureijinuwu,kureijinuwu,engraçado,1.0,KKKKKK
1:10:24,4224,syzygio,syzygio,engraçado,1.0,o pior que ele ja ta na rua e ainda nao voltou kkkkk
1:10:24,4224,raparigadoassude,raparigadoassude,neutro,1.0,LIVE ABSTRATA
1:10:24,4224,rafadesa80,rafadesa80,engraçado,1.0,Matrix
1:10:27,4227,styxagapii,styxagapii,neutro,1.0,Buddhou
1:10:28,4228,debbyznha,debbyznha,neutro,1.0,Enfiou a live no microondas
1:10:29,4229,deyvisonmoraes,DeyvisonMoraes,engraçado,1.0,kkkkkkkkkkk
1:10:29,4229,buddyrevell1987,BuddyRevell1987,neutro,1.0,1 fps
1:10:30,4230,kitangerina,kitangerina,neutro,1.0,Sem sinal da starlink
1:10:30,4230,wesleyp2p,wesleyp2p,neutro,1.0,Tá quase estabilizando
1:10:31,4231,nunes013,nunes013,neutro,1.0,mellzitosReichikita mellzitosReichikita mellzitosReichikita mellzitosReichikita
1:10:32,4232,4shenkk,4shenkk,neutro,1.0,3 FRAME POR SECULO
1:10:32,4232,evertonryden,evertonryden,neutro,1.0,nem net brasil presta
1:10:33,4233,sousply,sousply,neutro,1.0,baniram a live
1:10:33,4233,karasu2024,karasu2024,neutro,1.0,Vixxx
1:10:34,4234,celichippuzu,CeliChippuzu,neutro,1.0,Faz o L Baka seu gordinho preguiçoso
1:10:34,4234,deyvisonmoraes,DeyvisonMoraes,neutro,1.0,Opa
1:10:35,4235,333_liam,333_liam,neutro,1.0,Quando eu paro de tomar meus remédios ai
1:10:35,4235,passarobllue,passarobllue,neutro,1.0,Streamer abstrato
1:10:35,4235,wesleyp2p,wesleyp2p,neutro,1.0,Vai voltar
1:10:36,4236,peix3manso,peix3manso,neutro,1.0,opa
1:10:36,4236,zenith_2xko,zenith_2xko,neutro,1.0,calma
1:10:37,4237,lc_felipe,lc_felipe,neutro,1.0,livestream é uma palavra mt forte
1:10:37,4237,sir_wonka0,sir_wonka0,confuso,1.0,*vc foi bloqueado pelo alexandre de moraes
1:10:37,4237,lubamemo_,lubamemo_,engraçado,1.0,MATRIX KKKK
1:10:37,4237,deyvisonmoraes,DeyvisonMoraes,neutro,1.0,ó
1:10:37,4237,kthyosu,kthyosu,neutro,1.0,volto
1:10:39,4239,wesleyp2p,wesleyp2p,neutro,1.0,Voltou
1:10:39,4239,rafadesa80,rafadesa80,engraçado,0.5,50 tons de cinza sem putaria
1:10:40,4240,redwinepie,redwinepie,neutro,1.0,Tsukuyomi
1:10:40,4240,kthyosu,kthyosu,engraçado,1.0,KKKKKKKKK
1:10:42,4242,krupp_0,krupp_0,neutro,1.0,O_o O_o O_o
1:10:43,4243,deyvisonmoraes,DeyvisonMoraes,positivo,1.0,Tamo voltando
1:10:43,4243,ablsmo,ABlSMO,positivo,1.0,FAZ O L 🙏
1:10:43,4243,styxagapii,styxagapii,neutro,1.0,Live meio basquiat
1:10:44,4244,zenith_2xko,zenith_2xko,neutro,1.0,quase la
1:10:44,4244,kyry7i,kyry7i,engraçado,1.0,Bug na matrix
1:10:44,4244,peix3manso,peix3manso,neutro,1.0,mexe só um pouco pra direita
1:10:45,4245,maxissz0,maxissz0,neutro,1.0,1 frame por milênio
1:10:45,4245,kthyosu,kthyosu,neutro,1.0,morreu
1:10:47,4247,lubamemo_,lubamemo_,engraçado,1.0,SAIMOS DA MATRIX KKKKK
1:10:48,4248,thelovershow,TheLoverShow,neutro,1.0,diferenciado
1:10:49,4249,debbyznha,debbyznha,neutro,1.0,Live em slide
1:10:49,4249,buddyrevell1987,BuddyRevell1987,neutro,1.0,Brasil é isso memo
1:10:49,4249,carolinenaomii,CarolineNaomii,neutro,1.0,ta voltando
1:10:50,4250,pulchram12,pulchram12,neutro,1.0,Nossa acabou tudo
1:10:51,4251,b3el_streaming,b3el_streaming,neutro,1.0,ta voltando pra nossa realidade
1:10:51,4251,lostcaco,LostCaco,neutro,1.0,tomou block do pcc
1:10:52,4252,anginha5678,anginha5678,neutro,1.0,Vai aparecer na quarta dimensão agr
1:10:52,4252,passarobllue,passarobllue,neutro,1.0,DESLIGA OTO
1:10:53,4253,kotori212,kotori212,neutro,1.0,violto
1:10:53,4253,jsa051,jsa051,neutro,1.0,Voltou
1:10:53,4253,natanzinb27,natanzinb27,neutro,1.0,Roteador ta pegando fogo
1:10:54,4254,deyvisonmoraes,DeyvisonMoraes,neutro,1.0,Discada pegando embalo
1:10:54,4254,pskaren,pskaren,neutro,1.0,A live ficou com osteoporose
1:10:55,4255,peix3manso,peix3manso,positivo,1.0,boa
1:10:55,4255,redwinepie,redwinepie,neutro,1.0,Sasuke desfazendo o Tsukuyomi do Itachi
1:10:55,4255,4shenkk,4shenkk,positivo,1.0,LIVE BOA
1:10:56,4256,ablsmo,ABlSMO,neutro,1.0,QUE VIBE
1:10:56,4256,kkgoji,kkgoji,neutro,1.0,tao hackeando a live
1:10:56,4256,fatalisfps,fatalisFps,neutro,1.0,voltou
1:10:57,4257,kthyosu,kthyosu,neutro,1.0,vejo vislumbres de live
1:10:57,4257,sousply,sousply,neutro,1.0,voltoi
1:10:57,4257,velh666,velh666,neutro,1.0,voltou
1:10:57,4257,stilvox,Stilvox,neutro,1.0,Voltaste
1:10:57,4257,osvaldo_kk,Osvaldo_kk,neutro,1.0,aeeee
1:10:57,4257,guilhermesl45,guilhermesl45,neutro,1.0,Voltou
1:10:58,4258,deyvisonmoraes,DeyvisonMoraes,neutro,1.0,Voltou
1:10:58,4258,loukasribe,LoukasRibe,neutro,1.0,Voltou
1:10:58,4258,vinnyfborg,vinnyfborg,neutro,1.0,Aeee
1:10:58,4258,duckn_00,duckn_00,neutro,1.0,ae voltou
1:10:58,4258,licht_zayy,licht_zayy,neutro,1.0,Voltou
1:10:59,4259,churras_k,churras_k,neutro,1.0,retornou
1:10:59,4259,pulchram12,pulchram12,frustrado,1.0,FINALMENTE PQP
1:11:00,4260,kitangerina,kitangerina,neutro,1.0,Aeeeeeeee
1:11:00,4260,zenith_2xko,zenith_2xko,neutro,1.0,aee voltou
1:11:00,4260,euma_maria7373,euma_maria7373,positivo,1.0,tomou salve do stf
1:11:00,4260,heisenteller,heisenteller,neutro,1.0,Voltei
1:11:00,4260,styxagapii,styxagapii,engraçado,1.0,KKKKKKKKKKKKKKKKK
1:11:01,4261,sir_wonka0,sir_wonka0,neutro,1.0,Voltou
1:11:01,4261,debbyznha,debbyznha,positivo,0.333,Colocou bombril na antena?
1:11:01,4261,kotori212,kotori212,neutro,1.0,nice
1:11:02,4262,deyvisonmoraes,DeyvisonMoraes,neutro,1.0,eguinoCatbellydance
1:11:05,4265,4shenkk,4shenkk,neutro,1.0,AEEEEEE
1:11:05,4265,zenith_2xko,zenith_2xko,engraçado,1.0,kkkkk]
1:11:05,4265,x_anazynha,x_anazynha,engraçado,1.0,Problema era lá dentro mesmo kkkkkkkkk
1:11:06,4266,ablsmo,ABlSMO,neutro,1.0,MUITO NPC FI
1:11:07,4267,krupp_0,krupp_0,frustrado,1.0,aff voltou :Z
1:11:08,4268,sir_wonka0,sir_wonka0,neutro,1.0,Akakakakkakakakak
1:11:09,4269,marcelooopjl,marcelooopjl,neutro,1.0,Gg
1:11:09,4269,kthyosu,kthyosu,neutro,1.0,voltou
1:11:11,4271,mun1zvictor,Mun1zVictor,engraçado,1.0,Voltou prra nenhuma kkkk
1:11:11,4271,lubamemo_,lubamemo_,neutro,1.0,SEM AUDIO
1:11:12,4272,gustavo011111111,gustavo011111111,neutro,1.0,trava zap
1:11:13,4273,el_v1nny,el_v1nny,neutro,1.0,Internet BR....
1:11:16,4276,danilloflip,danilloflip,engraçado,1.0,algo espiritual
1:11:16,4276,kotori212,kotori212,neutro,1.0,deram um ddos
1:11:16,4276,wesleyp2p,wesleyp2p,frustrado,0.667,"@rafadesa80 Puta merda mano, eu vou muito roubar sua piada pra fazer em outra live, ou aqui mesmo quando acontecer denovo"
1:11:16,4276,guilhermesl45,guilhermesl45,engraçado,1.0,Do nada kkkk
1:11:16,4276,italoooowd,italoooowd,neutro,1.0,Servidor superlotou ]
1:11:17,4277,pskaren,pskaren,engraçado,1.0,Kkkkkkkkk
1:11:19,4279,beyond_desolation2,Beyond_Desolation2,neutro,1.0,EMP
1:11:20,4280,bico_de_pato893,bico_de_pato893,engraçado,1.0,vai inventar de subir no alto com essa internet kkkkkkkkkkkk
1:11:20,4280,mun1zvictor,Mun1zVictor,neutro,1.0,Voltou
1:11:22,4282,kkgoji,kkgoji,engraçado,1.0,kkkkkkkkkkk
1:11:22,4282,4shenkk,4shenkk,neutro,1.0,ATAQUE PEM
1:11:22,4282,josimar_manutencoes,JOSIMAR_MANUTENCOES,neutro,1.0,cara foi em outra dimensão e voltou
1:11:23,4283,lc_felipe,lc_felipe,neutro,1.0,tomou jammer
1:11:24,4284,mrluwiz,MrLuWiz,neutro,1.0,EMP
1:11:25,4285,deyvisonmoraes,DeyvisonMoraes,neutro,1.0,"galera cu de chumbo ai, po. Que foi isso"
1:11:26,4286,styxagapii,styxagapii,neutro,1.0,VOLTOU
1:11:27,4287,guilhi_,Guilhi_,neutro,1.0,fui eu
1:11:27,4287,leviyadomi,leviyadomi,confuso,1.0,ta morando na liberdade?
1:11:27,4287,loukasribe,LoukasRibe,neutro,1.0,Lançaram a PEN
1:11:27,4287,aizenr6ss,aizenr6ss,neutro,1.0,f
1:11:28,4288,marryros098,marryros098,neutro,1.0,Aeee voltou
1:11:28,4288,lostcaco,LostCaco,neutro,1.0,jammer
1:11:30,4290,fatalisfps,fatalisFps,neutro,1.0,ataque PEM na live
1:11:30,4290,debbyznha,debbyznha,neutro,1.0,Que internet eh essa
1:11:30,4290,florezzs2,florezzs2,neutro,1.0,Interferência da CIA
1:11:31,4291,kyry7i,kyry7i,neutro,1.0,Atividade OVNI próxima
1:11:32,4292,arki_core1,arki_core1,neutro,1.0,voltou
1:11:33,4293,lubamemo_,lubamemo_,confuso,1.0,DA PRA USAR UMA STARLINK?
1:11:35,4295,cborgue_jv,cborgue_jv,neutro,1.0,DDOS aovivo
1:11:35,4295,gir4ldi,gir4ldi,neutro,1.0,É A JANJA PAE
1:11:37,4297,skhaa,Skhaa,confuso,1.0,Tomou uma mamada? @BakaGaijinLive
1:11:40,4300,kotori212,kotori212,neutro,1.0,apareceu o missigno do pokemon na tela
1:11:40,4300,natanzinb27,natanzinb27,engraçado,1.0,Alexandre de Moraes rindo nesse exato momento
1:11:42,4302,4shenkk,4shenkk,neutro,1.0,FAZ O LLLL
1:11:42,4302,styxagapii,styxagapii,neutro,1.0,Tava desacelerando as partículas
1:11:43,4303,kthyosu,kthyosu,neutro,1.0,ta tudo fudido
1:11:45,4305,minervaplays1800,minervaplays1800,neutro,1.0,Nunca mais vai pro segundo andar ta loco
1:11:46,4306,giovani6jogadoh,giovani6jogadoh,neutro,1.0,deleta metade desses npc ai que volta o sinal
1:11:48,4308,guilhermesl45,guilhermesl45,neutro,1.0,Ataque ovini
1:11:48,4308,himajindesuu,himajindesuu,neutro,1.0,tomou ult
1:11:51,4311,b3el_streaming,b3el_streaming,neutro,1.0,ta dando interferencia ainda
1:11:53,4313,b3el_streaming,b3el_streaming,neutro,1.0,sãos eles
1:11:54,4314,thelovershow,TheLoverShow,neutro,1.0,proibiram IRL no Brasil
1:12:02,4322,styxagapii,styxagapii,neutro,1.0,Eles de olho em nois
1:12:03,4323,lubamemo_,lubamemo_,positivo,1.0,SALVE BAKA
1:12:05,4325,peix3manso,peix3manso,neutro,1.0,vai nao
1:12:09,4329,licht_zayy,licht_zayy,neutro,1.0,Eles estão de olho em nois da silva
1:12:09,4329,danilloflip,danilloflip,neutro,1.0,voce ta sem aura
1:12:11,4331,guilhermesl45,guilhermesl45,neutro,1.0,Entra lá
1:12:11,4331,mrluwiz,MrLuWiz,neutro,1.0,@TheLoverShow faz o L
1:12:14,4334,ursocute4360,ursocute4360,confuso,0.667,"SALVE BAKA, TA NA ÍNDIA???"
1:12:14,4334,deyvisonmoraes,DeyvisonMoraes,neutro,1.0,elisModCheck
1:12:16,4336,kitangerina,kitangerina,neutro,1.0,Não
1:12:17,4337,marryros098,marryros098,confuso,1.0,Não tem WiFi portátil??
1:12:19,4339,mumpet_,mumpet_,neutro,1.0,ruído no mic
1:12:19,4339,natsusekai,NatsuSekai,neutro,1.0,ELES
1:12:20,4340,sir_wonka0,sir_wonka0,neutro,1.0,Tão no teto
1:12:23,4343,wesleyp2p,wesleyp2p,engraçado,0.5,Por alguns minutos tivemos 50 tons de cinza sem putaria
1:12:24,4344,styxagapii,styxagapii,neutro,1.0,É q tão tentando mirar o míssel teleguiado em vc
1:12:24,4344,veein__,Veein__,frustrado,1.0,iiiiih não vai poder falar merda
1:12:25,4345,yokann_,Yokann_,neutro,1.0,eles ta de olho em nois da silva
1:12:25,4345,anime__react,anime__react,neutro,1.0,PowerUpL EntropyWins PowerUpR
1:12:25,4345,lc_felipe,lc_felipe,inspirado,1.0,faz live na chuva
1:12:26,4346,satesagatha,satesagatha,neutro,1.0,Fica até chover
1:12:28,4348,gunterfp5,gunterFP5,positivo,1.0,compra um tempurah de camarao ai muito bom
1:12:30,4350,krupp_0,krupp_0,engraçado,0.5,Pensei que ia voltar com um assalto algo legal.. namieoTriste
1:12:33,4353,el_v1nny,el_v1nny,neutro,1.0,Hoje em dia só tem normie na liberdade
1:12:34,4354,lubamemo_,lubamemo_,neutro,1.0,TA SEM AUDIO
1:12:34,4354,hoatsu,Hoatsu,neutro,1.0,"oloco live no Brasil, ovo ir ai pedir uma selfie"
1:12:35,4355,lostcaco,LostCaco,neutro,1.0,@ursocute4360 Bangladesh
1:12:35,4355,deyvisonmoraes,DeyvisonMoraes,neutro,1.0,chique
1:12:38,4358,guilhi_,Guilhi_,neutro,1.0,do nubank tbm
1:12:44,4364,lubamemo_,lubamemo_,confuso,1.0,É ISSO MEMO?
1:12:49,4369,guilhermesl45,guilhermesl45,confuso,1.0,Vai ter vídeos ainda esse ano?
1:12:51,4371,mrluwiz,MrLuWiz,neutro,1.0,ta fat em baka
1:12:53,4373,nunes013,nunes013,neutro,1.0,é só parar de se pesar
1:12:53,4373,jusnexd,JusneXD,neutro,1.0,ta papudinho baka
1:12:55,4375,natsusekai,NatsuSekai,confuso,1.0,Veio em qual companhia aérea?
1:12:57,4377,redwinepie,redwinepie,positivo,0.5,"Baka eu quero mais glamour, vai pra Faria Lima"
1:13:02,4382,kthyosu,kthyosu,neutro,1.0,monjaro
1:13:03,4383,licht_zayy,licht_zayy,neutro,1.0,Vai cair um pé d'água
1:13:03,4383,marryros098,marryros098,neutro,1.0,Toma monjaro
1:13:05,4385,ablsmo,ABlSMO,neutro,1.0,crl
1:13:07,4387,guilhi_,Guilhi_,neutro,1.0,tá um novin gordinho gotoso
1:13:07,4387,celichippuzu,CeliChippuzu,neutro,1.0,Gigante
1:13:07,4387,x_anazynha,x_anazynha,neutro,1.0,Vai ali no Tokyo liberdade kids
1:13:08,4388,euprocopio,euProcopio,confuso,1.0,q isso inchado?
1:13:09,4389,ablsmo,ABlSMO,engraçado,1.0,kkkkkkkkkkkkkk
1:13:10,4390,vigarioficial,vigarioficial,neutro,1.0,precisa se controlar na alimentação
1:13:11,4391,kthyosu,kthyosu,engraçado,1.0,o luly liberou a canetinha
1:13:12,4392,deyvisonmoraes,DeyvisonMoraes,engraçado,1.0,kkkkkkkkkkkkkk
1:13:12,4392,pskaren,pskaren,neutro,1.0,Que delicio
1:13:14,4394,gir4ldi,gir4ldi,neutro,1.0,vai no restaurante e pede um alface
1:13:15,4395,sir_wonka0,sir_wonka0,engraçado,1.0,Faz projetinho com cariani
1:13:15,4395,styxagapii,styxagapii,neutro,1.0,Faz dança da chuva
1:13:16,4396,satesagatha,satesagatha,confuso,1.0,"Oq é um peido pra quem tá cagado, come um só ai"
1:13:17,4397,florezzs2,florezzs2,confuso,1.0,Qual altura?
1:13:21,4401,kotori212,kotori212,neutro,1.0,ih
1:13:21,4401,anime__react,anime__react,neutro,1.0,bleedPurple
1:13:21,4401,gustavo011111111,gustavo011111111,neutro,1.0,lago
1:13:22,4402,pskaren,pskaren,neutro,1.0,F
1:13:22,4402,lara_bento,Lara_bento,neutro,1.0,"É a idade, baka."
1:13:23,4403,krupp_0,krupp_0,neutro,1.0,EITA
1:13:23,4403,l_noriuki,l_noriuki,neutro,1.0,"come e seja feliz baka, ser gordo é ser feliz"
1:13:23,4403,licht_zayy,licht_zayy,neutro,1.0,F
1:13:25,4405,mun1zvictor,Mun1zVictor,neutro,1.0,Casimiro do Japão
1:13:25,4405,luis_6253,luis_6253,neutro,1.0,F
1:13:26,4406,deyvisonmoraes,DeyvisonMoraes,neutro,1.0,"Agora tem mais pra apertar, pensa por esse lado."
1:13:26,4406,duckn_00,duckn_00,engraçado,1.0,F kkkkkkkkk
1:13:26,4406,kyry7i,kyry7i,neutro,1.0,Vira vegano
1:13:27,4407,dmelosh,dmelosh,neutro,1.0,F
1:13:28,4408,va11w,va11w,engraçado,1.0,Kkkkkkkkk
1:13:28,4408,peix3manso,peix3manso,neutro,1.0,é...
1:13:29,4409,ur4fa,ur4fa,neutro,1.0,Evita Dog
1:13:29,4409,egirldocivic,egirldocivic,positivo,1.0,"tamo tropeçando, opa"
1:13:29,4409,styxagapii,styxagapii,neutro,1.0,Tá proporcional com o cérebro
1:13:29,4409,bakalovers,bakalovers,positivo,0.5,Cheer1 tô falando que vc tá redondo faz 1 ano
1:13:29,4409,x1rapha,x1rapha,positivo,1.0,Salve braga
1:13:30,4410,guilhermesl45,guilhermesl45,engraçado,1.0,Não dá kkkkk
1:13:31,4411,4shenkk,4shenkk,neutro,1.0,NEM ENTROU E JA TOMOU GFAP
1:13:34,4414,bakehikari,bakehikari,neutro,1.0,"Porra Baka, não faz esse tipo de coisa"
1:13:34,4414,osvaldo_kk,Osvaldo_kk,engraçado,1.0,"deve ta milionario, pra ta comendo desse tanto"
1:13:35,4415,lostcaco,LostCaco,neutro,1.0,dps q casou já era
1:13:36,4416,haykkj,Haykkj,neutro,1.0,Porra baka não faz esse tipo de coisa
1:13:36,4416,sir_wonka0,sir_wonka0,positivo,1.0,Ta foda
1:13:36,4416,kthyosu,kthyosu,neutro,1.0,fica na rua desgracado
1:13:42,4422,licht_zayy,licht_zayy,neutro,1.0,As lojas estão anti live agr
1:13:44,4424,florezzs2,florezzs2,engraçado,1.0,Kkkkkk
1:13:45,4425,marryros098,marryros098,neutro,1.0,Desgraça não pode pisar nas lojas aaaa
1:13:47,4427,sir_wonka0,sir_wonka0,confuso,1.0,Tão querendo te censurar
1:13:50,4430,veein__,Veein__,neutro,1.0,"tbm to gordo, 100kg, nunca fiquei tão gordo, mas tem muito musculo tbm, to no shape Shrek"
1:13:52,4432,nyd_sanryn,Nyd_Sanryn,confuso,1.0,Ja deu surra hoje?
1:13:55,4435,pskaren,pskaren,neutro,1.0,fica na sua casa (a rua)
1:13:55,4435,kotori212,kotori212,engraçado,0.5,cade o cara da caricatura?
1:13:56,4436,natanzinb27,natanzinb27,neutro,1.0,Ataque do Alexandre de Moraes
1:13:57,4437,arki_core1,arki_core1,neutro,1.0,akakaakakaka
1:13:58,4438,duckn_00,duckn_00,engraçado,0.667,o governo te bloqueando de entrar nos lugares kkkkkkkkkk
1:14:00,4440,vinnyfborg,vinnyfborg,confuso,1.0,Qual operadora se tá usando?
1:14:02,4442,l_noriuki,l_noriuki,neutro,1.0,furo os baloes e fala q é pegadinha
1:14:04,4444,wesleyp2p,wesleyp2p,positivo,1.0,Tá foda live em ambiente fechado em
1:14:07,4447,deyvisonmoraes,DeyvisonMoraes,engraçado,1.0,brigado
1:14:11,4451,bakalovers,bakalovers,positivo,0.5,Cheer1 como ngm avisa? Chat tá avisando fazb2 anos que vc tá arredondando
1:14:14,4454,wesleyp2p,wesleyp2p,neutro,1.0,Fico a vontade sim moça
1:14:15,4455,lc_felipe,lc_felipe,confuso,1.0,pq ta cheio de brasileiro ai?
1:14:15,4455,deyvisonmoraes,DeyvisonMoraes,neutro,1.0,Vai mundo chover
1:14:16,4456,4shenkk,4shenkk,confuso,1.0,LIVE EM CASA OU NADA HAVER?
1:14:20,4460,deyvisonmoraes,DeyvisonMoraes,neutro,1.0,Da pra sentir pelo ar
1:14:22,4462,mrdarkku,mrdarkku,neutro,1.0,aqui tá caindo o sol apenas
1:14:25,4465,kmele0nn,kmele0nn,neutro,1.0,vai no maid cafe ai baka
1:14:26,4466,lubamemo_,lubamemo_,neutro,1.0,EU TAVA MUTADO VEI MOSQUEI
1:14:27,4467,king2mc,king2mc,neutro,1.0,uma chuvinha vai pegar o Baka
1:14:34,4474,gir4ldi,gir4ldi,neutro,1.0,entra num prédio aí e vai subindo até onde conseguir
1:14:41,4481,euprocopio,euProcopio,neutro,1.0,mds ta parecendo o bras
1:14:41,4481,micalevisk,micalevisk,neutro,1.0,sei q é SP pq tem mt gente feia
1:14:45,4485,duckn_00,duckn_00,engraçado,1.0,"é São Paulo né, cuva, frio e calor no msm dia"
1:14:45,4485,marcelooopjl,marcelooopjl,neutro,1.0,"Eu não tava nessa hora, tem como voltar lá"
1:14:46,4486,wesleyp2p,wesleyp2p,neutro,1.0,@lc_felipe É porque ele tá na Angola
1:14:46,4486,beyond_desolation2,Beyond_Desolation2,engraçado,1.0,kkkkkk
1:14:47,4487,guilhermesl45,guilhermesl45,engraçado,1.0,Kkkkkkkkk
1:14:48,4488,deyvisonmoraes,DeyvisonMoraes,engraçado,1.0,kkkkkkkkkkk
1:14:55,4495,yokann_,Yokann_,neutro,1.0,pra um domingo tá vazio
1:14:57,4497,sir_wonka0,sir_wonka0,neutro,1.0,Só tchutchuca
1:14:58,4498,l_noriuki,l_noriuki,neutro,1.0,quase 5 da tarde
1:15:08,4508,luizfelipe_bat,luizfelipe_bat,neutro,1.0,cedo
1:15:15,4515,guilhermesl45,guilhermesl45,positivo,1.0,Vamos que vamos ne
1:15:19,4519,pitterg4,PitterG4,neutro,1.0,acabando essa feira pra começar a segunda amanha
1:15:19,4519,fatalisfps,fatalisFps,confuso,1.0,alguém já veio falar com o baka chat?
1:15:22,4522,veein__,Veein__,neutro,1.0,O Baka finalmente achou aonde troca a dublagem no menu
1:15:24,4524,oriioon_,oriioon_,confuso,1.0,Isso é em Osaka?
1:15:25,4525,gir4ldi,gir4ldi,engraçado,1.0,sorteia um seguidor pra sair de briga na faca
1:15:28,4528,styxagapii,styxagapii,neutro,1.0,Naaooooo
1:15:29,4529,l_noriuki,l_noriuki,confuso,1.0,q bairro de tokyo é esse?
1:15:35,4535,vinsttv_,vinsttv_,confuso,1.0,esse povo nao trabalha nao? pq tem tanta gente na rua?
1:15:36,4536,sir_wonka0,sir_wonka0,negativo,1.0,@fatalisFps Ele flopo
1:15:40,4540,newpape,newpape,neutro,1.0,São Paulo não tem vida
1:15:45,4545,lc_felipe,lc_felipe,engraçado,1.0,@l_noriuki o pior de todos
1:15:48,4548,styxagapii,styxagapii,neutro,1.0,@vinsttv_ Domingo pai
1:15:55,4555,ablsmo,ABlSMO,confuso,1.0,@vinsttv_ domingo? O_o
1:15:58,4558,4shenkk,4shenkk,neutro,1.0,AI MEUDEUS
1:16:00,4560,4shenkk,4shenkk,neutro,1.0,QUASE FUUI
1:16:00,4560,deyvisonmoraes,DeyvisonMoraes,neutro,1.0,oloco
1:16:04,4564,guilhermesl45,guilhermesl45,neutro,1.0,Vomitei
1:16:09,4569,fibbs,フィブス,engraçado,1.0,LUL
1:16:09,4569,beyond_desolation2,Beyond_Desolation2,engraçado,1.0,kkkkkk
1:16:11,4571,beicola_1,beicola_1,neutro,1.0,@vinsttv_ domingo
1:16:13,4573,joaoreisojisan,JoaoReisOjisan,confuso,1.0,"corôi, vai descer a Galvão Bueno de novo?"
1:16:14,4574,luizfelipe_bat,luizfelipe_bat,neutro,1.0,meusxaovotãocjeios
1:16:14,4574,marryros098,marryros098,neutro,1.0,Aqui no RS ja veio um temporal
1:16:15,4575,hoatsu,Hoatsu,engraçado,1.0,kkkkkkk
1:16:16,4576,ablsmo,ABlSMO,neutro,1.0,to entendendo os npc falando :(
1:16:17,4577,dlemonster,DlEmonster,neutro,1.0,Deus nos abandonou
1:16:17,4577,4shenkk,4shenkk,engraçado,0.667,GATOZORO FODASEKKKKKKKKKKKKK
1:16:18,4578,giorootz,giorootz,negativo,0.5,"mano, oq mais tem agora é banner de IA, muito feio"
1:16:18,4578,guilhermesl45,guilhermesl45,neutro,1.0,Gato zoro
1:16:19,4579,fatalisfps,fatalisFps,engraçado,1.0,@sir_wonka0 kkkkkkkkk
1:16:19,4579,euprocopio,euProcopio,engraçado,1.0,kkkkkkkkkkkkkkkk
1:16:20,4580,deyvisonmoraes,DeyvisonMoraes,neutro,1.0,verdade
1:16:20,4580,kthyosu,kthyosu,engraçado,1.0,KKKKKKKKK
1:16:22,4582,passarobllue,passarobllue,neutro,1.0,AKAPAKAOAKAPAKAPALAPAK
1:16:23,4583,yokann_,Yokann_,engraçado,0.667,muito feio kkkkk
1:16:23,4583,stilvox,Stilvox,neutro,1.0,Caught
1:16:23,4583,euprocopio,euProcopio,neutro,1.0,a olhadinha
1:16:24,4584,egirldocivic,egirldocivic,engraçado,1.0,eu queria tb vei
1:16:25,4585,digo_94,Digo_94,engraçado,1.0,kkkkkkkkkkkkkkkkkkkkkkk
1:16:25,4585,l_noriuki,l_noriuki,confuso,1.0,tudo igual sabe o q é? MUIE
1:16:25,4585,kyry7i,kyry7i,engraçado,1.0,Kkkkk
1:16:25,4585,pskaren,pskaren,engraçado,1.0,kkkkkkkkk
1:16:26,4586,kotori212,kotori212,engraçado,1.0,kkkkkkkkkk
1:16:26,4586,deyvisonmoraes,DeyvisonMoraes,neutro,1.0,Tudo igual é sacanagem
1:16:26,4586,kodarke,kodarke,engraçado,1.0,KKKKKKKKKKKKKKKKKKKKKKKKK
1:16:27,4587,digo_94,Digo_94,neutro,1.0,SEGUE
1:16:27,4587,egirldocivic,egirldocivic,neutro,1.0,volta lá
1:16:28,4588,sir_wonka0,sir_wonka0,neutro,1.0,Zoro perdido dnv
1:16:28,4588,oriioon_,oriioon_,engraçado,1.0,Foi spotado kkkkkkkkk
1:16:30,4590,egirldocivic,egirldocivic,engraçado,1.0,kkkkkkkkkkkkkkkkkkkkkkkkkkkkk
1:16:30,4590,deyvisonmoraes,DeyvisonMoraes,engraçado,1.0,kkkkkkkkkkkkkkkk
1:16:30,4590,wekys,Wekys,confuso,1.0,porra mais nao tava no japao?
1:16:33,4593,veein__,Veein__,engraçado,1.0,Volta lá kkkkkkkkkk
1:16:33,4593,pulchram12,pulchram12,engraçado,1.0,kkkkkkkkk
1:16:33,4593,4shenkk,4shenkk,neutro,1.0,OAUISDIAUSHDIUADIUHASD
1:16:34,4594,licht_zayy,licht_zayy,engraçado,1.0,O cara percebendo tlgkskksskkskkk
1:16:36,4596,celichippuzu,CeliChippuzu,engraçado,1.0,KKKKKKKKKKKKKKKKK
1:16:36,4596,passarobllue,passarobllue,neutro,1.0,Ate ferve o sangue de vergonha
1:16:36,4596,levini01,LeVini01,engraçado,1.0,kkkkkkkkkkkkkkkkk
1:16:38,4598,kodarke,kodarke,neutro,1.0,Ele dando uma olhadinha
1:16:39,4599,sir_wonka0,sir_wonka0,neutro,1.0,Kakakakakakaka
1:16:39,4599,deyvisonmoraes,DeyvisonMoraes,engraçado,1.0,Agora perdemos a história
1:16:40,4600,jettasz,jettasz,neutro,1.0,papo de alto nivel ali
1:16:48,4608,arki_core1,arki_core1,neutro,1.0,kakaakakaka
1:16:50,4610,florezzs2,florezzs2,neutro,1.0,Volta lá pô
1:16:50,4610,pskaren,pskaren,engraçado,1.0,kkkkkkkkkkkkk a olhadinha foi fd
1:16:51,4611,fatalisfps,fatalisFps,neutro,1.0,altas reflexões
1:16:53,4613,styxagapii,styxagapii,neutro,1.0,Zorogastro
1:16:55,4615,lara_bento,Lara_bento,neutro,1.0,"Volta lá, quero saber"
1:16:57,4617,pitterg4,PitterG4,neutro,1.0,@Wekys sempre foi tudo mentira
1:17:00,4620,el_v1nny,el_v1nny,neutro,1.0,Pão torradinho lore
1:17:06,4626,aizenr6ss,aizenr6ss,engraçado,1.0,é isso kkkkkkkkkkkkkk
1:17:12,4632,veein__,Veein__,neutro,1.0,"prefiro o pão no ponto, nem branco e nem torrado"
1:17:12,4632,vinnyfborg,vinnyfborg,neutro,1.0,Vish oh o Rapa
1:17:18,4638,karasu2024,karasu2024,positivo,1.0,Cheer1 Cheer1 Cheer1
1:17:18,4638,guilhermesl45,guilhermesl45,neutro,1.0,DinoDance
1:17:18,4638,styxagapii,styxagapii,neutro,1.0,Cafunga carequinha
1:17:22,4642,kotori212,kotori212,neutro,1.0,os chineses ali
1:17:23,4643,passarobllue,passarobllue,neutro,1.0,Voce tem que entrosar mais com o povo da rua agora q a live é no brasil baka
1:17:26,4646,inutilmentesendoeu,inutilmentesendoeu,confuso,1.0,Voltou pra Brasólia ?
1:17:28,4648,satesagatha,satesagatha,neutro,1.0,Era pra ser Japão e tá tocando pagode
1:17:30,4650,rpcguimaraes,rpcguimaraes,neutro,1.0,tem bastante pai e filho de mão dada ai né
1:17:32,4652,l_noriuki,l_noriuki,neutro,1.0,só fumaça
1:17:35,4655,guilhermesl45,guilhermesl45,neutro,1.0,Não tá
1:17:38,4658,italoooowd,italoooowd,neutro,1.0,Bangaram
1:17:41,4661,raparigadoassude,raparigadoassude,neutro,1.0,pagode japonês
1:17:49,4669,guilhermesl45,guilhermesl45,neutro,1.0,Só poluição
1:17:51,4671,deyvisonmoraes,DeyvisonMoraes,engraçado,1.0,kkkkkkkkk xD
1:17:52,4672,nniby,nniby,positivo,1.0,uahsuhs adorei
1:18:00,4680,arki_core1,arki_core1,engraçado,1.0,eu tenho uma foto exatamente aí kkk
1:18:03,4683,kotori212,kotori212,neutro,1.0,nightcity que fala ne
1:18:07,4687,vinnyfborg,vinnyfborg,neutro,1.0,A liberdade é extensão da 25 de março agora.
1:18:09,4689,florezzs2,florezzs2,neutro,1.0,"É BR, os cara não entende"
1:18:09,4689,stilvox,Stilvox,neutro,1.0,👀
1:18:18,4698,ablsmo,ABlSMO,neutro,1.0,surskZoio
1:18:19,4699,deyvisonmoraes,DeyvisonMoraes,neutro,1.0,q
1:18:21,4701,marcelooopjl,marcelooopjl,neutro,1.0,Pprt
1:18:22,4702,l_noriuki,l_noriuki,neutro,1.0,morreu mas passa bem
1:18:23,4703,inutilmentesendoeu,inutilmentesendoeu,confuso,1.0,Que ?
1:18:23,4703,nniby,nniby,neutro,1.0,vish
1:18:23,4703,guilhermesl45,guilhermesl45,neutro,1.0,Ótima Live 8/10
1:18:24,4704,4shenkk,4shenkk,neutro,1.0,MORREUI MAS VOLTOU
1:18:24,4704,b3el_streaming,b3el_streaming,neutro,1.0,foi tarde
1:18:29,4709,deyvisonmoraes,DeyvisonMoraes,neutro,1.0,elisIsee
1:18:32,4712,kthyosu,kthyosu,engraçado,1.0,foi la que ele deu o cu pela primeira vez
1:18:33,4713,sovacodecobra1,sovacodecobra1,neutro,1.0,"morreu nao, faleceu"
1:18:35,4715,bibobibe,bibobibe,neutro,1.0,flauta peruana
1:18:36,4716,styxagapii,styxagapii,neutro,1.0,É só um goiano calma
1:18:37,4717,euprocopio,euProcopio,positivo,1.0,pika
1:18:37,4717,stilvox,Stilvox,neutro,1.0,FeelsBadMan
1:18:40,4720,dlemonster,DlEmonster,neutro,1.0,Pulmão de aço
1:18:40,4720,kotori212,kotori212,neutro,1.0,o cara mata onça na mao po
1:18:42,4722,l_noriuki,l_noriuki,neutro,1.0,q flauta desafinada senhooor
1:18:42,4722,nniby,nniby,positivo,1.0,muito bom
1:18:42,4722,4shenkk,4shenkk,neutro,1.0,OS CABA GOSTA DE TOCAR
1:18:45,4725,deyvisonmoraes,DeyvisonMoraes,neutro,1.0,Cara ta dando a vida
1:18:45,4725,pulchram12,pulchram12,engraçado,1.0,sushid17Frita
1:18:48,4728,redwinepie,redwinepie,positivo,1.0,Povo lindo da peste
1:18:48,4728,guilhermesl45,guilhermesl45,neutro,1.0,DinoDance
1:18:49,4729,licht_zayy,licht_zayy,neutro,1.0,Os cara são ia fi
1:18:52,4732,hellsing0123,hellsing0123,engraçado,1.0,tão tocando Octavarium
1:18:53,4733,styxagapii,styxagapii,neutro,1.0,Eu q matei
1:18:54,4734,guii_hyper,guii_hyper,engraçado,1.0,KKKKKKKKKKKKKKKK
1:19:01,4741,satesagatha,satesagatha,neutro,1.0,Tava igual o blue
1:19:05,4745,beyond_desolation2,Beyond_Desolation2,engraçado,1.0,Trilha sonora de um filme Tarantino
1:19:05,4745,thelovershow,TheLoverShow,positivo,1.0,a placona caída foda se
1:19:09,4749,kostzin,KOSTZIN,neutro,1.0,bmw quase sem placa
1:19:09,4749,hoatsu,Hoatsu,confuso,1.0,a placa do cara caindo que nem a live nas lojas
1:19:17,4757,deyvisonmoraes,DeyvisonMoraes,engraçado,1.0,kkkkkkkkkkk
1:19:18,4758,karasu2024,karasu2024,positivo,1.0,Cheer1 Cheer1 Cheer1 Cheer1 Cheer1
1:19:22,4762,styxagapii,styxagapii,neutro,1.0,Contra a chuva
1:19:24,4764,licht_zayy,licht_zayy,neutro,1.0,A placa vale mais que o carro
1:19:24,4764,guilhermesl45,guilhermesl45,neutro,1.0,Tem que pagar US cara
1:19:26,4766,passarobllue,passarobllue,neutro,1.0,O cara em live em SP e nao chega nenhum fã nele
1:19:26,4766,x_anazynha,x_anazynha,neutro,1.0,Cadê as cosplayer
1:19:28,4768,ablsmo,ABlSMO,neutro,1.0,aaaah
1:19:28,4768,deyvisonmoraes,DeyvisonMoraes,neutro,1.0,aaaaaaaa
1:19:29,4769,peix3manso,peix3manso,neutro,1.0,:(
1:19:32,4772,ablsmo,ABlSMO,neutro,1.0,coé
1:19:32,4772,dlemonster,DlEmonster,neutro,1.0,"""Centro limpo"" com a placa mais suja possível"
1:19:33,4773,hoatsu,Hoatsu,neutro,1.0,fecha não D:
1:19:34,4774,kthyosu,kthyosu,neutro,1.0,oguape
1:19:37,4777,kthyosu,kthyosu,neutro,1.0,iguape*
1:19:37,4777,wekys,Wekys,neutro,1.0,carai véi
1:19:38,4778,deyvisonmoraes,DeyvisonMoraes,neutro,1.0,"Não deu nem 2h e ja vai fechar, po"
1:19:38,4778,juju__b4,juju__b4,neutro,1.0,BigSad BigSad
1:19:39,4779,sawdzin,SawdZin,neutro,1.0,deu nem 2 horas
1:19:40,4780,b3el_streaming,b3el_streaming,neutro,1.0,eita krai
1:19:41,4781,nniby,nniby,neutro,1.0,opa
1:19:42,4782,pskaren,pskaren,neutro,1.0,F
1:19:42,4782,licht_zayy,licht_zayy,neutro,1.0,F
1:19:42,4782,euprocopio,euProcopio,neutro,1.0,nossa senhora
1:19:42,4782,raparigadoassude,raparigadoassude,neutro,1.0,F
1:19:43,4783,4shenkk,4shenkk,neutro,1.0,AI FUDEO
1:19:43,4783,karasu2024,karasu2024,positivo,1.0,Cheer1 Cheer1 Cheer1
1:19:44,4784,maikon7501,maikon7501,engraçado,0.667,Baka faz live em SP correndo kkkkkkk
1:19:47,4787,florezzs2,florezzs2,inspirado,0.5,Ué na verdade ele te ajudou
1:19:47,4787,gustavo011111111,gustavo011111111,neutro,1.0,lago4
1:19:48,4788,osvaldo_kk,Osvaldo_kk,neutro,1.0,F
1:19:49,4789,veein__,Veein__,neutro,1.0,Só chegar perto de otaku q da isso
1:19:50,4790,x_anazynha,x_anazynha,neutro,1.0,F
1:19:50,4790,karasu2024,karasu2024,positivo,1.0,Cheer1 Cheer1 Cheer1
1:19:51,4791,skhaa,Skhaa,neutro,1.0,Não consegui ver se era um mano ou uma mina
1:19:52,4792,imatt182,imatt182,neutro,1.0,lisim mané
1:19:52,4792,negowsky,Negowsky,neutro,1.0,f
1:19:53,4793,kotori212,kotori212,neutro,1.0,agora ja era
1:19:53,4793,useroldwine,useroldwine,neutro,1.0,F
1:19:53,4793,duckn_00,duckn_00,neutro,1.0,F
1:19:54,4794,josimar_manutencoes,JOSIMAR_MANUTENCOES,confuso,1.0,área bloqueada
1:19:54,4794,p3dro,p3dro,neutro,1.0,atingiu a gnose
1:19:56,4796,kthyosu,kthyosu,neutro,1.0,F
1:19:57,4797,iksicarius,iksicarius,neutro,1.0,Tu nn é louco de fechar
1:19:59,4799,peix3manso,peix3manso,confuso,1.0,o sinal ta assim pq vai chover sera?
1:19:59,4799,vinnyfborg,vinnyfborg,engraçado,1.0,"Nem precisa entrar nas lojas, só de chegar perto já cai. Kkk"
1:20:00,4800,4shenkk,4shenkk,neutro,1.0,CHEGOU PERTO DO ANIMER E FUDEO COM TUDO
1:20:00,4800,deyvisonmoraes,DeyvisonMoraes,neutro,1.0,elisDespair
1:20:03,4803,nniby,nniby,neutro,1.0,voltou
1:20:04,4804,hoatsu,Hoatsu,neutro,1.0,voltou
1:20:04,4804,pskaren,pskaren,engraçado,1.0,ave mariah carey
1:20:05,4805,deyvisonmoraes,DeyvisonMoraes,positivo,1.0,Voltamo
1:20:08,4808,karasu2024,karasu2024,positivo,1.0,Cheer1
1:20:09,4809,duckn_00,duckn_00,engraçado,1.0,estão boicotando até o fechamento da live kkkkkkkk
1:20:11,4811,l_noriuki,l_noriuki,neutro,1.0,1 live por semestre
1:20:13,4813,marryros098,marryros098,neutro,1.0,Volto
1:20:16,4816,styxagapii,styxagapii,neutro,1.0,F
1:20:16,4816,florezzs2,florezzs2,neutro,1.0,Baka escapou pra outra dimensão de novo
1:20:17,4817,ohlavracvk,ohlavracvk,confuso,1.0,os otaku ta usando algum bloqueador de sinal so pode
1:20:20,4820,luizfelipe_bat,luizfelipe_bat,confuso,1.0,amateur?
1:20:22,4822,licht_zayy,licht_zayy,neutro,1.0,Macacos vos mordam
1:20:22,4822,ayanmelo,ayanmelo,confuso,1.0,"tenta fazer no japão a live, eu acho que para de cair"
1:20:27,4827,kyry7i,kyry7i,confuso,1.0,"kyry7i watched 5 consecutive streams and sparked a watch streak! Baka, por que estou comentando sem nada para comentar?"
1:20:34,4834,kotegawa_san,Kotegawa_san,neutro,1.0,de volta ao bostil
1:20:34,4834,ddingo000,ddingo000,neutro,1.0,Volta pro JP
1:20:37,4837,lukeschutz,LukeSchutz,neutro,1.0,bairro de otaku fedido
1:20:46,4846,thelovershow,TheLoverShow,neutro,1.0,distorcendo a realidade
1:20:47,4847,vinnyfborg,vinnyfborg,engraçado,1.0,Oh o rapa chegando kkk
1:20:50,4850,kotori212,kotori212,neutro,1.0,ta começando a pingar
1:20:50,4850,wekys,Wekys,negativo,0.333,"brasil é feio pa porra né..que triste.., as cidades"
1:20:56,4856,deyvisonmoraes,DeyvisonMoraes,engraçado,1.0,kkkkkkkkk
1:20:58,4858,ablsmo,ABlSMO,neutro,1.0,k
1:21:01,4861,hoatsu,Hoatsu,engraçado,0.6,"como que o baka agr morando no Brasil tem uma internet melhor sendo turista lá no Japão pra fazer live que aqui, slk kkkkkk"
1:21:08,4868,styxagapii,styxagapii,neutro,1.0,Para de fazer viagem astral
1:21:11,4871,styxagapii,styxagapii,neutro,1.0,Voltou
1:21:12,4872,kmele0nn,kmele0nn,neutro,1.0,liberdade ta tipo estacao de shibuya 2 milhoes de pessoas ai
1:21:17,4877,deyvisonmoraes,DeyvisonMoraes,neutro,1.0,Vai muito chover
1:21:20,4880,kikas_xp,kikas_xp,confuso,1.0,Live sem debate sobre as atualizações  do sexo?
1:21:22,4882,lubamemo_,lubamemo_,neutro,1.0,VAI NA VILA OLIMPIA NA RUA DOS PREDIOS HIGHTECHS DE SP
1:21:26,4886,gir4ldi,gir4ldi,neutro,1.0,bate um papo ai com um velho ou mendigo
1:21:29,4889,quarky07,quarky07,engraçado,0.333,O baka no brasil é mais triste pq ele não pode falar altas groselhas sem ninguém entender
1:21:30,4890,orudrigo,orudrigo,neutro,1.0,parece a minha rua
1:21:32,4892,ayanmelo,ayanmelo,confuso,1.0,que bairro da India é esse?
1:21:35,4895,deyvisonmoraes,DeyvisonMoraes,neutro,1.0,"Cara ta a três horas fazendo a dança da chuva, tinha que chover mesmo."
1:21:38,4898,satesagatha,satesagatha,inspirado,1.0,Faz live de mesa
1:21:47,4907,veein__,Veein__,engraçado,0.667,o bom de ser no brasil é poder ouvir a conversa dos outros kkkk
1:21:51,4911,guilhermesl45,guilhermesl45,neutro,1.0,Já tá no 3
1:21:53,4913,4shenkk,4shenkk,neutro,1.0,sexo 3 é safe ainda
1:21:59,4919,lukask028,lukask028,engraçado,1.0,kkkk
1:22:01,4921,deyvisonmoraes,DeyvisonMoraes,neutro,1.0,Oloco
1:22:01,4921,gustavo011111111,gustavo011111111,neutro,1.0,pede um sub
1:22:02,4922,nniby,nniby,engraçado,1.0,já ta longekkk
1:22:02,4922,rafadesa80,rafadesa80,neutro,1.0,Caracaaaaaa
1:22:02,4922,hoatsu,Hoatsu,neutro,1.0,oloco
1:22:02,4922,peix3manso,peix3manso,positivo,1.0,olc goat
1:22:02,4922,kodarke,kodarke,neutro,1.0,ator pago
1:22:03,4923,karasu2024,karasu2024,confuso,1.0,Vai votar em quem?
1:22:03,4923,lukeschutz,LukeSchutz,neutro,1.0,FrogWow
1:22:04,4924,vinnyfborg,vinnyfborg,neutro,1.0,"Ou, compra Takoyaki aí na Takoyaki 8"
1:22:04,4924,heartonlyheart,HeartOnlyHeart,neutro,1.0,Fofo
1:22:04,4924,pulchram12,pulchram12,neutro,1.0,KRLLLL
1:22:06,4926,fatalisfps,fatalisFps,neutro,1.0,God
1:22:06,4926,styxagapii,styxagapii,neutro,1.0,Tomara
1:22:06,4926,4shenkk,4shenkk,neutro,1.0,CARALHOOOOOOOW
1:22:07,4927,luizfelipe_bat,luizfelipe_bat,confuso,1.0,vem amateur ou pro?
1:22:08,4928,maikon7501,maikon7501,engraçado,1.0,Kkkk
1:22:08,4928,vinnyfborg,vinnyfborg,engraçado,1.0,Kkkk
1:22:08,4928,a_palavra_cabalistica_eh,凹凸凹凸凹凸凹凸凹凸凹,neutro,1.0,tava demorando tsc tsc
1:22:08,4928,deyvisonmoraes,DeyvisonMoraes,neutro,1.0,Ai é legal
1:22:09,4929,marie_bsts,Marie_Bsts,neutro,1.0,oloko
1:22:09,4929,nunes013,nunes013,neutro,1.0,O filosofo de osaka reborn
1:22:10,4930,pskaren,pskaren,neutro,1.0,Oloco
1:22:11,4931,orudrigo,orudrigo,neutro,1.0,combinado
1:22:11,4931,l_noriuki,l_noriuki,neutro,1.0,gank ao vivo
1:22:13,4933,hoatsu,Hoatsu,neutro,1.0,que massa
1:22:14,4934,rafadesa80,rafadesa80,neutro,1.0,Aí sim mano
1:22:14,4934,raparigadoassude,raparigadoassude,neutro,1.0,ó
1:22:14,4934,nniby,nniby,neutro,1.0,oi davi
1:22:15,4935,tiaoagiota,TiaoAgiota,confuso,1.0,Teu irmão? Igualzim
1:22:15,4935,trickyzter,TrickyzTer,neutro,1.0,q
1:22:16,4936,osvaldo_kk,Osvaldo_kk,neutro,1.0,oloco
1:22:16,4936,euprocopio,euProcopio,neutro,1.0,mds corre
1:22:18,4938,maikon7501,maikon7501,neutro,1.0,Um npc
1:22:18,4938,deyvisonmoraes,DeyvisonMoraes,positivo,1.0,"Nome fácil ainda, coisa boa"
1:22:19,4939,pedrosexo2,pedrosexo2,positivo,1.0,Boa noite!
1:22:19,4939,fatalisfps,fatalisFps,positivo,1.0,Fodaaa
1:22:20,4940,levini01,LeVini01,neutro,1.0,oloco big fâ
1:22:20,4940,imatt182,imatt182,engraçado,1.0,KKKKKKKKKK
1:22:20,4940,bibobibe,bibobibe,neutro,1.0,ator voce nem tem fãs
1:22:21,4941,guilhermesl45,guilhermesl45,neutro,1.0,Na cadeia
1:22:21,4941,caipirinha_2007,caipirinha_2007,neutro,1.0,fanboy
1:22:21,4941,get_rektn1,get_rektn1,neutro,1.0,carandiru
1:22:23,4943,va11w,va11w,neutro,1.0,Ator pago
1:22:24,4944,stilvox,Stilvox,engraçado,1.0,Mora na prisão
1:22:24,4944,natsusekai,NatsuSekai,neutro,1.0,Run
1:22:24,4944,dlemonster,DlEmonster,neutro,1.0,Mora no presídio
1:22:24,4944,4shenkk,4shenkk,positivo,1.0,MUITO FODAAAAA
1:22:24,4944,vinnyfborg,vinnyfborg,engraçado,1.0,Carandiru kkk
1:22:27,4947,rafadesa80,rafadesa80,neutro,1.0,Fala Davizao
1:22:27,4947,mrdarkku,mrdarkku,neutro,1.0,ator pago
1:22:28,4948,danilloflip,danilloflip,neutro,1.0,ator
1:22:28,4948,yokann_,Yokann_,neutro,1.0,mora na cadeia
1:22:29,4949,kthyosu,kthyosu,neutro,1.0,oloco
1:22:30,4950,redwinepie,redwinepie,neutro,1.0,Paid Actor
1:22:30,4950,tiaoagiota,TiaoAgiota,neutro,1.0,Livro vai a 0 agora
1:22:30,4950,guilhi_,Guilhi_,neutro,1.0,rouba ele
1:22:31,4951,botelhokunavara96,botelhoKunavara96,neutro,1.0,O cara todo tímido
1:22:31,4951,pulchram12,pulchram12,neutro,1.0,W DAVI
1:22:32,4952,josimar_manutencoes,JOSIMAR_MANUTENCOES,engraçado,1.0,quest secundária
1:22:34,4954,hoatsu,Hoatsu,engraçado,1.0,LUL
1:22:34,4954,styxagapii,styxagapii,neutro,1.0,Ator
1:22:34,4954,trickyzter,TrickyzTer,neutro,1.0,big fan from carandiru
1:22:34,4954,azariellk,azariellk,neutro,1.0,viewer fiel tem ate o livro
1:22:34,4954,yuriairesb,YuriAiresB,confuso,1.0,O Baka pensando que ele ia puxar um Canela Seca da Bolsa
1:22:35,4955,nniby,nniby,engraçado,1.0,KKKKKKKKKKKK
1:22:36,4956,gir4ldi,gir4ldi,neutro,1.0,ja empurra na rua
1:22:36,4956,rafadesa80,rafadesa80,positivo,1.0,Boa Davi!!!
1:22:37,4957,egirldocivic,egirldocivic,positivo,1.0,salve davi
1:22:37,4957,styxagapii,styxagapii,neutro,1.0,Slk
1:22:38,4958,deyvisonmoraes,DeyvisonMoraes,neutro,1.0,Segura nóis ai
1:22:38,4958,arki_core1,arki_core1,neutro,1.0,oloco
1:22:39,4959,priinty,Priinty,engraçado,1.0,kkkkkkkkk
1:22:39,4959,1mchuck,1mchuck,neutro,1.0,segura bem
1:22:40,4960,egirldocivic,egirldocivic,neutro,1.0,toca a live ai p nois
1:22:41,4961,maikon7501,maikon7501,neutro,1.0,Nao escreva o nome errado
1:22:41,4961,klinenilk,klinenilk,engraçado,1.0,kkkkkk fofo
1:22:42,4962,beatrizcrotti,beatrizcrotti,neutro,1.0,Que fofo
1:22:44,4964,hoatsu,Hoatsu,positivo,1.0,top
1:22:46,4966,vinnyfborg,vinnyfborg,neutro,1.0,Segura ai minha benga....seguro
1:22:46,4966,oriioon_,oriioon_,engraçado,1.0,sai correndo kkkkkkkkk
1:22:46,4966,arilson_kirisaki1018,Arilson_kirisaki1018,confuso,1.0,Alguém rouba ele
1:22:46,4966,4shenkk,4shenkk,neutro,1.0,CAVANHAQUE ATIÇANDO
1:22:47,4967,pulchram12,pulchram12,neutro,1.0,Pagou o cara pra fingir ser fã
1:22:47,4967,gir4ldi,gir4ldi,neutro,1.0,fecha a live
1:22:48,4968,kodarke,kodarke,confuso,1.0,Vai botar seu nome no serasa
1:22:49,4969,styxagapii,styxagapii,neutro,1.0,Caraio
1:22:50,4970,stilvox,Stilvox,neutro,1.0,Desenha uma ...
1:22:50,4970,fatalisfps,fatalisFps,neutro,1.0,fofos
1:22:51,4971,orudrigo,orudrigo,positivo,1.0,mamo os doils
1:22:51,4971,flacoxbt,flacoxbt,engraçado,1.0,LUL
1:22:51,4971,l_noriuki,l_noriuki,neutro,1.0,isso foi fofo mano
1:22:51,4971,kmele0nn,kmele0nn,neutro,1.0,aproveita e pede uma canela de velho
1:22:52,4972,natsusekai,NatsuSekai,neutro,1.0,Cuidado
1:22:56,4976,aminoacido,Aminoacido,neutro,1.0,se ele pega e sai correndo ia ser um baita conteudo
1:22:56,4976,natie_martins,natie_martins,neutro,1.0,Massa
1:22:57,4977,joaoreisojisan,JoaoReisOjisan,neutro,1.0,que bacana! o cara tem uma versão impressa do Mikhail
1:22:57,4977,nniby,nniby,neutro,1.0,UHAUDHAUHD
1:22:58,4978,deyvisonmoraes,DeyvisonMoraes,engraçado,1.0,kkkkkkkkkkkkkkkkkkk
1:22:59,4979,noireco,noireco,neutro,1.0,"Segura bem a gente, Davi"
1:22:59,4979,nunes013,nunes013,neutro,1.0,vai tirar uma moto com sua assinatura
1:22:59,4979,rafadesa80,rafadesa80,neutro,1.0,Que dahora
1:23:00,4980,hang0verx,Hang0verx,neutro,1.0,Baka poo
1:23:00,4980,gustavo011111111,gustavo011111111,neutro,1.0,maluco snipou a live
1:23:00,4980,styxagapii,styxagapii,neutro,1.0,Sendo do coração
1:23:00,4980,4shenkk,4shenkk,engraçado,1.0,KKKKKKKKKKKKKKKK
1:23:01,4981,coolmelado,coolmelado,neutro,1.0,"AUTOGRAFO DO BAKA ""DAVI"""
1:23:01,4981,guilhermesl45,guilhermesl45,engraçado,1.0,Kkkkkkkk
1:23:01,4981,vinnyfborg,vinnyfborg,neutro,1.0,"Já era, levou embora o cel"
1:23:01,4981,peix3manso,peix3manso,neutro,1.0,BAKA ELE TA PASSANDO A MAO NA NOSSA BUNDA
1:23:02,4982,arilson_kirisaki1018,Arilson_kirisaki1018,neutro,1.0,Passem e pegue o cell dele
1:23:02,4982,beyond_desolation2,Beyond_Desolation2,engraçado,1.0,kkkkkkkkk
1:23:04,4984,mrdarkku,mrdarkku,engraçado,1.0,KKKKKKKKK
1:23:04,4984,hang0verx,Hang0verx,neutro,1.0,Baka pop
1:23:04,4984,euprocopio,euProcopio,neutro,1.0,fic nova
1:23:05,4985,giovani6jogadoh,giovani6jogadoh,engraçado,1.0,dedicatória e tudo
1:23:06,4986,rafadesa80,rafadesa80,positivo,1.0,Foda!
1:23:08,4988,lucascampos088,lucascampos088,neutro,1.0,Foto nada
1:23:09,4989,kyry7i,kyry7i,engraçado,1.0,Viu que a escrita é a mesma kkkk
1:23:10,4990,yokann_,Yokann_,neutro,1.0,não é Davi. É Davi mano.
1:23:10,4990,bibobibe,bibobibe,neutro,1.0,davi to caindo
1:23:10,4990,yuriairesb,YuriAiresB,engraçado,1.0,Primeiro autógrafo do Baka
1:23:11,4991,ayanmelo,ayanmelo,confuso,1.0,é o deat note?
1:23:11,4991,4shenkk,4shenkk,neutro,1.0,PARA DE TREMER DAVI FUDIDP
1:23:16,4996,joaoreisojisan,JoaoReisOjisan,neutro,1.0,e agora é uma versão autografada!
1:23:18,4998,orudrigo,orudrigo,neutro,1.0,ta cheirado
1:23:18,4998,rafadesa80,rafadesa80,neutro,1.0,Gente vô chora
1:23:19,4999,veein__,Veein__,engraçado,1.0,@4shenkk kkkkkkkkkkkkkkk
1:23:20,5000,florezzs2,florezzs2,neutro,1.0,Dahora
1:23:20,5000,deyvisonmoraes,DeyvisonMoraes,neutro,1.0,Rabiscando tudo
1:23:22,5002,kkgoji,kkgoji,engraçado,1.0,tá quase kkkkk
1:23:23,5003,orudrigo,orudrigo,engraçado,1.0,kkkkkkkkkkkk
1:23:24,5004,heartonlyheart,HeartOnlyHeart,neutro,1.0,Davi tá nervoso
1:23:28,5008,kodarke,kodarke,neutro,1.0,desenhou um pinto veiudo no livro do cara
1:23:28,5008,dlemonster,DlEmonster,neutro,1.0,"Cara fugiu do carandiru, e ainda vem com a mão na mochila"
1:23:28,5008,gir4ldi,gir4ldi,neutro,1.0,caneta broxou
1:23:29,5009,rpcguimaraes,rpcguimaraes,engraçado,1.0,dá um autografo mas escreve só o nome do cara kkkkk
1:23:33,5013,fatalisfps,fatalisFps,neutro,1.0,calma Davi
1:23:33,5013,guilhermesl45,guilhermesl45,neutro,1.0,Estragou tudo baka
1:23:34,5014,hoatsu,Hoatsu,neutro,1.0,Clap
1:23:35,5015,tuscany0,Tuscany0,neutro,1.0,Nao sabia que o Baka sabia escrever
1:23:36,5016,l_noriuki,l_noriuki,confuso,1.0,ta quase baka? iiihh
1:23:36,5016,nniby,nniby,neutro,1.0,fofos
1:23:36,5016,beyond_desolation2,Beyond_Desolation2,neutro,1.0,5 minutos para escrever 4 letras
1:23:37,5017,kallleu_,kallleu_,neutro,1.0,"mlk ta morrendo, para de tremer"
1:23:37,5017,josimar_manutencoes,JOSIMAR_MANUTENCOES,confuso,1.0,Tá fazendo uma redação?
1:23:38,5018,rafadesa80,rafadesa80,neutro,1.0,Davi ta emocionado
1:23:38,5018,coolmelado,coolmelado,neutro,1.0,Leva a camera Davi!!
1:23:39,5019,a_palavra_cabalistica_eh,凹凸凹凸凹凸凹凸凹凸凹,engraçado,0.667,pqp kkkk
1:23:39,5019,mrdarkku,mrdarkku,neutro,1.0,"autografou ""Davi"""
1:23:39,5019,giovani6jogadoh,giovani6jogadoh,neutro,1.0,"o cara é fã mesmo, até tremendo"
1:23:40,5020,yuriairesb,YuriAiresB,neutro,1.0,"""Errei, me empresta um corretivo"""
1:23:40,5020,l_noriuki,l_noriuki,engraçado,1.0,é a primeira vez do baka
1:23:42,5022,marryros098,marryros098,neutro,1.0,Legal Legal 👏🏻👏🏻👏🏻
1:23:42,5022,4shenkk,4shenkk,positivo,1.0,MUITO FODA PARABENS
1:23:43,5023,vibecoder256,vibecoder256,positivo,1.0,Brabo
1:23:43,5023,sir_wonka0,sir_wonka0,neutro,1.0,Fica nervoso n
1:23:44,5024,arilson_kirisaki1018,Arilson_kirisaki1018,neutro,1.0,01
1:23:47,5027,styxagapii,styxagapii,neutro,1.0,Q fofo
1:23:47,5027,peix3manso,peix3manso,neutro,1.0,baka ele passou a mao na bunda do chat :(
1:23:49,5029,jeeh3006,Jeeh3006,neutro,1.0,👏🏻
1:23:49,5029,kyry7i,kyry7i,neutro,1.0,Pixou o livro do mano
1:23:50,5030,aleatoriozinho356,aleatoriozinho356,engraçado,1.0,e o death note como capa do baka so pra enganar kkk
1:23:51,5031,deyvisonmoraes,DeyvisonMoraes,neutro,1.0,Legal demais
1:23:51,5031,beyond_desolation2,Beyond_Desolation2,neutro,1.0,CARALHO
1:23:51,5031,bibobibe,bibobibe,neutro,1.0,que voce esteja que voce goste
1:23:51,5031,ablsmo,ABlSMO,neutro,1.0,nuuuuuuu
1:23:51,5031,gir4ldi,gir4ldi,neutro,1.0,pediu pro streamer escrever
1:23:52,5032,nniby,nniby,neutro,1.0,MDS
1:23:52,5032,aminoacido,Aminoacido,frustrado,1.0,pqp
1:23:52,5032,rapha_lee,rapha_lee,neutro,1.0,CARALHO
1:23:52,5032,samukaplm,SamukaPLM,engraçado,1.0,KKKKKKKKKKK
1:23:53,5033,egirldocivic,egirldocivic,neutro,1.0,AO VIVO
1:23:53,5033,ablsmo,ABlSMO,neutro,1.0,crllllll
1:23:54,5034,maikon7501,maikon7501,engraçado,1.0,Kkkkkkk
1:23:54,5034,danilloflip,danilloflip,confuso,1.0,pagou quanto no ator?
1:23:54,5034,4shenkk,4shenkk,neutro,1.0,CARAÇHOOOOOOOOO
1:23:54,5034,fibbs,フィブス,neutro,1.0,taporra monkaS
1:23:54,5034,caipirinha_2007,caipirinha_2007,neutro,1.0,caralho
1:23:54,5034,ohlavracvk,ohlavracvk,neutro,1.0,oloco o livro agora vale 10 reais a mais :v
1:23:55,5035,kthyosu,kthyosu,engraçado,1.0,KKKKKK
1:23:55,5035,sir_wonka0,sir_wonka0,confuso,1.0,Pago quanto pra ele baka?
1:23:56,5036,kkgoji,kkgoji,engraçado,1.0,KKKKKKKKKK
1:23:56,5036,nniby,nniby,neutro,1.0,cuidado po
1:23:56,5036,deyvisonmoraes,DeyvisonMoraes,neutro,1.0,Quase morreu ainda
1:23:57,5037,orudrigo,orudrigo,neutro,1.0,detah note
1:23:57,5037,marryros098,marryros098,neutro,1.0,👏🏻👏🏻👏🏻👏🏻👏🏻👏🏻👏🏻
1:23:57,5037,pulchram12,pulchram12,engraçado,1.0,Krl kkkkk
1:23:57,5037,kotori212,kotori212,engraçado,1.0,kkkkkkkkkkkkkkkkkkkkkkkkkk
1:23:57,5037,guilhermesl45,guilhermesl45,neutro,1.0,Quase
1:23:57,5037,raparigadoassude,raparigadoassude,engraçado,1.0,kkkkkkkkkkkkkkkkkkkkk
1:23:57,5037,vibecoder256,vibecoder256,engraçado,1.0,Primeira e ultima assinatura
1:23:58,5038,hoatsu,Hoatsu,engraçado,1.0,quase morreu depois do primeiro autografo
1:23:58,5038,quarky07,quarky07,neutro,1.0,Baka quase foi de isekai
1:23:58,5038,coolmelado,coolmelado,neutro,1.0,Nossa velho
1:23:59,5039,sawdzin,SawdZin,neutro,1.0,quase foi de isekai
1:23:59,5039,orudrigo,orudrigo,engraçado,1.0,kkk
1:24:00,5040,beatrizcrotti,beatrizcrotti,engraçado,1.0,KLKLKKKKKKKKKKKK
1:24:00,5040,fatalisfps,fatalisFps,engraçado,0.667,Quase pqp kkkkkkkkkk
1:24:00,5040,4shenkk,4shenkk,neutro,1.0,MLK QUASE MORRRE
1:24:00,5040,deyvisonmoraes,DeyvisonMoraes,neutro,1.0,Muita adrenalina
1:24:00,5040,caipirinha_2007,caipirinha_2007,neutro,1.0,imgina o mico...
1:24:01,5041,botelhokunavara96,botelhoKunavara96,engraçado,1.0,Primeiro e último autógrafo
1:24:01,5041,l_noriuki,l_noriuki,neutro,1.0,QUASE VIRA ISEKAI
1:24:01,5041,marryros098,marryros098,neutro,1.0,Parabéns baka
1:24:02,5042,samukaplm,SamukaPLM,neutro,1.0,ta em SP acorda fi
1:24:05,5045,peix3manso,peix3manso,engraçado,1.0,kkkkkkkkkkkkkkkkkkkkkkk
1:24:05,5045,kodarke,kodarke,neutro,1.0,premonição prac aralho
1:24:05,5045,closethezipper,closethezipper,engraçado,1.0,kkkkkkkkkkkkk
1:24:05,5045,ayoncs,ayonCS,engraçado,1.0,quase foi a primeira vez e a última
1:24:05,5045,bhrenner333,Bhrenner333,engraçado,1.0,KKKKKKK
1:24:06,5046,rafadesa80,rafadesa80,positivo,0.5,Mas é serio o livro do baka é foda
1:24:06,5046,beyond_desolation2,Beyond_Desolation2,engraçado,1.0,kkkkkkkkkkkkkkkkkkkkkkkkkkkk
1:24:06,5046,yokann_,Yokann_,confuso,1.0,tomou dano?
1:24:06,5046,florezzs2,florezzs2,neutro,1.0,Faz um encontro pra autografar os livros
1:24:06,5046,nniby,nniby,engraçado,1.0,KKKKKKKKKKK
1:24:07,5047,satesagatha,satesagatha,neutro,1.0,Streamar da autógrafo e morre
1:24:07,5047,kkgoji,kkgoji,engraçado,1.0,morrer dps do primeiro autografoo
1:24:07,5047,jsa051,jsa051,neutro,1.0,Quase o último autógrafo
1:24:08,5048,nyd_sanryn,Nyd_Sanryn,engraçado,1.0,KJKKKJJJJLkkkkkkkkkkkkkkkkkk primeiro e ultimo autógrafo
1:24:08,5048,kotori212,kotori212,neutro,1.0,O DEATHNOTE
1:24:08,5048,orudrigo,orudrigo,neutro,1.0,ia morrer por um sanfona
1:24:09,5049,elias_resh,elias_resh,neutro,1.0,Krl
1:24:09,5049,ablsmo,ABlSMO,engraçado,1.0,primeiro e ultimo kkkkkkkkkkkkkkkkkkkkk
1:24:09,5049,guilhi_,Guilhi_,engraçado,1.0,caralho kkkkkkk autografou o death note
1:24:09,5049,wiltonsakai,wiltonsakai,neutro,1.0,O Death Note é real!
1:24:10,5050,yuriairesb,YuriAiresB,neutro,1.0,Quse foi de Mihail
1:24:10,5050,fibbs,フィブス,engraçado,1.0,@BakaGaijinLive o livro iria valer mais SeemsGood
1:24:10,5050,passarobllue,passarobllue,neutro,1.0,AKAPAKAPAK
1:24:10,5050,lc_felipe,lc_felipe,neutro,1.0,death note
1:24:11,5051,sir_wonka0,sir_wonka0,neutro,1.0,AKAKKAKAKAKAKAKAKA
1:24:11,5051,kotegawa_san,Kotegawa_san,engraçado,1.0,kkkkkkk krl
1:24:11,5051,noireco,noireco,engraçado,0.667,KKKKKKKK jeito foda de morrer
1:24:12,5052,oriioon_,oriioon_,engraçado,1.0,Ia ser tipo John Lennon kkkkkkkkkkk
1:24:12,5052,pulchram12,pulchram12,engraçado,1.0,mkkkkkkkkkkkkkkkkkkkkk
1:24:13,5053,joaoreisojisan,JoaoReisOjisan,engraçado,1.0,"rsrsrsrsrs... o autógrafo ia passar a valer uma fortuna, se o bumba te amssasse"
1:24:14,5054,felippefarr,felippefarr,neutro,1.0,biblical
1:24:15,5055,dlemonster,DlEmonster,neutro,1.0,Assinou a death note
1:24:15,5055,deyvisonmoraes,DeyvisonMoraes,engraçado,1.0,ja ia valorizar o livro
1:24:15,5055,vibecoder256,vibecoder256,neutro,1.0,300k no livro
1:24:15,5055,imatt182,imatt182,engraçado,1.0,Quase que o autografo do cara valoriza 300%
1:24:15,5055,peix3manso,peix3manso,engraçado,1.0,cara ia ter o livro rarissimo
1:24:16,5056,tuscany0,Tuscany0,neutro,1.0,"""Fan mata idolo"""
1:24:16,5056,4shenkk,4shenkk,neutro,1.0,AUTOGRAFO FATAL
1:24:17,5057,josimar_manutencoes,JOSIMAR_MANUTENCOES,neutro,1.0,assinou a pádina do Death Note
1:24:17,5057,levini01,LeVini01,engraçado,1.0,alanzLUL
1:24:17,5057,bico_de_pato893,bico_de_pato893,neutro,1.0,John lennon gaijin
1:24:18,5058,vinnyfborg,vinnyfborg,confuso,1.0,Kd a live??
1:24:19,5059,manchiester,Manchiester,neutro,1.0,salvou o spawn longe né
1:24:19,5059,tuscany0,Tuscany0,confuso,1.0,Ele tava preso?
1:24:19,5059,kodarke,kodarke,neutro,1.0,Já ia valer pra caralho o livro
1:24:20,5060,orudrigo,orudrigo,engraçado,1.0,tava preso kkkkkkkkk
1:24:21,5061,helidio,helidio,engraçado,1.0,Autografo ia se valorizar
1:24:21,5061,beatrizcrotti,beatrizcrotti,neutro,1.0,KKAKAKAKKAK
1:24:21,5061,gir4ldi,gir4ldi,neutro,1.0,conteúdo resenha
1:24:22,5062,hoatsu,Hoatsu,neutro,1.0,o autografo valendo 1 milhão de reais logo em seguida
1:24:22,5062,ablsmo,ABlSMO,engraçado,1.0,kkkkkkkkkkkkkkkkkkkkkkkkkkk
1:24:27,5067,bitencourtejoao,bitencourtejoao,engraçado,1.0,Baka todo sem jeito e timido pra dar autografo kkkkkk
1:24:28,5068,leromll,leromll,confuso,1.0,nao pagou nem um guarana?
1:24:29,5069,deyvisonmoraes,DeyvisonMoraes,engraçado,1.0,kkkkkkkkkkkkkkkkkkk
1:24:29,5069,niuz_pv,Niuz_pv,neutro,1.0,assinou o death note
1:24:30,5070,kmele0nn,kmele0nn,neutro,1.0,baka genio inventou o cyberpunk
1:24:33,5073,egirldocivic,egirldocivic,neutro,1.0,ia ser a assinatura 1/1 msm
1:24:34,5074,kiritomeiolaindasideia,kiritomeiolaindasideia,engraçado,1.0,Seria engraçado kkkkkk
1:24:34,5074,nniby,nniby,neutro,1.0,XD
1:24:35,5075,hoatsu,Hoatsu,engraçado,1.0,KKKKKKKKKKKKKK
1:24:35,5075,kodarke,kodarke,engraçado,1.0,kkkkkkkkkkkkkkkkkkkkkkkk
1:24:36,5076,jettasz,jettasz,engraçado,1.0,kkkkkkkkkkkkkkkk
1:24:37,5077,vibecoder256,vibecoder256,engraçado,1.0,KKKKKKKKKKKKKKKKKKKKKKK
1:24:37,5077,klinenilk,klinenilk,engraçado,1.0,morre apos o primeiro autógrafo da vida
1:24:37,5077,styxagapii,styxagapii,neutro,1.0,Assinou seu nome no death note
1:24:37,5077,beatrizcrotti,beatrizcrotti,engraçado,1.0,KKklkkkkkklkkk
1:24:38,5078,jeeh3006,Jeeh3006,engraçado,1.0,Kkkkkk
1:24:38,5078,lyntcher,lyntcher,neutro,1.0,skskskkajs
1:24:38,5078,beyond_desolation2,Beyond_Desolation2,engraçado,1.0,kkkkkk
1:24:39,5079,guilhermesl45,guilhermesl45,engraçado,1.0,Kkkkkkkk
1:24:41,5081,samukaplm,SamukaPLM,engraçado,1.0,kkkkkkkkkkkkkkkk
1:24:41,5081,guilhi_,Guilhi_,engraçado,1.0,kkkkkkkkkkkkkkkkkkkkkkk
1:24:41,5081,mrdarkku,mrdarkku,neutro,1.0,a calçada é o Chile
1:24:42,5082,licht_zayy,licht_zayy,neutro,1.0,Jajá aparece o livro autografado em um leilão
1:24:42,5082,rafadesa80,rafadesa80,engraçado,1.0,Já tá tirando o primeiro fã
1:24:42,5082,sir_wonka0,sir_wonka0,neutro,1.0,Acho q foi akakkakaka
1:24:43,5083,marryros098,marryros098,engraçado,1.0,Kkkkkk
1:24:44,5084,levini01,LeVini01,engraçado,1.0,kkkkkkkkkkkkkkkkkkkkk
1:24:45,5085,gatodegoiass,gatodegoiass,neutro,1.0,Droga
1:24:45,5085,hoatsu,Hoatsu,engraçado,0.667,To passando mal aqui pqp kkkkkkkkkk
1:24:46,5086,caipirinha_2007,caipirinha_2007,engraçado,1.0,kkkkk
1:24:46,5086,beyond_desolation2,Beyond_Desolation2,neutro,1.0,Gênio
1:24:47,5087,styxagapii,styxagapii,engraçado,1.0,KKKKKKKKKK
1:24:51,5091,gatodegoiass,gatodegoiass,neutro,1.0,Era pra colocar Eduardo
1:24:52,5092,natantf18,NatanTF18,engraçado,1.0,Seria cinema
1:24:52,5092,bakalovers,bakalovers,positivo,0.5,"Cheer1 cara pediu autorização pro Drauzio Varela, saiu do Carandiru e foi ver o Baka. Esse é o Brasil"
1:24:54,5094,yuriairesb,YuriAiresB,neutro,1.0,Pelo menos ia morrer pra um Articulado e não para um Úber
1:24:55,5095,sir_wonka0,sir_wonka0,neutro,1.0,O cacique la te protegeu
1:24:57,5097,rafadesa80,rafadesa80,confuso,0.667,É uma rua queria o quê????
1:24:58,5098,gatodegoiass,gatodegoiass,neutro,1.0,Agora o death note não vai funcionar
1:25:01,5101,hoatsu,Hoatsu,positivo,0.5,bom demais LUL
1:25:04,5104,kthyosu,kthyosu,positivo,1.0,aí tem um hot dog coreano mó bom
1:25:04,5104,deyvisonmoraes,DeyvisonMoraes,neutro,1.0,Bora comer alguma coisa
1:25:08,5108,deyvisonmoraes,DeyvisonMoraes,neutro,1.0,ui
1:25:08,5108,jeeh3006,Jeeh3006,engraçado,1.0,Kkkkk
1:25:10,5110,lukask028,lukask028,neutro,1.0,vai levar fumo de novo
1:25:10,5110,raparigadoassude,raparigadoassude,neutro,1.0,EITA
1:25:11,5111,lh_t3ller,LH_t3ller,neutro,1.0,opa
1:25:12,5112,arki_core1,arki_core1,neutro,1.0,akakakakakaak
1:25:14,5114,rafadesa80,rafadesa80,neutro,1.0,Mano
1:25:14,5114,orudrigo,orudrigo,engraçado,1.0,SP muito perigoso
1:25:19,5119,licht_zayy,licht_zayy,positivo,1.0,Vai levar outro salve
1:25:22,5122,ybannz_,ybannz_,engraçado,1.0,kkkkkkk volta la
1:25:25,5125,thelovershow,TheLoverShow,confuso,1.0,é aí q tem os Takoyaki?
1:25:25,5125,deyvisonmoraes,DeyvisonMoraes,neutro,1.0,"de vermelho ali era bonita, em"
1:25:28,5128,sir_wonka0,sir_wonka0,neutro,1.0,Akakakakakakakka
1:25:28,5128,wekys,Wekys,neutro,1.0,@BakaGaijinLive abre  a mão paga starlink
1:25:29,5129,passarobllue,passarobllue,neutro,1.0,Oloko conheço essa ruivinha ali
1:25:32,5132,kyry7i,kyry7i,confuso,1.0,Bem comido? 🫣
1:25:38,5138,ayanmelo,ayanmelo,confuso,1.0,oxi
1:25:38,5138,jeanmoreira,jeanmoreira,positivo,1.0,alanzAmor alanzSensual
1:25:38,5138,pulchram12,pulchram12,neutro,1.0,sushid17Cu
1:25:43,5143,sir_wonka0,sir_wonka0,positivo,0.5,Gosta de uma boa comida baka?
1:25:45,5145,guilhermesl45,guilhermesl45,neutro,1.0,É
1:25:47,5147,lc_felipe,lc_felipe,neutro,1.0,beco
1:25:48,5148,yuriairesb,YuriAiresB,confuso,1.0,Por que tem uma Emilia amarela aí?
1:25:50,5150,deyvisonmoraes,DeyvisonMoraes,neutro,1.0,Da pra comer ali
1:25:51,5151,erickhsn,erickhsn,neutro,1.0,aconteceu nada n
1:25:53,5153,erickhsn,erickhsn,neutro,1.0,é os tanso
1:25:53,5153,quarky07,quarky07,neutro,1.0,Definitivamente um dos lugares de todos os tempos
1:25:56,5156,4shenkk,4shenkk,positivo,1.0,VAI TOMAR UM SALVE FI
1:25:56,5156,pulchram12,pulchram12,engraçado,1.0,GayPride
1:26:00,5160,rafadesa80,rafadesa80,positivo,1.0,Não precisa meio amor
1:26:05,5165,gustavo011111111,gustavo011111111,neutro,1.0,que bonito o cabelo laranja
1:26:06,5166,wi1ill,Wi1iLL,neutro,1.0,bora para o RJ CarlSmile
1:26:09,5169,orudrigo,orudrigo,neutro,1.0,"vai ser seguido, cuidado"
1:26:12,5172,styxagapii,styxagapii,neutro,1.0,Vai ser expulso
1:26:12,5172,bakalovers,bakalovers,positivo,1.0,Cheer1 pra isso q dou sub
1:26:19,5179,beyond_desolation2,Beyond_Desolation2,engraçado,1.0,kkkkkkk
1:26:24,5184,4shenkk,4shenkk,engraçado,1.0,KKKKKKKKK
1:26:24,5184,ohlavracvk,ohlavracvk,confuso,1.0,que regiao da India e essa que todo mundo fala portugues ?
1:26:24,5184,joaoreisojisan,JoaoReisOjisan,neutro,1.0,"título de live profético: ""até virar estatística"""
1:26:24,5184,guilhermesl45,guilhermesl45,engraçado,1.0,Kkkkkk
1:26:29,5189,trickyzter,TrickyzTer,neutro,1.0,o minecraft te deu subgift
1:26:29,5189,wesleyp2p,wesleyp2p,engraçado,1.0,KKKKK
1:26:34,5194,nniby,nniby,neutro,1.0,massa
1:26:35,5195,deyvisonmoraes,DeyvisonMoraes,neutro,1.0,elisNom
1:26:39,5199,el_v1nny,el_v1nny,confuso,1.0,Pq q tá preto garaio?
1:26:42,5202,telmobr,TelmoBR,neutro,1.0,i wanan heal i wna feeel
1:26:44,5204,wi1ill,Wi1iLL,engraçado,1.0,@ohlavracvk LUL LUL
1:26:45,5205,kyry7i,kyry7i,neutro,1.0,Nem sei porquê sou sub
1:26:52,5212,styxagapii,styxagapii,neutro,1.0,Mudou
1:26:53,5213,eugabrielalvez,eugabrielalvez,neutro,1.0,"taporra, sp bonita"
1:26:54,5214,stilvox,Stilvox,neutro,1.0,Teleportado ao beco
1:26:55,5215,dmelosh,dmelosh,neutro,1.0,Mudou
1:26:56,5216,mrdarkku,mrdarkku,confuso,1.0,voltou pr ojp?
1:26:57,5217,l_noriuki,l_noriuki,neutro,1.0,"eita, ele se teletransportou"
1:26:57,5217,ohlavracvk,ohlavracvk,neutro,1.0,oxe ele deu tp pro japao
1:26:58,5218,pulchram12,pulchram12,confuso,1.0,Ué
1:26:58,5218,yuriairesb,YuriAiresB,positivo,1.0,Ficamos por aqui
1:26:58,5218,palhaco7,palhaco7,neutro,1.0,I
1:26:59,5219,orudrigo,orudrigo,engraçado,1.0,TP no japaoi kkkkkkkkkkkkkkkk
1:27:00,5220,x_anazynha,x_anazynha,neutro,1.0,Teleportou
1:27:02,5222,hoatsu,Hoatsu,neutro,1.0,a liberdade tá mudada
1:27:03,5223,orudrigo,orudrigo,neutro,1.0,do nadas asuhshauhsuahsahsuahsa
1:27:04,5224,caipirinha_2007,caipirinha_2007,neutro,1.0,japan...
1:27:04,5224,luis_6253,luis_6253,confuso,1.0,Oxi
1:27:04,5224,guilhermesl45,guilhermesl45,neutro,1.0,Não vai voltar mais
1:27:05,5225,bakalovers,bakalovers,positivo,1.0,Cheer1 ele meteu o louco e fechou a live
1:27:05,5225,ddingo000,ddingo000,neutro,1.0,Acabou
1:27:05,5225,dmelosh,dmelosh,neutro,1.0,Ele deu TP
1:27:06,5226,botelhokunavara96,botelhoKunavara96,neutro,1.0,Volto pro Japão
1:27:06,5226,churras_k,churras_k,positivo,1.0,agora ficou bom
1:27:06,5226,rafadesa80,rafadesa80,engraçado,1.0,Celular da xiaoming
1:27:07,5227,licht_zayy,licht_zayy,neutro,1.0,+1 pro IBGE
1:27:07,5227,coolmelado,coolmelado,neutro,1.0,!Clima
1:27:07,5227,lc_felipe,lc_felipe,positivo,1.0,boaa
1:27:08,5228,kotori212,kotori212,neutro,1.0,ue
1:27:08,5228,nightbot,Nightbot,neutro,1.0,Agora em Tokyo tá 72F (22C)
1:27:08,5228,lukask028,lukask028,neutro,1.0,deu tp pro japao
1:27:09,5229,erickhsn,erickhsn,neutro,1.0,"um lugar suave pra fazer live é o itaim, agora só n sei se tem algo la"
1:27:09,5229,deyvisonmoraes,DeyvisonMoraes,neutro,1.0,ó
1:27:09,5229,palhaco7,palhaco7,neutro,1.0,Opa
1:27:10,5230,orudrigo,orudrigo,engraçado,1.0,voltoui kkkkkkk
1:27:10,5230,nniby,nniby,neutro,1.0,pronto
1:27:13,5233,coolmelado,coolmelado,neutro,1.0,!clima
1:27:15,5235,gir4ldi,gir4ldi,engraçado,0.667,KKKKKKKKKKKKK caiu no buraco que atravessa até o japao
1:27:16,5236,orudrigo,orudrigo,engraçado,1.0,to rindo kkkkkkkkkkkkkkkkkkkkkkkkkkkkkkkkk
1:27:16,5236,yuriairesb,YuriAiresB,confuso,1.0,Já pensou o Baka volta a tela e tá no Japão? Cinema
1:27:16,5236,tuscany0,Tuscany0,neutro,1.0,voltou pra 480p
1:27:16,5236,sir_wonka0,sir_wonka0,neutro,1.0,Deu checkpoint no japao
1:27:18,5238,rafadesa80,rafadesa80,neutro,1.0,Tava tão bo
1:27:19,5239,fibbs,フィブス,engraçado,1.0,LUL
1:27:21,5241,a_palavra_cabalistica_eh,凹凸凹凸凹凸凹凸凹凸凹,engraçado,1.0,outro kkkkk
1:27:22,5242,stilvox,Stilvox,neutro,1.0,Voltou no fast travel
1:27:23,5243,styxagapii,styxagapii,neutro,1.0,VEI
1:27:24,5244,r0drin,r0drin,engraçado,1.0,"@erickhsn cê tava moscano, tinha um mto pior aí"
1:27:24,5244,kthyosu,kthyosu,engraçado,1.0,KKKKKKKK
1:27:24,5244,wi1ill,Wi1iLL,neutro,1.0,do submundo para o 1° mundo CarlSmile
1:27:25,5245,josimar_manutencoes,JOSIMAR_MANUTENCOES,engraçado,1.0,kkkkkk
1:27:25,5245,peterdcn,peterdcn,neutro,1.0,WOW
1:27:25,5245,nniby,nniby,engraçado,1.0,KKKKKKKKKKKKK
1:27:25,5245,palhaco7,palhaco7,neutro,1.0,Oloko
1:27:26,5246,lukask028,lukask028,neutro,1.0,ixi
1:27:26,5246,deyvisonmoraes,DeyvisonMoraes,neutro,1.0,Oloco
1:27:26,5246,beyond_desolation2,Beyond_Desolation2,neutro,1.0,OPA
1:27:26,5246,hoatsu,Hoatsu,neutro,1.0,O.o'
1:27:26,5246,kthyosu,kthyosu,neutro,1.0,caraio
1:27:27,5247,bibobibe,bibobibe,neutro,1.0,CARALHO
1:27:27,5247,deyvisonmoraes,DeyvisonMoraes,neutro,1.0,Ao vivo
1:27:28,5248,natie_martins,natie_martins,positivo,1.0,Top!!!!!!
1:27:28,5248,marryros098,marryros098,confuso,1.0,Cara ja faz um ano que o baka ta aqui no BR como o tempo passa rápido
1:27:29,5249,udabliu,udabliu,neutro,1.0,oloko
1:27:29,5249,nunes013,nunes013,neutro,1.0,VAI DENTRO
1:27:29,5249,4shenkk,4shenkk,engraçado,1.0,WTFFFFFFFF
1:27:29,5249,l_noriuki,l_noriuki,positivo,1.0,IIIIHH FAMOSO
1:27:29,5249,imatt182,imatt182,neutro,1.0,Eita
1:27:29,5249,nniby,nniby,neutro,1.0,olha
1:27:29,5249,natsusekai,NatsuSekai,confuso,1.0,OI?
1:27:29,5249,ohlavracvk,ohlavracvk,neutro,1.0,oloco
1:27:30,5250,souzaa_23_,Souzaa_23_,neutro,1.0,olocooooooooo
1:27:30,5250,dmelosh,dmelosh,neutro,1.0,Não! Volta pro Japão
1:27:30,5250,rafadesa80,rafadesa80,neutro,1.0,Tá porra!!!
1:27:30,5250,egirldocivic,egirldocivic,neutro,1.0,arrasouuuuuuuuu
1:27:30,5250,jusnexd,JusneXD,neutro,1.0,pog
1:27:30,5250,samukaplm,SamukaPLM,engraçado,1.0,"@erickhsn lá é só prédio, n vai ter mta coisa pra ele mostrar por lá n"
1:27:30,5250,vibecoder256,vibecoder256,neutro,1.0,PERMUTA
1:27:31,5251,thelovershow,TheLoverShow,neutro,1.0,carai
1:27:31,5251,ceriemma,ceriemma,engraçado,1.0,kkkkkkkkkkk
1:27:31,5251,lastt___,lastt___,neutro,1.0,OLOOOKO
1:27:32,5252,chapixx7,chapixx7,neutro,1.0,ai sim hein
1:27:32,5252,noireco,noireco,neutro,1.0,Óia
1:27:33,5253,sir_wonka0,sir_wonka0,neutro,1.0,NEM FERRANDO
1:27:33,5253,lukask028,lukask028,neutro,1.0,crl
1:27:33,5253,caiopinto120887,caiopinto120887,neutro,1.0,Oloko
1:27:33,5253,skhaa,Skhaa,neutro,1.0,Ganhou na chapa
1:27:33,5253,chapixx7,chapixx7,engraçado,1.0,kkkkkkkkkk
1:27:33,5253,prophano,Prophano,neutro,1.0,Morreu e spawnou no jp
1:27:34,5254,palhaco7,palhaco7,neutro,1.0,Ganhando coisa no @ fi
1:27:34,5254,natsusekai,NatsuSekai,engraçado,1.0,kkkkkkkkkkkkkkk
1:27:34,5254,peix3manso,peix3manso,engraçado,1.0,kkkkkkkkkkkkkkkkkk
1:27:34,5254,coolmelado,coolmelado,positivo,1.0,Come lindo
1:27:34,5254,zahard_ra,zahard_ra,neutro,1.0,oloko
1:27:35,5255,4shenkk,4shenkk,engraçado,1.0,KKKKKKKKKKKKKKKKKKKKK
1:27:35,5255,botelhokunavara96,botelhoKunavara96,engraçado,1.0,Kkkkkkkkkkkkkkkkkkkk
1:27:35,5255,bananils0n_farofa,Bananils0n_farofa,positivo,1.0,Famosinho ele
1:27:35,5255,levini01,LeVini01,neutro,1.0,oloco
1:27:35,5255,heartonlyheart,HeartOnlyHeart,engraçado,1.0,Kkkkkkkkkkkk
1:27:35,5255,erickhsn,erickhsn,neutro,1.0,oloco
1:27:36,5256,mrdarkku,mrdarkku,engraçado,1.0,KKKKKK
1:27:36,5256,styxagapii,styxagapii,neutro,1.0,AEEEEEEE
1:27:37,5257,deyvisonmoraes,DeyvisonMoraes,neutro,1.0,Que legal
1:27:37,5257,duckn_00,duckn_00,engraçado,1.0,do nada kkkkkkkkkkk
1:27:37,5257,pulchram12,pulchram12,confuso,1.0,Ué krai
1:27:37,5257,fatalisfps,fatalisFps,neutro,1.0,que daoraaa
1:27:38,5258,natsusekai,NatsuSekai,neutro,1.0,Caracaaaaaaaaa
1:27:38,5258,orudrigo,orudrigo,neutro,1.0,vai comer de graça
1:27:38,5258,deyvisonmoraes,DeyvisonMoraes,engraçado,1.0,kkkkkkkkkkkkkk
1:27:38,5258,1mchuck,1mchuck,positivo,1.0,FAMOSO
1:27:38,5258,rafadesa80,rafadesa80,neutro,1.0,É hoje hein
1:27:38,5258,lyntcher,lyntcher,positivo,1.0,do nada skdksdks cois aboa
1:27:39,5259,velh666,velh666,neutro,1.0,aaaaaaeeeeeeee
1:27:39,5259,guilhermesl45,guilhermesl45,engraçado,1.0,Kkkkkkkkkk
1:27:39,5259,joaoreisojisan,JoaoReisOjisan,neutro,1.0,uia! recebidos de domingo!
1:27:40,5260,florezzs2,florezzs2,confuso,1.0,Que isso aceita
1:27:40,5260,laswet,LaSwet,neutro,1.0,a fama chegou
1:27:40,5260,levini01,LeVini01,engraçado,1.0,kkkkkkkkkkkkkkkkkkk
1:27:40,5260,wesleyp2p,wesleyp2p,neutro,1.0,Gg
1:27:40,5260,natanzinb27,natanzinb27,neutro,1.0,KAKAKAKAKAKAKAKAKAKAAK
1:27:41,5261,nunes013,nunes013,neutro,1.0,ATORES PAGOS
1:27:42,5262,lh_t3ller,LH_t3ller,neutro,1.0,não po
1:27:43,5263,pedrolimaquitnao,pedrolimaquitnao,neutro,1.0,CARACA
1:27:43,5263,styxagapii,styxagapii,neutro,1.0,Baka neles!!!
1:27:43,5263,vibecoder256,vibecoder256,neutro,1.0,"Nao nao, trabalha nao"
1:27:45,5265,pedrolimaquitnao,pedrolimaquitnao,positivo,1.0,QUE FODA
1:27:46,5266,palhaco7,palhaco7,neutro,1.0,A fama chegou fi
1:27:46,5266,thelovershow,TheLoverShow,engraçado,1.0,rsrsrsrsrs
1:27:46,5266,coolmelado,coolmelado,neutro,1.0,Pode pode....
1:27:47,5267,guuiilhhbr,guuiilhhbr,neutro,1.0,é ele é ele kk
1:27:47,5267,kodarke,kodarke,neutro,1.0,Lá ele
1:27:48,5268,quarky07,quarky07,engraçado,1.0,O cara é figurinha rara
1:27:48,5268,palhaco7,palhaco7,neutro,1.0,Oloko
1:27:49,5269,marie_bsts,Marie_Bsts,engraçado,1.0,kkkkkkkk
1:27:50,5270,hiena2000,hiena2000,positivo,1.0,O cara e famoso n tem como
1:27:50,5270,sir_wonka0,sir_wonka0,neutro,1.0,AEEEEEEE FINALMENTE
1:27:51,5271,peix3manso,peix3manso,neutro,1.0,que bonitinho
1:27:51,5271,gir4ldi,gir4ldi,neutro,1.0,JA ENVENENA
1:27:51,5271,l_noriuki,l_noriuki,neutro,1.0,Q FOFO MANO
1:27:51,5271,ayoncs,ayonCS,neutro,1.0,fofo
1:27:51,5271,orudrigo,orudrigo,neutro,1.0,que fofo
1:27:51,5271,deyvisonmoraes,DeyvisonMoraes,neutro,1.0,AEEEEEEEEEE
1:27:52,5272,hoatsu,Hoatsu,neutro,1.0,humilde
1:27:52,5272,kyry7i,kyry7i,neutro,1.0,0800
1:27:53,5273,jose_lucas249,jose_lucas249,engraçado,1.0,que dahora kkkkk
1:27:53,5273,caralioca,Caralioca,neutro,1.0,side quest
1:27:53,5273,levini01,LeVini01,positivo,1.0,muito famoso nao tem jeito
1:27:54,5274,florezzs2,florezzs2,neutro,1.0,Porra ele é humilde
1:27:54,5274,xxthiagueira,xxthiagueira,neutro,1.0,Eai minha joia
1:27:54,5274,deyvisonmoraes,DeyvisonMoraes,neutro,1.0,bora comer
1:27:55,5275,pulchram12,pulchram12,positivo,1.0,Ganhou de graça só por ser famoso
1:27:55,5275,rafadesa80,rafadesa80,positivo,1.0,Tá famoso heim
1:27:55,5275,gleyds0n13,Gleyds0n13,neutro,1.0,Gg
1:27:56,5276,flacoxbt,flacoxbt,engraçado,1.0,LUL
1:27:56,5276,natsusekai,NatsuSekai,neutro,1.0,HUMILDE
1:27:56,5276,4shenkk,4shenkk,neutro,1.0,iuashdiushdaiudhauishd
1:27:57,5277,palhaco7,palhaco7,neutro,1.0,0800
1:27:57,5277,guilhi_,Guilhi_,neutro,1.0,"CARAI, AI VALE HEON"
1:27:58,5278,lukask028,lukask028,neutro,1.0,oloco
1:27:58,5278,arki_core1,arki_core1,neutro,1.0,que fofo
1:27:58,5278,botelhokunavara96,botelhoKunavara96,neutro,1.0,O cara mó humildade
1:27:59,5279,natie_martins,natie_martins,neutro,1.0,Massa!!!!!!
1:27:59,5279,kptdoido,kptdoido,neutro,1.0,vai ser sequestrado agora
1:27:59,5279,jsa051,jsa051,neutro,1.0,Ganhou uma comida
1:28:00,5280,deyvisonmoraes,DeyvisonMoraes,neutro,1.0,elisNom
1:28:00,5280,yuriairesb,YuriAiresB,engraçado,1.0,Tudo Scriptado
1:28:01,5281,fatalisfps,fatalisFps,neutro,1.0,muito fofos
1:28:01,5281,marryros098,marryros098,positivo,1.0,Famosoooo
1:28:01,5281,beatrizcrotti,beatrizcrotti,engraçado,1.0,LKKLKKKLLKLKK
1:28:01,5281,azariellk,azariellk,neutro,1.0,ja fala q tem 5 milhoes de pessoas na live
1:28:02,5282,vigarioficial,vigarioficial,neutro,1.0,anime full
1:28:02,5282,lara_bento,Lara_bento,neutro,1.0,Oloko
1:28:02,5282,l_noriuki,l_noriuki,neutro,1.0,BAKA N VAI SAIR NUNCA MAIS DE CASA COITADO
1:28:02,5282,rafadesa80,rafadesa80,neutro,1.0,Olha só
1:28:02,5282,natanzinb27,natanzinb27,engraçado,1.0,Se for pequenino 🤣
1:28:03,5283,renatorgal,Renatorgal,neutro,1.0,quest
1:28:03,5283,kthyosu,kthyosu,positivo,1.0,que foda
1:28:05,5285,caiopinto120887,caiopinto120887,positivo,1.0,Uma hora quase morte uma hora tá comendo o vida boa
1:28:05,5285,hoatsu,Hoatsu,positivo,1.0,baka famosasso
1:28:05,5285,licht_zayy,licht_zayy,neutro,1.0,Vai tomando
1:28:06,5286,renatorgal,Renatorgal,neutro,1.0,ad
1:28:06,5286,karanbola,karanbola,positivo,1.0,o cara ta famoso
1:28:06,5286,natantf18,NatanTF18,engraçado,1.0,A fama é outra história
1:28:06,5286,flacoxbt,flacoxbt,neutro,1.0,"Baka comendo em live, vai chover"
1:28:09,5289,bakalovers,bakalovers,positivo,1.0,Cheer1 o cara veio todo tímido. Fofo
1:28:09,5289,tiaoagiota,TiaoAgiota,positivo,0.5,Famoso ?
1:28:10,5290,sir_wonka0,sir_wonka0,positivo,1.0,Agr ele ta todo famosinho
1:28:12,5292,nniby,nniby,neutro,1.0,fofa a moça
1:28:12,5292,rafadesa80,rafadesa80,neutro,1.0,Ganhou comida na faixa
1:28:13,5293,renatorgal,Renatorgal,neutro,1.0,#ad
1:28:13,5293,passarobllue,passarobllue,neutro,1.0,Voce esta de peruca voce nao me engana ruivinha
1:28:15,5295,palhaco7,palhaco7,neutro,1.0,Pagando no @ todo safado
1:28:15,5295,beyond_desolation2,Beyond_Desolation2,engraçado,1.0,SCRIPT
1:28:15,5295,useroldwine,useroldwine,neutro,1.0,Fala dele
1:28:15,5295,omafrazx,oMafrazx,confuso,1.0,é piruca? ou cor do cabelo?
1:28:16,5296,lukask028,lukask028,positivo,0.5,famoso é outra história ne
1:28:16,5296,hiena2000,hiena2000,neutro,1.0,This is live
1:28:17,5297,mateusrangel0,mateusrangel0,neutro,1.0,o cara aceitou quest ao vivo
1:28:17,5297,deyvisonmoraes,DeyvisonMoraes,neutro,1.0,Senta ali do outro lado cara
1:28:17,5297,natsusekai,NatsuSekai,neutro,1.0,Vai o jabar aí pros caras
1:28:18,5298,azariellk,azariellk,neutro,1.0,muito fofo msm
1:28:18,5298,bananils0n_farofa,Bananils0n_farofa,engraçado,1.0,E o conteúdo vai se criando
1:28:19,5299,pulchram12,pulchram12,neutro,1.0,#publi
1:28:19,5299,trickyzter,TrickyzTer,neutro,1.0,f
1:28:19,5299,italoooowd,italoooowd,neutro,1.0,vixe
1:28:20,5300,marryros098,marryros098,positivo,1.0,Cara que legal o cara sendo famoso
1:28:20,5300,nniby,nniby,neutro,1.0,eita
1:28:21,5301,kptdoido,kptdoido,engraçado,1.0,Blogueirinho
1:28:22,5302,beyond_desolation2,Beyond_Desolation2,engraçado,1.0,SCRIPTADO ]
1:28:22,5302,guilhermesl45,guilhermesl45,neutro,1.0,Não trava
1:28:24,5304,deyvisonmoraes,DeyvisonMoraes,neutro,1.0,cara foi sentar do lado
1:28:25,5305,styxagapii,styxagapii,neutro,1.0,F
1:28:25,5305,gustavo011111111,gustavo011111111,neutro,1.0,pede o wifi ai
1:28:26,5306,peix3manso,peix3manso,confuso,1.0,raluca?
1:28:28,5308,duckn_00,duckn_00,neutro,1.0,F explicação
1:28:28,5308,styxagapii,styxagapii,neutro,1.0,Voltou
1:28:29,5309,vibecoder256,vibecoder256,neutro,1.0,show
1:28:33,5313,natsusekai,NatsuSekai,neutro,1.0,Vai comer no arroba
1:28:34,5314,caiopinto120887,caiopinto120887,neutro,1.0,Come gracinha come!
1:28:34,5314,noireco,noireco,confuso,1.0,O cardápio é o doraemon?
1:28:35,5315,mrdarkku,mrdarkku,engraçado,1.0,raluca KKKKKKKK
1:28:36,5316,guuiilhhbr,guuiilhhbr,neutro,1.0,é ele é ele
1:28:36,5316,renatorgal,Renatorgal,neutro,1.0,45 reais
1:28:38,5318,4shenkk,4shenkk,neutro,1.0,SourPls
1:28:38,5318,renatorgal,Renatorgal,neutro,1.0,ta maluco
1:28:40,5320,pulchram12,pulchram12,neutro,1.0,Ele entrou aí pra fazer a publi safado
1:28:42,5322,nniby,nniby,neutro,1.0,X kare
1:28:43,5323,renatorgal,Renatorgal,neutro,1.0,scammado
1:28:47,5327,deyvisonmoraes,DeyvisonMoraes,neutro,1.0,eguinoCatbellydance
1:28:47,5327,4shenkk,4shenkk,neutro,1.0,-50
1:28:49,5329,caipirinha_2007,caipirinha_2007,neutro,1.0,xcare
1:28:50,5330,l_noriuki,l_noriuki,confuso,1.0,tem livepix ?
1:28:51,5331,guilhermesl45,guilhermesl45,neutro,1.0,X kare
1:28:51,5331,rafadesa80,rafadesa80,neutro,1.0,Dahora
1:28:53,5333,skhaa,Skhaa,neutro,1.0,É o nosso reizinho
1:28:54,5334,kuronotw,KuronoTW,confuso,1.0,x-careca?
1:28:56,5336,azariellk,azariellk,neutro,1.0,Ja divulga o lugar ai
1:28:56,5336,botelhokunavara96,botelhoKunavara96,confuso,1.0,O anti social tendo que interagir
1:28:56,5336,karasu2024,karasu2024,neutro,1.0,Nem era a intenção de comer
1:28:57,5337,styxagapii,styxagapii,neutro,1.0,Mds é ele véi é ele ali véi o baka gaijin meu meu idolo
1:28:58,5338,kikas_xp,kikas_xp,engraçado,1.0,botacuri
1:28:58,5338,guuiilhhbr,guuiilhhbr,positivo,1.0,top top
1:28:59,5339,renatorgal,Renatorgal,neutro,1.0,tomou scamm no Brasil
1:28:59,5339,jeeh3006,Jeeh3006,neutro,1.0,<3
1:29:00,5340,kthyosu,kthyosu,neutro,1.0,vai sair obeso
1:29:00,5340,l_noriuki,l_noriuki,confuso,1.0,o baka tem livepix ???
1:29:00,5340,mwm93,Mwm93,confuso,1.0,Ele fingindo que nao é ad combinado
1:29:03,5343,guilhi_,Guilhi_,engraçado,1.0,KKKKKKKKKKKKKKKKK
1:29:05,5345,beyond_desolation2,Beyond_Desolation2,engraçado,1.0,scriptado certeza
1:29:05,5345,lukask028,lukask028,neutro,1.0,merchan
1:29:06,5346,guuiilhhbr,guuiilhhbr,neutro,1.0,cobre a calvise
1:29:07,5347,peix3manso,peix3manso,neutro,1.0,ator
1:29:07,5347,kotori212,kotori212,neutro,1.0,tudo combinado
1:29:08,5348,capvaran,capvaran,engraçado,0.5,"aqui vc tem reconhecimento baka, se viu q carinho?"
1:29:10,5350,licht_zayy,licht_zayy,positivo,1.0,Isso come tudo gostosa ~vegeta Majin boo
1:29:10,5350,marryros098,marryros098,neutro,1.0,Aeee
1:29:11,5351,zahircs,ZahirCS,neutro,1.0,calma lá clark crente
1:29:11,5351,nunes013,nunes013,neutro,1.0,FAZ SURRA DE BUNDA
1:29:12,5352,giowink_o,giowink_o,neutro,1.0,todo nerd ele
1:29:12,5352,fibbs,フィブス,neutro,1.0,é igual o super man CaitThinking
1:29:14,5354,pulchram12,pulchram12,neutro,1.0,Fic 4/10
1:29:14,5354,hoatsu,Hoatsu,engraçado,1.0,o baka todo largado kkkkk
1:29:14,5354,oriioon_,oriioon_,neutro,1.0,Certamente não é o Baka Gaijin
1:29:14,5354,kptdoido,kptdoido,neutro,1.0,Tudo armado
1:29:15,5355,vibecoder256,vibecoder256,confuso,1.0,Trabalha aqui? Nao nao
1:29:15,5355,p3dro,p3dro,confuso,1.0,posso te pega tbm?
1:29:15,5355,souzaa_23_,Souzaa_23_,neutro,1.0,calma ae superman
1:29:15,5355,udabliu,udabliu,neutro,1.0,é o clark quente
1:29:16,5356,rafadesa80,rafadesa80,neutro,1.0,Crack kent
1:29:16,5356,josimar_manutencoes,JOSIMAR_MANUTENCOES,neutro,1.0,tipo superman npe
1:29:18,5358,tuscany0,Tuscany0,neutro,1.0,achei que era o clark kent
1:29:18,5358,kotori212,kotori212,engraçado,0.667,valeu clark kent kkkkkkkkkkkkk
1:29:19,5359,diegooo2026,diegooo2026,neutro,1.0,tem um rosto no seu cabelo
1:29:19,5359,samukaplm,SamukaPLM,engraçado,1.0,kkkkkkkkkkkkkkkkkkkkkkkkkkk
1:29:20,5360,omafrazx,oMafrazx,engraçado,1.0,kkkkkkkkk
1:29:20,5360,nniby,nniby,engraçado,1.0,KKKKKKKK
1:29:20,5360,hoatsu,Hoatsu,engraçado,1.0,LUL
1:29:22,5362,guilhermesl45,guilhermesl45,engraçado,1.0,Divulga o insta deles kkkkk
1:29:22,5362,fatalisfps,fatalisFps,engraçado,1.0,kkkkkkkk
1:29:22,5362,udabliu,udabliu,neutro,1.0,crack quente
1:29:22,5362,deyvisonmoraes,DeyvisonMoraes,engraçado,1.0,kkkkkkkkkkkkkkkkk xD
1:29:24,5364,noireco,noireco,neutro,1.0,alanzPerdi
1:29:27,5367,sir_wonka0,sir_wonka0,neutro,1.0,Akakakakkakaka
1:29:27,5367,whatsapp_comunista,Whatsapp_Comunista,neutro,1.0,calma clark kent
1:29:28,5368,kotori212,kotori212,engraçado,1.0,crack quente kkkkkkk
1:29:28,5368,florezzs2,florezzs2,engraçado,1.0,Kkkkkk
1:29:29,5369,gustavo011111111,gustavo011111111,neutro,1.0,pede a senha do wifi ai
1:29:33,5373,rikiishi_,Rikiishi_,neutro,1.0,paga do @ dog
1:29:33,5373,yuriairesb,YuriAiresB,confuso,1.0,Vai pagar com o quê?
1:29:34,5374,tuscany0,Tuscany0,neutro,1.0,Divulga o Insta
1:29:35,5375,erickhsn,erickhsn,neutro,1.0,ai tira o oculos todo mundo reconhece
1:29:35,5375,hoatsu,Hoatsu,neutro,1.0,vai comer de graça safado
1:29:36,5376,rikiishi_,Rikiishi_,neutro,1.0,no*
1:29:36,5376,hoatsu,Hoatsu,engraçado,1.0,kkkkkkkkkk
1:29:37,5377,botelhokunavara96,botelhoKunavara96,neutro,1.0,Todo desconcertado
1:29:39,5379,styxagapii,styxagapii,neutro,1.0,Clark kent loiro
1:29:39,5379,marryros098,marryros098,confuso,1.0,Baka faz 1 ano que se ta no BR como o tempo passa rápido
1:29:41,5381,guilhi_,Guilhi_,neutro,1.0,"Baka, tenta ficar parado na frente de um puteiro, ve se alguma profissional do sexo 3 é sua fã tbm"
1:29:41,5381,sir_wonka0,sir_wonka0,confuso,1.0,Pq tu ta de óculos msm baka?
1:29:42,5382,hiena2000,hiena2000,neutro,1.0,alanzCego
1:29:42,5382,mumpet_,mumpet_,neutro,1.0,mostra a testa ai
1:29:43,5383,x_anazynha,x_anazynha,neutro,1.0,F
1:29:44,5384,jeeh3006,Jeeh3006,engraçado,1.0,Kkkkk
1:29:44,5384,licht_zayy,licht_zayy,neutro,1.0,F
1:29:44,5384,kkgoji,kkgoji,neutro,1.0,para de zikar
1:29:45,5385,pulchram12,pulchram12,neutro,1.0,Coloca o óculos dnv
1:29:45,5385,mrdarkku,mrdarkku,neutro,1.0,clarque quente
1:29:45,5385,quarky07,quarky07,neutro,1.0,Arruma a senha do wifi
1:29:45,5385,azariellk,azariellk,neutro,1.0,mini f
1:29:46,5386,kptdoido,kptdoido,neutro,1.0,Faz cara séquissi faz
1:29:46,5386,nunes013,nunes013,neutro,1.0,mellzitosReichikita
1:29:46,5386,duckn_00,duckn_00,engraçado,1.0,só falar cara kkkkkkkkk
1:29:46,5386,passarobllue,passarobllue,positivo,1.0,Ai é foda
1:29:46,5386,giovani6jogadoh,giovani6jogadoh,neutro,1.0,"meu Deus, é o super homem"
1:29:47,5387,leromll,leromll,neutro,1.0,vai ganhar mais dez quilos
1:29:47,5387,nniby,nniby,neutro,1.0,voltou
1:29:47,5387,guuiilhhbr,guuiilhhbr,confuso,1.0,vai pagar no @?
1:29:48,5388,gir4ldi,gir4ldi,neutro,1.0,bebe um sucao
1:29:49,5389,vinnyfborg,vinnyfborg,engraçado,1.0,O maluco tá todo sem graça kkk
1:29:50,5390,a_palavra_cabalistica_eh,凹凸凹凸凹凸凹凸凹凸凹,neutro,1.0,já pergunta se ele ta solteiro
1:29:50,5390,deyvisonmoraes,DeyvisonMoraes,neutro,1.0,"Prende na camisa, tipo véio"
1:29:51,5391,heartonlyheart,HeartOnlyHeart,neutro,1.0,E já voltou
1:29:51,5391,florezzs2,florezzs2,neutro,1.0,Relaxa e come de graça
1:29:51,5391,yuriairesb,YuriAiresB,neutro,1.0,Pede o Wi-Fi deles
1:29:52,5392,duckn_00,duckn_00,neutro,1.0,falal mais não
1:29:53,5393,rafadesa80,rafadesa80,neutro,1.0,Aí sim
1:29:53,5393,r0drin,r0drin,neutro,1.0,pede o wi-fi
1:29:54,5394,styxagapii,styxagapii,neutro,1.0,Voltou
1:29:55,5395,caiopinto120887,caiopinto120887,positivo,1.0,Quando o caba é famoso não tem jeito
1:29:55,5395,azariellk,azariellk,neutro,1.0,as vezes da um mini F
1:29:56,5396,hiena2000,hiena2000,confuso,1.0,Vai comprar  o óculos meta?
1:29:57,5397,heisenteller,heisenteller,engraçado,1.0,O cara fala que falou e caiu instantâneamente kkkkkkkk
1:30:00,5400,kallleu_,kallleu_,engraçado,0.333,o cara sai do japao e eu tenho que continuar escutando mandarim
1:30:01,5401,natie_martins,natie_martins,neutro,1.0,SEX
1:30:01,5401,winklesdw,WINKLEsdw,confuso,1.0,IRL do assalto?
1:30:02,5402,passarobllue,passarobllue,neutro,1.0,Nao pode mencionar a live caindo senão cai
1:30:03,5403,dmelosh,dmelosh,neutro,1.0,Lapa de testa
1:30:04,5404,rafadesa80,rafadesa80,neutro,1.0,Ai refletor
1:30:05,5405,zkamykazez,zKAMYKAZEz,neutro,1.0,Cabelinho de EMO
1:30:05,5405,eaivinee,eaivinee,neutro,1.0,"Baka, a gente precisa juntar uma galera pra fazer um encontrão!"
1:30:06,5406,mwm93,Mwm93,neutro,1.0,"Fudeu, tirou o oculos vai começar a formar uma fila ali"
1:30:08,5408,vinnyfborg,vinnyfborg,engraçado,1.0,Eu sei como é ser introvertido Baka kkk
1:30:08,5408,sir_wonka0,sir_wonka0,neutro,1.0,Nosso clark quente brasileiro
1:30:09,5409,heisenteller,heisenteller,neutro,1.0,O cara falou que voltou e caiu instantâneamente
1:30:10,5410,erickhsn,erickhsn,confuso,1.0,quanto é o cm2 de publi na testa?
1:30:10,5410,nniby,nniby,neutro,1.0,efernanJetcat
1:30:11,5411,l_noriuki,l_noriuki,confuso,1.0,o livepix ta ligado??
1:30:12,5412,egirldocivic,egirldocivic,confuso,1.0,"no br, no jp ou no mundo?"
1:30:13,5413,guilhi_,Guilhi_,confuso,1.0,a testa de baixo tbm é grande?
1:30:14,5414,vibecoder256,vibecoder256,neutro,1.0,Cobra pra fazer ad na testa
1:30:16,5416,florezzs2,florezzs2,engraçado,1.0,Kkkkk
1:30:18,5418,evilgelico,evilgelico,neutro,1.0,Justin Bieba
1:30:20,5420,gustavo011111111,gustavo011111111,neutro,1.0,agora já pode falar como o fim das bets te impactou
1:30:21,5421,deyvisonmoraes,DeyvisonMoraes,neutro,1.0,tão pertinho elisIsee
1:30:21,5421,lostcaco,LostCaco,neutro,1.0,a testa entrega o tamanho da solda
1:30:23,5423,guuiilhhbr,guuiilhhbr,engraçado,1.0,kkk
1:30:26,5426,pulchram12,pulchram12,neutro,1.0,#ad
1:30:29,5429,guilhermesl45,guilhermesl45,engraçado,1.0,Kkkkkkkk
1:30:29,5429,styxagapii,styxagapii,engraçado,1.0,KKKKKK
1:30:30,5430,nunes013,nunes013,neutro,1.0,as tia falando cantones ai
1:30:30,5430,4shenkk,4shenkk,engraçado,1.0,kkkkkkkkkkkkkkk
1:30:33,5433,rafadesa80,rafadesa80,neutro,1.0,Noooooosssss
1:30:36,5436,egirldocivic,egirldocivic,neutro,1.0,de bet nao pode mais
1:30:36,5436,vibecoder256,vibecoder256,neutro,1.0,pode nao man
1:30:37,5437,lucazwayne,LucazWayne,confuso,1.0,Vc é o Baka Gaijin?
1:30:39,5439,peix3manso,peix3manso,neutro,1.0,badboy
1:30:40,5440,kikas_xp,kikas_xp,neutro,1.0,tatua brazino ai
1:30:40,5440,coolmelado,coolmelado,neutro,1.0,TESTABET
1:30:42,5442,nniby,nniby,engraçado,1.0,KKKKKK
1:30:43,5443,rafadesa80,rafadesa80,neutro,1.0,Tamanho do outdoor
1:30:44,5444,hoatsu,Hoatsu,engraçado,1.0,vai fazer só pra ser preso agr kkkkkkk
1:30:45,5445,styxagapii,styxagapii,neutro,1.0,Betano em letras garrafais
1:30:46,5446,eaivinee,eaivinee,confuso,1.0,"Cabelo taa embaçado irmão, porq não deixa crescer?"
1:30:48,5448,yuriairesb,YuriAiresB,confuso,1.0,Quanto tu paga de IPTU da Testa?
1:30:49,5449,caipirinha_2007,caipirinha_2007,neutro,1.0,escrever blaze na testa
1:30:53,5453,guuiilhhbr,guuiilhhbr,confuso,1.0,é voce o baka gaijin?
1:30:53,5453,quarky07,quarky07,neutro,1.0,Mas eles nem tão no canto
1:30:54,5454,4shenkk,4shenkk,neutro,1.0,BETESTA
1:30:55,5455,tuscany0,Tuscany0,confuso,1.0,Voce é o BakaGaijinLive?
1:30:57,5457,wi1ill,Wi1iLL,neutro,1.0,agora é analfabet
1:30:58,5458,kallleu_,kallleu_,confuso,1.0,ai atras ?
1:31:03,5463,azariellk,azariellk,neutro,1.0,mostra o cardápio ai amigo
1:31:06,5466,deyvisonmoraes,DeyvisonMoraes,neutro,1.0,Com essa cara de fome ai
1:31:06,5466,dudueyes,DuduEyes,confuso,1.0,oq ta rolando?
1:31:09,5469,licht_zayy,licht_zayy,engraçado,1.0,"Daora o nariz, dá até pra fumar na chuva"
1:31:15,5475,deyvisonmoraes,DeyvisonMoraes,positivo,1.0,"Uia, parece bom"
1:31:15,5475,mrdarkku,mrdarkku,neutro,1.0,agora vai pra 85kg baka
1:31:16,5476,coolmelado,coolmelado,engraçado,1.0,VAI EMBORA SÓ DE MEME BAKA
1:31:18,5478,guilhermesl45,guilhermesl45,engraçado,1.0,Kkkkkkk
1:31:18,5478,kenji_san_97,kenji_san_97,neutro,1.0,Falando cantones ali no canto
1:31:18,5478,nniby,nniby,engraçado,1.0,kkkkkkkk
1:31:19,5479,peix3manso,peix3manso,engraçado,1.0,kkkkkkkkkkkkkkkkk
1:31:19,5479,wood_padeiro,Wood_Padeiro,neutro,1.0,tu ta com mt vergonha
1:31:20,5480,4shenkk,4shenkk,neutro,1.0,iudhiashdihaiusdasd
1:31:21,5481,gir4ldi,gir4ldi,neutro,1.0,mostra a publi
1:31:21,5481,rafadesa80,rafadesa80,neutro,1.0,Mano
1:31:22,5482,raianwz,RaianWZ,confuso,1.0,Não é???
1:31:22,5482,stilvox,Stilvox,positivo,1.0,"Tirando o feijão, parece bom"
1:31:23,5483,marryros098,marryros098,neutro,1.0,👏🏻👏🏻👏🏻👏🏻👏🏻👏🏻
1:31:23,5483,kotori212,kotori212,neutro,1.0,mó cabeção
1:31:24,5484,deyvisonmoraes,DeyvisonMoraes,engraçado,1.0,kkkkkkkkkk
1:31:24,5484,guilhi_,Guilhi_,neutro,1.0,eu acho isso
1:31:24,5484,mumpet_,mumpet_,neutro,1.0,"vem com veneno, escapou da 1° tentativa de morte"
1:31:25,5485,vibecoder256,vibecoder256,engraçado,1.0,kkkkkkkkkkkkkkkkk
1:31:25,5485,ur4fa,ur4fa,confuso,1.0,não é?
1:31:26,5486,udabliu,udabliu,neutro,1.0,nome do camarada sendo jorge
1:31:26,5486,tuscany0,Tuscany0,confuso,1.0,Tem insta?
1:31:27,5487,rafadesa80,rafadesa80,neutro,1.0,Fiquei com fome
1:31:27,5487,guuiilhhbr,guuiilhhbr,confuso,1.0,se nao for o live nao quero
1:31:27,5487,p3dro,p3dro,confuso,1.0,vc q é o live?
1:31:27,5487,kthyosu,kthyosu,neutro,1.0,ta shy
1:31:27,5487,botelhokunavara96,botelhoKunavara96,confuso,1.0,Mas não é nada?
1:31:28,5488,beyond_desolation2,Beyond_Desolation2,confuso,1.0,ué?
1:31:28,5488,kptdoido,kptdoido,confuso,1.0,Massagem dps?
1:31:31,5491,lithiumsoda,lithiumsoda,neutro,1.0,senhor live
1:31:33,5493,tuscany0,Tuscany0,neutro,1.0,Insta deles
1:31:33,5493,deyvisonmoraes,DeyvisonMoraes,neutro,1.0,Deu até fome
1:31:34,5494,bananils0n_farofa,Bananils0n_farofa,neutro,1.0,Bakagaijin da Silva
1:31:35,5495,mwm93,Mwm93,engraçado,1.0,E o roteiro vai se criando
1:31:37,5497,josimar_manutencoes,JOSIMAR_MANUTENCOES,neutro,1.0,BakaGaijinLive-Sama
1:31:37,5497,peix3manso,peix3manso,engraçado,1.0,@mumpet_ kkkkkkkkkkkkkkk
1:31:38,5498,raianwz,RaianWZ,confuso,1.0,Seu sobrenome não é Live?
1:31:40,5500,rafadesa80,rafadesa80,neutro,1.0,O dahoa
1:31:40,5500,bakalovers,bakalovers,positivo,0.5,Cheer1 vc q é o sommelier de becos?
1:31:42,5502,nniby,nniby,neutro,1.0,doremon
1:31:42,5502,lostcaco,LostCaco,confuso,1.0,ganha massagem com final feliz?
1:31:43,5503,kotori212,kotori212,confuso,1.0,vc que éo live?
1:31:44,5504,guilhermesl45,guilhermesl45,neutro,1.0,Cadê o insta
1:31:45,5505,lithiumsoda,lithiumsoda,neutro,1.0,doraemon
1:31:45,5505,guilhi_,Guilhi_,neutro,1.0,Gerson
1:31:47,5507,yuriairesb,YuriAiresB,neutro,1.0,Doraemonj
1:31:47,5507,caiopinto120887,caiopinto120887,neutro,1.0,Marcio
1:31:47,5507,winklesdw,WINKLEsdw,confuso,1.0,Tá na china?
1:31:49,5509,natsusekai,NatsuSekai,neutro,1.0,Gato Félix
1:31:52,5512,hoatsu,Hoatsu,confuso,1.0,vc é o twitch tv BakaGaijinLive? sou seu fã
1:31:54,5514,rafadesa80,rafadesa80,neutro,1.0,É o pichacu
1:31:55,5515,styxagapii,styxagapii,confuso,1.0,Seu sobrenome n é gaijin?
1:31:56,5516,eaivinee,eaivinee,neutro,1.0,"Baka, faz livre jogando no PS5 anseio por este dia!"
1:31:56,5516,azariellk,azariellk,neutro,1.0,doremon doreimon alguma porra mon
1:32:01,5521,bakalovers,bakalovers,positivo,0.5,Cheer1 vc que é o apreciador de calcinhas de máquina?
1:32:05,5525,ohlavracvk,ohlavracvk,positivo,1.0,esse tom de laranja e mt foda
1:32:05,5525,guuiilhhbr,guuiilhhbr,positivo,1.0,lugar top
1:32:06,5526,oriioon_,oriioon_,neutro,1.0,@peix3manso depois que escreveu no Death Note já era
1:32:08,5528,kotori212,kotori212,neutro,1.0,nunca vi tanto japones por metro quadrado
1:32:10,5530,lucazwayne,LucazWayne,neutro,1.0,Pede 1 coconut
1:32:12,5532,deyvisonmoraes,DeyvisonMoraes,neutro,1.0,Legal a barraca deles
1:32:13,5533,nniby,nniby,neutro,1.0,doraemon
1:32:16,5536,gir4ldi,gir4ldi,engraçado,1.0,da um gole nesse sucao de sanguinario aí
1:32:17,5537,p3dro,p3dro,confuso,1.0,sr live?
1:32:18,5538,joaoreisojisan,JoaoReisOjisan,engraçado,1.0,"que doidera... um te reconheçe e não lebrava que já era subscriber, o outro te pede um autógrafo, o bumba quase te leva de arrasta, e agora um rango Live... HUAHUAHUAHUAHUA!"
1:32:22,5542,a_palavra_cabalistica_eh,凹凸凹凸凹凸凹凸凹凸凹,neutro,1.0,pega e já sai sem pagar
1:32:24,5544,rafadesa80,rafadesa80,neutro,1.0,Vazou o nome verdadeiro
1:32:26,5546,azariellk,azariellk,neutro,1.0,pokemon na tv ali
1:32:27,5547,guuiilhhbr,guuiilhhbr,neutro,1.0,quando chamarem BAKAGAIJIN LIVE seu pedido estapronto
1:32:28,5548,winklesdw,WINKLEsdw,engraçado,1.0,Cicatriz daora
1:32:28,5548,beatrizcrotti,beatrizcrotti,confuso,1.0,Vc tem um corte no braço?
1:32:29,5549,deyvisonmoraes,DeyvisonMoraes,neutro,1.0,ui
1:32:29,5549,euma_maria7373,euma_maria7373,positivo,0.5,de tamarindo com aparencia de melancia com gosto de limão
1:32:31,5551,x_anazynha,x_anazynha,neutro,1.0,Tang
1:32:31,5551,ayabusa2,ayabusa2,confuso,1.0,Vai voltar pro Japão?
1:32:32,5552,axiszor,axiszor,neutro,1.0,"Cara, pera aí"
1:32:33,5553,noireco,noireco,neutro,1.0,Ixi
1:32:34,5554,passarobllue,passarobllue,engraçado,1.0,Tamarindo com sabor de maçã
1:32:36,5556,4shenkk,4shenkk,neutro,1.0,COVID 3
1:32:46,5566,lazarus_7z,Lazarus_7z,neutro,1.0,Stare
1:32:47,5567,rafadesa80,rafadesa80,neutro,1.0,Chines maldito te passou covid
1:32:52,5572,mwm93,Mwm93,confuso,1.0,Do you have a coconut orange girl?
1:32:53,5573,mumpet_,mumpet_,neutro,1.0,pede uma pitu
1:32:54,5574,micueimauser,MicueiMauser,neutro,1.0,x soca
1:32:57,5577,bakalovers,bakalovers,positivo,1.0,Cheer1 pede um lanche pra uma das suas namoradas Asiáticas
1:32:57,5577,lubamemo_,lubamemo_,inspirado,1.0,Faz live nos bairros highlife daqui de SP.
1:32:59,5579,guilhi_,Guilhi_,neutro,1.0,COM SAQUE PO
1:32:59,5579,lostcaco,LostCaco,neutro,1.0,Baka pediu melão pra muié
1:33:00,5580,florezzs2,florezzs2,neutro,1.0,Maracujá
1:33:01,5581,zkamykazez,zKAMYKAZEz,engraçado,1.0,Mellão kkkkkkkkkkk
1:33:01,5581,pskaren,pskaren,positivo,0.5,Laranja que parece limão e tem gosto de tamarindo
1:33:02,5582,kotori212,kotori212,neutro,1.0,com saque por favor
1:33:06,5586,guilhermesl45,guilhermesl45,positivo,1.0,Maracujá é melhor
1:33:06,5586,zkamykazez,zKAMYKAZEz,negativo,1.0,ruim d+
1:33:07,5587,mrdarkku,mrdarkku,neutro,1.0,porra de melão baka
1:33:07,5587,4shenkk,4shenkk,positivo,1.0,PEDE UMA CATUABA DA BOA
1:33:08,5588,kthyosu,kthyosu,neutro,1.0,covid 69
1:33:08,5588,joaoreisojisan,JoaoReisOjisan,neutro,1.0,live das emoções intensas
1:33:10,5590,axiszor,axiszor,confuso,1.0,"Quanto tá o preço do sexo, baka?"
1:33:10,5590,rapha_lee,rapha_lee,neutro,1.0,paciente 0
1:33:12,5592,deyvisonmoraes,DeyvisonMoraes,neutro,1.0,elisNom
1:33:12,5592,lucazwayne,LucazWayne,engraçado,1.0,Ao roteiro se criando
1:33:14,5594,yuriairesb,YuriAiresB,neutro,1.0,Vai pedir uma Pepsi de Chocolate
1:33:16,5596,imatt182,imatt182,confuso,1.0,Pode ser o saque sem o suco?
1:33:17,5597,vigarioficial,vigarioficial,neutro,1.0,ela ta tão na sua
1:33:21,5601,yumemorreu,yumemorreu,confuso,1.0,esse demonio já ta no brasil dnv?
1:33:22,5602,styxagapii,styxagapii,inspirado,1.0,Febre do macaco passada com sucesso
1:33:24,5604,marryros098,marryros098,positivo,1.0,"Como é sensação de ser famoso, pedir autógrafo e tal"
1:33:26,5606,florezzs2,florezzs2,neutro,1.0,Melão é mto doce
1:33:29,5609,rafadesa80,rafadesa80,neutro,1.0,Oia
1:33:30,5610,eaivinee,eaivinee,confuso,1.0,"Te no bico do corvo jaa, qual seu último pedido?"
1:33:32,5612,vibecoder256,vibecoder256,neutro,1.0,bonito
1:33:33,5613,4shenkk,4shenkk,neutro,1.0,UIA
1:33:33,5613,bananils0n_farofa,Bananils0n_farofa,neutro,1.0,Pega dele
1:33:33,5613,caipirinha_2007,caipirinha_2007,positivo,1.0,gostoso
1:33:34,5614,stilvox,Stilvox,neutro,1.0,Diliça
1:33:34,5614,beyond_desolation2,Beyond_Desolation2,confuso,1.0,pão de queijo com ketchup?
1:33:35,5615,guilhermesl45,guilhermesl45,neutro,1.0,Hmm
1:33:35,5615,rafadesa80,rafadesa80,neutro,1.0,Fera demais
1:33:35,5615,mrdarkku,mrdarkku,confuso,1.0,é o yamal?
1:33:35,5615,fatalisfps,fatalisFps,neutro,1.0,Eita
1:33:36,5616,imatt182,imatt182,neutro,1.0,Maneiro
1:33:36,5616,deyvisonmoraes,DeyvisonMoraes,neutro,1.0,"Nussa, sempre quis comer isso"
1:33:36,5616,pskaren,pskaren,neutro,1.0,Pede o corote azul da belê belinha
1:33:38,5618,peix3manso,peix3manso,neutro,1.0,sim
1:33:39,5619,kthyosu,kthyosu,neutro,1.0,ta maluco
1:33:41,5621,rafadesa80,rafadesa80,neutro,1.0,Parece
1:33:42,5622,guuiilhhbr,guuiilhhbr,neutro,1.0,kk
1:33:43,5623,4shenkk,4shenkk,neutro,1.0,IXI
1:33:45,5625,tuscany0,Tuscany0,neutro,1.0,takoya com ketchup
1:33:47,5627,trickyzter,TrickyzTer,engraçado,1.0,kkkkkkkkkkkkkkkkkkkkkkkk
1:33:47,5627,winklesdw,WINKLEsdw,neutro,1.0,Eita
1:33:47,5627,rafadesa80,rafadesa80,confuso,1.0,Que isso vei
1:33:48,5628,akeruy87,akeruy87,engraçado,1.0,kkkkkkkkkk
1:33:48,5628,nniby,nniby,engraçado,1.0,só vou em sp para comer takoyaki mesmo kkkk
1:33:55,5635,mwm93,Mwm93,neutro,1.0,Trouxe covid 100% atualizado do Japão
1:33:55,5635,ayabusa2,ayabusa2,engraçado,1.0,Vai ser mensário nessas eleições...parece que era seu passatempos predileto....
1:33:56,5636,lazarus_7z,Lazarus_7z,engraçado,1.0,HAHAHAHAH
1:33:56,5636,rafadesa80,rafadesa80,neutro,1.0,Hmmmm
1:33:57,5637,peix3manso,peix3manso,neutro,1.0,hmmm ti dotosuu
1:33:58,5638,botelhokunavara96,botelhoKunavara96,neutro,1.0,"Letícia estou perto de você, vou te seguir até em casa e lamber seu pé, e você não vai me impedir"
1:33:58,5638,florezzs2,florezzs2,neutro,1.0,Mostra mesmo
1:33:58,5638,p3dro,p3dro,neutro,1.0,bebida whatsapp
1:33:59,5639,deyvisonmoraes,DeyvisonMoraes,neutro,1.0,Cade a comida
1:34:00,5640,vibecoder256,vibecoder256,engraçado,1.0,beberica legal
1:34:00,5640,kotori212,kotori212,neutro,1.0,as bolinhas de baixo do olho é colesterol alto em
1:34:00,5640,kptdoido,kptdoido,neutro,1.0,Cachaça carai
1:34:01,5641,guuiilhhbr,guuiilhhbr,positivo,0.5,é bom?
1:34:02,5642,rafadesa80,rafadesa80,neutro,1.0,Que regredcante
1:34:02,5642,zahircs,ZahirCS,neutro,1.0,totosu
1:34:02,5642,mumpet_,mumpet_,confuso,1.0,vem com cuspida?
1:34:03,5643,x_anazynha,x_anazynha,neutro,1.0,Cachaça
1:34:05,5645,pulchram12,pulchram12,confuso,1.0,Gozo do Hulk?
1:34:05,5645,4shenkk,4shenkk,confuso,1.0,VERDINHO 100% TOXICO
1:34:06,5646,caiopinto120887,caiopinto120887,neutro,1.0,Maluco mastiga o suco
1:34:07,5647,nniby,nniby,neutro,1.0,cade
1:34:07,5647,fatalisfps,fatalisFps,positivo,0.5,é bom?
1:34:08,5648,beyond_desolation2,Beyond_Desolation2,neutro,1.0,cancelado
1:34:09,5649,marryros098,marryros098,positivo,1.0,Bom 👍🏻
1:34:10,5650,guilhermesl45,guilhermesl45,neutro,1.0,Suco do zap
1:34:11,5651,lubamemo_,lubamemo_,neutro,1.0,COLA AQUI NO TERRAÇO MEU PREDIO NA LIVE...
1:34:11,5651,aizenr6ss,aizenr6ss,confuso,1.0,nota?
1:34:13,5653,passarobllue,passarobllue,neutro,1.0,Elogia o suco
1:34:13,5653,caipirinha_2007,caipirinha_2007,engraçado,1.0,eu queria ser essa bebida...
1:34:14,5654,rafadesa80,rafadesa80,positivo,1.0,Foda se as tartaruga
1:34:15,5655,deyvisonmoraes,DeyvisonMoraes,engraçado,1.0,kkkkkkkkkk
1:34:15,5655,euma_maria7373,euma_maria7373,neutro,1.0,achei que o suco whatsapp tinha saido de linha
1:34:15,5655,hoatsu,Hoatsu,engraçado,1.0,kkkkkkkkkkk
1:34:15,5655,fibbs,フィブス,neutro,1.0,faz o review SeemsGood
1:34:16,5656,duckn_00,duckn_00,neutro,1.0,suco whatsapp
1:34:17,5657,erickhsn,erickhsn,positivo,1.0,a melhor parte do canudo é a morte da tartaruga
1:34:19,5659,licht_zayy,licht_zayy,confuso,1.0,Bebendo caldo de xana com cubos de grelo?
1:34:21,5661,kthyosu,kthyosu,neutro,1.0,faz mukbang
1:34:24,5664,p3dro,p3dro,neutro,1.0,whatsapp juice
1:34:27,5667,rafadesa80,rafadesa80,neutro,1.0,Mas é o certo
1:34:28,5668,mwm93,Mwm93,confuso,1.0,Não é vc que é o amante das tartarugas?
1:34:29,5669,deyvisonmoraes,DeyvisonMoraes,confuso,1.0,Mastigar?
1:34:29,5669,beyond_desolation2,Beyond_Desolation2,neutro,1.0,do autismo
1:34:32,5672,styxagapii,styxagapii,neutro,1.0,Eu tbm faço isso
1:34:33,5673,udabliu,udabliu,neutro,1.0,medo de altura aka altismo
1:34:33,5673,lucazwayne,LucazWayne,confuso,1.0,Vc cospe ou engole?
1:34:34,5674,ayanmelo,ayanmelo,confuso,1.0,esse suco é de mijo do Shrek?
1:34:34,5674,deyvisonmoraes,DeyvisonMoraes,neutro,1.0,chique
1:34:34,5674,winklesdw,WINKLEsdw,neutro,1.0,Altissimo
1:34:35,5675,kptdoido,kptdoido,neutro,1.0,Olha a papada do bicho
1:34:39,5679,joaoreisojisan,JoaoReisOjisan,neutro,1.0,eu bebo feijoada
1:34:40,5680,rafadesa80,rafadesa80,neutro,1.0,Estimula a digestão
1:34:42,5682,duckn_00,duckn_00,neutro,1.0,F
1:34:44,5684,styxagapii,styxagapii,positivo,1.0,É pra saborear melhor eu acho
1:34:44,5684,trickyzter,TrickyzTer,neutro,1.0,segura
1:34:46,5686,telmobr,TelmoBR,confuso,1.0,essa é bebeiuda watizapi?
1:34:46,5686,yuriairesb,YuriAiresB,neutro,1.0,"Pare o Baka, ofereça um X-Karê, não desenvolva, itterasshai"
1:34:50,5690,caiopinto120887,caiopinto120887,neutro,1.0,Tecnologia japonesa
1:34:52,5692,guuiilhhbr,guuiilhhbr,engraçado,1.0,kkkkk
1:34:52,5692,eaivinee,eaivinee,neutro,1.0,Caldo de xota com cubos de grelo
1:34:54,5694,ntfd404,ntfd404,confuso,1.0,Vai liberar o vod da live?
1:34:55,5695,hellsing0123,hellsing0123,neutro,1.0,Suco de WhatsApp
1:34:56,5696,beyond_desolation2,Beyond_Desolation2,neutro,1.0,Tá acostumado a morder
1:34:57,5697,vigarioficial,vigarioficial,engraçado,1.0,"brilho no olhar baka, vc é diferenciado mano s2"
1:34:57,5697,kthyosu,kthyosu,neutro,1.0,que ângulo diferenciado
1:35:00,5700,lazarus_7z,Lazarus_7z,neutro,1.0,xdx
1:35:01,5701,florezzs2,florezzs2,neutro,1.0,Mostra o melão
1:35:02,5702,velh666,velh666,neutro,1.0,ta veio hein baka
1:35:03,5703,aizenr6ss,aizenr6ss,engraçado,1.0,kkkkkkkkkkkkkkkkkkkkkkkkkkkk
1:35:04,5704,mwm93,Mwm93,neutro,1.0,O cara gordão e fingindo q não come na rua tudo q ve
1:35:07,5707,a_palavra_cabalistica_eh,凹凸凹凸凹凸凹凸凹凸凹,neutro,1.0,isso ai é simpatia pra vc já era
1:35:08,5708,deyvisonmoraes,DeyvisonMoraes,neutro,1.0,elisIsee
1:35:11,5711,lubamemo_,lubamemo_,neutro,1.0,COLA NOS BAIRROS HIGHLIFE DE SP
1:35:11,5711,lostcaco,LostCaco,neutro,1.0,felicidade de quem bebe suco de melão
1:35:15,5715,rafadesa80,rafadesa80,neutro,1.0,"Cara, o baka é diferenciado"
1:35:15,5715,gir4ldi,gir4ldi,neutro,1.0,pisca 5x aí pra gente ver que não é deepfake
1:35:17,5717,satesagatha,satesagatha,neutro,1.0,O cara fazendo altas poses
1:35:19,5719,licht_zayy,licht_zayy,neutro,1.0,Olhar do anjo caído
1:35:20,5720,guilhermesl45,guilhermesl45,neutro,1.0,Tá com vergonha bagra
1:35:21,5721,daviizica,DaviiZica,neutro,1.0,que asiático diferente
1:35:21,5721,wintermartins,wintermartins,neutro,1.0,Pov dela
1:35:22,5722,erickhsn,erickhsn,neutro,1.0,"um lugar suave pra fazer live é o itaim, agora só n sei se tem algo la"
1:35:24,5724,eaivinee,eaivinee,neutro,1.0,eaivinee watched 3 consecutive streams and sparked a watch streak!
1:35:25,5725,deyvisonmoraes,DeyvisonMoraes,neutro,1.0,Ta até fraco de fome o menino.
1:35:26,5726,lucazwayne,LucazWayne,neutro,1.0,Tá maior gordão em Baka
1:35:27,5727,ayanmelo,ayanmelo,engraçado,1.0,calma ai cara kkkk
1:35:28,5728,pinkdroids,pINKDroids,confuso,1.0,Planos de voltar pro Japil?
1:35:28,5728,yuriairesb,YuriAiresB,neutro,1.0,Suco de Homenzinho
1:35:28,5728,marryros098,marryros098,neutro,1.0,Voltou
1:35:30,5730,styxagapii,styxagapii,neutro,1.0,Olha pra lá baka tá deixando a gnt envergonhado
1:35:30,5730,zrv_s,zrv_s,neutro,1.0,Suco de abacaxota com cubos de grelo
1:35:31,5731,passarobllue,passarobllue,neutro,1.0,Para de me olhar com essa cara de bobo
1:35:32,5732,4shenkk,4shenkk,neutro,1.0,SE CAIR EU CAIIO JUNTO
1:35:40,5740,himajindesuu,himajindesuu,positivo,1.0,coloca o óculos pra melhorar o sabor
1:35:40,5740,wintermartins,wintermartins,confuso,1.0,Tá na Liberdade?
1:35:43,5743,lubamemo_,lubamemo_,neutro,1.0,COLA NA VILA OLIMPIA
1:35:44,5744,igotz,Igotz,confuso,1.0,"Tem a moral de tirar esse bagulho do olho? tá me incomodando. Viajei, foi mal"
1:35:47,5747,caiopinto120887,caiopinto120887,neutro,1.0,Rouba wi-fi ae
1:35:52,5752,tuscany0,Tuscany0,neutro,1.0,"Nao olha pra camera, fico acanhado"
1:35:54,5754,deyvisonmoraes,DeyvisonMoraes,neutro,1.0,elisNom
1:35:55,5755,quarky07,quarky07,neutro,1.0,Itaim paulista
1:35:56,5756,axiszor,axiszor,neutro,1.0,COLA NO BECO DO BATMAN
1:35:56,5756,kptdoido,kptdoido,neutro,1.0,Tira a remalda do olho pra falar comigo
1:35:56,5756,guilhi_,Guilhi_,neutro,1.0,bora em diadema fazer live
1:36:02,5762,euprocopio,euProcopio,confuso,1.0,voce ja foi na republica?
1:36:03,5763,kthyosu,kthyosu,inspirado,1.0,faz live andando em osasco
1:36:04,5764,aizenr6ss,aizenr6ss,neutro,1.0,puxa conversa com o moço da loja ai
1:36:04,5764,deyvisonmoraes,DeyvisonMoraes,neutro,1.0,elisVP
1:36:06,5766,lostcaco,LostCaco,neutro,1.0,remela
1:36:09,5769,pulchram12,pulchram12,confuso,1.0,???
1:36:11,5771,daviizica,DaviiZica,neutro,1.0,NotLikeThis NotLikeThis
1:36:11,5771,beyond_desolation2,Beyond_Desolation2,neutro,1.0,disse ele colocando
1:36:12,5772,mwm93,Mwm93,neutro,1.0,"Sei la, sei não hein, eu sou novo tbm"
1:36:13,5773,guilhermesl45,guilhermesl45,neutro,1.0,Cred9
1:36:13,5773,telmobr,TelmoBR,engraçado,1.0,kkkkkkkkkkkk
1:36:15,5775,vigarioficial,vigarioficial,neutro,1.0,"vem pra baixada santista, santos, sv"
1:36:16,5776,styxagapii,styxagapii,neutro,1.0,Vai pro RJ fazer live em belford roxo
1:36:18,5778,imatt182,imatt182,neutro,1.0,DIsse ele ja botando a mao no olho
1:36:20,5780,gustavo011111111,gustavo011111111,engraçado,1.0,"itaim é zuado, muito empresarial, lugar de burgues"
1:36:20,5780,igotz,Igotz,positivo,1.0,"God demais, vlw!"
1:36:21,5781,rafadesa80,rafadesa80,confuso,1.0,Onde?
1:36:22,5782,4shenkk,4shenkk,neutro,1.0,PORCÃO
1:36:23,5783,kptdoido,kptdoido,neutro,1.0,Vou assoprar
1:36:23,5783,caribids,caribids,neutro,1.0,Kreygasm
1:36:24,5784,axiszor,axiszor,positivo,1.0,"vem pra são vicente, vamo pegar bicho de pé e comer ostra"
1:36:24,5784,licht_zayy,licht_zayy,confuso,1.0,Acabou de acordar?
1:36:25,5785,stilvox,Stilvox,confuso,1.0,Tem olho seco?
1:36:25,5785,lubamemo_,lubamemo_,neutro,1.0,NA VILA OLIMPIA TEM OS PREDIOS MAIS MODERNOS
1:36:25,5785,deyvisonmoraes,DeyvisonMoraes,neutro,1.0,elisLook
1:36:26,5786,lostcaco,LostCaco,confuso,1.0,usa remela pra dar um toque na comida
1:36:28,5788,amndenh,amndenh,neutro,1.0,vai lavar plmdds
1:36:29,5789,akeruy87,akeruy87,neutro,1.0,krl o dedo inteiro
1:36:29,5789,caiopinto120887,caiopinto120887,neutro,1.0,Já era tá com câncer no olho agora
1:36:29,5789,peix3manso,peix3manso,engraçado,1.0,kkkkkkkkkkkkkkkkkkkkkk
1:36:33,5793,kotori212,kotori212,engraçado,1.0,é pq tem menos bacteria
1:36:34,5794,mun1zvictor,Mun1zVictor,neutro,1.0,Pergunta pro cara como ele conheceu seu canal
1:36:34,5794,luis_6253,luis_6253,neutro,1.0,É smegma
1:36:36,5796,mumpet_,mumpet_,neutro,1.0,pov da mina ta sensacional com vc nessa pose de macho alfa
1:36:36,5796,beyond_desolation2,Beyond_Desolation2,neutro,1.0,ixi
1:36:37,5797,igotz,Igotz,positivo,0.5,Tá safe demais agora. Mt obrigado!
1:36:38,5798,peix3manso,peix3manso,engraçado,1.0,meu genio preferido
1:36:38,5798,l_noriuki,l_noriuki,confuso,1.0,por issoq  só coço o cu com o mindinho
1:36:39,5799,bibobibe,bibobibe,positivo,0.5,essa teoria nao embasada é mt foda
1:36:39,5799,deyvisonmoraes,DeyvisonMoraes,neutro,1.0,Faz sentido
1:36:41,5801,ayanmelo,ayanmelo,neutro,1.0,passou 5 virus de otaku no olho
1:36:42,5802,ayabusa2,ayabusa2,inspirado,0.5,No brasil vc continua trabalhando pra empresa que trabalhava no Japão?
1:36:43,5803,gir4ldi,gir4ldi,neutro,1.0,ta uma lambida ai no olho
1:36:43,5803,mrdarkku,mrdarkku,neutro,1.0,eu uso o mindinho pra coçar a solda
1:36:46,5806,erickhsn,erickhsn,neutro,1.0,"pra falar q n tem nada de interessante no itam, tem a casa lá embaixo do prédio do google"
1:36:46,5806,jeffstaz,jeffstaz,neutro,1.0,Eu coço o cu com o meu
1:36:47,5807,beatrizcrotti,beatrizcrotti,confuso,1.0,Vc tem um corte no braço baka?
1:36:49,5809,ma3celoo,ma3celoo,confuso,1.0,ai ta de noite?
1:36:50,5810,yuriairesb,YuriAiresB,engraçado,1.0,"Graças a isso, vai pegar a Gripe 2"
1:36:51,5811,kptdoido,kptdoido,confuso,1.0,Gozaram no seu olho dnv baka?
1:36:53,5813,marryros098,marryros098,engraçado,0.5,Baka se pretende turista pelo Brasil também?
1:36:55,5815,passarobllue,passarobllue,neutro,1.0,Ta com porra seca no olho
1:37:00,5820,l_noriuki,l_noriuki,neutro,1.0,é o golpe do falso fã
1:37:08,5828,stilvox,Stilvox,neutro,1.0,"Conhece não po, ele lê mentes"
1:37:11,5831,guilhermesl45,guilhermesl45,neutro,1.0,Vai ser 300 reais a conta
1:37:12,5832,carolinenaomii,CarolineNaomii,engraçado,1.0,kkkk
1:37:14,5834,erickhsn,erickhsn,neutro,1.0,sim
1:37:15,5835,styxagapii,styxagapii,neutro,1.0,Ele previu seu nome
1:37:15,5835,hoatsu,Hoatsu,neutro,1.0,adoro a expressão natural do baka que sempre parece que vive em bournout e veio pra live após 18h diretas de horas trabalhadas
1:37:17,5837,joaoreisojisan,JoaoReisOjisan,engraçado,1.0,"vendas desse stand triplicando em 3, 2, 1..."
1:37:19,5839,florezzs2,florezzs2,neutro,1.0,Ele só conhece as lives
1:37:19,5839,lubamemo_,lubamemo_,neutro,1.0,NAO PO
1:37:20,5840,deyvisonmoraes,DeyvisonMoraes,neutro,1.0,eguinoCatbellydance
1:37:23,5843,aizenr6ss,aizenr6ss,neutro,1.0,Pergunta a quanto tempo ele acompanha seu canal
1:37:25,5845,caiopinto120887,caiopinto120887,engraçado,1.0,Imagina o cara só aborda os caras aleatório e fds
1:37:26,5846,styxagapii,styxagapii,neutro,1.0,Mas só isso tbm
1:37:26,5846,florezzs2,florezzs2,neutro,1.0,Ele falou baka lives
1:37:27,5847,guilhi_,Guilhi_,engraçado,1.0,tem os farias limers
1:37:28,5848,erickhsn,erickhsn,neutro,1.0,"sim, mas o bairro ali vc n vai ser assaltado"
1:37:37,5857,rafadesa80,rafadesa80,neutro,1.0,Ixi
1:37:37,5857,kotori212,kotori212,engraçado,1.0,wtf
1:37:39,5859,lubamemo_,lubamemo_,neutro,1.0,ONDE TEM A CEDE DA GOOGLE EM SP
1:37:44,5864,peix3manso,peix3manso,neutro,1.0,mostra
1:37:48,5868,marryros098,marryros098,neutro,1.0,Ta tão cego assim
1:37:48,5868,peix3manso,peix3manso,positivo,1.0,amostra
1:37:49,5869,natanzinb27,natanzinb27,neutro,1.0,Vai para mansão maromba
1:37:51,5871,euma_maria7373,euma_maria7373,neutro,1.0,mostra
1:37:53,5873,passarobllue,passarobllue,neutro,1.0,"O cara nem falou que era de graça, so disse que ia te fazer algo"
1:37:54,5874,gatodegoiass,gatodegoiass,neutro,1.0,Baka segue o Pix pela encenação: 12 997541236
1:37:54,5874,gustavo011111111,gustavo011111111,neutro,1.0,mostra a comida ai
1:37:55,5875,deyvisonmoraes,DeyvisonMoraes,neutro,1.0,mostra ai
1:37:55,5875,satesagatha,satesagatha,neutro,1.0,Mostra a comida
1:37:56,5876,gir4ldi,gir4ldi,neutro,1.0,pede pro mano te alimentar no aviaozinho
1:37:57,5877,duckn_00,duckn_00,neutro,1.0,mostra o prato para nós
1:38:00,5880,rafadesa80,rafadesa80,neutro,1.0,Carai
1:38:02,5882,kptdoido,kptdoido,negativo,1.0,Se for ruim tem q falar
1:38:02,5882,deyvisonmoraes,DeyvisonMoraes,neutro,1.0,olooooooco
1:38:04,5884,gunkan,Gunkan,neutro,1.0,o fogo custa 240
1:38:04,5884,guilhermesl45,guilhermesl45,neutro,1.0,Oloko
1:38:05,5885,4shenkk,4shenkk,positivo,1.0,FODA
1:38:05,5885,daviizica,DaviiZica,neutro,1.0,"colher de plastico, f tartaruga"
1:38:06,5886,iksicarius,iksicarius,engraçado,0.5,Baka tu ta com cabelo grisalho?
1:38:10,5890,rafadesa80,rafadesa80,neutro,1.0,É profissional
1:38:14,5894,peix3manso,peix3manso,engraçado,1.0,fala pra ele pôr tudo rsrsrsrs
1:38:17,5897,ayanmelo,ayanmelo,positivo,0.5,fogo no cookie é bom?
1:38:20,5900,erickhsn,erickhsn,positivo,1.0,"achei q ele tava zoando e entendi mijo, é foda"
1:38:22,5902,4shenkk,4shenkk,positivo,1.0,O CARA É BOM
1:38:25,5905,ayabusa2,ayabusa2,positivo,0.5,Milho é bom pra memória
1:38:25,5905,rafadesa80,rafadesa80,engraçado,1.0,Hahahahahaha
1:38:28,5908,daviizica,DaviiZica,confuso,1.0,ele não ta no japão ?
1:38:31,5911,deyvisonmoraes,DeyvisonMoraes,neutro,1.0,Chique
1:38:32,5912,rafadesa80,rafadesa80,neutro,1.0,O mano é profissional
1:38:33,5913,caiopinto120887,caiopinto120887,neutro,1.0,Pega no meu milho então aqui baka
1:38:38,5918,fibbs,フィブス,engraçado,1.0,@erickhsn LUL
1:38:38,5918,pulchram12,pulchram12,neutro,1.0,SeemsGood
1:38:43,5923,pulchram12,pulchram12,neutro,1.0,Legal
1:38:46,5926,mrdarkku,mrdarkku,neutro,1.0,e o mlk bagaçando 30 takoyaki
1:38:49,5929,daviizica,DaviiZica,neutro,1.0,mulher diferente
1:38:52,5932,bibobibe,bibobibe,neutro,1.0,fofos
1:38:52,5932,vibecoder256,vibecoder256,neutro,1.0,Pede pra ele botar a espiga baka
1:38:53,5933,mumpet_,mumpet_,engraçado,1.0,e o endrick viajando no anime
1:38:54,5934,4shenkk,4shenkk,positivo,1.0,FODA
1:38:56,5936,kptdoido,kptdoido,confuso,1.0,Pombo gratinado?
1:38:57,5937,caipirinha_2007,caipirinha_2007,neutro,1.0,legal... baka legal...
1:38:59,5939,el_v1nny,el_v1nny,neutro,1.0,Mwestres do capitalismo
1:39:01,5941,aizenr6ss,aizenr6ss,neutro,1.0,bacana
1:39:06,5946,rafadesa80,rafadesa80,neutro,1.0,Milhão
1:39:09,5949,marryros098,marryros098,engraçado,1.0,Kkkk o endrik ali
1:39:10,5950,guilhermesl45,guilhermesl45,engraçado,1.0,Kkkkkkkk
1:39:10,5950,luis_6253,luis_6253,neutro,1.0,O cara vai debulhar o milho no baka
1:39:11,5951,kthyosu,kthyosu,neutro,1.0,ta em fase de crescimento
1:39:14,5954,guilhi_,Guilhi_,engraçado,0.5,"oloco, ficavam no takoyaki do velhinha? que o marido dela morreu anos atrás"
1:39:15,5955,heartonlyheart,HeartOnlyHeart,neutro,1.0,É pra quem pode
1:39:16,5956,hoatsu,Hoatsu,engraçado,1.0,"deixa o endrick, precisa comer bem pra trazer nosso hexa"
1:39:17,5957,4shenkk,4shenkk,neutro,1.0,DEIXA O CABA BAGAÇAR
1:39:23,5963,quarky07,quarky07,neutro,1.0,"Pokémon baka, cuidado com o processo da nintendo"
1:39:27,5967,zahircs,ZahirCS,neutro,1.0,o pokemon ai
1:39:28,5968,l_noriuki,l_noriuki,engraçado,1.0,mini endrick precisa de proteina
1:39:29,5969,a_palavra_cabalistica_eh,凹凸凹凸凹凸凹凸凹凸凹,engraçado,1.0,vida mansa do mini endrik kkkk
1:39:31,5971,zahircs,ZahirCS,neutro,1.0,vai derrubar a live
1:39:31,5971,palhaco7,palhaco7,confuso,1.0,Live comendo?
1:39:31,5971,bakalovers,bakalovers,positivo,1.0,Cheer1 fala pra ela chamar o Luffy
1:39:33,5973,passarobllue,passarobllue,neutro,1.0,Pergunta se ele assiste mais os vídeos ou as lives
1:39:38,5978,deyvisonmoraes,DeyvisonMoraes,positivo,1.0,"Ta tão bom que ta até batendo palma, oloco"
1:39:38,5978,micueimauser,MicueiMauser,engraçado,1.0,o endrick ta com a camisa do time rival
1:39:40,5980,peix3manso,peix3manso,engraçado,0.5,essa criança ta sozinha?
1:39:41,5981,karanbola,karanbola,neutro,1.0,pomemon na tv vai derrubar a live
1:39:41,5981,kthyosu,kthyosu,engraçado,1.0,mini endrick no barça ainda
1:39:42,5982,mumpet_,mumpet_,positivo,1.0,vai vir com gosto de fogo
1:39:45,5985,guilhermesl45,guilhermesl45,neutro,1.0,Tá comendo na felicidade
1:39:47,5987,yuriairesb,YuriAiresB,confuso,1.0,Aquilo é um Ceruledge conversando com um Armarouge?
1:39:47,5987,marryros098,marryros098,neutro,1.0,Se Deus quiser não cai a live
1:39:50,5990,heartonlyheart,HeartOnlyHeart,engraçado,1.0,Ele lambendo o molho de todas kkkkkk
1:39:50,5990,mwm93,Mwm93,engraçado,1.0,"Bakagaijin e Endrick, só as estrelas fazendo publi na barraquinha do rapaz"
1:39:51,5991,beyond_desolation2,Beyond_Desolation2,neutro,1.0,f
1:39:56,5996,natsusekai,NatsuSekai,neutro,1.0,F
1:39:58,5998,mrdarkku,mrdarkku,neutro,1.0,ele assediou os takoyaki
1:40:00,6000,licht_zayy,licht_zayy,engraçado,1.0,Mini endrick veio pra derrotar o nego ney
1:40:01,6001,karanbola,karanbola,neutro,1.0,pokemon*
1:40:03,6003,palhaco7,palhaco7,neutro,1.0,Aq rodou
1:40:04,6004,nunes013,nunes013,neutro,1.0,pokemon ta de graça no YT po
1:40:08,6008,natyay,natyay,neutro,1.0,"baka, vc assim perto da câmera me deixa todo tímido >.<"
1:40:09,6009,haykkj,Haykkj,neutro,1.0,doglaHihi doglaHihi
1:40:15,6015,lithiumsoda,lithiumsoda,neutro,1.0,pokemon company aqui os advogados já estão a caminho
1:40:16,6016,telmobr,TelmoBR,neutro,1.0,deixa barba crescer baka
1:40:16,6016,gustavo011111111,gustavo011111111,neutro,1.0,"vai ter que mudar de operadora, cai em todo canto"
1:40:21,6021,gabriellwlf,gabriellwlf,neutro,1.0,pega o insta dela seu gaijin
1:40:34,6034,deyvisonmoraes,DeyvisonMoraes,neutro,1.0,Que mané gordo
1:40:35,6035,kallleu_,kallleu_,neutro,1.0,pokemon não e da nintendo
1:40:37,6037,rafadesa80,rafadesa80,neutro,1.0,Regime militar
1:40:38,6038,erickhsn,erickhsn,confuso,1.0,regime semi aberto?
1:40:39,6039,trickyzter,TrickyzTer,engraçado,1.0,corta o refri
1:40:39,6039,debbyznha,debbyznha,confuso,1.0,Tá indo na academia?
1:40:40,6040,palhaco7,palhaco7,neutro,1.0,Tá de regime né
1:40:43,6043,l_noriuki,l_noriuki,confuso,1.0,pokemon é da nintendo?
1:40:43,6043,kotori212,kotori212,confuso,1.0,mastigando o suco?
1:40:44,6044,heartonlyheart,HeartOnlyHeart,neutro,1.0,regime de que
1:40:45,6045,kthyosu,kthyosu,neutro,1.0,injeta a canetinha
1:40:45,6045,palhaco7,palhaco7,neutro,1.0,Só se for o Semi aberto
1:40:47,6047,kptdoido,kptdoido,engraçado,1.0,Ana Maria Baka
1:40:47,6047,hoatsu,Hoatsu,neutro,1.0,ainda não superei o fato do baka ter dado um autografo e quase se despedido da vida 5 segundos depois
1:40:49,6049,marryros098,marryros098,positivo,1.0,Baka toma monjaro agora que se ta bom de grana
1:40:50,6050,bakalovers,bakalovers,positivo,0.5,Cheer1 começou hj o regime?
1:40:51,6051,kthyosu,kthyosu,neutro,1.0,ou usa crack
1:40:56,6056,natsusekai,NatsuSekai,neutro,1.0,Regime: Nofap September
1:40:57,6057,coquinhageladaaaaaaa,coquinhageladaaaaaaa,neutro,1.0,Regime do Açaí
1:40:57,6057,gir4ldi,gir4ldi,neutro,1.0,pede pra tomar aquela garrafa de óleo ali atras mano
1:41:05,6065,lara_bento,Lara_bento,positivo,1.0,gordinha mas tá bom
1:41:07,6067,coolmelado,coolmelado,neutro,1.0,Zipper semi aberto
1:41:08,6068,debbyznha,debbyznha,confuso,1.0,Vc tá treinando ou tá no mounjaro?
1:41:10,6070,euprocopio,euProcopio,confuso,1.0,ta tomando cesio 137?
1:41:11,6071,kotori212,kotori212,neutro,1.0,ja rouba esse tablet ai ja
1:41:12,6072,4shenkk,4shenkk,neutro,1.0,CTZ QUE ELE MASTIGA AGUA DE CABEÇA PRA BAIXO
1:41:14,6074,l_noriuki,l_noriuki,confuso,1.0,é suco degue?
1:41:19,6079,the_robs_,The_Robs_,neutro,1.0,deu pra entender pq vc vaiiii ai
1:41:20,6080,beyond_desolation2,Beyond_Desolation2,neutro,1.0,uiaaaaaaa
1:41:21,6081,ayabusa2,ayabusa2,positivo,1.0,Mastigar suco é o melhor método de emagrecimento
1:41:21,6081,deyvisonmoraes,DeyvisonMoraes,neutro,1.0,oooooloco
1:41:23,6083,bibobibe,bibobibe,neutro,1.0,UAU
1:41:24,6084,lyntcher,lyntcher,neutro,1.0,ó
1:41:24,6084,4shenkk,4shenkk,neutro,1.0,UHHHHHHHH
1:41:24,6084,the_robs_,The_Robs_,neutro,1.0,safadeneo
1:41:24,6084,vibecoder256,vibecoder256,neutro,1.0,karai
1:41:24,6084,p3dro,p3dro,neutro,1.0,pequininho xd
1:41:25,6085,akiraahz,AkiraaHz,confuso,1.0,Tá aonde hj baka?
1:41:25,6085,lucazwayne,LucazWayne,neutro,1.0,Omg
1:41:25,6085,pulchram12,pulchram12,neutro,1.0,Wow
1:41:26,6086,peix3manso,peix3manso,neutro,1.0,eita
1:41:26,6086,vibecoder256,vibecoder256,neutro,1.0,ixi
1:41:26,6086,rtcollapse,rtcollapse,neutro,1.0,la ele
1:41:27,6087,marryros098,marryros098,neutro,1.0,Oiiiaaaa
1:41:27,6087,souzaa_23_,Souzaa_23_,neutro,1.0,ixi
1:41:27,6087,rafadesa80,rafadesa80,neutro,1.0,Cara o cabelo dessa mina é bem bonito com todo respeito.
1:41:27,6087,kodarke,kodarke,neutro,1.0,lá ele
1:41:27,6087,beyond_desolation2,Beyond_Desolation2,confuso,1.0,foi oq ela disse
1:41:28,6088,quarky07,quarky07,neutro,1.0,Faz um pequeno
1:41:28,6088,peix3manso,peix3manso,neutro,1.0,laaaaaaa eleeeeeeeeeee
1:41:28,6088,a_palavra_cabalistica_eh,凹凸凹凸凹凸凹凸凹凸凹,neutro,1.0,safado olha
1:41:28,6088,guilhermesl45,guilhermesl45,neutro,1.0,Ixi
1:41:28,6088,imatt182,imatt182,neutro,1.0,ixe
1:41:28,6088,yuriairesb,YuriAiresB,confuso,1.0,Isso era pra ser pequeno?
1:41:29,6089,kptdoido,kptdoido,neutro,1.0,Vai sim safado
1:41:29,6089,souzaa_23_,Souzaa_23_,neutro,1.0,kaskakakkakaka
1:41:29,6089,nunes013,nunes013,neutro,1.0,mellzitosTilted mellzitosTilted
1:41:29,6089,l_noriuki,l_noriuki,positivo,1.0,a cara ta boa
1:41:30,6090,gustavo011111111,gustavo011111111,neutro,1.0,que pratada
1:41:30,6090,wintermartins,wintermartins,confuso,1.0,Isso é o pequeno?
1:41:30,6090,natsusekai,NatsuSekai,confuso,1.0,Esse é o pequeno???
1:41:30,6090,euma_maria7373,euma_maria7373,neutro,1.0,la ele
1:41:31,6091,stilvox,Stilvox,confuso,1.0,"Krl, esse é o pequeno?"
1:41:31,6091,4shenkk,4shenkk,neutro,1.0,AGUENTA SIM
1:41:31,6091,licht_zayy,licht_zayy,engraçado,1.0,"Oloco, caprichou"
1:41:31,6091,bananils0n_farofa,Bananils0n_farofa,neutro,1.0,Tá porra
1:41:31,6091,guuiilhhbr,guuiilhhbr,engraçado,0.5,kkk carai esse é o pequeno?
1:41:31,6091,mumpet_,mumpet_,neutro,1.0,eitaaa
1:41:32,6092,felippefarr,felippefarr,neutro,1.0,that what she said
1:41:33,6093,pskaren,pskaren,neutro,1.0,Que deli
1:41:33,6093,lubamemo_,lubamemo_,neutro,1.0,"VAI NO BAIRRO ONDE FICA A GOOGLE EM SP, É NO MORUMBI EU ACHO"
1:41:34,6094,debbyznha,debbyznha,neutro,1.0,Bem pequeno graças a Deus
1:41:34,6094,telmobr,TelmoBR,neutro,1.0,é pouquinho né
1:41:34,6094,mrdarkku,mrdarkku,neutro,1.0,hoje que tu vai pra 85KG baka
1:41:36,6096,erickhsn,erickhsn,neutro,1.0,"isso pq era pequeno, slk"
1:41:36,6096,styxagapii,styxagapii,neutro,1.0,Vish
1:41:36,6096,ayanmelo,ayanmelo,neutro,1.0,aaguenta sim safada
1:41:36,6096,velh666,velh666,neutro,1.0,Se não comer tudo apanha !!!
1:41:37,6097,samukaplm,SamukaPLM,neutro,1.0,bonito
1:41:37,6097,deyvisonmoraes,DeyvisonMoraes,positivo,1.0,Ta com uma cara boa
1:41:38,6098,kotori212,kotori212,neutro,1.0,caralho
1:41:39,6099,victorfernandessss,VictorFernandessss,neutro,1.0,Um balde de comida
1:41:40,6100,bhrenner333,Bhrenner333,neutro,1.0,LA ELE
1:41:41,6101,tuscany0,Tuscany0,confuso,1.0,É o pequeno?
1:41:41,6101,coquinhageladaaaaaaa,coquinhageladaaaaaaa,engraçado,1.0,pergunta se elas tem lubrificante
1:41:43,6103,gabriellwlf,gabriellwlf,neutro,1.0,tira
1:41:43,6103,kthyosu,kthyosu,neutro,1.0,slk
1:41:44,6104,yokann_,Yokann_,neutro,1.0,gigante
1:41:44,6104,lukask028,lukask028,neutro,1.0,nuh
1:41:46,6106,marryros098,marryros098,neutro,1.0,Uauuuu
1:41:46,6106,niuz_pv,Niuz_pv,neutro,1.0,la ele
1:41:46,6106,rafadesa80,rafadesa80,neutro,1.0,Caralho
1:41:47,6107,guuiilhhbr,guuiilhhbr,neutro,1.0,parece de maracuja
1:41:48,6108,pulchram12,pulchram12,neutro,1.0,Baka vai sair peidando a jato dai
1:41:50,6110,bibobibe,bibobibe,neutro,1.0,deu fome
1:41:50,6110,tuscany0,Tuscany0,neutro,1.0,"manda pra ca, baka"
1:41:52,6112,yuriairesb,YuriAiresB,positivo,1.0,"Carai, top demais"
1:41:53,6113,beatrizcrotti,beatrizcrotti,neutro,1.0,Não faz desfeita baka
1:41:53,6113,lubamemo_,lubamemo_,neutro,1.0,ORRA PARECE UMA DELICIA
1:41:54,6114,rafadesa80,rafadesa80,neutro,1.0,Tá bonito
1:41:57,6117,ur4fa,ur4fa,neutro,1.0,ia fácil
1:41:58,6118,ayabusa2,ayabusa2,engraçado,1.0,"Hum delicia, principalmente o pedaço da peruca da moça que caiu no canto"
1:42:04,6124,natsusekai,NatsuSekai,neutro,1.0,Divide com nós
1:42:05,6125,beyond_desolation2,Beyond_Desolation2,engraçado,1.0,kkkkkkk
1:42:06,6126,licht_zayy,licht_zayy,positivo,1.0,"Come tudo gostosa, isso come tudo"
1:42:07,6127,kptdoido,kptdoido,neutro,1.0,ASMR agora
1:42:07,6127,el_v1nny,el_v1nny,neutro,1.0,Pratão de maracujá
1:42:11,6131,lara_bento,Lara_bento,neutro,1.0,"Pô, tá bonito. Deu fome até."
1:42:11,6131,kotori212,kotori212,neutro,1.0,krl
1:42:12,6132,a_palavra_cabalistica_eh,凹凸凹凸凹凸凹凸凹凸凹,neutro,1.0,era dentro
1:42:13,6133,deyvisonmoraes,DeyvisonMoraes,neutro,1.0,Nussa
1:42:14,6134,4shenkk,4shenkk,neutro,1.0,UHHHHHHHHHH
1:42:19,6139,venanciofer,venanciofer,engraçado,1.0,@ayabusa2 kkkkkkkkk
1:42:19,6139,caipirinha_2007,caipirinha_2007,neutro,1.0,come tudo baka...
1:42:21,6141,negligenciagames,negligenciaGames,neutro,1.0,começa pela minha borda
1:42:22,6142,deyvisonmoraes,DeyvisonMoraes,neutro,1.0,Deu até fome agora
1:42:23,6143,guilhermesl45,guilhermesl45,neutro,1.0,Come
1:42:23,6143,ayabusa2,ayabusa2,neutro,1.0,Isso come direto a peruca
1:42:24,6144,newpape,newpape,confuso,1.0,O que é isso?
1:42:24,6144,magethejay,MageTheJay,neutro,1.0,Que prato é esse
1:42:24,6144,gabriellwlf,gabriellwlf,neutro,1.0,vai caga milho mae
1:42:24,6144,kthyosu,kthyosu,neutro,1.0,limguada
1:42:25,6145,quarky07,quarky07,neutro,1.0,Mukbang
1:42:25,6145,leromll,leromll,neutro,1.0,nem tem queijo
1:42:25,6145,euprocopio,euProcopio,neutro,1.0,q bocão baka
1:42:25,6145,yuriairesb,YuriAiresB,neutro,1.0,"Mostra o maxilar rebolando, vai"
1:42:25,6145,euma_maria7373,euma_maria7373,neutro,1.0,essa colher toda mole
1:42:25,6145,peix3manso,peix3manso,neutro,1.0,hmmm ti dottoosuuu
1:42:26,6146,rafadesa80,rafadesa80,neutro,1.0,Cara... na moral.. vou na liberdade só pra comer aí
1:42:29,6149,fibbs,フィブス,neutro,1.0,otonas7Eating rapaz
1:42:29,6149,heartonlyheart,HeartOnlyHeart,neutro,1.0,porra se isso é a versão mini
1:42:30,6150,beyond_desolation2,Beyond_Desolation2,neutro,1.0,na colher vai ficar dificil
1:42:30,6150,caiopinto120887,caiopinto120887,neutro,1.0,Começa a dar notas igual master chefe
1:42:30,6150,sousply,sousply,neutro,1.0,é dentro
1:42:34,6154,passarobllue,passarobllue,neutro,1.0,Ja ficou satisfeito
1:42:36,6156,natsusekai,NatsuSekai,neutro,1.0,Hmmmmmmmmm
1:42:37,6157,4shenkk,4shenkk,neutro,1.0,COME  TUDINHO
1:42:37,6157,stilvox,Stilvox,neutro,1.0,"Mano, acabei de almoçar e já deu fome dnv kk"
1:42:37,6157,carolinenaomii,CarolineNaomii,neutro,1.0,duro eh comer com talher de plastico
1:42:41,6161,licht_zayy,licht_zayy,neutro,1.0,"O sapinho faz um a hmm, o sapinho faz um a hmm"
1:42:42,6162,cesarrocha1,CesarRocha1,confuso,1.0,qual que é o nome disso ai?
1:42:44,6164,natsusekai,NatsuSekai,neutro,1.0,Solta os cachorros
1:42:44,6164,kodarke,kodarke,confuso,1.0,essa parte do meio é carne?
1:42:44,6164,4shenkk,4shenkk,engraçado,1.0,PARABENS KJJKKKKKKKKKK
1:42:45,6165,caroris,caroris,neutro,1.0,que fofinho ele comendo
1:42:45,6165,guilhermesl45,guilhermesl45,engraçado,1.0,Kkkkkk
1:42:47,6167,rafadesa80,rafadesa80,neutro,1.0,Hmmmmmm dilixa
1:42:48,6168,beyond_desolation2,Beyond_Desolation2,neutro,1.0,deixa o resto aí e vai embora
1:42:48,6168,kptdoido,kptdoido,neutro,1.0,Publi paga não acredito
1:42:48,6168,pulchram12,pulchram12,neutro,1.0,sushid17Boreldance
1:42:49,6169,passarobllue,passarobllue,neutro,1.0,COME TUDO PEITUDA
1:42:49,6169,the_robs_,The_Robs_,confuso,1.0,ta totoso ta ?
1:42:49,6169,mrdarkku,mrdarkku,neutro,1.0,parabéns
1:42:51,6171,kotori212,kotori212,neutro,1.0,no finalzinho
1:42:53,6173,deyvisonmoraes,DeyvisonMoraes,neutro,1.0,elisNom
1:42:58,6178,deyvisonmoraes,DeyvisonMoraes,engraçado,1.0,caprichado
1:43:04,6184,guuiilhhbr,guuiilhhbr,positivo,0.5,tem gosto de que?
1:43:06,6186,niuz_pv,Niuz_pv,neutro,1.0,no finalzin
1:43:06,6186,yumemorreu,yumemorreu,neutro,1.0,fala um sugoi pra ficar midia
1:43:08,6188,jose_lucas249,jose_lucas249,neutro,1.0,ta totoso
1:43:09,6189,kotori212,kotori212,neutro,1.0,isso come tudo
1:43:11,6191,rafadesa80,rafadesa80,neutro,1.0,Ctz
1:43:12,6192,leahfar_,Leahfar_,neutro,1.0,Come tudo safada
1:43:13,6193,deyvisonmoraes,DeyvisonMoraes,neutro,1.0,mais sabor
1:43:15,6195,caiopinto120887,caiopinto120887,neutro,1.0,Tem mais porra
1:43:16,6196,pskaren,pskaren,neutro,1.0,papa tudinho
1:43:16,6196,marryros098,marryros098,neutro,1.0,Verdade
1:43:18,6198,guilhermesl45,guilhermesl45,neutro,1.0,Sim
1:43:20,6200,fatalisfps,fatalisFps,neutro,1.0,ta totosinho
1:43:26,6206,omafrazx,oMafrazx,neutro,1.0,passa o nome do lugar ai
1:43:27,6207,lostcaco,LostCaco,neutro,1.0,come essa porra toda
1:43:28,6208,rafadesa80,rafadesa80,neutro,1.0,Mastiga direito
1:43:29,6209,passarobllue,passarobllue,neutro,1.0,Isso peitudo come tudo
1:43:29,6209,ayabusa2,ayabusa2,confuso,1.0,"Parabéns, igualzinho o cachorro quente de osasco"
1:43:30,6210,stilvox,Stilvox,confuso,1.0,Qual é o nome mesmo desse prato?
1:43:30,6210,sr_miminho,Sr_MiMiNhO,neutro,1.0,come tudinho seu safado
1:43:31,6211,heartonlyheart,HeartOnlyHeart,neutro,1.0,Tem isso tbm
1:43:32,6212,lukask028,lukask028,engraçado,1.0,kkkkkkkkkkkkkkkk
1:43:37,6217,peix3manso,peix3manso,confuso,1.0,oque vem nisso?
1:43:40,6220,cborgue_jv,cborgue_jv,engraçado,1.0,Baka sua camiseta está ao contrário Kappa
1:43:43,6223,leidsan,LeidSan,neutro,1.0,Ta bonitão
1:43:44,6224,vibecoder256,vibecoder256,neutro,1.0,"Fala o nome do lugar, faz a publi direito"
1:43:47,6227,lukask028,lukask028,engraçado,1.0,os comentários cara kkkkk
1:43:50,6230,ayanmelo,ayanmelo,neutro,1.0,"aqui é feito com agua de xuca, tempero especial"
1:43:51,6231,marryros098,marryros098,neutro,1.0,Viu os negócios do vorcaro lá
1:43:54,6234,yuriairesb,YuriAiresB,confuso,1.0,É exótico um japonês reinventando prato típico. Por isso que tá fugido pro Brasil
1:43:54,6234,hoatsu,Hoatsu,engraçado,1.0,LUL
1:43:55,6235,l_noriuki,l_noriuki,neutro,1.0,ele desativou o livepíx :(
1:43:55,6235,azariellk,azariellk,confuso,1.0,"opa perdi a review, ele curtiu?"
1:43:59,6239,beyond_desolation2,Beyond_Desolation2,engraçado,1.0,kkkkk
1:44:00,6240,giovani6jogadoh,giovani6jogadoh,neutro,1.0,nem lavou a mão e tá comendo
1:44:02,6242,ayabusa2,ayabusa2,neutro,1.0,Só faltou um copo desse kisuco laranja
1:44:02,6242,guilhermesl45,guilhermesl45,engraçado,1.0,Kkkkkk
1:44:05,6245,omafrazx,oMafrazx,confuso,1.0,Essa mulher usa peruca?
1:44:07,6247,guilhi_,Guilhi_,engraçado,1.0,o mlk realmente parece o endrick slc
1:44:11,6251,rafadesa80,rafadesa80,neutro,1.0,Nem lavou as handi
1:44:12,6252,venanciofer,venanciofer,neutro,1.0,e essa mulher de peru a
1:44:15,6255,azariellk,azariellk,engraçado,1.0,@l_noriuki ricou rico ai ta assim
1:44:16,6256,4shenkk,4shenkk,neutro,1.0,@ayabusa2 JA TA COM O VERDE HULK ALI
1:44:18,6258,kallleu_,kallleu_,positivo,1.0,"cade mano, quero ver vc mastigando bem gostoso"
1:44:26,6266,caiopinto120887,caiopinto120887,neutro,1.0,@oMafrazx não.
1:44:27,6267,pulchram12,pulchram12,neutro,1.0,CaitThinking CaitThinking
1:44:27,6267,kotori212,kotori212,positivo,1.0,sushi de chocolate é foda ta
1:44:35,6275,el_v1nny,el_v1nny,engraçado,1.0,Lil Hendrik
1:44:38,6278,deyvisonmoraes,DeyvisonMoraes,neutro,1.0,Garoto buscando conhecimento
1:44:38,6278,guilhermesl45,guilhermesl45,neutro,1.0,Sushi de chocolate fih
1:44:39,6279,ayanmelo,ayanmelo,engraçado,1.0,Endrick ta com tempo
1:44:39,6279,stilvox,Stilvox,engraçado,0.5,Cadê os pais dessa criança?
1:44:40,6280,samoliveiraw,samoliveiraw,neutro,1.0,cabelo bonito
1:44:47,6287,wintermartins,wintermartins,engraçado,1.0,"Mó feliz a criança, fofo dms"
1:44:54,6294,ripcroww,RipCrowW,neutro,1.0,vai sair comido
1:44:56,6296,azariellk,azariellk,neutro,1.0,@Stilvox deve ter n
1:44:58,6298,deyvisonmoraes,DeyvisonMoraes,neutro,1.0,"isso ai, ja sai comido"
1:44:58,6298,rafadesa80,rafadesa80,neutro,1.0,Já vai sair comido
1:45:07,6307,kotori212,kotori212,engraçado,1.0,kkkkkkk
1:45:09,6309,hoatsu,Hoatsu,engraçado,1.0,kkkkkkkkkkkkkkkkk
1:45:10,6310,skhaa,Skhaa,engraçado,1.0,kkkkkkkkkkkkk
1:45:10,6310,4shenkk,4shenkk,neutro,1.0,VAI SAIR BEM COMIDO JA
1:45:10,6310,rafadesa80,rafadesa80,neutro,1.0,Beleza
1:45:11,6311,leahfar_,Leahfar_,neutro,1.0,Parece o Arnold
1:45:13,6313,ayanmelo,ayanmelo,engraçado,1.0,kkkkkkkkkkk
1:45:16,6316,euprocopio,euProcopio,engraçado,0.5,endrick com a camisa do barça?
1:45:16,6316,caroris,caroris,engraçado,1.0,JinxLUL
1:45:17,6317,pulchram12,pulchram12,engraçado,1.0,kkkkkkkkk
1:45:18,6318,rafadesa80,rafadesa80,neutro,1.0,Isso é importante
1:45:18,6318,the_robs_,The_Robs_,neutro,1.0,ela ouviiu
1:45:19,6319,ayanmelo,ayanmelo,neutro,1.0,a mina ouviu
1:45:21,6321,deyvisonmoraes,DeyvisonMoraes,confuso,1.0,suco é do que?
1:45:22,6322,ayabusa2,ayabusa2,neutro,1.0,Vai cagar mólinho mólinho
1:45:26,6326,beyond_desolation2,Beyond_Desolation2,confuso,1.0,O seu tô zuando é mecanismo de defesa baka?
1:45:27,6327,stilvox,Stilvox,engraçado,0.5,@azariellk Triste se for verdade
1:45:28,6328,rafadesa80,rafadesa80,engraçado,1.0,@Leahfar_ KKKKKKKKKKKKK
1:45:29,6329,yuriairesb,YuriAiresB,neutro,1.0,"Mentira, que vai chegar em casa e pedir uma Pizza de Takoyaki"
1:45:29,6329,aizenr6ss,aizenr6ss,engraçado,1.0,kkkkkkkkkkkk tu é mt doidinho
1:45:32,6332,samoliveiraw,samoliveiraw,neutro,1.0,chama ela pra sair
1:45:36,6336,artcharlescosta,artCharlesCosta,engraçado,1.0,fofinho o moleque kkkkkkkk
1:45:42,6342,ayanmelo,ayanmelo,engraçado,1.0,publi ao contrario
1:45:45,6345,caiopinto120887,caiopinto120887,neutro,1.0,Começa a comer e gemer do nada prf
1:45:47,6347,meowmeowmillky,meowmeowmillky,neutro,1.0,Oii
1:45:50,6350,stilvox,Stilvox,positivo,1.0,@samoliveiraw Devem ser um casal os dois aí po kk
1:45:51,6351,euma_maria7373,euma_maria7373,neutro,1.0,pede um garfo
1:45:52,6352,azariellk,azariellk,positivo,1.0,@samoliveiraw ele é casado doido
1:45:55,6355,the_robs_,The_Robs_,neutro,1.0,ele só vai aiii por causa da mina kk
1:45:57,6357,guilhi_,Guilhi_,confuso,1.0,"um te ofereceu o livro pra autografar, agora um x kare, o que o próximo oferecerá?"
1:46:00,6360,ayabusa2,ayabusa2,positivo,1.0,"Bom pras hemoroidas, vai passar lavando tudo"
1:46:09,6369,p3dro,p3dro,neutro,1.0,so de zoas
1:46:09,6369,igotz,Igotz,confuso,1.0,"Baka, pergunta como é feito o prato e o que é, não conhecia"
1:46:13,6373,joaoreisojisan,JoaoReisOjisan,neutro,1.0,um xkarai
1:46:14,6374,deyvisonmoraes,DeyvisonMoraes,neutro,1.0,"Cara ta comendo no furtivo, po. Faz nenhum barulho"
1:46:14,6374,rafadesa80,rafadesa80,neutro,1.0,Az ideia
1:46:14,6374,caipirinha_2007,caipirinha_2007,neutro,1.0,parece o japao so com pessoa diferentes...
1:46:23,6383,guilhermesl45,guilhermesl45,engraçado,1.0,Kkkkkkk
1:46:28,6388,josimar_manutencoes,JOSIMAR_MANUTENCOES,confuso,1.0,engole é?
1:46:28,6388,lostcaco,LostCaco,neutro,1.0,engole a porra toda
1:46:34,6394,sir_wonka0,sir_wonka0,confuso,1.0,Então vc engole?
1:46:37,6397,kotori212,kotori212,engraçado,1.0,kkkkkkkkkkkkkkkkkkkkk
1:46:39,6399,meowmeowmillky,meowmeowmillky,neutro,1.0,mas tiga o liquido e engole o duro
1:46:42,6402,euprocopio,euProcopio,engraçado,0.667,kkkkkkkkkkkkkkkk q isso
1:46:44,6404,leahfar_,Leahfar_,neutro,1.0,SeemsGood
1:46:45,6405,rafadesa80,rafadesa80,confuso,1.0,Engole??
1:46:47,6407,gir4ldi,gir4ldi,engraçado,1.0,pede uma farinha
1:46:47,6407,deyvisonmoraes,DeyvisonMoraes,neutro,1.0,elisIsee
1:46:48,6408,pulchram12,pulchram12,neutro,1.0,CaitThinking
1:46:50,6410,hoatsu,Hoatsu,neutro,1.0,"parece o Japão, mas só um pouquinho longe"
1:46:50,6410,yuriairesb,YuriAiresB,positivo,1.0,Tem gosto de guê isso daí
1:46:52,6412,venanciofer,venanciofer,confuso,1.0,tem peruca nesse yakisoba ai?
1:46:55,6415,rafadesa80,rafadesa80,neutro,1.0,Pensei que tu cuspia
1:46:55,6415,el_v1nny,el_v1nny,confuso,1.0,Mas é Pessoas diferentes ou pessoas normais?
1:47:08,6428,caipirinha_2007,caipirinha_2007,neutro,1.0,os dois ne...
1:47:14,6434,jooooojiz,jooooojiz,neutro,1.0,live do loiro espiador
1:47:17,6437,telmobr,TelmoBR,neutro,1.0,nham nham
1:47:19,6439,deyvisonmoraes,DeyvisonMoraes,confuso,1.0,"ja ja aparece alguém, que aposta..."
1:47:19,6439,kallleu_,kallleu_,neutro,1.0,"come parecendo um camelo, deus me livre"
1:47:22,6442,rafadesa80,rafadesa80,engraçado,1.0,End Endrick tá comunicativo
1:47:25,6445,vigarioficial,vigarioficial,confuso,1.0,"baka, vc pratica algum esporte ?"
1:47:26,6446,guilhermesl45,guilhermesl45,neutro,1.0,É tranquilin pra comer ai
1:47:33,6453,wintermartins,wintermartins,confuso,0.667,"Baka agora q tu aqui no Brasil ninguém te chamou para uma collab, n ?"
1:47:34,6454,lancelot_darc,lancelot_darc,engraçado,1.0,Leon S. Kennedy comendo no refeitório da R.P.D.
1:47:41,6461,azariellk,azariellk,neutro,1.0,"introsa com o mano, pergunta se ele é mono lee sin"
1:47:43,6463,bakalovers,bakalovers,positivo,0.667,Cheer1 streamer de mesa e canal culinário agora. Gostei
1:47:50,6470,peix3manso,peix3manso,neutro,1.0,@kallleu_ olc ta comendo normal
1:47:51,6471,caiopinto120887,caiopinto120887,neutro,1.0,O cara bebe a comida e mastiga o suco
1:47:57,6477,wintermartins,wintermartins,engraçado,1.0,Refeitório da R.P.D kkkkkkkkkkkkkkkkkkkkkkkkk
1:48:00,6480,deyvisonmoraes,DeyvisonMoraes,positivo,1.0,"Gostei do lugar, comer tranquilo."
1:48:00,6480,mumpet_,mumpet_,neutro,1.0,tarado das kanternas
1:48:04,6484,hoatsu,Hoatsu,neutro,1.0,vai virar uma bola
1:48:05,6485,rafadesa80,rafadesa80,positivo,1.0,Tá gostoso pô
1:48:05,6485,a_palavra_cabalistica_eh,凹凸凹凸凹凸凹凸凹凸凹,neutro,1.0,tu vai virar marmita de casal isso sim
1:48:07,6487,kallleu_,kallleu_,neutro,1.0,@peix3manso ironicamente zoando
1:48:07,6487,gir4ldi,gir4ldi,neutro,1.0,tira o lacre do extintor mano
1:48:09,6489,peix3manso,peix3manso,neutro,1.0,ai mona que td
1:48:11,6491,beyond_desolation2,Beyond_Desolation2,neutro,1.0,Pede outro pra viagem
1:48:11,6491,marryros098,marryros098,neutro,1.0,Mas tem que aproveitar
1:48:17,6497,lostcaco,LostCaco,neutro,1.0,a meta é explodir colesterol e glicose
1:48:19,6499,rafadesa80,rafadesa80,neutro,1.0,Ixi
1:48:19,6499,fujadamatrixx,fujadamatrixx,neutro,1.0,estánobrapãobaka
1:48:19,6499,telmobr,TelmoBR,neutro,1.0,yameteeeeeeeeeeeee
1:48:21,6501,deyvisonmoraes,DeyvisonMoraes,neutro,1.0,oloco
1:48:21,6501,satesagatha,satesagatha,confuso,1.0,"Oq é um peido pra quem tá cagado, esse prato não vai te engordar mais"
1:48:25,6505,peix3manso,peix3manso,confuso,1.0,oque vem nesse trem?
1:48:25,6505,bananils0n_farofa,Bananils0n_farofa,engraçado,1.0,Endrick upou tudo em carisma e esqueceu dá finalização
1:48:27,6507,rafadesa80,rafadesa80,confuso,1.0,Alguém gemeu
1:48:28,6508,flacoxbt,flacoxbt,neutro,1.0,Parece gororoba
1:48:30,6510,lusca_a_d_s,lusca_a_d_s,positivo,1.0,Eu comi no tailandes que tem aí. Bem bom
1:48:31,6511,7ucianojr,7ucianojr,neutro,1.0,aproveita a fama mesmo !
1:48:33,6513,kkgoji,kkgoji,neutro,1.0,"o maior hater do baka, vai engordar ele"
1:48:37,6517,caiopinto120887,caiopinto120887,neutro,1.0,Cuidado mano vai pegar intolerância a lactose.
1:48:38,6518,coolmelado,coolmelado,neutro,1.0,Prazer lactose
1:48:39,6519,lc_felipe,lc_felipe,neutro,1.0,nice slop
1:48:43,6523,azariellk,azariellk,neutro,1.0,"@peix3manso carne,molho,queijo e arroz eu acho"
1:48:45,6525,yuriairesb,YuriAiresB,engraçado,0.5,Quanto é que tá essa brincadeira aí?
1:48:45,6525,l_noriuki,l_noriuki,neutro,1.0,come tudo peitudo
1:48:50,6530,flacoxbt,flacoxbt,neutro,1.0,ko
1:48:50,6530,peix3manso,peix3manso,engraçado,1.0,@azariellk hmm
1:48:51,6531,guuiilhhbr,guuiilhhbr,neutro,1.0,o bixo comunicativo
1:48:55,6535,luizfelipe_bat,luizfelipe_bat,confuso,1.0,qual o neme do restaurante?
1:48:59,6539,micalevisk,micalevisk,neutro,1.0,baka me lembra o Elliot Smith
1:49:02,6542,deyvisonmoraes,DeyvisonMoraes,neutro,1.0,chique
1:49:11,6551,rafadesa80,rafadesa80,neutro,1.0,Fala o nome do restaurante
1:49:11,6551,kallleu_,kallleu_,engraçado,0.5,a gente ? achei que vc era solitario
1:49:11,6551,flacoxbt,flacoxbt,engraçado,1.0,tempero indiano kkkkkkkkkkk
1:49:13,6553,a_palavra_cabalistica_eh,凹凸凹凸凹凸凹凸凹凸凹,neutro,1.0,olha como flerta
1:49:14,6554,wintermartins,wintermartins,neutro,1.0,Pergunta o nome do restaurante
1:49:15,6555,pulchram12,pulchram12,neutro,1.0,Daora mano
1:49:19,6559,ayanmelo,ayanmelo,neutro,1.0,legal fera
1:49:22,6562,coolmelado,coolmelado,positivo,1.0,Bem legal👍
1:49:27,6567,caipirinha_2007,caipirinha_2007,neutro,1.0,kare tem que ser reconhecido...
1:49:28,6568,4shenkk,4shenkk,positivo,1.0,MUITO FODA
1:49:32,6572,l_noriuki,l_noriuki,neutro,1.0,kare com batata palha é bão
1:49:37,6577,guilhi_,Guilhi_,positivo,1.0,"eu vou aí, parece ser mt bom esse kare"
1:49:38,6578,guilhermesl45,guilhermesl45,positivo,1.0,Boa
1:49:38,6578,vigarioficial,vigarioficial,engraçado,1.0,visionario
1:49:40,6580,coolmelado,coolmelado,neutro,1.0,"Isso Baka, interagi"
1:49:41,6581,fatalisfps,fatalisFps,neutro,1.0,kare bem feito é uma delícia
1:49:41,6581,4shenkk,4shenkk,neutro,1.0,LEGAL DEMAIS
1:49:42,6582,wintermartins,wintermartins,engraçado,1.0,Eu moro no Goiás aqui só tem pequi kkkk
1:49:43,6583,luizfelipe_bat,luizfelipe_bat,confuso,1.0,"está babando o ovo dele pq foi de graça ,né safado?"
1:49:44,6584,rafadesa80,rafadesa80,neutro,1.0,Eu vou aí man
1:49:46,6586,deyvisonmoraes,DeyvisonMoraes,neutro,1.0,Uia
1:49:47,6587,mizushot,MizuShot,confuso,1.0,ta falando com um random?
1:49:47,6587,caiopinto120887,caiopinto120887,neutro,1.0,Tá falando igual o fogaça
1:49:49,6589,deyvisonmoraes,DeyvisonMoraes,neutro,1.0,Ai é legal
1:49:49,6589,chapixx7,chapixx7,confuso,1.0,onde é isso? Liberdade?
1:49:51,6591,lc_felipe,lc_felipe,neutro,1.0,baka perdeu a timidez
1:49:52,6592,azariellk,azariellk,neutro,1.0,pergunta se ele curte um liga das lendas
1:49:52,6592,beyond_desolation2,Beyond_Desolation2,neutro,1.0,LORE
1:49:54,6594,mumpet_,mumpet_,confuso,1.0,0 anos?
1:49:54,6594,caipirinha_2007,caipirinha_2007,inspirado,1.0,sucesso...
1:50:01,6601,nyd_sanryn,Nyd_Sanryn,neutro,1.0,Éh... ehh
1:50:02,6602,deyvisonmoraes,DeyvisonMoraes,confuso,1.0,Cara sabe o que ta fazendo então
1:50:08,6608,rafadesa80,rafadesa80,positivo,1.0,"Meu, parece ser muito gostoso"
1:50:10,6610,negligenciagames,negligenciaGames,confuso,1.0,eu ainda não sei o que é karê
1:50:11,6611,coolmelado,coolmelado,positivo,1.0,Eu GosTo
1:50:14,6614,ma3celoo,ma3celoo,engraçado,0.5,CARI ?
1:50:25,6625,lostcaco,LostCaco,engraçado,1.0,cariani
1:50:28,6628,azariellk,azariellk,neutro,1.0,pergunta a paleta de cores da peça
1:50:29,6629,igotz,Igotz,neutro,1.0,@ma3celoo Kare
1:50:44,6644,guilhermesl45,guilhermesl45,neutro,1.0,Passa o insta aí da loja
1:50:44,6644,caipirinha_2007,caipirinha_2007,neutro,1.0,kare com milho...
1:50:44,6644,deyvisonmoraes,DeyvisonMoraes,neutro,1.0,oloco
1:50:45,6645,rafadesa80,rafadesa80,positivo,1.0,Kare é mó bom
1:50:48,6648,caiopinto120887,caiopinto120887,confuso,1.0,Maçã? Me envenena logo
1:50:54,6654,coolmelado,coolmelado,engraçado,0.5,"É muito care?? Rsrs entendeu pessoal, o preço meio care haha"
1:50:56,6656,lara_bento,Lara_bento,neutro,1.0,ai se passou
1:50:57,6657,duckn_00,duckn_00,positivo,1.0,pior q com chocolate fica muito bom
1:50:58,6658,mumpet_,mumpet_,confuso,1.0,tem delivery?
1:50:58,6658,p3dro,p3dro,neutro,1.0,pede um doce
1:51:01,6661,guilhi_,Guilhi_,neutro,1.0,baka é mó timido
1:51:03,6663,heartonlyheart,HeartOnlyHeart,positivo,1.0,Milho é muito bom!!
1:51:06,6666,jeffstaz,jeffstaz,confuso,1.0,Maçon no kare?
1:51:06,6666,isheeik,iSheeiK,neutro,1.0,pergunta o Insta deles
1:51:09,6669,kotori212,kotori212,neutro,1.0,ele ta timido
1:51:13,6673,guilhermesl45,guilhermesl45,positivo,1.0,@coolmelado Boa
1:51:16,6676,isheeik,iSheeiK,neutro,1.0,da loja no caso
1:51:18,6678,pskaren,pskaren,neutro,1.0,Aí dentro
1:51:19,6679,caipirinha_2007,caipirinha_2007,neutro,1.0,baka shy
1:51:20,6680,vinnyfborg,vinnyfborg,positivo,1.0,"Kare é bom, da pra fazer em casa."
1:51:20,6680,pmantis,pmantis,neutro,1.0,"num é chocolate que eles colocam, é chocorate"
1:51:20,6680,deyvisonmoraes,DeyvisonMoraes,neutro,1.0,cara ta tímido
1:51:21,6681,heartonlyheart,HeartOnlyHeart,neutro,1.0,Ele é tímido gente
1:51:23,6683,a_palavra_cabalistica_eh,凹凸凹凸凹凸凹凸凹凸凹,neutro,1.0,termina de comer zé
1:51:24,6684,lostcaco,LostCaco,neutro,1.0,@Guilhi_ no JP ele se solta mais
1:51:25,6685,azariellk,azariellk,neutro,1.0,pede o instagram deles ai
1:51:28,6688,l_noriuki,l_noriuki,neutro,1.0,todo timido
1:51:31,6691,erickhsn,erickhsn,engraçado,1.0,"barriga cheia, pé na areia, por assim dizer"
1:51:36,6696,caroris,caroris,neutro,1.0,encerra não
1:51:37,6697,coolmelado,coolmelado,neutro,1.0,"Pedi o Instagram dela Baka, vai ser constrangedor"
1:51:39,6699,suplaia,suplaia,confuso,1.0,oxi o cara tav semana passa no JP e ja ta de volta no brasa? muito bisness
1:51:46,6706,mrdarkku,mrdarkku,neutro,1.0,toma
1:51:46,6706,l_noriuki,l_noriuki,neutro,1.0,preço ta bão
1:51:48,6708,ma3celoo,ma3celoo,neutro,1.0,Menu de chatgpt
1:51:49,6709,beyond_desolation2,Beyond_Desolation2,neutro,1.0,ain
1:51:49,6709,suplaia,suplaia,neutro,1.0,attaaaa
1:51:51,6711,kodarke,kodarke,neutro,1.0,hmmm
1:51:51,6711,guilhermesl45,guilhermesl45,neutro,1.0,Ok
1:51:52,6712,4shenkk,4shenkk,positivo,1.0,BOMDEMAIS
1:51:53,6713,deyvisonmoraes,DeyvisonMoraes,positivo,1.0,"Nossa, ta bom demais. Tem queijo pra caramba."
1:51:53,6713,kotori212,kotori212,confuso,1.0,qual insta deles?
1:51:53,6713,fatalisfps,fatalisFps,neutro,1.0,justo
1:51:53,6713,passarobllue,passarobllue,positivo,1.0,Barato de boa
1:51:54,6714,heartonlyheart,HeartOnlyHeart,neutro,1.0,Daora
1:51:54,6714,coolmelado,coolmelado,positivo,0.5,"""PRO PESSOAL QUE NAO É FAMOSO RSRS"""
1:51:55,6715,pulchram12,pulchram12,neutro,1.0,sushid17Cu sushid17Cu
1:51:55,6715,p3dro,p3dro,neutro,1.0,"vou la quieto, como quieto e vou embora quieto"
1:51:57,6717,debbyznha,debbyznha,neutro,1.0,Vou aí
1:51:57,6717,rafadesa80,rafadesa80,neutro,1.0,Barato meu!
1:51:58,6718,duckn_00,duckn_00,positivo,1.0,muito bom o preço
1:52:00,6720,suplaia,suplaia,neutro,1.0,delicia em
1:52:01,6721,peix3manso,peix3manso,neutro,1.0,slc mt caro
1:52:03,6723,annoyinger,Annoyinger,confuso,1.0,eu ouvi chogath?
1:52:03,6723,ohlavracvk,ohlavracvk,neutro,1.0,krlh mo fome
1:52:05,6725,vibecoder256,vibecoder256,confuso,1.0,cho'gath?
1:52:05,6725,guuiilhhbr,guuiilhhbr,positivo,1.0,parece gostoso
1:52:06,6726,natsusekai,NatsuSekai,neutro,1.0,Almoço completo
1:52:07,6727,lukask028,lukask028,neutro,1.0,ta no preço hein
1:52:10,6730,guilhi_,Guilhi_,engraçado,1.0,@LostCaco Sim kkkkk
1:52:15,6735,heartonlyheart,HeartOnlyHeart,positivo,1.0,"Não sou tão fã de queijo, mas parece MT bom"
1:52:15,6735,rafadesa80,rafadesa80,neutro,1.0,Cara... pq eu nunca vi um desse
1:52:16,6736,kodarke,kodarke,neutro,1.0,leva pra viagem
1:52:18,6738,mumpet_,mumpet_,confuso,1.0,tem quantos menu?
1:52:18,6738,beyond_desolation2,Beyond_Desolation2,neutro,1.0,Pergunta se fizeram com IA o cardápio
1:52:20,6740,mrdarkku,mrdarkku,neutro,1.0,"""no precinho"""
1:52:20,6740,yuriairesb,YuriAiresB,positivo,1.0,"Bom, hein"
1:52:21,6741,kallleu_,kallleu_,neutro,1.0,vou sair aki do rj para ir comer ai
1:52:22,6742,rafadesa80,rafadesa80,neutro,1.0,Vou ctz
1:52:22,6742,nunes013,nunes013,neutro,1.0,FALA O ENDEREÇO COVARDE
1:52:23,6743,l_noriuki,l_noriuki,confuso,1.0,"todo timido coitado, n vai fazer live até ano que vem"
1:52:26,6746,fatalisfps,fatalisFps,neutro,1.0,vou colar aí no próximo role
1:52:36,6756,debbyznha,debbyznha,neutro,1.0,Ele todo tímido
1:52:39,6759,bakalovers,bakalovers,positivo,1.0,"Cheer1 Bakalovers, próximo encontro é aí e punhetaço logo após a refeição"
1:52:40,6760,natantf18,NatanTF18,neutro,1.0,Fala o endereço
1:52:40,6760,lotuz_aka_king,lotuz_aka_king,neutro,1.0,quero esse de Cho’gath
1:52:44,6764,yuriairesb,YuriAiresB,neutro,1.0,"Ih, não é BakaLover de verdade"
1:52:45,6765,coolmelado,coolmelado,frustrado,1.0,Ele não assiste as lives..😔aff
1:52:56,6776,coolmelado,coolmelado,neutro,1.0,Poser
1:52:57,6777,erickhsn,erickhsn,neutro,1.0,@coolmelado ta trabalhando né
1:53:06,6786,lostcaco,LostCaco,neutro,1.0,@debbyznha é medo da patroa
1:53:07,6787,p3dro,p3dro,neutro,1.0,sr live
1:53:08,6788,rafadesa80,rafadesa80,neutro,1.0,Dahora
1:53:09,6789,coolmelado,coolmelado,engraçado,1.0,É zuera
1:53:11,6791,mumpet_,mumpet_,confuso,1.0,michael jackson?
1:53:13,6793,euma_maria7373,euma_maria7373,neutro,1.0,fala o nome do lugar pai
1:53:15,6795,nniby,nniby,positivo,1.0,boa
1:53:18,6798,caipirinha_2007,caipirinha_2007,neutro,1.0,x-care
1:53:20,6800,4shenkk,4shenkk,positivo,1.0,BOM DEMAIS
1:53:22,6802,guuiilhhbr,guuiilhhbr,neutro,1.0,xkare.liberdade
1:53:22,6802,deyvisonmoraes,DeyvisonMoraes,neutro,1.0,chique
1:53:26,6806,coolmelado,coolmelado,positivo,1.0,CASAL LINDO
1:53:26,6806,guilhi_,Guilhi_,neutro,1.0,já to seguindo
1:53:29,6809,erickhsn,erickhsn,engraçado,1.0,"barriga cheia, pé na areia, por assim dizer"
1:53:30,6810,wintermartins,wintermartins,neutro,1.0,@Xcare.liberdade
1:53:32,6812,stilvox,Stilvox,neutro,1.0,FeelsOkayMan
1:53:33,6813,nniby,nniby,neutro,1.0,xkare.liberdade
1:53:33,6813,pulchram12,pulchram12,neutro,1.0,Daora
1:53:34,6814,natie_martins,natie_martins,confuso,1.0,TEM NO IFOOD???
1:53:35,6815,mateusrangel0,mateusrangel0,neutro,1.0,happy ending na quest
1:53:35,6815,vigarioficial,vigarioficial,neutro,1.0,irado
1:53:36,6816,guilhermesl45,guilhermesl45,neutro,1.0,Xkare.liberdade
1:53:37,6817,deyvisonmoraes,DeyvisonMoraes,neutro,1.0,"Cara nem olha na nossa cara, ta tímido mesmo"
1:53:38,6818,bibobibe,bibobibe,neutro,1.0,fofos
1:53:39,6819,rafadesa80,rafadesa80,neutro,1.0,Dahora!
1:53:39,6819,lucazwayne,LucazWayne,neutro,1.0,A live travou na hora do preço
1:53:44,6824,mateusrangel0,mateusrangel0,confuso,1.0,deu mto xp baka?
1:53:44,6824,caiopinto120887,caiopinto120887,neutro,1.0,Vai embora gracinha vai!
1:53:47,6827,4shenkk,4shenkk,neutro,1.0,0 ASSALTOS 1 BUCHO CHEIO
1:53:49,6829,heartonlyheart,HeartOnlyHeart,neutro,1.0,Ainda vai levar aii
1:53:53,6833,nniby,nniby,positivo,1.0,muito bom
1:53:53,6833,murantos,Murantos,confuso,1.0,Que parte do Japão é essa Baka?
1:53:54,6834,bananils0n_farofa,Bananils0n_farofa,neutro,1.0,Garantiu a janta
1:53:56,6836,natantf18,NatanTF18,neutro,1.0,@xkare.liberdade no insta
1:53:57,6837,erickhsn,erickhsn,engraçado,1.0,"barriga cheia, pé na areia, por assim dizer"
1:53:58,6838,ma3celoo,ma3celoo,confuso,1.0,tudo na faixa ai ?
1:53:58,6838,negligenciagames,negligenciaGames,neutro,1.0,@LucazWayne De 45 a 65
1:53:59,6839,niuz_pv,Niuz_pv,neutro,1.0,StinkyGlitch
1:53:59,6839,heartonlyheart,HeartOnlyHeart,neutro,1.0,que fofinhos
1:54:01,6841,caipirinha_2007,caipirinha_2007,neutro,1.0,live goodend
1:54:08,6848,caroris,caroris,neutro,1.0,eles são muito educados
1:54:10,6850,gir4ldi,gir4ldi,neutro,1.0,saiu grávido
1:54:11,6851,lucazwayne,LucazWayne,neutro,1.0,Show
1:54:12,6852,annoyinger,Annoyinger,neutro,1.0,promocao é 50 com cupom baka10
1:54:14,6854,l_noriuki,l_noriuki,neutro,1.0,xkare.liberdade
1:54:14,6854,el_v1nny,el_v1nny,neutro,1.0,Fez o merchant do dia
1:54:14,6854,niuz_pv,Niuz_pv,neutro,1.0,kk
1:54:16,6856,yuriairesb,YuriAiresB,neutro,1.0,O menino ainda tá no Takoyaki e vendo Pokémon.
1:54:17,6857,caiopinto120887,caiopinto120887,neutro,1.0,Tá cumido.
1:54:18,6858,erickhsn,erickhsn,neutro,1.0,https://www.instagram.com/xkare.liberdade/
1:54:21,6861,deyvisonmoraes,DeyvisonMoraes,neutro,1.0,cara ta com vergonha de comer com a gente
1:54:21,6861,erickhsn,erickhsn,engraçado,1.0,"barriga cheia, pé na areia, por assim dizer"
1:54:24,6864,hellsing0123,hellsing0123,positivo,1.0,gente boa esses dois ai do restaurante
1:54:25,6865,guilhermesl45,guilhermesl45,neutro,1.0,A janta tá garantida
1:54:27,6867,deyvisonmoraes,DeyvisonMoraes,neutro,1.0,elisNom
1:54:33,6873,mateusrangel0,mateusrangel0,engraçado,1.0,"queria ver no japão ganhar coisa de gente amigável em baka, here is brasil filho"
1:54:35,6875,yuriairesb,YuriAiresB,engraçado,1.0,"Ala, quase agradecendo em Japonês, kkkkk"
1:54:36,6876,ma3celoo,ma3celoo,neutro,1.0,"no caso ai, ja ta todo comido"
1:54:37,6877,negligenciagames,negligenciaGames,neutro,1.0,paga escondido baka
1:54:42,6882,erickhsn,erickhsn,neutro,1.0,como dizem né
1:54:43,6883,el_v1nny,el_v1nny,engraçado,1.0,@yuriairesb virou brainrot já kkk
1:54:44,6884,l_noriuki,l_noriuki,positivo,1.0,"comida boa e casal bonito, aprovado!!"
1:54:45,6885,4shenkk,4shenkk,positivo,1.0,BOM DEMAIZE
1:54:46,6886,coolmelado,coolmelado,neutro,1.0,"Sorteia pros subs Baka, esse kare"
1:54:47,6887,negligenciagames,negligenciaGames,neutro,1.0,larga o dinheiro no balcão e sai correndo
1:54:48,6888,pmantis,pmantis,confuso,1.0,assim como?
1:54:50,6890,caroris,caroris,engraçado,0.5,conhece o barriguinha mole?
1:54:55,6895,debbyznha,debbyznha,confuso,1.0,Vc não buga de querer falar em japonês de vez em quando?
1:54:57,6897,mumpet_,mumpet_,neutro,1.0,se despede com um abraço e um beijo
1:55:07,6907,l_noriuki,l_noriuki,engraçado,1.0,o mini endrick vai sair dai uma bolinha
1:55:10,6910,capvaran,capvaran,neutro,1.0,segura meu follow pfv
1:55:11,6911,1caio_gerbelli,1caio_gerbelli,confuso,1.0,É xtare.liberdade o imstagram deles? Coloquei aqui e nao achei
1:55:12,6912,karasu2024,karasu2024,neutro,1.0,Paga pra mim
1:55:13,6913,ayanmelo,ayanmelo,engraçado,1.0,arigato gozai mais
1:55:21,6921,erickhsn,erickhsn,neutro,1.0,@1caio_gerbelli kare
1:55:22,6922,caiopinto120887,caiopinto120887,neutro,1.0,Agradece em japonês ae
1:55:23,6923,j_pauloo,j_pauloo,neutro,1.0,sss
1:55:24,6924,deyvisonmoraes,DeyvisonMoraes,neutro,1.0,Ja é um ponto de retorno legal =D
1:55:24,6924,passarobllue,passarobllue,neutro,1.0,@debbyznha Ele nao sabe falar
1:55:25,6925,coolmelado,coolmelado,engraçado,0.5,É Arigato baka aff😔
1:55:27,6927,l_noriuki,l_noriuki,neutro,1.0,xkare.liberdade
1:55:28,6928,yuriairesb,YuriAiresB,confuso,1.0,Vai guardar um caldo na Mochila?
1:55:29,6929,kotori212,kotori212,neutro,1.0,@1caio_gerbelli xkare.liberdade
1:55:29,6929,negligenciagames,negligenciaGames,positivo,1.0,o dono da loja é muito gente boa
1:55:31,6931,beatrizcrotti,beatrizcrotti,neutro,1.0,Xkare.liberdade
1:55:33,6933,azariellk,azariellk,engraçado,1.0,@l_noriuki so vai sair quando derem comida pra ele KEKW
1:55:34,6934,debbyznha,debbyznha,neutro,1.0,Negócio virar na mochila fudeu
1:55:42,6942,1caio_gerbelli,1caio_gerbelli,engraçado,1.0,@erickhsn Ah sim
1:55:43,6943,4shenkk,4shenkk,positivo,1.0,MUITO FODA ͏
1:55:44,6944,flacoxbt,flacoxbt,engraçado,1.0,kkkkkkkk
1:55:44,6944,negligenciagames,negligenciaGames,neutro,1.0,Aka e Cacique
1:55:44,6944,pulchram12,pulchram12,neutro,1.0,@1caio_gerbelli @xkare.liberdade
1:55:44,6944,lucazwayne,LucazWayne,engraçado,1.0,HypeLUL
1:55:45,6945,natantf18,NatanTF18,neutro,1.0,@xkare.liberdade
1:55:47,6947,ma3celoo,ma3celoo,confuso,1.0,UAKA?
1:55:48,6948,mateusrangel0,mateusrangel0,neutro,1.0,salva o waypoint aí baka pra dar tp
1:55:49,6949,fatalisfps,fatalisFps,neutro,1.0,fofos
1:55:52,6952,azariellk,azariellk,neutro,1.0,Xkare liberdade
1:55:58,6958,p3dro,p3dro,neutro,1.0,eu vi tbm
1:55:59,6959,kthyosu,kthyosu,engraçado,1.0,KKKKKKKKK
1:56:01,6961,peix3manso,peix3manso,engraçado,1.0,kkkkkkkkkkkkkkkkkkk
1:56:01,6961,nunes013,nunes013,engraçado,1.0,KKKKKKKKK
1:56:02,6962,4shenkk,4shenkk,engraçado,1.0,KKKKKKKKKKKKKK
1:56:02,6962,fibbs,フィブス,engraçado,1.0,LUL
1:56:02,6962,l_noriuki,l_noriuki,neutro,1.0,xkare.liberdade
1:56:02,6962,gato_de_patins,gato_de_patins,engraçado,1.0,kkkkkkkk
1:56:03,6963,pedro_9753,pedro_9753,engraçado,1.0,kkkkkkkkkkk
1:56:04,6964,erickhsn,erickhsn,neutro,1.0,sabe mto
1:56:04,6964,heartonlyheart,HeartOnlyHeart,engraçado,1.0,Kkkkkkkkkkkkkk
1:56:04,6964,ripcroww,RipCrowW,engraçado,1.0,kkkkkkkkk
1:56:04,6964,pulchram12,pulchram12,engraçado,1.0,kkkkkkkkkkkkkkkkkkkkkk
1:56:04,6964,guuiilhhbr,guuiilhhbr,engraçado,1.0,kkkkkkk
1:56:05,6965,l_noriuki,l_noriuki,neutro,1.0,ISJISJISJS
1:56:05,6965,guilhi_,Guilhi_,engraçado,1.0,kkkkkkkkkkkkkkkkkkkk
1:56:06,6966,guilhermesl45,guilhermesl45,engraçado,1.0,Kkkkkkk
1:56:06,6966,bananils0n_farofa,Bananils0n_farofa,engraçado,1.0,KKKKKKKKKKK
1:56:06,6966,mrdarkku,mrdarkku,engraçado,1.0,KKKKKKKKKKKKK
1:56:06,6966,carolinenaomii,CarolineNaomii,engraçado,1.0,Kkkk
1:56:06,6966,deyvisonmoraes,DeyvisonMoraes,engraçado,1.0,kkkkkkkkkkkkkkk
1:56:06,6966,souzaa_23_,Souzaa_23_,engraçado,1.0,kkkkkkkkkkkkkkkkkk
1:56:07,6967,fatalisfps,fatalisFps,engraçado,1.0,kkkkkkkkkkkkkkk
1:56:07,6967,yuriairesb,YuriAiresB,engraçado,1.0,kkkkkkkkkkkkkkkkkkkkkkkk
1:56:07,6967,souzaa_23_,Souzaa_23_,frustrado,1.0,pqp
1:56:08,6968,4shenkk,4shenkk,neutro,1.0,MENOR SABE
1:56:08,6968,l_noriuki,l_noriuki,engraçado,1.0,KKKKKKKKKKKKKK
1:56:08,6968,arki_core1,arki_core1,neutro,1.0,kakakakaakaa
1:56:08,6968,syzygio,syzygio,confuso,1.0,hã?
1:56:08,6968,rafadesa80,rafadesa80,engraçado,1.0,Hahahahahaha
1:56:08,6968,lucazwayne,LucazWayne,engraçado,1.0,Kkkkkkkk
1:56:09,6969,duckn_00,duckn_00,engraçado,1.0,kkkkkkkkkkkkkkk
1:56:09,6969,caipirinha_2007,caipirinha_2007,neutro,1.0,yarmal
1:56:09,6969,passarobllue,passarobllue,engraçado,1.0,Nao entrosa com criança desconhecida nao
1:56:09,6969,a_palavra_cabalistica_eh,凹凸凹凸凹凸凹凸凹凸凹,engraçado,1.0,kkkkkkkkkkkk
1:56:11,6971,fatalisfps,fatalisFps,neutro,1.0,sabe demais
1:56:11,6971,fibbs,フィブス,neutro,1.0,farmou aura né @BakaGaijinLive
1:56:11,6971,levini01,LeVini01,engraçado,1.0,kkkkkkkkkkkkkkkkkkk
1:56:11,6971,dudueyes,DuduEyes,engraçado,1.0,kkkkkkkkkkkkkkkkkkk
1:56:11,6971,hoatsu,Hoatsu,engraçado,1.0,kkkkkkkkkkkkkkkk
1:56:12,6972,deyvisonmoraes,DeyvisonMoraes,neutro,1.0,pocas ideia
1:56:12,6972,astolfo_de_pantufa,astolfo_de_pantufa,engraçado,1.0,kkkkkkkkkkkkkkkk
1:56:12,6972,ma3celoo,ma3celoo,engraçado,1.0,KKKKKKKK
1:56:12,6972,debbyznha,debbyznha,engraçado,1.0,Kkkkkkkkkkk
1:56:13,6973,l_noriuki,l_noriuki,engraçado,1.0,MOGADO PELO MINI ENDRICK
1:56:13,6973,licht_zayy,licht_zayy,engraçado,1.0,Kkkkkkkkkkk
1:56:13,6973,p3dro,p3dro,engraçado,1.0,mogado pelo endrick
1:56:13,6973,guuiilhhbr,guuiilhhbr,engraçado,1.0,frases de sabedoria
1:56:15,6975,duil9,duil9,engraçado,1.0,Endrick ta desmoralisado
1:56:17,6977,suplaia,suplaia,neutro,1.0,lamiau
1:56:17,6977,pulchram12,pulchram12,engraçado,1.0,KKKKKKKKKKKKKKKKKKK
1:56:17,6977,coolmelado,coolmelado,neutro,1.0,Poucas
1:56:19,6979,niuz_pv,Niuz_pv,engraçado,1.0,kkkkkkkkkkkkkkkkkkkkkk
1:56:20,6980,kthyosu,kthyosu,engraçado,1.0,o endrick nem joga
1:56:21,6981,guilhi_,Guilhi_,positivo,1.0,eu gosto
1:56:21,6981,jeffstaz,jeffstaz,neutro,1.0,Skks
1:56:23,6983,natanzinb27,natanzinb27,engraçado,1.0,Tinha que falar six seven primeiro
1:56:23,6983,carolinenaomii,CarolineNaomii,neutro,1.0,Q constrangedor
1:56:24,6984,murantos,Murantos,confuso,1.0,Pode mostrar o pito no japao?
1:56:29,6989,gir4ldi,gir4ldi,neutro,1.0,moggado
1:56:30,6990,lucazwayne,LucazWayne,positivo,0.5,Foda-de o Endrik
1:56:30,6990,karasu2024,karasu2024,engraçado,1.0,Kkkkkkkkkkk
1:56:31,6991,annoyinger,Annoyinger,neutro,1.0,idolo é quem levanta caneco
1:56:31,6991,caroris,caroris,engraçado,1.0,fofo KKKKKKKKKKKK
1:56:31,6991,bakalovers,bakalovers,positivo,0.667,Cheer1 aí depois joga sem amor a seleção. Tá aí o motivo
1:56:32,6992,syzygio,syzygio,confuso,1.0,"ele falou em infantil, nao entendi nada"
1:56:34,6994,rafadesa80,rafadesa80,engraçado,1.0,Endrik cagou pro Braga
1:56:34,6994,pulchram12,pulchram12,neutro,1.0,Mine Yamal
1:56:35,6995,ayanmelo,ayanmelo,neutro,1.0,"""ta tirando, aqui é Lamine Yamal"""
1:56:37,6997,caipirinha_2007,caipirinha_2007,neutro,1.0,yarmal ganhou a copa
1:56:38,6998,duil9,duil9,confuso,1.0,Isso ai é na India mano?
1:56:43,7003,ma3celoo,ma3celoo,neutro,1.0,era pra falar Raphinha
1:56:45,7005,annoyinger,Annoyinger,neutro,1.0,calma baka... ele só tinha a pele escura
1:56:48,7008,leromll,leromll,neutro,1.0,buxim cheim
1:56:52,7012,rafadesa80,rafadesa80,engraçado,1.0,Endrik o caralho
1:56:54,7014,coolmelado,coolmelado,engraçado,1.0,"""Olha o Endrik"" na cara do mlk kkkk"
1:56:55,7015,duil9,duil9,neutro,1.0,Parece a India
1:56:56,7016,niuz_pv,Niuz_pv,engraçado,1.0,kkkkkkk
1:56:56,7016,jose_lucas249,jose_lucas249,confuso,1.0,quando voce vai jogar futebol em live baka?
1:56:57,7017,debbyznha,debbyznha,neutro,1.0,@duil9 Cara pior q tem hora q lembra
1:56:58,7018,lucazwayne,LucazWayne,neutro,1.0,Chegou em casa
1:56:59,7019,caroris,caroris,engraçado,1.0,ele respondendo e virando o rosto KKKKKKKK
1:56:59,7019,nunes013,nunes013,neutro,1.0,esse chao com a logo do OBS
1:57:00,7020,suplaia,suplaia,neutro,1.0,oloco uma galinha
1:57:00,7020,jeffstaz,jeffstaz,engraçado,0.5,"Não sei sobre futebol, mas não era do cristianismo ronaldo?"
1:57:01,7021,passarobllue,passarobllue,neutro,1.0,Voce esta sendo racista baka
1:57:03,7023,caipirinha_2007,caipirinha_2007,neutro,1.0,e a sacola
1:57:05,7025,themonalizard,themonalizard,neutro,1.0,novembro to aí na liberdade aí num fim de semana
1:57:05,7025,guilhi_,Guilhi_,engraçado,1.0,pelo menos seria atropelado de bucho cheio
1:57:07,7027,heartonlyheart,HeartOnlyHeart,neutro,1.0,Agora vai andar remando
1:57:11,7031,erickhsn,erickhsn,engraçado,1.0,2hrinhas ta pago
1:57:11,7031,karasu2024,karasu2024,engraçado,1.0,Kkkkkkkkkkk
1:57:12,7032,guilhermesl45,guilhermesl45,neutro,1.0,Rendeu muito
1:57:13,7033,suplaia,suplaia,neutro,1.0,rendeu pakas slc
1:57:13,7033,yuriairesb,YuriAiresB,neutro,1.0,"Moleque quase fala ""Não me ofenda"""
1:57:15,7035,deyvisonmoraes,DeyvisonMoraes,neutro,1.0,Teve até enquadro da polícia
1:57:16,7036,rafadesa80,rafadesa80,neutro,1.0,Aqui é Lamen e Amal
1:57:17,7037,gaelicgallowglass,gaelicgallowglass,neutro,1.0,"rapaz, a diferença das lives japão x sp e muito grande, que ambiente insalubre"
1:57:19,7039,peix3manso,peix3manso,confuso,1.0,@passarobllue ???
1:57:24,7044,lucazwayne,LucazWayne,neutro,1.0,BAITA LIVE
1:57:25,7045,caiopinto120887,caiopinto120887,neutro,1.0,Num rendeu. ( Estou prós caralho)
1:57:25,7045,annoyinger,Annoyinger,neutro,1.0,teve pombo acasalante
1:57:28,7048,kallleu_,kallleu_,confuso,1.0,vai deixar a vod salva ?
1:57:33,7053,evertonryden,evertonryden,engraçado,1.0,kkkkkkkkk
1:57:34,7054,suplaia,suplaia,neutro,1.0,eu quero isso no YT pra semana passada
1:57:35,7055,negligenciagames,negligenciaGames,neutro,1.0,NÃO PODE GRAVAR
1:57:36,7056,rafadesa80,rafadesa80,neutro,1.0,ABSOLUTE LIVE
1:57:38,7058,caipirinha_2007,caipirinha_2007,neutro,1.0,live rendeu
1:57:39,7059,coolmelado,coolmelado,neutro,1.0,"Ele cobre a boca pra cuspir, igual o Crazynear"
1:57:40,7060,omafrazx,oMafrazx,confuso,1.0,fala qual foi o livro que vc assinou?
1:57:41,7061,coquinhageladaaaaaaa,coquinhageladaaaaaaa,neutro,1.0,comido de graça
1:57:41,7061,sousply,sousply,neutro,1.0,preso no parque
1:57:41,7061,debbyznha,debbyznha,confuso,1.0,Vc nunca trocou os idiomas sem querer?
1:57:42,7062,guilhi_,Guilhi_,neutro,1.0,assinou o death note
1:57:42,7062,passarobllue,passarobllue,neutro,1.0,@peix3manso Oh irmao live humorística é tudo ironia
1:57:42,7062,grayoden,Grayoden,neutro,1.0,AURA
1:57:43,7063,p3dro,p3dro,neutro,1.0,foi mogado
1:57:46,7066,yuriairesb,YuriAiresB,neutro,1.0,Já garantiu o Enquadros de Moto do X-Racing
1:57:49,7069,licht_zayy,licht_zayy,neutro,1.0,Usando o @ pra comer de graça óia
1:57:50,7070,kthyosu,kthyosu,engraçado,1.0,foi moggado pela crianca
1:57:51,7071,deyvisonmoraes,DeyvisonMoraes,neutro,1.0,Fez cara de nojo ainda
1:57:51,7071,gaelicgallowglass,gaelicgallowglass,neutro,1.0,olha essas ruas eternamente em obras tudo fodida
1:57:53,7073,bakalovers,bakalovers,positivo,0.5,Cheer1 próximo encontro dos Bakalovers será no restaurante
1:57:53,7073,rafadesa80,rafadesa80,neutro,1.0,@suplaia DPIS
1:57:53,7073,peix3manso,peix3manso,neutro,1.0,@passarobllue retardado
1:57:59,7079,laicfer,Laicfer,confuso,1.0,isso ai é shibuya ?
1:58:05,7085,niuz_pv,Niuz_pv,neutro,1.0,era bobby charltom
1:58:07,7087,p3dro,p3dro,engraçado,1.0,kkk
1:58:07,7087,ma3celoo,ma3celoo,neutro,1.0,eita
1:58:08,7088,erickhsn,erickhsn,confuso,1.0,poquito
1:58:09,7089,fibbs,フィブス,engraçado,1.0,LUL
1:58:09,7089,p3dro,p3dro,neutro,1.0,la vem
1:58:09,7089,kthyosu,kthyosu,engraçado,1.0,KKKKKKK
1:58:10,7090,passarobllue,passarobllue,neutro,1.0,@peix3manso AKAPAKPAKAPAAKPAK
1:58:11,7091,pulchram12,pulchram12,confuso,1.0,????
1:58:12,7092,stilvox,Stilvox,neutro,1.0,Puts
1:58:13,7093,rafadesa80,rafadesa80,frustrado,1.0,Puta merda
1:58:13,7093,l_noriuki,l_noriuki,neutro,1.0,NAOOO
1:58:13,7093,el_v1nny,el_v1nny,confuso,1.0,Uno poquito
1:58:14,7094,bigwasted88,bigwasted88,neutro,1.0,tokyo ta meio diferente
1:58:15,7095,oriioon_,oriioon_,engraçado,1.0,vtnc kkkkkkkkkkkkk
1:58:15,7095,4shenkk,4shenkk,confuso,1.0,?:????????????????
1:58:15,7095,omafrazx,oMafrazx,neutro,1.0,roubado
1:58:15,7095,nunes013,nunes013,neutro,1.0,aiai
1:58:15,7095,debbyznha,debbyznha,neutro,1.0,Assinou o death note tbm
1:58:15,7095,kthyosu,kthyosu,confuso,1.0,que isso
1:58:16,7096,guuiilhhbr,guuiilhhbr,engraçado,1.0,wtf kkkk
1:58:16,7096,l_noriuki,l_noriuki,neutro,1.0,SIDE QUEST
1:58:16,7096,omafrazx,oMafrazx,engraçado,1.0,kkkk
1:58:16,7096,guilhermesl45,guilhermesl45,engraçado,1.0,Kkkkkkk
1:58:17,7097,j_pauloo,j_pauloo,engraçado,1.0,o roteiro vai se criando kkk
1:58:17,7097,annoyinger,Annoyinger,confuso,1.0,meteu essa?
1:58:17,7097,stilvox,Stilvox,neutro,1.0,O o golpe aí
1:58:18,7098,lostcaco,LostCaco,neutro,1.0,COCONUT
1:58:18,7098,pulchram12,pulchram12,engraçado,1.0,KKKKKKKKKKKKKKKKKKKKK
1:58:18,7098,mateusrangel0,mateusrangel0,positivo,0.5,pqp essa quest ai nao vai ser boa nao
1:58:19,7099,azariellk,azariellk,neutro,1.0,ja compra uno
1:58:19,7099,ripcroww,RipCrowW,engraçado,1.0,KKKKKKKKKKKK
1:58:19,7099,mrdarkku,mrdarkku,neutro,1.0,mais uma quest
1:58:20,7100,murantos,Murantos,confuso,1.0,é o chaves???????
1:58:20,7100,imatt182,imatt182,neutro,1.0,Filho do Chaves
1:58:20,7100,coolmelado,coolmelado,neutro,1.0,É sim
1:58:21,7101,fatalisfps,fatalisFps,engraçado,0.667,kkkkkkkkkk e la vamos nos
1:58:21,7101,bakehikari,bakehikari,engraçado,1.0,oh o golpe kkkkkk
1:58:21,7101,nyd_sanryn,Nyd_Sanryn,engraçado,1.0,Nen ferr4ndo jkkkkkkkkkkkkkk
1:58:21,7101,caiopinto120887,caiopinto120887,neutro,1.0,Caraí o caba num para!
1:58:22,7102,ma3celoo,ma3celoo,neutro,1.0,UM POKITO
1:58:22,7102,leromll,leromll,neutro,1.0,chaves
1:58:22,7102,passarobllue,passarobllue,engraçado,1.0,Borrito
1:58:23,7103,beatrizcrotti,beatrizcrotti,neutro,1.0,Terra do chaves
1:58:23,7103,evertonryden,evertonryden,neutro,1.0,la vem
1:58:23,7103,zerolast_,zerolast_,neutro,1.0,coisas que acontecem só qnd abre live kk
1:58:23,7103,rafadesa80,rafadesa80,neutro,1.0,É hoje
1:58:23,7103,debbyznha,debbyznha,neutro,1.0,Sai correndo fi
1:58:24,7104,sir_wonka0,sir_wonka0,neutro,1.0,Ih rpz
1:58:24,7104,omafrazx,oMafrazx,neutro,1.0,aqui foi
1:58:26,7106,lithiumsoda,lithiumsoda,neutro,1.0,mais uma side quest
1:58:26,7106,bookerr1,bookerr1,neutro,1.0,golpe
1:58:27,7107,lostcaco,LostCaco,neutro,1.0,CARECA DO COCOUNUT
1:58:27,7107,a_palavra_cabalistica_eh,凹凸凹凸凹凸凹凸凹凸凹,engraçado,1.0,hj é dia do conteudo kkkkk
1:58:27,7107,natie_martins,natie_martins,neutro,1.0,Acapulco
1:58:28,7108,leromll,leromll,neutro,1.0,caiu
1:58:28,7108,sir_wonka0,sir_wonka0,neutro,1.0,Ja era
1:58:28,7108,guilhi_,Guilhi_,engraçado,1.0,kkkkkkkkkkkkkkkkk
1:58:29,7109,nunes013,nunes013,neutro,1.0,baka ta farmando side quest hoje
1:58:29,7109,lara_bento,Lara_bento,neutro,1.0,Vai levar golpe ao vivo
1:58:29,7109,licht_zayy,licht_zayy,neutro,1.0,E Dale quest
1:58:29,7109,l_noriuki,l_noriuki,neutro,1.0,"SIDE QUEST, COMPRAR PULSEIRA"
1:58:29,7109,arki_core1,arki_core1,neutro,1.0,akakaaaka
1:58:29,7109,fibbs,フィブス,neutro,1.0,CaitThinking
1:58:30,7110,erickhsn,erickhsn,neutro,1.0,artesanato
1:58:30,7110,martievis,Martievis,neutro,1.0,como e q e
1:58:31,7111,euma_maria7373,euma_maria7373,neutro,1.0,carai acapulco
1:58:31,7111,guuiilhhbr,guuiilhhbr,confuso,1.0,ar condicionado?
1:58:31,7111,flacoxbt,flacoxbt,neutro,1.0,scam
1:58:31,7111,levini01,LeVini01,engraçado,1.0,arriba
1:58:31,7111,giorootz,giorootz,neutro,1.0,vai cair no golpe
1:58:31,7111,4shenkk,4shenkk,neutro,1.0,NÃO ACABAM AS SIDEQUESTS
1:58:32,7112,p3dro,p3dro,neutro,1.0,analise
1:58:32,7112,martievis,Martievis,neutro,1.0,KEKW
1:58:32,7112,victorfernandessss,VictorFernandessss,engraçado,1.0,Mentira kkkkkkkkkkk
1:58:33,7113,heartonlyheart,HeartOnlyHeart,neutro,1.0,ele sempre cai
1:58:33,7113,mumpet_,mumpet_,confuso,1.0,q espanhol é esse?
1:58:34,7114,king2mc,king2mc,engraçado,1.0,foi o Endrick agora o Chavez
1:58:34,7114,rafadesa80,rafadesa80,neutro,1.0,Artesanato
1:58:34,7114,negligenciagames,negligenciaGames,neutro,1.0,VAI TER QUE COMPRAR
1:58:34,7114,guimartss,guimartss,neutro,1.0,a era
1:58:35,7115,passarobllue,passarobllue,neutro,1.0,Diz que ta com vontade de cagar e corre baka
1:58:35,7115,samoliveiraw,samoliveiraw,neutro,1.0,golpe
1:58:35,7115,micalevisk,micalevisk,confuso,1.0,un poquito = nada
1:58:35,7115,4shenkk,4shenkk,engraçado,1.0,KKKKKKKKKKKKKKKKKKKKK
1:58:35,7115,caroris,caroris,engraçado,1.0,socorro KKKKKKKKKKK
1:58:35,7115,niuz_pv,Niuz_pv,neutro,1.0,chispitiro
1:58:35,7115,debbyznha,debbyznha,neutro,1.0,Corre eh golpe
1:58:35,7115,zukira5,Zukira5,engraçado,1.0,kkkkkkkkk
1:58:36,7116,hoatsu,Hoatsu,engraçado,1.0,legal kkkkkk
1:58:36,7116,kkgoji,kkgoji,engraçado,0.5,KKKKKKKK puta merda
1:58:36,7116,el_v1nny,el_v1nny,neutro,1.0,Mais sidequest
1:58:36,7116,beatrizcrotti,beatrizcrotti,neutro,1.0,Legal
1:58:37,7117,velh666,velh666,neutro,1.0,perdeu
1:58:37,7117,souzaa_23_,Souzaa_23_,neutro,1.0,chaves
1:58:38,7118,jeffstaz,jeffstaz,neutro,1.0,Skks
1:58:38,7118,vibecoder256,vibecoder256,engraçado,1.0,KKKKKKKKKKKKKKKKKKKK
1:58:38,7118,nunes013,nunes013,neutro,1.0,AGORA TEM Q LEVAR
1:58:38,7118,rafadesa80,rafadesa80,neutro,1.0,Compra aí
1:58:39,7119,azariellk,azariellk,neutro,1.0,Ja compra
1:58:39,7119,euprocopio,euProcopio,neutro,1.0,comekié
1:58:40,7120,hanyche,hanyche,engraçado,1.0,tem nao kkkkkkkkkkkk
1:58:41,7121,coolmelado,coolmelado,neutro,1.0,LOST 50 RS
1:58:41,7121,natanzinb27,natanzinb27,neutro,1.0,Ele n sabe dizer não
1:58:42,7122,heartonlyheart,HeartOnlyHeart,neutro,1.0,Ele é tímido pra não cair em golpe
1:58:42,7122,flacoxbt,flacoxbt,neutro,1.0,"Golpe, vaza"
1:58:42,7122,guuiilhhbr,guuiilhhbr,engraçado,0.667,kkkkk condicao é foda kk
1:58:43,7123,beatrizcrotti,beatrizcrotti,neutro,1.0,KKAKAKKAKAKSKWKWKSLSKSKS
1:58:44,7124,azariellk,azariellk,neutro,1.0,foi fisgado ja compra
1:58:45,7125,cezar1ana,cezar1ana,neutro,1.0,ta quebrado
1:58:46,7126,ayanmelo,ayanmelo,neutro,1.0,tem sim mentiroso
1:58:47,7127,bakalovers,bakalovers,positivo,1.0,Cheer1 essa é quest de perder dinheiro. Trap
1:58:47,7127,elias_resh,elias_resh,neutro,1.0,CAIU NO GOLPE
1:58:47,7127,bigwasted88,bigwasted88,neutro,1.0,golpe pesado
1:58:47,7127,benzinhoyt,benzinhoyt,neutro,1.0,"CORRE BAKA, ESSA QUEST É FURADA"
1:58:47,7127,4shenkk,4shenkk,neutro,1.0,MENOS 50
1:58:48,7128,a_palavra_cabalistica_eh,凹凸凹凸凹凸凹凸凹凸凹,neutro,1.0,COMEU DE GRAÇA AJUDA
1:58:49,7129,jsa051,jsa051,engraçado,1.0,Kkkkk
1:58:50,7130,p3dro,p3dro,neutro,1.0,20
1:58:50,7130,kotori212,kotori212,neutro,1.0,ih o golpe
1:58:51,7131,flacoxbt,flacoxbt,engraçado,1.0,20reais kkkkkkkkkkkkkkkkkkkkkkkkkkkkkkkkkkkk
1:58:51,7131,negligenciagames,negligenciaGames,neutro,1.0,caro
1:58:51,7131,erickhsn,erickhsn,neutro,1.0,taporra
1:58:52,7132,lazzyin,lazzyin,confuso,1.0,VINTE?
1:58:52,7132,p3dro,p3dro,neutro,1.0,slk
1:58:53,7133,vibecoder256,vibecoder256,confuso,1.0,20????
1:58:53,7133,samoliveiraw,samoliveiraw,neutro,1.0,F
1:58:53,7133,l_noriuki,l_noriuki,neutro,1.0,20 REAIS
1:58:53,7133,dudueyes,DuduEyes,neutro,1.0,tapoha
1:58:53,7133,martievis,Martievis,neutro,1.0,KARALHO
1:58:53,7133,kodarke,kodarke,confuso,1.0,VINTE?
1:58:54,7134,sukiiny,Sukiiny,engraçado,1.0,IH KKKKK
1:58:54,7134,kthyosu,kthyosu,confuso,1.0,VINTE?
1:58:54,7134,giorootz,giorootz,neutro,1.0,20 PAU
1:58:54,7134,rafadesa80,rafadesa80,neutro,1.0,Porra
1:58:55,7135,deyvisonmoraes,DeyvisonMoraes,neutro,1.0,"oloco, 20 conto"
1:58:55,7135,stilvox,Stilvox,engraçado,0.667,O mais barato é foda kkkkkk
1:58:55,7135,passarobllue,passarobllue,neutro,1.0,KAPAKAPAKAP MAS IA PAGAR O PRATAO NE
1:58:55,7135,duil9,duil9,engraçado,0.667,O Baka sem condiçao? kkkk
1:58:56,7136,vigarioficial,vigarioficial,neutro,1.0,ajuda
1:58:56,7136,suplaia,suplaia,neutro,1.0,TAAA PORRAAAA
1:58:56,7136,ma3celoo,ma3celoo,confuso,1.0,vc gosta de ar condicionado ??
1:58:56,7136,iglu11,iglu11,confuso,1.0,Vinte?
1:58:56,7136,xabriel98,Xabriel98,neutro,1.0,é golpe
1:58:56,7136,francapjl,Francapjl,engraçado,1.0,kkkkkkkkkkkkkkkkkkkk
1:58:56,7136,heartonlyheart,HeartOnlyHeart,neutro,1.0,Baka não
1:58:56,7136,micalevisk,micalevisk,neutro,1.0,pergunta pra ele sobre Chaves
1:58:56,7136,mrdarkku,mrdarkku,confuso,1.0,VINTE?
1:58:56,7136,debbyznha,debbyznha,neutro,1.0,Já daí comprar o bagulho
1:58:57,7137,karasu2024,karasu2024,engraçado,1.0,Kkkkkkkkkkk
1:58:57,7137,4shenkk,4shenkk,engraçado,1.0,KKKKKKKKKKKKKKKKKKKKKKK
1:58:57,7137,beatrizcrotti,beatrizcrotti,engraçado,1.0,20 KLKLKKKLL
1:58:58,7138,nikomarx,Nikomarx,confuso,1.0,20?
1:58:58,7138,duckn_00,duckn_00,engraçado,1.0,kkkkkkkkkkkkkkkkk
1:58:58,7138,bigwasted88,bigwasted88,engraçado,1.0,vinte kkkkkkkk
1:58:58,7138,annoyinger,Annoyinger,neutro,1.0,da a comida da bolsa pra ele
1:58:58,7138,useroldwine,useroldwine,engraçado,1.0,Kkkkkk
1:58:59,7139,ripcroww,RipCrowW,neutro,1.0,hoje é não
1:58:59,7139,guilhermesl45,guilhermesl45,engraçado,1.0,Kkkkkkkkk
1:58:59,7139,lucdms,lucdms,neutro,1.0,CUIDA PAPAI
1:59:00,7140,l_noriuki,l_noriuki,neutro,1.0,"20 CONTO, TA DOIDO"
1:59:01,7141,guuiilhhbr,guuiilhhbr,engraçado,1.0,kkkkkk
1:59:01,7141,zerolast_,zerolast_,engraçado,1.0,kkkkkkkkkkkkkkkkkkkkk
1:59:01,7141,mumpet_,mumpet_,neutro,1.0,duas de 10
1:59:01,7141,heartonlyheart,HeartOnlyHeart,neutro,1.0,Baka saii
1:59:01,7141,kallleu_,kallleu_,neutro,1.0,"o golpe ta ai, cai quem e baka"
1:59:01,7141,sir_wonka0,sir_wonka0,neutro,1.0,-20
1:59:01,7141,rafadesa80,rafadesa80,neutro,1.0,Taporra
1:59:02,7142,beatrizcrotti,beatrizcrotti,engraçado,1.0,KKKAKAKAKSKAKAKAKAKSKLS
1:59:02,7142,debbyznha,debbyznha,neutro,1.0,Sai daí fi
1:59:02,7142,suplaia,suplaia,neutro,1.0,scamer
1:59:02,7142,tiaoagiota,TiaoAgiota,neutro,1.0,L
1:59:03,7143,kthyosu,kthyosu,neutro,1.0,vinte é sacanagem
1:59:04,7144,lucdms,lucdms,engraçado,1.0,VIXI MARIA
1:59:04,7144,kodarke,kodarke,engraçado,1.0,LULE
1:59:04,7144,hoatsu,Hoatsu,neutro,1.0,3
1:59:04,7144,guilhi_,Guilhi_,engraçado,1.0,kkkkkkkkkkkkkkkkkkkkkk
1:59:05,7145,fibbs,フィブス,engraçado,1.0,kkkkkkkkkkkkkkkkkkkkkkk
1:59:05,7145,duckn_00,duckn_00,engraçado,1.0,VINTE kkkkkkkkkkk
1:59:06,7146,hoatsu,Hoatsu,engraçado,1.0,kkkkkkkkkk
1:59:06,7146,ayanmelo,ayanmelo,neutro,1.0,da o Kare
1:59:06,7146,4shenkk,4shenkk,neutro,1.0,MEUDEUS
1:59:06,7146,jsa051,jsa051,positivo,1.0,Cheer1
1:59:06,7146,magnusnoos,MAGNUSnoos,neutro,1.0,hoje nao tem como
1:59:07,7147,vigarioficial,vigarioficial,engraçado,1.0,riqueza partilhada é abençoada
1:59:07,7147,vibecoder256,vibecoder256,neutro,1.0,hm
1:59:08,7148,jeffstaz,jeffstaz,neutro,1.0,Faz o l
1:59:08,7148,hanyche,hanyche,confuso,1.0,3?
1:59:08,7148,guuiilhhbr,guuiilhhbr,neutro,1.0,o negociador
1:59:09,7149,pulchram12,pulchram12,neutro,1.0,Não tenho esmola amigo
1:59:09,7149,edos,EdOs,engraçado,1.0,hahaha
1:59:10,7150,iglu11,iglu11,confuso,1.0,10 3? 10
1:59:10,7150,debbyznha,debbyznha,neutro,1.0,MANO
1:59:11,7151,euprocopio,euProcopio,confuso,1.0,de 20 por 10?
1:59:11,7151,beatrizcrotti,beatrizcrotti,engraçado,1.0,LLKLKKKLLKLKKK
1:59:11,7151,karasu2024,karasu2024,neutro,1.0,Compra um
1:59:12,7152,natie_martins,natie_martins,neutro,1.0,Bora Baka
1:59:12,7152,jeeh3006,Jeeh3006,engraçado,1.0,Kkkkkkkk
1:59:12,7152,omafrazx,oMafrazx,neutro,1.0,tomou
1:59:12,7152,guilhermesl45,guilhermesl45,engraçado,1.0,Kkkkkkk
1:59:13,7153,mateusrangel0,mateusrangel0,neutro,1.0,essa quest aí é loucura
1:59:13,7153,victorfernandessss,VictorFernandessss,neutro,1.0,Se é pra comer dá o Kare pro cara
1:59:13,7153,negligenciagames,negligenciaGames,engraçado,1.0,kkkkkkkkkkk
1:59:13,7153,suplaia,suplaia,neutro,1.0,2 por 10
1:59:13,7153,luis_6253,luis_6253,engraçado,1.0,Kkkķkķkk
1:59:13,7153,deyvisonmoraes,DeyvisonMoraes,engraçado,1.0,Olha que bandido kkkkkkkkkkkk
1:59:13,7153,lara_bento,Lara_bento,engraçado,1.0,já levei muito golpe desse pq fico com pena kkkkk
1:59:14,7154,drigueiraa,Drigueiraa,confuso,1.0,ué
1:59:15,7155,caiopinto120887,caiopinto120887,engraçado,1.0,Compra logo pra se livrar fi kkkk
1:59:15,7155,lh_t3ller,LH_t3ller,neutro,1.0,20 conto slk
1:59:15,7155,giorootz,giorootz,engraçado,1.0,metade do preço ja kkkkk
1:59:16,7156,magnusnoos,MAGNUSnoos,positivo,1.0,8 ta bom
1:59:16,7156,xabriel98,Xabriel98,neutro,1.0,maquininha é golpe
1:59:17,7157,skullomania_br,skullomania_br,engraçado,1.0,chespirito metendo a faca no baka
1:59:17,7157,ma3celoo,ma3celoo,neutro,1.0,ele realmente perguntou se ele gosta de arcondicionado
1:59:17,7157,zerolast_,zerolast_,engraçado,1.0,KKKKKKKKKKKK
1:59:17,7157,guilhi_,Guilhi_,neutro,1.0,scamado
1:59:17,7157,flacoxbt,flacoxbt,neutro,1.0,"F, caiu no scam"
1:59:18,7158,vibecoder256,vibecoder256,engraçado,1.0,KKKKKKKKKKKKKKKKKKKKKKKK
1:59:18,7158,micalevisk,micalevisk,neutro,1.0,scammado no brasil
1:59:19,7159,nunes013,nunes013,neutro,1.0,"ganhou 10 subs ai, da uma força p cara"
1:59:19,7159,useroldwine,useroldwine,engraçado,1.0,Kkkkk
1:59:19,7159,guuiilhhbr,guuiilhhbr,engraçado,1.0,kkkkkkkkkkkkkkkkkk
1:59:19,7159,vigarioficial,vigarioficial,positivo,1.0,brabo
1:59:20,7160,natie_martins,natie_martins,neutro,1.0,Sai sae
1:59:20,7160,lucazwayne,LucazWayne,positivo,1.0,A live só melhora meu Deus!!!
1:59:21,7161,l_noriuki,l_noriuki,neutro,1.0,maquininha vai dar 100
1:59:21,7161,annoyinger,Annoyinger,neutro,1.0,beijo grego isso
1:59:21,7161,omafrazx,oMafrazx,engraçado,1.0,kkkkkkkkkk
1:59:22,7162,jose_lucas249,jose_lucas249,engraçado,1.0,3 kkkkkkkkkk
1:59:23,7163,fatalisfps,fatalisFps,engraçado,1.0,kkkkkkkkkkk
1:59:23,7163,coolmelado,coolmelado,neutro,1.0,Perdeu 10
1:59:23,7163,debbyznha,debbyznha,neutro,1.0,Vai ser clonado
1:59:24,7164,zerolast_,zerolast_,neutro,1.0,scamado d mais
1:59:24,7164,beatrizcrotti,beatrizcrotti,neutro,1.0,Olho grego
1:59:24,7164,jeffstaz,jeffstaz,neutro,1.0,Vai passar 100zao ksks
1:59:25,7165,lostcaco,LostCaco,neutro,1.0,quest do Careca do Coconut
1:59:26,7166,kthyosu,kthyosu,neutro,1.0,um beijo grego fazendo favor
1:59:26,7166,omafrazx,oMafrazx,neutro,1.0,caiu no scam
1:59:27,7167,micalevisk,micalevisk,engraçado,1.0,sorteia pra live Kappa
1:59:28,7168,omafrazx,oMafrazx,engraçado,1.0,kkkk
1:59:28,7168,carolinenaomii,CarolineNaomii,positivo,1.0,A cara dele usar isso Cheer1
1:59:29,7169,ivsdota,ivsdota,neutro,1.0,AJUDA O IMIGRANNTE
1:59:29,7169,heartonlyheart,HeartOnlyHeart,frustrado,1.0,Baka pqp
1:59:30,7170,evertonryden,evertonryden,neutro,1.0,sabia esse golpe veio
1:59:30,7170,l_noriuki,l_noriuki,neutro,1.0,VAI VIR 100 CONTO NA FATURA
1:59:30,7170,negligenciagames,negligenciaGames,engraçado,1.0,primeiro dia já caindo no golpe
1:59:31,7171,4shenkk,4shenkk,neutro,1.0,-10
1:59:31,7171,gustavo011111111,gustavo011111111,engraçado,1.0,20 ta caro kkkkk
1:59:32,7172,beyond_desolation2,Beyond_Desolation2,neutro,1.0,daora pow
1:59:32,7172,kaw_an_,kaw_an_,engraçado,1.0,"ficou muito tempo no japao, num sabe mais correr dos golpe KKKKK"
1:59:32,7172,lucdms,lucdms,neutro,1.0,bjin grego
1:59:33,7173,eujuniorsiiin,euJuniorsiiin,neutro,1.0,-10
1:59:34,7174,guuiilhhbr,guuiilhhbr,engraçado,0.667,obrigado sai sem pagar kkk
1:59:34,7174,rafadesa80,rafadesa80,confuso,1.0,Olho grego? Conheço o beijo grego
1:59:35,7175,natanzinb27,natanzinb27,neutro,1.0,Saldo no cartão depois de -1000
1:59:36,7176,gato_de_patins,gato_de_patins,engraçado,1.0,kkkkkkkkkkkkkk
1:59:36,7176,duckn_00,duckn_00,neutro,1.0,sai correndo agr
1:59:37,7177,passarobllue,passarobllue,neutro,1.0,Vai clonar o cartão
1:59:37,7177,lazzyin,lazzyin,neutro,1.0,Scamado ao vivo
1:59:37,7177,omafrazx,oMafrazx,engraçado,1.0,kkkkkkkkkkkkk
1:59:37,7177,souzaa_23_,Souzaa_23_,neutro,1.0,escamado
1:59:38,7178,1geommy,1geommy,engraçado,1.0,O cara ta negociando com o mexicano kkkkk
1:59:39,7179,kkgoji,kkgoji,engraçado,1.0,KKKKKKKKKKK
1:59:41,7181,coofycoofy,coofycoofy,neutro,1.0,baka n sabe dizer nao
1:59:42,7182,fatalisfps,fatalisFps,neutro,1.0,cuidado com o cartao baka
1:59:42,7182,king2mc,king2mc,engraçado,1.0,roteiro se cria kkkkk
1:59:42,7182,debbyznha,debbyznha,neutro,1.0,Vai levar clone no cartão mano
1:59:42,7182,xabriel98,Xabriel98,neutro,1.0,maquininha vai te roubar
1:59:43,7183,drigueiraa,Drigueiraa,confuso,1.0,alo algum mod pra me ajudar com informação?
1:59:44,7184,guimartss,guimartss,engraçado,1.0,kkkkkkkkkkkkkkkkkk
1:59:44,7184,ma3celoo,ma3celoo,neutro,1.0,F
1:59:44,7184,xabriel98,Xabriel98,engraçado,1.0,kkkkkkkkkkkk
1:59:45,7185,sukiiny,Sukiiny,confuso,1.0,VINTE NAO QUE ISSO
1:59:46,7186,nyd_sanryn,Nyd_Sanryn,neutro,1.0,Virando estatística
1:59:46,7186,lostcaco,LostCaco,engraçado,1.0,kkkkkkkkkkkk só +1
1:59:46,7186,thelovershow,TheLoverShow,neutro,1.0,agora a quest do Mexicano
1:59:47,7187,guilhermesl45,guilhermesl45,neutro,1.0,20 não dá fih
1:59:47,7187,pulchram12,pulchram12,engraçado,1.0,Kkkkkkkkkkk
1:59:48,7188,guuiilhhbr,guuiilhhbr,engraçado,1.0,kkkk oloko
1:59:50,7190,hoatsu,Hoatsu,engraçado,1.0,isso é Brasil kkkkkkk
1:59:50,7190,rafadesa80,rafadesa80,neutro,1.0,Manooooo
1:59:50,7190,negligenciagames,negligenciaGames,neutro,1.0,era só sair
1:59:50,7190,erickhsn,erickhsn,neutro,1.0,baka é mto fofinho
1:59:51,7191,beatrizcrotti,beatrizcrotti,neutro,1.0,Não podia parar pra conversar
1:59:51,7191,heartonlyheart,HeartOnlyHeart,neutro,1.0,"Eu vendo essa a 7 pq eu revendo, o valor msm é 3,50"
1:59:51,7191,karasu2024,karasu2024,engraçado,1.0,Kkkkkkkkkkk
1:59:51,7191,vibecoder256,vibecoder256,neutro,1.0,Pergunta se ele conheceu o chaves em acapulco
1:59:51,7191,jeeh3006,Jeeh3006,neutro,1.0,F
1:59:51,7191,estunado_hattori,estunado_hattori,neutro,1.0,scam ao vivo
1:59:52,7192,caiopinto120887,caiopinto120887,neutro,1.0,Faz o L
1:59:52,7192,magnusnoos,MAGNUSnoos,neutro,1.0,pega mais um
1:59:52,7192,annoyinger,Annoyinger,neutro,1.0,@BakaGaijinLive da a comida da bolsa pra ele
1:59:53,7193,kthyosu,kthyosu,engraçado,0.667,nem parece paulista voce pqpKKKK
1:59:54,7194,fibbs,フィブス,positivo,0.5,tomar scam do mexicano no brasil iria ser foda KEKW
1:59:54,7194,ayanmelo,ayanmelo,neutro,1.0,da o x kare
1:59:54,7194,guuiilhhbr,guuiilhhbr,engraçado,1.0,kkkkkkkkkkkkkkkkkk
1:59:54,7194,beyond_desolation2,Beyond_Desolation2,engraçado,1.0,KKKKKKKKKKKKKKKK
1:59:55,7195,guilhi_,Guilhi_,neutro,1.0,ele vendeu uma dessa pra mim por 5
1:59:55,7195,negligenciagames,negligenciaGames,negativo,1.0,a live não ia achar feio
1:59:55,7195,dudueyes,DuduEyes,neutro,1.0,20 é esculacho
1:59:55,7195,rafadesa80,rafadesa80,engraçado,1.0,Que aleatório
1:59:55,7195,licht_zayy,licht_zayy,engraçado,1.0,Kksskskkk
1:59:55,7195,caipirinha_2007,caipirinha_2007,neutro,1.0,de 20 foi para 10
1:59:55,7195,martievis,Martievis,engraçado,1.0,KKKKKKKK
1:59:56,7196,l_noriuki,l_noriuki,neutro,1.0,100 conto na fatura
1:59:56,7196,evertonryden,evertonryden,neutro,1.0,cartão ja era
1:59:56,7196,lucascampos088,lucascampos088,neutro,1.0,Dois mendigo
1:59:56,7196,elias_resh,elias_resh,engraçado,1.0,"aceitou a quest, agora tem que descobrir praq serve o objeto"
1:59:57,7197,micalevisk,micalevisk,engraçado,1.0,kkkkkkkk
1:59:57,7197,marie_bsts,Marie_Bsts,engraçado,1.0,tomou golpe da pulseirinha kkkkkkk
1:59:57,7197,deyvisonmoraes,DeyvisonMoraes,engraçado,1.0,kkkkkkkkkkkkkkkkkk
1:59:57,7197,arki_core1,arki_core1,neutro,1.0,coitado
1:59:57,7197,duckn_00,duckn_00,neutro,1.0,sai correndo com a pulseira
1:59:58,7198,omafrazx,oMafrazx,neutro,1.0,L
1:59:58,7198,bananils0n_farofa,Bananils0n_farofa,engraçado,1.0,Kkkkkkkkk
1:59:58,7198,yuriairesb,YuriAiresB,neutro,1.0,"Até o Baka chegar na casa dele, o dinheiro economizado do Karê já se esvaiu"
1:59:59,7199,gustavo011111111,gustavo011111111,engraçado,1.0,kkkkkkkkkkkkkkkkkkkkkkkkkkkk
1:59:59,7199,deyvisonmoraes,DeyvisonMoraes,neutro,1.0,a cara dele
1:59:59,7199,el_v1nny,el_v1nny,positivo,1.0,Brasil é foda
1:59:59,7199,skullomania_br,skullomania_br,engraçado,1.0,chespirito meteu a faca no baka
2:00:00,7200,jeffstaz,jeffstaz,neutro,1.0,No Japão não ia acontecer ksks
2:00:00,7200,deyvisonmoraes,DeyvisonMoraes,engraçado,1.0,kkkkkkkkkkkkkkk
2:00:00,7200,debbyznha,debbyznha,neutro,1.0,Corre fi
2:00:00,7200,lucazwayne,LucazWayne,neutro,1.0,Bjo grego
2:00:01,7201,lara_bento,Lara_bento,engraçado,1.0,Kkkkkkkk
2:00:02,7202,rickpowd,リックパウダー,neutro,1.0,@MAGNUSnoos
2:00:02,7202,beatrizcrotti,beatrizcrotti,neutro,1.0,CUIDADO VÊ O VALOR WUE VAI PASSAR
2:00:02,7202,igotz,Igotz,neutro,1.0,PAGOU O JANTAR
2:00:02,7202,guilhermesl45,guilhermesl45,engraçado,1.0,Kkkkkkkkk
2:00:02,7202,azule_lalune,azule_lalune,engraçado,1.0,kkkkkkkkkkkkkkk
2:00:02,7202,luis_6253,luis_6253,neutro,1.0,L
2:00:03,7203,caiopinto120887,caiopinto120887,neutro,1.0,🫪
2:00:03,7203,ma3celoo,ma3celoo,neutro,1.0,FF
2:00:03,7203,coofycoofy,coofycoofy,neutro,1.0,virou estatistica +1
2:00:03,7203,magnusnoos,MAGNUSnoos,engraçado,1.0,kkkkkkk
2:00:03,7203,brendon_bl09,brendon_bl09,neutro,1.0,Ele torcendo pra não ter a maquininha
2:00:03,7203,souzaa_23_,Souzaa_23_,engraçado,1.0,KKKKKKKKKKKK
2:00:05,7205,zukira5,Zukira5,neutro,1.0,bad ending
2:00:06,7206,victorfernandessss,VictorFernandessss,neutro,1.0,Dá o Kare pro cara
2:00:06,7206,levini01,LeVini01,neutro,1.0,alanzTa
2:00:06,7206,camila_mq,Camila_Mq,engraçado,1.0,Kkkkkkkkk
2:00:07,7207,wesleyp2p,wesleyp2p,engraçado,1.0,MKKKKKKKKKK
2:00:07,7207,rafadesa80,rafadesa80,neutro,1.0,Metade do preço
2:00:07,7207,4shenkk,4shenkk,neutro,1.0,VAI COBRAR 100
2:00:08,7208,kkgoji,kkgoji,engraçado,0.667,era melhor falar que nao sabe espanhol kkkk
2:00:08,7208,micalevisk,micalevisk,neutro,1.0,pergunta sobre o chaves
2:00:08,7208,useroldwine,useroldwine,engraçado,1.0,Kkkkk
2:00:09,7209,leomarques_tech,leomarques_tech,neutro,1.0,cartão clonado em 3 2 1
2:00:09,7209,suplaia,suplaia,neutro,1.0,"rapazzzz esse cartão ae, cuidado em"
2:00:10,7210,magnusnoos,MAGNUSnoos,neutro,1.0,@リックパウダー
2:00:10,7210,heartonlyheart,HeartOnlyHeart,positivo,1.0,Pelo amorrr
2:00:10,7210,gato_de_patins,gato_de_patins,neutro,1.0,passou 100
2:00:11,7211,murantos,Murantos,neutro,1.0,No hablo espanol hermano
2:00:11,7211,azariellk,azariellk,neutro,1.0,pagou a janta do velho
2:00:12,7212,erickhsn,erickhsn,neutro,1.0,-100
2:00:12,7212,benzinhoyt,benzinhoyt,neutro,1.0,OLHA O VALOR CERTINHO
2:00:12,7212,coofycoofy,coofycoofy,neutro,1.0,caindo no storytelling
2:00:13,7213,mumpet_,mumpet_,neutro,1.0,-100
2:00:13,7213,omafrazx,oMafrazx,engraçado,1.0,KKKKKKKKKKKKKKKKKKKKKKKKKKKKK
2:00:14,7214,sayon46,sayon46,neutro,1.0,-1k na conta
2:00:14,7214,lara_bento,Lara_bento,neutro,1.0,Só prejuízo
2:00:14,7214,debbyznha,debbyznha,neutro,1.0,Da o resto do kare
2:00:15,7215,deyvisonmoraes,DeyvisonMoraes,neutro,1.0,-100
2:00:16,7216,guuiilhhbr,guuiilhhbr,engraçado,1.0,o negociador kkk
2:00:16,7216,gmagenis,gMagenis,frustrado,1.0,"Perdi a live, pqp"
2:00:16,7216,prophano,Prophano,inspirado,1.0,Cartão clonado com sucesso
2:00:16,7216,sechat_,sechat_,confuso,1.0,caramba oq custa ajudar o cara
2:00:17,7217,kodarke,kodarke,neutro,1.0,Parcela em 13x
2:00:17,7217,nunes013,nunes013,neutro,1.0,passou 10k
2:00:17,7217,pulchram12,pulchram12,engraçado,1.0,kkkkkkkkkkkkkk
2:00:17,7217,ripcroww,RipCrowW,neutro,1.0,-100
2:00:17,7217,passarobllue,passarobllue,neutro,1.0,Passou 100 no débito
2:00:17,7217,eujuniorsiiin,euJuniorsiiin,neutro,1.0,-100
2:00:18,7218,xabriel98,Xabriel98,neutro,1.0,-100
2:00:18,7218,heartonlyheart,HeartOnlyHeart,neutro,1.0,Baka cuidado
2:00:18,7218,ivsdota,ivsdota,neutro,1.0,DEUS TE PAGUE
2:00:18,7218,omafrazx,oMafrazx,neutro,1.0,-1k
2:00:18,7218,velh666,velh666,neutro,1.0,golpe
2:00:18,7218,a_palavra_cabalistica_eh,凹凸凹凸凹凸凹凸凹凸凹,engraçado,1.0,a vida já cobrou a comida de graça kkkkk
2:00:19,7219,drigueiraa,Drigueiraa,neutro,1.0,"paguei 2,50 em uma dessa agora pouco"
2:00:19,7219,fibbs,フィブス,engraçado,0.5,tu viu o valor ? LUL
2:00:19,7219,evertonryden,evertonryden,confuso,1.0,ja era cartão da bloque
2:00:19,7219,laal_s,LaaL_S,engraçado,1.0,todo dia sai um malandro e um otário
2:00:20,7220,l_noriuki,l_noriuki,neutro,1.0,-100
2:00:20,7220,licht_zayy,licht_zayy,neutro,1.0,Tomando golpe kskksksk
2:00:20,7220,debbyznha,debbyznha,confuso,1.0,Levou o clone?
2:00:21,7221,dudueyes,DuduEyes,inspirado,1.0,quando pagou ele aprendeu até portugues
2:00:21,7221,ner0________,NER0________,inspirado,1.0,Nunca mais o baka faz live nesse server
2:00:22,7222,rafadesa80,rafadesa80,neutro,1.0,Comprou o bjo grego
2:00:22,7222,lazzyin,lazzyin,neutro,1.0,o cara passando 100
2:00:22,7222,niuz_pv,Niuz_pv,neutro,1.0,passa milao
2:00:22,7222,kthyosu,kthyosu,neutro,1.0,abestado
2:00:23,7223,p3dro,p3dro,positivo,1.0,boa amiguito
2:00:23,7223,hanyche,hanyche,neutro,1.0,-200
2:00:24,7224,victorfernandessss,VictorFernandessss,neutro,1.0,Clonou o cartão
2:00:24,7224,yuriairesb,YuriAiresB,neutro,1.0,-100
2:00:25,7225,kotori212,kotori212,neutro,1.0,-100
2:00:25,7225,lostcaco,LostCaco,neutro,1.0,compra +1 bjo grego
2:00:26,7226,guipisa,guipisa,engraçado,1.0,Quase tomou botakuri
2:00:26,7226,caiopinto120887,caiopinto120887,neutro,1.0,Agora ele tem seus dados. F
2:00:27,7227,lucazwayne,LucazWayne,positivo,1.0,MELHOR LIVE DE TODAS
2:00:27,7227,zerolast_,zerolast_,engraçado,1.0,kkkkk
2:00:28,7228,karasu2024,karasu2024,engraçado,1.0,Kkkkkkkkkkk
2:00:28,7228,jeeh3006,Jeeh3006,neutro,1.0,-100
2:00:29,7229,beyond_desolation2,Beyond_Desolation2,neutro,1.0,k
2:00:31,7231,carolinenaomii,CarolineNaomii,engraçado,1.0,Ele é muito caridoso ele😭. Nem vai usar
2:00:31,7231,igotz,Igotz,neutro,1.0,-100
2:00:31,7231,beatrizcrotti,beatrizcrotti,neutro,1.0,VINTE CONTO
2:00:31,7231,skullomania_br,skullomania_br,neutro,1.0,vale nem 5 reais
2:00:31,7231,imatt182,imatt182,neutro,1.0,-2000
2:00:31,7231,pulchram12,pulchram12,neutro,1.0,Foi assaltado
2:00:32,7232,l_noriuki,l_noriuki,neutro,1.0,cabou de perder 200 reais
2:00:32,7232,guifts_,guifts_,neutro,1.0,-200
2:00:32,7232,eujuniorsiiin,euJuniorsiiin,neutro,1.0,-100 meu amigo
2:00:33,7233,debbyznha,debbyznha,confuso,1.0,Bloqueia esse cartão
2:00:33,7233,guilhi_,Guilhi_,neutro,1.0,vc passou 100
2:00:33,7233,el_v1nny,el_v1nny,neutro,1.0,Olha o valor no teu banco dps. Pode ser golpe
2:00:33,7233,souzaa_23_,Souzaa_23_,engraçado,1.0,para gringo é mais caro
2:00:34,7234,guilhermesl45,guilhermesl45,neutro,1.0,Live rendendo muito
2:00:35,7235,rafadesa80,rafadesa80,engraçado,1.0,Kkkkkkkkkkk
2:00:36,7236,deyvisonmoraes,DeyvisonMoraes,confuso,1.0,viu quanto ele colocou na maquininha?
2:00:36,7236,kotori212,kotori212,neutro,1.0,-200
2:00:38,7238,kazuyamishima4,kazuyamishima4,neutro,1.0,photokHmm
2:00:38,7238,xabriel98,Xabriel98,neutro,1.0,"rapaz, vc tem q ver quando ele te cobrou na máquina"
2:00:38,7238,wintermartins,wintermartins,neutro,1.0,-80k
2:00:39,7239,velh666,velh666,neutro,1.0,clonou !
2:00:40,7240,hoatsu,Hoatsu,engraçado,1.0,kkkkkkkkkk
2:00:41,7241,nyd_sanryn,Nyd_Sanryn,engraçado,0.667,Devia ter falado japonês pra fingir que não entendia ele Kkkkkkkkkkkkk
2:00:41,7241,stilvox,Stilvox,engraçado,0.5,Já conferiu se foi 10 mesmo? kk
2:00:44,7244,ayanmelo,ayanmelo,neutro,1.0,achou que ia comer de graça e o universo não ia cobrar
2:00:48,7248,kallleu_,kallleu_,neutro,1.0,isso ai e 5 reais aki no rj
2:00:49,7249,xabriel98,Xabriel98,neutro,1.0,quanto*
2:00:49,7249,brendon_bl09,brendon_bl09,engraçado,1.0,ELE OLHANDO KKKKKKKKKKKKKKK
2:00:50,7250,micalevisk,micalevisk,neutro,1.0,respeita a arte do cara meooo
2:00:51,7251,guuiilhhbr,guuiilhhbr,engraçado,1.0,menos aposentadoria
2:00:51,7251,ma3celoo,ma3celoo,neutro,1.0,"sem respeito nenhum, foi muito caro"
2:00:52,7252,grayoden,Grayoden,neutro,1.0,Amem
2:00:52,7252,drigueiraa,Drigueiraa,neutro,1.0,20te da pra comer tranquilo
2:00:54,7254,debbyznha,debbyznha,confuso,1.0,Tá no br a 1 mês e já tem maquininha??
2:00:56,7256,bakalovers,bakalovers,positivo,1.0,"Cheer1 essas side quest são tudo trap, skipa as próximas"
2:00:57,7257,l_noriuki,l_noriuki,neutro,1.0,só vindo fatura de puteiro no cartão agra
2:00:58,7258,yuriairesb,YuriAiresB,neutro,1.0,A máquina tá batizada
2:01:00,7260,evertonryden,evertonryden,confuso,1.0,da bloque em compra online ja
2:01:00,7260,fatalisfps,fatalisFps,engraçado,1.0,20 era meme msm
2:01:01,7261,niuz_pv,Niuz_pv,neutro,1.0,o bobo e o esperto ja se encontaram gente
2:01:05,7265,xabriel98,Xabriel98,neutro,1.0,saiu caro
2:01:06,7266,kotori212,kotori212,neutro,1.0,"""sou eu que faço"""
2:01:08,7268,l_noriuki,l_noriuki,neutro,1.0,só aparecendo 30 compras da casa bahias
2:01:09,7269,grayoden,Grayoden,engraçado,1.0,20 conto a pedrinha
2:01:09,7269,magnusnoos,MAGNUSnoos,neutro,1.0,quest mais fraca do The Witcher
2:01:10,7270,rafadesa80,rafadesa80,neutro,1.0,@ayanmelo Pois e
2:01:10,7270,micalevisk,micalevisk,neutro,1.0,10 conto n da nem pra 1 pedra de crack
2:01:10,7270,erickhsn,erickhsn,positivo,1.0,fez a boa ação do dia
2:01:10,7270,ebuzz250,Ebuzz250,inspirado,1.0,Seu cartão foi clonado com sucesso
2:01:11,7271,giovani6jogadoh,giovani6jogadoh,engraçado,1.0,pra gringo é mais caro
2:01:11,7271,vigarioficial,vigarioficial,neutro,1.0,a pedra e a pinga
2:01:12,7272,passarobllue,passarobllue,neutro,1.0,Levou pra casa uma entidade mexicana nas costas ta amaldiçoado agora
2:01:17,7277,guuiilhhbr,guuiilhhbr,engraçado,1.0,kkkk
2:01:17,7277,caiopinto120887,caiopinto120887,neutro,1.0,Agora vai ter que usar fds
2:01:17,7277,guilhi_,Guilhi_,inspirado,1.0,ajudou um mexicano
2:01:20,7280,bakalovers,bakalovers,positivo,0.5,Cheer1 roteiro se criou
2:01:20,7280,hoatsu,Hoatsu,neutro,1.0,qual a chance de ser abordado por um mexicano na liberdade
2:01:21,7281,bruno_bocca,bruno_bocca,engraçado,1.0,hahahaha
2:01:23,7283,guilhermesl45,guilhermesl45,neutro,1.0,Fic
2:01:23,7283,drigueiraa,Drigueiraa,engraçado,1.0,comprou uma pussyrinha
2:01:24,7284,kthyosu,kthyosu,engraçado,1.0,ta igual turista
2:01:24,7284,fatalisfps,fatalisFps,engraçado,1.0,kkkkkkkkk
2:01:24,7284,azariellk,azariellk,confuso,1.0,oq n pagou na comida pagou ai
2:01:25,7285,coolmelado,coolmelado,confuso,0.667,BAKA PQ VC NAO LEVOU 50 POR 100RS??🤬🤬🤬
2:01:25,7285,azariellk,azariellk,neutro,1.0,KEKW
2:01:27,7287,deyvisonmoraes,DeyvisonMoraes,engraçado,1.0,kkkkkkkkkkkkkkkkkkkkkkk xD
2:01:27,7287,dudueyes,DuduEyes,engraçado,1.0,ganhou um lamem de graça e meteu essa kkkkkkkkkkk
2:01:28,7288,pulchram12,pulchram12,neutro,1.0,Vai fazer falta esses dez no final
2:01:29,7289,murantos,Murantos,positivo,1.0,"Boa ação do dia ta paga, ta liberado a maldade"
2:01:30,7290,negligenciagames,negligenciaGames,engraçado,1.0,verifica como ficou o saldo
2:01:33,7293,passarobllue,passarobllue,neutro,1.0,É os dez que nao pagou no prato
2:01:34,7294,rafadesa80,rafadesa80,neutro,1.0,Comeu de graça mukirána
2:01:34,7294,heartonlyheart,HeartOnlyHeart,neutro,1.0,Epa
2:01:34,7294,yuriairesb,YuriAiresB,neutro,1.0,"Quando é 10, cobra 100, quando é cem, cobra mil"
2:01:36,7296,josimar_manutencoes,JOSIMAR_MANUTENCOES,engraçado,1.0,"O cara é mexicano e em vez de ir pro EUA, veio pro Brasil kkkkkkkkkkk"
2:01:37,7297,guilhermesl45,guilhermesl45,positivo,1.0,Derramou tudo
2:01:38,7298,p3dro,p3dro,engraçado,1.0,kkk
2:01:38,7298,omafrazx,oMafrazx,neutro,1.0,"tu economizou com a comida, tomou golpe do mexicano maluco"
2:01:40,7300,kthyosu,kthyosu,neutro,1.0,vai levar facada
2:01:41,7301,omafrazx,oMafrazx,engraçado,1.0,kkkkkk
2:01:41,7301,king2mc,king2mc,neutro,1.0,compensou o lanche gratis
2:01:42,7302,redwinepie,redwinepie,neutro,1.0,Vai ter que cagar no mato
2:01:43,7303,ma3celoo,ma3celoo,confuso,1.0,Nomade ?
2:01:46,7306,rickpowd,リックパウダー,neutro,1.0,@oMafrazx
2:01:46,7306,danielrsrsrs,danielrsrsrs,neutro,1.0,japao mudou
2:01:51,7311,lh_t3ller,LH_t3ller,engraçado,1.0,@JOSIMAR_MANUTENCOES LUL
2:01:51,7311,caroris,caroris,neutro,1.0,é bonitinha a pulseira que você escolheu pelo menos
2:01:52,7312,ner0________,NER0________,engraçado,1.0,Cheio de eventos aleatórios pelo mapa
2:01:53,7313,stilvox,Stilvox,neutro,1.0,"Falou em roteiro, pensei em coconut"
2:01:54,7314,deyvisonmoraes,DeyvisonMoraes,engraçado,1.0,sorridente ainda
2:01:55,7315,rafadesa80,rafadesa80,neutro,1.0,Cacique é firme
2:02:00,7320,giovani6jogadoh,giovani6jogadoh,neutro,1.0,cacique world tour
2:02:04,7324,rafadesa80,rafadesa80,neutro,1.0,É  a aura do cacique
2:02:08,7328,suplaia,suplaia,neutro,1.0,slc paje insano
2:02:14,7334,niuz_pv,Niuz_pv,neutro,1.0,mais deizao pro cantor
2:02:17,7337,deyvisonmoraes,DeyvisonMoraes,neutro,1.0,Sol sumiu já
2:02:19,7339,coolmelado,coolmelado,neutro,1.0,"Cartão clonado, ja era..maquinhinha satanista"
2:02:20,7340,el_v1nny,el_v1nny,neutro,1.0,Liberdade tá parecendo 25 de março
2:02:22,7342,negligenciagames,negligenciaGames,neutro,1.0,keeta
2:02:26,7346,l_noriuki,l_noriuki,neutro,1.0,cara passar 2 vezes nessa ponte e ainda ficar com a camera é sorte d+
2:02:33,7353,yuriairesb,YuriAiresB,confuso,1.0,Diabé Keeta?
2:02:35,7355,ultragamerbr21,ultragamerbr21,confuso,1.0,Pelo menos desbloqueou personagem novo
2:02:35,7355,rafadesa80,rafadesa80,neutro,1.0,Ss
2:02:36,7356,laal_s,LaaL_S,neutro,1.0,cacete cobra coral
2:02:39,7359,lucazwayne,LucazWayne,engraçado,1.0,Pra fechar com chave de ouro só fala um noia roubar o celular
2:02:40,7360,ma3celoo,ma3celoo,negativo,1.0,que lugar feio
2:02:44,7364,drigueiraa,Drigueiraa,neutro,1.0,vai la
2:02:45,7365,deyvisonmoraes,DeyvisonMoraes,neutro,1.0,Não some
2:02:46,7366,felippefarr,felippefarr,neutro,1.0,raleu
2:02:47,7367,rafadesa80,rafadesa80,neutro,1.0,Naaaaaooo
2:02:51,7371,passarobllue,passarobllue,engraçado,0.5,@l_noriuki Tem muito roubo ai?
2:02:52,7372,erickhsn,erickhsn,neutro,1.0,kare = curry
2:02:53,7373,rafadesa80,rafadesa80,neutro,1.0,Fica!!!!
2:02:53,7373,giorootz,giorootz,confuso,1.0,vai la pra Barra Funda?
2:02:54,7374,bananils0n_farofa,Bananils0n_farofa,neutro,1.0,Raleu raleu
2:02:57,7377,drigueiraa,Drigueiraa,engraçado,1.0,@ma3celoo tu não viu a lapa no rio K
2:03:00,7380,guilhi_,Guilhi_,neutro,1.0,SCORE DE HOJE: 1 death note autografado 1 xkare comido de graça 1 mexicano ajudado 1 expulsão 1 enquadro gravado
2:03:01,7381,nunes013,nunes013,neutro,1.0,ia chegar no RJ mas largaram mao
2:03:02,7382,a_palavra_cabalistica_eh,凹凸凹凸凹凸凹凸凹凸凹,engraçado,1.0,hj o roteiro se criou
2:03:03,7383,deyvisonmoraes,DeyvisonMoraes,neutro,1.0,Faz mais lives
2:03:03,7383,caroris,caroris,inspirado,1.0,faz live a noite
2:03:04,7384,hoatsu,Hoatsu,neutro,1.0,keeta é o ifood da china
2:03:04,7384,rafadesa80,rafadesa80,neutro,1.0,Não vááá
2:03:10,7390,cnbhyperxpele,cnbhyperxpele,engraçado,1.0,cnbhyperxpele subscribed with Prime. They've subscribed for 43 months! Mais um mês aqui
2:03:13,7393,rafadesa80,rafadesa80,neutro,1.0,Cheirando muito
2:03:13,7393,kotori212,kotori212,engraçado,1.0,streamer morre de gripe chinesa
2:03:14,7394,souzaa_23_,Souzaa_23_,engraçado,1.0,ar de sp kkkkkkkkkk
2:03:14,7394,yuriairesb,YuriAiresB,inspirado,1.0,Faz live no ônibus
2:03:19,7399,annoyinger,Annoyinger,neutro,1.0,esconde nois e entra
2:03:21,7401,bananils0n_farofa,Bananils0n_farofa,neutro,1.0,Vai lá
2:03:21,7401,guilhermesl45,guilhermesl45,engraçado,1.0,Tá todo fudido kkkkk
2:03:24,7404,bakalovers,bakalovers,positivo,1.0,Cheer1 leve agt no metrô
2:03:27,7407,ma3celoo,ma3celoo,neutro,1.0,O MEXICANO PERGUNTOU SE VC GOSTAVA DE AR CONDICIONADO
2:03:29,7409,erickhsn,erickhsn,neutro,1.0,AlienDance
2:03:32,7412,ayanmelo,ayanmelo,neutro,1.0,levar facada de graça
2:03:32,7412,suplaia,suplaia,confuso,1.0,"tem um app chamado bong, e nem te conto o que vende"
2:03:33,7413,satesagatha,satesagatha,neutro,1.0,Não esquece que quase morreu atropelado após o autógrafo
2:03:33,7413,hamtarocomunista,hamtarocomunista,confuso,1.0,São Paulo.. ninguém merece
2:03:35,7415,fibbs,フィブス,neutro,1.0,toma um djavu AlienDance
2:03:35,7415,rafadesa80,rafadesa80,neutro,1.0,Joelma
2:03:35,7415,drigueiraa,Drigueiraa,engraçado,0.5,@kotori212 mas esse lugar não é japones?
2:03:35,7415,beatrizcrotti,beatrizcrotti,neutro,1.0,GATINHO BONITINHO
2:03:36,7416,jeeh3006,Jeeh3006,neutro,1.0,DinoDance
2:03:38,7418,azariellk,azariellk,engraçado,1.0,kkkkkkkkkkkkkk
2:03:39,7419,el_v1nny,el_v1nny,neutro,1.0,Voltaram pra 2009 com a musica
2:03:40,7420,anginha5678,anginha5678,engraçado,1.0,Kkkkkkkkkk
2:03:43,7423,caipirinha_2007,caipirinha_2007,neutro,1.0,quase foi para no isekai
2:03:43,7423,azariellk,azariellk,neutro,1.0,rabiscou o livro do cara
2:03:44,7424,deyvisonmoraes,DeyvisonMoraes,engraçado,1.0,kkkkkkkkkkkkk
2:03:44,7424,joaoreisojisan,JoaoReisOjisan,neutro,1.0,@Guilhi_ faltou o bumba quase assassino
2:03:47,7427,guilhermesl45,guilhermesl45,engraçado,1.0,Slk teve muita coisa hj kkkk
2:03:48,7428,hamtarocomunista,hamtarocomunista,neutro,1.0,"Sem graça, e sem estética"
2:03:51,7431,drigueiraa,Drigueiraa,confuso,1.0,@BakaGaijinLive que abertura de anime era aquela que tava tocando?
2:03:52,7432,rafadesa80,rafadesa80,engraçado,1.0,Ele entrou kkkķkkkkk
2:03:56,7436,kotori212,kotori212,engraçado,0.75,@Drigueiraa foi um chines no aviao que passou pra ele kkkkkkkkk
2:03:58,7438,kotori212,kotori212,neutro,1.0,achouu
2:03:59,7439,deyvisonmoraes,DeyvisonMoraes,neutro,1.0,uia
2:03:59,7439,azariellk,azariellk,neutro,1.0,achou
2:04:01,7441,omafrazx,oMafrazx,confuso,1.0,qual foi o livro que tu autografou?
2:04:03,7443,magnusnoos,MAGNUSnoos,neutro,1.0,Osaka tem muita gente mesmo
2:04:04,7444,suplaia,suplaia,confuso,1.0,oxi a piratex passou ali
2:04:04,7444,ayanmelo,ayanmelo,neutro,1.0,achou
2:04:04,7444,guilhi_,Guilhi_,engraçado,1.0,@JoaoReisOjisan verdade kkkkkkkkk
2:04:05,7445,rafadesa80,rafadesa80,neutro,1.0,Os homi
2:04:05,7445,xabriel98,Xabriel98,neutro,1.0,achou
2:04:06,7446,lucazwayne,LucazWayne,neutro,1.0,Tinha q tocar Calypso
2:04:09,7449,negligenciagames,negligenciaGames,neutro,1.0,lugar esquecido por deus
2:04:10,7450,deyvisonmoraes,DeyvisonMoraes,neutro,1.0,ixi
2:04:10,7450,vibecoder256,vibecoder256,neutro,1.0,@oMafrazx mihail
2:04:13,7453,giorootz,giorootz,neutro,1.0,olha o rappa ai
2:04:14,7454,azariellk,azariellk,neutro,1.0,@oMafrazx o livro dele msm KEKW
2:04:16,7456,passarobllue,passarobllue,neutro,1.0,Quase morreu e ganhou refeição de graca
2:04:17,7457,brunoland_,brunoland_,engraçado,1.0,legal foi o cara oferecendo COMIDA e você perguntando se ele trabalhava lá kkk
2:04:18,7458,coolmelado,coolmelado,neutro,1.0,Entrou o grosso
2:04:18,7458,natie_martins,natie_martins,positivo,1.0,ESSA 89 É MUITO BOA
2:04:18,7458,drigueiraa,Drigueiraa,engraçado,1.0,@kotori212 KAKASKAKAKAK
2:04:25,7465,rafadesa80,rafadesa80,neutro,1.0,Que dlixa
2:04:29,7469,bakalovers,bakalovers,positivo,1.0,Cheer1 vou te caçar na próxima live tbm pra autografar minha solda
2:04:31,7471,themonalizard,themonalizard,engraçado,1.0,@natie_martins é a primeira vez que vej oesse lugar sem fila
2:04:33,7473,azariellk,azariellk,neutro,1.0,poucos tem o livro do baka
2:04:37,7477,erickhsn,erickhsn,neutro,1.0,to olhando agora minhas passagens pro bronzil
2:04:41,7481,peix3manso,peix3manso,positivo,1.0,vlw vlw
2:04:48,7488,deyvisonmoraes,DeyvisonMoraes,neutro,1.0,Não some
2:04:50,7490,4shenkk,4shenkk,neutro,1.0,GEGE
2:04:50,7490,yuriairesb,YuriAiresB,neutro,1.0,"2 quarteirões depois, o maluco trocou o livro por uma pedra"
2:04:51,7491,drigueiraa,Drigueiraa,engraçado,1.0,"@kotori212 Se bem que ele voltou pra cá, ta em sp, ta mais fácil ele passar doenças"
2:04:52,7492,pulchram12,pulchram12,inspirado,1.0,Vou aprender
2:04:52,7492,kmele0nn,kmele0nn,positivo,0.5,baka se controle nas brincadeiras gostosas
2:04:54,7494,deyvisonmoraes,DeyvisonMoraes,neutro,1.0,Faça mais lives
2:04:54,7494,passarobllue,passarobllue,positivo,1.0,"Se eu morasse ai eu ia la no restaurante, parecia bomzao"
2:04:58,7498,guilhermesl45,guilhermesl45,neutro,1.0,Flw ✌️✌️
2:04:59,7499,coofycoofy,coofycoofy,neutro,1.0,vai la com os jovens otakus da estacao liberdade bele belinha
2:04:59,7499,rafadesa80,rafadesa80,positivo,1.0,Te amo baka
2:05:02,7502,coofycoofy,coofycoofy,neutro,1.0,ainda existe isso
2:05:04,7504,bananils0n_farofa,Bananils0n_farofa,neutro,1.0,Deixa o vod que eu perdi o começo da live
2:05:04,7504,annoyinger,Annoyinger,neutro,1.0,olha barraquinha de salgado do Capcom vs SNK
2:05:05,7505,felippefarr,felippefarr,engraçado,1.0,roteiro criado nessa sp linda
2:05:06,7506,giorootz,giorootz,neutro,1.0,GG
2:05:06,7506,pulchram12,pulchram12,neutro,1.0,Flw
2:05:06,7506,4shenkk,4shenkk,positivo,1.0,tamojunto
2:05:06,7506,flacoxbt,flacoxbt,neutro,1.0,gg
2:05:06,7506,licht_zayy,licht_zayy,neutro,1.0,Flw beijo na pitomba
2:05:07,7507,wesleyp2p,wesleyp2p,engraçado,0.5,@erickhsn E você tá aonde?
2:05:07,7507,azariellk,azariellk,neutro,1.0,tmj
2:05:07,7507,stilvox,Stilvox,neutro,1.0,SeemsGood
2:05:08,7508,maikon7501,maikon7501,positivo,1.0,Valeu
2:05:09,7509,deyvisonmoraes,DeyvisonMoraes,neutro,1.0,elisHiii
2:05:09,7509,4shenkk,4shenkk,positivo,1.0,MUITOBOMMM
2:05:10,7510,rafadesa80,rafadesa80,neutro,1.0,É noix
2:05:12,7512,lucazwayne,LucazWayne,neutro,1.0,TwitchConHYPE
2:05:12,7512,a_palavra_cabalistica_eh,凹凸凹凸凹凸凹凸凹凸凹,neutro,1.0,raleu mô fi raleu
2:05:13,7513,gato_de_patins,gato_de_patins,positivo,1.0,vlw lamine yamal
2:05:13,7513,erickhsn,erickhsn,neutro,1.0,@wesleyp2p pt
2:05:15,7515,caipirinha_2007,caipirinha_2007,neutro,1.0,HeyGuys HeyGuys HeyGuys
2:05:15,7515,bruno_bocca,bruno_bocca,positivo,1.0,Valeu
2:05:15,7515,festadagoiaba,festadagoiaba,neutro,1.0,é engraçado como são paulo parece uma cidade pós apocalíptica
2:05:15,7515,azariellk,azariellk,confuso,1.0,na proxima vem o assalto
2:05:15,7515,beatrizcrotti,beatrizcrotti,neutro,1.0,Olha prós lados
2:05:16,7516,marryros098,marryros098,neutro,1.0,Falou baka
2:05:16,7516,ayoncs,ayonCS,positivo,1.0,valeu
2:05:17,7517,deyvisonmoraes,DeyvisonMoraes,neutro,1.0,Morre não
2:05:17,7517,coolmelado,coolmelado,neutro,1.0,!clima
2:05:17,7517,bryanguilger,bryanguilger,positivo,1.0,vlwww
2:05:17,7517,nightbot,Nightbot,neutro,1.0,Agora em Tokyo tá 72F (22C)
2:05:18,7518,peix3manso,peix3manso,confuso,1.0,cv???
2:05:18,7518,rafadesa80,rafadesa80,neutro,1.0,Se cuida
2:05:19,7519,bananils0n_farofa,Bananils0n_farofa,positivo,1.0,Vlw
2:05:20,7520,drigueiraa,Drigueiraa,confuso,1.0,ta fazendo live com mods baka?
2:05:21,7521,patrickkzx,patrickkzx,positivo,1.0,Vlw
2:05:21,7521,deyvisonmoraes,DeyvisonMoraes,positivo,1.0,Vai da bom
2:05:21,7521,4shenkk,4shenkk,positivo,1.0,VALEUUU
2:05:21,7521,hoatsu,Hoatsu,neutro,1.0,tosse chines pra encerrar bem a live
2:05:21,7521,guilhermesl45,guilhermesl45,neutro,1.0,Ótima live
2:05:22,7522,marryros098,marryros098,positivo,1.0,Tudo de bom
2:05:23,7523,peix3manso,peix3manso,positivo,1.0,vlw flw
2:05:24,7524,omafrazx,oMafrazx,positivo,1.0,VLwww
2:05:25,7525,guuiilhhbr,guuiilhhbr,positivo,1.0,vlw bkaaaa
2:05:25,7525,rafadesa80,rafadesa80,neutro,1.0,Por favor
2:05:25,7525,lucazwayne,LucazWayne,neutro,1.0,TwitchConHYPE TwitchConHYPE TwitchConHYPE
2:05:25,7525,joaoreisojisan,JoaoReisOjisan,positivo,1.0,vlw!
2:05:26,7526,jose_lucas249,jose_lucas249,neutro,1.0,flw
2:05:26,7526,vibecoder256,vibecoder256,positivo,1.0,vlw
2:05:26,7526,felippefarr,felippefarr,neutro,1.0,raleu
2:05:27,7527,kthyosu,kthyosu,neutro,1.0,adeus
2:05:27,7527,lara_bento,Lara_bento,positivo,1.0,"Boa live, baka."
2:05:28,7528,karanbola,karanbola,neutro,1.0,flw
2:05:28,7528,omafrazx,oMafrazx,positivo,1.0,Live boa
2:05:28,7528,rafadesa80,rafadesa80,positivo,1.0,Vlw
2:05:28,7528,imatt182,imatt182,positivo,1.0,vlw vlw
2:05:29,7529,wesleyp2p,wesleyp2p,positivo,0.5,@erickhsn Top demais
2:05:29,7529,fibbs,フィブス,neutro,1.0,ozwBye
2:05:29,7529,duckn_00,duckn_00,neutro,1.0,flw
2:05:30,7530,bryanguilger,bryanguilger,neutro,1.0,flwww
2:05:31,7531,bananils0n_farofa,Bananils0n_farofa,neutro,1.0,DinoDance DinoDance DinoDance
2:05:31,7531,caiopinto120887,caiopinto120887,neutro,1.0,Flw gracinha!
2:05:31,7531,pethus,Pethus,neutro,1.0,flw
2:05:31,7531,rickpowd,リックパウダー,neutro,1.0,falo baca
2:05:31,7531,deyvisonmoraes,DeyvisonMoraes,neutro,1.0,elisHiii
2:05:31,7531,lithiumsoda,lithiumsoda,positivo,1.0,valeu
2:05:31,7531,annoyinger,Annoyinger,neutro,1.0,SourPls
2:05:32,7532,caipirinha_2007,caipirinha_2007,neutro,1.0,bye
2:05:32,7532,ponponpopuri,ponponpopuri,positivo,1.0,valeu!!!
2:05:32,7532,suplaia,suplaia,neutro,1.0,o7
2:05:32,7532,jeffstaz,jeffstaz,neutro,1.0,Flw
2:05:33,7533,mateusrangel0,mateusrangel0,positivo,1.0,"falou mano, bom te ver"
2:05:33,7533,drigueiraa,Drigueiraa,neutro,1.0,a meteu o pé
2:05:33,7533,l_noriuki,l_noriuki,neutro,1.0,até ano q vem
2:05:33,7533,ayanmelo,ayanmelo,neutro,1.0,só daqui 2 meses agora
2:05:34,7534,wesleyp2p,wesleyp2p,positivo,1.0,Valeu baka
2:05:34,7534,duil9,duil9,neutro,1.0,live no Brasil até ser assaltado
2:05:34,7534,yuriairesb,YuriAiresB,neutro,1.0,"Até final do ano, Baka"
2:05:34,7534,pulchram12,pulchram12,neutro,1.0,BopBop BopBop BopBop
2:05:35,7535,deyvisonmoraes,DeyvisonMoraes,neutro,1.0,eguinoCatbellydance
2:05:35,7535,fatalisfps,fatalisFps,positivo,1.0,vlw baka
2:05:36,7536,beatrizcrotti,beatrizcrotti,positivo,1.0,Vlw faça live em casa
2:05:36,7536,duil9,duil9,neutro,1.0,é a meta
2:05:37,7537,heartonlyheart,HeartOnlyHeart,neutro,1.0,Putz
2:05:37,7537,jsa051,jsa051,positivo,1.0,Vlw flw
2:05:37,7537,sir_wonka0,sir_wonka0,neutro,1.0,Flw bakinha
2:05:38,7538,rafadesa80,rafadesa80,positivo,1.0,Live boa
2:05:39,7539,deyvisonmoraes,DeyvisonMoraes,neutro,1.0,eguinoAnimezinho
2:05:41,7541,levini01,LeVini01,positivo,1.0,falou baka melhoras
2:05:43,7543,kodarke,kodarke,neutro,1.0,flw
2:05:44,7544,fatalisfps,fatalisFps,neutro,1.0,live hoje rendeu
2:05:44,7544,heartonlyheart,HeartOnlyHeart,confuso,1.0,Até ano que vem
2:05:47,7547,wesleyp2p,wesleyp2p,positivo,1.0,"Foi uma ótima live, boa noite pra geral"
2:05:49,7549,xabriel98,Xabriel98,positivo,1.0,vlw flws
2:05:49,7549,natantf18,NatanTF18,neutro,1.0,Flw
2:05:50,7550,sir_wonka0,sir_wonka0,engraçado,1.0,"Só ano q vem agr galerinha,até lá"
2:05:51,7551,caribids,caribids,neutro,1.0,Por hj é só
2:05:51,7551,caipirinha_2007,caipirinha_2007,neutro,1.0,live legal
2:05:55,7555,ner0________,NER0________,neutro,1.0,Flw baka e chat
2:05:55,7555,gato_de_patins,gato_de_patins,neutro,1.0,vikchunTictactoe
2:05:58,7558,kodarke,kodarke,neutro,1.0,some não
2:05:58,7558,wesleyp2p,wesleyp2p,neutro,1.0,Flwwwww
2:05:58,7558,duckn_00,duckn_00,neutro,1.0,flw baka flw chat
2:05:59,7559,annoyinger,Annoyinger,neutro,1.0,"""bitch im flying"" - Sun Tzu"
2:06:00,7560,laicfer,Laicfer,neutro,1.0,só volta no final do ano
