<?xml version="1.0" encoding="UTF-8"?>
<gpx version="1.1" creator="bakalgaijin-mapa" xmlns="http://www.topografix.com/GPX/1/1">
  <trk>
    <name>Rota estimada da live (Baka Gaijin)</name>
    <trkseg>
      <trkpt lat="35.694051" lon="139.701648">
        <name>0:00</name>
      </trkpt>
      <trkpt lat="35.694092" lon="139.701664">
        <name>0:01</name>
      </trkpt>
      <trkpt lat="35.694394" lon="139.701769">
        <name>0:02</name>
      </trkpt>
      <trkpt lat="35.694768" lon="139.701905">
        <name>0:03</name>
      </trkpt>
      <trkpt lat="35.694853" lon="139.701936">
        <name>0:04</name>
      </trkpt>
      <trkpt lat="35.694876" lon="139.701843">
        <name>0:05</name>
      </trkpt>
      <trkpt lat="35.694971" lon="139.701457">
        <name>0:06</name>
      </trkpt>
      <trkpt lat="35.694926" lon="139.701412">
        <name>0:07</name>
      </trkpt>
      <trkpt lat="35.694586" lon="139.701300">
        <name>0:08</name>
      </trkpt>
      <trkpt lat="35.694546" lon="139.701285">
        <name>0:09</name>
      </trkpt>
      <trkpt lat="35.693854" lon="139.701028">
        <name>0:10</name>
      </trkpt>
      <trkpt lat="35.693831" lon="139.701019">
        <name>0:11</name>
      </trkpt>
      <trkpt lat="35.693811" lon="139.701012">
        <name>0:12</name>
      </trkpt>
      <trkpt lat="35.693739" lon="139.700988">
        <name>0:13</name>
      </trkpt>
      <trkpt lat="35.693670" lon="139.701285">
        <name>0:14</name>
      </trkpt>
      <trkpt lat="35.693652" lon="139.701365">
        <name>0:15</name>
      </trkpt>
      <trkpt lat="35.693624" lon="139.701489">
        <name>0:16</name>
      </trkpt>
      <trkpt lat="35.693615" lon="139.701532">
        <name>0:17</name>
      </trkpt>
      <trkpt lat="35.693566" lon="139.701755">
        <name>0:18</name>
      </trkpt>
      <trkpt lat="35.693566" lon="139.701755">
        <name>0:19</name>
      </trkpt>
      <trkpt lat="35.693466" lon="139.702213">
        <name>0:20</name>
      </trkpt>
      <trkpt lat="35.693447" lon="139.702298">
        <name>0:21</name>
      </trkpt>
      <trkpt lat="35.693431" lon="139.702368">
        <name>0:22</name>
      </trkpt>
      <trkpt lat="35.693334" lon="139.702804">
        <name>0:23</name>
      </trkpt>
      <trkpt lat="35.693193" lon="139.703294">
        <name>0:24</name>
      </trkpt>
      <trkpt lat="35.693174" lon="139.703362">
        <name>0:25</name>
      </trkpt>
      <trkpt lat="35.693141" lon="139.703482">
        <name>0:26</name>
      </trkpt>
      <trkpt lat="35.693021" lon="139.703427">
        <name>0:27</name>
      </trkpt>
      <trkpt lat="35.693054" lon="139.703311">
        <name>0:28</name>
      </trkpt>
      <trkpt lat="35.693066" lon="139.703265">
        <name>0:29</name>
      </trkpt>
      <trkpt lat="35.693196" lon="139.702808">
        <name>0:30</name>
      </trkpt>
      <trkpt lat="35.693224" lon="139.702686">
        <name>0:31</name>
      </trkpt>
      <trkpt lat="35.693290" lon="139.702404">
        <name>0:32</name>
      </trkpt>
      <trkpt lat="35.693308" lon="139.702326">
        <name>0:33</name>
      </trkpt>
      <trkpt lat="35.693326" lon="139.702246">
        <name>0:34</name>
      </trkpt>
      <trkpt lat="35.693397" lon="139.701928">
        <name>0:35</name>
      </trkpt>
      <trkpt lat="35.693397" lon="139.701928">
        <name>0:36</name>
      </trkpt>
      <trkpt lat="35.693453" lon="139.701673">
        <name>0:37</name>
      </trkpt>
      <trkpt lat="35.693395" lon="139.701652">
        <name>0:38</name>
      </trkpt>
      <trkpt lat="35.693348" lon="139.701635">
        <name>0:39</name>
      </trkpt>
      <trkpt lat="35.693337" lon="139.701629">
        <name>0:40</name>
      </trkpt>
      <trkpt lat="35.692993" lon="139.701442">
        <name>0:41</name>
      </trkpt>
      <trkpt lat="35.692960" lon="139.701425">
        <name>0:42</name>
      </trkpt>
      <trkpt lat="35.692847" lon="139.701947">
        <name>0:43</name>
      </trkpt>
      <trkpt lat="35.692825" lon="139.702008">
        <name>0:44</name>
      </trkpt>
      <trkpt lat="35.692792" lon="139.702085">
        <name>0:45</name>
      </trkpt>
      <trkpt lat="35.692761" lon="139.702064">
        <name>0:46</name>
      </trkpt>
      <trkpt lat="35.692746" lon="139.702055">
        <name>0:47</name>
      </trkpt>
      <trkpt lat="35.692716" lon="139.702057">
        <name>0:48</name>
      </trkpt>
      <trkpt lat="35.692668" lon="139.702028">
        <name>0:49</name>
      </trkpt>
      <trkpt lat="35.692650" lon="139.702016">
        <name>0:50</name>
      </trkpt>
      <trkpt lat="35.692650" lon="139.702016">
        <name>0:51</name>
      </trkpt>
      <trkpt lat="35.692668" lon="139.702028">
        <name>0:52</name>
      </trkpt>
      <trkpt lat="35.692716" lon="139.702057">
        <name>0:53</name>
      </trkpt>
      <trkpt lat="35.692746" lon="139.702055">
        <name>0:54</name>
      </trkpt>
      <trkpt lat="35.692761" lon="139.702064">
        <name>0:55</name>
      </trkpt>
      <trkpt lat="35.692792" lon="139.702085">
        <name>0:56</name>
      </trkpt>
      <trkpt lat="35.692825" lon="139.702008">
        <name>0:57</name>
      </trkpt>
      <trkpt lat="35.692847" lon="139.701947">
        <name>0:58</name>
      </trkpt>
      <trkpt lat="35.692960" lon="139.701425">
        <name>0:59</name>
      </trkpt>
      <trkpt lat="35.693010" lon="139.701196">
        <name>1:00</name>
      </trkpt>
      <trkpt lat="35.693016" lon="139.701171">
        <name>1:01</name>
      </trkpt>
      <trkpt lat="35.693029" lon="139.701111">
        <name>1:02</name>
      </trkpt>
      <trkpt lat="35.693006" lon="139.701060">
        <name>1:03</name>
      </trkpt>
      <trkpt lat="35.692845" lon="139.700971">
        <name>1:04</name>
      </trkpt>
      <trkpt lat="35.692609" lon="139.700841">
        <name>1:05</name>
      </trkpt>
      <trkpt lat="35.692587" lon="139.700847">
        <name>1:06</name>
      </trkpt>
      <trkpt lat="35.692562" lon="139.700854">
        <name>1:07</name>
      </trkpt>
      <trkpt lat="35.692461" lon="139.700832">
        <name>1:08</name>
      </trkpt>
      <trkpt lat="35.692439" lon="139.700932">
        <name>1:09</name>
      </trkpt>
      <trkpt lat="35.692428" lon="139.700984">
        <name>1:10</name>
      </trkpt>
      <trkpt lat="35.692292" lon="139.701616">
        <name>1:11</name>
      </trkpt>
      <trkpt lat="35.692281" lon="139.701665">
        <name>1:12</name>
      </trkpt>
      <trkpt lat="35.692251" lon="139.701771">
        <name>1:13</name>
      </trkpt>
      <trkpt lat="35.692242" lon="139.701796">
        <name>1:14</name>
      </trkpt>
      <trkpt lat="35.692228" lon="139.701836">
        <name>1:15</name>
      </trkpt>
      <trkpt lat="35.692208" lon="139.701887">
        <name>1:16</name>
      </trkpt>
      <trkpt lat="35.692186" lon="139.701939">
        <name>1:17</name>
      </trkpt>
      <trkpt lat="35.692141" lon="139.702040">
        <name>1:18</name>
      </trkpt>
      <trkpt lat="35.691969" lon="139.702421">
        <name>1:19</name>
      </trkpt>
      <trkpt lat="35.691969" lon="139.702421">
        <name>1:20</name>
      </trkpt>
      <trkpt lat="35.692141" lon="139.702040">
        <name>1:21</name>
      </trkpt>
      <trkpt lat="35.692186" lon="139.701939">
        <name>1:22</name>
      </trkpt>
      <trkpt lat="35.692208" lon="139.701887">
        <name>1:23</name>
      </trkpt>
      <trkpt lat="35.692228" lon="139.701836">
        <name>1:24</name>
      </trkpt>
      <trkpt lat="35.692242" lon="139.701796">
        <name>1:25</name>
      </trkpt>
      <trkpt lat="35.692251" lon="139.701771">
        <name>1:26</name>
      </trkpt>
      <trkpt lat="35.692324" lon="139.701685">
        <name>1:27</name>
      </trkpt>
      <trkpt lat="35.692335" lon="139.701685">
        <name>1:28</name>
      </trkpt>
      <trkpt lat="35.692401" lon="139.701685">
        <name>1:29</name>
      </trkpt>
      <trkpt lat="35.692410" lon="139.701685">
        <name>1:30</name>
      </trkpt>
      <trkpt lat="35.692414" lon="139.701685">
        <name>1:31</name>
      </trkpt>
      <trkpt lat="35.692791" lon="139.701910">
        <name>1:32</name>
      </trkpt>
      <trkpt lat="35.692847" lon="139.701947">
        <name>1:33</name>
      </trkpt>
      <trkpt lat="35.692825" lon="139.702008">
        <name>1:34</name>
      </trkpt>
      <trkpt lat="35.692792" lon="139.702085">
        <name>1:35</name>
      </trkpt>
      <trkpt lat="35.692736" lon="139.702218">
        <name>1:36</name>
      </trkpt>
      <trkpt lat="35.692729" lon="139.702237">
        <name>1:37</name>
      </trkpt>
      <trkpt lat="35.692715" lon="139.702273">
        <name>1:38</name>
      </trkpt>
      <trkpt lat="35.692681" lon="139.702364">
        <name>1:39</name>
      </trkpt>
      <trkpt lat="35.692645" lon="139.702459">
        <name>1:40</name>
      </trkpt>
      <trkpt lat="35.692633" lon="139.702491">
        <name>1:41</name>
      </trkpt>
      <trkpt lat="35.692626" lon="139.702509">
        <name>1:42</name>
      </trkpt>
      <trkpt lat="35.692578" lon="139.702625">
        <name>1:43</name>
      </trkpt>
      <trkpt lat="35.692578" lon="139.702625">
        <name>1:44</name>
      </trkpt>
      <trkpt lat="35.692626" lon="139.702509">
        <name>1:45</name>
      </trkpt>
      <trkpt lat="35.692633" lon="139.702491">
        <name>1:46</name>
      </trkpt>
      <trkpt lat="35.692645" lon="139.702459">
        <name>1:47</name>
      </trkpt>
      <trkpt lat="35.692681" lon="139.702364">
        <name>1:48</name>
      </trkpt>
      <trkpt lat="35.692715" lon="139.702273">
        <name>1:49</name>
      </trkpt>
      <trkpt lat="35.692729" lon="139.702237">
        <name>1:50</name>
      </trkpt>
      <trkpt lat="35.692736" lon="139.702218">
        <name>1:51</name>
      </trkpt>
      <trkpt lat="35.692792" lon="139.702085">
        <name>1:52</name>
      </trkpt>
      <trkpt lat="35.692825" lon="139.702008">
        <name>1:53</name>
      </trkpt>
      <trkpt lat="35.692847" lon="139.701947">
        <name>1:54</name>
      </trkpt>
      <trkpt lat="35.692960" lon="139.701425">
        <name>1:55</name>
      </trkpt>
      <trkpt lat="35.693010" lon="139.701196">
        <name>1:56</name>
      </trkpt>
      <trkpt lat="35.693016" lon="139.701171">
        <name>1:57</name>
      </trkpt>
      <trkpt lat="35.693029" lon="139.701111">
        <name>1:58</name>
      </trkpt>
      <trkpt lat="35.693006" lon="139.701060">
        <name>1:59</name>
      </trkpt>
      <trkpt lat="35.692845" lon="139.700971">
        <name>2:00</name>
      </trkpt>
      <trkpt lat="35.692609" lon="139.700841">
        <name>2:01</name>
      </trkpt>
      <trkpt lat="35.692587" lon="139.700847">
        <name>2:02</name>
      </trkpt>
      <trkpt lat="35.692562" lon="139.700854">
        <name>2:03</name>
      </trkpt>
      <trkpt lat="35.692461" lon="139.700832">
        <name>2:04</name>
      </trkpt>
      <trkpt lat="35.692472" lon="139.700719">
        <name>2:05</name>
      </trkpt>
      <trkpt lat="35.692484" lon="139.700696">
        <name>2:06</name>
      </trkpt>
      <trkpt lat="35.692498" lon="139.700667">
        <name>2:07</name>
      </trkpt>
      <trkpt lat="35.692518" lon="139.700632">
        <name>2:08</name>
      </trkpt>
      <trkpt lat="35.692544" lon="139.700596">
        <name>2:09</name>
      </trkpt>
      <trkpt lat="35.692581" lon="139.700558">
        <name>2:10</name>
      </trkpt>
      <trkpt lat="35.692627" lon="139.700524">
        <name>2:11</name>
      </trkpt>
      <trkpt lat="35.692665" lon="139.700501">
        <name>2:12</name>
      </trkpt>
      <trkpt lat="35.692705" lon="139.700480">
        <name>2:13</name>
      </trkpt>
      <trkpt lat="35.692847" lon="139.700417">
        <name>2:14</name>
      </trkpt>
      <trkpt lat="35.692877" lon="139.700405">
        <name>2:15</name>
      </trkpt>
      <trkpt lat="35.692923" lon="139.700388">
        <name>2:16</name>
      </trkpt>
      <trkpt lat="35.692973" lon="139.700375">
        <name>2:17</name>
      </trkpt>
      <trkpt lat="35.693228" lon="139.700315">
        <name>2:18</name>
      </trkpt>
      <trkpt lat="35.693271" lon="139.700305">
        <name>2:19</name>
      </trkpt>
      <trkpt lat="35.693339" lon="139.700292">
        <name>2:20</name>
      </trkpt>
      <trkpt lat="35.693390" lon="139.700297">
        <name>2:21</name>
      </trkpt>
      <trkpt lat="35.693436" lon="139.700314">
        <name>2:22</name>
      </trkpt>
      <trkpt lat="35.693492" lon="139.700355">
        <name>2:23</name>
      </trkpt>
      <trkpt lat="35.693554" lon="139.700405">
        <name>2:24</name>
      </trkpt>
      <trkpt lat="35.693616" lon="139.700440">
        <name>2:25</name>
      </trkpt>
      <trkpt lat="35.693670" lon="139.700478">
        <name>2:26</name>
      </trkpt>
      <trkpt lat="35.693714" lon="139.700516">
        <name>2:27</name>
      </trkpt>
      <trkpt lat="35.693750" lon="139.700549">
        <name>2:28</name>
      </trkpt>
      <trkpt lat="35.693765" lon="139.700561">
        <name>2:29</name>
      </trkpt>
      <trkpt lat="35.693784" lon="139.700571">
        <name>2:30</name>
      </trkpt>
      <trkpt lat="35.693802" lon="139.700574">
        <name>2:31</name>
      </trkpt>
      <trkpt lat="35.693803" lon="139.700668">
        <name>2:32</name>
      </trkpt>
      <trkpt lat="35.693796" lon="139.700727">
        <name>2:33</name>
      </trkpt>
      <trkpt lat="35.693765" lon="139.700870">
        <name>2:34</name>
      </trkpt>
      <trkpt lat="35.693751" lon="139.700932">
        <name>2:35</name>
      </trkpt>
      <trkpt lat="35.693739" lon="139.700988">
        <name>2:36</name>
      </trkpt>
      <trkpt lat="35.693670" lon="139.701285">
        <name>2:37</name>
      </trkpt>
      <trkpt lat="35.693652" lon="139.701365">
        <name>2:38</name>
      </trkpt>
      <trkpt lat="35.693624" lon="139.701489">
        <name>2:39</name>
      </trkpt>
      <trkpt lat="35.693615" lon="139.701532">
        <name>2:40</name>
      </trkpt>
      <trkpt lat="35.693466" lon="139.702213">
        <name>2:41</name>
      </trkpt>
      <trkpt lat="35.693447" lon="139.702298">
        <name>2:42</name>
      </trkpt>
      <trkpt lat="35.693431" lon="139.702368">
        <name>2:43</name>
      </trkpt>
      <trkpt lat="35.693334" lon="139.702804">
        <name>2:44</name>
      </trkpt>
      <trkpt lat="35.693193" lon="139.703294">
        <name>2:45</name>
      </trkpt>
      <trkpt lat="35.693174" lon="139.703362">
        <name>2:46</name>
      </trkpt>
      <trkpt lat="35.693141" lon="139.703482">
        <name>2:47</name>
      </trkpt>
      <trkpt lat="35.693021" lon="139.703427">
        <name>2:48</name>
      </trkpt>
      <trkpt lat="35.693054" lon="139.703311">
        <name>2:49</name>
      </trkpt>
      <trkpt lat="35.693066" lon="139.703265">
        <name>2:50</name>
      </trkpt>
      <trkpt lat="35.693196" lon="139.702808">
        <name>2:51</name>
      </trkpt>
      <trkpt lat="35.693205" lon="139.702771">
        <name>2:52</name>
      </trkpt>
      <trkpt lat="35.693205" lon="139.702771">
        <name>2:53</name>
      </trkpt>
      <trkpt lat="35.693224" lon="139.702686">
        <name>2:54</name>
      </trkpt>
      <trkpt lat="35.693290" lon="139.702404">
        <name>2:55</name>
      </trkpt>
      <trkpt lat="35.693308" lon="139.702326">
        <name>2:56</name>
      </trkpt>
      <trkpt lat="35.693326" lon="139.702246">
        <name>2:57</name>
      </trkpt>
      <trkpt lat="35.693453" lon="139.701673">
        <name>2:58</name>
      </trkpt>
      <trkpt lat="35.693473" lon="139.701582">
        <name>2:59</name>
      </trkpt>
      <trkpt lat="35.693493" lon="139.701491">
        <name>3:00</name>
      </trkpt>
      <trkpt lat="35.693518" lon="139.701379">
        <name>3:01</name>
      </trkpt>
      <trkpt lat="35.693528" lon="139.701329">
        <name>3:02</name>
      </trkpt>
      <trkpt lat="35.693598" lon="139.700967">
        <name>3:03</name>
      </trkpt>
      <trkpt lat="35.693609" lon="139.700904">
        <name>3:04</name>
      </trkpt>
      <trkpt lat="35.693618" lon="139.700846">
        <name>3:05</name>
      </trkpt>
      <trkpt lat="35.693624" lon="139.700799">
        <name>3:06</name>
      </trkpt>
      <trkpt lat="35.693625" lon="139.700754">
        <name>3:07</name>
      </trkpt>
      <trkpt lat="35.693624" lon="139.700713">
        <name>3:08</name>
      </trkpt>
      <trkpt lat="35.693619" lon="139.700669">
        <name>3:09</name>
      </trkpt>
      <trkpt lat="35.693600" lon="139.700587">
        <name>3:10</name>
      </trkpt>
      <trkpt lat="35.693554" lon="139.700405">
        <name>3:11</name>
      </trkpt>
      <trkpt lat="35.693543" lon="139.700276">
        <name>3:12</name>
      </trkpt>
      <trkpt lat="35.693536" lon="139.700152">
        <name>3:13</name>
      </trkpt>
      <trkpt lat="35.693591" lon="139.699516">
        <name>3:14</name>
      </trkpt>
      <trkpt lat="35.693591" lon="139.699378">
        <name>3:15</name>
      </trkpt>
      <trkpt lat="35.693573" lon="139.699130">
        <name>3:16</name>
      </trkpt>
      <trkpt lat="35.693636" lon="139.699116">
        <name>3:17</name>
      </trkpt>
      <trkpt lat="35.693700" lon="139.699098">
        <name>3:18</name>
      </trkpt>
      <trkpt lat="35.693840" lon="139.699054">
        <name>3:19</name>
      </trkpt>
      <trkpt lat="35.693877" lon="139.699040">
        <name>3:20</name>
      </trkpt>
      <trkpt lat="35.694189" lon="139.698925">
        <name>3:21</name>
      </trkpt>
      <trkpt lat="35.694174" lon="139.698852">
        <name>3:22</name>
      </trkpt>
      <trkpt lat="35.694167" lon="139.698819">
        <name>3:23</name>
      </trkpt>
      <trkpt lat="35.694092" lon="139.698748">
        <name>3:24</name>
      </trkpt>
      <trkpt lat="35.693993" lon="139.698655">
        <name>3:25</name>
      </trkpt>
      <trkpt lat="35.693795" lon="139.698490">
        <name>3:26</name>
      </trkpt>
      <trkpt lat="35.693759" lon="139.698486">
        <name>3:27</name>
      </trkpt>
      <trkpt lat="35.693733" lon="139.698487">
        <name>3:28</name>
      </trkpt>
      <trkpt lat="35.693700" lon="139.698501">
        <name>3:29</name>
      </trkpt>
      <trkpt lat="35.693680" lon="139.698525">
        <name>3:30</name>
      </trkpt>
      <trkpt lat="35.693669" lon="139.698550">
        <name>3:31</name>
      </trkpt>
      <trkpt lat="35.693665" lon="139.698574">
        <name>3:32</name>
      </trkpt>
      <trkpt lat="35.693683" lon="139.698858">
        <name>3:33</name>
      </trkpt>
      <trkpt lat="35.693687" lon="139.698930">
        <name>3:34</name>
      </trkpt>
      <trkpt lat="35.693700" lon="139.699098">
        <name>3:35</name>
      </trkpt>
      <trkpt lat="35.693718" lon="139.699361">
        <name>3:36</name>
      </trkpt>
      <trkpt lat="35.693727" lon="139.699483">
        <name>3:37</name>
      </trkpt>
      <trkpt lat="35.693787" lon="139.700347">
        <name>3:38</name>
      </trkpt>
      <trkpt lat="35.693802" lon="139.700574">
        <name>3:39</name>
      </trkpt>
      <trkpt lat="35.693803" lon="139.700668">
        <name>3:40</name>
      </trkpt>
      <trkpt lat="35.693796" lon="139.700727">
        <name>3:41</name>
      </trkpt>
      <trkpt lat="35.693765" lon="139.700870">
        <name>3:42</name>
      </trkpt>
      <trkpt lat="35.693751" lon="139.700932">
        <name>3:43</name>
      </trkpt>
      <trkpt lat="35.693739" lon="139.700988">
        <name>3:44</name>
      </trkpt>
      <trkpt lat="35.693670" lon="139.701285">
        <name>3:45</name>
      </trkpt>
      <trkpt lat="35.693652" lon="139.701365">
        <name>3:46</name>
      </trkpt>
      <trkpt lat="35.693624" lon="139.701489">
        <name>3:47</name>
      </trkpt>
      <trkpt lat="35.693615" lon="139.701532">
        <name>3:48</name>
      </trkpt>
      <trkpt lat="35.693466" lon="139.702213">
        <name>3:49</name>
      </trkpt>
      <trkpt lat="35.693447" lon="139.702298">
        <name>3:50</name>
      </trkpt>
      <trkpt lat="35.693431" lon="139.702368">
        <name>3:51</name>
      </trkpt>
      <trkpt lat="35.693334" lon="139.702804">
        <name>3:52</name>
      </trkpt>
      <trkpt lat="35.693193" lon="139.703294">
        <name>3:53</name>
      </trkpt>
      <trkpt lat="35.693174" lon="139.703362">
        <name>3:54</name>
      </trkpt>
      <trkpt lat="35.693141" lon="139.703482">
        <name>3:55</name>
      </trkpt>
      <trkpt lat="35.693021" lon="139.703427">
        <name>3:56</name>
      </trkpt>
      <trkpt lat="35.693054" lon="139.703311">
        <name>3:57</name>
      </trkpt>
      <trkpt lat="35.693066" lon="139.703265">
        <name>3:58</name>
      </trkpt>
      <trkpt lat="35.693182" lon="139.702858">
        <name>3:59</name>
      </trkpt>
      <trkpt lat="35.693182" lon="139.702858">
        <name>4:00</name>
      </trkpt>
      <trkpt lat="35.693196" lon="139.702808">
        <name>4:01</name>
      </trkpt>
      <trkpt lat="35.693224" lon="139.702686">
        <name>4:02</name>
      </trkpt>
      <trkpt lat="35.693290" lon="139.702404">
        <name>4:03</name>
      </trkpt>
      <trkpt lat="35.693308" lon="139.702326">
        <name>4:04</name>
      </trkpt>
      <trkpt lat="35.693326" lon="139.702246">
        <name>4:05</name>
      </trkpt>
      <trkpt lat="35.693453" lon="139.701673">
        <name>4:06</name>
      </trkpt>
      <trkpt lat="35.693395" lon="139.701652">
        <name>4:07</name>
      </trkpt>
      <trkpt lat="35.693348" lon="139.701635">
        <name>4:08</name>
      </trkpt>
      <trkpt lat="35.693337" lon="139.701629">
        <name>4:09</name>
      </trkpt>
      <trkpt lat="35.692993" lon="139.701442">
        <name>4:10</name>
      </trkpt>
      <trkpt lat="35.692960" lon="139.701425">
        <name>4:11</name>
      </trkpt>
      <trkpt lat="35.692847" lon="139.701947">
        <name>4:12</name>
      </trkpt>
      <trkpt lat="35.692825" lon="139.702008">
        <name>4:13</name>
      </trkpt>
      <trkpt lat="35.692792" lon="139.702085">
        <name>4:14</name>
      </trkpt>
      <trkpt lat="35.692736" lon="139.702218">
        <name>4:15</name>
      </trkpt>
      <trkpt lat="35.692729" lon="139.702237">
        <name>4:16</name>
      </trkpt>
      <trkpt lat="35.692715" lon="139.702273">
        <name>4:17</name>
      </trkpt>
      <trkpt lat="35.692681" lon="139.702364">
        <name>4:18</name>
      </trkpt>
      <trkpt lat="35.692645" lon="139.702459">
        <name>4:19</name>
      </trkpt>
      <trkpt lat="35.692633" lon="139.702491">
        <name>4:20</name>
      </trkpt>
      <trkpt lat="35.692626" lon="139.702509">
        <name>4:21</name>
      </trkpt>
      <trkpt lat="35.692554" lon="139.702682">
        <name>4:22</name>
      </trkpt>
      <trkpt lat="35.692554" lon="139.702682">
        <name>4:23</name>
      </trkpt>
      <trkpt lat="35.692511" lon="139.702785">
        <name>4:24</name>
      </trkpt>
      <trkpt lat="35.692499" lon="139.702815">
        <name>4:25</name>
      </trkpt>
      <trkpt lat="35.692492" lon="139.702830">
        <name>4:26</name>
      </trkpt>
      <trkpt lat="35.692487" lon="139.702842">
        <name>4:27</name>
      </trkpt>
      <trkpt lat="35.692487" lon="139.702842">
        <name>4:28</name>
      </trkpt>
      <trkpt lat="35.692492" lon="139.702830">
        <name>4:29</name>
      </trkpt>
      <trkpt lat="35.692499" lon="139.702815">
        <name>4:30</name>
      </trkpt>
      <trkpt lat="35.692511" lon="139.702785">
        <name>4:31</name>
      </trkpt>
      <trkpt lat="35.692626" lon="139.702509">
        <name>4:32</name>
      </trkpt>
      <trkpt lat="35.692633" lon="139.702491">
        <name>4:33</name>
      </trkpt>
      <trkpt lat="35.692645" lon="139.702459">
        <name>4:34</name>
      </trkpt>
      <trkpt lat="35.692681" lon="139.702364">
        <name>4:35</name>
      </trkpt>
      <trkpt lat="35.692715" lon="139.702273">
        <name>4:36</name>
      </trkpt>
      <trkpt lat="35.692729" lon="139.702237">
        <name>4:37</name>
      </trkpt>
      <trkpt lat="35.692736" lon="139.702218">
        <name>4:38</name>
      </trkpt>
      <trkpt lat="35.692792" lon="139.702085">
        <name>4:39</name>
      </trkpt>
      <trkpt lat="35.692825" lon="139.702008">
        <name>4:40</name>
      </trkpt>
      <trkpt lat="35.692847" lon="139.701947">
        <name>4:41</name>
      </trkpt>
      <trkpt lat="35.692960" lon="139.701425">
        <name>4:42</name>
      </trkpt>
      <trkpt lat="35.693010" lon="139.701196">
        <name>4:43</name>
      </trkpt>
      <trkpt lat="35.693016" lon="139.701171">
        <name>4:44</name>
      </trkpt>
      <trkpt lat="35.693029" lon="139.701111">
        <name>4:45</name>
      </trkpt>
      <trkpt lat="35.693006" lon="139.701060">
        <name>4:46</name>
      </trkpt>
      <trkpt lat="35.692845" lon="139.700971">
        <name>4:47</name>
      </trkpt>
      <trkpt lat="35.692609" lon="139.700841">
        <name>4:48</name>
      </trkpt>
      <trkpt lat="35.692587" lon="139.700847">
        <name>4:49</name>
      </trkpt>
      <trkpt lat="35.692562" lon="139.700854">
        <name>4:50</name>
      </trkpt>
      <trkpt lat="35.692461" lon="139.700832">
        <name>4:51</name>
      </trkpt>
      <trkpt lat="35.692472" lon="139.700719">
        <name>4:52</name>
      </trkpt>
      <trkpt lat="35.692484" lon="139.700696">
        <name>4:53</name>
      </trkpt>
      <trkpt lat="35.692498" lon="139.700667">
        <name>4:54</name>
      </trkpt>
      <trkpt lat="35.692518" lon="139.700632">
        <name>4:55</name>
      </trkpt>
      <trkpt lat="35.692544" lon="139.700596">
        <name>4:56</name>
      </trkpt>
      <trkpt lat="35.692581" lon="139.700558">
        <name>4:57</name>
      </trkpt>
      <trkpt lat="35.692627" lon="139.700524">
        <name>4:58</name>
      </trkpt>
      <trkpt lat="35.692665" lon="139.700501">
        <name>4:59</name>
      </trkpt>
      <trkpt lat="35.692705" lon="139.700480">
        <name>5:00</name>
      </trkpt>
      <trkpt lat="35.692847" lon="139.700417">
        <name>5:01</name>
      </trkpt>
      <trkpt lat="35.692877" lon="139.700405">
        <name>5:02</name>
      </trkpt>
      <trkpt lat="35.692923" lon="139.700388">
        <name>5:03</name>
      </trkpt>
      <trkpt lat="35.692973" lon="139.700375">
        <name>5:04</name>
      </trkpt>
      <trkpt lat="35.693228" lon="139.700315">
        <name>5:05</name>
      </trkpt>
      <trkpt lat="35.693271" lon="139.700305">
        <name>5:06</name>
      </trkpt>
      <trkpt lat="35.693339" lon="139.700292">
        <name>5:07</name>
      </trkpt>
      <trkpt lat="35.693390" lon="139.700297">
        <name>5:08</name>
      </trkpt>
      <trkpt lat="35.693436" lon="139.700314">
        <name>5:09</name>
      </trkpt>
      <trkpt lat="35.693492" lon="139.700355">
        <name>5:10</name>
      </trkpt>
      <trkpt lat="35.693554" lon="139.700405">
        <name>5:11</name>
      </trkpt>
      <trkpt lat="35.693616" lon="139.700440">
        <name>5:12</name>
      </trkpt>
      <trkpt lat="35.693670" lon="139.700478">
        <name>5:13</name>
      </trkpt>
      <trkpt lat="35.693714" lon="139.700516">
        <name>5:14</name>
      </trkpt>
      <trkpt lat="35.693750" lon="139.700549">
        <name>5:15</name>
      </trkpt>
      <trkpt lat="35.693765" lon="139.700561">
        <name>5:16</name>
      </trkpt>
      <trkpt lat="35.693784" lon="139.700571">
        <name>5:17</name>
      </trkpt>
      <trkpt lat="35.693802" lon="139.700574">
        <name>5:18</name>
      </trkpt>
      <trkpt lat="35.693803" lon="139.700668">
        <name>5:19</name>
      </trkpt>
      <trkpt lat="35.693796" lon="139.700727">
        <name>5:20</name>
      </trkpt>
      <trkpt lat="35.693765" lon="139.700870">
        <name>5:21</name>
      </trkpt>
      <trkpt lat="35.693751" lon="139.700932">
        <name>5:22</name>
      </trkpt>
      <trkpt lat="35.693739" lon="139.700988">
        <name>5:23</name>
      </trkpt>
      <trkpt lat="35.693670" lon="139.701285">
        <name>5:24</name>
      </trkpt>
      <trkpt lat="35.693652" lon="139.701365">
        <name>5:25</name>
      </trkpt>
      <trkpt lat="35.693624" lon="139.701489">
        <name>5:26</name>
      </trkpt>
      <trkpt lat="35.693615" lon="139.701532">
        <name>5:27</name>
      </trkpt>
      <trkpt lat="35.693466" lon="139.702213">
        <name>5:28</name>
      </trkpt>
      <trkpt lat="35.693447" lon="139.702298">
        <name>5:29</name>
      </trkpt>
      <trkpt lat="35.693431" lon="139.702368">
        <name>5:30</name>
      </trkpt>
      <trkpt lat="35.693334" lon="139.702804">
        <name>5:31</name>
      </trkpt>
      <trkpt lat="35.693193" lon="139.703294">
        <name>5:32</name>
      </trkpt>
      <trkpt lat="35.693174" lon="139.703362">
        <name>5:33</name>
      </trkpt>
      <trkpt lat="35.693141" lon="139.703482">
        <name>5:34</name>
      </trkpt>
      <trkpt lat="35.693021" lon="139.703427">
        <name>5:35</name>
      </trkpt>
      <trkpt lat="35.693054" lon="139.703311">
        <name>5:36</name>
      </trkpt>
      <trkpt lat="35.693066" lon="139.703265">
        <name>5:37</name>
      </trkpt>
      <trkpt lat="35.693166" lon="139.702914">
        <name>5:38</name>
      </trkpt>
      <trkpt lat="35.693166" lon="139.702914">
        <name>5:39</name>
      </trkpt>
      <trkpt lat="35.693196" lon="139.702808">
        <name>5:40</name>
      </trkpt>
      <trkpt lat="35.693224" lon="139.702686">
        <name>5:41</name>
      </trkpt>
      <trkpt lat="35.693290" lon="139.702404">
        <name>5:42</name>
      </trkpt>
      <trkpt lat="35.693308" lon="139.702326">
        <name>5:43</name>
      </trkpt>
      <trkpt lat="35.693326" lon="139.702246">
        <name>5:44</name>
      </trkpt>
      <trkpt lat="35.693453" lon="139.701673">
        <name>5:45</name>
      </trkpt>
      <trkpt lat="35.693473" lon="139.701582">
        <name>5:46</name>
      </trkpt>
      <trkpt lat="35.693493" lon="139.701491">
        <name>5:47</name>
      </trkpt>
      <trkpt lat="35.693518" lon="139.701379">
        <name>5:48</name>
      </trkpt>
      <trkpt lat="35.693528" lon="139.701329">
        <name>5:49</name>
      </trkpt>
      <trkpt lat="35.693598" lon="139.700967">
        <name>5:50</name>
      </trkpt>
      <trkpt lat="35.693609" lon="139.700904">
        <name>5:51</name>
      </trkpt>
      <trkpt lat="35.693618" lon="139.700846">
        <name>5:52</name>
      </trkpt>
      <trkpt lat="35.693624" lon="139.700799">
        <name>5:53</name>
      </trkpt>
      <trkpt lat="35.693625" lon="139.700754">
        <name>5:54</name>
      </trkpt>
      <trkpt lat="35.693624" lon="139.700713">
        <name>5:55</name>
      </trkpt>
      <trkpt lat="35.693619" lon="139.700669">
        <name>5:56</name>
      </trkpt>
      <trkpt lat="35.693600" lon="139.700587">
        <name>5:57</name>
      </trkpt>
      <trkpt lat="35.693554" lon="139.700405">
        <name>5:58</name>
      </trkpt>
      <trkpt lat="35.693543" lon="139.700276">
        <name>5:59</name>
      </trkpt>
      <trkpt lat="35.693536" lon="139.700152">
        <name>6:00</name>
      </trkpt>
      <trkpt lat="35.693591" lon="139.699516">
        <name>6:01</name>
      </trkpt>
      <trkpt lat="35.693591" lon="139.699378">
        <name>6:02</name>
      </trkpt>
      <trkpt lat="35.693573" lon="139.699130">
        <name>6:03</name>
      </trkpt>
      <trkpt lat="35.693636" lon="139.699116">
        <name>6:04</name>
      </trkpt>
      <trkpt lat="35.693700" lon="139.699098">
        <name>6:05</name>
      </trkpt>
      <trkpt lat="35.693840" lon="139.699054">
        <name>6:06</name>
      </trkpt>
      <trkpt lat="35.693877" lon="139.699040">
        <name>6:07</name>
      </trkpt>
      <trkpt lat="35.694189" lon="139.698925">
        <name>6:08</name>
      </trkpt>
      <trkpt lat="35.694174" lon="139.698852">
        <name>6:09</name>
      </trkpt>
      <trkpt lat="35.694167" lon="139.698819">
        <name>6:10</name>
      </trkpt>
      <trkpt lat="35.694092" lon="139.698748">
        <name>6:11</name>
      </trkpt>
      <trkpt lat="35.693993" lon="139.698655">
        <name>6:12</name>
      </trkpt>
      <trkpt lat="35.693795" lon="139.698490">
        <name>6:13</name>
      </trkpt>
      <trkpt lat="35.693759" lon="139.698486">
        <name>6:14</name>
      </trkpt>
      <trkpt lat="35.693733" lon="139.698487">
        <name>6:15</name>
      </trkpt>
      <trkpt lat="35.693700" lon="139.698501">
        <name>6:16</name>
      </trkpt>
      <trkpt lat="35.693680" lon="139.698525">
        <name>6:17</name>
      </trkpt>
      <trkpt lat="35.693669" lon="139.698550">
        <name>6:18</name>
      </trkpt>
      <trkpt lat="35.693665" lon="139.698574">
        <name>6:19</name>
      </trkpt>
      <trkpt lat="35.693683" lon="139.698858">
        <name>6:20</name>
      </trkpt>
      <trkpt lat="35.693687" lon="139.698930">
        <name>6:21</name>
      </trkpt>
      <trkpt lat="35.693700" lon="139.699098">
        <name>6:22</name>
      </trkpt>
      <trkpt lat="35.693718" lon="139.699361">
        <name>6:23</name>
      </trkpt>
      <trkpt lat="35.693727" lon="139.699483">
        <name>6:24</name>
      </trkpt>
      <trkpt lat="35.693787" lon="139.700347">
        <name>6:25</name>
      </trkpt>
      <trkpt lat="35.693802" lon="139.700574">
        <name>6:26</name>
      </trkpt>
      <trkpt lat="35.693803" lon="139.700668">
        <name>6:27</name>
      </trkpt>
      <trkpt lat="35.693796" lon="139.700727">
        <name>6:28</name>
      </trkpt>
      <trkpt lat="35.693765" lon="139.700870">
        <name>6:29</name>
      </trkpt>
      <trkpt lat="35.693751" lon="139.700932">
        <name>6:30</name>
      </trkpt>
      <trkpt lat="35.693739" lon="139.700988">
        <name>6:31</name>
      </trkpt>
      <trkpt lat="35.693670" lon="139.701285">
        <name>6:32</name>
      </trkpt>
      <trkpt lat="35.693652" lon="139.701365">
        <name>6:33</name>
      </trkpt>
      <trkpt lat="35.693624" lon="139.701489">
        <name>6:34</name>
      </trkpt>
      <trkpt lat="35.693615" lon="139.701532">
        <name>6:35</name>
      </trkpt>
      <trkpt lat="35.693466" lon="139.702213">
        <name>6:36</name>
      </trkpt>
      <trkpt lat="35.693447" lon="139.702298">
        <name>6:37</name>
      </trkpt>
      <trkpt lat="35.693431" lon="139.702368">
        <name>6:38</name>
      </trkpt>
      <trkpt lat="35.693334" lon="139.702804">
        <name>6:39</name>
      </trkpt>
      <trkpt lat="35.693387" lon="139.702830">
        <name>6:40</name>
      </trkpt>
      <trkpt lat="35.693387" lon="139.702830">
        <name>6:41</name>
      </trkpt>
      <trkpt lat="35.693424" lon="139.702848">
        <name>6:42</name>
      </trkpt>
      <trkpt lat="35.693446" lon="139.702853">
        <name>6:43</name>
      </trkpt>
      <trkpt lat="35.693463" lon="139.702862">
        <name>6:44</name>
      </trkpt>
      <trkpt lat="35.693646" lon="139.702953">
        <name>6:45</name>
      </trkpt>
      <trkpt lat="35.693498" lon="139.703511">
        <name>6:46</name>
      </trkpt>
      <trkpt lat="35.693484" lon="139.703557">
        <name>6:47</name>
      </trkpt>
      <trkpt lat="35.693462" lon="139.703629">
        <name>6:48</name>
      </trkpt>
      <trkpt lat="35.693315" lon="139.703561">
        <name>6:49</name>
      </trkpt>
      <trkpt lat="35.693246" lon="139.703529">
        <name>6:50</name>
      </trkpt>
      <trkpt lat="35.693141" lon="139.703482">
        <name>6:51</name>
      </trkpt>
      <trkpt lat="35.693021" lon="139.703427">
        <name>6:52</name>
      </trkpt>
      <trkpt lat="35.693054" lon="139.703311">
        <name>6:53</name>
      </trkpt>
      <trkpt lat="35.693066" lon="139.703265">
        <name>6:54</name>
      </trkpt>
      <trkpt lat="35.693196" lon="139.702808">
        <name>6:55</name>
      </trkpt>
      <trkpt lat="35.693224" lon="139.702686">
        <name>6:56</name>
      </trkpt>
      <trkpt lat="35.693290" lon="139.702404">
        <name>6:57</name>
      </trkpt>
      <trkpt lat="35.693308" lon="139.702326">
        <name>6:58</name>
      </trkpt>
      <trkpt lat="35.693326" lon="139.702246">
        <name>6:59</name>
      </trkpt>
      <trkpt lat="35.693453" lon="139.701673">
        <name>7:00</name>
      </trkpt>
      <trkpt lat="35.693395" lon="139.701652">
        <name>7:01</name>
      </trkpt>
      <trkpt lat="35.693348" lon="139.701635">
        <name>7:02</name>
      </trkpt>
      <trkpt lat="35.693337" lon="139.701629">
        <name>7:03</name>
      </trkpt>
      <trkpt lat="35.692993" lon="139.701442">
        <name>7:04</name>
      </trkpt>
      <trkpt lat="35.692960" lon="139.701425">
        <name>7:05</name>
      </trkpt>
      <trkpt lat="35.692847" lon="139.701947">
        <name>7:06</name>
      </trkpt>
      <trkpt lat="35.692825" lon="139.702008">
        <name>7:07</name>
      </trkpt>
      <trkpt lat="35.692792" lon="139.702085">
        <name>7:08</name>
      </trkpt>
      <trkpt lat="35.692771" lon="139.702135">
        <name>7:09</name>
      </trkpt>
      <trkpt lat="35.692771" lon="139.702135">
        <name>7:10</name>
      </trkpt>
      <trkpt lat="35.692792" lon="139.702085">
        <name>7:11</name>
      </trkpt>
      <trkpt lat="35.692825" lon="139.702008">
        <name>7:12</name>
      </trkpt>
      <trkpt lat="35.692847" lon="139.701947">
        <name>7:13</name>
      </trkpt>
      <trkpt lat="35.692960" lon="139.701425">
        <name>7:14</name>
      </trkpt>
      <trkpt lat="35.693010" lon="139.701196">
        <name>7:15</name>
      </trkpt>
      <trkpt lat="35.693016" lon="139.701171">
        <name>7:16</name>
      </trkpt>
      <trkpt lat="35.693029" lon="139.701111">
        <name>7:17</name>
      </trkpt>
      <trkpt lat="35.693006" lon="139.701060">
        <name>7:18</name>
      </trkpt>
      <trkpt lat="35.692845" lon="139.700971">
        <name>7:19</name>
      </trkpt>
      <trkpt lat="35.692609" lon="139.700841">
        <name>7:20</name>
      </trkpt>
      <trkpt lat="35.692587" lon="139.700847">
        <name>7:21</name>
      </trkpt>
      <trkpt lat="35.692562" lon="139.700854">
        <name>7:22</name>
      </trkpt>
      <trkpt lat="35.692461" lon="139.700832">
        <name>7:23</name>
      </trkpt>
      <trkpt lat="35.692439" lon="139.700932">
        <name>7:24</name>
      </trkpt>
      <trkpt lat="35.692428" lon="139.700984">
        <name>7:25</name>
      </trkpt>
      <trkpt lat="35.692292" lon="139.701616">
        <name>7:26</name>
      </trkpt>
      <trkpt lat="35.692281" lon="139.701665">
        <name>7:27</name>
      </trkpt>
      <trkpt lat="35.692251" lon="139.701771">
        <name>7:28</name>
      </trkpt>
      <trkpt lat="35.692324" lon="139.701685">
        <name>7:29</name>
      </trkpt>
      <trkpt lat="35.692335" lon="139.701685">
        <name>7:30</name>
      </trkpt>
      <trkpt lat="35.692399" lon="139.701685">
        <name>7:31</name>
      </trkpt>
      <trkpt lat="35.692399" lon="139.701685">
        <name>7:32</name>
      </trkpt>
      <trkpt lat="35.692401" lon="139.701685">
        <name>7:33</name>
      </trkpt>
      <trkpt lat="35.692410" lon="139.701685">
        <name>7:34</name>
      </trkpt>
      <trkpt lat="35.692414" lon="139.701685">
        <name>7:35</name>
      </trkpt>
      <trkpt lat="35.692664" lon="139.701834">
        <name>7:36</name>
      </trkpt>
      <trkpt lat="35.692664" lon="139.701834">
        <name>7:37</name>
      </trkpt>
      <trkpt lat="35.692791" lon="139.701910">
        <name>7:38</name>
      </trkpt>
      <trkpt lat="35.692847" lon="139.701947">
        <name>7:39</name>
      </trkpt>
      <trkpt lat="35.692825" lon="139.702008">
        <name>7:40</name>
      </trkpt>
      <trkpt lat="35.692801" lon="139.702064">
        <name>7:41</name>
      </trkpt>
      <trkpt lat="35.692801" lon="139.702064">
        <name>7:42</name>
      </trkpt>
      <trkpt lat="35.692825" lon="139.702008">
        <name>7:43</name>
      </trkpt>
      <trkpt lat="35.692847" lon="139.701947">
        <name>7:44</name>
      </trkpt>
      <trkpt lat="35.692891" lon="139.701976">
        <name>7:45</name>
      </trkpt>
      <trkpt lat="35.693123" lon="139.702119">
        <name>7:46</name>
      </trkpt>
      <trkpt lat="35.693123" lon="139.702119">
        <name>7:47</name>
      </trkpt>
      <trkpt lat="35.693195" lon="139.702163">
        <name>7:48</name>
      </trkpt>
      <trkpt lat="35.693213" lon="139.702175">
        <name>7:49</name>
      </trkpt>
      <trkpt lat="35.693231" lon="139.702185">
        <name>7:50</name>
      </trkpt>
      <trkpt lat="35.693326" lon="139.702246">
        <name>7:51</name>
      </trkpt>
      <trkpt lat="35.693453" lon="139.701673">
        <name>7:52</name>
      </trkpt>
      <trkpt lat="35.693473" lon="139.701582">
        <name>7:53</name>
      </trkpt>
      <trkpt lat="35.693493" lon="139.701491">
        <name>7:54</name>
      </trkpt>
      <trkpt lat="35.693518" lon="139.701379">
        <name>7:55</name>
      </trkpt>
      <trkpt lat="35.693528" lon="139.701329">
        <name>7:56</name>
      </trkpt>
      <trkpt lat="35.693598" lon="139.700967">
        <name>7:57</name>
      </trkpt>
      <trkpt lat="35.693609" lon="139.700904">
        <name>7:58</name>
      </trkpt>
      <trkpt lat="35.693618" lon="139.700846">
        <name>7:59</name>
      </trkpt>
      <trkpt lat="35.693624" lon="139.700799">
        <name>8:00</name>
      </trkpt>
      <trkpt lat="35.693625" lon="139.700754">
        <name>8:01</name>
      </trkpt>
      <trkpt lat="35.693624" lon="139.700713">
        <name>8:02</name>
      </trkpt>
      <trkpt lat="35.693619" lon="139.700669">
        <name>8:03</name>
      </trkpt>
      <trkpt lat="35.693600" lon="139.700587">
        <name>8:04</name>
      </trkpt>
      <trkpt lat="35.693554" lon="139.700405">
        <name>8:05</name>
      </trkpt>
      <trkpt lat="35.693543" lon="139.700276">
        <name>8:06</name>
      </trkpt>
      <trkpt lat="35.693536" lon="139.700152">
        <name>8:07</name>
      </trkpt>
      <trkpt lat="35.693591" lon="139.699516">
        <name>8:08</name>
      </trkpt>
      <trkpt lat="35.693591" lon="139.699378">
        <name>8:09</name>
      </trkpt>
      <trkpt lat="35.693573" lon="139.699130">
        <name>8:10</name>
      </trkpt>
      <trkpt lat="35.693636" lon="139.699116">
        <name>8:11</name>
      </trkpt>
      <trkpt lat="35.693700" lon="139.699098">
        <name>8:12</name>
      </trkpt>
      <trkpt lat="35.693840" lon="139.699054">
        <name>8:13</name>
      </trkpt>
      <trkpt lat="35.693877" lon="139.699040">
        <name>8:14</name>
      </trkpt>
      <trkpt lat="35.694189" lon="139.698925">
        <name>8:15</name>
      </trkpt>
      <trkpt lat="35.694174" lon="139.698852">
        <name>8:16</name>
      </trkpt>
      <trkpt lat="35.694167" lon="139.698819">
        <name>8:17</name>
      </trkpt>
      <trkpt lat="35.694092" lon="139.698748">
        <name>8:18</name>
      </trkpt>
      <trkpt lat="35.693993" lon="139.698655">
        <name>8:19</name>
      </trkpt>
      <trkpt lat="35.693795" lon="139.698490">
        <name>8:20</name>
      </trkpt>
      <trkpt lat="35.693759" lon="139.698486">
        <name>8:21</name>
      </trkpt>
      <trkpt lat="35.693733" lon="139.698487">
        <name>8:22</name>
      </trkpt>
      <trkpt lat="35.693700" lon="139.698501">
        <name>8:23</name>
      </trkpt>
      <trkpt lat="35.693680" lon="139.698525">
        <name>8:24</name>
      </trkpt>
      <trkpt lat="35.693669" lon="139.698550">
        <name>8:25</name>
      </trkpt>
      <trkpt lat="35.693665" lon="139.698574">
        <name>8:26</name>
      </trkpt>
      <trkpt lat="35.693683" lon="139.698858">
        <name>8:27</name>
      </trkpt>
      <trkpt lat="35.693687" lon="139.698930">
        <name>8:28</name>
      </trkpt>
      <trkpt lat="35.693700" lon="139.699098">
        <name>8:29</name>
      </trkpt>
      <trkpt lat="35.693718" lon="139.699361">
        <name>8:30</name>
      </trkpt>
      <trkpt lat="35.693727" lon="139.699483">
        <name>8:31</name>
      </trkpt>
      <trkpt lat="35.693787" lon="139.700347">
        <name>8:32</name>
      </trkpt>
      <trkpt lat="35.693802" lon="139.700574">
        <name>8:33</name>
      </trkpt>
      <trkpt lat="35.693803" lon="139.700668">
        <name>8:34</name>
      </trkpt>
      <trkpt lat="35.693796" lon="139.700727">
        <name>8:35</name>
      </trkpt>
      <trkpt lat="35.693765" lon="139.700870">
        <name>8:36</name>
      </trkpt>
      <trkpt lat="35.693751" lon="139.700932">
        <name>8:37</name>
      </trkpt>
      <trkpt lat="35.693739" lon="139.700988">
        <name>8:38</name>
      </trkpt>
      <trkpt lat="35.693670" lon="139.701285">
        <name>8:39</name>
      </trkpt>
      <trkpt lat="35.693652" lon="139.701365">
        <name>8:40</name>
      </trkpt>
      <trkpt lat="35.693624" lon="139.701489">
        <name>8:41</name>
      </trkpt>
      <trkpt lat="35.693615" lon="139.701532">
        <name>8:42</name>
      </trkpt>
      <trkpt lat="35.693466" lon="139.702213">
        <name>8:43</name>
      </trkpt>
      <trkpt lat="35.693447" lon="139.702298">
        <name>8:44</name>
      </trkpt>
      <trkpt lat="35.693431" lon="139.702368">
        <name>8:45</name>
      </trkpt>
      <trkpt lat="35.693334" lon="139.702804">
        <name>8:46</name>
      </trkpt>
      <trkpt lat="35.693193" lon="139.703294">
        <name>8:47</name>
      </trkpt>
      <trkpt lat="35.693174" lon="139.703362">
        <name>8:48</name>
      </trkpt>
      <trkpt lat="35.693141" lon="139.703482">
        <name>8:49</name>
      </trkpt>
      <trkpt lat="35.693021" lon="139.703427">
        <name>8:50</name>
      </trkpt>
      <trkpt lat="35.693054" lon="139.703311">
        <name>8:51</name>
      </trkpt>
      <trkpt lat="35.693066" lon="139.703265">
        <name>8:52</name>
      </trkpt>
      <trkpt lat="35.693196" lon="139.702808">
        <name>8:53</name>
      </trkpt>
      <trkpt lat="35.693219" lon="139.702710">
        <name>8:54</name>
      </trkpt>
      <trkpt lat="35.693219" lon="139.702710">
        <name>8:55</name>
      </trkpt>
      <trkpt lat="35.693224" lon="139.702686">
        <name>8:56</name>
      </trkpt>
      <trkpt lat="35.693290" lon="139.702404">
        <name>8:57</name>
      </trkpt>
      <trkpt lat="35.693308" lon="139.702326">
        <name>8:58</name>
      </trkpt>
      <trkpt lat="35.693326" lon="139.702246">
        <name>8:59</name>
      </trkpt>
      <trkpt lat="35.693453" lon="139.701673">
        <name>9:00</name>
      </trkpt>
      <trkpt lat="35.693473" lon="139.701582">
        <name>9:01</name>
      </trkpt>
      <trkpt lat="35.693493" lon="139.701491">
        <name>9:02</name>
      </trkpt>
      <trkpt lat="35.693518" lon="139.701379">
        <name>9:03</name>
      </trkpt>
      <trkpt lat="35.693528" lon="139.701329">
        <name>9:04</name>
      </trkpt>
      <trkpt lat="35.693598" lon="139.700967">
        <name>9:05</name>
      </trkpt>
      <trkpt lat="35.693609" lon="139.700904">
        <name>9:06</name>
      </trkpt>
      <trkpt lat="35.693618" lon="139.700846">
        <name>9:07</name>
      </trkpt>
      <trkpt lat="35.693624" lon="139.700799">
        <name>9:08</name>
      </trkpt>
      <trkpt lat="35.693625" lon="139.700754">
        <name>9:09</name>
      </trkpt>
      <trkpt lat="35.693624" lon="139.700713">
        <name>9:10</name>
      </trkpt>
      <trkpt lat="35.693619" lon="139.700669">
        <name>9:11</name>
      </trkpt>
      <trkpt lat="35.693600" lon="139.700587">
        <name>9:12</name>
      </trkpt>
      <trkpt lat="35.693554" lon="139.700405">
        <name>9:13</name>
      </trkpt>
      <trkpt lat="35.693543" lon="139.700276">
        <name>9:14</name>
      </trkpt>
      <trkpt lat="35.693536" lon="139.700152">
        <name>9:15</name>
      </trkpt>
      <trkpt lat="35.693591" lon="139.699516">
        <name>9:16</name>
      </trkpt>
      <trkpt lat="35.693591" lon="139.699378">
        <name>9:17</name>
      </trkpt>
      <trkpt lat="35.693573" lon="139.699130">
        <name>9:18</name>
      </trkpt>
      <trkpt lat="35.693636" lon="139.699116">
        <name>9:19</name>
      </trkpt>
      <trkpt lat="35.693700" lon="139.699098">
        <name>9:20</name>
      </trkpt>
      <trkpt lat="35.693840" lon="139.699054">
        <name>9:21</name>
      </trkpt>
      <trkpt lat="35.693877" lon="139.699040">
        <name>9:22</name>
      </trkpt>
      <trkpt lat="35.694189" lon="139.698925">
        <name>9:23</name>
      </trkpt>
      <trkpt lat="35.694174" lon="139.698852">
        <name>9:24</name>
      </trkpt>
      <trkpt lat="35.694167" lon="139.698819">
        <name>9:25</name>
      </trkpt>
      <trkpt lat="35.694092" lon="139.698748">
        <name>9:26</name>
      </trkpt>
      <trkpt lat="35.693993" lon="139.698655">
        <name>9:27</name>
      </trkpt>
      <trkpt lat="35.693795" lon="139.698490">
        <name>9:28</name>
      </trkpt>
      <trkpt lat="35.693759" lon="139.698486">
        <name>9:29</name>
      </trkpt>
      <trkpt lat="35.693733" lon="139.698487">
        <name>9:30</name>
      </trkpt>
      <trkpt lat="35.693700" lon="139.698501">
        <name>9:31</name>
      </trkpt>
      <trkpt lat="35.693680" lon="139.698525">
        <name>9:32</name>
      </trkpt>
      <trkpt lat="35.693669" lon="139.698550">
        <name>9:33</name>
      </trkpt>
      <trkpt lat="35.693665" lon="139.698574">
        <name>9:34</name>
      </trkpt>
      <trkpt lat="35.693683" lon="139.698858">
        <name>9:35</name>
      </trkpt>
      <trkpt lat="35.693687" lon="139.698930">
        <name>9:36</name>
      </trkpt>
      <trkpt lat="35.693700" lon="139.699098">
        <name>9:37</name>
      </trkpt>
      <trkpt lat="35.693718" lon="139.699361">
        <name>9:38</name>
      </trkpt>
      <trkpt lat="35.693727" lon="139.699483">
        <name>9:39</name>
      </trkpt>
      <trkpt lat="35.693787" lon="139.700347">
        <name>9:40</name>
      </trkpt>
      <trkpt lat="35.693802" lon="139.700574">
        <name>9:41</name>
      </trkpt>
      <trkpt lat="35.693803" lon="139.700668">
        <name>9:42</name>
      </trkpt>
      <trkpt lat="35.693796" lon="139.700727">
        <name>9:43</name>
      </trkpt>
      <trkpt lat="35.693765" lon="139.700870">
        <name>9:44</name>
      </trkpt>
      <trkpt lat="35.693751" lon="139.700932">
        <name>9:45</name>
      </trkpt>
      <trkpt lat="35.693739" lon="139.700988">
        <name>9:46</name>
      </trkpt>
      <trkpt lat="35.693670" lon="139.701285">
        <name>9:47</name>
      </trkpt>
      <trkpt lat="35.693652" lon="139.701365">
        <name>9:48</name>
      </trkpt>
      <trkpt lat="35.693624" lon="139.701489">
        <name>9:49</name>
      </trkpt>
      <trkpt lat="35.693615" lon="139.701532">
        <name>9:50</name>
      </trkpt>
      <trkpt lat="35.693466" lon="139.702213">
        <name>9:51</name>
      </trkpt>
      <trkpt lat="35.693447" lon="139.702298">
        <name>9:52</name>
      </trkpt>
      <trkpt lat="35.693431" lon="139.702368">
        <name>9:53</name>
      </trkpt>
      <trkpt lat="35.693334" lon="139.702804">
        <name>9:54</name>
      </trkpt>
      <trkpt lat="35.693286" lon="139.702972">
        <name>9:55</name>
      </trkpt>
      <trkpt lat="35.693286" lon="139.702972">
        <name>9:56</name>
      </trkpt>
      <trkpt lat="35.693193" lon="139.703294">
        <name>9:57</name>
      </trkpt>
      <trkpt lat="35.693174" lon="139.703362">
        <name>9:58</name>
      </trkpt>
      <trkpt lat="35.693141" lon="139.703482">
        <name>9:59</name>
      </trkpt>
      <trkpt lat="35.693246" lon="139.703529">
        <name>10:00</name>
      </trkpt>
      <trkpt lat="35.693315" lon="139.703561">
        <name>10:01</name>
      </trkpt>
      <trkpt lat="35.693462" lon="139.703629">
        <name>10:02</name>
      </trkpt>
      <trkpt lat="35.693540" lon="139.703666">
        <name>10:03</name>
      </trkpt>
      <trkpt lat="35.693897" lon="139.703832">
        <name>10:04</name>
      </trkpt>
      <trkpt lat="35.694197" lon="139.703962">
        <name>10:05</name>
      </trkpt>
      <trkpt lat="35.694214" lon="139.703900">
        <name>10:06</name>
      </trkpt>
      <trkpt lat="35.694298" lon="139.703582">
        <name>10:07</name>
      </trkpt>
      <trkpt lat="35.694365" lon="139.703324">
        <name>10:08</name>
      </trkpt>
      <trkpt lat="35.694470" lon="139.703376">
        <name>10:09</name>
      </trkpt>
      <trkpt lat="35.694515" lon="139.703190">
        <name>10:10</name>
      </trkpt>
      <trkpt lat="35.694521" lon="139.703164">
        <name>10:11</name>
      </trkpt>
      <trkpt lat="35.694596" lon="139.702853">
        <name>10:12</name>
      </trkpt>
      <trkpt lat="35.694178" lon="139.702647">
        <name>10:13</name>
      </trkpt>
      <trkpt lat="35.693891" lon="139.702509">
        <name>10:14</name>
      </trkpt>
      <trkpt lat="35.693583" lon="139.702358">
        <name>10:15</name>
      </trkpt>
      <trkpt lat="35.693578" lon="139.702356">
        <name>10:16</name>
      </trkpt>
      <trkpt lat="35.693541" lon="139.702337">
        <name>10:17</name>
      </trkpt>
      <trkpt lat="35.693447" lon="139.702298">
        <name>10:18</name>
      </trkpt>
      <trkpt lat="35.693431" lon="139.702368">
        <name>10:19</name>
      </trkpt>
      <trkpt lat="35.693334" lon="139.702804">
        <name>10:20</name>
      </trkpt>
      <trkpt lat="35.693424" lon="139.702848">
        <name>10:21</name>
      </trkpt>
      <trkpt lat="35.693446" lon="139.702853">
        <name>10:22</name>
      </trkpt>
      <trkpt lat="35.693463" lon="139.702862">
        <name>10:23</name>
      </trkpt>
      <trkpt lat="35.693646" lon="139.702953">
        <name>10:24</name>
      </trkpt>
      <trkpt lat="35.693550" lon="139.703315">
        <name>10:25</name>
      </trkpt>
      <trkpt lat="35.693550" lon="139.703315">
        <name>10:26</name>
      </trkpt>
      <trkpt lat="35.693498" lon="139.703511">
        <name>10:27</name>
      </trkpt>
      <trkpt lat="35.693484" lon="139.703557">
        <name>10:28</name>
      </trkpt>
      <trkpt lat="35.693462" lon="139.703629">
        <name>10:29</name>
      </trkpt>
      <trkpt lat="35.693540" lon="139.703666">
        <name>10:30</name>
      </trkpt>
      <trkpt lat="35.693636" lon="139.703710">
        <name>10:31</name>
      </trkpt>
      <trkpt lat="35.693636" lon="139.703710">
        <name>10:32</name>
      </trkpt>
      <trkpt lat="35.693897" lon="139.703832">
        <name>10:33</name>
      </trkpt>
      <trkpt lat="35.693881" lon="139.703895">
        <name>10:34</name>
      </trkpt>
      <trkpt lat="35.693876" lon="139.703915">
        <name>10:35</name>
      </trkpt>
      <trkpt lat="35.693876" lon="139.703915">
        <name>10:36</name>
      </trkpt>
      <trkpt lat="35.693881" lon="139.703895">
        <name>10:37</name>
      </trkpt>
      <trkpt lat="35.693897" lon="139.703832">
        <name>10:38</name>
      </trkpt>
      <trkpt lat="35.694197" lon="139.703962">
        <name>10:39</name>
      </trkpt>
      <trkpt lat="35.694214" lon="139.703900">
        <name>10:40</name>
      </trkpt>
      <trkpt lat="35.694298" lon="139.703582">
        <name>10:41</name>
      </trkpt>
      <trkpt lat="35.694365" lon="139.703324">
        <name>10:42</name>
      </trkpt>
      <trkpt lat="35.694470" lon="139.703376">
        <name>10:43</name>
      </trkpt>
      <trkpt lat="35.694515" lon="139.703190">
        <name>10:44</name>
      </trkpt>
      <trkpt lat="35.694521" lon="139.703164">
        <name>10:45</name>
      </trkpt>
      <trkpt lat="35.694596" lon="139.702853">
        <name>10:46</name>
      </trkpt>
      <trkpt lat="35.694178" lon="139.702647">
        <name>10:47</name>
      </trkpt>
      <trkpt lat="35.693891" lon="139.702509">
        <name>10:48</name>
      </trkpt>
      <trkpt lat="35.693583" lon="139.702358">
        <name>10:49</name>
      </trkpt>
      <trkpt lat="35.693578" lon="139.702356">
        <name>10:50</name>
      </trkpt>
      <trkpt lat="35.693541" lon="139.702337">
        <name>10:51</name>
      </trkpt>
      <trkpt lat="35.693447" lon="139.702298">
        <name>10:52</name>
      </trkpt>
      <trkpt lat="35.693431" lon="139.702368">
        <name>10:53</name>
      </trkpt>
      <trkpt lat="35.693334" lon="139.702804">
        <name>10:54</name>
      </trkpt>
      <trkpt lat="35.693193" lon="139.703294">
        <name>10:55</name>
      </trkpt>
      <trkpt lat="35.693174" lon="139.703362">
        <name>10:56</name>
      </trkpt>
      <trkpt lat="35.693164" lon="139.703397">
        <name>10:57</name>
      </trkpt>
      <trkpt lat="35.693164" lon="139.703397">
        <name>10:58</name>
      </trkpt>
      <trkpt lat="35.693141" lon="139.703482">
        <name>10:59</name>
      </trkpt>
      <trkpt lat="35.693021" lon="139.703427">
        <name>11:00</name>
      </trkpt>
      <trkpt lat="35.693054" lon="139.703311">
        <name>11:01</name>
      </trkpt>
      <trkpt lat="35.693066" lon="139.703265">
        <name>11:02</name>
      </trkpt>
      <trkpt lat="35.693196" lon="139.702808">
        <name>11:03</name>
      </trkpt>
      <trkpt lat="35.693224" lon="139.702686">
        <name>11:04</name>
      </trkpt>
      <trkpt lat="35.693290" lon="139.702404">
        <name>11:05</name>
      </trkpt>
      <trkpt lat="35.693308" lon="139.702326">
        <name>11:06</name>
      </trkpt>
      <trkpt lat="35.693326" lon="139.702246">
        <name>11:07</name>
      </trkpt>
      <trkpt lat="35.693453" lon="139.701673">
        <name>11:08</name>
      </trkpt>
      <trkpt lat="35.693395" lon="139.701652">
        <name>11:09</name>
      </trkpt>
      <trkpt lat="35.693348" lon="139.701635">
        <name>11:10</name>
      </trkpt>
      <trkpt lat="35.693337" lon="139.701629">
        <name>11:11</name>
      </trkpt>
      <trkpt lat="35.692993" lon="139.701442">
        <name>11:12</name>
      </trkpt>
      <trkpt lat="35.692960" lon="139.701425">
        <name>11:13</name>
      </trkpt>
      <trkpt lat="35.692847" lon="139.701947">
        <name>11:14</name>
      </trkpt>
      <trkpt lat="35.692825" lon="139.702008">
        <name>11:15</name>
      </trkpt>
      <trkpt lat="35.692792" lon="139.702085">
        <name>11:16</name>
      </trkpt>
      <trkpt lat="35.692736" lon="139.702218">
        <name>11:17</name>
      </trkpt>
      <trkpt lat="35.692729" lon="139.702237">
        <name>11:18</name>
      </trkpt>
      <trkpt lat="35.692715" lon="139.702273">
        <name>11:19</name>
      </trkpt>
      <trkpt lat="35.692681" lon="139.702364">
        <name>11:20</name>
      </trkpt>
      <trkpt lat="35.692645" lon="139.702459">
        <name>11:21</name>
      </trkpt>
      <trkpt lat="35.692633" lon="139.702491">
        <name>11:22</name>
      </trkpt>
      <trkpt lat="35.692626" lon="139.702509">
        <name>11:23</name>
      </trkpt>
      <trkpt lat="35.692511" lon="139.702785">
        <name>11:24</name>
      </trkpt>
      <trkpt lat="35.692499" lon="139.702815">
        <name>11:25</name>
      </trkpt>
      <trkpt lat="35.692492" lon="139.702830">
        <name>11:26</name>
      </trkpt>
      <trkpt lat="35.692473" lon="139.702876">
        <name>11:27</name>
      </trkpt>
      <trkpt lat="35.692473" lon="139.702876">
        <name>11:28</name>
      </trkpt>
      <trkpt lat="35.692492" lon="139.702830">
        <name>11:29</name>
      </trkpt>
      <trkpt lat="35.692499" lon="139.702815">
        <name>11:30</name>
      </trkpt>
      <trkpt lat="35.692511" lon="139.702785">
        <name>11:31</name>
      </trkpt>
      <trkpt lat="35.692626" lon="139.702509">
        <name>11:32</name>
      </trkpt>
      <trkpt lat="35.692633" lon="139.702491">
        <name>11:33</name>
      </trkpt>
      <trkpt lat="35.692645" lon="139.702459">
        <name>11:34</name>
      </trkpt>
      <trkpt lat="35.692681" lon="139.702364">
        <name>11:35</name>
      </trkpt>
      <trkpt lat="35.692715" lon="139.702273">
        <name>11:36</name>
      </trkpt>
      <trkpt lat="35.692729" lon="139.702237">
        <name>11:37</name>
      </trkpt>
      <trkpt lat="35.692736" lon="139.702218">
        <name>11:38</name>
      </trkpt>
      <trkpt lat="35.692792" lon="139.702085">
        <name>11:39</name>
      </trkpt>
      <trkpt lat="35.692825" lon="139.702008">
        <name>11:40</name>
      </trkpt>
      <trkpt lat="35.692847" lon="139.701947">
        <name>11:41</name>
      </trkpt>
      <trkpt lat="35.692960" lon="139.701425">
        <name>11:42</name>
      </trkpt>
      <trkpt lat="35.693010" lon="139.701196">
        <name>11:43</name>
      </trkpt>
      <trkpt lat="35.693016" lon="139.701171">
        <name>11:44</name>
      </trkpt>
      <trkpt lat="35.693029" lon="139.701111">
        <name>11:45</name>
      </trkpt>
      <trkpt lat="35.693006" lon="139.701060">
        <name>11:46</name>
      </trkpt>
      <trkpt lat="35.692845" lon="139.700971">
        <name>11:47</name>
      </trkpt>
      <trkpt lat="35.692609" lon="139.700841">
        <name>11:48</name>
      </trkpt>
      <trkpt lat="35.692587" lon="139.700847">
        <name>11:49</name>
      </trkpt>
      <trkpt lat="35.692562" lon="139.700854">
        <name>11:50</name>
      </trkpt>
      <trkpt lat="35.692461" lon="139.700832">
        <name>11:51</name>
      </trkpt>
      <trkpt lat="35.692472" lon="139.700719">
        <name>11:52</name>
      </trkpt>
      <trkpt lat="35.692484" lon="139.700696">
        <name>11:53</name>
      </trkpt>
      <trkpt lat="35.692498" lon="139.700667">
        <name>11:54</name>
      </trkpt>
      <trkpt lat="35.692518" lon="139.700632">
        <name>11:55</name>
      </trkpt>
      <trkpt lat="35.692544" lon="139.700596">
        <name>11:56</name>
      </trkpt>
      <trkpt lat="35.692581" lon="139.700558">
        <name>11:57</name>
      </trkpt>
      <trkpt lat="35.692627" lon="139.700524">
        <name>11:58</name>
      </trkpt>
      <trkpt lat="35.692665" lon="139.700501">
        <name>11:59</name>
      </trkpt>
      <trkpt lat="35.692705" lon="139.700480">
        <name>12:00</name>
      </trkpt>
      <trkpt lat="35.692847" lon="139.700417">
        <name>12:01</name>
      </trkpt>
      <trkpt lat="35.692877" lon="139.700405">
        <name>12:02</name>
      </trkpt>
      <trkpt lat="35.692923" lon="139.700388">
        <name>12:03</name>
      </trkpt>
      <trkpt lat="35.692973" lon="139.700375">
        <name>12:04</name>
      </trkpt>
      <trkpt lat="35.693228" lon="139.700315">
        <name>12:05</name>
      </trkpt>
      <trkpt lat="35.693271" lon="139.700305">
        <name>12:06</name>
      </trkpt>
      <trkpt lat="35.693339" lon="139.700292">
        <name>12:07</name>
      </trkpt>
      <trkpt lat="35.693390" lon="139.700297">
        <name>12:08</name>
      </trkpt>
      <trkpt lat="35.693436" lon="139.700314">
        <name>12:09</name>
      </trkpt>
      <trkpt lat="35.693492" lon="139.700355">
        <name>12:10</name>
      </trkpt>
      <trkpt lat="35.693554" lon="139.700405">
        <name>12:11</name>
      </trkpt>
      <trkpt lat="35.693616" lon="139.700440">
        <name>12:12</name>
      </trkpt>
      <trkpt lat="35.693670" lon="139.700478">
        <name>12:13</name>
      </trkpt>
      <trkpt lat="35.693714" lon="139.700516">
        <name>12:14</name>
      </trkpt>
      <trkpt lat="35.693750" lon="139.700549">
        <name>12:15</name>
      </trkpt>
      <trkpt lat="35.693765" lon="139.700561">
        <name>12:16</name>
      </trkpt>
      <trkpt lat="35.693784" lon="139.700571">
        <name>12:17</name>
      </trkpt>
      <trkpt lat="35.693802" lon="139.700574">
        <name>12:18</name>
      </trkpt>
      <trkpt lat="35.693803" lon="139.700668">
        <name>12:19</name>
      </trkpt>
      <trkpt lat="35.693796" lon="139.700727">
        <name>12:20</name>
      </trkpt>
      <trkpt lat="35.693765" lon="139.700870">
        <name>12:21</name>
      </trkpt>
      <trkpt lat="35.693751" lon="139.700932">
        <name>12:22</name>
      </trkpt>
      <trkpt lat="35.693739" lon="139.700988">
        <name>12:23</name>
      </trkpt>
      <trkpt lat="35.693670" lon="139.701285">
        <name>12:24</name>
      </trkpt>
      <trkpt lat="35.693652" lon="139.701365">
        <name>12:25</name>
      </trkpt>
      <trkpt lat="35.693624" lon="139.701489">
        <name>12:26</name>
      </trkpt>
      <trkpt lat="35.693615" lon="139.701532">
        <name>12:27</name>
      </trkpt>
      <trkpt lat="35.693466" lon="139.702213">
        <name>12:28</name>
      </trkpt>
      <trkpt lat="35.693447" lon="139.702298">
        <name>12:29</name>
      </trkpt>
      <trkpt lat="35.693431" lon="139.702368">
        <name>12:30</name>
      </trkpt>
      <trkpt lat="35.693334" lon="139.702804">
        <name>12:31</name>
      </trkpt>
      <trkpt lat="35.693417" lon="139.702844">
        <name>12:32</name>
      </trkpt>
      <trkpt lat="35.693417" lon="139.702844">
        <name>12:33</name>
      </trkpt>
      <trkpt lat="35.693424" lon="139.702848">
        <name>12:34</name>
      </trkpt>
      <trkpt lat="35.693446" lon="139.702853">
        <name>12:35</name>
      </trkpt>
      <trkpt lat="35.693463" lon="139.702862">
        <name>12:36</name>
      </trkpt>
      <trkpt lat="35.693646" lon="139.702953">
        <name>12:37</name>
      </trkpt>
      <trkpt lat="35.694054" lon="139.703160">
        <name>12:38</name>
      </trkpt>
      <trkpt lat="35.694365" lon="139.703324">
        <name>12:39</name>
      </trkpt>
      <trkpt lat="35.694470" lon="139.703376">
        <name>12:40</name>
      </trkpt>
      <trkpt lat="35.694515" lon="139.703190">
        <name>12:41</name>
      </trkpt>
      <trkpt lat="35.694521" lon="139.703164">
        <name>12:42</name>
      </trkpt>
      <trkpt lat="35.694596" lon="139.702853">
        <name>12:43</name>
      </trkpt>
      <trkpt lat="35.694329" lon="139.702721">
        <name>12:44</name>
      </trkpt>
      <trkpt lat="35.694329" lon="139.702721">
        <name>12:45</name>
      </trkpt>
      <trkpt lat="35.694178" lon="139.702647">
        <name>12:46</name>
      </trkpt>
      <trkpt lat="35.693891" lon="139.702509">
        <name>12:47</name>
      </trkpt>
      <trkpt lat="35.693583" lon="139.702358">
        <name>12:48</name>
      </trkpt>
      <trkpt lat="35.693578" lon="139.702356">
        <name>12:49</name>
      </trkpt>
      <trkpt lat="35.693541" lon="139.702337">
        <name>12:50</name>
      </trkpt>
      <trkpt lat="35.693447" lon="139.702298">
        <name>12:51</name>
      </trkpt>
      <trkpt lat="35.693431" lon="139.702368">
        <name>12:52</name>
      </trkpt>
      <trkpt lat="35.693334" lon="139.702804">
        <name>12:53</name>
      </trkpt>
      <trkpt lat="35.693193" lon="139.703294">
        <name>12:54</name>
      </trkpt>
      <trkpt lat="35.693174" lon="139.703362">
        <name>12:55</name>
      </trkpt>
      <trkpt lat="35.693141" lon="139.703482">
        <name>12:56</name>
      </trkpt>
      <trkpt lat="35.693246" lon="139.703529">
        <name>12:57</name>
      </trkpt>
      <trkpt lat="35.693315" lon="139.703561">
        <name>12:58</name>
      </trkpt>
      <trkpt lat="35.693462" lon="139.703629">
        <name>12:59</name>
      </trkpt>
      <trkpt lat="35.693540" lon="139.703666">
        <name>13:00</name>
      </trkpt>
      <trkpt lat="35.693897" lon="139.703832">
        <name>13:01</name>
      </trkpt>
      <trkpt lat="35.694197" lon="139.703962">
        <name>13:02</name>
      </trkpt>
      <trkpt lat="35.694214" lon="139.703900">
        <name>13:03</name>
      </trkpt>
      <trkpt lat="35.694275" lon="139.703669">
        <name>13:04</name>
      </trkpt>
      <trkpt lat="35.694275" lon="139.703669">
        <name>13:05</name>
      </trkpt>
      <trkpt lat="35.694298" lon="139.703582">
        <name>13:06</name>
      </trkpt>
      <trkpt lat="35.694365" lon="139.703324">
        <name>13:07</name>
      </trkpt>
      <trkpt lat="35.694470" lon="139.703376">
        <name>13:08</name>
      </trkpt>
      <trkpt lat="35.694515" lon="139.703190">
        <name>13:09</name>
      </trkpt>
      <trkpt lat="35.694521" lon="139.703164">
        <name>13:10</name>
      </trkpt>
      <trkpt lat="35.694596" lon="139.702853">
        <name>13:11</name>
      </trkpt>
      <trkpt lat="35.694178" lon="139.702647">
        <name>13:12</name>
      </trkpt>
      <trkpt lat="35.693891" lon="139.702509">
        <name>13:13</name>
      </trkpt>
      <trkpt lat="35.693583" lon="139.702358">
        <name>13:14</name>
      </trkpt>
      <trkpt lat="35.693578" lon="139.702356">
        <name>13:15</name>
      </trkpt>
      <trkpt lat="35.693541" lon="139.702337">
        <name>13:16</name>
      </trkpt>
      <trkpt lat="35.693447" lon="139.702298">
        <name>13:17</name>
      </trkpt>
      <trkpt lat="35.693431" lon="139.702368">
        <name>13:18</name>
      </trkpt>
      <trkpt lat="35.693334" lon="139.702804">
        <name>13:19</name>
      </trkpt>
      <trkpt lat="35.693193" lon="139.703294">
        <name>13:20</name>
      </trkpt>
      <trkpt lat="35.693174" lon="139.703362">
        <name>13:21</name>
      </trkpt>
      <trkpt lat="35.693141" lon="139.703482">
        <name>13:22</name>
      </trkpt>
      <trkpt lat="35.693072" lon="139.703731">
        <name>13:23</name>
      </trkpt>
      <trkpt lat="35.692837" lon="139.704588">
        <name>13:24</name>
      </trkpt>
      <trkpt lat="35.692920" lon="139.704624">
        <name>13:25</name>
      </trkpt>
      <trkpt lat="35.692962" lon="139.704642">
        <name>13:26</name>
      </trkpt>
      <trkpt lat="35.693381" lon="139.704824">
        <name>13:27</name>
      </trkpt>
      <trkpt lat="35.693471" lon="139.704850">
        <name>13:28</name>
      </trkpt>
      <trkpt lat="35.693535" lon="139.704877">
        <name>13:29</name>
      </trkpt>
      <trkpt lat="35.693673" lon="139.704933">
        <name>13:30</name>
      </trkpt>
      <trkpt lat="35.693805" lon="139.704988">
        <name>13:31</name>
      </trkpt>
      <trkpt lat="35.693898" lon="139.705027">
        <name>13:32</name>
      </trkpt>
      <trkpt lat="35.693980" lon="139.705060">
        <name>13:33</name>
      </trkpt>
      <trkpt lat="35.693992" lon="139.705065">
        <name>13:34</name>
      </trkpt>
      <trkpt lat="35.694212" lon="139.705169">
        <name>13:35</name>
      </trkpt>
      <trkpt lat="35.694370" lon="139.704684">
        <name>13:36</name>
      </trkpt>
      <trkpt lat="35.694370" lon="139.704684">
        <name>13:37</name>
      </trkpt>
      <trkpt lat="35.694212" lon="139.705169">
        <name>13:38</name>
      </trkpt>
      <trkpt lat="35.694826" lon="139.705474">
        <name>13:39</name>
      </trkpt>
      <trkpt lat="35.694914" lon="139.705519">
        <name>13:40</name>
      </trkpt>
      <trkpt lat="35.694943" lon="139.705466">
        <name>13:41</name>
      </trkpt>
      <trkpt lat="35.694951" lon="139.705421">
        <name>13:42</name>
      </trkpt>
      <trkpt lat="35.694960" lon="139.704986">
        <name>13:43</name>
      </trkpt>
      <trkpt lat="35.694971" lon="139.704398">
        <name>13:44</name>
      </trkpt>
      <trkpt lat="35.694973" lon="139.704310">
        <name>13:45</name>
      </trkpt>
      <trkpt lat="35.694863" lon="139.704266">
        <name>13:46</name>
      </trkpt>
      <trkpt lat="35.694197" lon="139.703962">
        <name>13:47</name>
      </trkpt>
      <trkpt lat="35.694214" lon="139.703900">
        <name>13:48</name>
      </trkpt>
      <trkpt lat="35.694292" lon="139.703607">
        <name>13:49</name>
      </trkpt>
      <trkpt lat="35.694292" lon="139.703607">
        <name>13:50</name>
      </trkpt>
      <trkpt lat="35.694298" lon="139.703582">
        <name>13:51</name>
      </trkpt>
      <trkpt lat="35.694365" lon="139.703324">
        <name>13:52</name>
      </trkpt>
      <trkpt lat="35.694470" lon="139.703376">
        <name>13:53</name>
      </trkpt>
      <trkpt lat="35.694515" lon="139.703190">
        <name>13:54</name>
      </trkpt>
      <trkpt lat="35.694521" lon="139.703164">
        <name>13:55</name>
      </trkpt>
      <trkpt lat="35.694596" lon="139.702853">
        <name>13:56</name>
      </trkpt>
      <trkpt lat="35.694639" lon="139.702676">
        <name>13:57</name>
      </trkpt>
      <trkpt lat="35.694608" lon="139.702665">
        <name>13:58</name>
      </trkpt>
      <trkpt lat="35.694608" lon="139.702665">
        <name>13:59</name>
      </trkpt>
      <trkpt lat="35.694606" lon="139.702664">
        <name>14:00</name>
      </trkpt>
      <trkpt lat="35.694487" lon="139.702610">
        <name>14:01</name>
      </trkpt>
      <trkpt lat="35.694478" lon="139.702602">
        <name>14:02</name>
      </trkpt>
      <trkpt lat="35.694252" lon="139.702490">
        <name>14:03</name>
      </trkpt>
      <trkpt lat="35.694220" lon="139.702477">
        <name>14:04</name>
      </trkpt>
      <trkpt lat="35.694189" lon="139.702605">
        <name>14:05</name>
      </trkpt>
      <trkpt lat="35.694178" lon="139.702647">
        <name>14:06</name>
      </trkpt>
      <trkpt lat="35.694096" lon="139.702991">
        <name>14:07</name>
      </trkpt>
      <trkpt lat="35.694054" lon="139.703160">
        <name>14:08</name>
      </trkpt>
      <trkpt lat="35.694365" lon="139.703324">
        <name>14:09</name>
      </trkpt>
      <trkpt lat="35.694470" lon="139.703376">
        <name>14:10</name>
      </trkpt>
      <trkpt lat="35.694515" lon="139.703190">
        <name>14:11</name>
      </trkpt>
      <trkpt lat="35.694521" lon="139.703164">
        <name>14:12</name>
      </trkpt>
      <trkpt lat="35.694596" lon="139.702853">
        <name>14:13</name>
      </trkpt>
      <trkpt lat="35.694298" lon="139.702706">
        <name>14:14</name>
      </trkpt>
      <trkpt lat="35.694298" lon="139.702706">
        <name>14:15</name>
      </trkpt>
      <trkpt lat="35.694178" lon="139.702647">
        <name>14:16</name>
      </trkpt>
      <trkpt lat="35.694096" lon="139.702991">
        <name>14:17</name>
      </trkpt>
      <trkpt lat="35.694054" lon="139.703160">
        <name>14:18</name>
      </trkpt>
      <trkpt lat="35.694365" lon="139.703324">
        <name>14:19</name>
      </trkpt>
      <trkpt lat="35.694470" lon="139.703376">
        <name>14:20</name>
      </trkpt>
      <trkpt lat="35.694515" lon="139.703190">
        <name>14:21</name>
      </trkpt>
      <trkpt lat="35.694521" lon="139.703164">
        <name>14:22</name>
      </trkpt>
      <trkpt lat="35.694596" lon="139.702853">
        <name>14:23</name>
      </trkpt>
      <trkpt lat="35.694349" lon="139.702731">
        <name>14:24</name>
      </trkpt>
      <trkpt lat="35.694349" lon="139.702731">
        <name>14:25</name>
      </trkpt>
      <trkpt lat="35.694178" lon="139.702647">
        <name>14:26</name>
      </trkpt>
      <trkpt lat="35.693891" lon="139.702509">
        <name>14:27</name>
      </trkpt>
      <trkpt lat="35.694035" lon="139.701905">
        <name>14:28</name>
      </trkpt>
      <trkpt lat="35.694092" lon="139.701664">
        <name>14:29</name>
      </trkpt>
      <trkpt lat="35.694394" lon="139.701769">
        <name>14:30</name>
      </trkpt>
      <trkpt lat="35.694333" lon="139.702017">
        <name>14:31</name>
      </trkpt>
      <trkpt lat="35.694294" lon="139.702176">
        <name>14:32</name>
      </trkpt>
      <trkpt lat="35.694267" lon="139.702288">
        <name>14:33</name>
      </trkpt>
      <trkpt lat="35.694220" lon="139.702477">
        <name>14:34</name>
      </trkpt>
      <trkpt lat="35.694252" lon="139.702490">
        <name>14:35</name>
      </trkpt>
      <trkpt lat="35.694453" lon="139.702590">
        <name>14:36</name>
      </trkpt>
      <trkpt lat="35.694453" lon="139.702590">
        <name>14:37</name>
      </trkpt>
      <trkpt lat="35.694478" lon="139.702602">
        <name>14:38</name>
      </trkpt>
      <trkpt lat="35.694487" lon="139.702610">
        <name>14:39</name>
      </trkpt>
      <trkpt lat="35.694505" lon="139.702618">
        <name>14:40</name>
      </trkpt>
      <trkpt lat="35.694505" lon="139.702618">
        <name>14:41</name>
      </trkpt>
      <trkpt lat="35.694487" lon="139.702610">
        <name>14:42</name>
      </trkpt>
      <trkpt lat="35.694478" lon="139.702602">
        <name>14:43</name>
      </trkpt>
      <trkpt lat="35.694252" lon="139.702490">
        <name>14:44</name>
      </trkpt>
      <trkpt lat="35.694220" lon="139.702477">
        <name>14:45</name>
      </trkpt>
      <trkpt lat="35.694189" lon="139.702605">
        <name>14:46</name>
      </trkpt>
      <trkpt lat="35.694178" lon="139.702647">
        <name>14:47</name>
      </trkpt>
      <trkpt lat="35.694096" lon="139.702991">
        <name>14:48</name>
      </trkpt>
      <trkpt lat="35.694054" lon="139.703160">
        <name>14:49</name>
      </trkpt>
      <trkpt lat="35.694365" lon="139.703324">
        <name>14:50</name>
      </trkpt>
      <trkpt lat="35.694470" lon="139.703376">
        <name>14:51</name>
      </trkpt>
      <trkpt lat="35.694515" lon="139.703190">
        <name>14:52</name>
      </trkpt>
      <trkpt lat="35.694521" lon="139.703164">
        <name>14:53</name>
      </trkpt>
      <trkpt lat="35.694596" lon="139.702853">
        <name>14:54</name>
      </trkpt>
      <trkpt lat="35.694618" lon="139.702764">
        <name>14:55</name>
      </trkpt>
      <trkpt lat="35.694618" lon="139.702764">
        <name>14:56</name>
      </trkpt>
      <trkpt lat="35.694639" lon="139.702676">
        <name>14:57</name>
      </trkpt>
      <trkpt lat="35.694669" lon="139.702551">
        <name>14:58</name>
      </trkpt>
      <trkpt lat="35.694721" lon="139.702334">
        <name>14:59</name>
      </trkpt>
      <trkpt lat="35.694492" lon="139.702249">
        <name>15:00</name>
      </trkpt>
      <trkpt lat="35.694294" lon="139.702176">
        <name>15:01</name>
      </trkpt>
      <trkpt lat="35.694267" lon="139.702288">
        <name>15:02</name>
      </trkpt>
      <trkpt lat="35.694220" lon="139.702477">
        <name>15:03</name>
      </trkpt>
      <trkpt lat="35.694189" lon="139.702605">
        <name>15:04</name>
      </trkpt>
      <trkpt lat="35.694178" lon="139.702647">
        <name>15:05</name>
      </trkpt>
      <trkpt lat="35.694096" lon="139.702991">
        <name>15:06</name>
      </trkpt>
      <trkpt lat="35.694054" lon="139.703160">
        <name>15:07</name>
      </trkpt>
      <trkpt lat="35.694365" lon="139.703324">
        <name>15:08</name>
      </trkpt>
      <trkpt lat="35.694470" lon="139.703376">
        <name>15:09</name>
      </trkpt>
      <trkpt lat="35.694863" lon="139.703571">
        <name>15:10</name>
      </trkpt>
      <trkpt lat="35.694969" lon="139.703623">
        <name>15:11</name>
      </trkpt>
      <trkpt lat="35.695062" lon="139.703669">
        <name>15:12</name>
      </trkpt>
      <trkpt lat="35.695098" lon="139.703687">
        <name>15:13</name>
      </trkpt>
      <trkpt lat="35.695124" lon="139.703577">
        <name>15:14</name>
      </trkpt>
      <trkpt lat="35.695166" lon="139.703407">
        <name>15:15</name>
      </trkpt>
      <trkpt lat="35.695183" lon="139.703364">
        <name>15:16</name>
      </trkpt>
      <trkpt lat="35.695261" lon="139.703129">
        <name>15:17</name>
      </trkpt>
      <trkpt lat="35.695231" lon="139.703099">
        <name>15:18</name>
      </trkpt>
      <trkpt lat="35.695209" lon="139.703080">
        <name>15:19</name>
      </trkpt>
      <trkpt lat="35.694679" lon="139.702884">
        <name>15:20</name>
      </trkpt>
      <trkpt lat="35.694679" lon="139.702884">
        <name>15:21</name>
      </trkpt>
      <trkpt lat="35.694596" lon="139.702853">
        <name>15:22</name>
      </trkpt>
      <trkpt lat="35.694298" lon="139.702706">
        <name>15:23</name>
      </trkpt>
      <trkpt lat="35.694298" lon="139.702706">
        <name>15:24</name>
      </trkpt>
      <trkpt lat="35.694178" lon="139.702647">
        <name>15:25</name>
      </trkpt>
      <trkpt lat="35.694096" lon="139.702991">
        <name>15:26</name>
      </trkpt>
      <trkpt lat="35.694054" lon="139.703160">
        <name>15:27</name>
      </trkpt>
      <trkpt lat="35.694365" lon="139.703324">
        <name>15:28</name>
      </trkpt>
      <trkpt lat="35.694470" lon="139.703376">
        <name>15:29</name>
      </trkpt>
      <trkpt lat="35.694515" lon="139.703190">
        <name>15:30</name>
      </trkpt>
      <trkpt lat="35.694521" lon="139.703164">
        <name>15:31</name>
      </trkpt>
      <trkpt lat="35.694596" lon="139.702853">
        <name>15:32</name>
      </trkpt>
      <trkpt lat="35.694318" lon="139.702716">
        <name>15:33</name>
      </trkpt>
      <trkpt lat="35.694318" lon="139.702716">
        <name>15:34</name>
      </trkpt>
      <trkpt lat="35.694178" lon="139.702647">
        <name>15:35</name>
      </trkpt>
      <trkpt lat="35.694096" lon="139.702991">
        <name>15:36</name>
      </trkpt>
      <trkpt lat="35.694054" lon="139.703160">
        <name>15:37</name>
      </trkpt>
      <trkpt lat="35.694365" lon="139.703324">
        <name>15:38</name>
      </trkpt>
      <trkpt lat="35.694470" lon="139.703376">
        <name>15:39</name>
      </trkpt>
      <trkpt lat="35.694515" lon="139.703190">
        <name>15:40</name>
      </trkpt>
      <trkpt lat="35.694521" lon="139.703164">
        <name>15:41</name>
      </trkpt>
      <trkpt lat="35.694596" lon="139.702853">
        <name>15:42</name>
      </trkpt>
      <trkpt lat="35.694339" lon="139.702726">
        <name>15:43</name>
      </trkpt>
      <trkpt lat="35.694339" lon="139.702726">
        <name>15:44</name>
      </trkpt>
      <trkpt lat="35.694178" lon="139.702647">
        <name>15:45</name>
      </trkpt>
      <trkpt lat="35.693891" lon="139.702509">
        <name>15:46</name>
      </trkpt>
      <trkpt lat="35.694035" lon="139.701905">
        <name>15:47</name>
      </trkpt>
      <trkpt lat="35.694092" lon="139.701664">
        <name>15:48</name>
      </trkpt>
      <trkpt lat="35.694394" lon="139.701769">
        <name>15:49</name>
      </trkpt>
      <trkpt lat="35.694333" lon="139.702017">
        <name>15:50</name>
      </trkpt>
      <trkpt lat="35.694294" lon="139.702176">
        <name>15:51</name>
      </trkpt>
      <trkpt lat="35.694267" lon="139.702288">
        <name>15:52</name>
      </trkpt>
      <trkpt lat="35.694220" lon="139.702477">
        <name>15:53</name>
      </trkpt>
      <trkpt lat="35.694252" lon="139.702490">
        <name>15:54</name>
      </trkpt>
      <trkpt lat="35.694413" lon="139.702570">
        <name>15:55</name>
      </trkpt>
      <trkpt lat="35.694413" lon="139.702570">
        <name>15:56</name>
      </trkpt>
      <trkpt lat="35.694434" lon="139.702580">
        <name>15:57</name>
      </trkpt>
      <trkpt lat="35.694434" lon="139.702580">
        <name>15:58</name>
      </trkpt>
      <trkpt lat="35.694454" lon="139.702590">
        <name>15:59</name>
      </trkpt>
      <trkpt lat="35.694454" lon="139.702590">
        <name>16:00</name>
      </trkpt>
      <trkpt lat="35.694474" lon="139.702600">
        <name>16:01</name>
      </trkpt>
      <trkpt lat="35.694474" lon="139.702600">
        <name>16:02</name>
      </trkpt>
      <trkpt lat="35.694478" lon="139.702602">
        <name>16:03</name>
      </trkpt>
      <trkpt lat="35.694487" lon="139.702610">
        <name>16:04</name>
      </trkpt>
      <trkpt lat="35.694495" lon="139.702614">
        <name>16:05</name>
      </trkpt>
      <trkpt lat="35.694495" lon="139.702614">
        <name>16:06</name>
      </trkpt>
      <trkpt lat="35.694516" lon="139.702623">
        <name>16:07</name>
      </trkpt>
      <trkpt lat="35.694516" lon="139.702623">
        <name>16:08</name>
      </trkpt>
      <trkpt lat="35.694537" lon="139.702633">
        <name>16:09</name>
      </trkpt>
      <trkpt lat="35.694537" lon="139.702633">
        <name>16:10</name>
      </trkpt>
      <trkpt lat="35.694606" lon="139.702664">
        <name>16:11</name>
      </trkpt>
      <trkpt lat="35.694639" lon="139.702676">
        <name>16:12</name>
      </trkpt>
      <trkpt lat="35.694669" lon="139.702551">
        <name>16:13</name>
      </trkpt>
      <trkpt lat="35.694669" lon="139.702551">
        <name>16:14</name>
      </trkpt>
      <trkpt lat="35.694675" lon="139.702525">
        <name>16:15</name>
      </trkpt>
      <trkpt lat="35.694675" lon="139.702525">
        <name>16:16</name>
      </trkpt>
      <trkpt lat="35.694682" lon="139.702498">
        <name>16:17</name>
      </trkpt>
      <trkpt lat="35.694682" lon="139.702498">
        <name>16:18</name>
      </trkpt>
      <trkpt lat="35.694721" lon="139.702334">
        <name>16:19</name>
      </trkpt>
      <trkpt lat="35.694635" lon="139.702302">
        <name>16:20</name>
      </trkpt>
      <trkpt lat="35.694635" lon="139.702302">
        <name>16:21</name>
      </trkpt>
      <trkpt lat="35.694577" lon="139.702281">
        <name>16:22</name>
      </trkpt>
      <trkpt lat="35.694577" lon="139.702281">
        <name>16:23</name>
      </trkpt>
      <trkpt lat="35.694492" lon="139.702249">
        <name>16:24</name>
      </trkpt>
      <trkpt lat="35.694294" lon="139.702176">
        <name>16:25</name>
      </trkpt>
      <trkpt lat="35.694267" lon="139.702288">
        <name>16:26</name>
      </trkpt>
      <trkpt lat="35.694220" lon="139.702477">
        <name>16:27</name>
      </trkpt>
      <trkpt lat="35.694189" lon="139.702605">
        <name>16:28</name>
      </trkpt>
      <trkpt lat="35.694178" lon="139.702647">
        <name>16:29</name>
      </trkpt>
      <trkpt lat="35.693891" lon="139.702509">
        <name>16:30</name>
      </trkpt>
      <trkpt lat="35.694035" lon="139.701905">
        <name>16:31</name>
      </trkpt>
      <trkpt lat="35.694092" lon="139.701664">
        <name>16:32</name>
      </trkpt>
      <trkpt lat="35.694394" lon="139.701769">
        <name>16:33</name>
      </trkpt>
      <trkpt lat="35.694617" lon="139.701850">
        <name>16:34</name>
      </trkpt>
      <trkpt lat="35.694617" lon="139.701850">
        <name>16:35</name>
      </trkpt>
      <trkpt lat="35.694768" lon="139.701905">
        <name>16:36</name>
      </trkpt>
      <trkpt lat="35.694853" lon="139.701936">
        <name>16:37</name>
      </trkpt>
      <trkpt lat="35.694876" lon="139.701843">
        <name>16:38</name>
      </trkpt>
      <trkpt lat="35.694971" lon="139.701457">
        <name>16:39</name>
      </trkpt>
      <trkpt lat="35.694926" lon="139.701412">
        <name>16:40</name>
      </trkpt>
      <trkpt lat="35.694586" lon="139.701300">
        <name>16:41</name>
      </trkpt>
      <trkpt lat="35.694546" lon="139.701285">
        <name>16:42</name>
      </trkpt>
      <trkpt lat="35.693854" lon="139.701028">
        <name>16:43</name>
      </trkpt>
      <trkpt lat="35.693831" lon="139.701019">
        <name>16:44</name>
      </trkpt>
      <trkpt lat="35.693811" lon="139.701012">
        <name>16:45</name>
      </trkpt>
      <trkpt lat="35.693739" lon="139.700988">
        <name>16:46</name>
      </trkpt>
      <trkpt lat="35.693670" lon="139.701285">
        <name>16:47</name>
      </trkpt>
      <trkpt lat="35.693652" lon="139.701365">
        <name>16:48</name>
      </trkpt>
      <trkpt lat="35.693624" lon="139.701489">
        <name>16:49</name>
      </trkpt>
      <trkpt lat="35.693706" lon="139.701521">
        <name>16:50</name>
      </trkpt>
      <trkpt lat="35.693735" lon="139.701531">
        <name>16:51</name>
      </trkpt>
      <trkpt lat="35.693763" lon="139.701540">
        <name>16:52</name>
      </trkpt>
      <trkpt lat="35.694092" lon="139.701664">
        <name>16:53</name>
      </trkpt>
      <trkpt lat="35.694394" lon="139.701769">
        <name>16:54</name>
      </trkpt>
      <trkpt lat="35.694560" lon="139.701829">
        <name>16:55</name>
      </trkpt>
      <trkpt lat="35.694560" lon="139.701829">
        <name>16:56</name>
      </trkpt>
      <trkpt lat="35.694768" lon="139.701905">
        <name>16:57</name>
      </trkpt>
      <trkpt lat="35.694853" lon="139.701936">
        <name>16:58</name>
      </trkpt>
      <trkpt lat="35.694876" lon="139.701843">
        <name>16:59</name>
      </trkpt>
      <trkpt lat="35.694971" lon="139.701457">
        <name>17:00</name>
      </trkpt>
      <trkpt lat="35.694926" lon="139.701412">
        <name>17:01</name>
      </trkpt>
      <trkpt lat="35.694617" lon="139.701310">
        <name>17:02</name>
      </trkpt>
      <trkpt lat="35.694617" lon="139.701310">
        <name>17:03</name>
      </trkpt>
      <trkpt lat="35.694586" lon="139.701300">
        <name>17:04</name>
      </trkpt>
      <trkpt lat="35.694564" lon="139.701292">
        <name>17:05</name>
      </trkpt>
      <trkpt lat="35.694564" lon="139.701292">
        <name>17:06</name>
      </trkpt>
      <trkpt lat="35.694546" lon="139.701285">
        <name>17:07</name>
      </trkpt>
      <trkpt lat="35.693854" lon="139.701028">
        <name>17:08</name>
      </trkpt>
      <trkpt lat="35.693831" lon="139.701019">
        <name>17:09</name>
      </trkpt>
      <trkpt lat="35.693811" lon="139.701012">
        <name>17:10</name>
      </trkpt>
      <trkpt lat="35.693739" lon="139.700988">
        <name>17:11</name>
      </trkpt>
      <trkpt lat="35.693670" lon="139.701285">
        <name>17:12</name>
      </trkpt>
      <trkpt lat="35.693652" lon="139.701365">
        <name>17:13</name>
      </trkpt>
      <trkpt lat="35.693624" lon="139.701489">
        <name>17:14</name>
      </trkpt>
      <trkpt lat="35.693615" lon="139.701532">
        <name>17:15</name>
      </trkpt>
      <trkpt lat="35.693555" lon="139.701808">
        <name>17:16</name>
      </trkpt>
      <trkpt lat="35.693555" lon="139.701808">
        <name>17:17</name>
      </trkpt>
      <trkpt lat="35.693466" lon="139.702213">
        <name>17:18</name>
      </trkpt>
      <trkpt lat="35.693447" lon="139.702298">
        <name>17:19</name>
      </trkpt>
      <trkpt lat="35.693431" lon="139.702368">
        <name>17:20</name>
      </trkpt>
      <trkpt lat="35.693334" lon="139.702804">
        <name>17:21</name>
      </trkpt>
      <trkpt lat="35.693193" lon="139.703294">
        <name>17:22</name>
      </trkpt>
      <trkpt lat="35.693174" lon="139.703362">
        <name>17:23</name>
      </trkpt>
      <trkpt lat="35.693141" lon="139.703482">
        <name>17:24</name>
      </trkpt>
      <trkpt lat="35.693021" lon="139.703427">
        <name>17:25</name>
      </trkpt>
      <trkpt lat="35.693054" lon="139.703311">
        <name>17:26</name>
      </trkpt>
      <trkpt lat="35.693066" lon="139.703265">
        <name>17:27</name>
      </trkpt>
      <trkpt lat="35.693196" lon="139.702808">
        <name>17:28</name>
      </trkpt>
      <trkpt lat="35.693224" lon="139.702686">
        <name>17:29</name>
      </trkpt>
      <trkpt lat="35.693290" lon="139.702404">
        <name>17:30</name>
      </trkpt>
      <trkpt lat="35.693308" lon="139.702326">
        <name>17:31</name>
      </trkpt>
      <trkpt lat="35.693326" lon="139.702246">
        <name>17:32</name>
      </trkpt>
      <trkpt lat="35.693453" lon="139.701673">
        <name>17:33</name>
      </trkpt>
      <trkpt lat="35.693395" lon="139.701652">
        <name>17:34</name>
      </trkpt>
      <trkpt lat="35.693348" lon="139.701635">
        <name>17:35</name>
      </trkpt>
      <trkpt lat="35.693337" lon="139.701629">
        <name>17:36</name>
      </trkpt>
      <trkpt lat="35.692993" lon="139.701442">
        <name>17:37</name>
      </trkpt>
      <trkpt lat="35.692960" lon="139.701425">
        <name>17:38</name>
      </trkpt>
      <trkpt lat="35.692847" lon="139.701947">
        <name>17:39</name>
      </trkpt>
      <trkpt lat="35.692825" lon="139.702008">
        <name>17:40</name>
      </trkpt>
      <trkpt lat="35.692792" lon="139.702085">
        <name>17:41</name>
      </trkpt>
      <trkpt lat="35.692736" lon="139.702218">
        <name>17:42</name>
      </trkpt>
      <trkpt lat="35.692729" lon="139.702237">
        <name>17:43</name>
      </trkpt>
      <trkpt lat="35.692722" lon="139.702255">
        <name>17:44</name>
      </trkpt>
      <trkpt lat="35.692722" lon="139.702255">
        <name>17:45</name>
      </trkpt>
      <trkpt lat="35.692729" lon="139.702237">
        <name>17:46</name>
      </trkpt>
      <trkpt lat="35.692736" lon="139.702218">
        <name>17:47</name>
      </trkpt>
      <trkpt lat="35.692792" lon="139.702085">
        <name>17:48</name>
      </trkpt>
      <trkpt lat="35.692825" lon="139.702008">
        <name>17:49</name>
      </trkpt>
      <trkpt lat="35.692847" lon="139.701947">
        <name>17:50</name>
      </trkpt>
      <trkpt lat="35.692960" lon="139.701425">
        <name>17:51</name>
      </trkpt>
      <trkpt lat="35.693010" lon="139.701196">
        <name>17:52</name>
      </trkpt>
      <trkpt lat="35.693016" lon="139.701171">
        <name>17:53</name>
      </trkpt>
      <trkpt lat="35.693029" lon="139.701111">
        <name>17:54</name>
      </trkpt>
      <trkpt lat="35.693006" lon="139.701060">
        <name>17:55</name>
      </trkpt>
      <trkpt lat="35.692845" lon="139.700971">
        <name>17:56</name>
      </trkpt>
      <trkpt lat="35.692609" lon="139.700841">
        <name>17:57</name>
      </trkpt>
      <trkpt lat="35.692587" lon="139.700847">
        <name>17:58</name>
      </trkpt>
      <trkpt lat="35.692562" lon="139.700854">
        <name>17:59</name>
      </trkpt>
      <trkpt lat="35.692461" lon="139.700832">
        <name>18:00</name>
      </trkpt>
      <trkpt lat="35.692472" lon="139.700719">
        <name>18:01</name>
      </trkpt>
      <trkpt lat="35.692484" lon="139.700696">
        <name>18:02</name>
      </trkpt>
      <trkpt lat="35.692498" lon="139.700667">
        <name>18:03</name>
      </trkpt>
      <trkpt lat="35.692518" lon="139.700632">
        <name>18:04</name>
      </trkpt>
      <trkpt lat="35.692544" lon="139.700596">
        <name>18:05</name>
      </trkpt>
      <trkpt lat="35.692581" lon="139.700558">
        <name>18:06</name>
      </trkpt>
      <trkpt lat="35.692627" lon="139.700524">
        <name>18:07</name>
      </trkpt>
      <trkpt lat="35.692665" lon="139.700501">
        <name>18:08</name>
      </trkpt>
      <trkpt lat="35.692705" lon="139.700480">
        <name>18:09</name>
      </trkpt>
      <trkpt lat="35.692847" lon="139.700417">
        <name>18:10</name>
      </trkpt>
      <trkpt lat="35.692877" lon="139.700405">
        <name>18:11</name>
      </trkpt>
      <trkpt lat="35.692923" lon="139.700388">
        <name>18:12</name>
      </trkpt>
      <trkpt lat="35.692973" lon="139.700375">
        <name>18:13</name>
      </trkpt>
      <trkpt lat="35.693228" lon="139.700315">
        <name>18:14</name>
      </trkpt>
      <trkpt lat="35.693271" lon="139.700305">
        <name>18:15</name>
      </trkpt>
      <trkpt lat="35.693339" lon="139.700292">
        <name>18:16</name>
      </trkpt>
      <trkpt lat="35.693390" lon="139.700297">
        <name>18:17</name>
      </trkpt>
      <trkpt lat="35.693436" lon="139.700314">
        <name>18:18</name>
      </trkpt>
      <trkpt lat="35.693492" lon="139.700355">
        <name>18:19</name>
      </trkpt>
      <trkpt lat="35.693554" lon="139.700405">
        <name>18:20</name>
      </trkpt>
      <trkpt lat="35.693616" lon="139.700440">
        <name>18:21</name>
      </trkpt>
      <trkpt lat="35.693670" lon="139.700478">
        <name>18:22</name>
      </trkpt>
      <trkpt lat="35.693714" lon="139.700516">
        <name>18:23</name>
      </trkpt>
      <trkpt lat="35.693750" lon="139.700549">
        <name>18:24</name>
      </trkpt>
      <trkpt lat="35.693765" lon="139.700561">
        <name>18:25</name>
      </trkpt>
      <trkpt lat="35.693784" lon="139.700571">
        <name>18:26</name>
      </trkpt>
      <trkpt lat="35.693802" lon="139.700574">
        <name>18:27</name>
      </trkpt>
      <trkpt lat="35.693803" lon="139.700668">
        <name>18:28</name>
      </trkpt>
      <trkpt lat="35.693796" lon="139.700727">
        <name>18:29</name>
      </trkpt>
      <trkpt lat="35.693765" lon="139.700870">
        <name>18:30</name>
      </trkpt>
      <trkpt lat="35.693751" lon="139.700932">
        <name>18:31</name>
      </trkpt>
      <trkpt lat="35.693739" lon="139.700988">
        <name>18:32</name>
      </trkpt>
      <trkpt lat="35.693670" lon="139.701285">
        <name>18:33</name>
      </trkpt>
      <trkpt lat="35.693652" lon="139.701365">
        <name>18:34</name>
      </trkpt>
      <trkpt lat="35.693624" lon="139.701489">
        <name>18:35</name>
      </trkpt>
      <trkpt lat="35.693615" lon="139.701532">
        <name>18:36</name>
      </trkpt>
      <trkpt lat="35.693466" lon="139.702213">
        <name>18:37</name>
      </trkpt>
      <trkpt lat="35.693447" lon="139.702298">
        <name>18:38</name>
      </trkpt>
      <trkpt lat="35.693431" lon="139.702368">
        <name>18:39</name>
      </trkpt>
      <trkpt lat="35.693334" lon="139.702804">
        <name>18:40</name>
      </trkpt>
      <trkpt lat="35.693193" lon="139.703294">
        <name>18:41</name>
      </trkpt>
      <trkpt lat="35.693174" lon="139.703362">
        <name>18:42</name>
      </trkpt>
      <trkpt lat="35.693141" lon="139.703482">
        <name>18:43</name>
      </trkpt>
      <trkpt lat="35.693021" lon="139.703427">
        <name>18:44</name>
      </trkpt>
      <trkpt lat="35.693054" lon="139.703311">
        <name>18:45</name>
      </trkpt>
      <trkpt lat="35.693066" lon="139.703265">
        <name>18:46</name>
      </trkpt>
      <trkpt lat="35.693196" lon="139.702808">
        <name>18:47</name>
      </trkpt>
      <trkpt lat="35.693206" lon="139.702763">
        <name>18:48</name>
      </trkpt>
      <trkpt lat="35.693206" lon="139.702763">
        <name>18:49</name>
      </trkpt>
      <trkpt lat="35.693224" lon="139.702686">
        <name>18:50</name>
      </trkpt>
      <trkpt lat="35.693290" lon="139.702404">
        <name>18:51</name>
      </trkpt>
      <trkpt lat="35.693308" lon="139.702326">
        <name>18:52</name>
      </trkpt>
      <trkpt lat="35.693326" lon="139.702246">
        <name>18:53</name>
      </trkpt>
      <trkpt lat="35.693453" lon="139.701673">
        <name>18:54</name>
      </trkpt>
      <trkpt lat="35.693473" lon="139.701582">
        <name>18:55</name>
      </trkpt>
      <trkpt lat="35.693493" lon="139.701491">
        <name>18:56</name>
      </trkpt>
      <trkpt lat="35.693518" lon="139.701379">
        <name>18:57</name>
      </trkpt>
      <trkpt lat="35.693528" lon="139.701329">
        <name>18:58</name>
      </trkpt>
      <trkpt lat="35.693598" lon="139.700967">
        <name>18:59</name>
      </trkpt>
      <trkpt lat="35.693609" lon="139.700904">
        <name>19:00</name>
      </trkpt>
      <trkpt lat="35.693618" lon="139.700846">
        <name>19:01</name>
      </trkpt>
      <trkpt lat="35.693624" lon="139.700799">
        <name>19:02</name>
      </trkpt>
      <trkpt lat="35.693625" lon="139.700754">
        <name>19:03</name>
      </trkpt>
      <trkpt lat="35.693624" lon="139.700713">
        <name>19:04</name>
      </trkpt>
      <trkpt lat="35.693619" lon="139.700669">
        <name>19:05</name>
      </trkpt>
      <trkpt lat="35.693600" lon="139.700587">
        <name>19:06</name>
      </trkpt>
      <trkpt lat="35.693554" lon="139.700405">
        <name>19:07</name>
      </trkpt>
      <trkpt lat="35.693543" lon="139.700276">
        <name>19:08</name>
      </trkpt>
      <trkpt lat="35.693536" lon="139.700152">
        <name>19:09</name>
      </trkpt>
      <trkpt lat="35.693591" lon="139.699516">
        <name>19:10</name>
      </trkpt>
      <trkpt lat="35.693591" lon="139.699378">
        <name>19:11</name>
      </trkpt>
      <trkpt lat="35.693573" lon="139.699130">
        <name>19:12</name>
      </trkpt>
      <trkpt lat="35.693636" lon="139.699116">
        <name>19:13</name>
      </trkpt>
      <trkpt lat="35.693700" lon="139.699098">
        <name>19:14</name>
      </trkpt>
      <trkpt lat="35.693840" lon="139.699054">
        <name>19:15</name>
      </trkpt>
      <trkpt lat="35.693877" lon="139.699040">
        <name>19:16</name>
      </trkpt>
      <trkpt lat="35.694189" lon="139.698925">
        <name>19:17</name>
      </trkpt>
      <trkpt lat="35.694174" lon="139.698852">
        <name>19:18</name>
      </trkpt>
      <trkpt lat="35.694167" lon="139.698819">
        <name>19:19</name>
      </trkpt>
      <trkpt lat="35.694092" lon="139.698748">
        <name>19:20</name>
      </trkpt>
      <trkpt lat="35.693993" lon="139.698655">
        <name>19:21</name>
      </trkpt>
      <trkpt lat="35.693795" lon="139.698490">
        <name>19:22</name>
      </trkpt>
      <trkpt lat="35.693759" lon="139.698486">
        <name>19:23</name>
      </trkpt>
      <trkpt lat="35.693733" lon="139.698487">
        <name>19:24</name>
      </trkpt>
      <trkpt lat="35.693700" lon="139.698501">
        <name>19:25</name>
      </trkpt>
      <trkpt lat="35.693680" lon="139.698525">
        <name>19:26</name>
      </trkpt>
      <trkpt lat="35.693669" lon="139.698550">
        <name>19:27</name>
      </trkpt>
      <trkpt lat="35.693665" lon="139.698574">
        <name>19:28</name>
      </trkpt>
      <trkpt lat="35.693683" lon="139.698858">
        <name>19:29</name>
      </trkpt>
      <trkpt lat="35.693687" lon="139.698930">
        <name>19:30</name>
      </trkpt>
      <trkpt lat="35.693700" lon="139.699098">
        <name>19:31</name>
      </trkpt>
      <trkpt lat="35.693718" lon="139.699361">
        <name>19:32</name>
      </trkpt>
      <trkpt lat="35.693727" lon="139.699483">
        <name>19:33</name>
      </trkpt>
      <trkpt lat="35.693787" lon="139.700347">
        <name>19:34</name>
      </trkpt>
      <trkpt lat="35.693802" lon="139.700574">
        <name>19:35</name>
      </trkpt>
      <trkpt lat="35.693803" lon="139.700668">
        <name>19:36</name>
      </trkpt>
      <trkpt lat="35.693796" lon="139.700727">
        <name>19:37</name>
      </trkpt>
      <trkpt lat="35.693765" lon="139.700870">
        <name>19:38</name>
      </trkpt>
      <trkpt lat="35.693751" lon="139.700932">
        <name>19:39</name>
      </trkpt>
      <trkpt lat="35.693739" lon="139.700988">
        <name>19:40</name>
      </trkpt>
      <trkpt lat="35.693670" lon="139.701285">
        <name>19:41</name>
      </trkpt>
      <trkpt lat="35.693652" lon="139.701365">
        <name>19:42</name>
      </trkpt>
      <trkpt lat="35.693624" lon="139.701489">
        <name>19:43</name>
      </trkpt>
      <trkpt lat="35.693615" lon="139.701532">
        <name>19:44</name>
      </trkpt>
      <trkpt lat="35.693466" lon="139.702213">
        <name>19:45</name>
      </trkpt>
      <trkpt lat="35.693447" lon="139.702298">
        <name>19:46</name>
      </trkpt>
      <trkpt lat="35.693431" lon="139.702368">
        <name>19:47</name>
      </trkpt>
      <trkpt lat="35.693334" lon="139.702804">
        <name>19:48</name>
      </trkpt>
      <trkpt lat="35.693418" lon="139.702845">
        <name>19:49</name>
      </trkpt>
      <trkpt lat="35.693418" lon="139.702845">
        <name>19:50</name>
      </trkpt>
      <trkpt lat="35.693424" lon="139.702848">
        <name>19:51</name>
      </trkpt>
      <trkpt lat="35.693446" lon="139.702853">
        <name>19:52</name>
      </trkpt>
      <trkpt lat="35.693463" lon="139.702862">
        <name>19:53</name>
      </trkpt>
      <trkpt lat="35.693646" lon="139.702953">
        <name>19:54</name>
      </trkpt>
      <trkpt lat="35.694054" lon="139.703160">
        <name>19:55</name>
      </trkpt>
      <trkpt lat="35.694365" lon="139.703324">
        <name>19:56</name>
      </trkpt>
      <trkpt lat="35.694470" lon="139.703376">
        <name>19:57</name>
      </trkpt>
      <trkpt lat="35.694515" lon="139.703190">
        <name>19:58</name>
      </trkpt>
      <trkpt lat="35.694521" lon="139.703164">
        <name>19:59</name>
      </trkpt>
      <trkpt lat="35.694596" lon="139.702853">
        <name>20:00</name>
      </trkpt>
      <trkpt lat="35.694639" lon="139.702676">
        <name>20:01</name>
      </trkpt>
      <trkpt lat="35.694669" lon="139.702551">
        <name>20:02</name>
      </trkpt>
      <trkpt lat="35.694721" lon="139.702334">
        <name>20:03</name>
      </trkpt>
      <trkpt lat="35.694492" lon="139.702249">
        <name>20:04</name>
      </trkpt>
      <trkpt lat="35.694294" lon="139.702176">
        <name>20:05</name>
      </trkpt>
      <trkpt lat="35.694267" lon="139.702288">
        <name>20:06</name>
      </trkpt>
      <trkpt lat="35.694220" lon="139.702477">
        <name>20:07</name>
      </trkpt>
      <trkpt lat="35.694213" lon="139.702505">
        <name>20:08</name>
      </trkpt>
      <trkpt lat="35.694213" lon="139.702505">
        <name>20:09</name>
      </trkpt>
      <trkpt lat="35.694189" lon="139.702605">
        <name>20:10</name>
      </trkpt>
      <trkpt lat="35.694178" lon="139.702647">
        <name>20:11</name>
      </trkpt>
      <trkpt lat="35.694096" lon="139.702991">
        <name>20:12</name>
      </trkpt>
      <trkpt lat="35.694054" lon="139.703160">
        <name>20:13</name>
      </trkpt>
      <trkpt lat="35.694365" lon="139.703324">
        <name>20:14</name>
      </trkpt>
      <trkpt lat="35.694470" lon="139.703376">
        <name>20:15</name>
      </trkpt>
      <trkpt lat="35.694863" lon="139.703571">
        <name>20:16</name>
      </trkpt>
      <trkpt lat="35.694969" lon="139.703623">
        <name>20:17</name>
      </trkpt>
      <trkpt lat="35.695062" lon="139.703669">
        <name>20:18</name>
      </trkpt>
      <trkpt lat="35.695098" lon="139.703687">
        <name>20:19</name>
      </trkpt>
      <trkpt lat="35.695124" lon="139.703577">
        <name>20:20</name>
      </trkpt>
      <trkpt lat="35.695166" lon="139.703407">
        <name>20:21</name>
      </trkpt>
      <trkpt lat="35.695183" lon="139.703364">
        <name>20:22</name>
      </trkpt>
      <trkpt lat="35.695261" lon="139.703129">
        <name>20:23</name>
      </trkpt>
      <trkpt lat="35.695231" lon="139.703099">
        <name>20:24</name>
      </trkpt>
      <trkpt lat="35.695209" lon="139.703080">
        <name>20:25</name>
      </trkpt>
      <trkpt lat="35.694679" lon="139.702884">
        <name>20:26</name>
      </trkpt>
      <trkpt lat="35.694679" lon="139.702884">
        <name>20:27</name>
      </trkpt>
      <trkpt lat="35.694596" lon="139.702853">
        <name>20:28</name>
      </trkpt>
      <trkpt lat="35.694178" lon="139.702647">
        <name>20:29</name>
      </trkpt>
      <trkpt lat="35.694097" lon="139.702986">
        <name>20:30</name>
      </trkpt>
      <trkpt lat="35.694097" lon="139.702986">
        <name>20:31</name>
      </trkpt>
      <trkpt lat="35.694096" lon="139.702991">
        <name>20:32</name>
      </trkpt>
      <trkpt lat="35.694054" lon="139.703160">
        <name>20:33</name>
      </trkpt>
      <trkpt lat="35.694365" lon="139.703324">
        <name>20:34</name>
      </trkpt>
      <trkpt lat="35.694470" lon="139.703376">
        <name>20:35</name>
      </trkpt>
      <trkpt lat="35.694515" lon="139.703190">
        <name>20:36</name>
      </trkpt>
      <trkpt lat="35.694521" lon="139.703164">
        <name>20:37</name>
      </trkpt>
      <trkpt lat="35.694596" lon="139.702853">
        <name>20:38</name>
      </trkpt>
      <trkpt lat="35.694178" lon="139.702647">
        <name>20:39</name>
      </trkpt>
      <trkpt lat="35.693891" lon="139.702509">
        <name>20:40</name>
      </trkpt>
      <trkpt lat="35.693583" lon="139.702358">
        <name>20:41</name>
      </trkpt>
      <trkpt lat="35.693578" lon="139.702356">
        <name>20:42</name>
      </trkpt>
      <trkpt lat="35.693541" lon="139.702337">
        <name>20:43</name>
      </trkpt>
      <trkpt lat="35.693447" lon="139.702298">
        <name>20:44</name>
      </trkpt>
      <trkpt lat="35.693431" lon="139.702368">
        <name>20:45</name>
      </trkpt>
      <trkpt lat="35.693334" lon="139.702804">
        <name>20:46</name>
      </trkpt>
      <trkpt lat="35.693193" lon="139.703294">
        <name>20:47</name>
      </trkpt>
      <trkpt lat="35.693174" lon="139.703362">
        <name>20:48</name>
      </trkpt>
      <trkpt lat="35.693141" lon="139.703482">
        <name>20:49</name>
      </trkpt>
      <trkpt lat="35.693246" lon="139.703529">
        <name>20:50</name>
      </trkpt>
      <trkpt lat="35.693304" lon="139.703556">
        <name>20:51</name>
      </trkpt>
      <trkpt lat="35.693304" lon="139.703556">
        <name>20:52</name>
      </trkpt>
      <trkpt lat="35.693246" lon="139.703529">
        <name>20:53</name>
      </trkpt>
      <trkpt lat="35.693141" lon="139.703482">
        <name>20:54</name>
      </trkpt>
      <trkpt lat="35.693021" lon="139.703427">
        <name>20:55</name>
      </trkpt>
      <trkpt lat="35.693054" lon="139.703311">
        <name>20:56</name>
      </trkpt>
      <trkpt lat="35.693066" lon="139.703265">
        <name>20:57</name>
      </trkpt>
      <trkpt lat="35.693196" lon="139.702808">
        <name>20:58</name>
      </trkpt>
      <trkpt lat="35.693224" lon="139.702686">
        <name>20:59</name>
      </trkpt>
      <trkpt lat="35.693290" lon="139.702404">
        <name>21:00</name>
      </trkpt>
      <trkpt lat="35.693308" lon="139.702326">
        <name>21:01</name>
      </trkpt>
      <trkpt lat="35.693326" lon="139.702246">
        <name>21:02</name>
      </trkpt>
      <trkpt lat="35.693453" lon="139.701673">
        <name>21:03</name>
      </trkpt>
      <trkpt lat="35.693473" lon="139.701582">
        <name>21:04</name>
      </trkpt>
      <trkpt lat="35.693493" lon="139.701491">
        <name>21:05</name>
      </trkpt>
      <trkpt lat="35.693518" lon="139.701379">
        <name>21:06</name>
      </trkpt>
      <trkpt lat="35.693528" lon="139.701329">
        <name>21:07</name>
      </trkpt>
      <trkpt lat="35.693598" lon="139.700967">
        <name>21:08</name>
      </trkpt>
      <trkpt lat="35.693609" lon="139.700904">
        <name>21:09</name>
      </trkpt>
      <trkpt lat="35.693618" lon="139.700846">
        <name>21:10</name>
      </trkpt>
      <trkpt lat="35.693624" lon="139.700799">
        <name>21:11</name>
      </trkpt>
      <trkpt lat="35.693625" lon="139.700754">
        <name>21:12</name>
      </trkpt>
      <trkpt lat="35.693624" lon="139.700713">
        <name>21:13</name>
      </trkpt>
      <trkpt lat="35.693619" lon="139.700669">
        <name>21:14</name>
      </trkpt>
      <trkpt lat="35.693600" lon="139.700587">
        <name>21:15</name>
      </trkpt>
      <trkpt lat="35.693554" lon="139.700405">
        <name>21:16</name>
      </trkpt>
      <trkpt lat="35.693489" lon="139.700380">
        <name>21:17</name>
      </trkpt>
      <trkpt lat="35.693438" lon="139.700366">
        <name>21:18</name>
      </trkpt>
      <trkpt lat="35.693391" lon="139.700363">
        <name>21:19</name>
      </trkpt>
      <trkpt lat="35.693350" lon="139.700366">
        <name>21:20</name>
      </trkpt>
      <trkpt lat="35.693281" lon="139.700379">
        <name>21:21</name>
      </trkpt>
      <trkpt lat="35.693186" lon="139.700402">
        <name>21:22</name>
      </trkpt>
      <trkpt lat="35.692956" lon="139.700460">
        <name>21:23</name>
      </trkpt>
      <trkpt lat="35.692926" lon="139.700469">
        <name>21:24</name>
      </trkpt>
      <trkpt lat="35.692898" lon="139.700478">
        <name>21:25</name>
      </trkpt>
      <trkpt lat="35.692866" lon="139.700489">
        <name>21:26</name>
      </trkpt>
      <trkpt lat="35.692758" lon="139.700539">
        <name>21:27</name>
      </trkpt>
      <trkpt lat="35.692718" lon="139.700557">
        <name>21:28</name>
      </trkpt>
      <trkpt lat="35.692681" lon="139.700577">
        <name>21:29</name>
      </trkpt>
      <trkpt lat="35.692645" lon="139.700600">
        <name>21:30</name>
      </trkpt>
      <trkpt lat="35.692612" lon="139.700629">
        <name>21:31</name>
      </trkpt>
      <trkpt lat="35.692586" lon="139.700657">
        <name>21:32</name>
      </trkpt>
      <trkpt lat="35.692562" lon="139.700686">
        <name>21:33</name>
      </trkpt>
      <trkpt lat="35.692549" lon="139.700707">
        <name>21:34</name>
      </trkpt>
      <trkpt lat="35.692539" lon="139.700727">
        <name>21:35</name>
      </trkpt>
      <trkpt lat="35.692527" lon="139.700752">
        <name>21:36</name>
      </trkpt>
      <trkpt lat="35.692461" lon="139.700832">
        <name>21:37</name>
      </trkpt>
      <trkpt lat="35.692439" lon="139.700932">
        <name>21:38</name>
      </trkpt>
      <trkpt lat="35.692428" lon="139.700984">
        <name>21:39</name>
      </trkpt>
      <trkpt lat="35.692292" lon="139.701616">
        <name>21:40</name>
      </trkpt>
      <trkpt lat="35.692281" lon="139.701665">
        <name>21:41</name>
      </trkpt>
      <trkpt lat="35.692251" lon="139.701771">
        <name>21:42</name>
      </trkpt>
      <trkpt lat="35.692242" lon="139.701796">
        <name>21:43</name>
      </trkpt>
      <trkpt lat="35.692228" lon="139.701836">
        <name>21:44</name>
      </trkpt>
      <trkpt lat="35.692208" lon="139.701887">
        <name>21:45</name>
      </trkpt>
      <trkpt lat="35.692186" lon="139.701939">
        <name>21:46</name>
      </trkpt>
      <trkpt lat="35.692141" lon="139.702040">
        <name>21:47</name>
      </trkpt>
      <trkpt lat="35.691960" lon="139.702442">
        <name>21:48</name>
      </trkpt>
      <trkpt lat="35.691934" lon="139.702502">
        <name>21:49</name>
      </trkpt>
      <trkpt lat="35.691916" lon="139.702543">
        <name>21:50</name>
      </trkpt>
      <trkpt lat="35.691875" lon="139.702632">
        <name>21:51</name>
      </trkpt>
      <trkpt lat="35.691866" lon="139.702653">
        <name>21:52</name>
      </trkpt>
      <trkpt lat="35.691857" lon="139.702672">
        <name>21:53</name>
      </trkpt>
      <trkpt lat="35.691822" lon="139.702750">
        <name>21:54</name>
      </trkpt>
      <trkpt lat="35.691796" lon="139.702809">
        <name>21:55</name>
      </trkpt>
      <trkpt lat="35.691538" lon="139.703382">
        <name>21:56</name>
      </trkpt>
      <trkpt lat="35.691607" lon="139.703427">
        <name>21:57</name>
      </trkpt>
      <trkpt lat="35.692001" lon="139.703685">
        <name>21:58</name>
      </trkpt>
      <trkpt lat="35.692162" lon="139.703367">
        <name>21:59</name>
      </trkpt>
      <trkpt lat="35.692173" lon="139.703357">
        <name>22:00</name>
      </trkpt>
      <trkpt lat="35.692194" lon="139.703355">
        <name>22:01</name>
      </trkpt>
      <trkpt lat="35.692221" lon="139.703363">
        <name>22:02</name>
      </trkpt>
      <trkpt lat="35.692476" lon="139.703517">
        <name>22:03</name>
      </trkpt>
      <trkpt lat="35.692526" lon="139.703548">
        <name>22:04</name>
      </trkpt>
      <trkpt lat="35.692514" lon="139.703603">
        <name>22:05</name>
      </trkpt>
      <trkpt lat="35.692408" lon="139.703910">
        <name>22:06</name>
      </trkpt>
      <trkpt lat="35.692408" lon="139.703910">
        <name>22:07</name>
      </trkpt>
      <trkpt lat="35.692368" lon="139.704026">
        <name>22:08</name>
      </trkpt>
      <trkpt lat="35.692368" lon="139.704026">
        <name>22:09</name>
      </trkpt>
      <trkpt lat="35.692311" lon="139.704190">
        <name>22:10</name>
      </trkpt>
      <trkpt lat="35.692295" lon="139.704239">
        <name>22:11</name>
      </trkpt>
      <trkpt lat="35.692278" lon="139.704289">
        <name>22:12</name>
      </trkpt>
      <trkpt lat="35.692237" lon="139.704450">
        <name>22:13</name>
      </trkpt>
      <trkpt lat="35.692163" lon="139.704738">
        <name>22:14</name>
      </trkpt>
      <trkpt lat="35.692144" lon="139.704809">
        <name>22:15</name>
      </trkpt>
      <trkpt lat="35.692118" lon="139.704912">
        <name>22:16</name>
      </trkpt>
      <trkpt lat="35.692433" lon="139.705100">
        <name>22:17</name>
      </trkpt>
      <trkpt lat="35.692454" lon="139.705112">
        <name>22:18</name>
      </trkpt>
      <trkpt lat="35.692534" lon="139.705160">
        <name>22:19</name>
      </trkpt>
      <trkpt lat="35.692708" lon="139.704533">
        <name>22:20</name>
      </trkpt>
      <trkpt lat="35.692778" lon="139.704288">
        <name>22:21</name>
      </trkpt>
      <trkpt lat="35.692836" lon="139.704078">
        <name>22:22</name>
      </trkpt>
      <trkpt lat="35.692931" lon="139.703745">
        <name>22:23</name>
      </trkpt>
      <trkpt lat="35.692950" lon="139.703680">
        <name>22:24</name>
      </trkpt>
      <trkpt lat="35.692997" lon="139.703512">
        <name>22:25</name>
      </trkpt>
      <trkpt lat="35.693021" lon="139.703427">
        <name>22:26</name>
      </trkpt>
      <trkpt lat="35.693054" lon="139.703311">
        <name>22:27</name>
      </trkpt>
      <trkpt lat="35.693066" lon="139.703265">
        <name>22:28</name>
      </trkpt>
      <trkpt lat="35.693086" lon="139.703194">
        <name>22:29</name>
      </trkpt>
      <trkpt lat="35.693086" lon="139.703194">
        <name>22:30</name>
      </trkpt>
      <trkpt lat="35.693196" lon="139.702808">
        <name>22:31</name>
      </trkpt>
      <trkpt lat="35.693224" lon="139.702686">
        <name>22:32</name>
      </trkpt>
      <trkpt lat="35.693290" lon="139.702404">
        <name>22:33</name>
      </trkpt>
      <trkpt lat="35.693308" lon="139.702326">
        <name>22:34</name>
      </trkpt>
      <trkpt lat="35.693326" lon="139.702246">
        <name>22:35</name>
      </trkpt>
      <trkpt lat="35.693344" lon="139.702167">
        <name>22:36</name>
      </trkpt>
      <trkpt lat="35.693344" lon="139.702167">
        <name>22:37</name>
      </trkpt>
      <trkpt lat="35.693453" lon="139.701673">
        <name>22:38</name>
      </trkpt>
      <trkpt lat="35.693473" lon="139.701582">
        <name>22:39</name>
      </trkpt>
      <trkpt lat="35.693493" lon="139.701491">
        <name>22:40</name>
      </trkpt>
      <trkpt lat="35.693518" lon="139.701379">
        <name>22:41</name>
      </trkpt>
      <trkpt lat="35.693528" lon="139.701329">
        <name>22:42</name>
      </trkpt>
      <trkpt lat="35.693598" lon="139.700967">
        <name>22:43</name>
      </trkpt>
      <trkpt lat="35.693609" lon="139.700904">
        <name>22:44</name>
      </trkpt>
      <trkpt lat="35.693618" lon="139.700846">
        <name>22:45</name>
      </trkpt>
      <trkpt lat="35.693624" lon="139.700799">
        <name>22:46</name>
      </trkpt>
      <trkpt lat="35.693625" lon="139.700754">
        <name>22:47</name>
      </trkpt>
      <trkpt lat="35.693624" lon="139.700713">
        <name>22:48</name>
      </trkpt>
      <trkpt lat="35.693619" lon="139.700669">
        <name>22:49</name>
      </trkpt>
      <trkpt lat="35.693600" lon="139.700587">
        <name>22:50</name>
      </trkpt>
      <trkpt lat="35.693554" lon="139.700405">
        <name>22:51</name>
      </trkpt>
      <trkpt lat="35.693543" lon="139.700276">
        <name>22:52</name>
      </trkpt>
      <trkpt lat="35.693536" lon="139.700152">
        <name>22:53</name>
      </trkpt>
      <trkpt lat="35.693591" lon="139.699516">
        <name>22:54</name>
      </trkpt>
      <trkpt lat="35.693591" lon="139.699378">
        <name>22:55</name>
      </trkpt>
      <trkpt lat="35.693573" lon="139.699130">
        <name>22:56</name>
      </trkpt>
      <trkpt lat="35.693636" lon="139.699116">
        <name>22:57</name>
      </trkpt>
      <trkpt lat="35.693700" lon="139.699098">
        <name>22:58</name>
      </trkpt>
      <trkpt lat="35.693840" lon="139.699054">
        <name>22:59</name>
      </trkpt>
      <trkpt lat="35.693877" lon="139.699040">
        <name>23:00</name>
      </trkpt>
      <trkpt lat="35.694189" lon="139.698925">
        <name>23:01</name>
      </trkpt>
      <trkpt lat="35.694174" lon="139.698852">
        <name>23:02</name>
      </trkpt>
      <trkpt lat="35.694167" lon="139.698819">
        <name>23:03</name>
      </trkpt>
      <trkpt lat="35.694092" lon="139.698748">
        <name>23:04</name>
      </trkpt>
      <trkpt lat="35.693993" lon="139.698655">
        <name>23:05</name>
      </trkpt>
      <trkpt lat="35.693795" lon="139.698490">
        <name>23:06</name>
      </trkpt>
      <trkpt lat="35.693759" lon="139.698486">
        <name>23:07</name>
      </trkpt>
      <trkpt lat="35.693733" lon="139.698487">
        <name>23:08</name>
      </trkpt>
      <trkpt lat="35.693700" lon="139.698501">
        <name>23:09</name>
      </trkpt>
      <trkpt lat="35.693680" lon="139.698525">
        <name>23:10</name>
      </trkpt>
      <trkpt lat="35.693669" lon="139.698550">
        <name>23:11</name>
      </trkpt>
      <trkpt lat="35.693665" lon="139.698574">
        <name>23:12</name>
      </trkpt>
      <trkpt lat="35.693683" lon="139.698858">
        <name>23:13</name>
      </trkpt>
      <trkpt lat="35.693687" lon="139.698930">
        <name>23:14</name>
      </trkpt>
      <trkpt lat="35.693700" lon="139.699098">
        <name>23:15</name>
      </trkpt>
      <trkpt lat="35.693718" lon="139.699361">
        <name>23:16</name>
      </trkpt>
      <trkpt lat="35.693727" lon="139.699483">
        <name>23:17</name>
      </trkpt>
      <trkpt lat="35.693787" lon="139.700347">
        <name>23:18</name>
      </trkpt>
      <trkpt lat="35.693802" lon="139.700574">
        <name>23:19</name>
      </trkpt>
      <trkpt lat="35.693803" lon="139.700668">
        <name>23:20</name>
      </trkpt>
      <trkpt lat="35.693796" lon="139.700727">
        <name>23:21</name>
      </trkpt>
      <trkpt lat="35.693765" lon="139.700870">
        <name>23:22</name>
      </trkpt>
      <trkpt lat="35.693751" lon="139.700932">
        <name>23:23</name>
      </trkpt>
      <trkpt lat="35.693739" lon="139.700988">
        <name>23:24</name>
      </trkpt>
      <trkpt lat="35.693686" lon="139.701216">
        <name>23:25</name>
      </trkpt>
      <trkpt lat="35.693686" lon="139.701216">
        <name>23:26</name>
      </trkpt>
      <trkpt lat="35.693670" lon="139.701285">
        <name>23:27</name>
      </trkpt>
      <trkpt lat="35.693652" lon="139.701365">
        <name>23:28</name>
      </trkpt>
      <trkpt lat="35.693624" lon="139.701489">
        <name>23:29</name>
      </trkpt>
      <trkpt lat="35.693706" lon="139.701521">
        <name>23:30</name>
      </trkpt>
      <trkpt lat="35.693735" lon="139.701531">
        <name>23:31</name>
      </trkpt>
      <trkpt lat="35.693763" lon="139.701540">
        <name>23:32</name>
      </trkpt>
      <trkpt lat="35.694092" lon="139.701664">
        <name>23:33</name>
      </trkpt>
      <trkpt lat="35.694394" lon="139.701769">
        <name>23:34</name>
      </trkpt>
      <trkpt lat="35.694333" lon="139.702017">
        <name>23:35</name>
      </trkpt>
      <trkpt lat="35.694294" lon="139.702176">
        <name>23:36</name>
      </trkpt>
      <trkpt lat="35.694267" lon="139.702288">
        <name>23:37</name>
      </trkpt>
      <trkpt lat="35.694220" lon="139.702477">
        <name>23:38</name>
      </trkpt>
      <trkpt lat="35.694189" lon="139.702605">
        <name>23:39</name>
      </trkpt>
      <trkpt lat="35.694178" lon="139.702647">
        <name>23:40</name>
      </trkpt>
      <trkpt lat="35.693891" lon="139.702509">
        <name>23:41</name>
      </trkpt>
      <trkpt lat="35.694034" lon="139.701909">
        <name>23:42</name>
      </trkpt>
      <trkpt lat="35.694034" lon="139.701909">
        <name>23:43</name>
      </trkpt>
      <trkpt lat="35.694035" lon="139.701905">
        <name>23:44</name>
      </trkpt>
      <trkpt lat="35.694092" lon="139.701664">
        <name>23:45</name>
      </trkpt>
      <trkpt lat="35.694394" lon="139.701769">
        <name>23:46</name>
      </trkpt>
      <trkpt lat="35.694333" lon="139.702017">
        <name>23:47</name>
      </trkpt>
      <trkpt lat="35.694294" lon="139.702176">
        <name>23:48</name>
      </trkpt>
      <trkpt lat="35.694267" lon="139.702288">
        <name>23:49</name>
      </trkpt>
      <trkpt lat="35.694220" lon="139.702477">
        <name>23:50</name>
      </trkpt>
      <trkpt lat="35.694189" lon="139.702605">
        <name>23:51</name>
      </trkpt>
      <trkpt lat="35.694178" lon="139.702647">
        <name>23:52</name>
      </trkpt>
      <trkpt lat="35.694096" lon="139.702991">
        <name>23:53</name>
      </trkpt>
      <trkpt lat="35.694054" lon="139.703160">
        <name>23:54</name>
      </trkpt>
      <trkpt lat="35.694365" lon="139.703324">
        <name>23:55</name>
      </trkpt>
      <trkpt lat="35.694470" lon="139.703376">
        <name>23:56</name>
      </trkpt>
      <trkpt lat="35.694515" lon="139.703190">
        <name>23:57</name>
      </trkpt>
      <trkpt lat="35.694245" lon="139.703062">
        <name>23:58</name>
      </trkpt>
      <trkpt lat="35.694245" lon="139.703062">
        <name>23:59</name>
      </trkpt>
      <trkpt lat="35.694096" lon="139.702991">
        <name>24:00</name>
      </trkpt>
      <trkpt lat="35.694054" lon="139.703160">
        <name>24:01</name>
      </trkpt>
      <trkpt lat="35.694365" lon="139.703324">
        <name>24:02</name>
      </trkpt>
      <trkpt lat="35.694470" lon="139.703376">
        <name>24:03</name>
      </trkpt>
      <trkpt lat="35.694863" lon="139.703571">
        <name>24:04</name>
      </trkpt>
      <trkpt lat="35.694969" lon="139.703623">
        <name>24:05</name>
      </trkpt>
      <trkpt lat="35.695062" lon="139.703669">
        <name>24:06</name>
      </trkpt>
      <trkpt lat="35.695098" lon="139.703687">
        <name>24:07</name>
      </trkpt>
      <trkpt lat="35.695124" lon="139.703577">
        <name>24:08</name>
      </trkpt>
      <trkpt lat="35.695166" lon="139.703407">
        <name>24:09</name>
      </trkpt>
      <trkpt lat="35.695183" lon="139.703364">
        <name>24:10</name>
      </trkpt>
      <trkpt lat="35.695220" lon="139.703375">
        <name>24:11</name>
      </trkpt>
      <trkpt lat="35.695290" lon="139.703395">
        <name>24:12</name>
      </trkpt>
      <trkpt lat="35.695640" lon="139.703496">
        <name>24:13</name>
      </trkpt>
      <trkpt lat="35.695961" lon="139.703571">
        <name>24:14</name>
      </trkpt>
      <trkpt lat="35.695845" lon="139.704202">
        <name>24:15</name>
      </trkpt>
      <trkpt lat="35.695797" lon="139.704458">
        <name>24:16</name>
      </trkpt>
      <trkpt lat="35.695785" lon="139.704525">
        <name>24:17</name>
      </trkpt>
      <trkpt lat="35.695037" lon="139.704332">
        <name>24:18</name>
      </trkpt>
      <trkpt lat="35.694973" lon="139.704310">
        <name>24:19</name>
      </trkpt>
      <trkpt lat="35.694863" lon="139.704266">
        <name>24:20</name>
      </trkpt>
      <trkpt lat="35.694537" lon="139.704117">
        <name>24:21</name>
      </trkpt>
      <trkpt lat="35.694537" lon="139.704117">
        <name>24:22</name>
      </trkpt>
      <trkpt lat="35.694197" lon="139.703962">
        <name>24:23</name>
      </trkpt>
      <trkpt lat="35.694214" lon="139.703900">
        <name>24:24</name>
      </trkpt>
      <trkpt lat="35.694298" lon="139.703582">
        <name>24:25</name>
      </trkpt>
      <trkpt lat="35.694365" lon="139.703324">
        <name>24:26</name>
      </trkpt>
      <trkpt lat="35.694470" lon="139.703376">
        <name>24:27</name>
      </trkpt>
      <trkpt lat="35.694490" lon="139.703386">
        <name>24:28</name>
      </trkpt>
      <trkpt lat="35.694490" lon="139.703386">
        <name>24:29</name>
      </trkpt>
      <trkpt lat="35.694863" lon="139.703571">
        <name>24:30</name>
      </trkpt>
      <trkpt lat="35.694969" lon="139.703623">
        <name>24:31</name>
      </trkpt>
      <trkpt lat="35.695062" lon="139.703669">
        <name>24:32</name>
      </trkpt>
      <trkpt lat="35.695098" lon="139.703687">
        <name>24:33</name>
      </trkpt>
      <trkpt lat="35.695124" lon="139.703577">
        <name>24:34</name>
      </trkpt>
      <trkpt lat="35.695166" lon="139.703407">
        <name>24:35</name>
      </trkpt>
      <trkpt lat="35.695183" lon="139.703364">
        <name>24:36</name>
      </trkpt>
      <trkpt lat="35.695261" lon="139.703129">
        <name>24:37</name>
      </trkpt>
      <trkpt lat="35.695231" lon="139.703099">
        <name>24:38</name>
      </trkpt>
      <trkpt lat="35.695209" lon="139.703080">
        <name>24:39</name>
      </trkpt>
      <trkpt lat="35.694596" lon="139.702853">
        <name>24:40</name>
      </trkpt>
      <trkpt lat="35.694639" lon="139.702676">
        <name>24:41</name>
      </trkpt>
      <trkpt lat="35.694606" lon="139.702664">
        <name>24:42</name>
      </trkpt>
      <trkpt lat="35.694487" lon="139.702610">
        <name>24:43</name>
      </trkpt>
      <trkpt lat="35.694478" lon="139.702602">
        <name>24:44</name>
      </trkpt>
      <trkpt lat="35.694327" lon="139.702527">
        <name>24:45</name>
      </trkpt>
      <trkpt lat="35.694327" lon="139.702527">
        <name>24:46</name>
      </trkpt>
      <trkpt lat="35.694478" lon="139.702602">
        <name>24:47</name>
      </trkpt>
      <trkpt lat="35.694487" lon="139.702610">
        <name>24:48</name>
      </trkpt>
      <trkpt lat="35.694606" lon="139.702664">
        <name>24:49</name>
      </trkpt>
      <trkpt lat="35.694639" lon="139.702676">
        <name>24:50</name>
      </trkpt>
      <trkpt lat="35.694669" lon="139.702551">
        <name>24:51</name>
      </trkpt>
      <trkpt lat="35.694721" lon="139.702334">
        <name>24:52</name>
      </trkpt>
      <trkpt lat="35.694492" lon="139.702249">
        <name>24:53</name>
      </trkpt>
      <trkpt lat="35.694294" lon="139.702176">
        <name>24:54</name>
      </trkpt>
      <trkpt lat="35.694267" lon="139.702288">
        <name>24:55</name>
      </trkpt>
      <trkpt lat="35.694240" lon="139.702398">
        <name>24:56</name>
      </trkpt>
      <trkpt lat="35.694240" lon="139.702398">
        <name>24:57</name>
      </trkpt>
      <trkpt lat="35.694220" lon="139.702477">
        <name>24:58</name>
      </trkpt>
      <trkpt lat="35.694189" lon="139.702605">
        <name>24:59</name>
      </trkpt>
      <trkpt lat="35.694178" lon="139.702647">
        <name>25:00</name>
      </trkpt>
      <trkpt lat="35.693891" lon="139.702509">
        <name>25:01</name>
      </trkpt>
      <trkpt lat="35.694035" lon="139.701905">
        <name>25:02</name>
      </trkpt>
      <trkpt lat="35.694092" lon="139.701664">
        <name>25:03</name>
      </trkpt>
      <trkpt lat="35.694394" lon="139.701769">
        <name>25:04</name>
      </trkpt>
      <trkpt lat="35.694333" lon="139.702017">
        <name>25:05</name>
      </trkpt>
      <trkpt lat="35.694294" lon="139.702176">
        <name>25:06</name>
      </trkpt>
      <trkpt lat="35.694267" lon="139.702288">
        <name>25:07</name>
      </trkpt>
      <trkpt lat="35.694255" lon="139.702335">
        <name>25:08</name>
      </trkpt>
      <trkpt lat="35.694255" lon="139.702335">
        <name>25:09</name>
      </trkpt>
      <trkpt lat="35.694220" lon="139.702477">
        <name>25:10</name>
      </trkpt>
      <trkpt lat="35.694189" lon="139.702605">
        <name>25:11</name>
      </trkpt>
      <trkpt lat="35.694178" lon="139.702647">
        <name>25:12</name>
      </trkpt>
      <trkpt lat="35.694119" lon="139.702893">
        <name>25:13</name>
      </trkpt>
      <trkpt lat="35.694119" lon="139.702893">
        <name>25:14</name>
      </trkpt>
      <trkpt lat="35.694096" lon="139.702991">
        <name>25:15</name>
      </trkpt>
      <trkpt lat="35.694054" lon="139.703160">
        <name>25:16</name>
      </trkpt>
      <trkpt lat="35.694365" lon="139.703324">
        <name>25:17</name>
      </trkpt>
      <trkpt lat="35.694470" lon="139.703376">
        <name>25:18</name>
      </trkpt>
      <trkpt lat="35.694515" lon="139.703190">
        <name>25:19</name>
      </trkpt>
      <trkpt lat="35.694521" lon="139.703164">
        <name>25:20</name>
      </trkpt>
      <trkpt lat="35.694596" lon="139.702853">
        <name>25:21</name>
      </trkpt>
      <trkpt lat="35.694178" lon="139.702647">
        <name>25:22</name>
      </trkpt>
      <trkpt lat="35.693891" lon="139.702509">
        <name>25:23</name>
      </trkpt>
      <trkpt lat="35.693583" lon="139.702358">
        <name>25:24</name>
      </trkpt>
      <trkpt lat="35.693578" lon="139.702356">
        <name>25:25</name>
      </trkpt>
      <trkpt lat="35.693541" lon="139.702337">
        <name>25:26</name>
      </trkpt>
      <trkpt lat="35.693447" lon="139.702298">
        <name>25:27</name>
      </trkpt>
      <trkpt lat="35.693431" lon="139.702368">
        <name>25:28</name>
      </trkpt>
      <trkpt lat="35.693334" lon="139.702804">
        <name>25:29</name>
      </trkpt>
      <trkpt lat="35.693424" lon="139.702848">
        <name>25:30</name>
      </trkpt>
      <trkpt lat="35.693446" lon="139.702853">
        <name>25:31</name>
      </trkpt>
      <trkpt lat="35.693463" lon="139.702862">
        <name>25:32</name>
      </trkpt>
      <trkpt lat="35.693646" lon="139.702953">
        <name>25:33</name>
      </trkpt>
      <trkpt lat="35.693978" lon="139.703122">
        <name>25:34</name>
      </trkpt>
      <trkpt lat="35.693978" lon="139.703122">
        <name>25:35</name>
      </trkpt>
      <trkpt lat="35.694054" lon="139.703160">
        <name>25:36</name>
      </trkpt>
      <trkpt lat="35.694365" lon="139.703324">
        <name>25:37</name>
      </trkpt>
      <trkpt lat="35.694470" lon="139.703376">
        <name>25:38</name>
      </trkpt>
      <trkpt lat="35.694515" lon="139.703190">
        <name>25:39</name>
      </trkpt>
      <trkpt lat="35.694521" lon="139.703164">
        <name>25:40</name>
      </trkpt>
      <trkpt lat="35.694596" lon="139.702853">
        <name>25:41</name>
      </trkpt>
      <trkpt lat="35.694178" lon="139.702647">
        <name>25:42</name>
      </trkpt>
      <trkpt lat="35.693891" lon="139.702509">
        <name>25:43</name>
      </trkpt>
      <trkpt lat="35.693583" lon="139.702358">
        <name>25:44</name>
      </trkpt>
      <trkpt lat="35.693578" lon="139.702356">
        <name>25:45</name>
      </trkpt>
      <trkpt lat="35.693541" lon="139.702337">
        <name>25:46</name>
      </trkpt>
      <trkpt lat="35.693447" lon="139.702298">
        <name>25:47</name>
      </trkpt>
      <trkpt lat="35.693431" lon="139.702368">
        <name>25:48</name>
      </trkpt>
      <trkpt lat="35.693334" lon="139.702804">
        <name>25:49</name>
      </trkpt>
      <trkpt lat="35.693193" lon="139.703294">
        <name>25:50</name>
      </trkpt>
      <trkpt lat="35.693174" lon="139.703362">
        <name>25:51</name>
      </trkpt>
      <trkpt lat="35.693141" lon="139.703482">
        <name>25:52</name>
      </trkpt>
      <trkpt lat="35.693246" lon="139.703529">
        <name>25:53</name>
      </trkpt>
      <trkpt lat="35.693315" lon="139.703561">
        <name>25:54</name>
      </trkpt>
      <trkpt lat="35.693462" lon="139.703629">
        <name>25:55</name>
      </trkpt>
      <trkpt lat="35.693540" lon="139.703666">
        <name>25:56</name>
      </trkpt>
      <trkpt lat="35.693897" lon="139.703832">
        <name>25:57</name>
      </trkpt>
      <trkpt lat="35.693881" lon="139.703895">
        <name>25:58</name>
      </trkpt>
      <trkpt lat="35.693797" lon="139.704219">
        <name>25:59</name>
      </trkpt>
      <trkpt lat="35.693778" lon="139.704219">
        <name>26:00</name>
      </trkpt>
      <trkpt lat="35.693742" lon="139.704220">
        <name>26:01</name>
      </trkpt>
      <trkpt lat="35.693736" lon="139.704240">
        <name>26:02</name>
      </trkpt>
      <trkpt lat="35.693703" lon="139.704344">
        <name>26:03</name>
      </trkpt>
      <trkpt lat="35.693664" lon="139.704467">
        <name>26:04</name>
      </trkpt>
      <trkpt lat="35.693657" lon="139.704491">
        <name>26:05</name>
      </trkpt>
      <trkpt lat="35.693657" lon="139.704491">
        <name>26:06</name>
      </trkpt>
      <trkpt lat="35.693625" lon="139.704592">
        <name>26:07</name>
      </trkpt>
      <trkpt lat="35.693586" lon="139.704716">
        <name>26:08</name>
      </trkpt>
      <trkpt lat="35.693535" lon="139.704877">
        <name>26:09</name>
      </trkpt>
      <trkpt lat="35.693673" lon="139.704933">
        <name>26:10</name>
      </trkpt>
      <trkpt lat="35.693805" lon="139.704988">
        <name>26:11</name>
      </trkpt>
      <trkpt lat="35.693898" lon="139.705027">
        <name>26:12</name>
      </trkpt>
      <trkpt lat="35.693912" lon="139.705033">
        <name>26:13</name>
      </trkpt>
      <trkpt lat="35.693912" lon="139.705033">
        <name>26:14</name>
      </trkpt>
      <trkpt lat="35.693980" lon="139.705060">
        <name>26:15</name>
      </trkpt>
      <trkpt lat="35.693992" lon="139.705065">
        <name>26:16</name>
      </trkpt>
      <trkpt lat="35.694212" lon="139.705169">
        <name>26:17</name>
      </trkpt>
      <trkpt lat="35.694826" lon="139.705474">
        <name>26:18</name>
      </trkpt>
      <trkpt lat="35.694914" lon="139.705519">
        <name>26:19</name>
      </trkpt>
      <trkpt lat="35.694943" lon="139.705466">
        <name>26:20</name>
      </trkpt>
      <trkpt lat="35.694951" lon="139.705421">
        <name>26:21</name>
      </trkpt>
      <trkpt lat="35.694960" lon="139.704986">
        <name>26:22</name>
      </trkpt>
      <trkpt lat="35.694971" lon="139.704398">
        <name>26:23</name>
      </trkpt>
      <trkpt lat="35.694973" lon="139.704310">
        <name>26:24</name>
      </trkpt>
      <trkpt lat="35.694863" lon="139.704266">
        <name>26:25</name>
      </trkpt>
      <trkpt lat="35.694197" lon="139.703962">
        <name>26:26</name>
      </trkpt>
      <trkpt lat="35.693897" lon="139.703832">
        <name>26:27</name>
      </trkpt>
      <trkpt lat="35.693767" lon="139.703771">
        <name>26:28</name>
      </trkpt>
      <trkpt lat="35.693767" lon="139.703771">
        <name>26:29</name>
      </trkpt>
      <trkpt lat="35.693897" lon="139.703832">
        <name>26:30</name>
      </trkpt>
      <trkpt lat="35.694197" lon="139.703962">
        <name>26:31</name>
      </trkpt>
      <trkpt lat="35.694214" lon="139.703900">
        <name>26:32</name>
      </trkpt>
      <trkpt lat="35.694298" lon="139.703582">
        <name>26:33</name>
      </trkpt>
      <trkpt lat="35.694365" lon="139.703324">
        <name>26:34</name>
      </trkpt>
      <trkpt lat="35.694470" lon="139.703376">
        <name>26:35</name>
      </trkpt>
      <trkpt lat="35.694515" lon="139.703190">
        <name>26:36</name>
      </trkpt>
      <trkpt lat="35.694521" lon="139.703164">
        <name>26:37</name>
      </trkpt>
      <trkpt lat="35.694596" lon="139.702853">
        <name>26:38</name>
      </trkpt>
      <trkpt lat="35.694178" lon="139.702647">
        <name>26:39</name>
      </trkpt>
      <trkpt lat="35.693891" lon="139.702509">
        <name>26:40</name>
      </trkpt>
      <trkpt lat="35.693583" lon="139.702358">
        <name>26:41</name>
      </trkpt>
      <trkpt lat="35.693578" lon="139.702356">
        <name>26:42</name>
      </trkpt>
      <trkpt lat="35.693541" lon="139.702337">
        <name>26:43</name>
      </trkpt>
      <trkpt lat="35.693447" lon="139.702298">
        <name>26:44</name>
      </trkpt>
      <trkpt lat="35.693431" lon="139.702368">
        <name>26:45</name>
      </trkpt>
      <trkpt lat="35.693334" lon="139.702804">
        <name>26:46</name>
      </trkpt>
      <trkpt lat="35.693424" lon="139.702848">
        <name>26:47</name>
      </trkpt>
      <trkpt lat="35.693446" lon="139.702853">
        <name>26:48</name>
      </trkpt>
      <trkpt lat="35.693463" lon="139.702862">
        <name>26:49</name>
      </trkpt>
      <trkpt lat="35.693520" lon="139.702890">
        <name>26:50</name>
      </trkpt>
      <trkpt lat="35.693520" lon="139.702890">
        <name>26:51</name>
      </trkpt>
      <trkpt lat="35.693646" lon="139.702953">
        <name>26:52</name>
      </trkpt>
      <trkpt lat="35.693498" lon="139.703511">
        <name>26:53</name>
      </trkpt>
      <trkpt lat="35.693484" lon="139.703557">
        <name>26:54</name>
      </trkpt>
      <trkpt lat="35.693462" lon="139.703629">
        <name>26:55</name>
      </trkpt>
      <trkpt lat="35.693315" lon="139.703561">
        <name>26:56</name>
      </trkpt>
      <trkpt lat="35.693246" lon="139.703529">
        <name>26:57</name>
      </trkpt>
      <trkpt lat="35.693141" lon="139.703482">
        <name>26:58</name>
      </trkpt>
      <trkpt lat="35.693021" lon="139.703427">
        <name>26:59</name>
      </trkpt>
      <trkpt lat="35.693054" lon="139.703311">
        <name>27:00</name>
      </trkpt>
      <trkpt lat="35.693066" lon="139.703265">
        <name>27:01</name>
      </trkpt>
      <trkpt lat="35.693196" lon="139.702808">
        <name>27:02</name>
      </trkpt>
      <trkpt lat="35.693224" lon="139.702686">
        <name>27:03</name>
      </trkpt>
      <trkpt lat="35.693290" lon="139.702404">
        <name>27:04</name>
      </trkpt>
      <trkpt lat="35.693308" lon="139.702326">
        <name>27:05</name>
      </trkpt>
      <trkpt lat="35.693326" lon="139.702246">
        <name>27:06</name>
      </trkpt>
      <trkpt lat="35.693453" lon="139.701673">
        <name>27:07</name>
      </trkpt>
      <trkpt lat="35.693395" lon="139.701652">
        <name>27:08</name>
      </trkpt>
      <trkpt lat="35.693348" lon="139.701635">
        <name>27:09</name>
      </trkpt>
      <trkpt lat="35.693337" lon="139.701629">
        <name>27:10</name>
      </trkpt>
      <trkpt lat="35.692993" lon="139.701442">
        <name>27:11</name>
      </trkpt>
      <trkpt lat="35.692960" lon="139.701425">
        <name>27:12</name>
      </trkpt>
      <trkpt lat="35.692847" lon="139.701947">
        <name>27:13</name>
      </trkpt>
      <trkpt lat="35.692825" lon="139.702008">
        <name>27:14</name>
      </trkpt>
      <trkpt lat="35.692792" lon="139.702085">
        <name>27:15</name>
      </trkpt>
      <trkpt lat="35.692736" lon="139.702218">
        <name>27:16</name>
      </trkpt>
      <trkpt lat="35.692729" lon="139.702237">
        <name>27:17</name>
      </trkpt>
      <trkpt lat="35.692715" lon="139.702273">
        <name>27:18</name>
      </trkpt>
      <trkpt lat="35.692681" lon="139.702364">
        <name>27:19</name>
      </trkpt>
      <trkpt lat="35.692645" lon="139.702459">
        <name>27:20</name>
      </trkpt>
      <trkpt lat="35.692633" lon="139.702491">
        <name>27:21</name>
      </trkpt>
      <trkpt lat="35.692626" lon="139.702509">
        <name>27:22</name>
      </trkpt>
      <trkpt lat="35.692577" lon="139.702627">
        <name>27:23</name>
      </trkpt>
      <trkpt lat="35.692577" lon="139.702627">
        <name>27:24</name>
      </trkpt>
      <trkpt lat="35.692626" lon="139.702509">
        <name>27:25</name>
      </trkpt>
      <trkpt lat="35.692633" lon="139.702491">
        <name>27:26</name>
      </trkpt>
      <trkpt lat="35.692645" lon="139.702459">
        <name>27:27</name>
      </trkpt>
      <trkpt lat="35.692681" lon="139.702364">
        <name>27:28</name>
      </trkpt>
      <trkpt lat="35.692715" lon="139.702273">
        <name>27:29</name>
      </trkpt>
      <trkpt lat="35.692729" lon="139.702237">
        <name>27:30</name>
      </trkpt>
      <trkpt lat="35.692736" lon="139.702218">
        <name>27:31</name>
      </trkpt>
      <trkpt lat="35.692792" lon="139.702085">
        <name>27:32</name>
      </trkpt>
      <trkpt lat="35.692825" lon="139.702008">
        <name>27:33</name>
      </trkpt>
      <trkpt lat="35.692847" lon="139.701947">
        <name>27:34</name>
      </trkpt>
      <trkpt lat="35.692960" lon="139.701425">
        <name>27:35</name>
      </trkpt>
      <trkpt lat="35.693010" lon="139.701196">
        <name>27:36</name>
      </trkpt>
      <trkpt lat="35.693016" lon="139.701171">
        <name>27:37</name>
      </trkpt>
      <trkpt lat="35.693029" lon="139.701111">
        <name>27:38</name>
      </trkpt>
      <trkpt lat="35.693006" lon="139.701060">
        <name>27:39</name>
      </trkpt>
      <trkpt lat="35.692845" lon="139.700971">
        <name>27:40</name>
      </trkpt>
      <trkpt lat="35.692609" lon="139.700841">
        <name>27:41</name>
      </trkpt>
      <trkpt lat="35.692587" lon="139.700847">
        <name>27:42</name>
      </trkpt>
      <trkpt lat="35.692562" lon="139.700854">
        <name>27:43</name>
      </trkpt>
      <trkpt lat="35.692461" lon="139.700832">
        <name>27:44</name>
      </trkpt>
      <trkpt lat="35.692439" lon="139.700932">
        <name>27:45</name>
      </trkpt>
      <trkpt lat="35.692428" lon="139.700984">
        <name>27:46</name>
      </trkpt>
      <trkpt lat="35.692292" lon="139.701616">
        <name>27:47</name>
      </trkpt>
      <trkpt lat="35.692281" lon="139.701665">
        <name>27:48</name>
      </trkpt>
      <trkpt lat="35.692251" lon="139.701771">
        <name>27:49</name>
      </trkpt>
      <trkpt lat="35.692242" lon="139.701796">
        <name>27:50</name>
      </trkpt>
      <trkpt lat="35.692228" lon="139.701836">
        <name>27:51</name>
      </trkpt>
      <trkpt lat="35.692208" lon="139.701887">
        <name>27:52</name>
      </trkpt>
      <trkpt lat="35.692186" lon="139.701939">
        <name>27:53</name>
      </trkpt>
      <trkpt lat="35.692141" lon="139.702040">
        <name>27:54</name>
      </trkpt>
      <trkpt lat="35.691960" lon="139.702442">
        <name>27:55</name>
      </trkpt>
      <trkpt lat="35.691934" lon="139.702502">
        <name>27:56</name>
      </trkpt>
      <trkpt lat="35.691916" lon="139.702543">
        <name>27:57</name>
      </trkpt>
      <trkpt lat="35.691909" lon="139.702558">
        <name>27:58</name>
      </trkpt>
      <trkpt lat="35.691909" lon="139.702558">
        <name>27:59</name>
      </trkpt>
      <trkpt lat="35.691916" lon="139.702543">
        <name>28:00</name>
      </trkpt>
      <trkpt lat="35.691934" lon="139.702502">
        <name>28:01</name>
      </trkpt>
      <trkpt lat="35.691960" lon="139.702442">
        <name>28:02</name>
      </trkpt>
      <trkpt lat="35.692141" lon="139.702040">
        <name>28:03</name>
      </trkpt>
      <trkpt lat="35.692186" lon="139.701939">
        <name>28:04</name>
      </trkpt>
      <trkpt lat="35.692208" lon="139.701887">
        <name>28:05</name>
      </trkpt>
      <trkpt lat="35.692228" lon="139.701836">
        <name>28:06</name>
      </trkpt>
      <trkpt lat="35.692242" lon="139.701796">
        <name>28:07</name>
      </trkpt>
      <trkpt lat="35.692251" lon="139.701771">
        <name>28:08</name>
      </trkpt>
      <trkpt lat="35.692228" lon="139.701759">
        <name>28:09</name>
      </trkpt>
      <trkpt lat="35.692133" lon="139.701710">
        <name>28:10</name>
      </trkpt>
      <trkpt lat="35.692090" lon="139.701686">
        <name>28:11</name>
      </trkpt>
      <trkpt lat="35.691909" lon="139.701582">
        <name>28:12</name>
      </trkpt>
      <trkpt lat="35.691889" lon="139.701572">
        <name>28:13</name>
      </trkpt>
      <trkpt lat="35.691860" lon="139.701560">
        <name>28:14</name>
      </trkpt>
      <trkpt lat="35.691841" lon="139.701554">
        <name>28:15</name>
      </trkpt>
      <trkpt lat="35.691819" lon="139.701548">
        <name>28:16</name>
      </trkpt>
      <trkpt lat="35.691791" lon="139.701543">
        <name>28:17</name>
      </trkpt>
      <trkpt lat="35.691770" lon="139.701542">
        <name>28:18</name>
      </trkpt>
      <trkpt lat="35.691752" lon="139.701543">
        <name>28:19</name>
      </trkpt>
      <trkpt lat="35.691479" lon="139.701578">
        <name>28:20</name>
      </trkpt>
      <trkpt lat="35.691384" lon="139.701591">
        <name>28:21</name>
      </trkpt>
      <trkpt lat="35.691358" lon="139.701613">
        <name>28:22</name>
      </trkpt>
      <trkpt lat="35.691344" lon="139.701705">
        <name>28:23</name>
      </trkpt>
      <trkpt lat="35.691315" lon="139.701896">
        <name>28:24</name>
      </trkpt>
      <trkpt lat="35.691251" lon="139.702312">
        <name>28:25</name>
      </trkpt>
      <trkpt lat="35.691237" lon="139.702412">
        <name>28:26</name>
      </trkpt>
      <trkpt lat="35.691221" lon="139.702485">
        <name>28:27</name>
      </trkpt>
      <trkpt lat="35.691221" lon="139.702485">
        <name>28:28</name>
      </trkpt>
      <trkpt lat="35.691216" lon="139.702511">
        <name>28:29</name>
      </trkpt>
      <trkpt lat="35.691146" lon="139.703028">
        <name>28:30</name>
      </trkpt>
      <trkpt lat="35.690684" lon="139.702924">
        <name>28:31</name>
      </trkpt>
      <trkpt lat="35.690727" lon="139.702291">
        <name>28:32</name>
      </trkpt>
      <trkpt lat="35.691067" lon="139.702372">
        <name>28:33</name>
      </trkpt>
      <trkpt lat="35.691067" lon="139.702372">
        <name>28:34</name>
      </trkpt>
      <trkpt lat="35.691237" lon="139.702412">
        <name>28:35</name>
      </trkpt>
      <trkpt lat="35.691216" lon="139.702511">
        <name>28:36</name>
      </trkpt>
      <trkpt lat="35.691146" lon="139.703028">
        <name>28:37</name>
      </trkpt>
      <trkpt lat="35.690684" lon="139.702924">
        <name>28:38</name>
      </trkpt>
      <trkpt lat="35.690727" lon="139.702291">
        <name>28:39</name>
      </trkpt>
      <trkpt lat="35.690907" lon="139.702334">
        <name>28:40</name>
      </trkpt>
      <trkpt lat="35.690907" lon="139.702334">
        <name>28:41</name>
      </trkpt>
      <trkpt lat="35.691237" lon="139.702412">
        <name>28:42</name>
      </trkpt>
      <trkpt lat="35.691741" lon="139.702603">
        <name>28:43</name>
      </trkpt>
      <trkpt lat="35.691787" lon="139.702620">
        <name>28:44</name>
      </trkpt>
      <trkpt lat="35.691866" lon="139.702653">
        <name>28:45</name>
      </trkpt>
      <trkpt lat="35.691857" lon="139.702672">
        <name>28:46</name>
      </trkpt>
      <trkpt lat="35.691822" lon="139.702750">
        <name>28:47</name>
      </trkpt>
      <trkpt lat="35.691796" lon="139.702809">
        <name>28:48</name>
      </trkpt>
      <trkpt lat="35.691683" lon="139.703060">
        <name>28:49</name>
      </trkpt>
      <trkpt lat="35.691683" lon="139.703060">
        <name>28:50</name>
      </trkpt>
      <trkpt lat="35.691538" lon="139.703382">
        <name>28:51</name>
      </trkpt>
      <trkpt lat="35.691538" lon="139.703382">
        <name>28:52</name>
      </trkpt>
      <trkpt lat="35.691607" lon="139.703427">
        <name>28:53</name>
      </trkpt>
      <trkpt lat="35.692001" lon="139.703685">
        <name>28:54</name>
      </trkpt>
      <trkpt lat="35.692162" lon="139.703367">
        <name>28:55</name>
      </trkpt>
      <trkpt lat="35.692173" lon="139.703357">
        <name>28:56</name>
      </trkpt>
      <trkpt lat="35.692173" lon="139.703357">
        <name>28:57</name>
      </trkpt>
      <trkpt lat="35.692173" lon="139.703357">
        <name>28:58</name>
      </trkpt>
      <trkpt lat="35.692194" lon="139.703355">
        <name>28:59</name>
      </trkpt>
      <trkpt lat="35.692221" lon="139.703363">
        <name>29:00</name>
      </trkpt>
      <trkpt lat="35.692476" lon="139.703517">
        <name>29:01</name>
      </trkpt>
      <trkpt lat="35.692526" lon="139.703548">
        <name>29:02</name>
      </trkpt>
      <trkpt lat="35.692514" lon="139.703603">
        <name>29:03</name>
      </trkpt>
      <trkpt lat="35.692311" lon="139.704190">
        <name>29:04</name>
      </trkpt>
      <trkpt lat="35.692295" lon="139.704239">
        <name>29:05</name>
      </trkpt>
      <trkpt lat="35.692278" lon="139.704289">
        <name>29:06</name>
      </trkpt>
      <trkpt lat="35.692237" lon="139.704450">
        <name>29:07</name>
      </trkpt>
      <trkpt lat="35.692163" lon="139.704738">
        <name>29:08</name>
      </trkpt>
      <trkpt lat="35.692144" lon="139.704809">
        <name>29:09</name>
      </trkpt>
      <trkpt lat="35.692118" lon="139.704912">
        <name>29:10</name>
      </trkpt>
      <trkpt lat="35.692433" lon="139.705100">
        <name>29:11</name>
      </trkpt>
      <trkpt lat="35.692454" lon="139.705112">
        <name>29:12</name>
      </trkpt>
      <trkpt lat="35.692534" lon="139.705160">
        <name>29:13</name>
      </trkpt>
      <trkpt lat="35.692708" lon="139.704533">
        <name>29:14</name>
      </trkpt>
      <trkpt lat="35.692778" lon="139.704288">
        <name>29:15</name>
      </trkpt>
      <trkpt lat="35.692836" lon="139.704078">
        <name>29:16</name>
      </trkpt>
      <trkpt lat="35.692931" lon="139.703745">
        <name>29:17</name>
      </trkpt>
      <trkpt lat="35.692950" lon="139.703680">
        <name>29:18</name>
      </trkpt>
      <trkpt lat="35.692997" lon="139.703512">
        <name>29:19</name>
      </trkpt>
      <trkpt lat="35.693021" lon="139.703427">
        <name>29:20</name>
      </trkpt>
      <trkpt lat="35.693054" lon="139.703311">
        <name>29:21</name>
      </trkpt>
      <trkpt lat="35.693066" lon="139.703265">
        <name>29:22</name>
      </trkpt>
      <trkpt lat="35.693081" lon="139.703214">
        <name>29:23</name>
      </trkpt>
      <trkpt lat="35.693081" lon="139.703214">
        <name>29:24</name>
      </trkpt>
      <trkpt lat="35.693196" lon="139.702808">
        <name>29:25</name>
      </trkpt>
      <trkpt lat="35.693224" lon="139.702686">
        <name>29:26</name>
      </trkpt>
      <trkpt lat="35.693290" lon="139.702404">
        <name>29:27</name>
      </trkpt>
      <trkpt lat="35.693308" lon="139.702326">
        <name>29:28</name>
      </trkpt>
      <trkpt lat="35.693326" lon="139.702246">
        <name>29:29</name>
      </trkpt>
      <trkpt lat="35.693453" lon="139.701673">
        <name>29:30</name>
      </trkpt>
      <trkpt lat="35.693473" lon="139.701582">
        <name>29:31</name>
      </trkpt>
      <trkpt lat="35.693493" lon="139.701491">
        <name>29:32</name>
      </trkpt>
      <trkpt lat="35.693518" lon="139.701379">
        <name>29:33</name>
      </trkpt>
      <trkpt lat="35.693528" lon="139.701329">
        <name>29:34</name>
      </trkpt>
      <trkpt lat="35.693598" lon="139.700967">
        <name>29:35</name>
      </trkpt>
      <trkpt lat="35.693609" lon="139.700904">
        <name>29:36</name>
      </trkpt>
      <trkpt lat="35.693618" lon="139.700846">
        <name>29:37</name>
      </trkpt>
      <trkpt lat="35.693624" lon="139.700799">
        <name>29:38</name>
      </trkpt>
      <trkpt lat="35.693625" lon="139.700754">
        <name>29:39</name>
      </trkpt>
      <trkpt lat="35.693624" lon="139.700713">
        <name>29:40</name>
      </trkpt>
      <trkpt lat="35.693619" lon="139.700669">
        <name>29:41</name>
      </trkpt>
      <trkpt lat="35.693600" lon="139.700587">
        <name>29:42</name>
      </trkpt>
      <trkpt lat="35.693554" lon="139.700405">
        <name>29:43</name>
      </trkpt>
      <trkpt lat="35.693489" lon="139.700380">
        <name>29:44</name>
      </trkpt>
      <trkpt lat="35.693438" lon="139.700366">
        <name>29:45</name>
      </trkpt>
      <trkpt lat="35.693391" lon="139.700363">
        <name>29:46</name>
      </trkpt>
      <trkpt lat="35.693350" lon="139.700366">
        <name>29:47</name>
      </trkpt>
      <trkpt lat="35.693281" lon="139.700379">
        <name>29:48</name>
      </trkpt>
      <trkpt lat="35.693186" lon="139.700402">
        <name>29:49</name>
      </trkpt>
      <trkpt lat="35.692956" lon="139.700460">
        <name>29:50</name>
      </trkpt>
      <trkpt lat="35.692926" lon="139.700469">
        <name>29:51</name>
      </trkpt>
      <trkpt lat="35.692898" lon="139.700478">
        <name>29:52</name>
      </trkpt>
      <trkpt lat="35.692866" lon="139.700489">
        <name>29:53</name>
      </trkpt>
      <trkpt lat="35.692758" lon="139.700539">
        <name>29:54</name>
      </trkpt>
      <trkpt lat="35.692718" lon="139.700557">
        <name>29:55</name>
      </trkpt>
      <trkpt lat="35.692681" lon="139.700577">
        <name>29:56</name>
      </trkpt>
      <trkpt lat="35.692645" lon="139.700600">
        <name>29:57</name>
      </trkpt>
      <trkpt lat="35.692612" lon="139.700629">
        <name>29:58</name>
      </trkpt>
      <trkpt lat="35.692586" lon="139.700657">
        <name>29:59</name>
      </trkpt>
      <trkpt lat="35.692562" lon="139.700686">
        <name>30:00</name>
      </trkpt>
      <trkpt lat="35.692549" lon="139.700707">
        <name>30:01</name>
      </trkpt>
      <trkpt lat="35.692539" lon="139.700727">
        <name>30:02</name>
      </trkpt>
      <trkpt lat="35.692527" lon="139.700752">
        <name>30:03</name>
      </trkpt>
      <trkpt lat="35.692461" lon="139.700832">
        <name>30:04</name>
      </trkpt>
      <trkpt lat="35.692439" lon="139.700932">
        <name>30:05</name>
      </trkpt>
      <trkpt lat="35.692428" lon="139.700984">
        <name>30:06</name>
      </trkpt>
      <trkpt lat="35.692292" lon="139.701616">
        <name>30:07</name>
      </trkpt>
      <trkpt lat="35.692281" lon="139.701665">
        <name>30:08</name>
      </trkpt>
      <trkpt lat="35.692251" lon="139.701771">
        <name>30:09</name>
      </trkpt>
      <trkpt lat="35.692242" lon="139.701796">
        <name>30:10</name>
      </trkpt>
      <trkpt lat="35.692228" lon="139.701836">
        <name>30:11</name>
      </trkpt>
      <trkpt lat="35.692208" lon="139.701887">
        <name>30:12</name>
      </trkpt>
      <trkpt lat="35.692186" lon="139.701939">
        <name>30:13</name>
      </trkpt>
      <trkpt lat="35.692141" lon="139.702040">
        <name>30:14</name>
      </trkpt>
      <trkpt lat="35.692078" lon="139.702180">
        <name>30:15</name>
      </trkpt>
      <trkpt lat="35.692078" lon="139.702180">
        <name>30:16</name>
      </trkpt>
      <trkpt lat="35.692141" lon="139.702040">
        <name>30:17</name>
      </trkpt>
      <trkpt lat="35.692186" lon="139.701939">
        <name>30:18</name>
      </trkpt>
      <trkpt lat="35.692208" lon="139.701887">
        <name>30:19</name>
      </trkpt>
      <trkpt lat="35.692228" lon="139.701836">
        <name>30:20</name>
      </trkpt>
      <trkpt lat="35.692242" lon="139.701796">
        <name>30:21</name>
      </trkpt>
      <trkpt lat="35.692251" lon="139.701771">
        <name>30:22</name>
      </trkpt>
      <trkpt lat="35.692228" lon="139.701759">
        <name>30:23</name>
      </trkpt>
      <trkpt lat="35.692133" lon="139.701710">
        <name>30:24</name>
      </trkpt>
      <trkpt lat="35.692090" lon="139.701686">
        <name>30:25</name>
      </trkpt>
      <trkpt lat="35.691909" lon="139.701582">
        <name>30:26</name>
      </trkpt>
      <trkpt lat="35.691889" lon="139.701572">
        <name>30:27</name>
      </trkpt>
      <trkpt lat="35.691860" lon="139.701560">
        <name>30:28</name>
      </trkpt>
      <trkpt lat="35.691841" lon="139.701554">
        <name>30:29</name>
      </trkpt>
      <trkpt lat="35.691819" lon="139.701548">
        <name>30:30</name>
      </trkpt>
      <trkpt lat="35.691791" lon="139.701543">
        <name>30:31</name>
      </trkpt>
      <trkpt lat="35.691770" lon="139.701542">
        <name>30:32</name>
      </trkpt>
      <trkpt lat="35.691752" lon="139.701543">
        <name>30:33</name>
      </trkpt>
      <trkpt lat="35.691479" lon="139.701578">
        <name>30:34</name>
      </trkpt>
      <trkpt lat="35.691384" lon="139.701591">
        <name>30:35</name>
      </trkpt>
      <trkpt lat="35.691358" lon="139.701613">
        <name>30:36</name>
      </trkpt>
      <trkpt lat="35.691289" lon="139.701625">
        <name>30:37</name>
      </trkpt>
      <trkpt lat="35.691251" lon="139.701630">
        <name>30:38</name>
      </trkpt>
      <trkpt lat="35.691206" lon="139.701636">
        <name>30:39</name>
      </trkpt>
      <trkpt lat="35.691141" lon="139.701634">
        <name>30:40</name>
      </trkpt>
      <trkpt lat="35.690963" lon="139.701658">
        <name>30:41</name>
      </trkpt>
      <trkpt lat="35.690904" lon="139.701665">
        <name>30:42</name>
      </trkpt>
      <trkpt lat="35.690862" lon="139.701671">
        <name>30:43</name>
      </trkpt>
      <trkpt lat="35.690838" lon="139.701672">
        <name>30:44</name>
      </trkpt>
      <trkpt lat="35.690817" lon="139.701664">
        <name>30:45</name>
      </trkpt>
      <trkpt lat="35.690791" lon="139.701630">
        <name>30:46</name>
      </trkpt>
      <trkpt lat="35.690721" lon="139.701487">
        <name>30:47</name>
      </trkpt>
      <trkpt lat="35.690787" lon="139.701435">
        <name>30:48</name>
      </trkpt>
      <trkpt lat="35.690816" lon="139.701422">
        <name>30:49</name>
      </trkpt>
      <trkpt lat="35.690842" lon="139.701419">
        <name>30:50</name>
      </trkpt>
      <trkpt lat="35.690871" lon="139.701414">
        <name>30:51</name>
      </trkpt>
      <trkpt lat="35.690910" lon="139.701415">
        <name>30:52</name>
      </trkpt>
      <trkpt lat="35.691129" lon="139.701388">
        <name>30:53</name>
      </trkpt>
      <trkpt lat="35.691185" lon="139.701381">
        <name>30:54</name>
      </trkpt>
      <trkpt lat="35.691211" lon="139.701378">
        <name>30:55</name>
      </trkpt>
      <trkpt lat="35.691296" lon="139.701331">
        <name>30:56</name>
      </trkpt>
      <trkpt lat="35.691424" lon="139.701315">
        <name>30:57</name>
      </trkpt>
      <trkpt lat="35.691457" lon="139.701330">
        <name>30:58</name>
      </trkpt>
      <trkpt lat="35.691612" lon="139.701310">
        <name>30:59</name>
      </trkpt>
      <trkpt lat="35.691797" lon="139.701287">
        <name>31:00</name>
      </trkpt>
      <trkpt lat="35.691820" lon="139.701268">
        <name>31:01</name>
      </trkpt>
      <trkpt lat="35.691839" lon="139.701267">
        <name>31:02</name>
      </trkpt>
      <trkpt lat="35.691863" lon="139.701273">
        <name>31:03</name>
      </trkpt>
      <trkpt lat="35.691900" lon="139.701300">
        <name>31:04</name>
      </trkpt>
      <trkpt lat="35.691916" lon="139.701309">
        <name>31:05</name>
      </trkpt>
      <trkpt lat="35.691936" lon="139.701310">
        <name>31:06</name>
      </trkpt>
      <trkpt lat="35.691961" lon="139.701306">
        <name>31:07</name>
      </trkpt>
      <trkpt lat="35.692008" lon="139.701300">
        <name>31:08</name>
      </trkpt>
      <trkpt lat="35.692038" lon="139.701303">
        <name>31:09</name>
      </trkpt>
      <trkpt lat="35.692058" lon="139.701314">
        <name>31:10</name>
      </trkpt>
      <trkpt lat="35.692074" lon="139.701335">
        <name>31:11</name>
      </trkpt>
      <trkpt lat="35.692086" lon="139.701366">
        <name>31:12</name>
      </trkpt>
      <trkpt lat="35.692095" lon="139.701464">
        <name>31:13</name>
      </trkpt>
      <trkpt lat="35.692097" lon="139.701501">
        <name>31:14</name>
      </trkpt>
      <trkpt lat="35.692088" lon="139.701534">
        <name>31:15</name>
      </trkpt>
      <trkpt lat="35.692072" lon="139.701556">
        <name>31:16</name>
      </trkpt>
      <trkpt lat="35.692050" lon="139.701570">
        <name>31:17</name>
      </trkpt>
      <trkpt lat="35.692021" lon="139.701575">
        <name>31:18</name>
      </trkpt>
      <trkpt lat="35.691995" lon="139.701574">
        <name>31:19</name>
      </trkpt>
      <trkpt lat="35.691974" lon="139.701568">
        <name>31:20</name>
      </trkpt>
      <trkpt lat="35.691953" lon="139.701559">
        <name>31:21</name>
      </trkpt>
      <trkpt lat="35.691929" lon="139.701546">
        <name>31:22</name>
      </trkpt>
      <trkpt lat="35.691903" lon="139.701544">
        <name>31:23</name>
      </trkpt>
      <trkpt lat="35.691721" lon="139.701569">
        <name>31:24</name>
      </trkpt>
      <trkpt lat="35.691718" lon="139.701531">
        <name>31:25</name>
      </trkpt>
      <trkpt lat="35.691718" lon="139.701531">
        <name>31:26</name>
      </trkpt>
      <trkpt lat="35.691703" lon="139.701363">
        <name>31:27</name>
      </trkpt>
      <trkpt lat="35.691884" lon="139.701339">
        <name>31:28</name>
      </trkpt>
      <trkpt lat="35.691904" lon="139.701331">
        <name>31:29</name>
      </trkpt>
      <trkpt lat="35.691923" lon="139.701310">
        <name>31:30</name>
      </trkpt>
      <trkpt lat="35.691940" lon="139.701286">
        <name>31:31</name>
      </trkpt>
      <trkpt lat="35.691958" lon="139.701270">
        <name>31:32</name>
      </trkpt>
      <trkpt lat="35.691978" lon="139.701258">
        <name>31:33</name>
      </trkpt>
      <trkpt lat="35.692000" lon="139.701251">
        <name>31:34</name>
      </trkpt>
      <trkpt lat="35.692022" lon="139.701250">
        <name>31:35</name>
      </trkpt>
      <trkpt lat="35.692044" lon="139.701254">
        <name>31:36</name>
      </trkpt>
      <trkpt lat="35.692071" lon="139.701267">
        <name>31:37</name>
      </trkpt>
      <trkpt lat="35.692084" lon="139.701278">
        <name>31:38</name>
      </trkpt>
      <trkpt lat="35.692100" lon="139.701297">
        <name>31:39</name>
      </trkpt>
      <trkpt lat="35.692114" lon="139.701322">
        <name>31:40</name>
      </trkpt>
      <trkpt lat="35.692123" lon="139.701352">
        <name>31:41</name>
      </trkpt>
      <trkpt lat="35.692126" lon="139.701380">
        <name>31:42</name>
      </trkpt>
      <trkpt lat="35.692124" lon="139.701409">
        <name>31:43</name>
      </trkpt>
      <trkpt lat="35.692118" lon="139.701438">
        <name>31:44</name>
      </trkpt>
      <trkpt lat="35.692107" lon="139.701464">
        <name>31:45</name>
      </trkpt>
      <trkpt lat="35.692092" lon="139.701487">
        <name>31:46</name>
      </trkpt>
      <trkpt lat="35.692076" lon="139.701503">
        <name>31:47</name>
      </trkpt>
      <trkpt lat="35.692055" lon="139.701515">
        <name>31:48</name>
      </trkpt>
      <trkpt lat="35.692034" lon="139.701523">
        <name>31:49</name>
      </trkpt>
      <trkpt lat="35.692016" lon="139.701527">
        <name>31:50</name>
      </trkpt>
      <trkpt lat="35.691957" lon="139.701533">
        <name>31:51</name>
      </trkpt>
      <trkpt lat="35.691940" lon="139.701526">
        <name>31:52</name>
      </trkpt>
      <trkpt lat="35.691923" lon="139.701514">
        <name>31:53</name>
      </trkpt>
      <trkpt lat="35.691881" lon="139.701479">
        <name>31:54</name>
      </trkpt>
      <trkpt lat="35.691867" lon="139.701463">
        <name>31:55</name>
      </trkpt>
      <trkpt lat="35.691861" lon="139.701438">
        <name>31:56</name>
      </trkpt>
      <trkpt lat="35.691855" lon="139.701351">
        <name>31:57</name>
      </trkpt>
      <trkpt lat="35.691850" lon="139.701330">
        <name>31:58</name>
      </trkpt>
      <trkpt lat="35.691840" lon="139.701317">
        <name>31:59</name>
      </trkpt>
      <trkpt lat="35.691824" lon="139.701306">
        <name>32:00</name>
      </trkpt>
      <trkpt lat="35.691797" lon="139.701287">
        <name>32:01</name>
      </trkpt>
      <trkpt lat="35.691612" lon="139.701310">
        <name>32:02</name>
      </trkpt>
      <trkpt lat="35.691457" lon="139.701330">
        <name>32:03</name>
      </trkpt>
      <trkpt lat="35.691427" lon="139.701354">
        <name>32:04</name>
      </trkpt>
      <trkpt lat="35.691394" lon="139.701358">
        <name>32:05</name>
      </trkpt>
      <trkpt lat="35.691384" lon="139.701367">
        <name>32:06</name>
      </trkpt>
      <trkpt lat="35.691377" lon="139.701377">
        <name>32:07</name>
      </trkpt>
      <trkpt lat="35.691366" lon="139.701402">
        <name>32:08</name>
      </trkpt>
      <trkpt lat="35.691378" lon="139.701539">
        <name>32:09</name>
      </trkpt>
      <trkpt lat="35.691384" lon="139.701591">
        <name>32:10</name>
      </trkpt>
      <trkpt lat="35.691479" lon="139.701578">
        <name>32:11</name>
      </trkpt>
      <trkpt lat="35.691528" lon="139.701572">
        <name>32:12</name>
      </trkpt>
      <trkpt lat="35.691528" lon="139.701572">
        <name>32:13</name>
      </trkpt>
      <trkpt lat="35.691479" lon="139.701578">
        <name>32:14</name>
      </trkpt>
      <trkpt lat="35.691384" lon="139.701591">
        <name>32:15</name>
      </trkpt>
      <trkpt lat="35.691358" lon="139.701613">
        <name>32:16</name>
      </trkpt>
      <trkpt lat="35.691344" lon="139.701705">
        <name>32:17</name>
      </trkpt>
      <trkpt lat="35.691315" lon="139.701896">
        <name>32:18</name>
      </trkpt>
      <trkpt lat="35.691353" lon="139.701917">
        <name>32:19</name>
      </trkpt>
      <trkpt lat="35.691353" lon="139.701917">
        <name>32:20</name>
      </trkpt>
      <trkpt lat="35.691315" lon="139.701896">
        <name>32:21</name>
      </trkpt>
      <trkpt lat="35.691285" lon="139.702093">
        <name>32:22</name>
      </trkpt>
      <trkpt lat="35.691285" lon="139.702093">
        <name>32:23</name>
      </trkpt>
      <trkpt lat="35.691251" lon="139.702312">
        <name>32:24</name>
      </trkpt>
      <trkpt lat="35.691237" lon="139.702412">
        <name>32:25</name>
      </trkpt>
      <trkpt lat="35.691216" lon="139.702511">
        <name>32:26</name>
      </trkpt>
      <trkpt lat="35.691146" lon="139.703028">
        <name>32:27</name>
      </trkpt>
      <trkpt lat="35.690684" lon="139.702924">
        <name>32:28</name>
      </trkpt>
      <trkpt lat="35.690727" lon="139.702291">
        <name>32:29</name>
      </trkpt>
      <trkpt lat="35.690991" lon="139.702354">
        <name>32:30</name>
      </trkpt>
      <trkpt lat="35.690991" lon="139.702354">
        <name>32:31</name>
      </trkpt>
      <trkpt lat="35.691237" lon="139.702412">
        <name>32:32</name>
      </trkpt>
      <trkpt lat="35.691216" lon="139.702511">
        <name>32:33</name>
      </trkpt>
      <trkpt lat="35.691146" lon="139.703028">
        <name>32:34</name>
      </trkpt>
      <trkpt lat="35.690684" lon="139.702924">
        <name>32:35</name>
      </trkpt>
      <trkpt lat="35.690727" lon="139.702291">
        <name>32:36</name>
      </trkpt>
      <trkpt lat="35.690847" lon="139.702320">
        <name>32:37</name>
      </trkpt>
      <trkpt lat="35.690847" lon="139.702320">
        <name>32:38</name>
      </trkpt>
      <trkpt lat="35.691237" lon="139.702412">
        <name>32:39</name>
      </trkpt>
      <trkpt lat="35.691216" lon="139.702511">
        <name>32:40</name>
      </trkpt>
      <trkpt lat="35.691146" lon="139.703028">
        <name>32:41</name>
      </trkpt>
      <trkpt lat="35.690684" lon="139.702924">
        <name>32:42</name>
      </trkpt>
      <trkpt lat="35.690236" lon="139.702857">
        <name>32:43</name>
      </trkpt>
      <trkpt lat="35.690245" lon="139.702703">
        <name>32:44</name>
      </trkpt>
      <trkpt lat="35.690277" lon="139.702195">
        <name>32:45</name>
      </trkpt>
      <trkpt lat="35.690631" lon="139.702271">
        <name>32:46</name>
      </trkpt>
      <trkpt lat="35.690686" lon="139.702283">
        <name>32:47</name>
      </trkpt>
      <trkpt lat="35.690686" lon="139.702283">
        <name>32:48</name>
      </trkpt>
      <trkpt lat="35.690727" lon="139.702291">
        <name>32:49</name>
      </trkpt>
      <trkpt lat="35.691237" lon="139.702412">
        <name>32:50</name>
      </trkpt>
      <trkpt lat="35.691216" lon="139.702511">
        <name>32:51</name>
      </trkpt>
      <trkpt lat="35.691146" lon="139.703028">
        <name>32:52</name>
      </trkpt>
      <trkpt lat="35.690684" lon="139.702924">
        <name>32:53</name>
      </trkpt>
      <trkpt lat="35.690236" lon="139.702857">
        <name>32:54</name>
      </trkpt>
      <trkpt lat="35.690245" lon="139.702703">
        <name>32:55</name>
      </trkpt>
      <trkpt lat="35.690277" lon="139.702195">
        <name>32:56</name>
      </trkpt>
      <trkpt lat="35.690526" lon="139.702248">
        <name>32:57</name>
      </trkpt>
      <trkpt lat="35.690526" lon="139.702248">
        <name>32:58</name>
      </trkpt>
      <trkpt lat="35.690631" lon="139.702271">
        <name>32:59</name>
      </trkpt>
      <trkpt lat="35.690727" lon="139.702291">
        <name>33:00</name>
      </trkpt>
      <trkpt lat="35.690774" lon="139.701816">
        <name>33:01</name>
      </trkpt>
      <trkpt lat="35.690791" lon="139.701630">
        <name>33:02</name>
      </trkpt>
      <trkpt lat="35.690721" lon="139.701487">
        <name>33:03</name>
      </trkpt>
      <trkpt lat="35.690666" lon="139.701511">
        <name>33:04</name>
      </trkpt>
      <trkpt lat="35.690340" lon="139.701650">
        <name>33:05</name>
      </trkpt>
      <trkpt lat="35.690340" lon="139.701650">
        <name>33:06</name>
      </trkpt>
      <trkpt lat="35.690260" lon="139.701684">
        <name>33:07</name>
      </trkpt>
      <trkpt lat="35.690260" lon="139.701684">
        <name>33:08</name>
      </trkpt>
      <trkpt lat="35.690666" lon="139.701511">
        <name>33:09</name>
      </trkpt>
      <trkpt lat="35.690721" lon="139.701487">
        <name>33:10</name>
      </trkpt>
      <trkpt lat="35.690703" lon="139.701417">
        <name>33:11</name>
      </trkpt>
      <trkpt lat="35.690697" lon="139.701395">
        <name>33:12</name>
      </trkpt>
      <trkpt lat="35.690686" lon="139.701178">
        <name>33:13</name>
      </trkpt>
      <trkpt lat="35.690665" lon="139.701169">
        <name>33:14</name>
      </trkpt>
      <trkpt lat="35.690381" lon="139.701163">
        <name>33:15</name>
      </trkpt>
      <trkpt lat="35.690059" lon="139.701247">
        <name>33:16</name>
      </trkpt>
      <trkpt lat="35.690059" lon="139.701247">
        <name>33:17</name>
      </trkpt>
      <trkpt lat="35.689948" lon="139.701275">
        <name>33:18</name>
      </trkpt>
      <trkpt lat="35.689948" lon="139.701275">
        <name>33:19</name>
      </trkpt>
      <trkpt lat="35.689836" lon="139.701304">
        <name>33:20</name>
      </trkpt>
      <trkpt lat="35.689836" lon="139.701304">
        <name>33:21</name>
      </trkpt>
      <trkpt lat="35.689742" lon="139.701329">
        <name>33:22</name>
      </trkpt>
      <trkpt lat="35.689710" lon="139.701395">
        <name>33:23</name>
      </trkpt>
      <trkpt lat="35.689718" lon="139.701499">
        <name>33:24</name>
      </trkpt>
      <trkpt lat="35.689761" lon="139.701751">
        <name>33:25</name>
      </trkpt>
      <trkpt lat="35.689780" lon="139.701812">
        <name>33:26</name>
      </trkpt>
      <trkpt lat="35.689800" lon="139.701881">
        <name>33:27</name>
      </trkpt>
      <trkpt lat="35.689831" lon="139.701868">
        <name>33:28</name>
      </trkpt>
      <trkpt lat="35.690248" lon="139.701690">
        <name>33:29</name>
      </trkpt>
      <trkpt lat="35.690248" lon="139.701690">
        <name>33:30</name>
      </trkpt>
      <trkpt lat="35.690666" lon="139.701511">
        <name>33:31</name>
      </trkpt>
      <trkpt lat="35.690721" lon="139.701487">
        <name>33:32</name>
      </trkpt>
      <trkpt lat="35.690787" lon="139.701435">
        <name>33:33</name>
      </trkpt>
      <trkpt lat="35.690816" lon="139.701422">
        <name>33:34</name>
      </trkpt>
      <trkpt lat="35.690842" lon="139.701419">
        <name>33:35</name>
      </trkpt>
      <trkpt lat="35.690871" lon="139.701414">
        <name>33:36</name>
      </trkpt>
      <trkpt lat="35.690910" lon="139.701415">
        <name>33:37</name>
      </trkpt>
      <trkpt lat="35.691129" lon="139.701388">
        <name>33:38</name>
      </trkpt>
      <trkpt lat="35.691185" lon="139.701381">
        <name>33:39</name>
      </trkpt>
      <trkpt lat="35.691211" lon="139.701378">
        <name>33:40</name>
      </trkpt>
      <trkpt lat="35.691241" lon="139.701378">
        <name>33:41</name>
      </trkpt>
      <trkpt lat="35.691297" lon="139.701371">
        <name>33:42</name>
      </trkpt>
      <trkpt lat="35.691319" lon="139.701372">
        <name>33:43</name>
      </trkpt>
      <trkpt lat="35.691339" lon="139.701377">
        <name>33:44</name>
      </trkpt>
      <trkpt lat="35.691351" lon="139.701386">
        <name>33:45</name>
      </trkpt>
      <trkpt lat="35.691366" lon="139.701402">
        <name>33:46</name>
      </trkpt>
      <trkpt lat="35.691378" lon="139.701539">
        <name>33:47</name>
      </trkpt>
      <trkpt lat="35.691384" lon="139.701591">
        <name>33:48</name>
      </trkpt>
      <trkpt lat="35.691358" lon="139.701613">
        <name>33:49</name>
      </trkpt>
      <trkpt lat="35.691344" lon="139.701705">
        <name>33:50</name>
      </trkpt>
      <trkpt lat="35.691315" lon="139.701896">
        <name>33:51</name>
      </trkpt>
      <trkpt lat="35.691251" lon="139.702312">
        <name>33:52</name>
      </trkpt>
      <trkpt lat="35.691237" lon="139.702412">
        <name>33:53</name>
      </trkpt>
      <trkpt lat="35.691216" lon="139.702511">
        <name>33:54</name>
      </trkpt>
      <trkpt lat="35.691146" lon="139.703028">
        <name>33:55</name>
      </trkpt>
      <trkpt lat="35.690684" lon="139.702924">
        <name>33:56</name>
      </trkpt>
      <trkpt lat="35.690702" lon="139.702663">
        <name>33:57</name>
      </trkpt>
      <trkpt lat="35.690702" lon="139.702663">
        <name>33:58</name>
      </trkpt>
      <trkpt lat="35.690727" lon="139.702291">
        <name>33:59</name>
      </trkpt>
      <trkpt lat="35.691237" lon="139.702412">
        <name>34:00</name>
      </trkpt>
      <trkpt lat="35.691216" lon="139.702511">
        <name>34:01</name>
      </trkpt>
      <trkpt lat="35.691159" lon="139.702935">
        <name>34:02</name>
      </trkpt>
      <trkpt lat="35.691159" lon="139.702935">
        <name>34:03</name>
      </trkpt>
      <trkpt lat="35.691159" lon="139.702935">
        <name>34:04</name>
      </trkpt>
      <trkpt lat="35.691159" lon="139.702935">
        <name>34:05</name>
      </trkpt>
      <trkpt lat="35.691159" lon="139.702935">
        <name>34:06</name>
      </trkpt>
      <trkpt lat="35.691159" lon="139.702935">
        <name>34:07</name>
      </trkpt>
      <trkpt lat="35.691159" lon="139.702935">
        <name>34:08</name>
      </trkpt>
      <trkpt lat="35.691159" lon="139.702935">
        <name>34:09</name>
      </trkpt>
      <trkpt lat="35.691159" lon="139.702935">
        <name>34:10</name>
      </trkpt>
      <trkpt lat="35.691159" lon="139.702935">
        <name>34:11</name>
      </trkpt>
      <trkpt lat="35.691159" lon="139.702935">
        <name>34:12</name>
      </trkpt>
    </trkseg>
  </trk>
</gpx>