timestamp,offset_segundos,usuario,nome,sentimento,confianca,comentario
0:40,40,lucasaerolito,lucasaerolito,neutro,1.0,alo
0:41,41,ratazanasulista,ratazanasulista,neutro,1.0,Eaeeeee baka
0:42,42,kise_ryota__,Kise_Ryota__,neutro,1.0,tá precisando de grana mesmo hein
0:44,44,cflc5,cflc5,neutro,1.0,Peidos
0:44,44,nushikou,nushikou,neutro,1.0,sé loko
0:45,45,vieira030,vieira030,neutro,1.0,receba desune
0:47,47,sumydaogg,sumydaogg,engraçado,1.0,primeiro
0:47,47,m4nnuz1,m4nnuz1,positivo,1.0,Boa noite
0:47,47,anainabsentia,anainabsentia,neutro,1.0,oieee
0:49,49,kthyosu,kthyosu,neutro,1.0,aoba
0:49,49,dmelosh,dmelosh,neutro,1.0,Aoba
0:51,51,breelays,breelays,confuso,1.0,baka voltou pro Japão?
0:54,54,tlguske,TLguske,engraçado,1.0,VAI CORINTHIANS
0:54,54,gsaimons,GSaimons,neutro,1.0,Eae baka
0:54,54,ddingo000,ddingo000,positivo,1.0,Boa tarde
0:55,55,dmelosh,dmelosh,positivo,1.0,Bom dia
0:59,59,smilinguizinho,Smilinguizinho,neutro,1.0,olá
0:59,59,morttusdornitska,morttusdornitska,negativo,1.0,quem é lixo sempre aparece
1:00,60,ddingo000,ddingo000,neutro,1.0,ddingo000 watched 3 consecutive streams and sparked a watch streak!
1:00,60,znagiii__,zNagiii__,neutro,1.0,lilica6Dance1 lilica6Dance1 lilica6Dance1
1:05,65,doists,doists,positivo,1.0,bom dia … sim tô no Japão
1:06,66,lanadka,Lanadka,neutro,1.0,LaLaLa
1:08,68,dvco,dvco,neutro,1.0,@breelays to desatualizado da lore também
1:09,69,hamtarocomunista,hamtarocomunista,neutro,1.0,Fala Baka!
1:11,71,krysagi,krysagi,neutro,1.0,bakagaLovebeco
1:13,73,liiaay01,liiaay01,positivo,1.0,Boa noiteee
1:16,76,r_lira28,r_lira28,confuso,1.0,Tá Liberado?? Tá liberado esgurmar??
1:16,76,anainabsentia,anainabsentia,confuso,1.0,Ainda no Japão ?
1:17,77,debbyznha,debbyznha,neutro,1.0,eba
1:19,79,kuzuri01_,kuzuri01_,positivo,1.0,Boa tarde comunidade nicho
1:19,79,nowaygabi,nowaygabi,neutro,1.0,Aoba
1:20,80,vinizinlm,vinizinlm,neutro,1.0,peida
1:26,86,pedepanomttriste,PeDePanoMtTriste,neutro,1.0,Aoba
1:26,86,palhaco7,palhaco7,neutro,1.0,Oi pipoca
1:27,87,ph_dsg,PH_dsg,engraçado,1.0,sommelier de beco mais querido de toda indústria
1:27,87,breelays,breelays,engraçado,0.5,@dvco triste
1:30,90,ratazanasulista,ratazanasulista,engraçado,1.0,Kappa
1:30,90,rofefps,Rofefps,neutro,1.0,Surra de bunsa
1:36,96,lanadka,Lanadka,neutro,1.0,QSMP2
1:37,97,silva_7a,silva_7a,neutro,1.0,DinoDance GoldPLZ CaitThinking
1:39,99,lzink0612,lzink0612,neutro,1.0,aoba
1:42,102,bakalovee,bakalovee,neutro,1.0,Opa
1:43,103,paullouuvercavalar,paullouuvercavalar,neutro,1.0,Baka gajin do canal baka gajin
1:43,103,tallythehawk,TallyTheHawk,positivo,1.0,bom dia
1:44,104,rafael44541l,rafael44541l,neutro,1.0,fala bb
1:46,106,senhorley,senhorley,neutro,1.0,Bundinha Baka TBAngel
1:49,109,kisekiih,kisekiih,neutro,1.0,@breelays Tá de visita uns dias
1:51,111,vieira030,vieira030,engraçado,0.5,essa é a categoria etcetera da Twitch?
1:51,111,palhaco7,palhaco7,neutro,1.0,EarnedIt
1:54,114,liiaay01,liiaay01,confuso,0.5,Cadê o passarinho do bom dia ?? TwitchConHYPE
1:58,118,rickppmpc,rickppmpc,positivo,1.0,Opa bom dia
2:03,123,dmelosh,dmelosh,neutro,1.0,Nessa temporada ele voltou pro Japão. No episódio retrasado tem um resumo pros desatualizados
2:09,129,leocb1000r,leocb1000r,engraçado,1.0,KomodoHype Kappu
2:09,129,wesleykolomar_br,wesleykolomar_br,confuso,1.0,oque um beco não faz com o cara.
2:14,134,pedepanomttriste,PeDePanoMtTriste,engraçado,1.0,Inda bem q abriu live no horário de gente hj
2:18,138,uhh_carol,uhh_carol,neutro,1.0,CO-ME-ÇO
2:22,142,morttusdornitska,morttusdornitska,negativo,1.0,morttusdornitska watched 3 consecutive streams and sparked a watch streak! quem é lixo sempre aparece né braga
2:25,145,carolinenaomii,CarolineNaomii,positivo,1.0,boa noitche
2:25,145,uhh_carol,uhh_carol,confuso,1.0,É td dia?
2:26,146,aizenr6ss,aizenr6ss,neutro,1.0,opa
2:28,148,phanthasmha,phanthasmha,confuso,1.0,Live 6 da manhã?
2:29,149,kaiqueie,kaiqueIE,positivo,1.0,Bom dia
2:35,155,victoriafemboyer,victoriafemboyer,engraçado,1.0,"Oi tô on, rsrs"
2:35,155,bananils0n_farofa,Bananils0n_farofa,neutro,1.0,Abre live na hora do jogo do Vascão ai não
2:41,161,wesleykolomar_br,wesleykolomar_br,confuso,1.0,wesleykolomar_br watched 3 consecutive streams and sparked a watch streak! cade meu garoto?
2:47,167,kazkazu,KazKazu,engraçado,0.5,É o tal do Baka Guy Jeans? LUL
2:49,169,kuzuri01_,kuzuri01_,positivo,0.5,Aonde vcs estão pra falar bom dia?
2:51,171,bananils0n_farofa,Bananils0n_farofa,neutro,1.0,Deixa o void hein
2:54,174,phanthasmha,phanthasmha,positivo,1.0,Bom dia pra quem nos quer bem
3:13,193,suddakka,suddakka,confuso,1.0,Matinê com punhetaço que delicia
3:17,197,phanthasmha,phanthasmha,engraçado,1.0,@kuzuri01_ lá é 6 da manhã
3:21,201,carolinenaomii,CarolineNaomii,positivo,1.0,bom dia e companhia
3:25,205,garibalds,garibalds,positivo,1.0,"bom dia pra quem é de boa noite, só aqui essa frase faz sentido"
3:25,205,uhh_carol,uhh_carol,neutro,1.0,"@Bananils0n_farofa Ta valendo mais ficar aq msm, freguês"
3:32,212,senhorley,senhorley,confuso,1.0,E a live dando aquele negócio que faz pum
3:35,215,victoriafemboyer,victoriafemboyer,neutro,1.0,Minha mão já tá coçando e ainda é setembro
3:38,218,indolentesemescrupulos,indolentesemescrupulos,inspirado,1.0,O homi ta inspirado pelo jeito
3:38,218,bisnaguito_san,bisnaguito_san,confuso,1.0,Porque o baka voltou pro Japil?
3:38,218,kuzuri01_,kuzuri01_,neutro,1.0,@phanthasmha Ata
3:38,218,agsatr,agsatr,confuso,1.0,Ele voltou a morar no Japão ou nd ver ?
3:39,219,julianosniperr,julianosniperr,neutro,1.0,voltou com tudo
3:51,231,vieira030,vieira030,confuso,1.0,Baka ta recuperando mana?
3:51,231,saintme0_0,saintme0_0,neutro,1.0,opa
4:00,240,pedepanomttriste,PeDePanoMtTriste,positivo,1.0,Quero mais é q o Vasco si fodase
4:00,240,botelhokunavara96,botelhoKunavara96,negativo,1.0,Flop
4:05,245,phanthasmha,phanthasmha,neutro,1.0,"@agsatr ta viajando só, tem que aproveitar pra máximo"
4:08,248,morttusdornitska,morttusdornitska,engraçado,0.5,"@victoriafemboyer que isso, setember não pode"
4:10,250,mantobr,MANTOBR,neutro,1.0,Opahhh
4:11,251,zinnzkkk,zinnzkkk,neutro,1.0,Sauvi
4:19,259,mantobr,MANTOBR,neutro,1.0,PewPewPew
4:22,262,lanadka,Lanadka,neutro,1.0,Lanadka watched 7 consecutive streams and sparked a watch streak! EarnedIt
4:23,263,victoriafemboyer,victoriafemboyer,engraçado,1.0,@morttusdornitska É só mudar a data no celular ksksksk
4:28,268,thrillerzs,thrillerzs,neutro,1.0,Volto a trabalho
4:30,270,pedepanomttriste,PeDePanoMtTriste,neutro,1.0,Voce voce voce pensa que o Flamengo é time
4:38,278,bananils0n_farofa,Bananils0n_farofa,positivo,1.0,"@uhh_carol tá valendo msm, mas eu gosto de sofrência 👍"
4:38,278,morttusdornitska,morttusdornitska,engraçado,1.0,@victoriafemboyer KKKKKKK
4:40,280,d4rkl0gan,d4rkl0gan,confuso,1.0,lançou sexo 2?
4:40,280,ryanvallenn,ryanvallenn,engraçado,1.0,abriu na hora do jogo do vascao
4:40,280,kise_ryota__,Kise_Ryota__,neutro,1.0,yoreMENGAO SEGUE O LÍDER yoreMENGAO
4:45,285,chdss_,chdss_,neutro,1.0,🫪
4:50,290,ronaldbarr,ronaldbarr,neutro,1.0,JAPAN
4:50,290,lanadka,Lanadka,engraçado,1.0,SnoWorries SnoWorries
5:02,302,lukenull,lukenull,engraçado,1.0,lukenull subscribed at Tier 1. They've subscribed for 7 months! bakagaAsianfrog
5:03,303,uhh_carol,uhh_carol,positivo,1.0,MENGO❤️🖤
5:07,307,phanthasmha,phanthasmha,neutro,1.0,@d4rkl0ganja ate saiu teaser 4 amigo
5:09,309,passarobllue,passarobllue,neutro,1.0,Cuida
5:11,311,gantz_ofc,gantz_ofc,neutro,1.0,bakagaJapabait
5:15,315,konartus,Konartus,confuso,1.0,Ja rolou o punhetaço ou tem que esperar a prefeitura dar o avaral?
5:18,318,manodexterplay,manodexterplay,neutro,1.0,NotLikeThis NotLikeThis
5:24,324,wesleykolomar_br,wesleykolomar_br,neutro,1.0,@Kise_Ryota__ vocês na frente e o Durão atrás
5:24,324,pedepanomttriste,PeDePanoMtTriste,neutro,1.0,Flamengo nao é time nao time é o Vasco da gama o Flamengo é seleção porraaaaa uma uma uma vez flamengo
5:26,326,muttanofc,MuttanOfc,engraçado,0.667,tá caindo da cama krl? 6h da manhã kkkkk
5:27,327,morttusdornitska,morttusdornitska,confuso,1.0,BRAGANÇA CADÊ VOCÊ???
5:27,327,imvitor7,ImVitor7,neutro,1.0,@Kise_Ryota__ o nojeira
5:32,332,mantobr,MANTOBR,engraçado,1.0,Fala gurizada
5:35,335,gantz_ofc,gantz_ofc,neutro,1.0,PopNemo
5:40,340,bananils0n_farofa,Bananils0n_farofa,neutro,1.0,O homem trabalha
5:41,341,mgabriel1000,mgabriel1000,neutro,1.0,peepoPls
5:42,342,victoriafemboyer,victoriafemboyer,neutro,1.0,@Konartus O Presidente tem que assinar pra poder ter punhetaço
5:47,347,calangomago,calangomago,positivo,1.0,"bom dia bom dia bom dia, bom dia pra quem nos quer bem"
5:47,347,herautuz,herautuz,neutro,1.0,HeyGuys
5:48,348,jay_tepes,Jay_Tepes,confuso,1.0,Live em Bangladesh quando?
5:51,351,kuzuri01_,kuzuri01_,neutro,1.0,KD o Braga
5:52,352,yeager227,yeager227,neutro,1.0,"Ele sai do Japão, mas o Japão não sai dele"
5:52,352,morttusdornitska,morttusdornitska,neutro,1.0,@konartus infelizmente a ordem tem que ser aprovada
5:54,354,r44ny,R44ny,positivo,1.0,HypeCheer HypeCheer HypeCheer
5:56,356,pedepanomttriste,PeDePanoMtTriste,neutro,1.0,De ordem baka maldição
5:57,357,dmelosh,dmelosh,confuso,1.0,Punhetaço hoje?
5:58,358,vieira030,vieira030,neutro,1.0,ele ta esperando dar 30 minutos de introducao pra dizer que fez 1 hora de live
6:04,364,lanadka,Lanadka,neutro,1.0,TheIlluminati
6:05,365,softwardog,softwardog,neutro,1.0,Tá muito tranquilo esse morro...
6:08,368,victoriafemboyer,victoriafemboyer,neutro,1.0,@yeager227 Os japoneses não saem dele*
6:13,373,bakalovee,bakalovee,neutro,1.0,BloodTrail
6:14,374,pedro_polegar,pedro_polegar,engraçado,1.0,Ah não o cara abriu live acabou meu dia
6:15,375,ryanvallenn,ryanvallenn,neutro,1.0,hoje tem que ter punhetaço
6:17,377,liiaay01,liiaay01,engraçado,1.0,@vieira030 KKKKKkk certeza
6:18,378,muttanofc,MuttanOfc,neutro,1.0,"@vieira030 sabe muito, é o especialista não tem como"
6:18,378,pedepanomttriste,PeDePanoMtTriste,neutro,1.0,Esperando o efeito do produto passar p nao da pala
6:22,382,morttusdornitska,morttusdornitska,engraçado,1.0,KKKKKKKKKKKKKKKKKKKKKKK
6:23,383,calangomago,calangomago,neutro,1.0,pedrada
6:25,385,apenasjg,apenasjg,confuso,1.0,?
6:25,385,uhh_carol,uhh_carol,neutro,1.0,Vai logo porra vou sair da live
6:25,385,liiaay01,liiaay01,engraçado,1.0,KKKKkkkk
6:26,386,lanadka,Lanadka,confuso,1.0,PRA QUE JOGAR BOLA NA MAVI??
6:27,387,alektrospirozy,Alektrospirozy,confuso,1.0,Que isso cara
6:27,387,dmelosh,dmelosh,engraçado,1.0,KKKKKKKK
6:28,388,thrillerzs,thrillerzs,neutro,1.0,Tem que mudar o punhetaço para a cada 1h30 de live
6:29,389,jay_tepes,Jay_Tepes,engraçado,1.0,Kkkkkkkkk
6:29,389,kuzuri01_,kuzuri01_,engraçado,1.0,Kkkkkkkkkkkkkkkk
6:30,390,bakalovee,bakalovee,neutro,1.0,ChillGirl
6:31,391,phanthasmha,phanthasmha,neutro,1.0,Ah não
6:31,391,aizenr6ss,aizenr6ss,neutro,1.0,GlitchCat
6:32,392,zkamykazez,zKAMYKAZEz,neutro,1.0,OPAAAAAAAAAAA
6:34,394,vieira030,vieira030,positivo,1.0,Goat
6:34,394,yokann_,Yokann_,engraçado,1.0,kkkkkkkkkkkkkkkkkkkkkkkkk
6:35,395,bananils0n_farofa,Bananils0n_farofa,neutro,1.0,DinoDance DinoDance
6:35,395,ismaelkkkkk,ismaelkkkkk,neutro,1.0,Aura
6:35,395,hachimura23,hachimura23,confuso,1.0,??????
6:35,395,cormac_tw,cormac_tw,engraçado,1.0,LUL LUL LUL
6:35,395,mikesyss,MikeSYSS,engraçado,1.0,Kkkkkkkkkkkkkk
6:36,396,debbyznha,debbyznha,neutro,1.0,perfeição
6:37,397,allancarllos,allancarllos,engraçado,1.0,cara kkkk
6:37,397,au_gustro,au_gustro,engraçado,1.0,kkkkkk
6:37,397,ronaldbarr,ronaldbarr,engraçado,1.0,KKKKKKKKK
6:38,398,uhh_carol,uhh_carol,neutro,1.0,ARROGANTIW
6:39,399,pedepanomttriste,PeDePanoMtTriste,neutro,1.0,Tocou o hino
6:41,401,morttusdornitska,morttusdornitska,engraçado,1.0,a não cara KKKKKKKKKKKKK
6:44,404,jay_tepes,Jay_Tepes,neutro,1.0,Pedrada absoluta
6:45,405,pedro_polegar,pedro_polegar,frustrado,1.0,Ainda bota essa merda ai pra lembrar dos nosso fracasso
6:48,408,celichippuzu,CeliChippuzu,positivo,0.5,SALVE GORDINHO FEIO BUCHECHUDO
6:48,408,lzink0612,lzink0612,engraçado,1.0,kkkk
6:48,408,nushikou,nushikou,engraçado,1.0,kkkkkkkkkkkkkkk
6:51,411,kegann999,Kegann999,neutro,1.0,cheguei a tempo
6:52,412,calangomago,calangomago,engraçado,1.0,"calangomago subscribed at Tier 1. They've subscribed for 49 months, currently on a 36 month streak! fui na onda desse perna longa de enfiar dobrado e me ferrei amigos"
6:53,413,victoriafemboyer,victoriafemboyer,neutro,1.0,"Pare, vou gosar"
6:53,413,lostcaco,LostCaco,neutro,1.0,aquecimento para o punhetaço
6:53,413,daikii_zzz,daikii_zzz,neutro,1.0,KAKAKAKKAKAKAKAKA
6:54,414,lanadka,Lanadka,neutro,1.0,ARROGANTHY
6:55,415,lzink0612,lzink0612,neutro,1.0,ai dentu
6:56,416,apenasjg,apenasjg,neutro,1.0,essa é peak
6:57,417,zkamykazez,zKAMYKAZEz,neutro,1.0,"DEPOIS DE 5 horas ouvindo MINISTRO DO STF, hora de relaxar"
6:58,418,willbits1,willbits1,engraçado,1.0,kkkkkkkkkkkk
6:58,418,vieira030,vieira030,neutro,1.0,woaahh
6:58,418,bakanadegasexuberantes,BakaNadegasExuberantes,neutro,1.0,baka vai trampa um pouco hj
6:58,418,kratoszxkun,KratosZxKun,engraçado,1.0,KKKKKKKKKKKKKKKK
7:00,420,dmelosh,dmelosh,positivo,0.5,Demando o passarinho do bom dia
7:01,421,uhh_carol,uhh_carol,neutro,1.0,VAIII8777
7:02,422,mrmichelerocha,mrmichelerocha,neutro,1.0,KAKAKAKKAKAKA
7:02,422,xenohfanes,xenohfanes,neutro,1.0,por isso começou a chover pra caralho aqui agr
7:02,422,d3veks,d3veks,positivo,1.0,bakagaPikagasm bakagaPikagasm
7:04,424,debbyznha,debbyznha,neutro,1.0,fala parça
7:06,426,jay_tepes,Jay_Tepes,neutro,1.0,DinoDance DinoDance
7:06,426,lanadka,Lanadka,neutro,1.0,A MI NO
7:07,427,pedro_polegar,pedro_polegar,neutro,1.0,Só depressão
7:10,430,lordbru2,lordbru2,neutro,1.0,PewPewPew
7:14,434,bob_zink,bob_zink,positivo,1.0,SALVE BALA
7:14,434,lukenull,lukenull,neutro,1.0,Jet Li
7:20,440,jojorafaela,jojorafaela,positivo,1.0,"Bom dia, bom dia"
7:26,446,daikii_zzz,daikii_zzz,engraçado,0.667,Que música genial kkkkkkk
7:26,446,ayanmelo,ayanmelo,positivo,1.0,"eae baka, eu sou o cara que te encontrou ontem quando tu tava saindo de um maid café ontem, bom te ver cara"
7:26,446,pedro_polegar,pedro_polegar,confuso,1.0,Povo que ta transando vendo live broxa na hora
7:27,447,uhh_carol,uhh_carol,neutro,1.0,Vai logo seu mini cacetinho
7:29,449,morttusdornitska,morttusdornitska,neutro,1.0,que decadência hein braga
7:30,450,manodexterplay,manodexterplay,neutro,1.0,CaitThinking CaitThinking
7:31,451,mun1zvictor,Mun1zVictor,neutro,1.0,Saaaaallveee
7:34,454,victoriafemboyer,victoriafemboyer,neutro,1.0,Morreu
7:35,455,lostcaco,LostCaco,engraçado,1.0,kkkkk
7:35,455,kise_ryota__,Kise_Ryota__,neutro,1.0,WWWWWWWWWWWWWWWWWWW
7:35,455,vieira030,vieira030,neutro,1.0,morto
7:35,455,thrillerzs,thrillerzs,neutro,1.0,Ala ele
7:35,455,paullouuvercavalar,paullouuvercavalar,engraçado,1.0,Kkkkkkkkkkkkkkkkkk
7:36,456,liiaay01,liiaay01,neutro,1.0,Morreu
7:36,456,bakalovee,bakalovee,engraçado,1.0,Kkkkkkkk
7:36,456,boggyneo,boggyneo,positivo,1.0,bom dia boa noi
7:36,456,morttusdornitska,morttusdornitska,neutro,1.0,NAOOOOO
7:38,458,lanadka,Lanadka,neutro,1.0,Depressão
7:38,458,vikariai_duke,vikariai_duke,neutro,1.0,F
7:38,458,calangomago,calangomago,engraçado,1.0,cheio de gracinha kkkkkkkk
7:38,458,jojorafaela,jojorafaela,neutro,1.0,"Iihhh, morreu"
7:38,458,kegann999,Kegann999,confuso,1.0,morreu? AEEEEEEEEEEEEEE
7:39,459,wesleykolomar_br,wesleykolomar_br,confuso,1.0,oxi mataram
7:39,459,nicolas89,Nicolas89,neutro,1.0,F
7:39,459,dards39,dards39,neutro,1.0,HOLY
7:40,460,carloslawbr,carloslawbr,confuso,1.0,???
7:40,460,tallythehawk,TallyTheHawk,engraçado,1.0,rip
7:40,460,bananils0n_farofa,Bananils0n_farofa,engraçado,1.0,KKKKKKKKKKK
7:41,461,kuzuri01_,kuzuri01_,engraçado,1.0,Kkkkkkkkkkkkkk
7:41,461,jay_tepes,Jay_Tepes,neutro,1.0,"Vish, virou cadáver"
7:41,461,alektrospirozy,Alektrospirozy,neutro,1.0,mamaram o baka...
7:41,461,thrillerzs,thrillerzs,neutro,1.0,Mendigo veio
7:41,461,henrioliveira100,henrioliveira100,neutro,1.0,Ixi
7:41,461,manodexterplay,manodexterplay,neutro,1.0,Foi merendado
7:41,461,kthyosu,kthyosu,neutro,1.0,quevisso
7:42,462,srramosx,srramosx,engraçado,1.0,RIP
7:42,462,suddakka,suddakka,neutro,1.0,morreu de punheta
7:43,463,carloslawbr,carloslawbr,neutro,1.0,contexto
7:43,463,pope_francis_clone1,pope_francis_clone1,neutro,1.0,EITA PORRA
7:43,463,mun1zvictor,Mun1zVictor,engraçado,0.667,Oxi kkkkkkkkkkkkkkkkkk
7:43,463,victoriafemboyer,victoriafemboyer,neutro,1.0,Ngm mandou beber
7:43,463,marryros098,marryros098,positivo,0.75,Boa noite ou melhor bom dia LUL LUL LUL
7:43,463,guilhermesl45,guilhermesl45,engraçado,0.667,Q isso kkkkkk
7:43,463,aizenr6ss,aizenr6ss,neutro,1.0,morreu
7:44,464,pedepanomttriste,PeDePanoMtTriste,neutro,1.0,fazendo gracinha e os krlh
7:44,464,zkamykazez,zKAMYKAZEz,engraçado,1.0,kkkkkkkkkkkkkkk
7:44,464,vieira030,vieira030,neutro,1.0,ta de troll
7:45,465,herautuz,herautuz,neutro,1.0,começou bem
7:45,465,morttusdornitska,morttusdornitska,neutro,1.0,AEEEEE
7:45,465,yokann_,Yokann_,confuso,1.0,oxi
7:46,466,kthyosu,kthyosu,neutro,1.0,MATARAO O BAKA
7:46,466,d3veks,d3veks,engraçado,1.0,lkkkkkk
7:47,467,caiopinto120887,caiopinto120887,engraçado,1.0,Kkkkkk
7:47,467,pulchram12,pulchram12,neutro,1.0,Foi tarde
7:47,467,princesinhodocrake3d,princesinhodocrake3d,neutro,1.0,Era questão de tempo
7:47,467,dmelosh,dmelosh,confuso,1.0,Virou emo!?!?!
7:47,467,morttusdornitska,morttusdornitska,neutro,1.0,morreu
7:47,467,kaiqueie,kaiqueIE,neutro,1.0,F
7:47,467,paullouuvercavalar,paullouuvercavalar,confuso,1.0,Alguem tem revivi ?
7:47,467,edu_go_pain,edu_go_pain,neutro,1.0,F
7:48,468,paulolhamaxd,PauloLhamaXD,neutro,1.0,baka é encontrado vivo e saudável no Japão
7:48,468,lucasxd2,lucasxd2,neutro,1.0,AEEEEE POHAAAA
7:48,468,wesleykolomar_br,wesleykolomar_br,neutro,1.0,finalmente
7:48,468,alerrandro0001,alerrandro0001,neutro,1.0,Oh lee
7:48,468,lostcaco,LostCaco,neutro,1.0,NPC
7:49,469,carloslawbr,carloslawbr,confuso,1.0,????
7:50,470,au_gustro,au_gustro,engraçado,1.0,rip ksks
7:50,470,erickhsn,erickhsn,neutro,1.0,o7
7:50,470,rip_shrek666,rip_shrek666,neutro,1.0,foi d f
7:51,471,uhh_carol,uhh_carol,confuso,1.0,ESTRUPARAMMMM???!
7:52,472,carloslawbr,carloslawbr,positivo,1.0,VAMOOOOOOOOO
7:52,472,morttusdornitska,morttusdornitska,neutro,1.0,FÉ RAPAZIADA
7:52,472,marcao0_0,marcao0_0,confuso,1.0,OXI KAKAKSKKSKKSKSKSKSKSKSKSKKSKSKSKS
7:52,472,luxnis_,luxnis_,neutro,1.0,carai
7:53,473,breikaa,breikaa,neutro,1.0,Me dava seu pc antes
7:53,473,lzink0612,lzink0612,neutro,1.0,mataro
7:53,473,hachimura23,hachimura23,neutro,1.0,Morreu
7:53,473,aizenr6ss,aizenr6ss,engraçado,1.0,kkkkkkkkkkkk zoera
7:54,474,lukenull,lukenull,engraçado,1.0,Kappa Kappa Kappa Kappa Kappa
7:54,474,liiaay01,liiaay01,neutro,1.0,Foi o pau batendo na cara
7:55,475,vieira030,vieira030,neutro,1.0,tira a mao do saco pra morrer
7:55,475,nushikou,nushikou,neutro,1.0,oxe
7:56,476,victoriafemboyer,victoriafemboyer,engraçado,1.0,Molestaram nosso loirinho
7:56,476,davidpblack,davidpblack,neutro,1.0,Tá vivo!!!
7:56,476,duckn_00,duckn_00,engraçado,0.5,duckn_00 subscribed with Prime. They've subscribed for 29 months! morreu antes de começar a live?
7:56,476,carloslawbr,carloslawbr,neutro,1.0,MORREU
7:56,476,boggyneo,boggyneo,neutro,1.0,nusssa
7:57,477,zkamykazez,zKAMYKAZEz,engraçado,1.0,Ta morando na rua kkkkkkkkkkk
7:57,477,wesleykolomar_br,wesleykolomar_br,frustrado,1.0,Ah não tá vivo ainda PQP
7:57,477,gozoomaconheirodoalem,GozooMaconheirodoAlem,neutro,1.0,Baka foi esquartejado
7:57,477,mun1zvictor,Mun1zVictor,engraçado,1.0,Tomou botakuri
7:57,477,pedro_polegar,pedro_polegar,frustrado,1.0,Afff ja ia comemorar
7:58,478,breelays,breelays,neutro,1.0,cordou o bebê
7:58,478,kuzuri01_,kuzuri01_,neutro,1.0,Finalmenteeeeeee
7:58,478,dards39,dards39,neutro,1.0,Com a mão no pau ainda
7:58,478,d4rkl0gan,d4rkl0gan,neutro,1.0,altamente punhetavel
7:58,478,bob_zink,bob_zink,neutro,1.0,morreu de extrassistoles
7:59,479,vinizinlm,vinizinlm,neutro,1.0,churrascou-se
7:59,479,bananils0n_farofa,Bananils0n_farofa,neutro,1.0,Que performático
7:59,479,celichippuzu,CeliChippuzu,engraçado,1.0,LLLKKKKKKKKKK
7:59,479,rimurunihil,rimurunihil,engraçado,0.667,Ué kkkk
7:59,479,le_carneiro,le_carneiro,neutro,1.0,F baka
7:59,479,lostcaco,LostCaco,neutro,1.0,SPAWNOU
8:00,480,jojorafaela,jojorafaela,engraçado,1.0,Ja começou morrendo kkkkkk
8:00,480,alerrandro0001,alerrandro0001,neutro,1.0,Vc já provou
8:00,480,jay_tepes,Jay_Tepes,frustrado,1.0,"Affs, nem pra morrer ele serve"
8:01,481,pedepanomttriste,PeDePanoMtTriste,neutro,1.0,No brasil ele num faz isso
8:01,481,manodexterplay,manodexterplay,neutro,1.0,Baka foi merendado
8:01,481,ryanvallenn,ryanvallenn,neutro,1.0,foi estudado
8:02,482,fibbs,フィブス,neutro,1.0,KonCha
8:02,482,xenohfanes,xenohfanes,engraçado,1.0,kkkkkkkkkkkkkkkkkkkk
8:02,482,princesinhodocrake3d,princesinhodocrake3d,inspirado,1.0,Continua andando em beco agora
8:03,483,thrillerzs,thrillerzs,engraçado,1.0,Cara esquisito po kkkk ta loko
8:04,484,marryros098,marryros098,neutro,1.0,Helooo
8:04,484,lordbru2,lordbru2,neutro,1.0,mds ksksskksskskskskksksksks
8:04,484,vikariai_duke,vikariai_duke,neutro,1.0,É muita comédia
8:04,484,toddpombas,toddpombas,neutro,1.0,enrrabaram o baka no beco
8:05,485,giovani6jogadoh,giovani6jogadoh,neutro,1.0,engraçadão
8:05,485,celichippuzu,CeliChippuzu,neutro,1.0,EAE BALA
8:05,485,luxnis_,luxnis_,neutro,1.0,acorda baiano fdp
8:05,485,ana_mand,ana_mand,neutro,1.0,Renasceu dos mortos
8:05,485,carloslawbr,carloslawbr,neutro,1.0,MORADOR DE RUA
8:05,485,uhh_carol,uhh_carol,engraçado,1.0,O BARRIGÃO
8:06,486,daikii_zzz,daikii_zzz,neutro,1.0,PXI KAKAKAKAKKAKA
8:06,486,ronaldbarr,ronaldbarr,neutro,1.0,CAINDO NA SARGETA
8:07,487,edu_go_pain,edu_go_pain,neutro,1.0,Spawnk
8:07,487,mrmichelerocha,mrmichelerocha,confuso,1.0,Como assim ????
8:07,487,alektrospirozy,Alektrospirozy,neutro,1.0,Oia se alguem pega esse cara fazendo essas coisa feia mano...
8:08,488,bananils0n_farofa,Bananils0n_farofa,confuso,1.0,Alguém clipa
8:08,488,marcao0_0,marcao0_0,neutro,1.0,Cara foi estuprado no beco e deixado ai
8:09,489,gsaimons,GSaimons,neutro,1.0,Ja começou em seu habitat natural
8:10,490,debbyznha,debbyznha,neutro,1.0,suave
8:10,490,erickhsn,erickhsn,confuso,1.0,ta de novo em shinjuku?
8:10,490,pulchram12,pulchram12,neutro,1.0,Precisava levantar não @bakagaijinlive
8:10,490,lukenull,lukenull,neutro,1.0,MILAGRE RESSUSCITOU
8:10,490,daikii_zzz,daikii_zzz,neutro,1.0,KKAAKKAKAKAKAKAKKAAKKAKAA
8:11,491,wesleykolomar_br,wesleykolomar_br,confuso,1.0,tá rouco?
8:11,491,leocb1000r,leocb1000r,neutro,1.0,EarnedIt
8:12,492,lanadka,Lanadka,engraçado,1.0,Kkkkkkkk
8:13,493,dvco,dvco,neutro,1.0,bÃO
8:13,493,breelays,breelays,neutro,1.0,fala pae
8:13,493,thrillerzs,thrillerzs,neutro,1.0,Mendigo Gaijin
8:13,493,passarobllue,passarobllue,positivo,1.0,Boa mano achei engraçado
8:14,494,victoriafemboyer,victoriafemboyer,neutro,1.0,Sugaram a aura dele
8:14,494,aizenr6ss,aizenr6ss,positivo,0.5,boa piada
8:14,494,yerbamatth,yerbamatth,neutro,1.0,qnd ce for morrer ce tira a mao do saco
8:14,494,guilhermesl45,guilhermesl45,positivo,1.0,Salve
8:14,494,morttusdornitska,morttusdornitska,engraçado,1.0,QUE BARRIGÃO HEIN
8:14,494,jojorafaela,jojorafaela,engraçado,1.0,Kkkkkkkkkkk ele caído no chão
8:15,495,manobrau789456,manobrau789456,neutro,1.0,Hoje tem beco
8:15,495,uhh_carol,uhh_carol,neutro,1.0,Q MIDOCRS
8:16,496,paullouuvercavalar,paullouuvercavalar,confuso,1.0,Usou revivi baka ?
8:16,496,pedepanomttriste,PeDePanoMtTriste,positivo,1.0,Bom dia
8:16,496,debbyznha,debbyznha,neutro,1.0,mendigo no Japão
8:16,496,pedro_polegar,pedro_polegar,engraçado,0.5,Filho da puta volta a morrer la não deu tempo de printar
8:19,499,wesleykolomar_br,wesleykolomar_br,engraçado,1.0,tá  com gripe
8:19,499,henrioliveira100,henrioliveira100,neutro,1.0,Derrubaram a lenda
8:19,499,chat_da_live,chat_da_live,neutro,1.0,iae becudo
8:20,500,lzink0612,lzink0612,neutro,1.0,sarve
8:21,501,rofefps,Rofefps,confuso,1.0,Ta liberado o punhetasso baka?
8:23,503,liiaay01,liiaay01,engraçado,1.0,Por isso demorou tanto KKKkkkk
8:25,505,jay_tepes,Jay_Tepes,engraçado,1.0,"Me falaram que teria live em Bangladesh, mentiram pra mim"
8:25,505,softwardog,softwardog,neutro,1.0,Se beber não case
8:25,505,mun1zvictor,Mun1zVictor,positivo,1.0,Mun1zVictor watched 15 consecutive streams and sparked a watch streak! ♥️
8:25,505,zkamykazez,zKAMYKAZEz,confuso,1.0,Esta precisando de um BOLSA FAMILIA ?
8:25,505,oleicam,oleicam,neutro,1.0,Um milagre 😭
8:26,506,giovani6jogadoh,giovani6jogadoh,confuso,1.0,tá de dia ai?
8:26,506,marryros098,marryros098,neutro,1.0,Não faz isso com a gente não ja ia chamar a polícia
8:26,506,daikii_zzz,daikii_zzz,neutro,1.0,EITA REVIVEU
8:26,506,igorsusini,igorsusini,neutro,1.0,Já começando no Beco. Aí sim
8:27,507,kaiqueie,kaiqueIE,engraçado,0.5,Como e voltar para borracharia? @bakagaijinlive
8:27,507,seubobao,seubobao,neutro,1.0,Vc podia ter ficado ali ate um japones chegar
8:29,509,debbyznha,debbyznha,frustrado,0.75,nem começou e já tá cansado PUTA QUE PARIU
8:29,509,carloslawbr,carloslawbr,neutro,1.0,FUMANTE
8:32,512,omatheosoo,oMatheosoo,confuso,1.0,ué voltou pro japao?
8:34,514,jojorafaela,jojorafaela,engraçado,1.0,Kkkkkkkk derrubaro ele
8:35,515,kise_ryota__,Kise_Ryota__,confuso,1.0,foi o filósofo do beco que te pegou ali?
8:35,515,willbits1,willbits1,positivo,1.0,Boa noite
8:36,516,erickhsn,erickhsn,neutro,1.0,ta
8:37,517,guilhermesl45,guilhermesl45,neutro,1.0,Acabou de acordar
8:40,520,daikii_zzz,daikii_zzz,neutro,1.0,KAKAKAKAKAK
8:41,521,pedepanomttriste,PeDePanoMtTriste,confuso,1.0,E essa voz ai ta com a pressão baixa?
8:41,521,fibbs,フィブス,engraçado,1.0,cara caiu da cama e abriu a live CaitThinking
8:41,521,morttusdornitska,morttusdornitska,neutro,1.0,nao
8:44,524,pontoporiablainvillei,pontoporiablainvillei,positivo,1.0,Boa noite Eduardo Braga
8:47,527,xenohfanes,xenohfanes,neutro,1.0,vítima do chupacu japones
8:52,532,jojorafaela,jojorafaela,engraçado,1.0,Kkkkkkkkk
8:53,533,pao_de_queijo666,Pao_De_Queijo666,neutro,1.0,esta sim acabou de invocar do djabo
8:55,535,abreu3000,Abreu3000,positivo,1.0,"vou perguntar pro meu cachorro, ele e bom no latim @BakaGaijinLive"
8:57,537,kuzuri01_,kuzuri01_,neutro,1.0,O chupa cu dos beco pegou ele
8:58,538,lulyth,Lulyth,neutro,1.0,meu cachorro fala latin
8:58,538,le_carneiro,le_carneiro,frustrado,1.0,@oMatheosoo Ele não tankou o Bostil
9:01,541,passarobllue,passarobllue,confuso,1.0,Voce ta assistindo o Lanternas?
9:03,543,kthyosu,kthyosu,neutro,1.0,extrassistoles
9:03,543,konartus,Konartus,neutro,1.0,Senta denovo calma aí
9:07,547,pontoporiablainvillei,pontoporiablainvillei,positivo,0.5,"Xuxu, melhorou do jetlag?"
9:07,547,jay_tepes,Jay_Tepes,confuso,1.0,Aí é sua casa né?
9:08,548,baka_denji,Baka_Denji,neutro,1.0,Aoba dudu baka
9:09,549,morttusdornitska,morttusdornitska,positivo,0.5,vítima do mapinguari japonês é foda
9:10,550,victoriafemboyer,victoriafemboyer,confuso,1.0,"Voz de homem, que isso?"
9:11,551,kegann999,Kegann999,neutro,1.0,pprt são 6:30
9:12,552,srramosx,srramosx,neutro,1.0,Isso aí é hipoglicemia.. eu sei bem como é
9:12,552,m0am_,m0am_,neutro,1.0,@BakaGaijinLive vou te ligar no facetime
9:12,552,lukenull,lukenull,neutro,1.0,6h da madrugada
9:12,552,aizenr6ss,aizenr6ss,engraçado,0.5,"baka o supremo tribunal eleitoral acabou de proibir punhet$ por oficio, e agora?"
9:14,554,lanadka,Lanadka,neutro,1.0,Arroganti
9:16,556,liiaay01,liiaay01,engraçado,1.0,Desnecessário
9:21,561,uhh_carol,uhh_carol,positivo,1.0,KAKKAKAKAKAKAKA GOSTOSO
9:25,565,thrillerzs,thrillerzs,neutro,1.0,Blogueiro
9:28,568,pedepanomttriste,PeDePanoMtTriste,neutro,1.0,Q cada pederasta
9:28,568,pedro_polegar,pedro_polegar,neutro,1.0,Mentiroso bebeu corote no masturBAR
9:29,569,morttusdornitska,morttusdornitska,confuso,1.0,másculo vc?
9:32,572,passarobllue,passarobllue,neutro,1.0,Ia chamar de vagabundo mas ai é 6 da manhã ne
9:32,572,rdcarmo,rdcarmo,positivo,0.5,rdcarmo subscribed with Prime. They've subscribed for 12 months! salve baka
9:33,573,koozzy,Koozzy,confuso,1.0,po tu voltou para osasco quando ?
9:35,575,guilhermesl45,guilhermesl45,neutro,1.0,Buft
9:36,576,julianosniperr,julianosniperr,neutro,1.0,Para de bater com meu pau na tua cara
9:37,577,debbyznha,debbyznha,neutro,1.0,quanta energia !
9:38,578,henrioliveira100,henrioliveira100,neutro,1.0,Slk
9:38,578,1clebio,1clebio,neutro,1.0,bota essas luvona ai
9:41,581,rodrigo__cm,rodrigo__cm,confuso,1.0,vai editar as lives pra postar no YouTube depois?
9:42,582,gsaimons,GSaimons,engraçado,1.0,Conforme passa o dia vai afinando kkkkk
9:45,585,viniciusoficial69,ViniciusOficial69,neutro,1.0,falam o msm do seu penis ne
9:45,585,marcelo_218,Marcelo_218,confuso,1.0,ué voltou para o Japão?
9:45,585,raianwz,RaianWZ,neutro,1.0,Ah então é isso
9:46,586,hakkaisuru,hakkaisuru,neutro,1.0,Auê
9:48,588,dalton_olivera,dalton_olivera,neutro,1.0,Velho acorda tarde
9:52,592,alektrospirozy,Alektrospirozy,confuso,1.0,Hoje escovou os dentes ou nada ave?
9:53,593,carolinenaomii,CarolineNaomii,confuso,1.0,vc voltou para ficar?
9:55,595,pedrones,Pedrones,positivo,1.0,Salve Salve
9:59,599,uhh_carol,uhh_carol,neutro,1.0,"Q nojo fdp, to comendo krl"
10:01,601,marcelzxc,marcelzxc,neutro,1.0,Fala porque voltou na moral
10:02,602,lutz70,Lutz70,neutro,1.0,Que saudade da sua voz seduzente Baka
10:02,602,pedrones,Pedrones,neutro,1.0,De volta a Terras asiáticas
10:03,603,lanadka,Lanadka,positivo,1.0,Manda salve pra todos
10:03,603,morttusdornitska,morttusdornitska,neutro,1.0,ta inchado
10:03,603,victoriafemboyer,victoriafemboyer,neutro,1.0,Ai credo
10:03,603,kise_ryota__,Kise_Ryota__,neutro,1.0,credo
10:04,604,bananils0n_farofa,Bananils0n_farofa,neutro,1.0,Caiu da cama
10:05,605,sayyshin,sayyshin,confuso,1.0,Cadê a Julinha ????????
10:06,606,igorsusini,igorsusini,neutro,1.0,Só o pó
10:07,607,marryros098,marryros098,neutro,1.0,Olha ele aiii
10:07,607,liiaay01,liiaay01,engraçado,1.0,KKKkkkkkkkkk
10:09,609,robkilaz,Robkilaz,confuso,1.0,Achou um portal pro Japão?
10:09,609,yuri_ferreir,yuri_ferreir,neutro,1.0,"Aaaaaaaaaaaaaaaaaaaaaaaaiiiiiiiin, vou gozar na boca"
10:10,610,uhh_carol,uhh_carol,neutro,1.0,NUNCA MAIS
10:10,610,ozonary,oZonary,neutro,1.0,Quanto tempo mds
10:11,611,aizenr6ss,aizenr6ss,positivo,1.0,"Xandão acabou proibir punhetasso no brasil, vamos para as ruas"
10:11,611,morttusdornitska,morttusdornitska,neutro,1.0,nojo
10:14,614,jay_tepes,Jay_Tepes,neutro,1.0,"Tá horroroso, continue assim"
10:14,614,uhh_carol,uhh_carol,neutro,1.0,FAZ USSO
10:15,615,pulchram12,pulchram12,neutro,1.0,pulchram12 watched 15 consecutive streams and sparked a watch streak! W
10:15,615,lostcaco,LostCaco,frustrado,1.0,não tankou o Bostil
10:16,616,m0am_,m0am_,confuso,1.0,@BakaGaijinLive pq vc quer ficar só 6 meses ai?
10:16,616,dougct,dougct,neutro,1.0,PAPADA
10:17,617,daikii_zzz,daikii_zzz,neutro,1.0,KAKAKAKAKAKAK
10:18,618,morttusdornitska,morttusdornitska,neutro,1.0,cabelo branco
10:18,618,thrillerzs,thrillerzs,engraçado,1.0,Franja grisalha
10:19,619,pedepanomttriste,PeDePanoMtTriste,neutro,1.0,Mt gata
10:20,620,victoriafemboyer,victoriafemboyer,neutro,1.0,Cresceu até cabelo branco
10:20,620,tyr0221,tyr0221,neutro,1.0,Emagreceu
10:20,620,passarobllue,passarobllue,neutro,1.0,NOSSA O CABELO MUITO BRANCO
10:22,622,kuzuri01_,kuzuri01_,neutro,1.0,Nunca mais faz isso
10:25,625,thristanxyz,thristanxyz,engraçado,1.0,kkkkkkkkkk n combina com essa carinha de femboy
10:25,625,luxnis_,luxnis_,confuso,1.0,ai é sorocaba?
10:25,625,morttusdornitska,morttusdornitska,neutro,1.0,só na gordura
10:26,626,igorsusini,igorsusini,engraçado,1.0,Greicin grisalhos
10:28,628,marryros098,marryros098,neutro,1.0,SeemsGood SeemsGood SeemsGood SeemsGood
10:29,629,paullouuvercavalar,paullouuvercavalar,confuso,1.0,Só faz rerun ?
10:29,629,ayanmelo,ayanmelo,neutro,1.0,não faça mais isto por gentileza
10:30,630,manobrau789456,manobrau789456,neutro,1.0,Becos da silva
10:37,637,pulchram12,pulchram12,confuso,1.0,Quarentão?
10:40,640,liiaay01,liiaay01,engraçado,1.0,vomitando kkkkkkkk
10:40,640,erickhsn,erickhsn,neutro,1.0,achei q era pra vomitar
10:41,641,kise_ryota__,Kise_Ryota__,engraçado,1.0,"não cospe, engole KappaPride"
10:41,641,pedro_polegar,pedro_polegar,neutro,1.0,"Abre um buteco chamado ""MasturBAR"" pra nois frequentar"
10:42,642,carolinenaomii,CarolineNaomii,neutro,1.0,tá a cara do professor snape
10:42,642,animalysson,animalysson,confuso,1.0,ta permitido ver a live depois de gozar ou so pode gozar depois da live?
10:45,645,luskata_,luskata_,neutro,1.0,nao po cuspi
10:45,645,leocb1000r,leocb1000r,neutro,1.0,Selva de pedra
10:48,648,jay_tepes,Jay_Tepes,neutro,1.0,Ele tá mijando pela boca
10:49,649,pedepanomttriste,PeDePanoMtTriste,neutro,1.0,O caba lançou o Squirtle
10:50,650,passarobllue,passarobllue,neutro,1.0,Cabelo branco do carai baka
10:51,651,dards39,dards39,neutro,1.0,"Não é cuspe não, ele se dividiu"
10:51,651,robkilaz,Robkilaz,neutro,1.0,Pra mim parece um cara de capa
10:54,654,lutz70,Lutz70,engraçado,1.0,Lutz70 subscribed with Prime.
10:57,657,o_rocc,o_rocc,engraçado,1.0,o_rocc subscribed with Prime.
11:01,661,lanadka,Lanadka,neutro,1.0,Nao gozee
11:02,662,celichippuzu,CeliChippuzu,confuso,1.0,Eu espero que caia Baka
11:05,665,useroldwine,useroldwine,engraçado,1.0,Kkkkk
11:05,665,xenohfanes,xenohfanes,confuso,1.0,@pedro_polegar tu mora no meu bairro fdp? tem um na minha esquina
11:06,666,mrdug,Mrdug,engraçado,1.0,Mrdug subscribed at Tier 1. They've subscribed for 44 months! sim
11:07,667,hakkaisuru,hakkaisuru,confuso,1.0,Então é esse o Ghost face da Bienal?
11:07,667,liiaay01,liiaay01,neutro,1.0,Entraaa em alguma porta
11:08,668,satesagatha,satesagatha,positivo,1.0,Bom dia
11:08,668,uhh_carol,uhh_carol,engraçado,1.0,KKKKK
11:09,669,pedepanomttriste,PeDePanoMtTriste,neutro,1.0,Pode fazer nada sexual nesse beco
11:11,671,pedro_polegar,pedro_polegar,confuso,1.0,Posso pegar nos seus peito rapidin?
11:18,678,peluciacensurada,PeluciaCensurada,positivo,1.0,Oi lindo
11:21,681,carolinenaomii,CarolineNaomii,positivo,1.0,Cheer1
11:23,683,celichippuzu,CeliChippuzu,confuso,1.0,"E nos seus peitinhos gordos bakinha, eu posso pegar?"
11:23,683,m0am_,m0am_,confuso,1.0,@BakaGaijinLive essa mota é 1000 cilindradas?
11:27,687,passarobllue,passarobllue,neutro,1.0,Baka mija nesse beco ai
11:30,690,lanadka,Lanadka,neutro,1.0,Xingou nois tudo
11:32,692,victoriafemboyer,victoriafemboyer,confuso,1.0,"Gosta de ficar molhadinho, Baka?"
11:33,693,allancarllos,allancarllos,neutro,1.0,ta acordando cedo pa carai em
11:35,695,lc_felipe,lc_felipe,neutro,1.0,"beco fazendo live de baka, não creio"
11:36,696,zkamykazez,zKAMYKAZEz,neutro,1.0,Aperta campainha da casa da JulinhaToys e sai correndo
11:37,697,igorsusini,igorsusini,neutro,1.0,Sobe aí Baka
11:43,703,igorsusini,igorsusini,neutro,1.0,Como nos velhos tempos
11:44,704,pedro_polegar,pedro_polegar,positivo,1.0,Baka eu tenho fetiche no seu cutuvelo amostra ai pra mim por favo
11:44,704,danielrsrsrs,danielrsrsrs,neutro,1.0,Assinei o sub para a live de vez em nunca
11:46,706,pedepanomttriste,PeDePanoMtTriste,confuso,1.0,Coisa nossa?
11:48,708,liiaay01,liiaay01,engraçado,1.0,Sobe lá kkkkkk
11:49,709,kise_ryota__,Kise_Ryota__,engraçado,1.0,update na matrix
11:55,715,ozonary,oZonary,neutro,1.0,liberdade linda come sempre
11:55,715,kuzuri01_,kuzuri01_,engraçado,1.0,Renderizou agora
11:57,717,josephh_zz,josephh_zz,confuso,1.0,"Fala baka, como vai fazer pra votar dai do Japão?"
11:59,719,mgabriel1000,mgabriel1000,neutro,1.0,agora que reparei.... 6 43... DA MANHÃ la
12:01,721,passarobllue,passarobllue,confuso,1.0,Baka voce anda com faca nesses beco?
12:02,722,r_lira28,r_lira28,neutro,1.0,tão invadindo o beco :(
12:12,732,ribossomo_,Ribossomo_,confuso,1.0,aki rabo?
12:17,737,guiispray,GuiiSpray,neutro,1.0,Baka nunca mais falou sobre o sexo 2
12:19,739,hakkaisuru,hakkaisuru,confuso,1.0,Desinstalou a DLC do predio?
12:20,740,pedepanomttriste,PeDePanoMtTriste,engraçado,1.0,E a live a Julynha ce fez fora do horário né fi
12:20,740,pandorapan_,PandoraPan_,confuso,1.0,Aqui raba?
12:20,740,gastby15,gastby15,confuso,1.0,Voltou pro Japão?
12:21,741,allancarllos,allancarllos,neutro,1.0,aqui raba
12:26,746,wesleykolomar_br,wesleykolomar_br,neutro,1.0,0 delay ó
12:30,750,victoriafemboyer,victoriafemboyer,confuso,1.0,"Não vejo nenhum NPC aí, será que tá em loading?"
12:41,761,ozonary,oZonary,neutro,1.0,@gastby15 Liberdade sp
12:43,763,jay_tepes,Jay_Tepes,confuso,1.0,Live em Piracicaba nunca?
12:44,764,liiaay01,liiaay01,engraçado,0.5,Tristeza
12:48,768,mariposa_alada,Mariposa_Alada,positivo,1.0,Boa noite chat e bom dia apenas para o baka
12:51,771,333_liam,333_liam,neutro,1.0,Por sua causa
12:53,773,robkilaz,Robkilaz,neutro,1.0,"""Virei a esquerda"" e aponta pra direita, entendi"
12:55,775,pedro_polegar,pedro_polegar,neutro,1.0,Culpa sua
12:56,776,morttusdornitska,morttusdornitska,engraçado,1.0,@victoriafemboyer ta renderizando ainda
12:56,776,kuzuri01_,kuzuri01_,neutro,1.0,Demoliru
12:58,778,bakalovers,bakalovers,positivo,0.5,"Cheer1 Baka, seja honesto conosco. Vc está falido? 3 lives no mesmo ano?"
13:00,780,druigy_,druigy_,neutro,1.0,oioi
13:00,780,seubobao,seubobao,neutro,1.0,Foi godzilla
13:03,783,jpgamer_play,jpgamer_play,confuso,1.0,Vai ter punhetaço hj baka ?
13:05,785,josephh_zz,josephh_zz,neutro,1.0,Quem vacila toma dormindo
13:07,787,debbyznha,debbyznha,neutro,1.0,a realidade eh uma ilusão msm
13:10,790,pedroljn99,pedroljn99,confuso,1.0,voltou pro Japão ou só de rolê?
13:10,790,pedepanomttriste,PeDePanoMtTriste,neutro,1.0,Fazendo de tudo p vc nao voltar pra ai
13:11,791,astakoda,AstaKoda,confuso,1.0,Onde no Brasil é isso?
13:11,791,lukenull,lukenull,neutro,1.0,Sem o seu cu sentimento
13:14,794,animol,AnImoL,neutro,1.0,julynhCry
13:14,794,dards39,dards39,neutro,1.0,"Japonês é rapido até nisso, imagina na cama"
13:15,795,lc_felipe,lc_felipe,neutro,1.0,demon little o predio
13:16,796,paullouuvercavalar,paullouuvercavalar,confuso,1.0,Rerun ? É rerun ?
13:18,798,pedro_polegar,pedro_polegar,neutro,1.0,O cara chega no lugar e trás destruição
13:20,800,debbyznha,debbyznha,neutro,1.0,Japão com o msm clima de sp
13:22,802,arki_core1,arki_core1,neutro,1.0,e a 3° live no japão do baka e tem gente perguntando se ele ta no japão
13:23,803,thrillerzs,thrillerzs,neutro,1.0,Abre a bordela do bum
13:27,807,cereja55,Cereja55,neutro,1.0,@AstaKoda ele n ta no brasil neh
13:28,808,r_lira28,r_lira28,neutro,1.0,"Isso, fique todo molhadinho Baka"
13:29,809,dmelosh,dmelosh,confuso,1.0,Vai ficar molhadinho?
13:30,810,caiopinto120887,caiopinto120887,neutro,1.0,Tiraram o prédio pra arrumar erro de textura
13:30,810,zkamykazez,zKAMYKAZEz,confuso,1.0,Você precisa de uma doação ?
13:31,811,lanadka,Lanadka,neutro,1.0,Ta certo
13:31,811,wesleykolomar_br,wesleykolomar_br,neutro,1.0,bela roupa mudou muito
13:34,814,rofefps,Rofefps,confuso,1.0,Vc ta em Fortaleza baka?
13:37,817,corvo__feroz,Corvo__Feroz,positivo,1.0,Cheer1 Cheer1 Cheer1 Cheer1 Cheer1
13:40,820,cereja55,Cereja55,positivo,1.0,boa noite aqui bakaa
13:40,820,passarobllue,passarobllue,neutro,1.0,"Live na quarta, ta desempregado baka"
13:40,820,hakkaisuru,hakkaisuru,neutro,1.0,Eles assistem anúncio pra pular o tempo da demolição
13:41,821,victoriafemboyer,victoriafemboyer,confuso,1.0,Esse lugar aí é Sorocaba?
13:41,821,sunset__32,sunset__32,neutro,1.0,"@paullouuvercavalar sim, ele ta no br né, óbvio q é rerun"
13:42,822,thristanxyz,thristanxyz,engraçado,1.0,E RERUN RAPAZE KKKK
13:42,822,minervaplays1800,minervaplays1800,neutro,1.0,Carai que carro branco é esse
13:45,825,carolinenaomii,CarolineNaomii,confuso,1.0,ele voltou para ficar?
13:46,826,lostcaco,LostCaco,engraçado,1.0,"""não vo tá me submetendo"" kkkk"
13:47,827,thristanxyz,thristanxyz,neutro,1.0,BAKA PROVA QUE NAO RERUN
13:47,827,astakoda,AstaKoda,neutro,1.0,@Cereja55 Parece São Paulo
13:47,827,morttusdornitska,morttusdornitska,neutro,1.0,essa roupa deve ta fedendo ja
13:48,828,pedepanomttriste,PeDePanoMtTriste,neutro,1.0,Desumildade
13:49,829,pedroljn99,pedroljn99,confuso,1.0,isso é em Salvador Baka?
13:51,831,allancarllos,allancarllos,neutro,1.0,belas carangas de tiozao
13:52,832,psbm86,psbm86,engraçado,1.0,Fala andarilho
13:53,833,pulchram12,pulchram12,neutro,1.0,@CarolineNaomii Não
13:57,837,celichippuzu,CeliChippuzu,engraçado,0.667,"Bala você já falou zoeira 5 vezes nessa stream, você poderia parar?"
13:58,838,bakalovers,bakalovers,positivo,0.333,Cheer1 já pensou em voltar a trabalhar uns 6 meses no Japão só pra conseguir terminar o livro pós horário do trabalho?
14:02,842,daikii_zzz,daikii_zzz,neutro,1.0,Aham
14:02,842,joaosenhor,joaosenhor,neutro,1.0,"@bakagaijinlive vai fazer live na thailandia, ia ser legal"
14:06,846,gastby15,gastby15,neutro,1.0,O
14:06,846,allancarllos,allancarllos,neutro,1.0,@CarolineNaomii ta so passeando
14:08,848,liiaay01,liiaay01,engraçado,1.0,KKKKKKKKKK
14:09,849,mariposa_alada,Mariposa_Alada,neutro,1.0,@jpgamer_play Se a gente bolar direitinho da pra fazer um bem boladão
14:10,850,cereja55,Cereja55,engraçado,0.5,@thristanxyz é serio?
14:10,850,freddy_bear098,Freddy_Bear098,confuso,1.0,cade os graus da live?
14:11,851,minervaplays1800,minervaplays1800,neutro,1.0,Mostra esse carro atrás de vc dog
14:13,853,donidev_,DoniDev_,neutro,1.0,deu conta de ficar em sp não
14:13,853,jay_tepes,Jay_Tepes,positivo,0.5,"Fecha a live, não gostei dessa rua"
14:17,857,morttusdornitska,morttusdornitska,neutro,1.0,profundo
14:17,857,ozonary,oZonary,neutro,1.0,"@CarolineNaomii sim, ficar de 4"
14:18,858,gastby15,gastby15,neutro,1.0,Prefiro senhor dos anéis
14:19,859,pedepanomttriste,PeDePanoMtTriste,positivo,1.0,Bom p krlh
14:23,863,jusnexd,JusneXD,engraçado,0.5,voltou ou ta so brincando ai?
14:28,868,yato_ws,Yato_ws,positivo,0.5,"salve baka, cheguei tarde pro punhetaço?"
14:31,871,luazinha_silva,luazinha_silva,neutro,1.0,Opa amigo
14:31,871,josephh_zz,josephh_zz,neutro,1.0,Abre pra galera
14:34,874,carolinenaomii,CarolineNaomii,neutro,1.0,"@pulchram12 Oies, que penas 🪶 🪶"
14:34,874,pedro_polegar,pedro_polegar,neutro,1.0,O cara conseguiu fazer chover no Brasil e no Japão ao mesmo tempo é um demônio mesmo
14:37,877,lobobig,LoboBig,neutro,1.0,LoboBig watched 3 consecutive streams and sparked a watch streak!
14:38,878,guuiilhhbr,guuiilhhbr,confuso,1.0,ele ta no japao denovo ou so passeiando?
14:39,879,bichopiruleta5mil,bichopiruleta5mil,neutro,1.0,tá a onde pai
14:40,880,xenohfanes,xenohfanes,neutro,1.0,lado de fora
14:42,882,pedrocas2001,pedrocas2001,neutro,1.0,bebe
14:42,882,allancarllos,allancarllos,neutro,1.0,ym
14:43,883,jose_lucas249,jose_lucas249,neutro,1.0,"Bala, prova que você não tá no Minecraft com dlss 5"
14:43,883,pedepanomttriste,PeDePanoMtTriste,neutro,1.0,Por essas e outras q ele nao lê nois no meio do povo
14:44,884,erickhsn,erickhsn,confuso,1.0,sede de conteudo?
14:47,887,mariposa_alada,Mariposa_Alada,neutro,1.0,Bebe leitinho então
14:47,887,m0am_,m0am_,neutro,1.0,@BakaGaijinLive eu vejo hentai
14:47,887,psbm86,psbm86,neutro,1.0,Chuta um mendigo
14:49,889,astakoda,AstaKoda,confuso,1.0,@Cereja55 Acho que é SP mesmo
14:49,889,lostcaco,LostCaco,confuso,1.0,sede de que?
14:49,889,allancarllos,allancarllos,neutro,1.0,um nine eleven!!!!
14:49,889,victoriafemboyer,victoriafemboyer,confuso,1.0,"Tá com sede? Abre a boquinha, só um min."
14:50,890,daikii_zzz,daikii_zzz,neutro,1.0,Foi ontem
14:51,891,yuri_ferreir,yuri_ferreir,confuso,1.0,Gosta que te botem de lado?
14:53,893,carolinenaomii,CarolineNaomii,neutro,1.0,@oZonary oiesss
14:54,894,kuzuri01_,kuzuri01_,neutro,1.0,Sede de dinheiro
14:59,899,cereja55,Cereja55,engraçado,1.0,@LostCaco kkkkkkkkk é nada
15:00,900,marryros098,marryros098,neutro,1.0,Baka estou no meu curso não poderei assistir toda live BigSad BigSad BigSad BigSad BigSad BigSad
15:01,901,ozonary,oZonary,neutro,1.0,@guuiilhhbr ta no Japao e passeando
15:03,903,robkilaz,Robkilaz,neutro,1.0,Mina de guarda-chuva aberto num local coberto...
15:03,903,morttusdornitska,morttusdornitska,neutro,1.0,@guuiilhhbr apenas passarelando
15:03,903,paullouuvercavalar,paullouuvercavalar,confuso,1.0,Rerun baka ?
15:05,905,danielshownacena,DanielShowNaCena,confuso,1.0,pq tem um pou no chao?
15:05,905,cereja55,Cereja55,engraçado,1.0,@AstaKoda é nada kkkkk
15:06,906,yato_ws,Yato_ws,neutro,1.0,oloco japinha ali tchutchuca
15:07,907,wesleykolomar_br,wesleykolomar_br,engraçado,1.0,aqui choveu muito no interior de sp
15:07,907,druigy_,druigy_,neutro,1.0,"ja assisti 10 minutos da live, pode fechar"
15:14,914,pedepanomttriste,PeDePanoMtTriste,neutro,1.0,Seguiu você
15:17,917,josephh_zz,josephh_zz,neutro,1.0,Avatar
15:18,918,pedro_polegar,pedro_polegar,neutro,1.0,Ô demônio minha roupa tava no varal
15:18,918,eliieot,ElIieot,positivo,1.0,É outra instancia do mesmo server... ai é foda
15:19,919,gabyuiii,gabyuiii,confuso,1.0,Baka vc é o responsável pela fundação cacique cobra coral?
15:20,920,caiopinto120887,caiopinto120887,neutro,1.0,Clima de tesão
15:22,922,morttusdornitska,morttusdornitska,neutro,1.0,ta fácil
15:28,928,pedroljn99,pedroljn99,engraçado,1.0,punhetaço as 23h em homenagem a Baka voltar às origens
15:29,929,liiaay01,liiaay01,neutro,1.0,vida difícil
15:30,930,maikon7501,maikon7501,neutro,1.0,Manda a chuva para cá
15:31,931,julianosniperr,julianosniperr,neutro,1.0,18:47
15:32,932,passarobllue,passarobllue,positivo,1.0,Ficar com cuperfeito
15:32,932,daikii_zzz,daikii_zzz,neutro,1.0,18:47
15:33,933,cereja55,Cereja55,neutro,1.0,gostava de ir a tokyo mas caro para crl
15:34,934,pontoporiablainvillei,pontoporiablainvillei,neutro,1.0,Para de arrotar seu porco
15:34,934,allancarllos,allancarllos,neutro,1.0,o cara vai pro japao pra fazer Cooper tomanocu
15:35,935,mariposa_alada,Mariposa_Alada,neutro,1.0,tomanoku
15:41,941,lukenull,lukenull,positivo,1.0,É importante ter o cuperfeito
15:42,942,victoriafemboyer,victoriafemboyer,confuso,1.0,São Paulo é assim tbm?
15:44,944,pedepanomttriste,PeDePanoMtTriste,neutro,1.0,Parecendo são paulo
15:45,945,dalton_olivera,dalton_olivera,neutro,1.0,Aqui já tá de noite
15:50,950,senhorley,senhorley,neutro,1.0,Essas ideias erradas de trabalhar NotLikeThis
15:51,951,morttusdornitska,morttusdornitska,neutro,1.0,fecha a live
15:54,954,gastby15,gastby15,confuso,1.0,Voltou pro Japão  pro punhetaço 3?
15:58,958,akarolzita,akarolzita,confuso,1.0,isso é na Bahia?
15:58,958,kise_ryota__,Kise_Ryota__,confuso,1.0,não quero me melhar
15:59,959,liiaay01,liiaay01,neutro,1.0,Abre bakw
15:59,959,pandorapan_,PandoraPan_,neutro,1.0,Parecendo sp só que mais limpa
16:00,960,wesleykolomar_br,wesleykolomar_br,neutro,1.0,não guarda a chuva o mundo precisa dela
16:01,961,mrpeanutel,mrpeanutel,neutro,1.0,Aqui ta chovendo papo d dia D
16:05,965,gustavin_7x,gustavin_7x,neutro,1.0,nike
16:07,967,pulchram12,pulchram12,neutro,1.0,6 e ônibus
16:08,968,cereja55,Cereja55,confuso,1.0,tu ja foi na massagem feliz ai?
16:08,968,victoriafemboyer,victoriafemboyer,neutro,1.0,Cheio de nordestino aí
16:09,969,ayanmelo,ayanmelo,neutro,1.0,guardas da nike
16:11,971,m0am_,m0am_,neutro,1.0,@BakaGaijinLive preciso falar contigo sobre a cirurgia
16:11,971,mariposa_alada,Mariposa_Alada,neutro,1.0,Abre o guardas ou vai ficar todo molhadinho
16:11,971,joaosenhor,joaosenhor,confuso,1.0,@bakagaijinlive você tem algum amigo japonês?
16:13,973,gabyuiii,gabyuiii,neutro,1.0,A liberdade está diferente
16:13,973,julianosniperr,julianosniperr,neutro,1.0,!clima
16:14,974,nightbot,Nightbot,neutro,1.0,Agora em Tokyo tá 72F (22C)
16:14,974,matheusr23,matheusr23,engraçado,1.0,Kkkkkk
16:14,974,xurig,xurig,neutro,1.0,pra mim é 18 e 48 na verdade
16:16,976,carloslawbr,carloslawbr,neutro,1.0,olha o veio
16:16,976,morttusdornitska,morttusdornitska,confuso,1.0,e o pipiu? ta molhado?
16:18,978,kise_ryota__,Kise_Ryota__,neutro,1.0,ojiisan em forma
16:19,979,josephh_zz,josephh_zz,neutro,1.0,O sujo falando do mal lavado
16:19,979,lukyarte,Lukyarte,engraçado,1.0,kkkkkkkkkkkkkkkkkkkk
16:20,980,carloslawbr,carloslawbr,neutro,1.0,corre mais que vc
16:26,986,vinisoaress_,vinisoaress_,neutro,1.0,imagina o cara é portugues
16:29,989,aizenr6ss,aizenr6ss,neutro,1.0,japao ta precisando de tudo menos de velho zoeeera
16:30,990,lanadka,Lanadka,confuso,1.0,Que hrs são ai?
16:30,990,gustavin_7x,gustavin_7x,neutro,1.0,umbrela da nike kk
16:32,992,lmprods776,lmprods776,neutro,1.0,lmprods776 watched 3 consecutive streams and sparked a watch streak! evento com clima de chuva
16:32,992,victoriafemboyer,victoriafemboyer,engraçado,0.5,Teu cabelo mais grisalho que o do véio
16:34,994,jose_lucas249,jose_lucas249,neutro,1.0,"Baka, prova que você não está no roblox com dlss 5"
16:35,995,todyyn69,todyyn69,neutro,1.0,"Aí sim, live todo dia 🌚"
16:37,997,dmelosh,dmelosh,engraçado,1.0,Kkkkkk
16:39,999,kegann999,Kegann999,neutro,1.0,musicão
16:39,999,otokotm,otokotm,engraçado,0.667,Bom dia cheguei bem já kkkk
16:39,999,mariposa_alada,Mariposa_Alada,neutro,1.0,Vibe demais
16:40,1000,liiaay01,liiaay01,engraçado,0.667,Música muito boa OK KKKKKKKKK
16:41,1001,nerbbra,nerbbra,confuso,1.0,fluzão passa hoje baka?
16:41,1001,psbm86,psbm86,neutro,1.0,Tu tá louco pra da uma mamada
16:42,1002,lukyarte,Lukyarte,engraçado,1.0,@vinisoaress_ seria do krl
16:42,1002,cereja55,Cereja55,neutro,1.0,da nikee ainda por cima
16:45,1005,stedorockk,stedorockk,confuso,1.0,pq ta de dia?
16:45,1005,morttusdornitska,morttusdornitska,neutro,1.0,mexe ne
16:45,1005,allancarllos,allancarllos,confuso,1.0,quando sai mais musicas tua?
16:46,1006,carloslawbr,carloslawbr,confuso,1.0,vai ficar por ai agora?
16:47,1007,pedepanomttriste,PeDePanoMtTriste,inspirado,1.0,Eu fico emotivo tb
16:49,1009,carloslawbr,carloslawbr,confuso,1.0,ou vai voltar?
16:52,1012,senhorley,senhorley,neutro,1.0,Saudades do moreno né baka
16:54,1014,carloslawbr,carloslawbr,neutro,1.0,f
16:55,1015,cereja55,Cereja55,neutro,1.0,F peixe
16:55,1015,pulchram12,pulchram12,neutro,1.0,F
16:56,1016,ribossomo_,Ribossomo_,neutro,1.0,BAGRE
16:57,1017,liiaay01,liiaay01,neutro,1.0,Tá dormindo
16:58,1018,mariposa_alada,Mariposa_Alada,neutro,1.0,um baia cu
16:59,1019,psbm86,psbm86,neutro,1.0,Paku
16:59,1019,carloslawbr,carloslawbr,neutro,1.0,Peixe morto
16:59,1019,cormac_tw,cormac_tw,neutro,1.0,f
16:59,1019,lostcaco,LostCaco,neutro,1.0,pirarucu
17:00,1020,jusnexd,JusneXD,neutro,1.0,peixe-zumbi
17:00,1020,kegann999,Kegann999,neutro,1.0,tucunaré
17:00,1020,wesleykolomar_br,wesleykolomar_br,neutro,1.0,é um peixe da raça peixe
17:01,1021,tobias_virgilio,tobias_virgilio,neutro,1.0,bagre
17:02,1022,gabyuiii,gabyuiii,neutro,1.0,Fugu
17:02,1022,st0rmrid3r,st0rmrid3r,neutro,1.0,piranocu
17:02,1022,luxnis_,luxnis_,neutro,1.0,come
17:02,1022,liiaay01,liiaay01,neutro,1.0,É jacaré
17:02,1022,passarobllue,passarobllue,neutro,1.0,Pacu
17:03,1023,josephh_zz,josephh_zz,neutro,1.0,Pirarocu
17:03,1023,ayanmelo,ayanmelo,neutro,1.0,pirateucu
17:03,1023,paullouuvercavalar,paullouuvercavalar,neutro,1.0,Piranomeucu
17:03,1023,morttusdornitska,morttusdornitska,neutro,1.0,F bagre
17:03,1023,m0am_,m0am_,neutro,1.0,@BakaGaijinLive pirarara
17:03,1023,maikon7501,maikon7501,neutro,1.0,F
17:04,1024,pedepanomttriste,PeDePanoMtTriste,neutro,1.0,Voce no começo da live ai
17:04,1024,nerbbra,nerbbra,neutro,1.0,se passa é decoração
17:06,1026,allancarllos,allancarllos,neutro,1.0,é peixe
17:06,1026,julianosniperr,julianosniperr,neutro,1.0,Pirarucu
17:07,1027,kuzuri01_,kuzuri01_,engraçado,1.0,Aquário POST mortem
17:07,1027,igorluisk2,igorluisk2,neutro,1.0,Tambaqui
17:07,1027,lanadka,Lanadka,neutro,1.0,Pirarucu
17:07,1027,konartus,Konartus,neutro,1.0,Baiacu
17:07,1027,rnaaaaaaa,rnaaaaaaa,neutro,1.0,"Peixe de àgua, espero ter ajudado"
17:08,1028,r_lira28,r_lira28,neutro,1.0,Pirarucu
17:08,1028,rapha_lee,rapha_lee,neutro,1.0,peixe 6
17:09,1029,kyoranniee,kyoranniee,neutro,1.0,é um pirarucu
17:09,1029,kthyosu,kthyosu,neutro,1.0,rato
17:10,1030,lostcaco,LostCaco,neutro,1.0,picanuku
17:10,1030,koozzy,Koozzy,neutro,1.0,um peixe japones
17:10,1030,by_iloki,by_iloki,neutro,1.0,é um tilambucano
17:11,1031,mariposa_alada,Mariposa_Alada,neutro,1.0,BAIA CU
17:11,1031,astakoda,AstaKoda,neutro,1.0,@Cereja55 Ele tá só dormindo
17:11,1031,cereja55,Cereja55,neutro,1.0,peixe baka
17:11,1031,corvo__feroz,Corvo__Feroz,neutro,1.0,E o pacu
17:11,1031,caiopinto120887,caiopinto120887,neutro,1.0,Australopithecus
17:11,1031,aizenr6ss,aizenr6ss,neutro,1.0,cuidado ele ta encarando vc
17:12,1032,stedorockk,stedorockk,confuso,1.0,peixe da raça boqueteiro
17:12,1032,astragls95,astragls95,neutro,1.0,papacu da cabeça roxa
17:12,1032,jay_tepes,Jay_Tepes,neutro,1.0,Pirarucu
17:12,1032,kise_ryota__,Kise_Ryota__,neutro,1.0,o morto é que nem eu
17:13,1033,peluciacensurada,PeluciaCensurada,neutro,1.0,esse é o chupaku
17:13,1033,nerbbra,nerbbra,neutro,1.0,peixe lua
17:13,1033,samknox86,samknox86,neutro,1.0,piranha
17:15,1035,bb_entreaspas,bb_entreaspas,positivo,1.0,BOM
17:15,1035,gustavin_7x,gustavin_7x,neutro,1.0,e duro
17:15,1035,raianwz,RaianWZ,neutro,1.0,esse não tá bem
17:16,1036,vinisoaress_,vinisoaress_,neutro,1.0,baka ku
17:17,1037,daikii_zzz,daikii_zzz,confuso,1.0,Baiaku?
17:17,1037,pulchram12,pulchram12,neutro,1.0,Peixe espécie nadador
17:17,1037,st0rmrid3r,st0rmrid3r,neutro,1.0,f
17:17,1037,morttusdornitska,morttusdornitska,neutro,1.0,pirar o cú
17:18,1038,fibbs,フィブス,neutro,1.0,só ta dormindo SeemsGood
17:19,1039,articzw,articzw,neutro,1.0,peixe não tem alma
17:19,1039,debbyznha,debbyznha,negativo,1.0,bicho feio
17:20,1040,carolinenaomii,CarolineNaomii,neutro,1.0,"para de filmar isso, coitado dos peixes"
17:20,1040,psbm86,psbm86,neutro,1.0,Pironocu
17:21,1041,leidsan,LeidSan,neutro,1.0,Dead fish
17:21,1041,zogashiro,zogashiro,neutro,1.0,sakana
17:21,1041,pontoporiablainvillei,pontoporiablainvillei,neutro,1.0,Pirarucu
17:21,1041,nerbbra,nerbbra,neutro,1.0,avisa o dono ai
17:22,1042,flockie7,flockie7,neutro,1.0,esse foi de ralo
17:22,1042,ky0tetsu,ky0tetsu,neutro,1.0,pirarucu o monstro do lago ness
17:22,1042,todyyn69,todyyn69,neutro,1.0,Baiacu te como o teu c.....
17:22,1042,passarobllue,passarobllue,neutro,1.0,Ele ta meditando
17:23,1043,srramosx,srramosx,engraçado,1.0,Aqui no interior do Amapá a gente chama de tilápia
17:23,1043,bob_zink,bob_zink,engraçado,1.0,ta na brisa
17:23,1043,kegann999,Kegann999,neutro,1.0,ele ta de ressaca
17:23,1043,victoriafemboyer,victoriafemboyer,neutro,1.0,Tá descansando
17:23,1043,dmelosh,dmelosh,neutro,1.0,Pirarucu
17:24,1044,stedorockk,stedorockk,neutro,1.0,stedorockk watched 3 consecutive streams and sparked a watch streak! sexo anal sem proteção
17:24,1044,pedro_polegar,pedro_polegar,neutro,1.0,É zumbi
17:24,1044,jay_tepes,Jay_Tepes,engraçado,1.0,Deve ser Lambari
17:24,1044,brunozons,brunozons,neutro,1.0,ta plantando bananeira
17:24,1044,josephh_zz,josephh_zz,neutro,1.0,Tá hibernando
17:28,1048,igorluisk2,igorluisk2,neutro,1.0,Shupaku de osaka
17:29,1049,emanuel1234513,emanuel1234513,neutro,1.0,Olha o baka na água ai
17:29,1049,pontoporiablainvillei,pontoporiablainvillei,neutro,1.0,Ele tá com sono
17:30,1050,marryros098,marryros098,engraçado,0.5,Que triste 😢
17:33,1053,pedro_polegar,pedro_polegar,neutro,1.0,Peixe zumbi
17:34,1054,debbyznha,debbyznha,neutro,1.0,to assim hj
17:35,1055,pedepanomttriste,PeDePanoMtTriste,neutro,1.0,Ele ta sob efeito fi para de filmar o cara
17:35,1055,negligenciagames,negligenciaGames,neutro,1.0,é  o Teucúnaré
17:36,1056,paullouuvercavalar,paullouuvercavalar,neutro,1.0,"Peixe nao dorme, ele descansa"
17:37,1057,victoriafemboyer,victoriafemboyer,neutro,1.0,O nome desse bicho é PEIXE
17:37,1057,vieira030,vieira030,neutro,1.0,deixa o caba descansar
17:40,1060,juliapingolamijada,juliapingolamijada,neutro,1.0,bagre
17:40,1060,marcelzxc,marcelzxc,neutro,1.0,peixe CLT
17:41,1061,nerbbra,nerbbra,neutro,1.0,morreu outro ai
17:41,1061,cereja55,Cereja55,neutro,1.0,deve tar sonhando com a japonesa que conheceu ele
17:42,1062,gvcf01,gvcf01,confuso,1.0,"O SANTOS BAKA, GANHA DO ATLÉTICO HJ?"
17:42,1062,danizitogm,DanizitoGM,neutro,1.0,tem um boiando
17:44,1064,pontoporiablainvillei,pontoporiablainvillei,neutro,1.0,Bagre
17:44,1064,gustavin_7x,gustavin_7x,neutro,1.0,morreu afogado
17:45,1065,lostcaco,LostCaco,engraçado,1.0,@negligenciaGames kkkk
17:45,1065,rapha_lee,rapha_lee,neutro,1.0,isso é da ultima atualização
17:45,1065,manobrau789456,manobrau789456,neutro,1.0,Ta dormindo
17:45,1065,dmelosh,dmelosh,engraçado,1.0,Tirando sono de princesa
17:48,1068,josephh_zz,josephh_zz,neutro,1.0,Comprar peixe morto paga mais barato viu
17:49,1069,astakoda,AstaKoda,neutro,1.0,Vc tbm fica aí pra ser comido
17:51,1071,pedrocas2001,pedrocas2001,neutro,1.0,obvio
17:51,1071,lukenull,lukenull,engraçado,1.0,É Romário
17:52,1072,alektrospirozy,Alektrospirozy,neutro,1.0,"Come um então, duvido"
17:53,1073,ayanmelo,ayanmelo,neutro,1.0,não fala isso perto deles
17:53,1073,liiaay01,liiaay01,neutro,1.0,É um peixe eu acho
17:54,1074,pedepanomttriste,PeDePanoMtTriste,neutro,1.0,La ele
17:55,1075,suprem696969,suprem696969,neutro,1.0,ingual eu
17:59,1079,pontoporiablainvillei,pontoporiablainvillei,confuso,1.0,Moqueca de bagre é uma delícia
18:01,1081,arki_core1,arki_core1,confuso,1.0,subiu um acho que morreu
18:01,1081,guilhi_,Guilhi_,confuso,1.0,Um sub já paga a punhetinha?
18:02,1082,heyellowerr,heyellowerr,neutro,1.0,se fazendo de morto pra comer o cool do coveiro
18:04,1084,giorootz,giorootz,neutro,1.0,"se não tá morto agora, vai estar na hora do almoço"
18:05,1085,maikon7501,maikon7501,neutro,1.0,@gvcf01 é amanhã
18:09,1089,manobrau789456,manobrau789456,engraçado,1.0,Ele ta com dor de barriga
18:13,1093,suprem696969,suprem696969,neutro,1.0,santos nem joga hoje
18:14,1094,psbm86,psbm86,confuso,1.0,Saiu pra usar droga?
18:15,1095,nerbbra,nerbbra,confuso,1.0,mercedes campeã esse ano ?
18:16,1096,victoriafemboyer,victoriafemboyer,neutro,1.0,Então tira
18:17,1097,wesleykolomar_br,wesleykolomar_br,confuso,1.0,baka Que time é Teu?
18:19,1099,lm86pt,lm86pt,confuso,1.0,ta no Japão mano?
18:20,1100,artuurbr21,artuurbr21,neutro,1.0,logico q atletico vira
18:20,1100,paullouuvercavalar,paullouuvercavalar,confuso,1.0,"Baka agr que vc ta no futuro dnv, novidades ?"
18:21,1101,bruno__hsr,bruno__hsr,confuso,1.0,ué ele voltou pro japão quando
18:21,1101,carlitosxdd2,carlitosxdd2,confuso,1.0,"oshe, ele voltou pro japão?"
18:22,1102,pontoporiablainvillei,pontoporiablainvillei,confuso,1.0,Japonês não gosta de trabalhar?
18:25,1105,lostcaco,LostCaco,confuso,1.0,q horas é o punhetaço?
18:26,1106,liiaay01,liiaay01,neutro,1.0,Atualizou a skin
18:31,1111,pulchram12,pulchram12,neutro,1.0,CaitThinking
18:36,1116,robkilaz,Robkilaz,confuso,1.0,"Qual a quest de hoje, Baka?"
18:36,1116,caiopinto120887,caiopinto120887,neutro,1.0,Fica plastificado igual os japoneses
18:37,1117,leidsan,LeidSan,neutro,1.0,"Oxe, dimimui o volume"
18:37,1117,vinizinlm,vinizinlm,neutro,1.0,tira a porra do oculos
18:38,1118,residente_dorminhoko,residente_dorminhoko,confuso,1.0,baka ta viciado em sair na matina agora???
18:40,1120,josephh_zz,josephh_zz,neutro,1.0,Qualquer coisa é por causa do oculos
18:40,1120,denya_low,Denya_low,neutro,1.0,que saudades de tu
18:41,1121,celichippuzu,CeliChippuzu,confuso,1.0,Bala bala bala me fala o que desenhar gordinho
18:45,1125,guilhi_,Guilhi_,engraçado,1.0,tipo eu rsrs
18:45,1125,morttusdornitska,morttusdornitska,confuso,1.0,porque tem tanto japonês aí braga?
18:47,1127,r_lira28,r_lira28,neutro,1.0,Karasu
18:48,1128,sir_wonka0,sir_wonka0,confuso,1.0,Tem punhetaço hoje?
18:49,1129,suprem696969,suprem696969,positivo,0.5,goticulas é bom que deixa lubrificado
18:52,1132,weschok,weschok,neutro,1.0,Corvo é presságio de morte
18:53,1133,negligenciagames,negligenciaGames,confuso,1.0,acompanhou o julgamento do STF hoje baka?
18:54,1134,pontoporiablainvillei,pontoporiablainvillei,confuso,1.0,Qual perfume você está usando hoje?
18:57,1137,pedepanomttriste,PeDePanoMtTriste,neutro,1.0,Tira essa camera
18:59,1139,mariposa_alada,Mariposa_Alada,confuso,1.0,Punhetaco daqui a 2 minutos?
19:00,1140,arelich,Arelich,confuso,1.0,vai rolar café da manhã?
19:03,1143,portugarp,portugarp,confuso,1.0,Voltou pro japon?
19:06,1146,lm86pt,lm86pt,neutro,1.0,100 ovo + 2 ovo =
19:07,1147,victoriafemboyer,victoriafemboyer,neutro,1.0,Saindo no período diurno
19:13,1153,mrmichelerocha,mrmichelerocha,neutro,1.0,Usa o guarda chuva então
19:13,1153,astakoda,AstaKoda,confuso,1.0,@Cereja55 Ele vai ficar quantos dias no Japão?
19:14,1154,satesagatha,satesagatha,positivo,1.0,"3 dias de conteúdo, só orgulho"
19:14,1154,zogashiro,zogashiro,neutro,1.0,stan lee ai
19:16,1156,pulchram12,pulchram12,neutro,1.0,W corvo
19:16,1156,jusnexd,JusneXD,neutro,1.0,aho aho
19:16,1156,pedro_polegar,pedro_polegar,neutro,1.0,"Parece que ta CLT na twitch, live 6h da madrugada onde ja se viu"
19:18,1158,st0rmrid3r,st0rmrid3r,neutro,1.0,eita tudo pixado
19:22,1162,lostcaco,LostCaco,neutro,1.0,fetishe em aves
19:23,1163,hakkaisuru,hakkaisuru,confuso,1.0,Cadê os panfletos de político colado nas parede?
19:23,1163,jay_tepes,Jay_Tepes,neutro,1.0,Bate no corvo
19:25,1165,suprem696969,suprem696969,neutro,1.0,pombo diff>>
19:26,1166,wesleykolomar_br,wesleykolomar_br,neutro,1.0,hoonhooo
19:26,1166,pedepanomttriste,PeDePanoMtTriste,neutro,1.0,Carai o vei rebaixado
19:28,1168,sir_wonka0,sir_wonka0,confuso,1.0,Caramba Live 5 da manhã bakinha?
19:28,1168,morttusdornitska,morttusdornitska,neutro,1.0,W corvo rabudo
19:29,1169,cereja55,Cereja55,neutro,1.0,@AstaKoda nsei só vi hoje a live dele
19:31,1171,gojosergipano,gojosergipano,neutro,1.0,Voltou para o seu couter baka
19:32,1172,druigy_,druigy_,confuso,1.0,"baka, kimi antonelli vai ser campeão oubo russel ainda tem chance?"
19:32,1172,nerbbra,nerbbra,neutro,1.0,vi
19:33,1173,mun1zvictor,Mun1zVictor,neutro,1.0,Ele não fecha com comedia
19:33,1173,samknox86,samknox86,positivo,1.0,"já tem programação para o punhetaço, sempre bom se saber antes da hora"
19:39,1179,nerbbra,nerbbra,confuso,1.0,é fã do gibson?
19:41,1181,m0am_,m0am_,engraçado,1.0,@BakaGaijinLive eu bbaixei o primeiro episodio
19:42,1182,pontoporiablainvillei,pontoporiablainvillei,neutro,1.0,Aqui onde
19:43,1183,bananils0n_farofa,Bananils0n_farofa,neutro,1.0,Vc mostrou
19:47,1187,josephh_zz,josephh_zz,neutro,1.0,Quem é
19:47,1187,xurig,xurig,engraçado,1.0,destruíram meu Riviera
19:47,1187,umbalde,umBalde,confuso,1.0,Tá em que cidade?
19:47,1187,r_lira28,r_lira28,neutro,1.0,se quiser sim man
19:51,1191,vinizinlm,vinizinlm,neutro,1.0,rum
19:55,1195,pedro_polegar,pedro_polegar,confuso,1.0,Já tomou banho desde que chegou ai?
19:57,1197,lm86pt,lm86pt,neutro,1.0,e o brasa baka
20:00,1200,alektrospirozy,Alektrospirozy,confuso,1.0,JA VAI FECHA A LIVE?
20:01,1201,negligenciagames,negligenciaGames,neutro,1.0,é verdade que a liv)
20:01,1201,kuzuri01_,kuzuri01_,neutro,1.0,Guarda o guardas
20:03,1203,josephh_zz,josephh_zz,neutro,1.0,Cidade de Deus
20:05,1205,ryzootv,RyzOoTV,confuso,1.0,ele voltou pro japao pra morar ou só ta de passagem?(assim como na terra)
20:05,1205,psbm86,psbm86,neutro,1.0,Chupa um mendigo
20:06,1206,morttusdornitska,morttusdornitska,neutro,1.0,@umbalde zona norte de são paulo
20:07,1207,gabytokyo,gabytokyo,neutro,1.0,jaja 7 damanha
20:11,1211,astakoda,AstaKoda,neutro,1.0,@Cereja55 Qnd souber me avisa
20:11,1211,gabytokyo,gabytokyo,engraçado,1.0,meio de madrugada kkk
20:13,1213,liiaay01,liiaay01,engraçado,0.667,6 da manhã? KKKKkk madrugada?
20:14,1214,pedepanomttriste,PeDePanoMtTriste,engraçado,1.0,"A serie do lanternas se passa em taubate, n tinha orçamento"
20:16,1216,annoyinger,Annoyinger,neutro,1.0,passa o ziper no cu
20:19,1219,duckn_00,duckn_00,positivo,1.0,@druigy_ o goat passa LH bakagaFrog
20:22,1222,debbyznha,debbyznha,engraçado,1.0,sempre tem corno gritando na rua aí
20:22,1222,mrmichelerocha,mrmichelerocha,neutro,1.0,Chupa 2 mendigos
20:26,1226,negligenciagames,negligenciaGames,confuso,1.0,Foi ai que teve a festa do Vorcaro?
20:27,1227,umbalde,umBalde,engraçado,1.0,@morttusdornitska Tá com carinha de osasco
20:27,1227,samknox86,samknox86,neutro,1.0,jumpscare
20:29,1229,nerbbra,nerbbra,neutro,1.0,perdi o nofap por sua culpa
20:32,1232,celichippuzu,CeliChippuzu,neutro,1.0,Devia ter apoiado
20:33,1233,bhcbmds_0,bhcbmds_0,neutro,1.0,Tampa limpinha
20:34,1234,vinisoaress_,vinisoaress_,neutro,1.0,@AstaKoda acho q são 2 semanas
20:36,1236,mogamizz,mogamizz,neutro,1.0,nossa ta imundo isso
20:36,1236,liiaay01,liiaay01,negativo,1.0,Ia jogar a gente no lixo
20:37,1237,lostcaco,LostCaco,engraçado,1.0,cenário bugado
20:41,1241,jay_tepes,Jay_Tepes,negativo,1.0,"O cara quer jogar a gente no lixo, que paia"
20:43,1243,zogashiro,zogashiro,confuso,1.0,"baka vc que curte cyberpunk,ja assistiu altered carbon?recomendo"
20:47,1247,lm86pt,lm86pt,neutro,1.0,100 ovo mais 2 ovos=
20:47,1247,ozonary,oZonary,negativo,1.0,tratando o chat como lixo
20:48,1248,cereja55,Cereja55,negativo,1.0,#naosomoslixo
20:48,1248,guilhermesl45,guilhermesl45,neutro,1.0,Legal
20:50,1250,astakoda,AstaKoda,positivo,1.0,"@vinisoaress_ Vlw, Vini"
20:52,1252,sir_wonka0,sir_wonka0,neutro,1.0,Lanterna do anel viciado
20:53,1253,marryros098,marryros098,positivo,1.0,Ta  vendo a treta do STF hoje lançaram a bomba
20:53,1253,mariposa_alada,Mariposa_Alada,positivo,1.0,"@nerbbra Idem cara, vamos processar o baka por isso"
20:53,1253,pedepanomttriste,PeDePanoMtTriste,neutro,1.0,Quase caimo no balde de semen
20:54,1254,suprem696969,suprem696969,neutro,1.0,parece o maranhão
20:55,1255,ryzen_threadripper,ryzen_threadripper,neutro,1.0,"Bala, quero live em algum bar, bora tomar umas, chega de beco"
21:00,1260,mrmichelerocha,mrmichelerocha,neutro,1.0,Tá no bras
21:01,1261,debbyznha,debbyznha,negativo,0.5,eh assim q vc trata a gente? colocando no lixo?
21:01,1261,pedro_polegar,pedro_polegar,neutro,1.0,Pegou 300 tipo de aids ai
21:04,1264,brunykua,brunykua,neutro,1.0,@zogashiro bão demaisss
21:06,1266,celichippuzu,CeliChippuzu,confuso,1.0,Baka o que você acha do nofap??
21:08,1268,astakoda,AstaKoda,neutro,1.0,@Cereja55 Fale por vc
21:10,1270,pedrocas2001,pedrocas2001,neutro,1.0,fala com ele
21:11,1271,jay_tepes,Jay_Tepes,neutro,1.0,Abate esse corvo e come ele
21:12,1272,hakkaisuru,hakkaisuru,neutro,1.0,Pode entrar q é passagem secreta
21:13,1273,peluciacensurada,PeluciaCensurada,confuso,1.0,baka pq no br vc não fez streaming em Diadema?
21:14,1274,gabytokyo,gabytokyo,neutro,1.0,tadinho
21:15,1275,psbm86,psbm86,neutro,1.0,Chupa o corvo
21:16,1276,annoyinger,Annoyinger,neutro,1.0,esse corvo ai é shiny! olha o tamanho
21:16,1276,wesleykolomar_br,wesleykolomar_br,neutro,1.0,tamanho dele
21:17,1277,liiaay01,liiaay01,neutro,1.0,Corvo japonês
21:19,1279,pulchram12,pulchram12,neutro,1.0,sushid17Cu sushid17Cu
21:20,1280,debbyznha,debbyznha,negativo,1.0,faz review do lixo
21:22,1282,wat3rdan,wat3rdan,confuso,1.0,eles falam iguais os animes? Yahooo
21:23,1283,teacherlafa,TeacherLafa,confuso,1.0,Nooooossaaaaa faz tempo que não entro aqui. Baka voltou para Nihon?
21:25,1285,lukenull,lukenull,neutro,1.0,Corvo drama
21:26,1286,victoriafemboyer,victoriafemboyer,confuso,1.0,O corvo fala japonês tbm?
21:27,1287,samknox86,samknox86,neutro,1.0,negligenciado pelo governo
21:27,1287,r_lira28,r_lira28,neutro,1.0,taca pokebola nele
21:27,1287,morttusdornitska,morttusdornitska,neutro,1.0,corvo grande da porra
21:28,1288,kuzuri01_,kuzuri01_,neutro,1.0,Mata
21:29,1289,useroldwine,useroldwine,engraçado,1.0,Kkk
21:29,1289,pedepanomttriste,PeDePanoMtTriste,negativo,1.0,Revira ai o lixo tb
21:32,1292,gabytokyo,gabytokyo,neutro,1.0,morro de pena
21:33,1293,julianosniperr,julianosniperr,confuso,1.0,Você disse pipoca?
21:33,1293,lm86pt,lm86pt,neutro,1.0,corvo AI
21:36,1296,mrmichelerocha,mrmichelerocha,positivo,1.0,Esse corvo tá melhor que eu
21:38,1298,gvcf01,gvcf01,confuso,1.0,TU ACOMPANHA MARVEL E DC BAKA?
21:38,1298,josephh_zz,josephh_zz,confuso,1.0,E o saco feminino?
21:43,1303,annoyinger,Annoyinger,neutro,1.0,aho aho
21:43,1303,gabgielitto,Gabgielitto,neutro,1.0,Saco de 70kg de batata
21:45,1305,dmelosh,dmelosh,engraçado,1.0,KKKKK
21:46,1306,dnzinn5_,dnzinn5_,confuso,1.0,"Não é que ele goste, e a única opção que ele tem"
21:47,1307,wesleykolomar_br,wesleykolomar_br,confuso,1.0,eles falam yamete senpai?
21:48,1308,hanyche,hanyche,engraçado,1.0,os devs capricharam nos passaros
21:50,1310,pedro_polegar,pedro_polegar,neutro,1.0,Corvo é inteligente tem coisa valiosa ali se eu fosse vc ia la olhar
21:50,1310,cereja55,Cereja55,neutro,1.0,rapta ele
21:53,1313,gondojr,gondojr,neutro,1.0,Esse corvo tá quase do tamanho de um urubu
21:55,1315,kuzuri01_,kuzuri01_,neutro,1.0,Treina ele pra trazer dinheiro
21:58,1318,vspeed0,vspeed0,neutro,1.0,ola moca bonita
21:59,1319,ryzootv,RyzOoTV,neutro,1.0,baka voltou pro japao msm ou é passagem
22:00,1320,astakoda,AstaKoda,neutro,1.0,Captura ele
22:02,1322,zogashiro,zogashiro,neutro,1.0,"@brunykua ja assisti umas 7 vezes mas nunca vi ngm falar sobre,parece que to delirando"
22:03,1323,wat3rdan,wat3rdan,engraçado,0.5,Ja viu ele brigando com o pica-pau?
22:08,1328,sir_wonka0,sir_wonka0,neutro,1.0,Adota
22:08,1328,vinisoaress_,vinisoaress_,neutro,1.0,vai pular na tua cara
22:09,1329,suprem696969,suprem696969,neutro,1.0,tem que falar em japones
22:09,1329,liiaay01,liiaay01,negativo,1.0,Pergunta se ele gosta de comer lixo
22:11,1331,gabytokyo,gabytokyo,confuso,1.0,vc ta aqui???
22:11,1331,ayanmelo,ayanmelo,neutro,1.0,"sai na mão com um corvo, eu aposto no corvo"
22:12,1332,peterdcn,peterdcn,neutro,1.0,tomara
22:12,1332,giovani6jogadoh,giovani6jogadoh,neutro,1.0,press crow to crow
22:13,1333,pedepanomttriste,PeDePanoMtTriste,neutro,1.0,Ele vai é bicar seus eggs
22:13,1333,pedro_polegar,pedro_polegar,neutro,1.0,Geme pra ele que ele geme de volta
22:14,1334,satesagatha,satesagatha,neutro,1.0,Eles imitam a voz humana
22:16,1336,jay_tepes,Jay_Tepes,neutro,1.0,Saí na porra com ele
22:16,1336,chat_da_live,chat_da_live,neutro,1.0,ensina ele falar
22:17,1337,debbyznha,debbyznha,engraçado,1.0,faz carinho nele
22:18,1338,psbm86,psbm86,neutro,1.0,Passa a mão no peru
22:20,1340,vspeed0,vspeed0,neutro,1.0,ne pato nao baka
22:20,1340,morttusdornitska,morttusdornitska,neutro,1.0,tomara que ataque você
22:21,1341,druigy_,druigy_,neutro,1.0,oi
22:23,1343,senhorley,senhorley,neutro,1.0,Never mind
22:24,1344,mariposa_alada,Mariposa_Alada,neutro,1.0,Que fofinho
22:24,1344,matheus17br,matheus17br,neutro,1.0,ate os corvos são educados
22:25,1345,w3lldani,w3lldani,neutro,1.0,ele nunca esteve ao vivo
22:25,1345,mussak778,mussak778,neutro,1.0,sao muito sociais baka
22:26,1346,kise_ryota__,Kise_Ryota__,neutro,1.0,seremos atacados
22:27,1347,kthyosu,kthyosu,neutro,1.0,coisa linda vala
22:28,1348,satesagatha,satesagatha,neutro,1.0,Ingual papagaio
22:29,1349,cereja55,Cereja55,neutro,1.0,tem muita doença ele
22:29,1349,residente_dorminhoko,residente_dorminhoko,neutro,1.0,bixo ta graudo hem
22:29,1349,druigy_,druigy_,confuso,1.0,kimi antonelli campeão baka?
22:30,1350,kazulixo_6,kazulixo_6,engraçado,1.0,Pra ele interagir tem q ativar o Sharingan
22:31,1351,liiaay01,liiaay01,neutro,1.0,Bonitinho até
22:32,1352,kazuyamishima4,kazuyamishima4,engraçado,1.0,Kkkkkkkkkkkkkkkkk
22:34,1354,pedrocas2001,pedrocas2001,neutro,1.0,comendo plástico
22:34,1354,pedepanomttriste,PeDePanoMtTriste,neutro,1.0,Ele é bunitinho né vey
22:34,1354,annoyinger,Annoyinger,positivo,1.0,ja ta avaliando a melhor rota pra bica seu popo
22:35,1355,kuzuri01_,kuzuri01_,neutro,1.0,Corvo cabeçudo
22:35,1355,ciriloguej0,ciriloguej0,neutro,1.0,da uma pipoca pra ele
22:36,1356,psbm86,psbm86,neutro,1.0,Corvo trabalha com reciclável
22:37,1357,gojosergipano,gojosergipano,engraçado,1.0,Cuidado ele só lendário comedor de c de curioso
22:38,1358,pulchram12,pulchram12,engraçado,1.0,kkkkkkkkkk
22:39,1359,sir_wonka0,sir_wonka0,neutro,1.0,Ele ta pleno
22:39,1359,guilhi_,Guilhi_,neutro,1.0,deixa ele no habitat natural dele cara
22:39,1359,hanyche,hanyche,neutro,1.0,romulus corvus ao seu dispor
22:41,1361,giovani6jogadoh,giovani6jogadoh,engraçado,1.0,fala aí richard rassmusen
22:42,1362,wat3rdan,wat3rdan,engraçado,1.0,"Eles são bastante inteligêntes, queria um de estimação"
22:43,1363,dmelosh,dmelosh,neutro,1.0,Ele é tímido
22:44,1364,gabytokyo,gabytokyo,confuso,1.0,baka vc voltou pra ca?
22:46,1366,r_lira28,r_lira28,neutro,1.0,quem vai virar comida aí é vc Baka
22:47,1367,lucas27dark,lucas27dark,engraçado,0.5,"dizem que se você salva um corvo em perigo, ele conta pros amigos e você se torna alguém confiável pra eles"
22:47,1367,chat_da_live,chat_da_live,neutro,1.0,corvo cabiludo
22:49,1369,gondojr,gondojr,neutro,1.0,Dá sua minhoca para ele comer
22:50,1370,crashorro,Crashorro,neutro,1.0,comendo garrafa
22:50,1370,victoriafemboyer,victoriafemboyer,neutro,1.0,"Cuidado, ele pode passar tétano"
22:51,1371,animol,AnImoL,neutro,1.0,joga um lanche pro bicho
22:52,1372,suprem696969,suprem696969,neutro,1.0,leva ele pra casa
22:52,1372,carolinenaomii,CarolineNaomii,positivo,0.5,melhor corvo que pombos
22:54,1374,ribossomo_,Ribossomo_,neutro,1.0,E A BIENAL AI DO JAPÃO VAI TER
22:54,1374,dasurrendeai,dasurrendeai,confuso,1.0,quem e o outro bobo 🤔
22:54,1374,artuurbr21,artuurbr21,negativo,1.0,abre o outro lixo pra ele
22:55,1375,annoyinger,Annoyinger,engraçado,1.0,dieta rica em macro plasticos
22:56,1376,matheus17br,matheus17br,neutro,1.0,se fosse no br ele ja tinha te tirado um dedo
22:57,1377,liiaay01,liiaay01,neutro,1.0,"Pega ele baka, adota"
22:59,1379,ddingo000,ddingo000,neutro,1.0,Cadê a Julynha
22:59,1379,useroldwine,useroldwine,engraçado,1.0,Kkkk
23:00,1380,pedepanomttriste,PeDePanoMtTriste,neutro,1.0,Pássaro burro nao sabe fumar makonha
23:00,1380,psbm86,psbm86,neutro,1.0,Ele trabalha com recicláveis
23:00,1380,gabytokyo,gabytokyo,neutro,1.0,procurando cabide
23:01,1381,morttusdornitska,morttusdornitska,confuso,1.0,esse corvo fala japonês tbm?
23:03,1383,ayanmelo,ayanmelo,confuso,1.0,é o unico que ta aberto carai
23:03,1383,baguinska,baguinska,neutro,1.0,Vai compra um pao para ele
23:03,1383,articzw,articzw,negativo,0.5,é um drone do governo conferindo se jogaram lixo errado ai
23:04,1384,sambridgesbb,sambridgesbb,neutro,1.0,leva pra casa
23:04,1384,cereja55,Cereja55,neutro,1.0,ainda dizem que os humanos sao os mais sujos
23:04,1384,pope_francis_clone1,pope_francis_clone1,engraçado,0.5,um bocado triste de evr
23:05,1385,flockie7,flockie7,neutro,1.0,@gabytokyo ele tá a passeio acho
23:05,1385,pope_francis_clone1,pope_francis_clone1,neutro,1.0,ver
23:06,1386,gvcf01,gvcf01,engraçado,0.5,QUANTO TA O SALARIO MAXIMO AI BAKA?
23:06,1386,chat_da_live,chat_da_live,negativo,1.0,abre o outro lixo pro cara
23:06,1386,wat3rdan,wat3rdan,neutro,1.0,é o cheiro nos plasticos de embalagem de pacotes abertas
23:06,1386,pedrocas2001,pedrocas2001,neutro,1.0,"q burro , ta pior que as tartaruga"
23:11,1391,sad_sosa,sad_sosa,neutro,1.0,Parece que ela não sabe ler
23:11,1391,mauuzin,mauuzin,confuso,1.0,Sabe se esses corvos transmitem mulek estoy pirose?
23:11,1391,dards39,dards39,confuso,1.0,Isso que dá não prestar atenção nas aulas de reciclagem
23:11,1391,whatterry,whatterry,neutro,1.0,TEM QUE FALAR EM JAPONES COM ELE
23:12,1392,kthyosu,kthyosu,neutro,1.0,dá seu dedo pra ele comer
23:12,1392,rogzer4,rogzer4,confuso,1.0,Ele ta achando que é tartaruga
23:13,1393,marryros098,marryros098,neutro,1.0,"Corvos lembram de pessoas se tu atacar ele ,ele sabe"
23:13,1393,satesagatha,satesagatha,neutro,1.0,Ajuda o cara
23:13,1393,druigy_,druigy_,neutro,1.0,oie
23:14,1394,lm86pt,lm86pt,engraçado,1.0,hahaha
23:15,1395,vibesquad,VibeSquaD,neutro,1.0,esse ai q é o vira lata do Japão
23:16,1396,tsukinobiel,TsukinoBiel,neutro,1.0,O streamer acordou cedo hj
23:17,1397,artuurbr21,artuurbr21,neutro,1.0,ajuda o cara mano!!!!
23:20,1400,victoriafemboyer,victoriafemboyer,confuso,1.0,Por quê ele anda em 2 patas?
23:22,1402,gabytokyo,gabytokyo,confuso,1.0,CABIDE?
23:22,1402,debbyznha,debbyznha,neutro,1.0,coitado do bicho ta com fome
23:24,1404,o_rocc,o_rocc,neutro,1.0,da pra ele comer baka
23:24,1404,st0rmrid3r,st0rmrid3r,neutro,1.0,estilinga ele
23:24,1404,crashorro,Crashorro,neutro,1.0,corvo também é gente
23:25,1405,lanadka,Lanadka,neutro,1.0,Arroganti
23:26,1406,pacos2222,pacos2222,positivo,0.5,ora pois caralho foda-se como soubestes que sou de portugal?
23:27,1407,hakkaisuru,hakkaisuru,frustrado,1.0,Come direito corvo filha da puta arrombado
23:30,1410,pedepanomttriste,PeDePanoMtTriste,neutro,1.0,Para de bater com meu pua na tua cara
23:31,1411,angelz_s,angelz_s,neutro,1.0,o jubileu está esquisito hoje
23:31,1411,pedro_polegar,pedro_polegar,neutro,1.0,Parabéns acabou com o café da manha do animal
23:31,1411,kuzuri01_,kuzuri01_,neutro,1.0,Ele tá procurando uma lata pra fumar crack
23:33,1413,julynhatoys,JulynhaToys,positivo,0.5,JulynhaToys subscribed at Tier 1. They've subscribed for 48 months! Nem me chamou
23:34,1414,hanyche,hanyche,neutro,1.0,ele vai lembrar disso
23:35,1415,gvcf01,gvcf01,neutro,1.0,TE FALTA QI CORVO
23:36,1416,caiopinto120887,caiopinto120887,neutro,1.0,A marcado.
23:36,1416,morttusdornitska,morttusdornitska,confuso,1.0,salvou desse miserável corvo
23:42,1422,guilhermesl45,guilhermesl45,neutro,1.0,Ih
23:42,1422,wesleykolomar_br,wesleykolomar_br,positivo,1.0,ganhei 1 pichu coisa boa
23:50,1430,brucecorp,brucecorp,neutro,1.0,ele vai voltar com a gangue
23:51,1431,carolinenaomii,CarolineNaomii,positivo,1.0,minha amiga chegou ♥️❤️
23:53,1433,hakkaisuru,hakkaisuru,neutro,1.0,É o pombo do governo
23:54,1434,ryzootv,RyzOoTV,engraçado,0.5,baka mora no japao ou ta de ferias?
23:55,1435,sad_sosa,sad_sosa,neutro,1.0,Já toma
23:57,1437,vspeed0,vspeed0,confuso,1.0,volto pra fica baka?
23:59,1439,pedepanomttriste,PeDePanoMtTriste,neutro,1.0,A Julynha ai te intimando
24:00,1440,paullouuvercavalar,paullouuvercavalar,confuso,1.0,Baka cade a julinha ?
24:01,1441,dnzinn5_,dnzinn5_,neutro,1.0,Eu pensei que o carq tava puxando uma arma
24:01,1441,animol,AnImoL,neutro,1.0,Baka nao exclui a Jurynha
24:03,1443,1guinobre1,1guinobre1,neutro,1.0,1guinobre1 watched 3 consecutive streams and sparked a watch streak!
24:04,1444,guilhi_,Guilhi_,engraçado,0.5,"oloco, vc abriu o guarda chuva de um jeito muito bacana, @BakaGaijinLive como fez isso?"
24:04,1444,gabrelnascimento,gabrelnascimento,neutro,1.0,48 meses oloko
24:06,1446,rivaldorivas,RivaldoRivas,engraçado,1.0,julinha kkk
24:06,1446,lucas27dark,lucas27dark,confuso,1.0,Cadê as fic do chat?
24:06,1446,mariposa_alada,Mariposa_Alada,neutro,1.0,Julynha hiiii
24:06,1446,biloka22,Biloka22,neutro,1.0,ta por onde
24:06,1446,florezzs2,florezzs2,neutro,1.0,corvos tem colesterol alto
24:07,1447,salamanderfps,salamanderfps,neutro,1.0,goticuals de semen voando
24:08,1448,andre_wubba_lubba_dub_dub,andre_wubba_lubba_dub_dub,confuso,1.0,Baka foi deportado do brasil mesmo?
24:08,1448,wat3rdan,wat3rdan,confuso,1.0,6h da manhã ai? e tu já ta na rua? garoto de programa?
24:08,1448,bottoco,bottoco,confuso,0.667,BAKA VC ESTÁ GRISALHO? ESTÁS A PARECER O QUERIDO KAZUMO KYRIU QUANDO ELE ESTÁ COM C4NCER
24:09,1449,nongtai1,Nongtai1,engraçado,1.0,Cobrado pela julyabrinquedos
24:09,1449,victoriafemboyer,victoriafemboyer,neutro,1.0,Tira o óculos então
24:11,1451,razor_oz,razor_oz,confuso,1.0,roletando na liberdade mano?
24:11,1451,pedrocas2001,pedrocas2001,neutro,1.0,mimolha
24:12,1452,vinigom3,vinigom3,neutro,1.0,Calçadão de Nova Iguaçu tá meio vazio hoje hein
24:14,1454,l4wert,L4wert,confuso,1.0,que isso que ta tendo mais live do que quando estava no brasil?
24:17,1457,brucecorp,brucecorp,neutro,1.0,o cume molhar
24:18,1458,guilhermesl45,guilhermesl45,positivo,1.0,Nem chamou bagra
24:24,1464,sir_wonka0,sir_wonka0,engraçado,1.0,Kd o npc julinha brinquedos
24:25,1465,bottoco,bottoco,neutro,1.0,Kazuma*
24:27,1467,dalton_olivera,dalton_olivera,frustrado,1.0,Agora o corvo vai ter raiva de você
24:30,1470,marryros098,marryros098,confuso,1.0,Pra onde se vai ir?
24:36,1476,pedepanomttriste,PeDePanoMtTriste,neutro,1.0,Entimado em live
24:38,1478,victoriafemboyer,victoriafemboyer,confuso,1.0,Onde é a Cracolândia aí?
24:39,1479,bruno__hsr,bruno__hsr,frustrado,0.5,n tankou o bostil e voltou pro jp ?
24:45,1485,robkilaz,Robkilaz,engraçado,1.0,"Tá sendo um mau mercenário, nem agradece aos subs."
24:47,1487,pacos2222,pacos2222,confuso,1.0,O cara tava pedalando a moto?
24:48,1488,semtetotv,semtetotv,confuso,1.0,voltou pro japao ?
24:49,1489,gustavin_7x,gustavin_7x,engraçado,1.0,calçadão de Osasco kkk
24:50,1490,psbm86,psbm86,neutro,1.0,Conversa com um crackento
24:50,1490,paullouuvercavalar,paullouuvercavalar,positivo,0.5,Nao chamou a julinha brincadeiras
24:52,1492,annoyinger,Annoyinger,engraçado,0.5,é feriado hoje?
24:52,1492,nongtai1,Nongtai1,neutro,1.0,@bruno__hsr foi limado
24:54,1494,tobe_94,tobe_94,neutro,1.0,Não vá corvo ;-;
24:55,1495,marps321,marps321,neutro,1.0,dia tarde noite baka
24:57,1497,liiaay01,liiaay01,engraçado,1.0,Pergunta se ele gosta de morar no Japão kkkkk
24:59,1499,salamanderfps,salamanderfps,neutro,1.0,Fica desanimado de streamar no Brasil
24:59,1499,quatroporcento,quatroporcento,positivo,1.0,Boa noite peida e cheira como está
24:59,1499,kuzuri01_,kuzuri01_,neutro,1.0,O cara pedalando a moto
25:00,1500,dat4hawk,Dat4Hawk,engraçado,0.5,baka voltou pra morar ou turimo?
25:10,1510,baka_denji,Baka_Denji,neutro,1.0,"Japonês come corvo, moto nao"
25:14,1514,astakoda,AstaKoda,neutro,1.0,"@semtetotv Infelizmente, é rerun"
25:17,1517,wesleyp2p,wesleyp2p,neutro,1.0,@Dat4Hawk Só passear mesmo l
25:18,1518,dalton_olivera,dalton_olivera,positivo,1.0,bakagaPikagasm
25:19,1519,mariposa_alada,Mariposa_Alada,neutro,1.0,Que corvo pomposo
25:20,1520,coolquer1,coolquer1,neutro,1.0,atira pra ver se ele dropa moeda
25:21,1521,dnzinn5_,dnzinn5_,engraçado,1.0,kkkkkkk
25:23,1523,nongtai1,Nongtai1,neutro,1.0,"Alimenta ele, vai te ficar do seu lado pra sempre"
25:26,1526,pedepanomttriste,PeDePanoMtTriste,neutro,1.0,para de perseguir o bicho stalker cabuloso
25:26,1526,brunoland_,brunoland_,confuso,1.0,"baka, daí consegue dar um pulo na china?"
25:26,1526,nongtai1,Nongtai1,engraçado,1.0,Kappa
25:28,1528,liiaay01,liiaay01,neutro,1.0,Adota ele baka
25:28,1528,vinizinlm,vinizinlm,neutro,1.0,sai do fake itachi
25:29,1529,artuurbr21,artuurbr21,neutro,1.0,o outro tem cabelo
25:29,1529,xurig,xurig,neutro,1.0,quando você vai fazer live na Groelândia baka
25:29,1529,wesleykolomar_br,wesleykolomar_br,neutro,1.0,ele tá com ego alto por ter tido papel em naruto
25:30,1530,gojosergipano,gojosergipano,neutro,1.0,Ele tá farmando Aura
25:32,1532,baldwave,baldwave,neutro,1.0,O itachi ali
25:34,1534,arelich,Arelich,engraçado,1.0,@Dat4Hawk pra cometer pequenos crimes
25:34,1534,tobe_94,tobe_94,neutro,1.0,"Rerun, claramente isso foi na pandemia"
25:34,1534,guilhermesl45,guilhermesl45,neutro,1.0,Bonitin
25:35,1535,senhorley,senhorley,positivo,1.0,Maus gostosas
25:39,1539,pedro_polegar,pedro_polegar,neutro,1.0,Confundem ele com urubu coitado
25:39,1539,lotusuy,lotusuy,neutro,1.0,É porque ele é preto
25:40,1540,bananils0n_farofa,Bananils0n_farofa,neutro,1.0,Pq é preto 😔
25:42,1542,mrdarkku,mrdarkku,positivo,0.5,"Bom dia, Baka. Viu que só temos mais 99 dias de Fallen? Vivemos em tempos difíceis"
25:42,1542,r_lira28,r_lira28,neutro,1.0,só pq ele é preto.....
25:43,1543,pedepanomttriste,PeDePanoMtTriste,neutro,1.0,Assediador de passaro
25:44,1544,florezzs2,florezzs2,engraçado,1.0,kkkk
25:44,1544,gustavin_7x,gustavin_7x,confuso,1.0,pq tem tanto corvo ai ?
25:46,1546,salamanderfps,salamanderfps,neutro,1.0,Ele faz barulhos sinistros
25:47,1547,kthyosu,kthyosu,neutro,1.0,é racismo
25:49,1549,arki_core1,arki_core1,neutro,1.0,so pq e preto
25:52,1552,julianosniperr,julianosniperr,neutro,1.0,Mendigo tb
25:52,1552,erickhsn,erickhsn,neutro,1.0,"vou ajudar n, ta engraçado assim"
25:55,1555,mauuzin,mauuzin,confuso,1.0,E os mendingos?
25:56,1556,morttusdornitska,morttusdornitska,confuso,1.0,ninguém vai te ajudar
25:57,1557,marps321,marps321,neutro,1.0,caiu num gensutsu
25:58,1558,florezzs2,florezzs2,confuso,1.0,"Que isso, não fala assim do Odin"
25:59,1559,ryzootv,RyzOoTV,engraçado,0.5,seria que esse corvo sabe calcular o volume de uma pirâmide de base quadrada em 6cm e 5 de altura?
25:59,1559,nongtai1,Nongtai1,confuso,1.0,Sabe pq não existe paassaro preto?
26:00,1560,liiaay01,liiaay01,confuso,1.0,Aula de português?
26:01,1561,lukenull,lukenull,neutro,1.0,Por gentizequil
26:02,1562,dalton_olivera,dalton_olivera,neutro,1.0,bakagaWetsumo_SG
26:02,1562,alektrospirozy,Alektrospirozy,neutro,1.0,Mais um preconceito com base na cor...
26:07,1567,wesleyp2p,wesleyp2p,engraçado,1.0,"Baka é meio doido, ele fala sozinho por muito tempo sem ler o chat KKKKK"
26:09,1569,druigy_,druigy_,confuso,1.0,"oi baka, responde pobre?"
26:09,1569,sir_wonka0,sir_wonka0,neutro,1.0,Piu piu
26:10,1570,deonehzio,DeoNehzio,neutro,1.0,"É baka, só ta tendo chuca, você realmente levou a chuva"
26:12,1572,manovitaobr,manovitaobr,neutro,1.0,bakagaPiu bakagaPiu
26:12,1572,florezzs2,florezzs2,neutro,1.0,eles tem colesterol alto
26:13,1573,pedepanomttriste,PeDePanoMtTriste,neutro,1.0,Ce falou ja filho
26:15,1575,sr_ryann,Sr_Ryann,neutro,1.0,cara pegou mania de acordar com o galo cantando pra streamar em beco
26:16,1576,pedro_polegar,pedro_polegar,neutro,1.0,A diferença do Corvo pro urubu é que o urubu é calvo
26:16,1576,karasu2024,karasu2024,positivo,1.0,Cheer100
26:16,1576,satesagatha,satesagatha,neutro,1.0,Passaagi
26:17,1577,lukenull,lukenull,neutro,1.0,bakagaPiu
26:17,1577,viadogames171,viadogames171,confuso,1.0,voltou pro japão ou ta na liberdade? não acompanho muito
26:17,1577,dougct,dougct,neutro,1.0,piu piu
26:22,1582,negligenciagames,negligenciaGames,confuso,1.0,E porque não tão filmando agora?
26:23,1583,phanthasmha,phanthasmha,engraçado,1.0,Wtf vai ter uma serie
26:26,1586,vinizinlm,vinizinlm,confuso,1.0,ta passando pela puberdade baka? voz ta falhando pakas
26:27,1587,pedepanomttriste,PeDePanoMtTriste,neutro,1.0,Reagiu em live
26:28,1588,professorakpopercomunista,professorakpopercomunista,neutro,1.0,professorakpopercomunista watched 5 consecutive streams and sparked a watch streak!
26:30,1590,morttusdornitska,morttusdornitska,neutro,1.0,herpes
26:30,1590,izei_,Izei_,engraçado,0.5,como anda sua carreira de fisico teorico? terorizando muito? @BakaGaijinLive
26:31,1591,nongtai1,Nongtai1,neutro,1.0,"e essa pedrona aí, loucura. pedrassa"
26:32,1592,florezzs2,florezzs2,neutro,1.0,trás o corvo pro Brasil
26:35,1595,kureijinuwu,kureijinuwu,neutro,1.0,Volta pro Brasil baka
26:35,1595,semtetotv,semtetotv,confuso,1.0,@AstaKoda que isso ?
26:36,1596,pedepanomttriste,PeDePanoMtTriste,confuso,1.0,Aquele amigo que tem alzhaimer
26:40,1600,erickhsn,erickhsn,positivo,0.5,descobri q o monster branco tem gosto de fanta laranja
26:43,1603,pulchram12,pulchram12,neutro,1.0,CaitThinking
26:44,1604,ryzootv,RyzOoTV,neutro,1.0,@viadogames171 é em Osasco
26:44,1604,vinigom3,vinigom3,neutro,1.0,Janeiro de 2027
26:48,1608,morttusdornitska,morttusdornitska,neutro,1.0,eco
26:49,1609,dnzinn5_,dnzinn5_,neutro,1.0,"quanto empenho em baka, 7 da matina e se em live"
26:49,1609,dalton_olivera,dalton_olivera,positivo,1.0,bakagaWetsumo_SG bakagaPikagasm
26:50,1610,gvcf01,gvcf01,confuso,1.0,"E MOTOQUEIRO FANTASMA DO RYAN , TA SABENDO?"
26:50,1610,salamanderfps,salamanderfps,confuso,1.0,Laranja radioativa?
26:51,1611,vinizinlm,vinizinlm,engraçado,1.0,sabor tamarindo
26:51,1611,deonehzio,DeoNehzio,neutro,1.0,Laranja sabor banana né
26:57,1617,florezzs2,florezzs2,neutro,1.0,blade runner não to botando fé
26:57,1617,crvgabrielnc,crvgabrielnc,confuso,1.0,Você acha que o Vasco da Gama ganha hoje ?
27:03,1623,reeyouii,Reeyouii,engraçado,0.5,baka como e o seu perineo como tá?
27:06,1626,carmeziin,carmeziin,neutro,1.0,Invenção da peste
27:07,1627,rafadesa80,rafadesa80,confuso,1.0,Oxi
27:07,1627,nongtai1,Nongtai1,engraçado,0.667,🤣🫵HAHAHA TU NÃO SABE LER JAPONÊS?
27:07,1627,astakoda,AstaKoda,neutro,1.0,@semtetotv Vídeo antigo. Ele só tá passando dnv. Só o chat que aparece na tela é ao vivo
27:08,1628,satesagatha,satesagatha,engraçado,1.0,@erickhsn Da onde fi
27:08,1628,morttusdornitska,morttusdornitska,neutro,1.0,tava vazia tlgd
27:09,1629,wesleykolomar_br,wesleykolomar_br,engraçado,1.0,kkkkkkkkkkk
27:11,1631,zkamykazez,zKAMYKAZEz,engraçado,1.0,kkkkkkkkkkkkkkk
27:13,1633,guilhi_,Guilhi_,frustrado,1.0,"O cara usa oculos em pleno 2016, sobra nada pqp"
27:13,1633,giovanniconde,giovanniconde,confuso,1.0,"Chat, Baka voltou pro japao? ele nao tinha mudado de volta pro BR?"
27:14,1634,deonehzio,DeoNehzio,positivo,1.0,Laranja sabor leite de pikachu
27:14,1634,salamanderfps,salamanderfps,neutro,1.0,que sinistro
27:15,1635,bhcbmds_0,bhcbmds_0,neutro,1.0,"Irmão, ce ta no Japão KAKAKSKSKS"
27:20,1640,fibbs,フィブス,neutro,1.0,basta ler SeemsGood
27:24,1644,rafadesa80,rafadesa80,engraçado,0.5,Puta que pariu invenção do caraio
27:24,1644,victoriafemboyer,victoriafemboyer,neutro,1.0,Era só chupar
27:25,1645,sad_sosa,sad_sosa,neutro,1.0,sad_sosa watched 3 consecutive streams and sparked a watch streak! As ideias
27:25,1645,srmatthy,srmatthy,neutro,1.0,se lambuzou todo
27:26,1646,wesleykolomar_br,wesleykolomar_br,neutro,1.0,baita tecnologia Nihonense
27:27,1647,morttusdornitska,morttusdornitska,neutro,1.0,@giovanniconde live gravad
27:27,1647,pedepanomttriste,PeDePanoMtTriste,confuso,1.0,Gelatina em lata? Tava estragado nao?
27:28,1648,tsukinobiel,TsukinoBiel,neutro,1.0,Compra de novo pra gente ver
27:30,1650,marryros098,marryros098,neutro,1.0,Te fanta sabor maracujá quando vier
27:32,1652,maikon7501,maikon7501,positivo,0.5,Topa em fazer live com a sushidobaire no final de semana?
27:37,1657,semtetotv,semtetotv,positivo,1.0,@AstaKoda a sim tendi valeu
27:41,1661,pedro_polegar,pedro_polegar,neutro,1.0,Ta na hora ta na horaaa de botar o piru pra foraa 🎶🎶
27:41,1661,passarobllue,passarobllue,neutro,1.0,Arrudeia
27:42,1662,deonehzio,DeoNehzio,neutro,1.0,Aids
27:44,1664,guiih9fps,guiih9fps,neutro,1.0,meu tio morreu disso
27:44,1664,salamanderfps,salamanderfps,neutro,1.0,cera
27:45,1665,igorsusini,igorsusini,neutro,1.0,Pode ser refluxo
27:45,1665,biloka22,Biloka22,neutro,1.0,cancer
27:45,1665,guilhi_,Guilhi_,neutro,1.0,falta de pica
27:46,1666,victoriafemboyer,victoriafemboyer,confuso,1.0,Acho que tão falando mal de ti
27:46,1666,nongtai1,Nongtai1,neutro,1.0,EU FIQUEI surdo assim
27:48,1668,rafadesa80,rafadesa80,confuso,1.0,"Porra acordou cedo, hein calabreso?"
27:50,1670,residente_dorminhoko,residente_dorminhoko,neutro,1.0,HIV
27:51,1671,pedro_polegar,pedro_polegar,neutro,1.0,Cancer na perna espero ter ajudado
27:51,1671,nongtai1,Nongtai1,neutro,1.0,não ironicamente
27:52,1672,mariposa_alada,Mariposa_Alada,neutro,1.0,É câncer
27:53,1673,pedepanomttriste,PeDePanoMtTriste,neutro,1.0,Deve ser aids
27:53,1673,loordan_,Loordan_,neutro,1.0,Hemorroida
27:53,1673,liiaay01,liiaay01,neutro,1.0,É a chuva
27:54,1674,dmelosh,dmelosh,neutro,1.0,Câncer
27:54,1674,kthyosu,kthyosu,engraçado,1.0,luly
27:55,1675,mad_oushi,mad_oushi,neutro,1.0,é excesso de semen
27:56,1676,thejhow1,thejhow1,neutro,1.0,plug
27:57,1677,pulchram12,pulchram12,engraçado,1.0,Eita kkkkkk
27:58,1678,tobe_94,tobe_94,neutro,1.0,significa que levou rol@d@ só no ouvido esquerdo
27:58,1678,heyellowerr,heyellowerr,neutro,1.0,hemorroida
27:58,1678,caquiki_,caquiki_,neutro,1.0,!setup
27:59,1679,giovanniconde,giovanniconde,engraçado,1.0,@morttusdornitska ue kjkkk
27:59,1679,nightbot,Nightbot,confuso,1.0,Setup das Lives: https://www.youtube.com/watch?v=sq1voOKpquI&feature=youtu.be
27:59,1679,salamanderfps,salamanderfps,confuso,1.0,poe no pau?
27:59,1679,fibbs,フィブス,engraçado,1.0,tenga ring KEKW
28:02,1682,myidisjuh,myidisjuh,confuso,1.0,Ué ele voltou pro Japão e eu não tava sabendo?
28:02,1682,kazulixo_6,kazulixo_6,neutro,1.0,Jajá o cérebro começa a escorrer
28:02,1682,morttusdornitska,morttusdornitska,neutro,1.0,é esse mesmo
28:02,1682,iroh_ikki,iroh_ikki,neutro,1.0,colocar pinto no ouvido da nisso
28:04,1684,paullouuvercavalar,paullouuvercavalar,neutro,1.0,Alergia a semen
28:05,1685,homuuraa,homuuraa,neutro,1.0,paugrandismo o nome da dor do ouvido esquerdo
28:05,1685,pedepanomttriste,PeDePanoMtTriste,confuso,1.0,Isso é sexo?
28:05,1685,thrillerzs,thrillerzs,engraçado,1.0,Tenga  Ring
28:06,1686,senhorley,senhorley,engraçado,1.0,Vontade de liberar o furico
28:06,1686,negligenciagames,negligenciaGames,confuso,1.0,"Você está com dor no ouvido esquerdo, acho que é isso"
28:07,1687,baldwave,baldwave,confuso,1.0,"Sexo, oq é isso?"
28:07,1687,nongtai1,Nongtai1,positivo,1.0,tive surdez súbita assim 👍
28:08,1688,deonehzio,DeoNehzio,neutro,1.0,"Dor no ouvido é aids, certeza"
28:08,1688,rafadesa80,rafadesa80,neutro,1.0,Dizem que é AIDS
28:11,1691,suprem696969,suprem696969,neutro,1.0,são castrados
28:13,1693,phanthasmha,phanthasmha,neutro,1.0,Essa é a mesma kabuki do cyberpunk 2077
28:17,1697,gojosergipano,gojosergipano,engraçado,0.5,Já viu que o André Yong fez parte da criação da família sacana?
28:19,1699,sr_ryann,Sr_Ryann,confuso,1.0,é hoje que o baka vai ganhar massagem no períneo ao vivo??
28:19,1699,florezzs2,florezzs2,neutro,1.0,é câncer
28:20,1700,salamanderfps,salamanderfps,neutro,1.0,ele toma soco ai
28:21,1701,jamanta_pedepano,Jamanta_PeDePano,neutro,1.0,Pênis
28:21,1701,rafadesa80,rafadesa80,neutro,1.0,Oia
28:26,1706,astakoda,AstaKoda,neutro,1.0,Mijaram na placa de No pissing
28:26,1706,chat_da_live,chat_da_live,neutro,1.0,a placa mijada
28:26,1706,guiih9fps,guiih9fps,neutro,1.0,"proibido mijar, mas ja todo mijado"
28:27,1707,wesleykolomar_br,wesleykolomar_br,confuso,1.0,tá sendo pago pelo neuromancer?
28:27,1707,mariposa_alada,Mariposa_Alada,frustrado,1.0,Mija só de raiva ali
28:28,1708,kazulixo_6,kazulixo_6,engraçado,1.0,Se tem placa tem história
28:28,1708,pedro_polegar,pedro_polegar,neutro,1.0,A placa de não mije toda mijada
28:30,1710,morttusdornitska,morttusdornitska,neutro,1.0,gozaram no aviso
28:34,1714,gallack000,Gallack000,neutro,1.0,Ih
28:35,1715,dkovuh,dkovuh,frustrado,0.5,Qual é Baka n tankou o bostil?
28:36,1716,suiiky,Suiiky,engraçado,1.0,"Suiiky subscribed with Prime. They've subscribed for 2 months, currently on a 1 month streak!"
28:37,1717,rafadesa80,rafadesa80,neutro,1.0,Tô animado pro Neuromancer
28:45,1725,homuuraa,homuuraa,confuso,1.0,vc é um rato entao?
28:46,1726,salamanderfps,salamanderfps,neutro,1.0,"ARatazana de 1,60"
28:46,1726,josephh_zz,josephh_zz,neutro,1.0,"Não deixa o Samba Morrer, Não deixa o Samba acabar acabarrrr"
28:47,1727,arkanju,Arkanju,confuso,1.0,baka não tava no Brasil?
28:53,1733,rafadesa80,rafadesa80,confuso,1.0,Isso quer dizer que você é rato?
28:54,1734,pedepanomttriste,PeDePanoMtTriste,neutro,1.0,Funcionou então
28:55,1735,chat_da_live,chat_da_live,neutro,1.0,"não pode mijar, mas gozar pode"
28:57,1737,pulchram12,pulchram12,neutro,1.0,SeemsGood SeemsGood
28:59,1739,morttusdornitska,morttusdornitska,neutro,1.0,acontece sempre
29:00,1740,vinigom3,vinigom3,neutro,1.0,"@dkovuh Tá viajando só, vai voltar em breve"
29:00,1740,florezzs2,florezzs2,neutro,1.0,neuromancer vai ser massa
29:04,1744,sngabs,sngabs,neutro,1.0,beco massa
29:06,1746,chat_da_live,chat_da_live,neutro,1.0,@Arkanju ele ta na bahia
29:08,1748,kureijinuwu,kureijinuwu,neutro,1.0,Plot twist. O baka nunca saiu do Japão na verdade ele tá em liberdade
29:09,1749,julianosniperr,julianosniperr,confuso,1.0,Tem Kinder ovo no Japão?
29:12,1752,pedro_polegar,pedro_polegar,neutro,1.0,Baka Ratim
29:12,1752,johanmalado,johanmalado,confuso,1.0,ta travando no de vcs tambem?
29:19,1759,ibracaadabra011,ibracaadabra011,neutro,1.0,Baka ratinho
29:20,1760,victoriafemboyer,victoriafemboyer,neutro,1.0,Não filma minha casa!
29:20,1760,dkovuh,dkovuh,neutro,1.0,@vinigom3 Pdc
29:22,1762,salamanderfps,salamanderfps,confuso,1.0,Qual o cheiro dai?
29:25,1765,pedepanomttriste,PeDePanoMtTriste,neutro,1.0,Bão
29:28,1768,333_liam,333_liam,neutro,1.0,@johanmalado n
29:31,1771,josephh_zz,josephh_zz,neutro,1.0,Garotiou ai
29:32,1772,gantz_ofc,gantz_ofc,engraçado,0.5,Que série?
29:32,1772,y_anzeen,y_anzeen,confuso,1.0,"E aí lindão, vai colar na Tokyo Game show?"
29:36,1776,residente_dorminhoko,residente_dorminhoko,negativo,1.0,@salamanderfps lixo e mijo
29:37,1777,vinizinlm,vinizinlm,neutro,1.0,rocinha reference
29:37,1777,mariposa_alada,Mariposa_Alada,neutro,1.0,Os fio virando galhos
29:40,1780,arkanju,Arkanju,confuso,1.0,@chat_da_live ué
29:42,1782,pedepanomttriste,PeDePanoMtTriste,neutro,1.0,Bota ai a mão p eu ver um ngc
29:43,1783,flacoxbt,flacoxbt,neutro,1.0,caiu da cama baka
29:47,1787,pedro_polegar,pedro_polegar,neutro,1.0,Eles são a favor dos animais adoram fazer gato
29:48,1788,lanadka,Lanadka,neutro,1.0,Chama ela
29:50,1790,wesleykolomar_br,wesleykolomar_br,engraçado,1.0,kkkkkkkkkk
29:53,1793,salamanderfps,salamanderfps,engraçado,1.0,"@residente_dorminhoko to imaginando isso, cheiro de rodoviaria de SP"
29:55,1795,morttusdornitska,morttusdornitska,neutro,1.0,chama ela
29:56,1796,xenohfanes,xenohfanes,engraçado,0.5,"baka, vc que eh ligado a todos os movimentos e subculturas, controla o clima com a mente e destrincha todas as filosofias com a habilidade de mil oráculos! Dei match com a cremosa no tinder, como puxa um papo daora agr?"
29:58,1798,julynhatoys,JulynhaToys,engraçado,1.0,julynhHahaha
29:59,1799,rafadesa80,rafadesa80,neutro,1.0,Eeei Julynhaaa
29:59,1799,karasu2024,karasu2024,confuso,1.0,Viu meu cu por aí?
30:00,1800,guilhermesl45,guilhermesl45,engraçado,1.0,Kkkkkkk
30:03,1803,clingerx_,ClingerX_,engraçado,1.0,ClingerX_ subscribed at Tier 1. They've subscribed for 2 months!
30:04,1804,fakedev,fakedev,neutro,1.0,aqui no Brasil tem armadilha dos rato cinza
30:08,1808,carolinenaomii,CarolineNaomii,positivo,1.0,Oi Julinha amiga linda ❤️♥️❤️
30:08,1808,matheuzfps1,MatheuzFPS1,positivo,0.5,"MatheuzFPS1 subscribed with Prime. They've subscribed for 5 months, currently on a 1 month streak! Gostoso"
30:10,1810,tiiinkyy,Tiiinkyy,confuso,1.0,Você trabalha com o que ai no Japão @BakaGaijinLive ?
30:10,1810,kazulixo_6,kazulixo_6,engraçado,1.0,Joga pedrinha na janela dela
30:10,1810,peluciacensurada,PeluciaCensurada,neutro,1.0,lugar infeccioso esse
30:10,1810,lu4n_demetrio,lu4n_demetrio,positivo,0.5,to off voltamo po japiu ?
30:16,1816,mantobr,MANTOBR,neutro,1.0,bakagaFrog
30:19,1819,marryros098,marryros098,neutro,1.0,DinoDance DinoDance DinoDance
30:21,1821,loolzzx,loolzzx,neutro,1.0,"inhai baka, qq cê tá fazendo acordado sas hora cara"
30:21,1821,salamanderfps,salamanderfps,neutro,1.0,Descreve o cheiro desse beco
30:22,1822,lucks180,lucks180,neutro,1.0,DinoDance DinoDance DinoDance DinoDance
30:23,1823,samuellnx,samuellnx,positivo,1.0,Salve
30:29,1829,iroh_ikki,iroh_ikki,neutro,1.0,mija na placa la
30:31,1831,victoriafemboyer,victoriafemboyer,neutro,1.0,Entala na entrada
30:31,1831,pulchram12,pulchram12,neutro,1.0,allpac2Danc2
30:31,1831,wesleyp2p,wesleyp2p,neutro,1.0,@JulynhaToys Opa julynha
30:33,1833,homuuraa,homuuraa,positivo,1.0,esperamos q sim
30:38,1838,thrillerzs,thrillerzs,neutro,1.0,Agora que notei que é de manhã ai
30:38,1838,pedro_polegar,pedro_polegar,neutro,1.0,Vai lá ratão
30:48,1848,gallack000,Gallack000,engraçado,1.0,cuidado manokkkkkkkkk
30:49,1849,florezzs2,florezzs2,engraçado,1.0,kkkk
30:50,1850,chat_da_live,chat_da_live,neutro,1.0,abre uma porta dessa
30:50,1850,morttusdornitska,morttusdornitska,engraçado,1.0,se arrisque
30:51,1851,pedro_9753,pedro_9753,neutro,1.0,vai ser sequestrado
30:51,1851,rafadesa80,rafadesa80,engraçado,0.5,puta que pariu que saudade desses vídeos CARALHOOOO
30:53,1853,mauuzin,mauuzin,confuso,1.0,Isso molhado no chão é chuva ou é tudo xixi de corvo?
30:54,1854,suprem696969,suprem696969,neutro,1.0,pros japoneses voce deve ser tipo o doidinho do centro
30:57,1857,salamanderfps,salamanderfps,neutro,1.0,vai ser empalado por uma ratoeira
31:01,1861,sr_ryann,Sr_Ryann,confuso,1.0,é esse o tal país evoluído dos sexo gourmet?
31:06,1866,julynhatoys,JulynhaToys,neutro,1.0,A chuteira
31:06,1866,vspeed0,vspeed0,neutro,1.0,vira homem
31:06,1866,animol,AnImoL,neutro,1.0,coca gratis
31:07,1867,arkanju,Arkanju,neutro,1.0,bebidas de graça
31:08,1868,mariposa_alada,Mariposa_Alada,confuso,1.0,"""não quero fuder"""
31:08,1868,pulchram12,pulchram12,neutro,1.0,Beco da nojeira slk
31:08,1868,pedepanomttriste,PeDePanoMtTriste,engraçado,1.0,Wtf ganhei o emoji viavel
31:11,1871,guilhi_,Guilhi_,neutro,1.0,parece a minha rocinha
31:12,1872,rafadesa80,rafadesa80,neutro,1.0,Esse é o BAKA PORRRRAAA
31:12,1872,giorootz,giorootz,engraçado,1.0,kkkkkkkkkkkkkkk
31:14,1874,furyxd_,FuryXD_,confuso,1.0,Ele voltou pro japao ?
31:15,1875,dnzinn5_,dnzinn5_,neutro,1.0,Nossa mn
31:16,1876,salamanderfps,salamanderfps,neutro,1.0,Vai pega tetano ai doido
31:16,1876,pedrocas2001,pedrocas2001,neutro,1.0,resenha
31:16,1876,morttusdornitska,morttusdornitska,neutro,1.0,que desgraça
31:17,1877,xurig,xurig,neutro,1.0,baka raiz está de volta
31:17,1877,tistu,tistu,neutro,1.0,carai q a agonia
31:17,1877,karasu2024,karasu2024,confuso,1.0,karasu2024 watched 10 consecutive streams and sparked a watch streak! Viram meu cu por aí?
31:18,1878,florezzs2,florezzs2,neutro,1.0,segue
31:18,1878,thrillerzs,thrillerzs,neutro,1.0,Cara quer pegar aids de rato
31:25,1885,daikii_zzz,daikii_zzz,neutro,1.0,Cuida pra n ter outra armadilha de rato ai
31:27,1887,negligenciagames,negligenciaGames,confuso,1.0,Aí é perto do templo? Não conheço muito de Fortaleza
31:28,1888,rafadesa80,rafadesa80,neutro,1.0,O homi voltou!!!!!!!!!!
31:28,1888,carmeziin,carmeziin,neutro,1.0,Que claustrofóbico cara
31:29,1889,pedrocas2001,pedrocas2001,neutro,1.0,rouba uma cerveja
31:29,1889,viadogames171,viadogames171,neutro,1.0,mds que imundice
31:30,1890,pedro_polegar,pedro_polegar,neutro,1.0,Vai trazer esse barro do Japão todo pro Brasil
31:30,1890,brunosb654,brunosb654,engraçado,1.0,Beco da pourra mané kkkkkkk
31:31,1891,morttusdornitska,morttusdornitska,frustrado,1.0,que beco filho da puta
31:31,1891,brucecorp,brucecorp,neutro,1.0,ta na metade do caminho
31:32,1892,florezzs2,florezzs2,neutro,1.0,já era
31:33,1893,kise_ryota__,Kise_Ryota__,positivo,0.333,obrigado pela inspiração. vou desenhar esse beco
31:33,1893,dards39,dards39,confuso,1.0,Até os cara invade?
31:34,1894,marryros098,marryros098,neutro,1.0,Que tu ta fazendo ai rapaz
31:36,1896,mauuzin,mauuzin,neutro,1.0,ta roubando cerveja né
31:37,1897,gallack000,Gallack000,confuso,1.0,tem saída?
31:37,1897,wesleykolomar_br,wesleykolomar_br,neutro,1.0,quanta bebida pega uma ai
31:38,1898,ana_mand,ana_mand,neutro,1.0,Passar por lugares insalubres faz parte do Baka
31:42,1902,guiih9fps,guiih9fps,neutro,1.0,"lugar sujo, eca japao"
31:42,1902,salamanderfps,salamanderfps,neutro,1.0,Lixao de bangu
31:42,1902,sngabs,sngabs,neutro,1.0,leva essa vassoura aí
31:44,1904,gallack000,Gallack000,engraçado,1.0,kkkkkkkkkkkkkkk
31:45,1905,luisfabianopvr,luisfabianopvr,neutro,1.0,Quero ter múltiplos orgasmos
31:45,1905,carmeziin,carmeziin,neutro,1.0,As bugigangas deixam o espaço menor ainda
31:47,1907,josephh_zz,josephh_zz,neutro,1.0,Vai ficar preso na armadilha de Corvo agora
31:49,1909,vspeed0,vspeed0,neutro,1.0,cara invadi o quintal dos fundos dos outros e fds
31:53,1913,rafadesa80,rafadesa80,neutro,1.0,Véi manda uns vídeos pro YOUTUBE
31:54,1914,crocodilebay,crocodilebay,inspirado,1.0,continua se for homi
31:54,1914,oldrain21,oldrain21,neutro,1.0,tá em bangú 2
31:55,1915,peluciacensurada,PeluciaCensurada,neutro,1.0,tá cheio de mpox aí
31:56,1916,pulchram12,pulchram12,neutro,1.0,bakagaLovebeco
31:57,1917,viadogames171,viadogames171,neutro,1.0,parece a parte de trás do bar do jeremias aqui em sorocaba
32:02,1922,pedepanomttriste,PeDePanoMtTriste,neutro,1.0,Antigamente vc invadia
32:03,1923,thrillerzs,thrillerzs,engraçado,1.0,Volta baka se nao vão abusar de seu lulu
32:03,1923,boggyneo,boggyneo,neutro,1.0,bunitin
32:06,1926,sr_ryann,Sr_Ryann,neutro,1.0,geralmente é nesses becos que ocorrem as mortes nos filmes de terror
32:07,1927,suprem696969,suprem696969,confuso,1.0,ta cheiroso ai ?
32:07,1927,salamanderfps,salamanderfps,neutro,1.0,800 ar condicionado por metro quadrado
32:08,1928,victoriafemboyer,victoriafemboyer,engraçado,1.0,"Eu vi um mendigo aí, ele é grisalho, cuidado!"
32:12,1932,mariposa_alada,Mariposa_Alada,neutro,1.0,@luisfabianopvr É só ter uma gemidinha do baka que vc alcança
32:13,1933,luisfabianopvr,luisfabianopvr,confuso,1.0,Baka Gaijin no Japão tem Pão?
32:17,1937,julianosniperr,julianosniperr,confuso,1.0,Como tu sabe onde pode entrar e onde não pode?
32:22,1942,homuuraa,homuuraa,confuso,1.0,n tem um bem te vi cantando ai essas hora?
32:23,1943,quatroporcento,quatroporcento,confuso,1.0,O cara dos becos com medo de beco? Sai do fake doppelganger
32:23,1943,salamanderfps,salamanderfps,neutro,1.0,Baka nao descreve o cheiro dos becos pra nois
32:28,1948,rafadesa80,rafadesa80,engraçado,1.0,Kkkkkkk
32:30,1950,annoyinger,Annoyinger,neutro,1.0,baka do antigo testamento tomava agua das poças desse beco
32:33,1953,gallack000,Gallack000,engraçado,1.0,kkkkkkkkkkkkkkkkkk
32:36,1956,natanzinb27,natanzinb27,engraçado,1.0,O baka prime iria fazer parkour
32:36,1956,rafadesa80,rafadesa80,neutro,1.0,Deve tá transando
32:37,1957,pedro_polegar,pedro_polegar,neutro,1.0,Lixão da mãe Lucinda
32:38,1958,pedro_9753,pedro_9753,engraçado,1.0,vão te reportar ao governo japones por ficar invandindo a propriadade dos outro
32:38,1958,panni1k_,panni1k_,neutro,1.0,server novo
32:39,1959,vspeed0,vspeed0,confuso,1.0,radio?
32:41,1961,amauriagj,Amauriagj,positivo,0.5,Salveee Baka LUL
32:44,1964,psbm86,psbm86,engraçado,1.0,É o Japão ou uma favela do rio
32:45,1965,florezzs2,florezzs2,neutro,1.0,bebe dessas garrafas
32:48,1968,lucneas,lucneas,confuso,1.0,ele ta em SP?
32:50,1970,ribossomo_,Ribossomo_,neutro,1.0,virou brasil
32:51,1971,rezeile_zika,rezeile_zika,neutro,1.0,Pega pa nois
32:51,1971,izei_,Izei_,neutro,1.0,eh um dunk
32:51,1971,oldrain21,oldrain21,neutro,1.0,boca de fumo
32:53,1973,kazulixo_6,kazulixo_6,neutro,1.0,Brasil core
32:53,1973,morttusdornitska,morttusdornitska,neutro,1.0,ponto de droga
32:53,1973,sngabs,sngabs,neutro,1.0,aí é ponto hein
32:53,1973,pedro_polegar,pedro_polegar,neutro,1.0,É seu
32:54,1974,thrillerzs,thrillerzs,neutro,1.0,Sobe e pega mano
32:54,1974,mariposa_alada,Mariposa_Alada,neutro,1.0,É sinal de biqueira
32:54,1974,tiiinkyy,Tiiinkyy,neutro,1.0,um barraco no Japão e ainda tem gato no barraco
32:55,1975,crocodilebay,crocodilebay,neutro,1.0,baka morreu e ta esse cara cagão
32:55,1975,paullouuvercavalar,paullouuvercavalar,neutro,1.0,Tem um pingo no nosso olhinho
32:55,1975,negligenciagames,negligenciaGames,neutro,1.0,Biqueira
32:55,1975,rafadesa80,rafadesa80,neutro,1.0,Porra man pega lá
32:56,1976,animol,AnImoL,neutro,1.0,tenis pendurado eh codigo
32:57,1977,josephh_zz,josephh_zz,neutro,1.0,"Vish, a biqueira fica ai"
32:57,1977,pedepanomttriste,PeDePanoMtTriste,neutro,1.0,Passa a mão filho
32:57,1977,brunosb654,brunosb654,confuso,1.0,E o xero desse beco?
32:59,1979,salamanderfps,salamanderfps,neutro,1.0,"Carai perdi esse tenis aqui no Brasil ano passado, foi parar ai"
33:01,1981,mayakovskayas,Mayakovskayas,positivo,1.0,liberdade ta foda msm
33:01,1981,pulchram12,pulchram12,engraçado,1.0,Wtf kkkk
33:01,1981,homuuraa,homuuraa,neutro,1.0,biqueira
33:01,1981,dxxkrl,dxxkrl,positivo,1.0,Salve Bakanudo
33:03,1983,arkanju,Arkanju,neutro,1.0,eu usava
33:06,1986,gallack000,Gallack000,neutro,1.0,Biqueira do Japa
33:07,1987,xenohfanes,xenohfanes,positivo,1.0,nesses becos são os melhores lugares pra puxar um cartola
33:07,1987,vinizinlm,vinizinlm,neutro,1.0,esse mês é nike
33:07,1987,marryros098,marryros098,neutro,1.0,Ponto de coisa ilícitas hummmm no Japão
33:09,1989,annoyinger,Annoyinger,neutro,1.0,é propaganda da nike
33:11,1991,pedepanomttriste,PeDePanoMtTriste,neutro,1.0,Isso é p avisar q chegou droga
33:11,1991,rafadesa80,rafadesa80,positivo,1.0,Que beco gostoso
33:12,1992,licht_zayy,licht_zayy,confuso,1.0,Porrazilla ou mechaporrazilla?
33:14,1994,amauriagj,Amauriagj,confuso,1.0,Como tá o aroma desse beco?
33:17,1997,knight_players,knight_players,confuso,1.0,Olá Baka. Isso aí é um doyagai?
33:17,1997,salamanderfps,salamanderfps,neutro,1.0,é Porvo
33:17,1997,deltalis_,deltalis_,neutro,1.0,"não pô, eles tiram e limpam o tênis"
33:18,1998,pedro_polegar,pedro_polegar,confuso,1.0,Isso ai é aviso de biqueira ta?
33:25,2005,wesleykolomar_br,wesleykolomar_br,neutro,1.0,os mineiro gosta dos trein
33:27,2007,tmz__braga,TMZ__BRAGA,engraçado,0.5,baka so faz live no meu horario de trabalhar ksksksksks
33:28,2008,marteeww,marteeww,neutro,1.0,"arrombado, vou entrar em prova agora"
33:30,2010,warmachinerj,WarMachineRJ,confuso,1.0,Uer??? Voltou ao Japão???????????????????????????
33:33,2013,monza_furioso,monza_furioso,neutro,1.0,ta ganho
33:34,2014,victoriafemboyer,victoriafemboyer,engraçado,1.0,Quanta aura ele abrindo o guarda-chuva
33:34,2014,pedroljn99,pedroljn99,confuso,1.0,que hora é essa aí??
33:39,2019,mariposa_alada,Mariposa_Alada,confuso,1.0,"Japão está deserto hoje, desabilitou os NPC baka?"
33:43,2023,pedro_polegar,pedro_polegar,confuso,1.0,"Tenis pendurado em fio é aviso que tem biqueira ali, o cara ta indo em beco de droga ja"
33:45,2025,morttusdornitska,morttusdornitska,engraçado,1.0,@victoriafemboyer muita
33:48,2028,wesleyp2p,wesleyp2p,neutro,1.0,@WarMachineRJ A passeio
33:52,2032,coolmelado,coolmelado,neutro,1.0,Japao de dia é miito fofo
33:52,2032,hyutarou,Hyutarou,neutro,1.0,deve ter o festival de trocar o tenis
33:57,2037,vieira030,vieira030,neutro,1.0,desativa a oclusao ambiental
33:58,2038,ayanmelo,ayanmelo,neutro,1.0,o cara só lavou o tenis e deixou pra secar
34:03,2043,dmelosh,dmelosh,neutro,1.0,Server tá vazio
34:05,2045,sr_ryann,Sr_Ryann,neutro,1.0,"sai do fake, essas calçadas fodidas tem aqui na cidade pra todo lado"
34:07,2047,suprem696969,suprem696969,confuso,1.0,bakka voltou pra solucionar o problema da baixa natalidade no japão?
34:14,2054,crocodilebay,crocodilebay,neutro,1.0,livre gravada guys
34:17,2057,vinizinlm,vinizinlm,engraçado,1.0,dos gringu***
34:20,2060,salamanderfps,salamanderfps,confuso,1.0,Tem algum lugar parecido com esse em Manaus?
34:21,2061,thiiiga,thiiiga,confuso,1.0,Oxi tu voltou para o Jão
34:23,2063,warmachinerj,WarMachineRJ,engraçado,1.0,@wesleyp2p Hummmm... Arigato gaza mais!!!
34:24,2064,pedro_9753,pedro_9753,engraçado,1.0,o server ainda não abriu
34:24,2064,ordepenn,ordepenn,neutro,1.0,"@suprem696969 ja resolveu fi, ta atrasado"
34:26,2066,julianosniperr,julianosniperr,neutro,1.0,Pernas
34:26,2066,bestty1,Bestty1,confuso,1.0,aq é a live de like a dragon dlss5 on?
34:27,2067,thiiiga,thiiiga,neutro,1.0,Japão
34:27,2067,thejhow1,thejhow1,neutro,1.0,opaa
34:31,2071,marryros098,marryros098,neutro,1.0,Isso é ponto de droga Isso sim
34:32,2072,gallack000,Gallack000,neutro,1.0,eita
34:32,2072,amauriagj,Amauriagj,positivo,1.0,climinha gostoso
34:33,2073,wesleykolomar_br,wesleykolomar_br,neutro,1.0,opa
34:33,2073,peluciacensurada,PeluciaCensurada,neutro,1.0,na Rússia o tênis lava o cara
34:34,2074,leidsan,LeidSan,neutro,1.0,Opaa
34:36,2076,robkilaz,Robkilaz,engraçado,0.5,As motos elétricas tão populares no Japão ou é só coisa de brasileiro mesmo?
34:37,2077,arkanju,Arkanju,neutro,1.0,passaram te olhando baka
34:38,2078,pedroljn99,pedroljn99,confuso,1.0,que hora é essa aí?? responde seboso
34:38,2078,amauriagj,Amauriagj,neutro,1.0,10/10 passou ali
34:41,2081,brucecorp,brucecorp,neutro,1.0,tocando raimundos
34:41,2081,pedro_polegar,pedro_polegar,neutro,1.0,Baile de favela no Japão
34:42,2082,mauuzin,mauuzin,neutro,1.0,PABLO VITARO
34:43,2083,natanzinb27,natanzinb27,neutro,1.0,Piseiro
34:46,2086,mallsii,Mallsii,neutro,1.0,TurnUp KittyHype
34:52,2092,paullouuvercavalar,paullouuvercavalar,neutro,1.0,Brega funk
34:56,2096,licht_zayy,licht_zayy,neutro,1.0,Imagina ele tromba a van do magic mirror kksks
34:57,2097,amauriagj,Amauriagj,neutro,1.0,deve ser as hi hop daí do beco
34:57,2097,morttusdornitska,morttusdornitska,neutro,1.0,mc ludmilla
35:02,2102,teddyadu,teddyadu,neutro,1.0,bakagaYakuza
35:02,2102,gunterfp5,gunterFP5,neutro,1.0,manuel gomes ctzx
35:02,2102,bestty1,Bestty1,confuso,1.0,vc morde o tenis antes de secar tbm?
35:05,2105,salamanderfps,salamanderfps,engraçado,1.0,Feirinha meio Persona 4
35:07,2107,fantasmario,fantasmario,neutro,1.0,que saudade baka
35:11,2111,maltata,Maltata,confuso,1.0,baka vai ficar quanto tempo no Japão?
35:14,2114,pedro_9753,pedro_9753,neutro,1.0,mete um funk ai naka
35:16,2116,amauriagj,Amauriagj,neutro,1.0,mc kagada feat mami
35:17,2117,pedepanomttriste,PeDePanoMtTriste,neutro,1.0,J-Funk
35:17,2117,julynhatoys,JulynhaToys,engraçado,0.5,Tu configurou a printer?
35:17,2117,gallack000,Gallack000,neutro,1.0,Mc Daniel
35:19,2119,guiih9fps,guiih9fps,neutro,1.0,pula ai
35:20,2120,clingerx_,ClingerX_,neutro,1.0,Piuíííííí ButtonMash
35:20,2120,morttusdornitska,morttusdornitska,neutro,1.0,pula
35:21,2121,salamanderfps,salamanderfps,engraçado,0.5,Confuso Sobrinho?
35:21,2121,mauuzin,mauuzin,neutro,1.0,Bate palma
35:22,2122,gallack000,Gallack000,engraçado,1.0,kkkkkkkkkkkkk
35:25,2125,pedro_polegar,pedro_polegar,neutro,1.0,Passa entre as grade
35:25,2125,jay_tepes,Jay_Tepes,neutro,1.0,"Os gráficos desse GTA VI estão muito realistas, parece até que é realmente o Baka andando no Japão"
35:30,2130,bren00n,bren00n,neutro,1.0,"Isaías 55  7 “Deixe o ímpio o seu caminho, e o homem maligno os seus pensamentos, e se converta ao Senhor, que se compadecerá dele; torne para o nosso Deus, porque grandioso é em perdoar.”"
35:35,2135,alektrospirozy,Alektrospirozy,frustrado,1.0,affs vey
35:38,2138,salamanderfps,salamanderfps,confuso,1.0,Tem dose de pinga?
35:39,2139,pedepanomttriste,PeDePanoMtTriste,neutro,1.0,Tu devia andar com uma JBL ai tocando cultura pros cara
35:42,2142,vspeed0,vspeed0,neutro,1.0,começaram a fecha por sua culpa
35:43,2143,fantasmario,fantasmario,positivo,0.5,seus trocadilhos e piadas irônicas são as melhores
35:44,2144,gunterfp5,gunterFP5,neutro,1.0,"mal baka perdi a hora, to indo ai levar a chave"
35:45,2145,izei_,Izei_,engraçado,0.5,"Meu nome é Yoshikage Kira. Tenho 33 anos. Minha casa fica na parte nordeste de Morioh, onde todas as casas estão, e eu não sou casado. Eu trabalho como funcionário das lojas de departamentos Kame Yu e chego em casa todos os dias às oito da noite, no máximo. Eu não fumo, mas ocasionalmente bebo. Estou na cama às 23 horas e me certifico de ter oito horas de sono, não importa o que aconteça. @BakaGaijinLive"
35:47,2147,vaibenzer,vaibenzer,confuso,1.0,Baka ta de volta no JP ?
35:47,2147,hue_br2000,hue_br2000,neutro,1.0,as vending machine são tipo um check point do baka
35:53,2153,karasu2024,karasu2024,neutro,1.0,ButtonMash
35:54,2154,thejhow1,thejhow1,neutro,1.0,corote
35:57,2157,gallack000,Gallack000,engraçado,1.0,kkkkkkkkkkkkkkkkkkkkkkkk
36:00,2160,victoriafemboyer,victoriafemboyer,engraçado,0.5,@PeDePanoMtTriste Colocar um podcast do Podpah
36:02,2162,mosherjay,mosherjay,neutro,1.0,"eu estou viciado em gemer, inclusive em público, não estou sabendo como lidar"
36:02,2162,julianosniperr,julianosniperr,neutro,1.0,Tá perdoado meu filho
36:06,2166,palhaco7,palhaco7,neutro,1.0,Cuidado com a extrasifilis irmão
36:08,2168,amauriagj,Amauriagj,neutro,1.0,Opaaaaaa
36:11,2171,negligenciagames,negligenciaGames,confuso,1.0,Pq ta tocando legião urbana ai?
36:11,2171,yuri_ferreir,yuri_ferreir,neutro,1.0,Aasaim
36:12,2172,gallack000,Gallack000,neutro,1.0,Pega essa batida ai
36:13,2173,mariposa_alada,Mariposa_Alada,engraçado,1.0,Vai nos evangelizar glória aleluia
36:16,2176,salamanderfps,salamanderfps,engraçado,1.0,Confuso Sobrinho criador do Confucionismo
36:17,2177,karasu2024,karasu2024,engraçado,1.0,GriddyGoose GriddyGoose
36:18,2178,clingerx_,ClingerX_,neutro,1.0,ButtonMash
36:21,2181,morttusdornitska,morttusdornitska,neutro,1.0,"@izei_ oloco, fala o nome da mãe tbm"
36:21,2181,annoyinger,Annoyinger,engraçado,1.0,confucios sobrinho
36:24,2184,brunozons,brunozons,confuso,1.0,aquele cara do panico?
36:24,2184,pedepanomttriste,PeDePanoMtTriste,neutro,1.0,Cada dia pior
36:24,2184,lu4n_demetrio,lu4n_demetrio,neutro,1.0,é um mn ai
36:27,2187,yurifukuhara,yurifukuhara,neutro,1.0,Fuuuuuu
36:27,2187,sawdzin,SawdZin,negativo,1.0,ta flopado pq so faz rerun
36:29,2189,amauriagj,Amauriagj,engraçado,1.0,faz parte do ritual
36:31,2191,marryros098,marryros098,neutro,1.0,Chinnn
36:33,2193,wesleyp2p,wesleyp2p,neutro,1.0,Culpa sua que tá fazendo pouca live
36:33,2193,paullouuvercavalar,paullouuvercavalar,neutro,1.0,Tche guevara
36:33,2193,pedro_polegar,pedro_polegar,neutro,1.0,Quem disse que essa live não é igreja
36:34,2194,fantasmario,fantasmario,engraçado,1.0,kkkkkk
36:35,2195,izei_,Izei_,neutro,1.0,@morttusdornitska eh copypasta
36:35,2195,uber_de_doguinho,uber_de_doguinho,neutro,1.0,CONFUSO
36:36,2196,daikii_zzz,daikii_zzz,engraçado,1.0,Kkkkkkkk
36:36,2196,dimitrirp,Dimitrirp,confuso,1.0,Como está sua fimose baka?
36:38,2198,josephh_zz,josephh_zz,neutro,1.0,E a barba vai cortar quando
36:38,2198,pedepanomttriste,PeDePanoMtTriste,neutro,1.0,Essa poarr é bihca
36:38,2198,dxxkrl,dxxkrl,neutro,1.0,Tá assoviando
36:39,2199,jadonny89,jadonny89,neutro,1.0,baka to começando agr na fotografia tem alguma dica
36:40,2200,morttusdornitska,morttusdornitska,neutro,1.0,fuuuuh
36:41,2201,sr_ryann,Sr_Ryann,neutro,1.0,esse aí é o capitão da divisão zero da soul society de bleach
36:42,2202,brunozons,brunozons,engraçado,1.0,o confucius sobrinho
36:43,2203,salamanderfps,salamanderfps,neutro,1.0,ele ta mandano bejo
36:45,2205,licht_zayy,licht_zayy,confuso,1.0,Esse é o shota nakama?
36:46,2206,maikon7501,maikon7501,positivo,1.0,@bakagaijinlive manda um salve para o Pupu mod da sushi
36:47,2207,y_anzeen,y_anzeen,confuso,1.0,vai colar na tokyo game show seu boiolinha?
36:51,2211,mayakovskayas,Mayakovskayas,neutro,1.0,Avengers
36:52,2212,hyutarou,Hyutarou,neutro,1.0,A
36:53,2213,pedro_polegar,pedro_polegar,negativo,1.0,Ta flopado pq não caiu ainda
36:53,2213,boggyneo,boggyneo,neutro,1.0,A
36:53,2213,ana_mand,ana_mand,neutro,1.0,@Izei_ Mentira
36:55,2215,crocodilebay,crocodilebay,neutro,1.0,"medo de chuva medo de beco, n é o mesmo"
36:57,2217,kise_ryota__,Kise_Ryota__,neutro,1.0,bastante água molhada caindo
36:57,2217,deltalis_,deltalis_,neutro,1.0,"ele tá soprando, porque você veio fervendo"
36:59,2219,adrianopb,ADRIANOPB,positivo,1.0,Salve salveeeeeee
36:59,2219,gallack000,Gallack000,neutro,1.0,Musicão no fundo
37:01,2221,lanadka,Lanadka,neutro,1.0,Essa garoa que molha
37:02,2222,celichippuzu,CeliChippuzu,negativo,1.0,Tá flopado porque é gordo e preguiçoso
37:02,2222,zenith_2xko,zenith_2xko,neutro,1.0,xiii
37:02,2222,vspeed0,vspeed0,neutro,1.0,vai chorar e
37:03,2223,lukenull,lukenull,neutro,1.0,Liberdade debaixo d'água
37:06,2226,pedepanomttriste,PeDePanoMtTriste,neutro,1.0,E é molhada ainda
37:07,2227,tsukinobiel,TsukinoBiel,neutro,1.0,No brasil ta igual nao para de chover
37:07,2227,mgabriel1000,mgabriel1000,neutro,1.0,peepoPls
37:09,2229,morttusdornitska,morttusdornitska,engraçado,0.5,a tristeza sendo contemplada
37:13,2233,vspeed0,vspeed0,neutro,1.0,ai diva
37:13,2233,uber_de_doguinho,uber_de_doguinho,neutro,1.0,gatooo
37:14,2234,dogo_cg,dogo_cg,neutro,1.0,Oxe onde que ele ta
37:14,2234,victoriafemboyer,victoriafemboyer,neutro,1.0,Calvicie cantando
37:15,2235,mauuzin,mauuzin,neutro,1.0,Mostra teu labio
37:16,2236,arkanju,Arkanju,neutro,1.0,tá no estilo
37:16,2236,kthyosu,kthyosu,neutro,1.0,vai ja morrer
37:17,2237,suprem696969,suprem696969,neutro,1.0,leon kennedy
37:17,2237,salamanderfps,salamanderfps,neutro,1.0,tem nem 30 ano
37:18,2238,quatroporcento,quatroporcento,confuso,1.0,Quando o baka vai liberar a regiões secretas do Japão?
37:18,2238,thejhow1,thejhow1,neutro,1.0,veio da porra
37:19,2239,xenohfanes,xenohfanes,positivo,1.0,famosa chuva de molhar baka
37:20,2240,yuri_ferreir,yuri_ferreir,neutro,1.0,Vai cair um toró
37:21,2241,vieira030,vieira030,neutro,1.0,baka parece ser 40tao
37:22,2242,murilocannabis,murilocannabis,neutro,1.0,idoso
37:23,2243,ph_dsg,PH_dsg,positivo,1.0,"q bom, q assim toma banho"
37:23,2243,ribossomo_,Ribossomo_,neutro,1.0,VOCE É CHAD
37:23,2243,mauuzin,mauuzin,engraçado,1.0,Olá maria gabu
37:23,2243,licht_zayy,licht_zayy,neutro,1.0,Eu vi as duas entradas pro aeroporto
37:24,2244,josephh_zz,josephh_zz,engraçado,1.0,josephh_zz subscribed at Tier 1.
37:27,2247,gallack000,Gallack000,neutro,1.0,Picadilha de vein
37:28,2248,amauriagj,Amauriagj,neutro,1.0,"lança um, Grecin"
37:28,2248,chat_da_live,chat_da_live,confuso,1.0,mostra a bunda do queixo
37:28,2248,pedro_polegar,pedro_polegar,neutro,1.0,Linda malévola
37:29,2249,wesleykolomar_br,wesleykolomar_br,neutro,1.0,lado esquerde é petista
37:30,2250,dioo,Dioo,neutro,1.0,"faz contagem quando for virar a cam na próxima, só susto"
37:30,2250,wesleyp2p,wesleyp2p,confuso,1.0,Baka tem quantos anos?
37:31,2251,r_lira28,r_lira28,neutro,1.0,É O LADO DA PUNHETA
37:31,2251,bistekaogg,BistekaoGG,neutro,1.0,lado racista
37:32,2252,gvcf01,gvcf01,neutro,1.0,ESSE ÓCULOS FICOU NERD BAKA
37:32,2252,pedepanomttriste,PeDePanoMtTriste,neutro,1.0,Ta parecendo a dona creuza
37:32,2252,mayakovskayas,Mayakovskayas,neutro,1.0,ta velho mesmo
37:33,2253,lanadka,Lanadka,confuso,1.0,É O LADO QUE VC DORME MAIS
37:34,2254,teddyadu,teddyadu,confuso,1.0,Foi atropelado?
37:34,2254,parcelamento_a_vista,parcelamento_a_vista,confuso,1.0,Kojima?
37:35,2255,florezzs2,florezzs2,neutro,1.0,mutação
37:35,2255,kuzuri01_,kuzuri01_,engraçado,1.0,Não e só do lado não kkkkkk
37:36,2256,carmeziin,carmeziin,neutro,1.0,É a idade
37:36,2256,salamanderfps,salamanderfps,neutro,1.0,Pelomenos nao ta calvo
37:37,2257,izei_,Izei_,engraçado,0.5,@ana_mand como descobriu? nao conta. eh segredo!
37:38,2258,fakedev,fakedev,positivo,0.333,Cheer100 Baka se pretende ir todo ano fazer merda ai no Japão depois voltar para o Brasil?
37:42,2262,sr_ryann,Sr_Ryann,neutro,1.0,lado esquerdo é comunista
37:42,2262,jonathansich,JonathanSich,neutro,1.0,Nanami de Jujutsu
37:42,2262,vinizinlm,vinizinlm,neutro,1.0,"o lado direito é ativo, o esquerdo é passivo"
37:44,2264,pedepanomttriste,PeDePanoMtTriste,neutro,1.0,Celebro**
37:50,2270,morttusdornitska,morttusdornitska,neutro,1.0,sim
37:54,2274,bessonigostoso,bessonigostoso,confuso,1.0,Ele voltou pro Japão?
37:54,2274,crocodilebay,crocodilebay,confuso,1.0,os pelo do saco já tão assim tbm?
37:56,2276,luisfabianopvr,luisfabianopvr,confuso,1.0,Baka como faço para ter orgasmos com você?
37:56,2276,vieira030,vieira030,neutro,1.0,@salamanderfps tu que acha
37:56,2276,wesleykolomar_br,wesleykolomar_br,neutro,1.0,fudeu ent
37:56,2276,lanadka,Lanadka,neutro,1.0,Sim
37:57,2277,josephh_zz,josephh_zz,neutro,1.0,Só faltou ser canhoto
37:57,2277,residente_dorminhoko,residente_dorminhoko,neutro,1.0,sim
37:59,2279,goldendourado,goldendourado,confuso,1.0,ele ta visitando ou voltou pro japao amigos?
38:00,2280,uchihamelo,UchihaMelo,neutro,1.0,o lado racista
38:01,2281,julianosniperr,julianosniperr,neutro,1.0,Balela
38:01,2281,lanadka,Lanadka,engraçado,1.0,Kkkkkkkkk
38:04,2284,hyutarou,Hyutarou,engraçado,1.0,kkkkkkkkkk
38:05,2285,pedro_polegar,pedro_polegar,neutro,1.0,Não cara... é o lado q vc dá mais
38:06,2286,pedepanomttriste,PeDePanoMtTriste,neutro,1.0,Isso é qnd ce toma susto
38:06,2286,gustavin_7x,gustavin_7x,neutro,1.0,e a idade mesmo baka
38:09,2289,uber_de_doguinho,uber_de_doguinho,engraçado,1.0,kkkkkkkkkkkkkkkkkkk[
38:10,2290,artuurbr21,artuurbr21,neutro,1.0,so é sinal de velhice msm
38:11,2291,tristesatanexe,TristeSatanExe,positivo,0.333,TristeSatanExe watched 3 consecutive streams and sparked a watch streak! Salvee
38:11,2291,sr_ryann,Sr_Ryann,neutro,1.0,a loja já nasce morta
38:13,2293,yuri_ferreir,yuri_ferreir,confuso,1.0,É o lado do zovo que sai mais gozo
38:13,2293,celichippuzu,CeliChippuzu,engraçado,1.0,"Já disse 20 zoeiras baka, você me deu 20 reais só nesta live"
38:14,2294,adrianopb,ADRIANOPB,positivo,1.0,@bessonigostoso sim
38:15,2295,quatroporcento,quatroporcento,neutro,1.0,Claro né é uma característica do fenotipo
38:16,2296,hyutarou,Hyutarou,neutro,1.0,"morreu os preços altos, tudo em promoção agora"
38:17,2297,xurig,xurig,confuso,1.0,é o lado que batia sol quando você era caminhoneiro
38:19,2299,dogo_cg,dogo_cg,neutro,1.0,"Não, é estresse, o cara voltou pro Brasil e não ta tankando"
38:20,2300,mrbloodkira,Mrbloodkira,neutro,1.0,sorte que só durmo de bruços
38:23,2303,peluciacensurada,PeluciaCensurada,neutro,1.0,dorme de pé que o cabelo nunca vai ficar branco
38:23,2303,gallack000,Gallack000,neutro,1.0,é poggers
38:23,2303,lanadka,Lanadka,engraçado,1.0,Kkkkkkkkkk
38:24,2304,residente_dorminhoko,residente_dorminhoko,neutro,1.0,vai traduzindo em tempo real ai
38:25,2305,salamanderfps,salamanderfps,confuso,1.0,PAO?
38:25,2305,kaliroz,kaliroz,engraçado,0.5,"kaliroz subscribed with Prime. They've subscribed for 8 months! baka, pretende ir para outras regiões do japao enquanto está por ai?"
38:26,2306,amauriagj,Amauriagj,neutro,1.0,parece as feira da Mooca
38:27,2307,pedepanomttriste,PeDePanoMtTriste,neutro,1.0,La ele
38:29,2309,gvcf01,gvcf01,neutro,1.0,3 lives no mesmo ano é Guinness book
38:32,2312,paullouuvercavalar,paullouuvercavalar,neutro,1.0,De ladinho é pog
38:36,2316,florezzs2,florezzs2,neutro,1.0,é pão
38:37,2317,edlhp1910,edlhp1910,neutro,1.0,Baka vc tá na liberdade
38:40,2320,lanadka,Lanadka,neutro,1.0,Arroganti
38:40,2320,vieira030,vieira030,neutro,1.0,entrou no loop
38:41,2321,lostcaco,LostCaco,frustrado,1.0,n tankou o bostil
38:42,2322,tristesatanexe,TristeSatanExe,confuso,1.0,Vai Um Pao?
38:45,2325,karasu2024,karasu2024,confuso,1.0,Tá na Bahia?
38:46,2326,thrillerzs,thrillerzs,neutro,1.0,Beco comercial
38:46,2326,carmeziin,carmeziin,neutro,1.0,"Ele só se enfia em qualquer lugar, e fds"
38:47,2327,salamanderfps,salamanderfps,engraçado,1.0,Nao tem uma padaria aberta
38:48,2328,thejhow1,thejhow1,confuso,1.0,vai ficar ai até quando?
38:48,2328,chat_da_live,chat_da_live,neutro,1.0,vazou q ta no brasil
38:50,2330,jadonny89,jadonny89,neutro,1.0,baka tem alguma dica pra fotografo iniciante
38:52,2332,arkanju,Arkanju,neutro,1.0,car acabou de passar pano ae e vc ta molhando tudo
38:52,2332,ph_dsg,PH_dsg,neutro,1.0,pedi ali dois pao nego e 1 pau rosa
38:53,2333,uber_de_doguinho,uber_de_doguinho,confuso,1.0,URUGUAIANA
38:53,2333,artuurbr21,artuurbr21,neutro,1.0,pao e agua
38:53,2333,snowsnowsnowx10,snowsnowsnowx10,positivo,0.5,o bom filho a casa retorna?
38:55,2335,g0nvlr,g0nvlr,neutro,1.0,"caralho, baka ta na russia"
38:59,2339,ibodao,iBodao,confuso,1.0,voltou para tokio? o que foi que eu perdi?
39:00,2340,adrianopb,ADRIANOPB,neutro,1.0,ButtonMash
39:05,2345,zenith_2xko,zenith_2xko,neutro,1.0,"vasco x santa fe , quem ganha"
39:07,2347,kise_ryota__,Kise_Ryota__,neutro,1.0,em partes diferentes do corpo
39:10,2350,luisfabianopvr,luisfabianopvr,confuso,1.0,Baka como faço para obter múltiplos orgasmos com você?
39:11,2351,yuri_ferreir,yuri_ferreir,neutro,1.0,Love na Guiana
39:11,2351,pedepanomttriste,PeDePanoMtTriste,neutro,1.0,Na liberdade n da pra ver 1 seg de live sem cair
39:12,2352,gallack000,Gallack000,confuso,1.0,tem outra biqueira ai?
39:13,2353,amauriagj,Amauriagj,neutro,1.0,NotLikeThis  pode
39:14,2354,pedroljn99,pedroljn99,confuso,1.0,Baka isso é em Salvador!?
39:15,2355,g0nvlr,g0nvlr,neutro,1.0,me lembra muito minha rua ai
39:15,2355,teddyadu,teddyadu,confuso,1.0,Monjarou?
39:16,2356,paullouuvercavalar,paullouuvercavalar,neutro,1.0,@zenith_2xko VASCO
39:16,2356,mayakovskayas,Mayakovskayas,confuso,1.0,Oque tem na bag
39:17,2357,salamanderfps,salamanderfps,neutro,1.0,engordou so na bunda
39:22,2362,dogo_cg,dogo_cg,neutro,1.0,vdd que vc voltou pro Brasil e envelheceu 50 anos em menos de 5
39:26,2366,pedroljn99,pedroljn99,engraçado,1.0,parece o pelorinho
39:27,2367,sngabs,sngabs,neutro,1.0,@iBodao é a liba
39:27,2367,pskaren,pskaren,neutro,1.0,é a escoliose
39:30,2370,wesleykolomar_br,wesleykolomar_br,neutro,1.0,olha a rem
39:33,2373,jay_tepes,Jay_Tepes,confuso,1.0,A live em Indianápolis é quando?
39:43,2383,deltalis_,deltalis_,confuso,1.0,Quando que vai pegar a side quest?
39:44,2384,tsukinobiel,TsukinoBiel,confuso,1.0,Quarta feira 7 da manha e esse japonês nao querem trabalhar
39:47,2387,salamanderfps,salamanderfps,neutro,1.0,Coloca um corvo na bag
39:47,2387,morttusdornitska,morttusdornitska,neutro,1.0,baka ozempic
39:51,2391,wesleyp2p,wesleyp2p,confuso,1.0,Duas? Pensei que essa era a segunda
39:51,2391,chat_da_live,chat_da_live,neutro,1.0,vai pra india baka
39:54,2394,pedepanomttriste,PeDePanoMtTriste,neutro,1.0,Oh nojeira
39:56,2396,mauuzin,mauuzin,confuso,1.0,"Baka, tem data pervista para live de bikini?"
39:59,2399,luisfabianopvr,luisfabianopvr,confuso,1.0,Baka você está qual país ?
40:00,2400,pedro_polegar,pedro_polegar,neutro,1.0,Cuspiu na nossa cara delicia
40:02,2402,paullouuvercavalar,paullouuvercavalar,neutro,1.0,"Baka nao voltou pro Japão, isso ai é rerun todo mundo sabe"
40:03,2403,mariposa_alada,Mariposa_Alada,neutro,1.0,Que homem fofo
40:05,2405,quatroporcento,quatroporcento,neutro,1.0,Vo nada
40:05,2405,e006cr,e006cr,engraçado,0.5,É feriado ai? 7 da manha e tudo fechado
40:07,2407,amauriagj,Amauriagj,neutro,1.0,escorregato escorreguinho escorregante escorregão
40:07,2407,snowsnowsnowx10,snowsnowsnowx10,confuso,1.0,nova skin com oculos? ele usava oculos antes?
40:07,2407,pedepanomttriste,PeDePanoMtTriste,engraçado,1.0,Printado
40:09,2409,sngabs,sngabs,confuso,1.0,antecipando corte?
40:12,2412,srbiscoito16,SrBiscoito16,confuso,1.0,SrBiscoito16 watched 3 consecutive streams and sparked a watch streak! Quando você vai vir andar nos becos daqui de Pica-Grossa-Manhosa BA?
40:12,2412,josephh_zz,josephh_zz,confuso,1.0,Tá tendo Surra de bunda nessas lives?
40:12,2412,hyutarou,Hyutarou,confuso,1.0,tem de aquiles?
40:14,2414,gallack000,Gallack000,neutro,1.0,caramão
40:15,2415,uber_de_doguinho,uber_de_doguinho,confuso,1.0,twink?
40:18,2418,merdinhadebosta,merdinhadebosta,neutro,1.0,Cara mal foi e ja pegou o fast travel de volta
40:21,2421,victoriafemboyer,victoriafemboyer,engraçado,1.0,Shrimpy ou pranwn
40:23,2423,lu4n_demetrio,lu4n_demetrio,neutro,1.0,mostrou ai molhou aqui
40:23,2423,baratadesaiaaa,baratadesaiaaa,neutro,1.0,oiii HeyGuys
40:24,2424,arkanju,Arkanju,engraçado,1.0,só conheço o shurinp q faz stream
40:25,2425,ibodao,iBodao,neutro,1.0,@paullouuvercavalar ele acabou de responder a minha pergunta
40:28,2428,vinizinlm,vinizinlm,engraçado,1.0,tendao broxa frito
40:28,2428,luisfabianopvr,luisfabianopvr,neutro,1.0,Baka como você foi para o. Japão
40:32,2432,chat_da_live,chat_da_live,neutro,1.0,5 tendão de twink
40:33,2433,salamanderfps,salamanderfps,neutro,1.0,As propagandas ai tem muita informaçao da nem pra ler nada
40:34,2434,kuzuri01_,kuzuri01_,neutro,1.0,Ele tem tezao
40:39,2439,wesleykolomar_br,wesleykolomar_br,confuso,1.0,@Arkanju de vr?
40:40,2440,suprem696969,suprem696969,neutro,1.0,japones paga de trabalhador mas ta tudo dormindo as 7 da manha
40:41,2441,pedro_polegar,pedro_polegar,neutro,1.0,7 da manhã aqui já tem buteco aberto
40:42,2442,k_amaral9,k_amaral9,confuso,1.0,Voltou a mentir baka? Todo mundo sabe que aí é Sorocaba
40:42,2442,adrianopb,ADRIANOPB,engraçado,1.0,ADRIANOPB watched 3 consecutive streams and sparked a watch streak! ButtonMash ButtonMash
40:44,2444,pedepanomttriste,PeDePanoMtTriste,neutro,1.0,Aqui é mais tarde q abre
40:45,2445,ryan_goslingdrive7,ryan_goslingdrive7,positivo,0.5,Baka cheguei do trabalho agr vamos tomar banho comigo?
40:46,2446,arthurscoot,arthurscoot,neutro,1.0,Pensei que a yakuza tinha te levado
40:48,2448,uber_de_doguinho,uber_de_doguinho,neutro,1.0,tem PAO
40:51,2451,crocodilebay,crocodilebay,confuso,1.0,já fumou maconha aí no  jp?
40:51,2451,chat_da_live,chat_da_live,confuso,1.0,n tem?
40:51,2451,brucecorp,brucecorp,neutro,1.0,7 da manha ceagesp tá a milhão
40:54,2454,hyutarou,Hyutarou,confuso,1.0,e vcs comem oq de manha?
40:58,2458,phaantomlord,PhaantomLord,neutro,1.0,no jap
40:59,2459,juninomiliorintheworld,juninomiliorintheworld,neutro,1.0,Vagabundos 7 da manhã e ngm trabalhando
40:59,2459,giovanniconde,giovanniconde,engraçado,1.0,Bate em alguem aleatorio ai Baka
41:02,2462,kahfps,kahfps,engraçado,0.5,imagina não ter padaria pqp
41:03,2463,julianosniperr,julianosniperr,engraçado,1.0,Vou pro japão abrir uma padaria
41:05,2465,warmachinerj,WarMachineRJ,confuso,1.0,"Ai no japão é regime 9,9,6 de trabalho?"
41:05,2465,mariposa_alada,Mariposa_Alada,neutro,1.0,@Hyutarou Casadas
41:07,2467,salamanderfps,salamanderfps,engraçado,1.0,"Ta ai um nicho a ser explorado, padarias japonesas"
41:07,2467,chat_da_live,chat_da_live,confuso,1.0,e o padeiro faz oq no japão?
41:07,2467,licht_zayy,licht_zayy,engraçado,1.0,Vai na padaria pedir cacete
41:07,2467,winklesdw,WINKLEsdw,confuso,1.0,Que isso lives frequentes? Faliu?
41:08,2468,eike204,eike204,neutro,1.0,7 da manhã já tem puteiro
41:10,2470,pedro_polegar,pedro_polegar,engraçado,1.0,Não ter padaria é esculacho
41:10,2470,pedepanomttriste,PeDePanoMtTriste,confuso,1.0,Num tem pão e os cara come o q no cafet?
41:11,2471,amauriagj,Amauriagj,neutro,1.0,tá faltando até toyoko aí deve tá de greve
41:12,2472,snowsnowsnowx10,snowsnowsnowx10,neutro,1.0,cuidado pro ghostface da bienal nao da um tapa na sua cara ai na rua
41:16,2476,sylv_vtbr,sylv_vtbr,positivo,0.5,"@Hyutarou por incrivel q pareça, arroz"
41:20,2480,lanadka,Lanadka,neutro,1.0,Ai ta sujo em
41:20,2480,quatroporcento,quatroporcento,engraçado,1.0,Eu trabalho numa padaria e ta aberta ate agora
41:20,2480,arelich,Arelich,neutro,1.0,"nem tem pão na chapa ai, pais falido"
41:21,2481,sngabs,sngabs,neutro,1.0,baka envelheceu e está se sentindo sozinho
41:22,2482,gallack000,Gallack000,neutro,1.0,corvo
41:24,2484,sawdzin,SawdZin,neutro,1.0,captura
41:24,2484,e006cr,e006cr,engraçado,1.0,@kahfps Pais de primeiro mundo btw
41:25,2485,brucecorp,brucecorp,neutro,1.0,7 da manhã p trem da cptm já tao pegando fogo
41:26,2486,salamanderfps,salamanderfps,neutro,1.0,Pede licensa pra ele fi
41:27,2487,kise_ryota__,Kise_Ryota__,neutro,1.0,"""minha máquina"""
41:28,2488,sir_oregon,sir_oregon,neutro,1.0,cuidado e um pokemon
41:29,2489,mauuzin,mauuzin,neutro,1.0,Blindão
41:29,2489,amauriagj,Amauriagj,neutro,1.0,segurança
41:30,2490,rogzer4,rogzer4,neutro,1.0,Postura
41:31,2491,koitsuab,koitsuab,engraçado,1.0,"tava querendo ir para o japão, não ter padaria moio minha vontade"
41:31,2491,ph_dsg,PH_dsg,neutro,1.0,enfrenta o boss da maquina
41:31,2491,pedro_polegar,pedro_polegar,engraçado,1.0,Um país que não tem padaria não tem como ser feliz
41:31,2491,josephh_zz,josephh_zz,neutro,1.0,Todo bicudo
41:34,2494,sapo_peregrino,Sapo_Peregrino,confuso,1.0,Itachi????
41:35,2495,gallack000,Gallack000,neutro,1.0,ele é inteligente
41:36,2496,deltalis_,deltalis_,neutro,1.0,"Fera demais cara, esse peitoral"
41:36,2496,pedroljn99,pedroljn99,confuso,1.0,mais corvo que pessoas na rua
41:36,2496,shiryuzinho,Shiryuzinho,neutro,1.0,Itachi
41:36,2496,ribossomo_,Ribossomo_,neutro,1.0,ESSE CORVO TA RAIADO PRA CARALHO
41:37,2497,lanadka,Lanadka,neutro,1.0,Corvo da kgb
41:37,2497,dalton_olivera,dalton_olivera,neutro,1.0,Ai ainda não escureceu
41:38,2498,luisfabianopvr,luisfabianopvr,confuso,1.0,No Japão tem pão?
41:40,2500,residente_dorminhoko,residente_dorminhoko,neutro,1.0,esse ai ta grande
41:40,2500,phaantomlord,PhaantomLord,neutro,1.0,ta shapado
41:41,2501,dani_leenhares,Dani_Leenhares,neutro,1.0,SP chovendo há 6 dias seguidos porque Baka voltou pro Japão
41:41,2501,luxnis_,luxnis_,neutro,1.0,gordo
41:42,2502,bakinae,bakinae,neutro,1.0,"segurança no japao é forte, eles colocam corvo pra proteger, e eles se lembram do rosto hein"
41:43,2503,mariposa_alada,Mariposa_Alada,neutro,1.0,Cheio de aumoço
41:43,2503,pulchram12,pulchram12,neutro,1.0,Ai sim hein
41:43,2503,wesleykolomar_br,wesleykolomar_br,neutro,1.0,caimo no mangekyo
41:43,2503,pedepanomttriste,PeDePanoMtTriste,neutro,1.0,Lançar um arrozao com feijoada 7 da manhã
41:43,2503,kthyosu,kthyosu,neutro,1.0,traz de pet
41:44,2504,morttusdornitska,morttusdornitska,neutro,1.0,parrudo e bicudo
41:44,2504,gustavin_7x,gustavin_7x,neutro,1.0,chad
41:45,2505,suprem696969,suprem696969,neutro,1.0,sidequest
41:46,2506,mauuzin,mauuzin,neutro,1.0,CALMA BITELO
41:46,2506,e006cr,e006cr,neutro,1.0,Tucano estranho esse dai
41:46,2506,mosherjay,mosherjay,negativo,0.5,"Eu estou com o péssimo hábito de gemer em público, não estou sabendo lidar, alguma dica?"
41:47,2507,vspeed0,vspeed0,neutro,1.0,academia vi
41:47,2507,amauriagj,Amauriagj,neutro,1.0,um gótico
41:50,2510,licht_zayy,licht_zayy,neutro,1.0,Corvo comedor de rato
41:50,2510,teddyadu,teddyadu,neutro,1.0,Imagina a chupeta
41:50,2510,gallack000,Gallack000,neutro,1.0,Monster
41:51,2511,this_is_pedro,This_is_Pedro,neutro,1.0,Cheguei
41:52,2512,gustavin_7x,gustavin_7x,neutro,1.0,alpha
41:52,2512,snowsnowsnowx10,snowsnowsnowx10,neutro,1.0,monster
41:52,2512,zlanz013,zlanz013,neutro,1.0,pega uma 51
41:53,2513,ryan_goslingdrive7,ryan_goslingdrive7,neutro,1.0,Baka tô batendo uma no banho pensando em você
41:53,2513,thrillerzs,thrillerzs,neutro,1.0,Itachi On
41:55,2515,uber_de_doguinho,uber_de_doguinho,neutro,1.0,oferece algo
41:56,2516,adrianopb,ADRIANOPB,neutro,1.0,!pix
41:56,2516,nightbot,Nightbot,neutro,1.0,Mande seu pix http://livepix.gg/bakagaijin
41:57,2517,pedepanomttriste,PeDePanoMtTriste,neutro,1.0,Pega o corvo
41:57,2517,salamanderfps,salamanderfps,confuso,1.0,Pergunta pro corvo o que voce deve pedir
41:57,2517,lostcaco,LostCaco,engraçado,1.0,bate em NPC aleatório
41:57,2517,beyond_desolation2,Beyond_Desolation2,engraçado,1.0,MARICATA DIFERENTE
41:58,2518,sngabs,sngabs,neutro,1.0,pega monster
42:00,2520,lanadka,Lanadka,neutro,1.0,Corvo ta na sua maldade
42:04,2524,josephh_zz,josephh_zz,neutro,1.0,O brocolis é o segredo
42:04,2524,kise_ryota__,Kise_Ryota__,neutro,1.0,"ainda bem que tu tá de óculos, olhos protegidos"
42:05,2525,yurifukuhara,yurifukuhara,engraçado,1.0,Esperando você vira bife pra ele isso sim kkkkk
42:07,2527,victoriafemboyer,victoriafemboyer,neutro,1.0,"Oloco, o bicho da peste negra"
42:09,2529,bandidadaisa,bandidadaisa,neutro,1.0,Monsterzinho pra começar o dia bem
42:13,2533,sir_oregon,sir_oregon,neutro,1.0,cuidado pra nao de roubaren ai no beco
42:13,2533,pedroljn99,pedroljn99,neutro,1.0,tem mais corvos que pessoas na rua
42:14,2534,pedro_polegar,pedro_polegar,neutro,1.0,Esse corvo cagando em cima da maquina maneiro
42:14,2534,peluciacensurada,PeluciaCensurada,neutro,1.0,quero ir pro Japão só pra dar o toba
42:16,2536,ibodao,iBodao,neutro,1.0,comer soda e beber sushi
42:17,2537,betolxi,betolxi,positivo,0.333,"Bom dia baka, pode me explicar oq é o materialismo historico dialetico de karl marx, tenho prova amanhã"
42:18,2538,omecanicors,oMecanicoRs,neutro,1.0,monster pra da um punp
42:22,2542,wesleykolomar_br,wesleykolomar_br,neutro,1.0,pega coca
42:22,2542,jhouzera7,ジュゼラ7,confuso,1.0,ta de viajem ou volto ?
42:28,2548,koitsuab,koitsuab,confuso,1.0,baka faça uma busca incessante por Paçoquinha
42:29,2549,pedepanomttriste,PeDePanoMtTriste,negativo,1.0,Era o lixo q o outro corvo tava mexeno
42:30,2550,betolxi,betolxi,confuso,1.0,"não quero estudar, quero ver sua live"
42:31,2551,gallack000,Gallack000,engraçado,1.0,kkkkkkkkkkkkkkkk
42:33,2553,sir_oregon,sir_oregon,neutro,1.0,ai deve ter um traficante ai nobeco
42:34,2554,betolxi,betolxi,engraçado,0.5,triste
42:36,2556,duckn_00,duckn_00,confuso,1.0,o corvo deve saber oq vc quer
42:37,2557,grayoden,Grayoden,positivo,0.5,"Bom dia, linda. Zap?"
42:38,2558,amauriagj,Amauriagj,confuso,1.0,coquinha gelada
42:41,2561,dante_____12,dante_____12,confuso,1.0,vai ter julinha hoje?
42:43,2563,vspeed0,vspeed0,neutro,1.0,suco de laranja po
42:44,2564,reptilianomestre,ReptilianoMestre,neutro,1.0,"OLA BAKA, ESTOU COMENDO CARNE DE PORCO E TE ASSISTINDO"
42:44,2564,salamanderfps,salamanderfps,confuso,1.0,Energetico da sifilis?
42:45,2565,gondojr,gondojr,engraçado,1.0,Pega o refrigerante para asiáticos gays
42:45,2565,vinizinlm,vinizinlm,neutro,1.0,estrassistoles
42:48,2568,paullouuvercavalar,paullouuvercavalar,neutro,1.0,Extra glitors
42:54,2574,juninomiliorintheworld,juninomiliorintheworld,confuso,1.0,Sifilis?
42:55,2575,mrbunny_oficial,mrbunny_oficial,neutro,1.0,Cheguei na live e o mano falando de sífilis
42:58,2578,ryan_goslingdrive7,ryan_goslingdrive7,confuso,1.0,Já desbloqueou o Beijo Grego na nova atualização do sexo?🙁
42:59,2579,kazulixo_6,kazulixo_6,neutro,1.0,Se pegar alguma coisa dessa máquina vai desafiar o boss
43:00,2580,gallack000,Gallack000,confuso,1.0,Mestre Sifílis?
43:02,2582,astakoda,AstaKoda,neutro,1.0,Extra-sífilis
43:03,2583,well_sg,well_sg,confuso,1.0,"ué, acordou cedo"
43:04,2584,pedepanomttriste,PeDePanoMtTriste,confuso,1.0,E o das muie não? Papo de machismo amigo
43:08,2588,beyond_desolation2,Beyond_Desolation2,neutro,1.0,k
43:09,2589,peix3manso,peix3manso,neutro,1.0,oi baka
43:12,2592,this_is_pedro,This_is_Pedro,neutro,1.0,"Também tenho bala, sei com é"
43:12,2592,pedro_polegar,pedro_polegar,neutro,1.0,Fala direito aligenigena
43:12,2592,reptilianomestre,ReptilianoMestre,engraçado,1.0,LUL LUL LUL LUL LUL LUL LUL LUL LUL
43:12,2592,dnzinn5_,dnzinn5_,neutro,1.0,"@betolxi e só estudar e ver a live ue, não é difícil"
43:15,2595,ibodao,iBodao,confuso,1.0,EXTRA CLITORES?
43:16,2596,mour4sb,Mour4SB,neutro,1.0,mas voce falou sifilis
43:17,2597,artuurbr21,artuurbr21,engraçado,1.0,kkkkkkkk
43:22,2602,re4per_r_,re4per_r_,neutro,1.0,Extrassístoles
43:26,2606,dards39,dards39,neutro,1.0,Dá pra ver esse sendo dublado
43:27,2607,salamanderfps,salamanderfps,engraçado,1.0,Homem ouve homem faz piada
43:27,2607,psic0patta,PSIC0PATTA,confuso,1.0,ue o cara voltou pro japao?
43:27,2607,senhorley,senhorley,neutro,1.0,"Ainda bem, o mundo está no caminho certo"
43:28,2608,artuurbr21,artuurbr21,neutro,1.0,e agr q vc falou te chamaremos assim tb
43:29,2609,uber_de_doguinho,uber_de_doguinho,neutro,1.0,Homens rs
43:30,2610,k_amaral9,k_amaral9,confuso,1.0,É tipo um nível 2 de sífilis?
43:30,2610,licht_zayy,licht_zayy,confuso,1.0,Os cara fica impressionado sem saber o que é tlg
43:31,2611,alektrospirozy,Alektrospirozy,confuso,1.0,"Ué mano, mais ai tmb se fica bobeando"
43:32,2612,chat_da_live,chat_da_live,engraçado,1.0,kkkkkkkkkkkkkkkkkk
43:32,2612,residente_dorminhoko,residente_dorminhoko,engraçado,0.5,vc tem grupo com varios caras?
43:33,2613,crocodilebay,crocodilebay,neutro,1.0,claro vc fica inventando doença
43:34,2614,blueashlyh,blueashlyh,neutro,1.0,"E verdade, tem muito homem aqui nesse chat"
43:34,2614,ayanmelo,ayanmelo,confuso,1.0,pegou sifilis no japão ou no Brasil?
43:35,2615,pedepanomttriste,PeDePanoMtTriste,neutro,1.0,Nois é assim msm
43:36,2616,reptilianomestre,ReptilianoMestre,confuso,1.0,EXTRA GONORRÉIOS?
43:36,2616,amauriagj,Amauriagj,engraçado,0.5,Aristóteles?
43:39,2619,buildtibbers,buildtibbers,confuso,1.0,Outro Grupo dos CARA ???? que grupo é esse ??
43:43,2623,yvigor,yvigor,neutro,1.0,"Baka tá um absurdo, eu estou MT de p duro"
43:44,2624,re4per_r_,re4per_r_,engraçado,1.0,Extrassístoles são batimentos cardíacos prematuros e extras que quebram o ritmo normal do coração
43:45,2625,mauuzin,mauuzin,engraçado,1.0,Eu ja imaginava que vc teria extra cílios
43:48,2628,josephh_zz,josephh_zz,neutro,1.0,É bixo
43:52,2632,debbyznha,debbyznha,confuso,1.0,vc tem oq?
43:54,2634,r_lira28,r_lira28,confuso,1.0,extra prepúcio??
43:55,2635,this_is_pedro,This_is_Pedro,neutro,1.0,"O cérebro acha que bebeu, daí passa a sede"
43:57,2637,karasu2024,karasu2024,confuso,1.0,É fácil dá a bunda no Japão?
43:57,2637,kise_ryota__,Kise_Ryota__,neutro,1.0,o corvo se impôs
43:57,2637,lu4n_demetrio,lu4n_demetrio,engraçado,1.0,o jogo de  cameras esta deixando a live menos precaria
43:58,2638,gallack000,Gallack000,confuso,1.0,Sócates?
44:03,2643,peix3manso,peix3manso,neutro,1.0,vdd
44:03,2643,suprem696969,suprem696969,confuso,1.0,como que ta o seu  períneo
44:03,2643,chat_da_live,chat_da_live,confuso,1.0,extrapicles?
44:05,2645,uber_de_doguinho,uber_de_doguinho,positivo,1.0,FODA
44:06,2646,victoriafemboyer,victoriafemboyer,confuso,1.0,Estrogênio?
44:10,2650,reptilianomestre,ReptilianoMestre,engraçado,1.0,@r_lira28 nkkkkkkkjkkkjk
44:10,2650,beyond_desolation2,Beyond_Desolation2,neutro,1.0,tapohaaaaa
44:10,2650,dalton_olivera,dalton_olivera,confuso,1.0,Vai se encontrar com o Tavo?
44:12,2652,wesleykolomar_br,wesleykolomar_br,neutro,1.0,nossa
44:13,2653,peix3manso,peix3manso,neutro,1.0,japao ta acabando
44:13,2653,re4per_r_,re4per_r_,neutro,1.0,É daquele anime la
44:14,2654,pedro_polegar,pedro_polegar,neutro,1.0,Despacho né
44:14,2654,salamanderfps,salamanderfps,confuso,1.0,Oferenda?
44:14,2654,deltalis_,deltalis_,neutro,1.0,esse fumou até o traficante
44:15,2655,pedepanomttriste,PeDePanoMtTriste,neutro,1.0,Fumou pouco
44:15,2655,iroh_ikki,iroh_ikki,neutro,1.0,é oferenda
44:16,2656,florezzs2,florezzs2,positivo,1.0,a noite foi boa
44:17,2657,dmelosh,dmelosh,engraçado,1.0,KKKKKKKKK
44:17,2657,mariposa_alada,Mariposa_Alada,neutro,1.0,Taporra fumaram todas
44:17,2657,bakinae,bakinae,confuso,1.0,david lynch nao morreu e ta no japao?
44:18,2658,amauriagj,Amauriagj,neutro,1.0,ó a brava aí
44:18,2658,lu4n_demetrio,lu4n_demetrio,neutro,1.0,@karasu2024 deve ser mais dificil
44:18,2658,residente_dorminhoko,residente_dorminhoko,neutro,1.0,chainsmoker cat
44:19,2659,brucecorp,brucecorp,neutro,1.0,yani neko
44:19,2659,aminoacido,Aminoacido,engraçado,1.0,pelo menos n jogaram as bituca td no chao kkkkkk
44:19,2659,teddyadu,teddyadu,neutro,1.0,Povo arrumadinho
44:19,2659,arelich,Arelich,neutro,1.0,isso é despacho
44:19,2659,kise_ryota__,Kise_Ryota__,neutro,1.0,esse pulmão já era
44:19,2659,zlanz013,zlanz013,neutro,1.0,ta maturando
44:20,2660,pedro_polegar,pedro_polegar,neutro,1.0,Isso é despacho vey
44:20,2660,this_is_pedro,This_is_Pedro,neutro,1.0,Foi você ontem
44:21,2661,bakanadegasexuberantes,BakaNadegasExuberantes,neutro,1.0,yani neko
44:22,2662,juninomiliorintheworld,juninomiliorintheworld,neutro,1.0,É macumba isso ae
44:23,2663,amauriagj,Amauriagj,neutro,1.0,é proteção mano
44:23,2663,gallack000,Gallack000,neutro,1.0,"orra, fumou pouco"
44:23,2663,pedepanomttriste,PeDePanoMtTriste,neutro,1.0,Meu almoço ai
44:23,2663,beyond_desolation2,Beyond_Desolation2,neutro,1.0,K
44:24,2664,dmelosh,dmelosh,neutro,1.0,Caramba
44:25,2665,uber_de_doguinho,uber_de_doguinho,neutro,1.0,Japa canguinha
44:26,2666,neeovox,neeovox,neutro,1.0,Cheguei
44:26,2666,salamanderfps,salamanderfps,confuso,1.0,Ze pilintra trabalha no japao?
44:29,2669,reptilianomestre,ReptilianoMestre,neutro,1.0,4 PONTAS DE CIGARRO VIRA UM CIGARRO NOVO
44:30,2670,kahfps,kahfps,confuso,1.0,quantos graus ai?
44:30,2670,re4per_r_,re4per_r_,neutro,1.0,Não Ser
44:33,2673,peix3manso,peix3manso,neutro,1.0,:(
44:33,2673,pedro_polegar,pedro_polegar,neutro,1.0,Oferenda porra
44:34,2674,licht_zayy,licht_zayy,neutro,1.0,Proibido ser homem
44:35,2675,ibodao,iBodao,confuso,1.0,MUDOU MUITO DESDE A ULTIMA VEZ?
44:35,2675,grayoden,Grayoden,neutro,1.0,Fumetaço às 20h.
44:36,2676,kuzuri01_,kuzuri01_,neutro,1.0,Despacho pra Buda
44:36,2676,baka_denji,Baka_Denji,neutro,1.0,Nao seja.. esteja!
44:36,2676,this_is_pedro,This_is_Pedro,neutro,1.0,Sua existência não é tolerada
44:37,2677,brucecorp,brucecorp,neutro,1.0,yani neko tava aí
44:38,2678,wesleykolomar_br,wesleykolomar_br,engraçado,1.0,é racismo com o carinha da placa
44:38,2678,ayanmelo,ayanmelo,confuso,1.0,proibido preto?
44:40,2680,pedepanomttriste,PeDePanoMtTriste,neutro,1.0,O baka desaparecendo dps de ver a placa
44:40,2680,jhouzera7,ジュゼラ7,confuso,1.0,isso e rerun ? ou ele voltou ?
44:41,2681,mauuzin,mauuzin,neutro,1.0,proibido fumar sim
44:45,2685,victoriafemboyer,victoriafemboyer,neutro,1.0,Proibido fumar com um monte de baga de cigarro ali
44:45,2685,k_amaral9,k_amaral9,neutro,1.0,Não fala proibido gozar
44:46,2686,julianosniperr,julianosniperr,neutro,1.0,Proibido ficar de pé
44:47,2687,debbyznha,debbyznha,confuso,1.0,onde vc pegou essa doença?
44:49,2689,josephh_zz,josephh_zz,confuso,1.0,Mc Ratão???
44:50,2690,hamtarocomunista,hamtarocomunista,positivo,0.5,A vibe noturna é tão boa! Se sentiu em casa novamente Baka?
44:51,2691,deltalis_,deltalis_,confuso,1.0,"proibido ser pessoa, ué?"
44:56,2696,erickhsn,erickhsn,neutro,1.0,é rerun
44:57,2697,aminoacido,Aminoacido,engraçado,0.5,"pra vc ver como são xenofóbicos, qual a cor do carinha da placa?"
45:00,2700,e006cr,e006cr,neutro,1.0,Pode fazer nada nesse lugar então
45:00,2700,mrbunny_oficial,mrbunny_oficial,neutro,1.0,Proibido Decartes
45:01,2701,r_lira28,r_lira28,positivo,1.0,Era o MR. Bombastic
45:02,2702,raianwz,RaianWZ,neutro,1.0,rerun 2x
45:04,2704,mauuzin,mauuzin,neutro,1.0,proibido verbo to be
45:06,2706,hyutarou,Hyutarou,neutro,1.0,é IA
45:11,2711,victoriafemboyer,victoriafemboyer,neutro,1.0,Ditadura
45:11,2711,gvcf01,gvcf01,neutro,1.0,POR ESSA PLACA O JAPONES NÃO TA FAZENDO FILHO
45:12,2712,bakinae,bakinae,neutro,1.0,é o alan
45:12,2712,uber_de_doguinho,uber_de_doguinho,engraçado,1.0,kkkkkkkkkkkkkk
45:12,2712,ryan_goslingdrive7,ryan_goslingdrive7,positivo,0.6,Baka você conseguiu a nova atualização do sexo? Liberaram o beijo grego ♥️
45:13,2713,peix3manso,peix3manso,neutro,1.0,peixe moda
45:13,2713,lanadka,Lanadka,neutro,1.0,Nerdola
45:14,2714,apenasjg,apenasjg,neutro,1.0,parece um pombo
45:14,2714,gallack000,Gallack000,neutro,1.0,polica
45:15,2715,fibbs,フィブス,engraçado,1.0,LUL
45:15,2715,erickhsn,erickhsn,neutro,1.0,"é facil provar q n é, pq vc n streama"
45:16,2716,mauuzin,mauuzin,neutro,1.0,pinguin do BATMAN
45:16,2716,d4rkl0gan,d4rkl0gan,confuso,1.0,vai invadir nenhum predio n?
45:17,2717,uber_de_doguinho,uber_de_doguinho,neutro,1.0,de CINTO ne
45:17,2717,pedepanomttriste,PeDePanoMtTriste,neutro,1.0,Desgraça feia
45:18,2718,passarobllue,passarobllue,engraçado,1.0,O cara do smiling friends
45:18,2718,florezzs2,florezzs2,engraçado,1.0,kkkkk vi a mesma coisa
45:19,2719,giorootz,giorootz,neutro,1.0,o cara teve um downgrade
45:20,2720,mrbunny_oficial,mrbunny_oficial,neutro,1.0,Penso logo bato punheta no beco
45:20,2720,deltalis_,deltalis_,neutro,1.0,é uma camera com gravata
45:20,2720,chat_da_live,chat_da_live,neutro,1.0,só voltar pro brasil q ficou cego
45:21,2721,psic0patta,PSIC0PATTA,neutro,1.0,ta usando oculos legal
45:22,2722,brucecorp,brucecorp,neutro,1.0,shite é pra cagar
45:22,2722,ribossomo_,Ribossomo_,neutro,1.0,GOZAI MASSU
45:23,2723,juninomiliorintheworld,juninomiliorintheworld,neutro,1.0,Cara foi pro Brasil só pra ficar miop e
45:25,2725,amauriagj,Amauriagj,neutro,1.0,parece um come come engravatdo lá ele
45:25,2725,victoriafemboyer,victoriafemboyer,confuso,1.0,1984?
45:27,2727,artuurbr21,artuurbr21,confuso,1.0,pq nao tem legenda ?
45:27,2727,this_is_pedro,This_is_Pedro,confuso,1.0,"Parece os cara falando do Voldermort, Ele voltou!?"
45:31,2731,ohlavracvk,ohlavracvk,engraçado,1.0,"e IA, da de notar que n consegue renderizar mais de 10npcs na mesma cena"
45:33,2733,druigy_,druigy_,neutro,1.0,antes vc pegava uns 4000 espectadores
45:33,2733,teddyadu,teddyadu,neutro,1.0,Kanjinha
45:35,2735,julianosniperr,julianosniperr,positivo,1.0,"Canjica, gosto"
45:36,2736,paulinhohetero,PaulinhoHetero,engraçado,1.0,"As mesmas piadas velhas de sempre , que nostalgia!"
45:37,2737,pedro_polegar,pedro_polegar,confuso,1.0,Vai ser preso não?
45:38,2738,e006cr,e006cr,neutro,1.0,É coisa de comunista isso dai
45:42,2742,peix3manso,peix3manso,positivo,1.0,é memo vamo em predio
45:44,2744,reptilianomestre,ReptilianoMestre,engraçado,1.0,DA UM GRITO AÍ
45:44,2744,peix3manso,peix3manso,neutro,1.0,nossa tira
45:45,2745,gojosergipano,gojosergipano,engraçado,0.5,"O cara foi pro Brasil e roubaram a visão dele, triste 😢"
45:46,2746,d4rkl0gan,d4rkl0gan,neutro,1.0,direito respeitado jae
45:46,2746,wesleykolomar_br,wesleykolomar_br,neutro,1.0,ai
45:46,2746,mayakovskayas,Mayakovskayas,inspirado,1.0,desaprendeu japones agora só sabe baiano
45:47,2747,mauuzin,mauuzin,neutro,1.0,"DESCULPA, MAS É proibido ser"
45:48,2748,renata_com_ovos,RENATA_COM_OVOS,neutro,1.0,O.o
45:49,2749,lukkyyu,lukkyyu,positivo,1.0,Salve baka
45:50,2750,uber_de_doguinho,uber_de_doguinho,neutro,1.0,ANARQUISTA de sapatênis
45:51,2751,ibodao,iBodao,confuso,1.0,KANJICA?
45:52,2752,apenasjg,apenasjg,neutro,1.0,pensei que eu tava sem oculos
45:52,2752,pedepanomttriste,PeDePanoMtTriste,engraçado,1.0,Que brisa
45:56,2756,kaw_an_,kaw_an_,confuso,1.0,a veia ta curtindo o japão?
45:57,2757,pskaren,pskaren,confuso,1.0,isso é voltou ou ele rerun?
45:59,2759,neeovox,neeovox,neutro,1.0,Baka eu adoro ver sua entradinha
46:02,2762,mauuzin,mauuzin,confuso,1.0,Ta no seu direito??? MAS É PROIBIDO SER
46:03,2763,salamanderfps,salamanderfps,neutro,1.0,Beco diagonal
46:04,2764,ursadaa,Ursadaa,confuso,1.0,Baka de volta ao japao??
46:04,2764,deltalis_,deltalis_,neutro,1.0,agora imagina um noia lendo aquilo
46:04,2764,erickhsn,erickhsn,neutro,1.0,ta bem lembrado
46:10,2770,this_is_pedro,This_is_Pedro,neutro,1.0,Piu piu
46:13,2773,lostcaco,LostCaco,confuso,1.0,que horas vai ser o punhetasso?
46:13,2773,hyutarou,Hyutarou,neutro,1.0,ta fazendo o new game plus
46:13,2773,smill3___,smill3___,neutro,1.0,ja jogou todos esses jogos
46:20,2780,dnzinn5_,dnzinn5_,neutro,1.0,aquele nome ali tá bugado
46:23,2783,reptilianomestre,ReptilianoMestre,confuso,1.0,"BAKA, VC CHORA AÍ DE NOITE?"
46:27,2787,ibodao,iBodao,neutro,1.0,SAUDADES DOS PIU PIU
46:27,2787,dnzinn5_,dnzinn5_,neutro,1.0,Tem que avisar ao adm
46:28,2788,megazordpw,megazordpw,neutro,1.0,duvido pedir pra alguem japa ai falar Vasco Da Gama
46:30,2790,victoriafemboyer,victoriafemboyer,confuso,1.0,Essas pessoas aí falam japonês?
46:33,2793,paulinhohetero,PaulinhoHetero,confuso,1.0,Baka é proibido passar a mâo na bunda das pessoas ai no Japão ?
46:33,2793,doyti_,doyti_,engraçado,0.5,baka fim de semana vc vai abrir live?
46:33,2793,k_amaral9,k_amaral9,neutro,1.0,"Fala a verdade, você tá foragido do Brasil"
46:33,2793,mauuzin,mauuzin,engraçado,0.5,"Baka, quando vc chegou em curitiba?"
46:34,2794,lu4n_demetrio,lu4n_demetrio,neutro,1.0,Binoculous
46:36,2796,this_is_pedro,This_is_Pedro,neutro,1.0,Zerei todos!!
46:37,2797,lucascampos088,lucascampos088,neutro,1.0,Tá em Alagoas baka
46:37,2797,pedepanomttriste,PeDePanoMtTriste,neutro,1.0,Barulheira do diabo muta os carro ai
46:39,2799,deltalis_,deltalis_,neutro,1.0,é erro de textura
46:40,2800,ribossomo_,Ribossomo_,neutro,1.0,QUANDO VAI AJUDAR ALGUMA VELHINHA NA RUA
46:42,2802,mayakovskayas,Mayakovskayas,neutro,1.0,se vc for atropelado sobe uns 2 views
46:44,2804,ph_dsg,PH_dsg,confuso,1.0,"ja passei por ai, avenida sentido pavuna?"
46:45,2805,luisfabianopvr,luisfabianopvr,neutro,1.0,ESTOU ME MASTURBANDO PARA O BAKA
46:46,2806,koitsuab,koitsuab,confuso,1.0,Quanto tempo ce vai ficar por aí ?
46:48,2808,giorootz,giorootz,neutro,1.0,carro barulhento q é legal
46:48,2808,ryan_goslingdrive7,ryan_goslingdrive7,confuso,1.0,Baka conseguiu baixar a nova atualização do secso????
46:48,2808,julianosniperr,julianosniperr,confuso,1.0,Como que Tokio é plano se o Japão é todo montanhoso?
46:55,2815,erickhsn,erickhsn,confuso,1.0,onde é isso?
46:58,2818,iroh_ikki,iroh_ikki,positivo,1.0,mamáquina é bom
46:59,2819,biloka22,Biloka22,positivo,1.0,vasco da gama e foda
47:02,2822,miguelangello1918,miguelangello1918,neutro,1.0,"Vem pro Pará, baka!!!!"
47:03,2823,natanzinb27,natanzinb27,neutro,1.0,Ativou o dlss 5
47:06,2826,ibodao,iBodao,confuso,1.0,MAMAQUINA?
47:07,2827,candym_paula,candym_paula,neutro,1.0,Sddsss Tokyooo
47:10,2830,victoriafemboyer,victoriafemboyer,neutro,1.0,@julianosniperr Cortaram as montanhas
47:11,2831,warmachinerj,WarMachineRJ,confuso,1.0,CADÊ OS CAMELÔS?
47:11,2831,erickhsn,erickhsn,neutro,1.0,aaah
47:11,2831,kaw_an_,kaw_an_,neutro,1.0,liberdade sp
47:11,2831,lu4n_demetrio,lu4n_demetrio,neutro,1.0,nostalgia d+ as lives no japil
47:12,2832,johanmalado,johanmalado,confuso,1.0,como ainda tá de tarde na liberdade?
47:12,2832,marcelods18,MarceloDS18,confuso,1.0,ué voltou pro Japão?
47:13,2833,bhcbmds_0,bhcbmds_0,confuso,1.0,Já saiu????
47:15,2835,deltalis_,deltalis_,neutro,1.0,xique xique bahia
47:15,2835,candym_paula,candym_paula,neutro,1.0,Amaanko
47:18,2838,pedro_polegar,pedro_polegar,engraçado,0.5,Que aterro sanitário é esse?
47:18,2838,hooutz_,hooutz_,neutro,1.0,Japão ainda não inventou ruas que não fazem barulho
47:25,2845,paulinhohetero,PaulinhoHetero,neutro,1.0,O Japão nem existe isso é tudo estudio
47:25,2845,ddingo000,ddingo000,engraçado,0.5,Nunca foi pro interior baka ?
47:28,2848,influenzias,Influenzias,neutro,1.0,quer uma maquina minha
47:28,2848,candym_paula,candym_paula,neutro,1.0,"Salvador, bahiaa"
47:29,2849,amauriagj,Amauriagj,positivo,1.0,YouDontSay  bom
47:31,2851,dani_leenhares,Dani_Leenhares,neutro,1.0,Ele tá na Liberdade
47:31,2851,peix3manso,peix3manso,neutro,1.0,mt dificil
47:33,2853,wesleykolomar_br,wesleykolomar_br,neutro,1.0,molheo
47:35,2855,deltalis_,deltalis_,confuso,1.0,surra de bunda?
47:36,2856,mariposa_alada,Mariposa_Alada,neutro,1.0,Aí papai
47:36,2856,neeovox,neeovox,neutro,1.0,Live revirada
47:36,2856,salamanderfps,salamanderfps,confuso,1.0,Tem maquina de feijoada?
47:37,2857,otakumediocre64,otakumediocre64,confuso,0.667,"Salve Hannibal, voltou para o Japão???"
47:42,2862,lucks180,lucks180,neutro,1.0,A
47:43,2863,giorootz,giorootz,neutro,1.0,hmmm monsterzinho
47:43,2863,pedepanomttriste,PeDePanoMtTriste,neutro,1.0,Assédio em live
47:44,2864,reptilianomestre,ReptilianoMestre,engraçado,1.0,do nada no meio de um beco tem uma maquina de comida kkkkj
47:44,2864,florezzs2,florezzs2,neutro,1.0,assim eu acostumo
47:44,2864,tristesatanexe,TristeSatanExe,engraçado,1.0,Zuera
47:46,2866,psic0patta,PSIC0PATTA,confuso,1.0,e o sucuzinho?
47:47,2867,lostcaco,LostCaco,engraçado,0.5,brigou com a muié no br e fugiu pro jp?
47:47,2867,dnzinn5_,dnzinn5_,engraçado,1.0,kkkkkkk
47:50,2870,morttusdornitska,morttusdornitska,neutro,1.0,suco de bunda e surra! perfeição
47:50,2870,erickhsn,erickhsn,neutro,1.0,n me lembro se fui em ueno
47:50,2870,salamanderfps,salamanderfps,neutro,1.0,150 reais
47:51,2871,victoriafemboyer,victoriafemboyer,neutro,1.0,"Bebida de gótico aí, Monster"
47:52,2872,ryan_goslingdrive7,ryan_goslingdrive7,neutro,1.0,Queixão bundudu
47:59,2879,mayakovskayas,Mayakovskayas,neutro,1.0,quanto é o monster ai
48:00,2880,hyutarou,Hyutarou,confuso,1.0,nao tem tradução em ptbr nn nesse mapa ai?
48:02,2882,hooutz_,hooutz_,neutro,1.0,Não tô vendo diferença do Japão pra Belford roxo
48:05,2885,peix3manso,peix3manso,engraçado,1.0,kkkkkkkkkkkkkkk
48:06,2886,lu4n_demetrio,lu4n_demetrio,engraçado,1.0,kkkkkkkkkkkkkkkk deve
48:07,2887,toddpombas,toddpombas,confuso,1.0,tem surra de pitoca?
48:08,2888,listenmonoceros,ListenMonoceros,confuso,1.0,Ue ele voltou?
48:08,2888,this_is_pedro,This_is_Pedro,engraçado,1.0,Tomando essa porrinha aí
48:10,2890,dnzinn5_,dnzinn5_,neutro,1.0,tá quanto o sucuzinho aí baka
48:10,2890,kuzuri01_,kuzuri01_,neutro,1.0,Queixo mais bunda= buxo
48:15,2895,candym_paula,candym_paula,engraçado,0.5,E aquela bebida p emagrecerrr ?? Bebi muito kkkkk
48:16,2896,alouqq,alouqq,neutro,1.0,Eu sinto q 9 seu queixo era mais bundudo antes
48:16,2896,pedepanomttriste,PeDePanoMtTriste,confuso,1.0,Vivia tomano porra? AAAAAAAH SAI DAI
48:22,2902,erickhsn,erickhsn,neutro,1.0,ala ja n vai tomar água
48:28,2908,mugiz1n,mugiz1n,confuso,0.5,"Aí, baka. Como você se sente morando aí no Japão? Você diria que sua vida melhorou muito? E como são as cargas horárias dos trabalhos por aí? É aquela coisa absurda mesmo que falam? Dos cara fazendo hora extra sem parar e se matando de trabalhar?"
48:29,2909,reptilianomestre,ReptilianoMestre,neutro,1.0,CULPA DO PRESIDENTE
48:31,2911,peix3manso,peix3manso,neutro,1.0,sim
48:32,2912,this_is_pedro,This_is_Pedro,neutro,1.0,As dopamina lá embaixo
48:33,2913,ryan_goslingdrive7,ryan_goslingdrive7,neutro,1.0,Orbe de calcinha
48:33,2913,salamanderfps,salamanderfps,neutro,1.0,voce ta frescurento agora
48:34,2914,florezzs2,florezzs2,neutro,1.0,teu queixo perdeu bunda
48:35,2915,thrillerzs,thrillerzs,neutro,1.0,Epilepsia ali se olhar muito
48:36,2916,ibodao,iBodao,neutro,1.0,MAMAQUINA MINHA
48:38,2918,bhcbmds_0,bhcbmds_0,neutro,1.0,O cara ter ostracismo
48:39,2919,manhass,Manhass,confuso,0.667,"uai, nao tankou o brasil nao? ja voltou?"
48:39,2919,debbyznha,debbyznha,confuso,1.0,vc não pode mis tomar energético né?
48:40,2920,natanzinb27,natanzinb27,engraçado,1.0,O baka prime tomava de tudo
48:41,2921,gondojr,gondojr,neutro,1.0,Pega o Chá de cueca velha
48:42,2922,gojosergipano,gojosergipano,positivo,0.333,Obrigado por nós segurar em seus braços deliciosos baka
48:49,2929,listenmonoceros,ListenMonoceros,engraçado,1.0,ELE TA LA MESMO kkkkkkkkk
48:50,2930,gabrielsilo,gabrielsilo,engraçado,1.0,última vez que vi uma live do baka ele tava no Brasil. Ae vou ver de novo ele já voltou pro Japão. kkkkkk
48:51,2931,paulinhohetero,PaulinhoHetero,confuso,1.0,Voltou para a Coreia do Norte ?
48:52,2932,carolinenaomii,CarolineNaomii,neutro,1.0,toma veneno logo
48:54,2934,julynhatoys,JulynhaToys,engraçado,1.0,julynhHahaha julynhHahaha julynhHahaha
48:55,2935,psic0patta,PSIC0PATTA,neutro,1.0,anjo caido
48:55,2935,amauriagj,Amauriagj,engraçado,1.0,sdds julynha brinquedos
48:57,2937,pedro_polegar,pedro_polegar,confuso,1.0,Baka vc não sente sede não? Ta doidoo
48:57,2937,hooutz_,hooutz_,neutro,1.0,"Belo lugar para início de live, devia ter andado mais perdeu chance"
48:58,2938,luisfabianopvr,luisfabianopvr,neutro,1.0,BAKA ENFIEI UM PÊNIS DE 30 CENTÍMETROS NO MEU CUZINHO E NAO CONSIGO TIRAR AGORA
49:02,2942,paullouuvercavalar,paullouuvercavalar,neutro,1.0,Baka compra calcinha dnv pf
49:02,2942,pedepanomttriste,PeDePanoMtTriste,neutro,1.0,O diabo é nois
49:04,2944,licht_zayy,licht_zayy,neutro,1.0,Falando no daibo
49:06,2946,alexsander_pf,alexsander_pf,neutro,1.0,Qual e o nome do negocio wue teve
49:06,2946,victoriafemboyer,victoriafemboyer,confuso,1.0,Tá usando calcinha Baka?
49:08,2948,peix3manso,peix3manso,neutro,1.0,>.<
49:08,2948,salamanderfps,salamanderfps,neutro,1.0,Almoça rato com agua de chuva
49:09,2949,caiopinto120887,caiopinto120887,neutro,1.0,O chat no caso
49:09,2949,mariposa_alada,Mariposa_Alada,neutro,1.0,Muito kawaii
49:09,2949,guilhermesl45,guilhermesl45,neutro,1.0,Credo
49:10,2950,giorootz,giorootz,engraçado,1.0,kkkkkkkkkkkkk
49:10,2950,this_is_pedro,This_is_Pedro,neutro,1.0,AYAYA
49:12,2952,lucas_camargus,Lucas_Camargus,engraçado,1.0,queixo de Peter Grifin
49:13,2953,thrillerzs,thrillerzs,neutro,1.0,Diabinho falando em punhetaço no seco
49:13,2953,senhorley,senhorley,neutro,1.0,Daibo
49:13,2953,ribossomo_,Ribossomo_,neutro,1.0,E ESSA BUNDA NO SEU QUEIXO BAKA
49:13,2953,lostcaco,LostCaco,engraçado,1.0,voltou do BR grisalho
49:14,2954,amauriagj,Amauriagj,engraçado,1.0,é a princess of dawn (accept)
49:14,2954,gustavin_7x,gustavin_7x,neutro,1.0,kawaii
49:14,2954,sylv_vtbr,sylv_vtbr,confuso,1.0,@JulynhaToys o cara te invocou q isso
49:15,2955,wesleykolomar_br,wesleykolomar_br,engraçado,1.0,kkkkkkkkkkkkk
49:15,2955,pedro_polegar,pedro_polegar,confuso,1.0,O cara fica um tempasso sem agua como que pode alienigena
49:16,2956,frateu_,真夜中の月,neutro,1.0,cruzes...
49:16,2956,arelich,Arelich,neutro,1.0,ta inchado
49:17,2957,brnxz,brnxz,neutro,1.0,nunca mais faz isso meu deus
49:17,2957,lucascaze,LucasCaze,neutro,1.0,@BakaGaijinLive DALE CLODOVIL
49:18,2958,bakinae,bakinae,neutro,1.0,parece minha ex gerente
49:19,2959,reptilianomestre,ReptilianoMestre,engraçado,1.0,@luisfabianopvr  kkkkkkk issso sempre acontece cmg
49:20,2960,candym_paula,candym_paula,engraçado,1.0,Aveemariaa
49:20,2960,hooutz_,hooutz_,neutro,1.0,Oi jungcock
49:21,2961,debbyznha,debbyznha,engraçado,0.5,você pode tomar energético ainda ou o aristoteles não deixa?
49:27,2967,dmelosh,dmelosh,positivo,0.5,Foda ser feio
49:27,2967,ribossomo_,Ribossomo_,neutro,1.0,ZURA
49:27,2967,this_is_pedro,This_is_Pedro,engraçado,1.0,Assustou com o próprio reflexokkkkkkk
49:28,2968,victoriafemboyer,victoriafemboyer,neutro,1.0,@LostCaco É o estresse
49:28,2968,snowsnowsnowx10,snowsnowsnowx10,neutro,1.0,cara engordo pra porra
49:28,2968,crocodilebay,crocodilebay,positivo,1.0,"tu envelheceu uns 10 anos, estresse é foda"
49:29,2969,kuzuri01_,kuzuri01_,neutro,1.0,Tá parecendo o Zé ruela das lives do pisca
49:29,2969,polonioradioativo,polonioradioativo,neutro,1.0,enviandomentiras
49:30,2970,pedepanomttriste,PeDePanoMtTriste,neutro,1.0,Postura gamer
49:30,2970,wesleykolomar_br,wesleykolomar_br,neutro,1.0,silent hill
49:35,2975,guilhermesl45,guilhermesl45,neutro,1.0,Muito zuero você
49:35,2975,pedro_polegar,pedro_polegar,frustrado,1.0,Pqp o Chupacú
49:35,2975,ryan_goslingdrive7,ryan_goslingdrive7,engraçado,1.0,kkkkkkk
49:36,2976,simplygodd,simplyGodd,engraçado,0.5,tão abrindo um portal ai?
49:38,2978,psic0patta,PSIC0PATTA,neutro,1.0,"assustando contigo mesmo, zero aura"
49:38,2978,hamtarocomunista,hamtarocomunista,positivo,1.0,a vibe noturna é bem melhor
49:41,2981,pskaren,pskaren,confuso,1.0,credo que delicio
49:42,2982,this_is_pedro,This_is_Pedro,neutro,1.0,Qual é dessa turbina ligando aí
49:44,2984,victoriafemboyer,victoriafemboyer,confuso,1.0,"E cachaça, pode?"
49:46,2986,peix3manso,peix3manso,confuso,1.0,nem cheirar pó?
49:46,2986,salamanderfps,salamanderfps,neutro,1.0,Almoça rato e bebe agua de chuva
49:46,2986,hoatsu,Hoatsu,confuso,1.0,ué voltou pro japa
49:48,2988,luisfabianopvr,luisfabianopvr,engraçado,1.0,@ReptilianoMestre Kkkk
49:48,2988,sylv_vtbr,sylv_vtbr,engraçado,1.0,"barulho é esse, tem alguem carregando kamehameha ai wtf"
49:51,2991,mauuzin,mauuzin,confuso,1.0,Está com extre cilios?
49:52,2992,peix3manso,peix3manso,neutro,1.0,sobe
49:53,2993,hamtarocomunista,hamtarocomunista,neutro,1.0,Se sente em casa no Japão!
49:53,2993,peix3manso,peix3manso,neutro,1.0,sobe pfpf
49:54,2994,paulinhohetero,PaulinhoHetero,neutro,1.0,O Baka está parecendo um streamer de verdade
49:54,2994,hooutz_,hooutz_,neutro,1.0,Só guarana por essa hora
49:55,2995,mosherjay,mosherjay,confuso,1.0,pode gemer no japão?
49:55,2995,pedepanomttriste,PeDePanoMtTriste,neutro,1.0,Evita dog
49:56,2996,renatorgal,Renatorgal,neutro,1.0,entra
49:56,2996,hyutarou,Hyutarou,confuso,1.0,toma um chá de platão que resolve
49:56,2996,peix3manso,peix3manso,neutro,1.0,q q tem
49:56,2996,o_tonny,o_tonny,neutro,1.0,Mais uma live desbravado o servidor japonês
49:58,2998,animol,AnImoL,neutro,1.0,entra ae
50:01,3001,manobrau789456,manobrau789456,neutro,1.0,O Sócrates deixa
50:01,3001,amauriagj,Amauriagj,neutro,1.0,llança um rebite dá nada
50:01,3001,xurig,xurig,engraçado,1.0,@kuzuri01_ o baka tem de visitar ele
50:02,3002,erickhsn,erickhsn,engraçado,1.0,sorria
50:03,3003,dani_leenhares,Dani_Leenhares,neutro,1.0,"Tinha missão ainda no mapa do Japão, por isso ele voltou. Lvl baixo pra jogar no server brasileiro"
50:03,3003,ryan_goslingdrive7,ryan_goslingdrive7,confuso,1.0,"Quais suas expectativas pro halloween em shibuya esse ano, vai passar aí?"
50:04,3004,peix3manso,peix3manso,neutro,1.0,nao é
50:05,3005,renatorgal,Renatorgal,neutro,1.0,n
50:06,3006,peix3manso,peix3manso,neutro,1.0,sensor
50:06,3006,this_is_pedro,This_is_Pedro,confuso,1.0,Sensor??
50:07,3007,wesleykolomar_br,wesleykolomar_br,neutro,1.0,mic tá baixo tira  a mão dai
50:08,3008,psic0patta,PSIC0PATTA,confuso,1.0,deixou o mic no brasil?
50:08,3008,mariposa_alada,Mariposa_Alada,neutro,1.0,É sensor
50:09,3009,thrillerzs,thrillerzs,neutro,1.0,Fico até baixo com esse barulho
50:09,3009,salamanderfps,salamanderfps,neutro,1.0,vish o audio ficou baixo
50:09,3009,yuri_ferreir,yuri_ferreir,neutro,1.0,Sobe no prédio
50:10,3010,licht_zayy,licht_zayy,engraçado,1.0,Sorria e acene rapazes
50:10,3010,pedepanomttriste,PeDePanoMtTriste,neutro,1.0,Já já chega o exercito
50:11,3011,ayanmelo,ayanmelo,neutro,1.0,sensor
50:12,3012,ribossomo_,Ribossomo_,engraçado,1.0,SORRIA VC ESTA SENDO BROCADO
50:12,3012,passarobllue,passarobllue,neutro,1.0,Botão do pânico
50:13,3013,josephh_zz,josephh_zz,neutro,1.0,É sensor de sexo
50:13,3013,peix3manso,peix3manso,neutro,1.0,COVARDE
50:14,3014,this_is_pedro,This_is_Pedro,neutro,1.0,Sensor de movimento
50:14,3014,mrbloodkira,Mrbloodkira,neutro,1.0,fiquei surdo socorro
50:15,3015,caiopinto120887,caiopinto120887,engraçado,1.0,Tá dando interferência no Mic kkkk
50:15,3015,kthyosu,kthyosu,neutro,1.0,câmera de espionagem chinesa comunista
50:16,3016,suprem696969,suprem696969,neutro,1.0,NotLikeThis
50:17,3017,lostcaco,LostCaco,confuso,1.0,mic tá no ku?
50:18,3018,ryan_goslingdrive7,ryan_goslingdrive7,confuso,1.0,Vai passar o halloween esse ano aí?
50:19,3019,candym_paula,candym_paula,confuso,1.0,Voltou de vez???
50:20,3020,renatorgal,Renatorgal,neutro,1.0,frouxo
50:22,3022,hatsuzika,hatsuzika,neutro,1.0,rapaz o homi volto pro Japão é
50:22,3022,passarobllue,passarobllue,neutro,1.0,É um laser chegar perto te corta
50:22,3022,kuzuri01_,kuzuri01_,neutro,1.0,De óculos e ainda tá cego
50:26,3026,pedepanomttriste,PeDePanoMtTriste,confuso,1.0,Uma máquina minha?
50:26,3026,crocodilebay,crocodilebay,confuso,1.0,vc n tem medo de ser currado?
50:26,3026,this_is_pedro,This_is_Pedro,neutro,1.0,Vai lá pra ele te sentir
50:28,3028,ursadaa,Ursadaa,confuso,1.0,Alguem sabe dizer se ele voltou a morar no japao?
50:29,3029,lucascaze,LucasCaze,neutro,1.0,"@BakaGaijinLive Parabens pelo corte de cabelo, vc esta igual ao Clodovil AUSHDIUASDHI"
50:30,3030,peix3manso,peix3manso,engraçado,1.0,kkkkkkkkkkkkkkkkkkk
50:30,3030,r_lira28,r_lira28,neutro,1.0,sensor de sexo
50:30,3030,candym_paula,candym_paula,neutro,1.0,Ou é só p ir ao halloween
50:30,3030,paullouuvercavalar,paullouuvercavalar,neutro,1.0,É sensor de homosexual
50:31,3031,jhouzera7,ジュゼラ7,engraçado,1.0,JP parece curitiba
50:33,3033,erickhsn,erickhsn,neutro,1.0,agora sabe q é safe
50:34,3034,erickhsn,erickhsn,neutro,1.0,só ir
50:34,3034,reptilianomestre,ReptilianoMestre,confuso,1.0,no japao existe pinxador?
50:37,3037,peix3manso,peix3manso,engraçado,1.0,kkkkkkkkkkkkkkkkkkk ͏
50:37,3037,manobrau789456,manobrau789456,neutro,1.0,E um robo
50:37,3037,o_tonny,o_tonny,confuso,1.0,Vai ter boss raid hoje?
50:40,3040,pedro_polegar,pedro_polegar,positivo,1.0,So entra amor só entra
50:42,3042,victoriafemboyer,victoriafemboyer,confuso,1.0,"Tem medo de mulher, Baka?"
50:44,3044,passarobllue,passarobllue,confuso,1.0,Pq mulher?
50:44,3044,guilhermesl45,guilhermesl45,neutro,1.0,Ixi
50:44,3044,amauriagj,Amauriagj,neutro,1.0,sensor lá ele
50:46,3046,ryan_goslingdrive7,ryan_goslingdrive7,confuso,1.0,Cuidado pra não encontrar um angolano querendo te sequestrar
50:47,3047,peix3manso,peix3manso,engraçado,1.0,putz kkkkkkkkkkkkk
50:48,3048,mosherjay,mosherjay,confuso,1.0,é possível gemer no japão?
50:48,3048,erickhsn,erickhsn,neutro,1.0,é se tem placa n pode
50:48,3048,psic0patta,PSIC0PATTA,confuso,1.0,e qual a má noticia?
50:50,3050,humberto_fo,humberto_fo,neutro,1.0,é o sexo 3.0
50:51,3051,this_is_pedro,This_is_Pedro,frustrado,1.0,Fingi que é staff
50:52,3052,otakumediocre64,otakumediocre64,confuso,0.667,"Salve Baka, o Hannibal do Brasil, voltou para o Japão de vez ?????"
50:52,3052,hooutz_,hooutz_,confuso,1.0,Então quer dizer que pode entrar
50:53,3053,carolinenaomii,CarolineNaomii,positivo,1.0,"vc pode fazer chá natural, aí no Japão tem os melhores"
50:53,3053,luisfabianopvr,luisfabianopvr,confuso,1.0,No Japão tem Japoneses?
50:55,3055,renatorgal,Renatorgal,frustrado,1.0,mas vc e da staff
50:56,3056,renan_camarg0,renan_camarg0,neutro,1.0,@Ursadaa alguem sabe
50:58,3058,lyu31,Lyu31,confuso,1.0,ueeee voltou pro NIHON?
50:59,3059,pedro_polegar,pedro_polegar,neutro,1.0,Entra devagar vai
51:02,3062,ribossomo_,Ribossomo_,neutro,1.0,ACHEI QUE SÓ EXISTIA PIXAÇÕES NO BRASA
51:03,3063,chat_da_live,chat_da_live,neutro,1.0,unico mob ja passou
51:09,3069,erickhsn,erickhsn,neutro,1.0,caro em
51:11,3071,neekotinakkj,neekotinakkj,neutro,1.0,joga safe dog
51:12,3072,farias_gabr,farias_gabr,neutro,1.0,"nem ta chovendo mais, tu ta de guarda chuva pq é poser"
51:16,3076,this_is_pedro,This_is_Pedro,neutro,1.0,"Essa máquina ten turbina, barulhada"
51:17,3077,mayakovskayas,Mayakovskayas,neutro,1.0,tem um corote apepitoso ai
51:18,3078,reptilianomestre,ReptilianoMestre,neutro,1.0,acende um baseado aí no meio do centro
51:19,3079,vinizinlm,vinizinlm,confuso,1.0,guarde mais calcinhas e resgate nas proximas runs no japil
51:20,3080,victoriafemboyer,victoriafemboyer,confuso,1.0,Será que tem energético SABOR tadala aí?
51:20,3080,ursadaa,Ursadaa,engraçado,1.0,@renan_camarg0 kkkkkk a
51:26,3086,erickhsn,erickhsn,confuso,1.0,ta tendo inflação no japão? tudo caro
51:26,3086,lyu31,Lyu31,confuso,1.0,alguem me atualiza da lore do baka pfvr...qq ele ta fazendo no japao novamente?
51:26,3086,zkamykazez,zKAMYKAZEz,neutro,1.0,elu/delu
51:29,3089,psic0patta,PSIC0PATTA,engraçado,1.0,é aquele campeao do lol
51:30,3090,hatsuzika,hatsuzika,engraçado,1.0,tudo lolzero
51:30,3090,pedro_9753,pedro_9753,engraçado,1.0,kkkkkkkkk
51:31,3091,giorootz,giorootz,engraçado,1.0,KKKKKKKKKKKKKKKKKKKKKKKKKK
51:31,3091,hyutarou,Hyutarou,neutro,1.0,os colecionaveis
51:31,3091,tobias_virgilio,tobias_virgilio,neutro,1.0,gnomios
51:32,3092,candym_paula,candym_paula,engraçado,1.0,Kkkkkkkkkkkkkkkkkkkkkkkkk
51:32,3092,peix3manso,peix3manso,neutro,1.0,creep
51:33,3093,reptilianomestre,ReptilianoMestre,neutro,1.0,GNOMOOOOOS
51:33,3093,florezzs2,florezzs2,neutro,1.0,macabro
51:34,3094,this_is_pedro,This_is_Pedro,neutro,1.0,Oia eu aí
51:34,3094,wesleykolomar_br,wesleykolomar_br,neutro,1.0,tá pedindo em
51:36,3096,pedro_polegar,pedro_polegar,neutro,1.0,Macumba isso ai
51:37,3097,dmelosh,dmelosh,engraçado,1.0,OXE KKKKK
51:37,3097,ordepenn,ordepenn,neutro,1.0,mo biquinho
51:37,3097,manobrau789456,manobrau789456,confuso,1.0,Que isso
51:37,3097,daikii_zzz,daikii_zzz,neutro,1.0,Credo man
51:37,3097,florezzs2,florezzs2,neutro,1.0,sai daí
51:37,3097,candym_paula,candym_paula,neutro,1.0,Olooookooo
51:38,3098,gondojr,gondojr,engraçado,1.0,Kkkkk
51:38,3098,pedepanomttriste,PeDePanoMtTriste,neutro,1.0,Q porra é essa
51:38,3098,thrillerzs,thrillerzs,neutro,1.0,É os meno infrator
51:38,3098,chat_da_live,chat_da_live,neutro,1.0,leva um doende
51:38,3098,amauriagj,Amauriagj,neutro,1.0,metaverso
51:38,3098,crocodilebay,crocodilebay,neutro,1.0,go playing
51:39,3099,lanadka,Lanadka,neutro,1.0,Labubu do japao
51:39,3099,peix3manso,peix3manso,neutro,1.0,mataram 3 só ontem
51:42,3102,kuzuri01_,kuzuri01_,neutro,1.0,HU
51:42,3102,licht_zayy,licht_zayy,neutro,1.0,Garraduende
51:43,3103,mariposa_alada,Mariposa_Alada,neutro,1.0,Mini gnomos comedores de cu
51:43,3103,josephh_zz,josephh_zz,neutro,1.0,O chat ali
51:43,3103,florezzs2,florezzs2,neutro,1.0,eles saem andando
51:44,3104,chat_da_live,chat_da_live,neutro,1.0,um gnomio
51:45,3105,ryan_goslingdrive7,ryan_goslingdrive7,neutro,1.0,Se um angolano te oferecer garotas não aceite
51:46,3106,koitsuab,koitsuab,confuso,1.0,o medo achando que tokyo é sp
51:50,3110,ciriloguej0,ciriloguej0,neutro,1.0,chuta eles e sai correndo
51:50,3110,erickhsn,erickhsn,engraçado,1.0,"pegou o mais caro, virou turista mesmo"
51:52,3112,this_is_pedro,This_is_Pedro,engraçado,1.0,Só são perigosos a noite
51:52,3112,julynhatoys,JulynhaToys,neutro,1.0,Pega o corote ali que a gente bebeu
51:53,3113,zlanz013,zlanz013,neutro,1.0,npc pra ter dar uma quest
51:53,3113,zenith_2xko,zenith_2xko,engraçado,1.0,lol
51:54,3114,victoriafemboyer,victoriafemboyer,neutro,1.0,Tem que tomar um Tadala com energético
51:55,3115,quatroporcento,quatroporcento,neutro,1.0,Charmes
51:56,3116,peix3manso,peix3manso,engraçado,1.0,kkkkkkkkkkkkkkk
51:56,3116,pedepanomttriste,PeDePanoMtTriste,neutro,1.0,Do nada o charmes
51:57,3117,renatorgal,Renatorgal,confuso,1.0,ta duro?
51:58,3118,ayanmelo,ayanmelo,neutro,1.0,ta duro
51:59,3119,sir_wonka0,sir_wonka0,neutro,1.0,Banido
52:01,3121,this_is_pedro,This_is_Pedro,engraçado,1.0,Cartão recusado kkkkk
52:02,3122,bhcbmds_0,bhcbmds_0,neutro,1.0,Tá sem crédito social
52:04,3124,zlanz013,zlanz013,neutro,1.0,vai negar cafe pro dow
52:06,3126,zkamykazez,zKAMYKAZEz,confuso,1.0,Precisa de um PIX ?
52:07,3127,this_is_pedro,This_is_Pedro,neutro,1.0,Tá falido mesmo
52:08,3128,koitsuab,koitsuab,neutro,1.0,viu 2 anão de toca e achou que era assalto
52:11,3131,pedepanomttriste,PeDePanoMtTriste,neutro,1.0,Ta duro dorme
52:13,3133,hooutz_,hooutz_,neutro,1.0,Tem bebida que tem hora dog
52:13,3133,r_lira28,r_lira28,neutro,1.0,pobre
52:15,3135,ribossomo_,Ribossomo_,engraçado,1.0,ZUERA
52:16,3136,josephh_zz,josephh_zz,engraçado,1.0,Pra gringo é mais caro
52:17,3137,this_is_pedro,This_is_Pedro,neutro,1.0,Aceita doação
52:21,3141,rickzinot,RickzinOT,confuso,1.0,ja é a hora do punhetaço?
52:22,3142,vanderdak,Vanderdak,confuso,1.0,voltou pro japão?
52:25,3145,pedro_polegar,pedro_polegar,neutro,1.0,Café tem que ser salgado
52:32,3152,digxd_,digxd_,neutro,1.0,que legal
52:33,3153,re4per_r_,re4per_r_,confuso,1.0,Cafe e energetico n é a mesma coisa não?
52:33,3153,victoriafemboyer,victoriafemboyer,positivo,0.5,"Tamo no escurinho, credo"
52:35,3155,tobias_virgilio,tobias_virgilio,confuso,1.0,café doce ? Toma achocolatado ent
52:35,3155,manhass,Manhass,frustrado,1.0,"o cara nao tankou o brasil, voltou pro japao, fraco"
52:36,3156,caarlos3600,caarlos3600,neutro,1.0,cafe doce e coisa de beta
52:38,3158,debbyznha,debbyznha,neutro,1.0,café salgado não dá mesmo
52:42,3162,pedepanomttriste,PeDePanoMtTriste,neutro,1.0,Olha onde ce me larga fi
52:43,3163,jewerlybun,jewerlybun,neutro,1.0,meudeus o baka voltou pro Japão eu sou mais feliz
52:44,3164,lyu31,Lyu31,confuso,1.0,qual a lore de vc de volta no Nihon?
52:44,3164,dmelosh,dmelosh,engraçado,1.0,no escurinho com o baka
52:45,3165,this_is_pedro,This_is_Pedro,confuso,1.0,Uboxing do café
52:47,3167,duckn_00,duckn_00,confuso,1.0,vai nos abandonar por um cafe?
52:48,3168,bellattore_,bellattore_,confuso,1.0,bellattore_ watched 3 consecutive streams and sparked a watch streak! Gosta de doce? Deixa q eu boto o meu leite pra vc
52:49,3169,reptilianomestre,ReptilianoMestre,engraçado,1.0,café frito
52:50,3170,pedro_polegar,pedro_polegar,neutro,1.0,Fala chupacú
52:50,3170,manobrau789456,manobrau789456,neutro,1.0,Café gelado
52:50,3170,victoriafemboyer,victoriafemboyer,neutro,1.0,@re4per_r_ Um tem cafeína e o outro tem energiticina
52:50,3170,r_lira28,r_lira28,neutro,1.0,café tem q ser ejaculado
52:51,3171,kuzuri01_,kuzuri01_,positivo,1.0,Tamo na cesta pra adoção
52:52,3172,amauriagj,Amauriagj,engraçado,1.0,no esCUrinho
52:53,3173,sir_wonka0,sir_wonka0,neutro,1.0,Parece a assombração q vi ontem
52:55,3175,this_is_pedro,This_is_Pedro,engraçado,1.0,Live experimento comida japonesa
52:57,3177,zkamykazez,zKAMYKAZEz,neutro,1.0,Café sem açúcar
52:59,3179,giorootz,giorootz,neutro,1.0,ja manda um rap no improviso
53:03,3183,peix3manso,peix3manso,neutro,1.0,dá um golin
53:03,3183,ribossomo_,Ribossomo_,engraçado,1.0,ZUERA
53:04,3184,gondojr,gondojr,neutro,1.0,Café com ajinomoto
53:05,3185,bardocky__,bardocky__,neutro,1.0,quem é esse atras de vc
53:06,3186,mayakovskayas,Mayakovskayas,neutro,1.0,se escondendo pra tomar café
53:07,3187,bandidadaisa,bandidadaisa,neutro,1.0,Café na pitchulinha
53:07,3187,reptilianomestre,ReptilianoMestre,engraçado,1.0,cheirinho de canser
53:08,3188,victoriafemboyer,victoriafemboyer,positivo,0.5,Tem gosto de café?
53:09,3189,hooutz_,hooutz_,neutro,1.0,Café tem q ser só o pó
53:10,3190,josephh_zz,josephh_zz,neutro,1.0,Da Review ai
53:11,3191,lostcaco,LostCaco,engraçado,1.0,bebe com o nariz
53:12,3192,m4rvel555,m4rvel555,neutro,1.0,esses becos ai é papo de depressão tá
53:13,3193,well_sg,well_sg,neutro,1.0,esse vai bater
53:13,3193,pedro_polegar,pedro_polegar,neutro,1.0,O CHUPACÚ dos beco
53:15,3195,mariposa_alada,Mariposa_Alada,neutro,1.0,Baum
53:16,3196,pedepanomttriste,PeDePanoMtTriste,neutro,1.0,E ai
53:16,3196,reptilianomestre,ReptilianoMestre,confuso,1.0,TA TOTOSO?
53:18,3198,digxd_,digxd_,confuso,1.0,as pichações aí não são com letras japonesas?
53:18,3198,victoriafemboyer,victoriafemboyer,neutro,1.0,Café sabor japonês
53:18,3198,samuellnx,samuellnx,confuso,1.0,Que lugar vc tá?
53:20,3200,koitsuab,koitsuab,confuso,1.0,no japão tme ajinomoto?
53:20,3200,morisleepy,morisleepy,neutro,1.0,Tem que ser café com leite
53:21,3201,otakumediocre64,otakumediocre64,confuso,1.0,"EAE Hannibal, vai ficar no Japão de vez ?????"
53:22,3202,lyu31,Lyu31,confuso,1.0,desistiu do br?
53:24,3204,pedro_polegar,pedro_polegar,confuso,1.0,Se passar alguém ai é vapo
53:24,3204,mauuzin,mauuzin,engraçado,1.0,zuera
53:25,3205,ibodao,iBodao,neutro,1.0,VENDO FOGÃO QUATRO BOCAS SEMI NOVO
53:25,3205,this_is_pedro,This_is_Pedro,positivo,0.333,"Bom pra bom, ou bom pra ruim?"
53:26,3206,ribossomo_,Ribossomo_,engraçado,1.0,ZUERA.
53:26,3206,florezzs2,florezzs2,negativo,1.0,café gelado é ruim
53:26,3206,mvgamer5353c,mvgamer5353c,neutro,1.0,para de zoar
53:26,3206,amauriagj,Amauriagj,engraçado,1.0,lança um drink barman
53:26,3206,ozonary,oZonary,positivo,1.0,que lindo esse som da natureza
53:28,3208,peix3manso,peix3manso,confuso,1.0,geladin?
53:28,3208,paullouuvercavalar,paullouuvercavalar,engraçado,1.0,"Baka quando voltar pro brasil, bem q vc poderia me assumir neh"
53:29,3209,simplygodd,simplyGodd,neutro,1.0,barulheira da poxa kk
53:30,3210,licht_zayy,licht_zayy,neutro,1.0,Passou dois cara em uma moto aí atrás
53:31,3211,wesleykolomar_br,wesleykolomar_br,neutro,1.0,leite de macho
53:32,3212,pedepanomttriste,PeDePanoMtTriste,neutro,1.0,Da um gole ai pros cara
53:34,3214,florezzs2,florezzs2,engraçado,1.0,bem coisa de gringo
53:34,3214,wesleyp2p,wesleyp2p,engraçado,1.0,O cara toma café escondido KKKK
53:36,3216,lblazko,lblazko,confuso,1.0,vem quente?
53:37,3217,m0am_,m0am_,neutro,1.0,E CAGAR
53:38,3218,hoatsu,Hoatsu,confuso,1.0,pq tá mastigando o café?
53:38,3218,peix3manso,peix3manso,neutro,1.0,cagar
53:38,3218,hyutarou,Hyutarou,neutro,1.0,cagar
53:39,3219,simplygodd,simplyGodd,neutro,1.0,caga
53:39,3219,renatorgal,Renatorgal,neutro,1.0,caga
53:39,3219,iroh_ikki,iroh_ikki,neutro,1.0,cagar
53:39,3219,kuzuri01_,kuzuri01_,neutro,1.0,Vai se cagar todo
53:40,3220,this_is_pedro,This_is_Pedro,neutro,1.0,Os dois
53:40,3220,fibbs,フィブス,neutro,1.0,cagar
53:40,3220,ayanmelo,ayanmelo,neutro,1.0,ain cafézinhooo
53:41,3221,tobias_virgilio,tobias_virgilio,neutro,1.0,faz caga
53:41,3221,dlemonster,DlEmonster,neutro,1.0,café se cheira o pó e bebe agua quente depois
53:42,3222,hooutz_,hooutz_,neutro,1.0,Café faz peidar
53:42,3222,ciriloguej0,ciriloguej0,neutro,1.0,cagar
53:42,3222,sir_wonka0,sir_wonka0,confuso,1.0,É quente?
53:42,3222,snowsnowsnowx10,snowsnowsnowx10,neutro,1.0,cagar
53:44,3224,candym_paula,candym_paula,neutro,1.0,KH
53:45,3225,guilhermesl45,guilhermesl45,neutro,1.0,Cagar
53:45,3225,pedroljn99,pedroljn99,engraçado,0.5,Baka qual sua opinião sobre o caso Vorcari?
53:46,3226,ripcroww,RipCrowW,neutro,1.0,cagar
53:47,3227,koitsuab,koitsuab,neutro,1.0,café faz caga e mija cheiroso
53:47,3227,lostcaco,LostCaco,engraçado,1.0,bebe com o nariz pra ganhar views
53:47,3227,ozonary,oZonary,neutro,1.0,cagar
53:47,3227,mayakovskayas,Mayakovskayas,neutro,1.0,ja já lança um raio do peito com o extrasifilis ai
53:47,3227,pedro_polegar,pedro_polegar,neutro,1.0,Café da extrasistoles também vc é doido porra
53:47,3227,josephh_zz,josephh_zz,neutro,1.0,Mijar cagando
53:49,3229,amauriagj,Amauriagj,neutro,1.0,SuperVinlin  os dois
53:50,3230,willian548,willian548,neutro,1.0,Cagar
53:50,3230,giorootz,giorootz,neutro,1.0,ta tocando o alarme ai
53:52,3232,lsnayk,lsnayk,engraçado,1.0,Kkkkkk
53:52,3232,hooutz_,hooutz_,neutro,1.0,Café faz peida
53:52,3232,izayahn1,izayahn1,neutro,1.0,Cuidado ao sairem pelas ruas! Um homem está tomando café salgado pelos becos escuros.
53:52,3232,dmelosh,dmelosh,neutro,1.0,"Baka, cuidado com o chupacu, fique atento na sua retaguarda."
53:55,3235,renan_camarg0,renan_camarg0,neutro,1.0,TA CAINDO CHUVA TA MOLHANDO O CHAO! CHUVA DE SAUDADE NO MEU CORAÇÂO
53:55,3235,pedepanomttriste,PeDePanoMtTriste,neutro,1.0,Faz cagar man
53:55,3235,julianosniperr,julianosniperr,neutro,1.0,Café faz cagar
53:56,3236,reptilianomestre,ReptilianoMestre,neutro,1.0,CULPA DA EXTRA SIFILIS
53:58,3238,koitsuab,koitsuab,neutro,1.0,mijar com cheiro de café é bão demais
53:59,3239,vinizinlm,vinizinlm,confuso,1.0,menos pior doq o barulho do festival chines
53:59,3239,yortgou,yortgou,positivo,1.0,cagar uns toletao brabo
54:00,3240,licht_zayy,licht_zayy,neutro,1.0,Só não vai derrubar o café em uma certa cortina
54:01,3241,debbyznha,debbyznha,neutro,1.0,vai ter q levar nós no banheiro
54:02,3242,this_is_pedro,This_is_Pedro,neutro,1.0,Desligaram o moedor
54:03,3243,quatroporcento,quatroporcento,neutro,1.0,Os caras que tomam café rankeado botam sal pra aumentar a sensação das papilas gustativas
54:06,3246,pedroljn99,pedroljn99,neutro,1.0,café faz fumar cigarro
54:07,3247,chat_da_live,chat_da_live,neutro,1.0,mol molezinha meu
54:10,3250,breikaa,breikaa,neutro,1.0,Da caganera
54:12,3252,e006cr,e006cr,neutro,1.0,Os doiis
54:14,3254,florezzs2,florezzs2,neutro,1.0,já era
54:18,3258,reptilianomestre,ReptilianoMestre,confuso,1.0,ESQUECER OQ?
54:20,3260,florezzs2,florezzs2,neutro,1.0,o chat vai esquecer
54:23,3263,1marcus,1Marcus,engraçado,1.0,1Marcus subscribed with Prime. They've subscribed for 18 months! oi baka
54:23,3263,amauriagj,Amauriagj,neutro,1.0,ihh
54:24,3264,masterwolf056,masterwolf056,positivo,0.333,"masterwolf056 subscribed with Prime. They've subscribed for 31 months, currently on a 1 month streak! bom dia baka, onde tem um banheiro? minha calcinha ta me incomodando"
54:25,3265,florezzs2,florezzs2,engraçado,1.0,kkk
54:25,3265,re4per_r_,re4per_r_,engraçado,1.0,Um veio kkkkkkkk
54:27,3267,karasu2024,karasu2024,neutro,1.0,PlotTwist PlotTwist PlotTwist
54:27,3267,this_is_pedro,This_is_Pedro,neutro,1.0,"Foi roubado já, adianta não"
54:28,3268,peix3manso,peix3manso,engraçado,1.0,kkkkkkkkkkkkkk
54:30,3270,r_lira28,r_lira28,neutro,1.0,ALÁ O MIJÃO
54:30,3270,victoriafemboyer,victoriafemboyer,neutro,1.0,To ficando surdo aaaa
54:31,3271,chat_da_live,chat_da_live,neutro,1.0,quero ver as bola do vei
54:32,3272,pedro_polegar,pedro_polegar,confuso,1.0,Ô baka cafeina nao da extrasistoles nao???
54:36,3276,betolxi,betolxi,neutro,1.0,@renan_camarg0 grande poeteiro
54:42,3282,re4per_r_,re4per_r_,neutro,1.0,Spot of side quest
54:44,3284,amauriagj,Amauriagj,neutro,1.0,uma placa das tailandesas ali Bakinha
54:47,3287,samuellnx,samuellnx,confuso,1.0,Quantos graus aí?
54:49,3289,zlanz013,zlanz013,neutro,1.0,lembrar de esquecer o guarda chuva tá!
54:56,3296,reptilianomestre,ReptilianoMestre,frustrado,1.0,AFFFS JURU
54:58,3298,renatorgal,Renatorgal,confuso,1.0,pq n deixa o tts?
54:58,3298,ppoli,ppoli,confuso,1.0,"voltou pro japaum, acabo a grana?"
54:59,3299,pedro_polegar,pedro_polegar,engraçado,1.0,Queria ver suas bolas quadradas ain
54:59,3299,this_is_pedro,This_is_Pedro,neutro,1.0,!clima
55:00,3300,nightbot,Nightbot,neutro,1.0,Agora em Tokyo tá 73F (23C)
55:00,3300,ayanmelo,ayanmelo,engraçado,1.0,aquele ali é o Komi kudikurioso
55:02,3302,pedepanomttriste,PeDePanoMtTriste,positivo,1.0,Bom q ta seguro com o guardas
55:04,3304,fakedev,fakedev,confuso,1.0,pixação aí é em katakana ou girafa na?
55:05,3305,leonardogb90,leonardogb90,neutro,1.0,bakta ta aonde
55:08,3308,victoriafemboyer,victoriafemboyer,neutro,1.0,Mija no velho
55:08,3308,peix3manso,peix3manso,neutro,1.0,tava suspeito memo
55:12,3312,m4rvel555,m4rvel555,neutro,1.0,café na garrafa de corote
55:13,3313,josephh_zz,josephh_zz,confuso,1.0,Esse café ai tá gelado?
55:14,3314,peix3manso,peix3manso,neutro,1.0,ou tava fazendo sex
55:18,3318,tpiasmyn,tpiasmyn,neutro,1.0,ja voltou pro japao olokoo
55:18,3318,chat_da_live,chat_da_live,neutro,1.0,pego no pulo
55:19,3319,koitsuab,koitsuab,confuso,1.0,vai ficar quanto tempo ai em sorocaba?
55:21,3321,reptilianomestre,ReptilianoMestre,neutro,1.0,AJUDA ELE BAKA
55:21,3321,amauriagj,Amauriagj,neutro,1.0,passou nas tailandesas da plaquinha ali
55:22,3322,pedro_polegar,pedro_polegar,neutro,1.0,As bola quadrada do kiko
55:24,3324,pedepanomttriste,PeDePanoMtTriste,neutro,1.0,Era isso ou você ia ter uma surpresa
55:24,3324,julianosniperr,julianosniperr,confuso,1.0,Os beco aí tem cheiro de mijo?
55:27,3327,hooutz_,hooutz_,neutro,1.0,"Geralmente beco não é pra beber café, o velho tá certo"
55:30,3330,ribossomo_,Ribossomo_,confuso,1.0,BAKA O QUE É AQUELA COISA ALI CHEGANDO ATRÁS DE VOCÊ QUE TA SUBINDO NA SUA BUNDA AGORA
55:30,3330,wesleykolomar_br,wesleykolomar_br,engraçado,1.0,marcou território corre
55:32,3332,johanmalado,johanmalado,confuso,1.0,porque nessa cidade não tem cachorros na rua?
55:33,3333,gondojr,gondojr,neutro,1.0,Café com pus de dez paus com gonorréia
55:36,3336,licht_zayy,licht_zayy,neutro,1.0,"Que nada, ele foi só coçar o saco"
55:37,3337,crocodilebay,crocodilebay,neutro,1.0,tomara q seja a segunda opção nerrr
55:38,3338,victoriafemboyer,victoriafemboyer,neutro,1.0,@julianosniperr O mijo tem cheiro de beco
55:40,3340,reptilianomestre,ReptilianoMestre,neutro,1.0,DAR AQUELA MÃOZINHA AMIGA PRA ELE BAKA
55:42,3342,willian548,willian548,confuso,1.0,Pq tão cedo baka?
55:43,3343,kuzuri01_,kuzuri01_,neutro,1.0,Era membro presencial do punhetaço
55:44,3344,izayahn1,izayahn1,neutro,1.0,vain comi
55:45,3345,renan_camarg0,renan_camarg0,confuso,1.0,o veio trabalha a vida inteira e nao pode nem dar uma arrumada no peru em paz no beco que aparece um streamer
55:46,3346,breikaa,breikaa,neutro,1.0,As vezes tava so batendo umazinha
55:51,3351,this_is_pedro,This_is_Pedro,neutro,1.0,Beco é pra cagar
55:55,3355,boggyneo,boggyneo,neutro,1.0,"q susto, pensei q tinha uma moça olhando pra camera ali"
55:55,3355,chat_da_live,chat_da_live,neutro,1.0,o velho q ta no lugar de fala
55:56,3356,izayahn1,izayahn1,neutro,1.0,eita porra
55:57,3357,artuurbr21,artuurbr21,neutro,1.0,"ele bebeu café e foi cagar,dps é tu baka"
55:58,3358,pedroljn99,pedroljn99,engraçado,1.0,Baka fugiu do Brasil pra não cair no caso Vorcari
55:58,3358,this_is_pedro,This_is_Pedro,confuso,1.0,Coca?
55:59,3359,ribossomo_,Ribossomo_,neutro,1.0,QUE BARULHO MEU DEUS
56:01,3361,ribossomo_,Ribossomo_,engraçado,1.0,KKKKKKKKKKKKKKKKKKKKKKKKKK
56:01,3361,wesleykolomar_br,wesleykolomar_br,neutro,1.0,ave
56:01,3361,peix3manso,peix3manso,neutro,1.0,eita
56:01,3361,izayahn1,izayahn1,engraçado,1.0,KKKKKKKKKKKKKKKKKKKKK
56:02,3362,psic0patta,PSIC0PATTA,neutro,1.0,caralho
56:02,3362,pedepanomttriste,PeDePanoMtTriste,neutro,1.0,Barulheira do diabo
56:03,3363,pedro_polegar,pedro_polegar,neutro,1.0,Beco é pra duas coisa: TRAFICAR e ASSALTAR
56:03,3363,kthyosu,kthyosu,positivo,1.0,valha que musica boa
56:03,3363,ciriloguej0,ciriloguej0,neutro,1.0,ta poha
56:03,3363,peix3manso,peix3manso,neutro,1.0,quebra memoi
56:04,3364,mariposa_alada,Mariposa_Alada,neutro,1.0,Taporra terremoto
56:04,3364,guilhermesl45,guilhermesl45,neutro,1.0,Damn
56:05,3365,simplygodd,simplyGodd,engraçado,1.0,kkkkkkkk
56:05,3365,barao_bleu,barao_bleu,neutro,1.0,terremoto
56:06,3366,reptilianomestre,ReptilianoMestre,neutro,1.0,APOCALIPSE
56:06,3366,willbits1,willbits1,neutro,1.0,Jesus
56:07,3367,artuurbr21,artuurbr21,neutro,1.0,NOSSAAAAAAAAAAAA
56:07,3367,dmelosh,dmelosh,neutro,1.0,Taporra
56:07,3367,gusttavor1,GusttavoR1,confuso,1.0,"que isso, terremoto?"
56:07,3367,simplygodd,simplyGodd,neutro,1.0,jeesus
56:07,3367,ayanmelo,ayanmelo,neutro,1.0,tapoha
56:07,3367,wesleykolomar_br,wesleykolomar_br,engraçado,1.0,kkkkkkkkkkkkkkkkkkkkkkkkk
56:07,3367,sngabs,sngabs,neutro,1.0,tá porra
56:08,3368,zlanz013,zlanz013,confuso,1.0,foi bater o ponto no atacadão?
56:08,3368,daikii_zzz,daikii_zzz,neutro,1.0,EKTA PORRA
56:08,3368,thrillerzs,thrillerzs,confuso,1.0,Oque se derrubou ai fio
56:08,3368,amauriagj,Amauriagj,neutro,1.0,cuidado como enquadro maroto aí
56:09,3369,this_is_pedro,This_is_Pedro,neutro,1.0,Tá poha
56:09,3369,frateu_,真夜中の月,neutro,1.0,caralho meu parceiro.....
56:09,3369,ana_mand,ana_mand,engraçado,1.0,Misericórdia
56:09,3369,whittakerr1,whittakerr1,neutro,1.0,corre que e'tiro
56:10,3370,hyutarou,Hyutarou,confuso,1.0,faz mais alto que ainda nao ouvi
56:10,3370,kkgoji,kkgoji,engraçado,1.0,kkkkkkk
56:10,3370,lsnayk,lsnayk,neutro,1.0,Terremoto
56:10,3370,kaworo27,kaworo27,engraçado,1.0,KAKKKKKKKKKKK
56:11,3371,izayahn1,izayahn1,neutro,1.0,achei que tava caindo granizo de repente
56:12,3372,ribossomo_,Ribossomo_,neutro,1.0,TERREMOTO PORRA
56:13,3373,re4per_r_,re4per_r_,engraçado,1.0,kkkkkkkkkkkkkk
56:13,3373,bardocky__,bardocky__,neutro,1.0,NotLikeThis NotLikeThis NotLikeThis NotLikeThis
56:15,3375,sngabs,sngabs,neutro,1.0,segura aí baka
56:16,3376,ohlavracvk,ohlavracvk,confuso,1.0,ta no metro ?
56:16,3376,kkgoji,kkgoji,neutro,1.0,tudo normal por aq
56:17,3377,chat_da_live,chat_da_live,neutro,1.0,fim dos tempos
56:17,3377,reptilianomestre,ReptilianoMestre,neutro,1.0,F
56:17,3377,mtbrazil,MTBRAZIL,neutro,1.0,"Ah que delicia, sons de manufatura e trabalho escravo"
56:17,3377,victoriafemboyer,victoriafemboyer,neutro,1.0,"Trabalha mais baixo, japonês!"
56:17,3377,hyutarou,Hyutarou,engraçado,1.0,kkkkkkkkkkkkkkkkkkkkkkk
56:18,3378,urahmeshi,Urahmeshi,neutro,1.0,"ta porra, achei q era terremoto"
56:19,3379,vinizinlm,vinizinlm,engraçado,1.0,kkkkkkkk
56:19,3379,ozonary,oZonary,engraçado,1.0,kkkkkkkkkkkkkkk
56:19,3379,otakumediocre64,otakumediocre64,confuso,0.667,"Salve mano Hannibal, blz ? Vai ficar de vez no Japão mesmo ?????"
56:19,3379,fibbs,フィブス,engraçado,1.0,coloca o volume dos efeito no 10 LUL
56:19,3379,digxd_,digxd_,engraçado,1.0,kkkkkkkkkkkkkk
56:19,3379,izayahn1,izayahn1,neutro,1.0,olhou
56:19,3379,hoatsu,Hoatsu,neutro,1.0,eita
56:19,3379,lvuiys,lvuiys,neutro,1.0,tá caindo o mundo
56:20,3380,sngabs,sngabs,engraçado,1.0,KKKKKKKKKKKKKKKK
56:20,3380,pedro_9753,pedro_9753,engraçado,1.0,kkkkkkkkkkk
56:20,3380,peix3manso,peix3manso,neutro,1.0,olc olhou
56:20,3380,izayahn1,izayahn1,engraçado,1.0,kkkkkkkkkkkkkkkkkkkkkkkk
56:20,3380,idlyteru,idlyteru,engraçado,1.0,ih alakkkk
56:20,3380,mariposa_alada,Mariposa_Alada,engraçado,1.0,KKKKKKKK
56:21,3381,re4per_r_,re4per_r_,engraçado,1.0,Ele encarando kkkkkkkkkkkkk
56:21,3381,licht_zayy,licht_zayy,engraçado,1.0,Asmr ao contrário
56:21,3381,this_is_pedro,This_is_Pedro,neutro,1.0,Manda o cara fazer menos barulho aí
56:21,3381,josephh_zz,josephh_zz,engraçado,1.0,Ainda olhou kkkkk
56:21,3381,mauuzin,mauuzin,neutro,1.0,belos cabelos
56:22,3382,artuurbr21,artuurbr21,neutro,1.0,IH
56:22,3382,psic0patta,PSIC0PATTA,neutro,1.0,deu uma olhadinha
56:22,3382,pedepanomttriste,PeDePanoMtTriste,engraçado,1.0,A KKKKKKKKKKKKKKKKKKK TOMA NO CY MO BARULHAO
56:22,3382,bakinae,bakinae,engraçado,1.0,kkkkkkkkkkkkkkkkkkkkkkkkkkkk
56:23,3383,debbyznha,debbyznha,engraçado,1.0,eita porra KKKKKKKK
56:23,3383,frateu_,真夜中の月,engraçado,1.0,o olhar de julgamento kkkkkkkkkkkk
56:23,3383,bhcbmds_0,bhcbmds_0,neutro,1.0,"Quando o cara ""certinho"" tenta ser descolado: maluco usando a droga mais pesada que ele pode KAKSKSKSKS"
56:23,3383,ribossomo_,Ribossomo_,neutro,1.0,O KIM JON UN OLHANDO PRA VC
56:23,3383,florezzs2,florezzs2,neutro,1.0,encarou o Baka
56:24,3384,sir_wonka0,sir_wonka0,neutro,1.0,Ela olhando alaklalwlw
56:24,3384,renatorgal,Renatorgal,positivo,1.0,gostou de vc o japa
56:24,3384,flockie7,flockie7,neutro,1.0,a olhadinha
56:24,3384,boggyneo,boggyneo,neutro,1.0,maneiro
56:24,3384,maluveloso10,maluveloso10,neutro,1.0,fiquei surda vei
56:25,3385,sngabs,sngabs,neutro,1.0,o cara deu uma olhada
56:25,3385,yuri_ferreir,yuri_ferreir,engraçado,1.0,Kkkkkkkkkkk
56:25,3385,ibodao,iBodao,neutro,1.0,IAKUZA
56:25,3385,paullouuvercavalar,paullouuvercavalar,positivo,1.0,Pelo amor de deus baka sai dai
56:25,3385,pedro_polegar,pedro_polegar,neutro,1.0,A cara do maluco morrendo de medo de assalto
56:25,3385,yortgou,yortgou,neutro,1.0,zuada
56:26,3386,thrillerzs,thrillerzs,engraçado,1.0,Kkkkkkkkkkk tiuzinho olhando
56:26,3386,debbyznha,debbyznha,neutro,1.0,ASMR
56:26,3386,reptilianomestre,ReptilianoMestre,engraçado,1.0,KKKKKKKKKKKKKKK
56:26,3386,morisleepy,morisleepy,engraçado,1.0,Kkkkkkkkkkkkkkkkkkkkk
56:26,3386,renan_camarg0,renan_camarg0,neutro,1.0,toma essa encarada da Yakuza ta
56:27,3387,izayahn1,izayahn1,neutro,1.0,vixe
56:27,3387,amauriagj,Amauriagj,engraçado,1.0,kkkkkkkkkkkkkk a cara dele na câmera olhando
56:28,3388,xurig,xurig,neutro,1.0,"é um kaiju, é normal"
56:28,3388,peix3manso,peix3manso,neutro,1.0,olhou julgou
56:28,3388,marcao0_0,marcao0_0,engraçado,1.0,Ele olhou Kkkksksksks
56:28,3388,mayakovskayas,Mayakovskayas,neutro,1.0,tomou a encarada
56:29,3389,r_lira28,r_lira28,neutro,1.0,A MINA TÁ NA SUA
56:29,3389,wesleyp2p,wesleyp2p,engraçado,1.0,Ele olhou pra você KKKKKK
56:30,3390,dlemonster,DlEmonster,neutro,1.0,chegou o boss da area
56:30,3390,izayahn1,izayahn1,neutro,1.0,vai ser molestado
56:31,3391,daikii_zzz,daikii_zzz,neutro,1.0,KAKAKAKAKAKAKA
56:33,3393,ozonary,oZonary,neutro,1.0,o olhar de mil tsunamis
56:35,3395,mayakovskayas,Mayakovskayas,neutro,1.0,nada suspeito
56:35,3395,jettasz,jettasz,neutro,1.0,ta marcado
56:35,3395,crocodilebay,crocodilebay,engraçado,1.0,"vc tem cara de serial killer, eu ficaria com medo tbm"
56:35,3395,guilhermesl45,guilhermesl45,engraçado,1.0,Kkkkkk
56:36,3396,alxo42o,alxo42o,neutro,1.0,todo suspeito no obscuro
56:37,3397,reptilianomestre,ReptilianoMestre,neutro,1.0,ASMR
56:37,3397,renatorgal,Renatorgal,neutro,1.0,vai morrer
56:37,3397,renan_camarg0,renan_camarg0,neutro,1.0,toma essa encarada do ajudante da Yakuza
56:38,3398,thrillerzs,thrillerzs,engraçado,1.0,KKKKKKKKKKKKK
56:38,3398,chat_da_live,chat_da_live,engraçado,1.0,a veia olhando esse estranho no escuro KKKKKKKKKKKKK
56:38,3398,peix3manso,peix3manso,neutro,1.0,ela tava com medo
56:39,3399,victoriafemboyer,victoriafemboyer,neutro,1.0,"Fala pra ele falar mais baixo, nengue"
56:40,3400,lostcaco,LostCaco,neutro,1.0,a olhada fatal do tiozinho
56:41,3401,josephh_zz,josephh_zz,neutro,1.0,Tomou apavoro do Veio
56:41,3401,ribossomo_,Ribossomo_,neutro,1.0,KIM JONG UN OLHANDO PRA VC AGR
56:42,3402,pedro_polegar,pedro_polegar,neutro,1.0,Coitado do cara achou q era o ultimo dia da vida dele
56:43,3403,hoatsu,Hoatsu,neutro,1.0,enfrenta o boss Baka
56:43,3403,barao_bleu,barao_bleu,neutro,1.0,F cu
56:45,3405,quatroporcento,quatroporcento,neutro,1.0,Esqueleto com roda velha é assim mesmo
56:45,3405,giorootz,giorootz,neutro,1.0,o japa ta na sua maldade
56:45,3405,wesleykolomar_br,wesleykolomar_br,neutro,1.0,quietinho
56:46,3406,pedepanomttriste,PeDePanoMtTriste,neutro,1.0,Meus ouvido fi
56:46,3406,rafaelrznd,rafaelrznd,neutro,1.0,fico timido
56:46,3406,kuzuri01_,kuzuri01_,positivo,1.0,Vai levar um salve
56:48,3408,caiopinto120887,caiopinto120887,confuso,1.0,Tá mastigando café fdp?
56:48,3408,tobias_virgilio,tobias_virgilio,engraçado,1.0,@oZonary kkkkkkkkkkk
56:49,3409,azariellk,azariellk,engraçado,1.0,ele querendo rir kkkkkkkkkkkkkkk
56:49,3409,bardocky__,bardocky__,neutro,1.0,tu ta parecendo um npc ai nesse beco
56:49,3409,flockie7,flockie7,neutro,1.0,vai tomar apavoro
56:50,3410,vibesquad,VibeSquaD,neutro,1.0,Faustão  japonês oloko bicho
56:50,3410,sir_wonka0,sir_wonka0,positivo,0.5,"Olhou sorriu,mandioca no bombril"
56:52,3412,this_is_pedro,This_is_Pedro,confuso,1.0,Pronto pra assaltar alguém
56:52,3412,lsnayk,lsnayk,engraçado,1.0,O japa olhando pra baka e pensando e esse maluco aí no escuro kkk
56:54,3414,ohlavracvk,ohlavracvk,neutro,1.0,"tio olhou julgando, ""vagabundo fazendo live de manha cedo"""
56:56,3416,chat_da_live,chat_da_live,neutro,1.0,ele vai tar com a pindola de fora
56:58,3418,felippefarr,felippefarr,neutro,1.0,mirysCat
56:59,3419,gamessbrandao,gamessbrandao,neutro,1.0,Alerta de boss
57:00,3420,amauriagj,Amauriagj,neutro,1.0,tio ali levando os bagulho da yakuza
57:00,3420,peix3manso,peix3manso,engraçado,1.0,kkkkkkkkkkkkkkkkk
57:06,3426,reptilianomestre,ReptilianoMestre,neutro,1.0,OLHAR DE 4 HIROSHIMAS
57:08,3428,pedepanomttriste,PeDePanoMtTriste,neutro,1.0,O veio lá mijano a beça no teu guardas
57:10,3430,lostcaco,LostCaco,neutro,1.0,a olhada do punhetasso
57:13,3433,amauriagj,Amauriagj,neutro,1.0,SwiftRage
57:13,3433,senhorley,senhorley,neutro,1.0,"Cagou nas calças, certeza"
57:14,3434,sngabs,sngabs,neutro,1.0,olhada de dez mil ogivas
57:16,3436,pedro_polegar,pedro_polegar,frustrado,1.0,Olhou e pensou pqp o maniaco do beco
57:22,3442,this_is_pedro,This_is_Pedro,confuso,1.0,Cadê o guarda chuva transparente??
57:22,3442,annoyinger,Annoyinger,neutro,1.0,seu queixo ta mt obsceno hj
57:23,3443,izayahn1,izayahn1,neutro,1.0,baka precisou ficar no stealth ali
57:24,3444,pimbamurchaadobaire,pimbamurchaadobaire,neutro,1.0,"o tio ficou puto, trabalhando e vendo um desocupado"
57:25,3445,victormatheus819,victormatheus819,confuso,1.0,Ué voltou pro Japão???  Num tava no brasil ????
57:29,3449,mauuzin,mauuzin,neutro,1.0,O veio mijou no guarda dele
57:29,3449,cl3b3rq,cl3b3rq,neutro,1.0,Liberdade
57:31,3451,vinizinlm,vinizinlm,engraçado,1.0,vei das carça arriada no seu habitat natural
57:32,3452,erickhsn,erickhsn,neutro,1.0,stand desk
57:38,3458,thrillerzs,thrillerzs,neutro,1.0,Ele deu a olhada do homem sexual
57:38,3458,wesleyp2p,wesleyp2p,confuso,1.0,Não vai ter mas punhetasso baka?
57:40,3460,peix3manso,peix3manso,neutro,1.0,kd vc
57:44,3464,crocodilebay,crocodilebay,neutro,1.0,@victormatheus819 gravado
57:44,3464,wesleyp2p,wesleyp2p,neutro,1.0,Mais*
57:45,3465,vinizinlm,vinizinlm,engraçado,1.0,kkkkkkkk
57:46,3466,reptilianomestre,ReptilianoMestre,confuso,1.0,PRA QUE JOGAR BOLA NA MAVI? ARROGÃTCHI
57:47,3467,re4per_r_,re4per_r_,confuso,1.0,Era?
57:48,3468,lee_cego1,lee_cego1,confuso,1.0,ai só tem chuva?
57:48,3468,pedro_polegar,pedro_polegar,frustrado,1.0,Saporra vai cair... vai vendo a merda
57:48,3468,hoatsu,Hoatsu,engraçado,1.0,kkkkkkkkkkkk
57:48,3468,victoriafemboyer,victoriafemboyer,neutro,1.0,Mulher máscula....
57:49,3469,bingasdoteras,BingasDoTeras,neutro,1.0,"@victormatheus819 é brasil ai, é fortaleza"
57:49,3469,this_is_pedro,This_is_Pedro,neutro,1.0,Kk
57:53,3473,majuzinha2000,majuzinha2000,confuso,1.0,Uai
57:56,3476,amauriagj,Amauriagj,neutro,1.0,a tia desse jeito depois pras colega >> PopNemo
58:03,3483,giorootz,giorootz,confuso,1.0,nani?!
58:05,3485,giovani6jogadoh,giovani6jogadoh,neutro,1.0,manda esse tiozinho se fu.. zueeera
58:05,3485,josephh_zz,josephh_zz,neutro,1.0,Live Gravada
58:06,3486,this_is_pedro,This_is_Pedro,neutro,1.0,"@bingasdoteras é o Rj, tá chovendo igual"
58:07,3487,ryan_goslingdrive7,ryan_goslingdrive7,engraçado,0.5,Oq vc acha da nova parceria do Kojima e do xbox
58:09,3489,pedepanomttriste,PeDePanoMtTriste,neutro,1.0,Jogador caro
58:10,3490,erickhsn,erickhsn,neutro,1.0,"fiquei 2 semanas, choveu 1x"
58:13,3493,thrillerzs,thrillerzs,neutro,1.0,Setembro Setembroxove ne
58:14,3494,gamessbrandao,gamessbrandao,confuso,1.0,Qual a situação do desempregado de hoje?
58:15,3495,bingasdoteras,BingasDoTeras,neutro,1.0,@This_is_Pedro pode crer
58:17,3497,victoriafemboyer,victoriafemboyer,neutro,1.0,Tem que desabilitar na config
58:19,3499,bakinae,bakinae,positivo,1.0,chama a julinha pra live ficar boa baka
58:20,3500,passarobllue,passarobllue,neutro,1.0,Vila da chuva do nagato
58:21,3501,vinizinlm,vinizinlm,neutro,1.0,quando fazia live no calor reclamava que só a porra
58:22,3502,seubobao,seubobao,neutro,1.0,Setembro chove
58:24,3504,lostcaco,LostCaco,engraçado,1.0,chuva faz parte do cenário cyberpunk
58:24,3504,reptilianomestre,ReptilianoMestre,neutro,1.0,67
58:25,3505,pimbamurchaadobaire,pimbamurchaadobaire,frustrado,1.0,"a tia ficou puta, trabalhando e vendo um desocupado"
58:29,3509,astakoda,AstaKoda,neutro,1.0,É duro
58:30,3510,musantuz,musantuz,neutro,1.0,faz 2 semanas que ao para de chover em sp
58:32,3512,amauriagj,Amauriagj,engraçado,1.0,é que c é góteko aí trouze a escuridão
58:35,3515,hatsuzika,hatsuzika,neutro,1.0,"japoneses precisam ficar atentos, o chupa cu dos becos voltou, a lenda urbana mais temida"
58:37,3517,wesleyp2p,wesleyp2p,confuso,1.0,Não era você que gostava de chuva?
58:37,3517,re4per_r_,re4per_r_,neutro,1.0,Julinha ta dormindo galera
58:37,3517,hoatsu,Hoatsu,neutro,1.0,é pra compensar vc ficar torcendo pra vir chuva em são paulo e poder gravar
58:40,3520,this_is_pedro,This_is_Pedro,neutro,1.0,Compra um plástico
58:40,3520,xurig,xurig,neutro,1.0,pra quem curte uma chuva é massa demais
58:41,3521,mistavo,Mistavo,neutro,1.0,Baka garantiu a fofoca do dia
58:42,3522,pedro_polegar,pedro_polegar,negativo,1.0,É a energia ruim carregada vai de benzer
58:42,3522,deusdoioi,deusdoIoI,neutro,1.0,vai fazer muito video então
58:42,3522,victoriafemboyer,victoriafemboyer,confuso,1.0,Todo ano chove aí?
58:43,3523,1guinobre1,1guinobre1,neutro,1.0,Baka essas lives vão virar vídeo pro canal
58:44,3524,pedepanomttriste,PeDePanoMtTriste,engraçado,0.5,Abrir as coisas? La ele meu deus do ceu
58:46,3526,loordan_,Loordan_,neutro,1.0,Só reclama
58:53,3533,koitsuab,koitsuab,engraçado,0.5,Ja viu o casamento do davi brito com a emily Araújo?
58:54,3534,rafael_satoshi,rafael_satoshi,neutro,1.0,Binoculous
58:55,3535,giovani6jogadoh,giovani6jogadoh,neutro,1.0,olar
58:59,3539,amauriagj,Amauriagj,neutro,1.0,só um café danke mesmo
59:01,3541,victormatheus819,victormatheus819,neutro,1.0,@BingasDoTeras Desculpa não percebi que era salvadoru
59:01,3541,maikon7501,maikon7501,neutro,1.0,@pimbamurchaadobaire HeyGuys
59:01,3541,reptilianomestre,ReptilianoMestre,engraçado,1.0,FAZ UMA PIADA PRA NÓS RIR
59:02,3542,victoriafemboyer,victoriafemboyer,neutro,1.0,"Tão te comendo por trás, Baka"
59:02,3542,lostcaco,LostCaco,neutro,1.0,tem um corvo na sua bunda
59:03,3543,ribossomo_,Ribossomo_,engraçado,1.0,ZUERA
59:06,3546,lu4n_demetrio,lu4n_demetrio,neutro,1.0,Binoculous
59:06,3546,igorluisk2,igorluisk2,confuso,1.0,Baka trabalha com oq?
59:07,3547,peix3manso,peix3manso,neutro,1.0,nice
59:08,3548,dlemonster,DlEmonster,engraçado,1.0,!lolja
59:08,3548,ph_dsg,PH_dsg,neutro,1.0,mas pra direita pra mim limpar o pixel
59:08,3548,thrillerzs,thrillerzs,engraçado,1.0,Comprei a cueca da Lolja
59:11,3551,pedro_polegar,pedro_polegar,positivo,1.0,Banho de pau grosso é bom pra mau olhado
59:12,3552,this_is_pedro,This_is_Pedro,neutro,1.0,Eu vi lá
59:12,3552,mariposa_alada,Mariposa_Alada,confuso,1.0,Seu peitinho tá em promoção?
59:12,3552,josephh_zz,josephh_zz,neutro,1.0,O garoto propaganda
59:12,3552,izayahn1,izayahn1,neutro,1.0,compre 3 leve uma
59:13,3553,erickhsn,erickhsn,neutro,1.0,!loja
59:13,3553,victoriafemboyer,victoriafemboyer,neutro,1.0,"Faz o urro, Baka"
59:13,3553,nightbot,Nightbot,engraçado,1.0,https://www.lolja.com.br/baka-gaijin
59:13,3553,peix3manso,peix3manso,neutro,1.0,ai sim
59:16,3556,pedepanomttriste,PeDePanoMtTriste,neutro,1.0,Escaneia meu seio
59:17,3557,bingasdoteras,BingasDoTeras,neutro,1.0,@victormatheus819 ta perdoado
59:19,3559,passarobllue,passarobllue,neutro,1.0,Compra duas paga tres
59:19,3559,quatroporcento,quatroporcento,neutro,1.0,Ai que gatinho
59:23,3563,r_lira28,r_lira28,neutro,1.0,mamilo safado
59:23,3563,giovani6jogadoh,giovani6jogadoh,neutro,1.0,"eu tenho, eu já comprei"
59:25,3565,klinenilk,klinenilk,confuso,1.0,o seu peito em promoção?
59:26,3566,peix3manso,peix3manso,neutro,1.0,ta na maldade
59:33,3573,yuuto_bk,yuuto_bk,positivo,1.0,bakagaPikagasm
59:33,3573,pimbamurchaadobaire,pimbamurchaadobaire,engraçado,1.0,@maikon7501 pericl11EhUchapaAS
59:37,3577,victoriafemboyer,victoriafemboyer,neutro,1.0,Rouba o carro só pela resenha
59:40,3580,erickhsn,erickhsn,neutro,1.0,no inverno eu só uso os seus moletons
59:42,3582,vinizinlm,vinizinlm,neutro,1.0,escaneia meu brochove
59:44,3584,agiotadofelps,AgiotaDoFelps,neutro,1.0,delicia de chuva
59:45,3585,josephh_zz,josephh_zz,neutro,1.0,Tomou na Jabiraca
59:46,3586,dlemonster,DlEmonster,neutro,1.0,!livro
59:46,3586,nightbot,Nightbot,neutro,1.0,Mihail na Amazon: https://a.co/d/4AxF7mK
59:49,3589,pimbamurchaadobaire,pimbamurchaadobaire,confuso,1.0,voltou pro japil?
59:55,3595,erickhsn,erickhsn,neutro,1.0,café desidrata
59:55,3595,vinizinlm,vinizinlm,neutro,1.0,só excita
59:56,3596,peix3manso,peix3manso,neutro,1.0,esse carro ta parecendo mt um carro assassino de filme trash
1:00:00,3600,mistavo,Mistavo,engraçado,1.0,Mistavo subscribed with Prime.
1:00:03,3603,izayahn1,izayahn1,neutro,1.0,só tesão
1:00:03,3603,reptilianomestre,ReptilianoMestre,neutro,1.0,o café não mas a água que tá nele sim
1:00:05,3605,lc_felipe,lc_felipe,neutro,1.0,"café é diurético, faz vc mijar"
1:00:08,3608,akirosetonai,AkiroSetonai,engraçado,0.667,comprei a camisa da lolja com sua estampa e agora sofro bullying na faculdade obrigado baka!
1:00:08,3608,dmelosh,dmelosh,neutro,1.0,bakagaLovebeco
1:00:08,3608,wesleykolomar_br,wesleykolomar_br,neutro,1.0,dá o strafe
1:00:08,3608,pedro_polegar,pedro_polegar,neutro,1.0,Cara como vc sobrevive sem água isso não é normal n
1:00:10,3610,maikon7501,maikon7501,neutro,1.0,@pimbamurchaadobaire está visitando
1:00:11,3611,victoriafemboyer,victoriafemboyer,neutro,1.0,Além de veio é mendigo
1:00:11,3611,peix3manso,peix3manso,neutro,1.0,olha que veio suspeito
1:00:13,3613,pedepanomttriste,PeDePanoMtTriste,positivo,1.0,Hidrata mas fica o gosto na boca
1:00:13,3613,loordan_,Loordan_,confuso,1.0,Onde que o caba mija?
1:00:17,3617,pedro_polegar,pedro_polegar,neutro,1.0,AO VEIO TRAFICANTE
1:00:18,3618,hoatsu,Hoatsu,engraçado,1.0,"´tem que ser mt esquisito pra ficar entrando nesses becos ai, quem faria isso Kappa"
1:00:19,3619,erickhsn,erickhsn,neutro,1.0,veio do raio
1:00:19,3619,urahmeshi,Urahmeshi,neutro,1.0,uma chave
1:00:19,3619,mauuzin,mauuzin,neutro,1.0,ta bolando um
1:00:20,3620,animol,AnImoL,neutro,1.0,operacao da mafia
1:00:20,3620,mariposa_alada,Mariposa_Alada,neutro,1.0,Tá acendendo um crack
1:00:21,3621,re4per_r_,re4per_r_,neutro,1.0,Achou o secreto
1:00:22,3622,thrillerzs,thrillerzs,neutro,1.0,Ta cortando um pão e passando manteiga
1:00:22,3622,passarobllue,passarobllue,engraçado,1.0,Abrindo coco
1:00:23,3623,giovani6jogadoh,giovani6jogadoh,positivo,1.0,armando uma bomba
1:00:23,3623,kkgoji,kkgoji,neutro,1.0,ih carai
1:00:23,3623,psic0patta,PSIC0PATTA,neutro,1.0,essa barulheira toda achei que era meu pc
1:00:24,3624,wesleykolomar_br,wesleykolomar_br,confuso,1.0,roubando?
1:00:24,3624,amauriagj,Amauriagj,neutro,1.0,fazendo esquema
1:00:25,3625,ofelipezc,ofelipezc,neutro,1.0,vai ter que ir vê
1:00:25,3625,kkgoji,kkgoji,neutro,1.0,vazou
1:00:26,3626,izayahn1,izayahn1,neutro,1.0,o vei ta bolando um baseado
1:00:26,3626,pedepanomttriste,PeDePanoMtTriste,neutro,1.0,Oia o veio dichavano
1:00:27,3627,calangomago,calangomago,neutro,1.0,ele é um corvo
1:00:27,3627,zogashiro,zogashiro,neutro,1.0,yakuza
1:00:28,3628,this_is_pedro,This_is_Pedro,neutro,1.0,Foi da um raio
1:00:29,3629,koitsuab,koitsuab,neutro,1.0,as vezes o veio é só um viajante do tempo
1:00:29,3629,crocodilebay,crocodilebay,neutro,1.0,era uma chave escondida shiiii
1:00:29,3629,mayakovskayas,Mayakovskayas,neutro,1.0,meu deus
1:00:32,3632,giorootz,giorootz,neutro,1.0,revelou o segredo do cara
1:00:33,3633,leonardogb90,leonardogb90,confuso,1.0,baka voltou pro japao pra morar?
1:00:33,3633,wesleykolomar_br,wesleykolomar_br,neutro,1.0,chefe da mafia
1:00:34,3634,paullouuvercavalar,paullouuvercavalar,neutro,1.0,O velho é aviaozinho
1:00:34,3634,crocodilebay,crocodilebay,neutro,1.0,vc mostrou o lugar
1:00:34,3634,pedro_polegar,pedro_polegar,neutro,1.0,Vai besta o veio ta traficando vai te passar
1:00:35,3635,angelz_s,angelz_s,neutro,1.0,vazou o esquema do véio
1:00:35,3635,natanzinb27,natanzinb27,neutro,1.0,O véio é nível alto e sabe onde tem itens escondidos
1:00:35,3635,renan_camarg0,renan_camarg0,engraçado,1.0,acabou de filmar o esconderijo
1:00:35,3635,vinizinlm,vinizinlm,neutro,1.0,desmanchando  o pren
1:00:37,3637,squallop,SquallOp,neutro,1.0,vai sacar do amendoim
1:00:39,3639,josephh_zz,josephh_zz,neutro,1.0,O cara até salivou
1:00:45,3645,erickhsn,erickhsn,negativo,0.5,jogou lixo no chão?
1:00:45,3645,victoriafemboyer,victoriafemboyer,neutro,1.0,Ele pegou um easter egg
1:00:47,3647,amauriagj,Amauriagj,neutro,1.0,aviãozinho da quebrada
1:00:47,3647,pedro_polegar,pedro_polegar,neutro,1.0,O véio pomba mané
1:00:48,3648,rafaelrznd,rafaelrznd,neutro,1.0,mocando droga p mafia
1:00:50,3650,coofycoofy,coofycoofy,neutro,1.0,chave
1:00:52,3652,ohlavracvk,ohlavracvk,confuso,1.0,Baka existe maconha no japao ?
1:00:52,3652,pimbamurchaadobaire,pimbamurchaadobaire,neutro,1.0,"@maikon7501  cara ficou quase um ano no BR nao fez uma live nas ruas, o  bixo tem nojo do br"
1:00:55,3655,pedepanomttriste,PeDePanoMtTriste,neutro,1.0,As veis
1:00:56,3656,giorootz,giorootz,frustrado,1.0,que filho da puta
1:00:59,3659,renan_camarg0,renan_camarg0,neutro,1.0,filme menos parça
1:01:00,3660,mauuzin,mauuzin,negativo,0.5,"Mano, jogando lixo no chão?"
1:01:06,3666,thrillerzs,thrillerzs,neutro,1.0,Ele achou um Ratata e furou ele com lápis
1:01:09,3669,pedepanomttriste,PeDePanoMtTriste,neutro,1.0,Num me olha assim
1:01:12,3672,gondojr,gondojr,positivo,1.0,Na chuva é bom colocar uma cueca impermeável
1:01:13,3673,pinguysx,PinguYsx,neutro,1.0,tira
1:01:19,3679,josephh_zz,josephh_zz,neutro,1.0,Tá rolando um clima
1:01:20,3680,angelz_s,angelz_s,neutro,1.0,"para de me olhar assim, eu tenho timido"
1:01:24,3684,peix3manso,peix3manso,neutro,1.0,tentou pouco
1:01:25,3685,passarobllue,passarobllue,confuso,1.0,Boquinha rosa carnuda
1:01:26,3686,ohlavracvk,ohlavracvk,confuso,1.0,o que aconteceu ?
1:01:28,3688,zkamykazez,zKAMYKAZEz,engraçado,1.0,foi assaltado kkkkk
1:01:30,3690,leonardogb90,leonardogb90,confuso,1.0,ta morando ai de novo?
1:01:30,3690,breelays,breelays,neutro,1.0,tá tão bonitinho
1:01:30,3690,residente_dorminhoko,residente_dorminhoko,confuso,1.0,oq aconteceu?
1:01:31,3691,caramelosallgado,caramelosallgado,neutro,1.0,não lembro
1:01:32,3692,decotodopoderoso,DecoTodoPoderoso,engraçado,0.667,"@pimbamurchaadobaire tb, é uma merda fazer IR aqui kkkkk"
1:01:36,3696,pedepanomttriste,PeDePanoMtTriste,neutro,1.0,Deu um total de 2 segundos de vod
1:01:37,3697,bistekaogg,BistekaoGG,engraçado,1.0,"cara vai fazer live na rua no BR, os nóia passa mão no celular rapidin"
1:01:42,3702,pedro_polegar,pedro_polegar,neutro,1.0,Tambem aos lugares que vai tem que ir pra pintópolis fazer live
1:01:42,3702,izayahn1,izayahn1,neutro,1.0,país de indio do caralho
1:01:43,3703,victoriafemboyer,victoriafemboyer,neutro,1.0,Faz uma live na China
1:01:44,3704,ribossomo_,Ribossomo_,confuso,1.0,NÃO SEI O QUE VC TAVA PENSANDO
1:01:45,3705,breelays,breelays,confuso,1.0,e essa boquinha aí hein
1:01:47,3707,crocodilebay,crocodilebay,confuso,1.0,tava pensando em fumar um mescladinho?
1:01:47,3707,bingasdoteras,BingasDoTeras,neutro,1.0,"no minimo tentaram roubar, brasil né"
1:01:47,3707,loordan_,Loordan_,engraçado,1.0,Ele fala de trivela
1:01:49,3709,erickhsn,erickhsn,engraçado,1.0,celular do furto
1:01:53,3713,m4rvel555,m4rvel555,confuso,1.0,ninguem chama a policia ai?
1:01:55,3715,agiotadofelps,AgiotaDoFelps,engraçado,1.0,kkkkkkkkkkkkk
1:01:56,3716,re4per_r_,re4per_r_,confuso,1.0,Live até ser roubado?
1:01:57,3717,zkamykazez,zKAMYKAZEz,engraçado,1.0,compra um pro ladrão também kkkkkkk
1:01:58,3718,dlemonster,DlEmonster,neutro,1.0,e a live jogando termo no japiu
1:01:59,3719,ayanmelo,ayanmelo,neutro,1.0,live até ser assaltado
1:02:02,3722,pimbamurchaadobaire,pimbamurchaadobaire,neutro,1.0,@DecoTodoPoderoso  vejo muitos fazendo em festa beijando geral
1:02:04,3724,wesleykolomar_br,wesleykolomar_br,engraçado,1.0,compra aqueles celulares de roubo
1:02:06,3726,psic0patta,PSIC0PATTA,neutro,1.0,isso compra um nokia pra fazer live entao
1:02:07,3727,mauuzin,mauuzin,confuso,1.0,tu ta morando no japão de novo?
1:02:07,3727,hatsuzika,hatsuzika,neutro,1.0,ja viraliza o assalto
1:02:11,3731,pdrpaez,PdrPaez,neutro,1.0,"compra um nokia 1100, esse é bão"
1:02:14,3734,peix3manso,peix3manso,neutro,1.0,hmm  ti dotoso
1:02:14,3734,josephh_zz,josephh_zz,neutro,1.0,Usando bandalarga pra fazer live
1:02:14,3734,giovani6jogadoh,giovani6jogadoh,neutro,1.0,a chance de pegar ''emprestado'' é grande
1:02:14,3734,victoriafemboyer,victoriafemboyer,confuso,1.0,Tá ficando com alzheimer?
1:02:14,3734,fistayle_,fistayle_,neutro,1.0,mas tu é burro tbm né
1:02:17,3737,reptilianomestre,ReptilianoMestre,inspirado,1.0,FAZ LIVE SÓ COM MICROFONE
1:02:17,3737,re4per_r_,re4per_r_,neutro,1.0,Ta embreagado agora
1:02:17,3737,amauriagj,Amauriagj,positivo,1.0,lança um galaxy a57 mano já tá de boa pra isso lançou agora
1:02:17,3737,izayahn1,izayahn1,neutro,1.0,até a ultima gota ne bbs
1:02:18,3738,zkamykazez,zKAMYKAZEz,neutro,1.0,Live como ser assaltado no Brasil
1:02:19,3739,pedro_polegar,pedro_polegar,positivo,0.5,Vai pra Pintopolis e faz live lá pq la é seguro
1:02:21,3741,vinizinlm,vinizinlm,neutro,1.0,speedrun de assalnto
1:02:21,3741,r_lira28,r_lira28,neutro,1.0,nerfado pelo roteiro
1:02:22,3742,thrillerzs,thrillerzs,neutro,1.0,"Ta veio ne, faz com uma vitrola"
1:02:24,3744,pedepanomttriste,PeDePanoMtTriste,neutro,1.0,Pode fazer o problema é o tiro q só da pra tomar um
1:02:24,3744,ibodao,iBodao,neutro,1.0,NÃO VOLTA PARA O BOSTIL NÃO BAKA
1:02:26,3746,giorootz,giorootz,neutro,1.0,se rolar assalto a gente clipa
1:02:26,3746,boggyneo,boggyneo,neutro,1.0,minha lombar doeu vendo isso
1:02:26,3746,gondojr,gondojr,neutro,1.0,DJI NANO
1:02:26,3746,amauriagj,Amauriagj,neutro,1.0,tão elogiando as cam dele
1:02:27,3747,passarobllue,passarobllue,positivo,1.0,Eu vou roubar ele entao ja aue é fodase ne
1:02:29,3749,livinhafox2,livinhafox2,neutro,1.0,ta parecendo meu vô
1:02:30,3750,decotodopoderoso,DecoTodoPoderoso,engraçado,1.0,@pimbamurchaadobaire e tu acha q ele vai beijar geral kkkkk olha a cara dele
1:02:30,3750,ofelipezc,ofelipezc,confuso,1.0,tem que se inclinar assim pra beber no Japão?
1:02:30,3750,pulchram12,pulchram12,neutro,1.0,@pimbamurchaadobaire sushid17Pisque
1:02:31,3751,sngabs,sngabs,neutro,1.0,que fofo esse bochechao
1:02:32,3752,renattico,renattico,engraçado,0.5,ta vendo a serie nova do STF?
1:02:32,3752,erickhsn,erickhsn,engraçado,1.0,"compra um celular com sensor de rouba, q quando é roubado ele explode em fragmentos"
1:02:33,3753,vinizinlm,vinizinlm,neutro,1.0,vai pras mata
1:02:40,3760,pimbamurchaadobaire,pimbamurchaadobaire,engraçado,1.0,kkkkkkkkk
1:02:43,3763,pedro_polegar,pedro_polegar,confuso,1.0,Ninguém vai te roubar visto que vc tem cara de doido
1:02:45,3765,klinenilk,klinenilk,neutro,1.0,mastigando o café hum
1:02:50,3770,hoatsu,Hoatsu,inspirado,1.0,"o baka só se sente feliz fazendo live sendo gaijin, por isso não faz live no br"
1:02:54,3774,yan_caca,yan_CaCa,positivo,1.0,"Taporra, live do Baka, VAMOOO"
1:02:56,3776,daikii_zzz,daikii_zzz,neutro,1.0,Eita bixo
1:02:57,3777,tanjibolasfds,tanjibolasfds,confuso,1.0,Esse é o café q excita?
1:02:57,3777,hatsuzika,hatsuzika,engraçado,1.0,@erickhsn o sonho de todo BR essa invenção aí kk
1:03:00,3780,mistavo,Mistavo,neutro,1.0,Baka tá virando fofoca
1:03:03,3783,euleumas,euleumas,positivo,1.0,bakagaPikasafado
1:03:03,3783,this_is_pedro,This_is_Pedro,neutro,1.0,Vão roubar só o seu guarda chuva
1:03:03,3783,dlemonster,DlEmonster,neutro,1.0,"cara fugiu, pois esta envolvino com o banco master"
1:03:03,3783,victoriafemboyer,victoriafemboyer,neutro,1.0,Faz uma missão secreta
1:03:04,3784,peluciacensurada,PeluciaCensurada,neutro,1.0,live no br eh paia
1:03:04,3784,maikon7501,maikon7501,neutro,1.0,@pulchram12 oi pupu mod da sushi
1:03:08,3788,passarobllue,passarobllue,engraçado,1.0,@erickhsn Mas as vezes o ladrão ta precisando pow
1:03:08,3788,amauriagj,Amauriagj,confuso,1.0,esse freezer aí esconde o q?
1:03:10,3790,koitsuab,koitsuab,neutro,1.0,O véio tava fazendo live em Beco tbm
1:03:14,3794,pulchram12,pulchram12,neutro,1.0,@maikon7501 sushid17Cu sushid17Cu SeemsGood
1:03:15,3795,retr0ldbr,retr0ldbr,engraçado,1.0,"baka, acabei de chegar em casa e abri a live. meu pé ta cheiroso, eu acho"
1:03:15,3795,izayahn1,izayahn1,engraçado,1.0,spawner de funcionarios
1:03:16,3796,peix3manso,peix3manso,confuso,1.0,é vdd que o brenobicicleta faleceu ironicamente em um acidente de bicicleta? :(
1:03:17,3797,pimbamurchaadobaire,pimbamurchaadobaire,engraçado,1.0,@pulchram12 pericl11Per1Z4ng pericl11EhUchapaAS
1:03:18,3798,pedepanomttriste,PeDePanoMtTriste,neutro,1.0,Mões **
1:03:18,3798,this_is_pedro,This_is_Pedro,neutro,1.0,Agora entra lá
1:03:18,3798,zogashiro,zogashiro,neutro,1.0,faz uma live jogando algum jogo qualquer dia
1:03:18,3798,arki_core1,arki_core1,neutro,1.0,comer por frente é brother né 33re2ee
1:03:19,3799,gondojr,gondojr,neutro,1.0,O homem do saco vai te pegar
1:03:20,3800,amauriagj,Amauriagj,neutro,1.0,deve ser soapland
1:03:21,3801,yan_caca,yan_CaCa,confuso,1.0,"Ué, A Liberdade tá diferente em"
1:03:21,3801,pedro_polegar,pedro_polegar,neutro,1.0,Eita a biqueira CHEIA
1:03:24,3804,pulchram12,pulchram12,neutro,1.0,@pimbamurchaadobaire SeemsGood SeemsGood
1:03:24,3804,psic0patta,PSIC0PATTA,neutro,1.0,"esse spawn ta esquisito, sai fora dai"
1:03:24,3804,pedro_9753,pedro_9753,neutro,1.0,persegue alguem ai pelo conteudo
1:03:27,3807,erickhsn,erickhsn,neutro,1.0,@passarobllue n é pra machucar o ladrão é só pra segurança dos dados
1:03:31,3811,euleumas,euleumas,positivo,1.0,bakagaPikasafado bakagaPikasafado bakagaPikasafado
1:03:32,3812,pedro_polegar,pedro_polegar,neutro,1.0,A boca de fumo ai ta lucrando hein
1:03:37,3817,victoriafemboyer,victoriafemboyer,neutro,1.0,Só trabalhador e o desempregado do Baka
1:03:41,3821,kabumushy,KabuMushy,confuso,1.0,Isso aí é Japão no Ceará?
1:03:41,3821,pedepanomttriste,PeDePanoMtTriste,neutro,1.0,Olha esse cara cabulosao nos beco
1:03:52,3832,bardocky__,bardocky__,confuso,1.0,pq ta tudo fechado?
1:03:58,3838,hoatsu,Hoatsu,engraçado,1.0,@victoriafemboyer kkkkkkkkkk
1:04:05,3845,hyunjinn77,hyunjinn77,confuso,1.0,oxi o baka voltou pro japão?
1:04:05,3845,pimbamurchaadobaire,pimbamurchaadobaire,neutro,1.0,aproveita e arruma um emprego de descarregador de caminhão ai
1:04:09,3849,this_is_pedro,This_is_Pedro,neutro,1.0,Ganha com os clipes
1:04:12,3852,pedepanomttriste,PeDePanoMtTriste,neutro,1.0,E ainda viraliza
1:04:12,3852,animol,AnImoL,neutro,1.0,pega um bless
1:04:17,3857,crocodilebay,crocodilebay,confuso,1.0,vc ja foi roubado ai?
1:04:18,3858,erickhsn,erickhsn,neutro,1.0,da pra fazer video sobre
1:04:18,3858,rversu,RVersu,positivo,1.0,Bom dia Estrangeiro Bobão
1:04:20,3860,wesleykolomar_br,wesleykolomar_br,neutro,1.0,cuidado pra não tropeçar
1:04:21,3861,erickhsn,erickhsn,neutro,1.0,fazer reactg
1:04:22,3862,hoatsu,Hoatsu,engraçado,1.0,se roubarem o celular só acontece que a live muda de mãos
1:04:23,3863,pedepanomttriste,PeDePanoMtTriste,neutro,1.0,Sem bravas
1:04:23,3863,amauriagj,Amauriagj,neutro,1.0,SUBtember   gera conteúdo e pega o maneh fácil
1:04:23,3863,this_is_pedro,This_is_Pedro,engraçado,1.0,Mas teria que farmar muito em cima
1:04:28,3868,mauuzin,mauuzin,neutro,1.0,repercursão
1:04:29,3869,pedro_polegar,pedro_polegar,positivo,1.0,Imagina o cara sai com a live ligada ia ser melhor o tour
1:04:29,3869,allancarllos,allancarllos,neutro,1.0,nossan que aestétiqui
1:04:30,3870,zkamykazez,zKAMYKAZEz,neutro,1.0,Ia ser engraçado voce ia parar no JN E FANTASTICO
1:04:31,3871,influenzias,Influenzias,neutro,1.0,"""stonks"" no final do grande 2026"
1:04:31,3871,erickhsn,erickhsn,neutro,1.0,fazer react dos reacts
1:04:33,3873,florezzs2,florezzs2,engraçado,1.0,ta milionário
1:04:35,3875,hatsuzika,hatsuzika,engraçado,1.0,apareceria até em jornal
1:04:35,3875,carolinenaomii,CarolineNaomii,engraçado,1.0,então eu roubo de graça seu celular pra vc
1:04:36,3876,passarobllue,passarobllue,neutro,1.0,Ja faz uma fake ai entao
1:04:38,3878,peluciacensurada,PeluciaCensurada,confuso,1.0,e se os caras roubam sua virgindade anal?
1:04:41,3881,onafetsee,onafetsee,neutro,1.0,tem que rezar pra alguem te roubar então
1:04:43,3883,willbits1,willbits1,neutro,1.0,react do meu roubo
1:04:46,3886,victoriafemboyer,victoriafemboyer,neutro,1.0,Compra um Nokia
1:04:47,3887,josephh_zz,josephh_zz,neutro,1.0,E se te levarem
1:04:47,3887,warmachinerj,WarMachineRJ,neutro,1.0,Um IPHone
1:04:49,3889,ibodao,iBodao,neutro,1.0,J5
1:04:50,3890,wesleykolomar_br,wesleykolomar_br,neutro,1.0,faz um desejo ai
1:04:50,3890,pedepanomttriste,PeDePanoMtTriste,neutro,1.0,Moto g cabulosao
1:04:52,3892,breelays,breelays,neutro,1.0,Japão só chove né
1:04:55,3895,this_is_pedro,This_is_Pedro,engraçado,1.0,"Fazer vídeo, depois fazer react do próprio vídeo comentando os bastidores"
1:04:55,3895,vinizinlm,vinizinlm,positivo,0.5,precisamos de alguem rico pra bancar o j2 prime
1:05:00,3900,juninomiliorintheworld,juninomiliorintheworld,confuso,1.0,"To vendendo o meu moto g, ta afim? 3k"
1:05:04,3904,warmachinerj,WarMachineRJ,neutro,1.0,Usa um IPhone 16
1:05:04,3904,pedepanomttriste,PeDePanoMtTriste,engraçado,0.5,Lembro foi triste
1:05:10,3910,synystersammm,synystersammm,positivo,0.5,"Cheer1 nunca vai superar aquele maluco que fez live no bairro dele, “live ate ser assaltado “"
1:05:10,3910,debbyznha,debbyznha,engraçado,0.667,não é perigoso por tá logado no celular?
1:05:17,3917,amauriagj,Amauriagj,neutro,1.0,um A17 tem pelo menos já estabilizador de vídeo e é mais barato
1:05:20,3920,r_lira28,r_lira28,neutro,1.0,culpa do tesão
1:05:21,3921,tobias_virgilio,tobias_virgilio,neutro,1.0,derreteu
1:05:22,3922,breelays,breelays,neutro,1.0,quase explodindo
1:05:23,3923,onafetsee,onafetsee,confuso,1.0,"se alguém aqui quer o teu bem, tem que torcer pra você ser assaltado agora"
1:05:30,3930,dlemonster,DlEmonster,confuso,1.0,oculos rayban meta não compensa?
1:05:31,3931,influenzias,Influenzias,neutro,1.0,"chuva no Japão é até calma, cadê os temporal"
1:05:31,3931,thrillerzs,thrillerzs,engraçado,1.0,Lembra que o PM queria te beijar la na Live só de zuera
1:05:35,3935,alphaya8,alphaya8,confuso,1.0,Qual a quest do dia?
1:05:37,3937,crocodilebay,crocodilebay,neutro,1.0,leva gelo seco na bolsa
1:05:38,3938,kolyup,kolyup,engraçado,0.5,Se as livres forem de dia um celular intermediário serve de boa agora de noite a maioria das câmeras desses celulares não aguentam e deixam a imagem horrível
1:05:39,3939,this_is_pedro,This_is_Pedro,positivo,1.0,Que lindo
1:05:43,3943,pimbamurchaadobaire,pimbamurchaadobaire,engraçado,0.5,vc voltou pro japao bem no ROCKYN RIO ?
1:05:45,3945,wesleyp2p,wesleyp2p,confuso,1.0,@synystersammm Douglas sola?
1:05:45,3945,vinizann,vinizann,neutro,1.0,ó
1:05:48,3948,erickhsn,erickhsn,engraçado,0.5,n tem escrito ai n?
1:05:48,3948,peluciacensurada,PeluciaCensurada,neutro,1.0,templo da bola azul
1:05:51,3951,this_is_pedro,This_is_Pedro,neutro,1.0,Sabe de novo então
1:05:51,3951,annoyinger,Annoyinger,neutro,1.0,ep 10 de one piece
1:05:52,3952,influenzias,Influenzias,confuso,1.0,o momento em que o Monark falou que é mais louco que todos nós
1:05:57,3957,breelays,breelays,neutro,1.0,Filma a casa dos mamis aí
1:05:57,3957,pedro_polegar,pedro_polegar,neutro,1.0,É a cobra oferecendo maçã pra eva
1:05:58,3958,suprem696969,suprem696969,neutro,1.0,adao e eva
1:05:58,3958,victoriafemboyer,victoriafemboyer,confuso,1.0,"Xi jinping e Mao tsé, é isso?"
1:06:03,3963,peix3manso,peix3manso,neutro,1.0,olc quase perdi
1:06:04,3964,sakurabah,sakurabah,positivo,0.5,"Boa noite, desculpa se ja respondeu, mas nao participei da live os outros dias, voltou a morrar no japão @BakaGaijinLive ?"
1:06:04,3964,wesleykolomar_br,wesleykolomar_br,neutro,1.0,ep 1 do one piece num é
1:06:05,3965,suddakka,suddakka,neutro,1.0,É o gomu gomu no bronha
1:06:05,3965,e006cr,e006cr,neutro,1.0,É Adão e Eva
1:06:07,3967,dlemonster,DlEmonster,neutro,1.0,esse ai é o samurai da jbl
1:06:07,3967,deusdoioi,deusdoIoI,neutro,1.0,ixiii
1:06:08,3968,ayanmelo,ayanmelo,neutro,1.0,EviAdão
1:06:10,3970,vinizinlm,vinizinlm,positivo,1.0,quando é o festival das pikas ambulante
1:06:10,3970,peluciacensurada,PeluciaCensurada,neutro,1.0,eh o lance la da Eva
1:06:18,3978,breelays,breelays,neutro,1.0,ixiiii
1:06:22,3982,breelays,breelays,neutro,1.0,sai fora
1:06:24,3984,passarobllue,passarobllue,neutro,1.0,Um bu um ce e um tao
1:06:24,3984,this_is_pedro,This_is_Pedro,neutro,1.0,Umbigo
1:06:26,3986,lostcaco,LostCaco,neutro,1.0,dica: assistir a live do baka com outra aba aberta tocando Memory do Cowboy Bebop
1:06:29,3989,wesleyp2p,wesleyp2p,neutro,1.0,"@sakurabah Se não se importar eu respondo, é apenas a passeio"
1:06:30,3990,ribossomo_,Ribossomo_,confuso,1.0,E A ERVA NO JAPÃO TA TENDO?
1:06:30,3990,fairlylo,fairlylo,engraçado,1.0,fairlylo subscribed at Tier 1.
1:06:31,3991,digowsky,Digowsky,confuso,1.0,esqueceu do ler japones?
1:06:32,3992,victoriafemboyer,victoriafemboyer,neutro,1.0,"UmBu, um Ce, um  Ta"
1:06:33,3993,agiotadofelps,AgiotaDoFelps,confuso,1.0,10 ano de curso pra que ?
1:06:35,3995,dafegi,Dafegi,neutro,1.0,200 anos e n é fluente em japones
1:06:36,3996,pedro_polegar,pedro_polegar,neutro,1.0,Adão e Eva com Adão no lugar da cobra
1:06:36,3996,deusdoioi,deusdoIoI,neutro,1.0,Kanji ninhuum
1:06:38,3998,peix3manso,peix3manso,neutro,1.0,olha essa arvore
1:06:41,4001,giovani6jogadoh,giovani6jogadoh,confuso,0.667,esse é o famoso shaka de virgem??
1:06:41,4001,residente_dorminhoko,residente_dorminhoko,inspirado,0.5,tu passou anos ai e não aprendeu a ler?
1:06:47,4007,deusdoioi,deusdoIoI,neutro,1.0,Bebe legal
1:06:48,4008,tobe_94,tobe_94,engraçado,1.0,Ribamaaaaaaaar
1:06:50,4010,renatorgal,Renatorgal,neutro,1.0,pega o cha
1:06:53,4013,breelays,breelays,neutro,1.0,nossa cachorro maneiro
1:06:53,4013,sakurabah,sakurabah,positivo,0.5,"@wesleyp2p opa, obrigado"
1:06:54,4014,alphaya8,alphaya8,engraçado,1.0,Já iria pro inferno se dependesse da leitura pra ir pro céu
1:06:54,4014,hoatsu,Hoatsu,neutro,1.0,vc é parte da entidade '-'
1:06:54,4014,victoriafemboyer,victoriafemboyer,neutro,1.0,Minhas bolas
1:06:54,4014,deusdoioi,deusdoIoI,neutro,1.0,10 sub se beber
1:06:55,4015,e006cr,e006cr,neutro,1.0,Bebe esse cha ai
1:06:56,4016,peix3manso,peix3manso,confuso,1.0,ent vc é a oferenda?
1:07:01,4021,amauriagj,Amauriagj,confuso,1.0,então vc é uma divindade?
1:07:02,4022,pedro_polegar,pedro_polegar,neutro,1.0,Nem o fundo te quer amigo
1:07:03,4023,fairlylo,fairlylo,neutro,1.0,deu
1:07:10,4030,deusdoioi,deusdoIoI,engraçado,1.0,kkkk
1:07:11,4031,anginha5678,anginha5678,engraçado,1.0,Kkkkkkkkkkk
1:07:12,4032,pedepanomttriste,PeDePanoMtTriste,positivo,1.0,Lindo demais
1:07:13,4033,caiopa3,caiopa3,engraçado,1.0,caiopa3 subscribed with Prime. They've subscribed for 6 months! AAAA
1:07:13,4033,breelays,breelays,neutro,1.0,uma nova entidade Baka
1:07:14,4034,peluciacensurada,PeluciaCensurada,neutro,1.0,pumba
1:07:16,4036,re4per_r_,re4per_r_,neutro,1.0,Estátua de Jizo
1:07:18,4038,bottoco,bottoco,confuso,1.0,Esse zoom é igual o que meu pai fazia na cara dos parentes nos anos 90
1:07:19,4039,izayahn1,izayahn1,neutro,1.0,baka esses remates estão me excitando
1:07:23,4043,pedro_polegar,pedro_polegar,neutro,1.0,Reza pai nosso ai
1:07:23,4043,erickhsn,erickhsn,neutro,1.0,velho né
1:07:23,4043,pedepanomttriste,PeDePanoMtTriste,neutro,1.0,Ai gerson ele é dos nossos
1:07:25,4045,dlemonster,DlEmonster,neutro,1.0,esse aí é o segredo para ser o dragão guerreiro
1:07:26,4046,dafegi,Dafegi,confuso,1.0,onde é o check point ?
1:07:30,4050,giovani6jogadoh,giovani6jogadoh,confuso,1.0,farmar aura??
1:07:31,4051,turnoxgg,TurnoxGG,confuso,1.0,"caralho, ja voltou pro japão?"
1:07:33,4053,pedro_polegar,pedro_polegar,engraçado,1.0,Ajoelha e começa a rezar ave maria
1:07:35,4055,thrillerzs,thrillerzs,neutro,1.0,É pq mais tarde é cheio
1:07:35,4055,peluciacensurada,PeluciaCensurada,neutro,1.0,nunca é cedo para rezar
1:07:36,4056,ayanmelo,ayanmelo,neutro,1.0,area de save
1:07:40,4060,deusdoioi,deusdoIoI,neutro,1.0,True
1:07:40,4060,influenzias,Influenzias,neutro,1.0,ir na igreja restaurar o hp
1:07:42,4062,julianosniperr,julianosniperr,neutro,1.0,Só pra falar aura
1:07:43,4063,deusdoioi,deusdoIoI,engraçado,1.0,Kkkkkkkkkkkkkkkkk
1:07:47,4067,this_is_pedro,This_is_Pedro,neutro,1.0,Pra God
1:07:48,4068,residente_dorminhoko,residente_dorminhoko,neutro,1.0,pagode
1:07:48,4068,hoatsu,Hoatsu,neutro,1.0,pega o buff de sorte pra curtir o domingo
1:07:49,4069,victoriafemboyer,victoriafemboyer,neutro,1.0,Se chama estilo favela
1:07:51,4071,dafegi,Dafegi,neutro,1.0,PáGOD
1:07:52,4072,fairlylo,fairlylo,neutro,1.0,pa god ne kk
1:07:52,4072,peluciacensurada,PeluciaCensurada,neutro,1.0,pagôda
1:07:53,4073,thrillerzs,thrillerzs,neutro,1.0,Pra mim é castelo
1:07:54,4074,urahmeshi,Urahmeshi,neutro,1.0,sempre achei q é pagode
1:07:54,4074,bingasdoteras,BingasDoTeras,neutro,1.0,@LostCaco doido
1:07:55,4075,annoyinger,Annoyinger,neutro,1.0,"pra deus, pa god"
1:07:55,4075,artuurbr21,artuurbr21,engraçado,1.0,pericles
1:07:56,4076,dlemonster,DlEmonster,neutro,1.0,é pa God
1:07:56,4076,wesleykolomar_br,wesleykolomar_br,neutro,1.0,s
1:07:56,4076,alphaya8,alphaya8,neutro,1.0,Bonito hein
1:07:58,4078,renatorgal,Renatorgal,neutro,1.0,é de cobre
1:07:59,4079,matheusfunil,matheusfunil,engraçado,1.0,kkk pagode sem tambor kk ai ai
1:07:59,4079,tobias_virgilio,tobias_virgilio,neutro,1.0,tiaguinho gosta disso
1:08:01,4081,peluciacensurada,PeluciaCensurada,neutro,1.0,com o fechado
1:08:02,4082,pedepanomttriste,PeDePanoMtTriste,neutro,1.0,Nenhuma dessas palavras ta na biblia
1:08:03,4083,leonardogb90,leonardogb90,neutro,1.0,é pra deus
1:08:04,4084,rafaelrznd,rafaelrznd,neutro,1.0,samba
1:08:08,4088,urahmeshi,Urahmeshi,confuso,1.0,é um poço ali?
1:08:13,4093,alphaya8,alphaya8,neutro,1.0,bakagaPiu
1:08:13,4093,jeffstaz,jeffstaz,confuso,1.0,Zeca paugordinho?
1:08:14,4094,peix3manso,peix3manso,engraçado,1.0,tira um só de trolls kkkkkkkkk
1:08:15,4095,caiopa3,caiopa3,neutro,1.0,Pessoal como ta o estudo de cálculo 2 ai
1:08:15,4095,izayahn1,izayahn1,neutro,1.0,expirou
1:08:19,4099,this_is_pedro,This_is_Pedro,neutro,1.0,Lê um aí
1:08:22,4102,alphaya8,alphaya8,neutro,1.0,bakagaJapabait
1:08:22,4102,pedro_polegar,pedro_polegar,neutro,1.0,Arranca ai
1:08:27,4107,suprem696969,suprem696969,neutro,1.0,tudo em ingles
1:08:28,4108,palhaco7,palhaco7,neutro,1.0,Both ali o
1:08:28,4108,thrillerzs,thrillerzs,neutro,1.0,Pede mais becos Braga
1:08:30,4110,peix3manso,peix3manso,neutro,1.0,mae e bebe vai ficar bem
1:08:32,4112,this_is_pedro,This_is_Pedro,neutro,1.0,Estraga um relacionamento daí
1:08:33,4113,palhaco7,palhaco7,neutro,1.0,I
1:08:34,4114,pedro_polegar,pedro_polegar,frustrado,1.0,Pqp só merda
1:08:38,4118,renan_camarg0,renan_camarg0,neutro,1.0,ler o pedido dos outros da azar
1:08:39,4119,re4per_r_,re4per_r_,neutro,1.0,Pra sorte mesmo
1:08:39,4119,urahmeshi,Urahmeshi,neutro,1.0,"eita porra, é lore"
1:08:42,4122,peix3manso,peix3manso,neutro,1.0,nice
1:08:43,4123,pedepanomttriste,PeDePanoMtTriste,confuso,1.0,Será q tem um pedindo um Uninho Mili ai
1:08:44,4124,fairlylo,fairlylo,neutro,1.0,gosei
1:08:46,4126,pedro_polegar,pedro_polegar,neutro,1.0,Fode um casamento ai
1:08:47,4127,hoatsu,Hoatsu,neutro,1.0,iniciou a sidequest
1:08:48,4128,fairlylo,fairlylo,positivo,1.0,gostei
1:08:51,4131,dlemonster,DlEmonster,neutro,1.0,ester egg dos devs
1:08:52,4132,julianosniperr,julianosniperr,neutro,1.0,Tira um e lê
1:08:53,4133,daikii_zzz,daikii_zzz,neutro,1.0,Emocionante
1:08:54,4134,amauriagj,Amauriagj,neutro,1.0,ufa
1:08:59,4139,matcos25,matcos25,engraçado,0.5,Tá escrito quem tá lendo é veado
1:09:11,4151,ozonary,oZonary,engraçado,0.5,live na kick cometendo crimes quando ?
1:09:12,4152,giovani6jogadoh,giovani6jogadoh,engraçado,1.0,claro igual agua de banheiro de rodoviaria
1:09:13,4153,peluciacensurada,PeluciaCensurada,confuso,1.0,Baka vc já foi amante?
1:09:13,4153,crocodilebay,crocodilebay,neutro,1.0,reza logo poh
1:09:18,4158,peix3manso,peix3manso,neutro,1.0,detalhado
1:09:18,4158,totetorando69,totetorando69,confuso,1.0,Que horas é a punheta coletiva de hj?
1:09:20,4160,erickhsn,erickhsn,engraçado,1.0,várias oferendas
1:09:22,4162,peix3manso,peix3manso,neutro,1.0,bonito mesmo
1:09:27,4167,izayahn1,izayahn1,neutro,1.0,parece que ta com DLSS ativado
1:09:28,4168,pedepanomttriste,PeDePanoMtTriste,neutro,1.0,Vibes hein
1:09:31,4171,thrillerzs,thrillerzs,neutro,1.0,Parece um restaurante de bairro ne
1:09:32,4172,erickhsn,erickhsn,neutro,1.0,bebida pra carlaho
1:09:34,4174,influenzias,Influenzias,neutro,1.0,rouba o loot
1:09:35,4175,jadonny89,jadonny89,neutro,1.0,chuva de sp chegou no japao
1:09:38,4178,matyfofo,matyfofo,positivo,1.0,"que saudade eu tava de você, bakinha ♥️♥️♥️♥️"
1:09:38,4178,catchau2005,catchau2005,neutro,1.0,pergunta se tem 51
1:09:40,4180,erickhsn,erickhsn,positivo,1.0,deve ser bom esses sake das divindades
1:09:42,4182,juninomiliorintheworld,juninomiliorintheworld,neutro,1.0,rouba essas frutas ai
1:09:42,4182,pedro_polegar,pedro_polegar,positivo,1.0,Eu comia tudo foda se
1:09:46,4186,vinizinlm,vinizinlm,neutro,1.0,cade os bodi e galinha
1:09:47,4187,guirin_,Guirin_,engraçado,0.5,ainda é dia em SP? to por fora dos fudo horario
1:09:50,4190,pedepanomttriste,PeDePanoMtTriste,neutro,1.0,Nossa eu ia fazer a festa ai Japão q nunca libere meu visto
1:09:53,4193,urahmeshi,Urahmeshi,neutro,1.0,se entrar aí começa o boss
1:10:00,4200,wesleyp2p,wesleyp2p,neutro,1.0,@totetorando69 Não tá tendo mais F
1:10:00,4200,ribossomo_,Ribossomo_,neutro,1.0,O KIM JONG UN ESTÁ DE OLHO EM VC
1:10:01,4201,pedro_polegar,pedro_polegar,neutro,1.0,Se comer a fruta dá buff mano
1:10:04,4204,ticogammer_,ticogammer_,neutro,1.0,Come um
1:10:05,4205,amauriagj,Amauriagj,neutro,1.0,o tio ali desconfiado de verde
1:10:05,4205,josephh_zz,josephh_zz,neutro,1.0,Tira PvP com eles
1:10:07,4207,peix3manso,peix3manso,neutro,1.0,quase
1:10:10,4210,onafetsee,onafetsee,neutro,1.0,meu vô sempre tomava cachaça de macumba e morreu de velho
1:10:13,4213,brucecorp,brucecorp,neutro,1.0,roubar o loot ativa a carta armadilha
1:10:14,4214,brunobrun9bruno,BrunoBrun9Bruno,neutro,1.0,tokkid2AAAAAAHHHHHHH
1:10:15,4215,ozonary,oZonary,neutro,1.0,usando avental ainda
1:10:17,4217,renatorgal,Renatorgal,confuso,1.0,é komainru o nome?
1:10:19,4219,catchau2005,catchau2005,engraçado,0.5,KIRIN igual a do Naruto?
1:10:19,4219,this_is_pedro,This_is_Pedro,neutro,1.0,Amém
1:10:21,4221,guirin_,Guirin_,neutro,1.0,se escorregar é conteudo
1:10:21,4221,lanadka,Lanadka,neutro,1.0,F ku
1:10:23,4223,pedepanomttriste,PeDePanoMtTriste,engraçado,1.0,Eu curiousao
1:10:24,4224,nando_wk,nando_wk,neutro,1.0,cai so pelo entrenenas baka
1:10:25,4225,passarobllue,passarobllue,engraçado,1.0,Kkkk lembrei do dia que voce caiu em live
1:10:28,4228,crocodilebay,crocodilebay,positivo,0.5,boca fechada pra n entrar mosquito e boa aberta pra comer cu de curioso
1:10:32,4232,dlemonster,DlEmonster,engraçado,1.0,"conte mais, fiquei curioso"
1:10:33,4233,pedro_polegar,pedro_polegar,neutro,1.0,O cara perdeu um monte de shield ali de bobeira
1:10:34,4234,zlanz013,zlanz013,confuso,1.0,a soupland ja ta aberto?
1:10:35,4235,allancarllos,allancarllos,neutro,1.0,oi
1:10:36,4236,wesleykolomar_br,wesleykolomar_br,confuso,1.0,jujutsu?
1:10:36,4236,fairlylo,fairlylo,neutro,1.0,oi
1:10:36,4236,peix3manso,peix3manso,neutro,1.0,oie
1:10:37,4237,amauriagj,Amauriagj,neutro,1.0,oi
1:10:39,4239,pedepanomttriste,PeDePanoMtTriste,neutro,1.0,Oi
1:10:39,4239,this_is_pedro,This_is_Pedro,confuso,1.0,Quem é esse?
1:10:40,4240,passarobllue,passarobllue,engraçado,1.0,ITADORI
1:10:40,4240,juninomiliorintheworld,juninomiliorintheworld,engraçado,1.0,Olha o ITADORI AI
1:10:42,4242,vinizinlm,vinizinlm,confuso,1.0,leticia né?
1:10:44,4244,giovani6jogadoh,giovani6jogadoh,neutro,1.0,roi
1:10:46,4246,wesleykolomar_br,wesleykolomar_br,engraçado,0.667,oxi jujutsukkkkkkkk
1:10:47,4247,yangnf04,yangnf04,neutro,1.0,camera man do projeto X
1:10:51,4251,victoriafemboyer,victoriafemboyer,neutro,1.0,O Bunda
1:10:53,4253,allancarllos,allancarllos,neutro,1.0,quem é esse maluco todo estranho
1:10:54,4254,pedro_polegar,pedro_polegar,neutro,1.0,O BUNDA
1:10:54,4254,this_is_pedro,This_is_Pedro,neutro,1.0,Grande Bunda
1:10:56,4256,thrillerzs,thrillerzs,confuso,1.0,Quantas roupas iguais se tem dessa baka
1:10:59,4259,juninomiliorintheworld,juninomiliorintheworld,neutro,1.0,O personagem de cabelo rosa ai
1:11:02,4262,erickhsn,erickhsn,neutro,1.0,do jujutsu
1:11:02,4262,oliv_yashi,oliv_yashi,neutro,1.0,Que budão Baka
1:11:03,4263,catchau2005,catchau2005,positivo,1.0,salve salve buda! tá nos corre Jão
1:11:03,4263,urahmeshi,Urahmeshi,neutro,1.0,de jujutsu
1:11:05,4265,josephh_zz,josephh_zz,confuso,1.0,I toduro?
1:11:06,4266,giovani6jogadoh,giovani6jogadoh,confuso,1.0,shaka de virgem?
1:11:07,4267,pedepanomttriste,PeDePanoMtTriste,confuso,1.0,Lucas Buda?
1:11:07,4267,amauriagj,Amauriagj,neutro,1.0,perdeu o trem
1:11:07,4267,passarobllue,passarobllue,neutro,1.0,Volta la
1:11:09,4269,wesleykolomar_br,wesleykolomar_br,negativo,1.0,não é otaku q feio
1:11:11,4271,hatsuzika,hatsuzika,neutro,1.0,é random
1:11:13,4273,artuurbr21,artuurbr21,neutro,1.0,shibuya foi destruida
1:11:14,4274,renan_camarg0,renan_camarg0,confuso,1.0,eu acho que aquele pesoal ta querendo te bater
1:11:15,4275,allancarllos,allancarllos,confuso,1.0,a câmera so n sai por aí flutuando tem alguém por trás?
1:11:20,4280,erickhsn,erickhsn,neutro,1.0,tava do lado do espelho
1:11:21,4281,peix3manso,peix3manso,neutro,1.0,anime
1:11:23,4283,daikii_zzz,daikii_zzz,neutro,1.0,É o itaduro
1:11:23,4283,yan_caca,yan_CaCa,confuso,0.667,O Baka voltou pro japão pra turismo??
1:11:24,4284,simplygodd,simplyGodd,neutro,1.0,alguem asuvio pra você
1:11:28,4288,renatorgal,Renatorgal,positivo,0.5,alguem te chamou nao?
1:11:29,4289,bakinae,bakinae,neutro,1.0,pessoal de olho
1:11:30,4290,influenzias,Influenzias,neutro,1.0,caminhão filhote out
1:11:30,4290,tobias_virgilio,tobias_virgilio,neutro,1.0,pq ele é tailandês
1:11:30,4290,senhorley,senhorley,neutro,1.0,Cadê a grande bunda GoldPLZ
1:11:33,4293,arelich,Arelich,confuso,1.0,?
1:11:33,4293,passarobllue,passarobllue,neutro,1.0,Filhote de caminhão
1:11:35,4295,izayahn1,izayahn1,neutro,1.0,o caminhãozinho do niko niko ni
1:11:37,4297,vinizinlm,vinizinlm,confuso,1.0,nada de julinha toys hj?
1:11:37,4297,dudul3gend,dudul3gend,neutro,1.0,Zoera
1:11:39,4299,catchau2005,catchau2005,neutro,1.0,"OH BABY ME LEVA, ME LEVA BABY ME LEVA"
1:11:40,4300,pedepanomttriste,PeDePanoMtTriste,neutro,1.0,Os mineiro do chat querendo saber q trem
1:11:41,4301,wesleyp2p,wesleyp2p,neutro,1.0,@yan_CaCa Ele disse que sim
1:11:43,4303,amauriagj,Amauriagj,neutro,1.0,everbodyyyyyy
1:11:49,4309,o_cafe_quente,o_cafe_quente,neutro,1.0,caminhao filhote é mt fofo mano
1:11:49,4309,bottoco,bottoco,neutro,1.0,ESCUTE MAKOTO MATSUSHITA
1:11:53,4313,hoatsu,Hoatsu,neutro,1.0,tão farmando fé a rodo
1:11:53,4313,jahzerei,jahzerei,positivo,1.0,bom dia Goularte
1:11:57,4317,palhaco7,palhaco7,neutro,1.0,É por isso q é área safe si
1:11:58,4318,ayanmelo,ayanmelo,neutro,1.0,lançando spell
1:11:59,4319,guilhermesl45,guilhermesl45,neutro,1.0,DinoDance DinoDance DinoDance
1:12:00,4320,pedro_polegar,pedro_polegar,neutro,1.0,Ai é só maldição
1:12:01,4321,renatorgal,Renatorgal,neutro,1.0,outro espelho
1:12:01,4321,eike204,eike204,neutro,1.0,salva ai
1:12:01,4321,amauriagj,Amauriagj,neutro,1.0,eitaaa
1:12:01,4321,this_is_pedro,This_is_Pedro,neutro,1.0,É a área deles aí
1:12:03,4323,wesleykolomar_br,wesleykolomar_br,neutro,1.0,tá forte
1:12:03,4323,auguxstoso,auguxstoso,confuso,1.0,baka volto pro japao??
1:12:03,4323,peix3manso,peix3manso,engraçado,1.0,kkkkkkkkkkkkkkkkkkkkk
1:12:03,4323,juninomiliorintheworld,juninomiliorintheworld,engraçado,1.0,"Cheio de santuário, lavagem de dinheiro tá rendendo"
1:12:04,4324,amauriagj,Amauriagj,positivo,1.0,a braba
1:12:04,4324,izayahn1,izayahn1,neutro,1.0,pega
1:12:06,4326,pulchram12,pulchram12,neutro,1.0,allpac2Danc1 allpac2Danc1 allpac2Danc1
1:12:06,4326,catchau2005,catchau2005,confuso,1.0,o pessoal tá dançando o Lepo Lepo contra o capitalismo aí baka?
1:12:07,4327,thrillerzs,thrillerzs,neutro,1.0,Tao oferendas Bargabme9
1:12:07,4327,palhaco7,palhaco7,neutro,1.0,DinoDance DinoDance DinoDance
1:12:07,4327,lanadka,Lanadka,neutro,1.0,LaLaLa WeDidThat LaLaLa
1:12:07,4327,hatsuzika,hatsuzika,neutro,1.0,rap ancestral
1:12:08,4328,allancarllos,allancarllos,neutro,1.0,DinoDance DinoDance DinoDance
1:12:08,4328,residente_dorminhoko,residente_dorminhoko,neutro,1.0,e vai tomando
1:12:09,4329,lyntcher,lyntcher,neutro,1.0,DinoDance
1:12:09,4329,urahmeshi,Urahmeshi,confuso,1.0,porq sera q tem esse espelho la
1:12:09,4329,peix3manso,peix3manso,engraçado,1.0,se pa é errado kkkkkkkkkkkkkkkk
1:12:09,4329,onafetsee,onafetsee,neutro,1.0,24/7
1:12:09,4329,bingasdoteras,BingasDoTeras,neutro,1.0,handso124Kirby
1:12:10,4330,pedepanomttriste,PeDePanoMtTriste,neutro,1.0,chamaaaa
1:12:10,4330,hoatsu,Hoatsu,engraçado,1.0,rap espiritual
1:12:10,4330,brucecorp,brucecorp,neutro,1.0,OhMyDog OhMyDog OhMyDog
1:12:10,4330,wesleykolomar_br,wesleykolomar_br,neutro,1.0,eminem
1:12:10,4330,daikii_zzz,daikii_zzz,neutro,1.0,DinoDance DinoDance DinoDance
1:12:10,4330,this_is_pedro,This_is_Pedro,neutro,1.0,DinoDance
1:12:11,4331,squallop,SquallOp,neutro,1.0,banger
1:12:11,4331,amauriagj,Amauriagj,neutro,1.0,faz um beat box
1:12:13,4333,dudul3gend,dudul3gend,neutro,1.0,bistec3Danc bistec3Danc bistec3Danc bistec3Danc bistec3Danc
1:12:14,4334,artuurbr21,artuurbr21,neutro,1.0,sala safe
1:12:14,4334,pedro_polegar,pedro_polegar,neutro,1.0,Essas macumba ai é pra fuder a vida alheia
1:12:14,4334,renatorgal,Renatorgal,neutro,1.0,exorcisado
1:12:16,4336,renan_camarg0,renan_camarg0,neutro,1.0,a placa PROIBIDO PESSOAS
1:12:16,4336,allancarllos,allancarllos,neutro,1.0,rap de 1200 be like
1:12:16,4336,lucas27dark,lucas27dark,neutro,1.0,Baka se tornou agora o Alpha gaijin
1:12:19,4339,peluciacensurada,PeluciaCensurada,neutro,1.0,tu tu tu tururu tu tu
1:12:20,4340,passarobllue,passarobllue,confuso,1.0,Voce ja caiu por terra baka?
1:12:20,4340,pedro_9753,pedro_9753,neutro,1.0,"é a ost do final ai, tem couidado baka"
1:12:21,4341,amauriagj,Amauriagj,neutro,1.0,DinoDance
1:12:21,4341,izayahn1,izayahn1,neutro,1.0,dança gatinho dança
1:12:22,4342,matcos25,matcos25,engraçado,1.0,Tomei um critico aqui
1:12:23,4343,peluciacensurada,PeluciaCensurada,neutro,1.0,lembra ibiza
1:12:24,4344,dlemonster,DlEmonster,neutro,1.0,tem ate um metronomo pra não perder o tempo
1:12:25,4345,ozzymandiaz_br,ozzymandiaz_br,engraçado,1.0,musica de boss isso ai kkkk
1:12:27,4347,bingasdoteras,BingasDoTeras,neutro,1.0,handso124Kirby  ͏
1:12:30,4350,julianosniperr,julianosniperr,neutro,1.0,Dá pra fazer um techno massa
1:12:30,4350,onafetsee,onafetsee,neutro,1.0,system of a down
1:12:31,4351,boggyneo,boggyneo,neutro,1.0,metronomo no talo
1:12:34,4354,upbrunoprado,upbrunoprado,confuso,1.0,"claro que não mano, ele tá em SOrocaba"
1:12:34,4354,thrillerzs,thrillerzs,positivo,1.0,Famoso rap god asiatico
1:12:34,4354,retcka,retcka,confuso,1.0,baka daí de onde vc está até a estação do Brás da quantos minutos mais ou menos ?
1:12:35,4355,pedepanomttriste,PeDePanoMtTriste,positivo,1.0,Brabo
1:12:37,4357,e006cr,e006cr,neutro,1.0,Era boss fight ali
1:12:38,4358,guilhermesl45,guilhermesl45,neutro,1.0,Jabuft
1:12:38,4358,ragnarseytan,ragnarseytan,engraçado,0.5,Vocês comeriam carne de golfinho?
1:12:45,4365,this_is_pedro,This_is_Pedro,neutro,1.0,Deve ser Safe área essa parte aí
1:12:48,4368,peix3manso,peix3manso,neutro,1.0,vai
1:12:48,4368,annoyinger,Annoyinger,neutro,1.0,buff de agiity... reza em 110 bpm
1:12:49,4369,izayahn1,izayahn1,neutro,1.0,silent hill ai
1:12:50,4370,o_cafe_quente,o_cafe_quente,neutro,1.0,"claro q nao, é o save po"
1:12:51,4371,giovani6jogadoh,giovani6jogadoh,frustrado,1.0,aff nenhuma donki
1:12:53,4373,jahzerei,jahzerei,neutro,1.0,sete da madrugada na rua. só malokero esta hora
1:12:55,4375,pedepanomttriste,PeDePanoMtTriste,negativo,0.5,Subir em prédio fica ruim?
1:12:56,4376,debbyznha,debbyznha,neutro,1.0,fala japonês
1:12:56,4376,peix3manso,peix3manso,positivo,1.0,vamo subir em predio :(
1:13:00,4380,r_lira28,r_lira28,neutro,1.0,Ueno Kouen
1:13:01,4381,this_is_pedro,This_is_Pedro,positivo,1.0,Vamos no parque SeemsGood
1:13:09,4389,pedro_polegar,pedro_polegar,neutro,1.0,Entra vai entra
1:13:10,4390,digao98,Digao98,confuso,1.0,Tu ta só de viagem ou se mudou de volta pro Japao?
1:13:12,4392,wesleykolomar_br,wesleykolomar_br,neutro,1.0,quero ouvir a musica do donki
1:13:13,4393,ribossomo_,Ribossomo_,engraçado,0.5,DONK? DA SPIRIT?
1:13:15,4395,ayanmelo,ayanmelo,neutro,1.0,ueno koen
1:13:19,4399,this_is_pedro,This_is_Pedro,confuso,1.0,Era?
1:13:22,4402,izayahn1,izayahn1,neutro,1.0,que delicia
1:13:23,4403,pedepanomttriste,PeDePanoMtTriste,confuso,1.0,Incesto?
1:13:23,4403,hatsuzika,hatsuzika,confuso,1.0,comia calango?
1:13:24,4404,artuurbr21,artuurbr21,neutro,1.0,ta assombrado ai
1:13:26,4406,tobias_virgilio,tobias_virgilio,neutro,1.0,virou chinei
1:13:26,4406,palhaco7,palhaco7,engraçado,1.0,Prime
1:13:27,4407,daikii_zzz,daikii_zzz,neutro,1.0,É uma Dungeon
1:13:27,4407,josephh_zz,josephh_zz,confuso,1.0,Parou?
1:13:27,4407,arelich,Arelich,neutro,1.0,liga a lanterna e vai
1:13:29,4409,kkainn1,kkainn1,confuso,1.0,Ué num tá mais no brasel?
1:13:29,4409,pedro_polegar,pedro_polegar,neutro,1.0,SEBORRÉIA
1:13:29,4409,lanadka,Lanadka,neutro,1.0,Tempos das vacas magras
1:13:31,4411,thrillerzs,thrillerzs,neutro,1.0,Baka do velho testamento
1:13:33,4413,palhaco7,palhaco7,neutro,1.0,Passa ai pra dentro
1:13:35,4415,lc_felipe,lc_felipe,engraçado,1.0,no prime
1:13:36,4416,lucas27dark,lucas27dark,neutro,1.0,o cara tava passando necessidade no japão...
1:13:37,4417,passarobllue,passarobllue,neutro,1.0,Parece que foi ano passado
1:13:38,4418,jeffstaz,jeffstaz,neutro,1.0,Pra que comprar se tem na rua burro
1:13:43,4423,allancarllos,allancarllos,confuso,1.0,ta medonho seguir em frente acho que tu vai ver a tek tek
1:13:45,4425,jahzerei,jahzerei,neutro,1.0,"que donki, bicho"
1:13:49,4429,licht_zayy,licht_zayy,engraçado,1.0,"Sabedoria oriental: Quando uma mosca pousar no seu saco, verá que nem tudo se resolve na violência!"
1:13:50,4430,julianosniperr,julianosniperr,neutro,1.0,Gorgeous
1:13:50,4430,this_is_pedro,This_is_Pedro,engraçado,1.0,"Lembra dessas celebridades, veja como estão agora"
1:13:55,4435,catchau2005,catchau2005,neutro,1.0,George ous
1:13:55,4435,palhaco7,palhaco7,confuso,1.0,Foi ex pussy?
1:13:59,4439,passarobllue,passarobllue,neutro,1.0,Mentira
1:14:00,4440,this_is_pedro,This_is_Pedro,confuso,1.0,Feel old now?
1:14:01,4441,giovani6jogadoh,giovani6jogadoh,confuso,1.0,inseto não tem proteina?? vai ficar monstrão
1:14:03,4443,beyond_desolation2,Beyond_Desolation2,neutro,1.0,"vc era level baixo quando foi expulso, agora num mexem com vc"
1:14:06,4446,bhcbmds_0,bhcbmds_0,engraçado,0.5,"Glr, ele falou quanto tempo ficaria no Japão?"
1:14:09,4449,catchau2005,catchau2005,neutro,1.0,tá beto lá
1:14:10,4450,decotodopoderoso,DecoTodoPoderoso,neutro,1.0,omedmaCalvo
1:14:10,4450,passarobllue,passarobllue,confuso,1.0,Que voce comeu os insetos? Oloko
1:14:11,4451,guirin_,Guirin_,confuso,1.0,Foi ex pucci?
1:14:22,4462,peix3manso,peix3manso,neutro,1.0,nope xp
1:14:22,4462,dlemonster,DlEmonster,neutro,1.0,nope
1:14:24,4464,jahzerei,jahzerei,engraçado,1.0,Baka saiu do JPN e dps a maioria dos brasileiros streamers aí pararam de streamar. estranho
1:14:24,4464,hoatsu,Hoatsu,engraçado,1.0,já vai comprar outro LUL
1:14:26,4466,erickhsn,erickhsn,neutro,1.0,n
1:14:27,4467,pedro_polegar,pedro_polegar,neutro,1.0,Cor de posto de saúde
1:14:30,4470,lc_felipe,lc_felipe,neutro,1.0,400mg
1:14:30,4470,palhaco7,palhaco7,confuso,1.0,Oq é esse nope?
1:14:34,4474,catchau2005,catchau2005,confuso,1.0,espero que te dão uma quicada ai
1:14:35,4475,modkii,modkii,confuso,1.0,ué voltou pro jp @BakaGaijinLive ??
1:14:35,4475,apenasjg,apenasjg,confuso,1.0,TEM O QUE????
1:14:36,4476,ayanmelo,ayanmelo,neutro,1.0,se ta no limite ta ok
1:14:36,4476,pedepanomttriste,PeDePanoMtTriste,neutro,1.0,O meu nao
1:14:36,4476,lanadka,Lanadka,negativo,1.0,Parece ser tudo ruim
1:14:40,4480,d4rkl0gan,d4rkl0gan,engraçado,1.0,"limite é infinito, sugerido é 400"
1:14:41,4481,eike204,eike204,neutro,1.0,é o dobro
1:14:42,4482,alexandrejnr,AlexandreJnR,neutro,1.0,bakagaYakuza
1:14:44,4484,dlemonster,DlEmonster,neutro,1.0,o batman não tem limites
1:14:45,4485,beyond_desolation2,Beyond_Desolation2,neutro,1.0,SAI CORRENDO E DESLIZA AI BAKA
1:14:48,4488,simplygodd,simplyGodd,neutro,1.0,tá tudo fechado
1:14:49,4489,pedro_polegar,pedro_polegar,frustrado,1.0,Q merda de lugar verde
1:14:50,4490,musantuz,musantuz,confuso,1.0,TEM ITAIPAVA ?
1:14:50,4490,erickhsn,erickhsn,neutro,1.0,eu tomava 400mg pra treinar
1:14:55,4495,tufaaooo,tufaaooo,neutro,1.0,béckru
1:14:55,4495,ribossomo_,Ribossomo_,engraçado,1.0,ZUERA
1:14:58,4498,palhaco7,palhaco7,confuso,1.0,O teto é espelhado?
1:15:00,4500,wesleykolomar_br,wesleykolomar_br,neutro,1.0,mete um slide ai
1:15:01,4501,pedepanomttriste,PeDePanoMtTriste,neutro,1.0,Canta msm
1:15:02,4502,pedro_polegar,pedro_polegar,frustrado,1.0,Só verde nessa merda sai sai
1:15:04,4504,matcos25,matcos25,neutro,1.0,Tem cara de q vai dá de cara com o boss
1:15:06,4506,lanadka,Lanadka,neutro,1.0,Asmr
1:15:12,4512,allancarllos,allancarllos,engraçado,1.0,que bobagi kkkkk
1:15:13,4513,catchau2005,catchau2005,confuso,0.667,aí são as galerias do quem dá mais? (o baka da mais)
1:15:13,4513,hatsuzika,hatsuzika,neutro,1.0,é bug
1:15:15,4515,maikon7501,maikon7501,neutro,1.0,@jahzerei ele era o líder do movimento
1:15:15,4515,pedepanomttriste,PeDePanoMtTriste,neutro,1.0,Q nojo
1:15:16,4516,super_hentais,super_hentais,positivo,1.0,"Boa noite baka, boa noite chat"
1:15:16,4516,renan_camarg0,renan_camarg0,neutro,1.0,não faça mais esse barulho asqueroso
1:15:18,4518,giovani6jogadoh,giovani6jogadoh,confuso,1.0,bob esponja??
1:15:18,4518,guirin_,Guirin_,engraçado,0.5,Baka isso é passeio a trabalho ou viagem de férias do Brasil?
1:15:19,4519,jahzerei,jahzerei,confuso,1.0,"como estão as extrasiítoles, Baka?"
1:15:20,4520,sorenzao,sorenzao,confuso,1.0,isso ai é na liberdade?
1:15:22,4522,dalton_olivera,dalton_olivera,positivo,1.0,Vai bakagaPikagasm bakagaWetsumo_SG se
1:15:23,4523,passarobllue,passarobllue,neutro,1.0,Para de gemer
1:15:25,4525,influenzias,Influenzias,neutro,1.0,nenhuma árvore assim o Brasil vai acabar
1:15:27,4527,hoatsu,Hoatsu,neutro,1.0,ai tem cma
1:15:27,4527,jahzerei,jahzerei,neutro,1.0,*sístoles
1:15:33,4533,bhcbmds_0,bhcbmds_0,positivo,1.0,"Incrível, toda hora ele entra na tela de shopping. Sempre a mesma máquina xD"
1:15:37,4537,catchau2005,catchau2005,engraçado,1.0,parece o brioco de alguem
1:15:40,4540,gamessbrandao,gamessbrandao,engraçado,1.0,Pelo visto a crise dos comércios não é somente no bostil
1:15:50,4550,r_lira28,r_lira28,confuso,0.667,clítoris??
1:15:50,4550,izayahn1,izayahn1,neutro,1.0,¯\_(ツ)_/¯
1:15:58,4558,otizin_,Otizin_,confuso,1.0,Em que lugar da Bahia???
1:15:59,4559,this_is_pedro,This_is_Pedro,positivo,1.0,"Eu também tenho Baka, é foda"
1:15:59,4559,noriako,Noriako,neutro,1.0,F
1:15:59,4559,ayanmelo,ayanmelo,engraçado,0.5,"segundo do platense, que tristeza"
1:16:00,4560,wesleykolomar_br,wesleykolomar_br,confuso,1.0,99 oque?
1:16:00,4560,fairlylo,fairlylo,neutro,1.0,vish
1:16:00,4560,this_is_pedro,This_is_Pedro,neutro,1.0,F
1:16:00,4560,hatsuzika,hatsuzika,neutro,1.0,F
1:16:01,4561,julianosniperr,julianosniperr,neutro,1.0,F
1:16:02,4562,kthyosu,kthyosu,engraçado,1.0,misericordia
1:16:02,4562,artuurbr21,artuurbr21,neutro,1.0,que
1:16:02,4562,mariposa_alada,Mariposa_Alada,neutro,1.0,F
1:16:02,4562,tobias_virgilio,tobias_virgilio,neutro,1.0,foi
1:16:02,4562,oliv_yashi,oliv_yashi,neutro,1.0,F
1:16:03,4563,palhaco7,palhaco7,neutro,1.0,Eu não tenho extrasifilis não.
1:16:03,4563,allancarllos,allancarllos,neutro,1.0,eita
1:16:03,4563,sorenzao,sorenzao,neutro,1.0,F
1:16:03,4563,tanjibolasfds,tanjibolasfds,neutro,1.0,Xiiiiii
1:16:04,4564,boggyneo,boggyneo,neutro,1.0,uou
1:16:04,4564,fairlylo,fairlylo,neutro,1.0,f
1:16:04,4564,guirin_,Guirin_,neutro,1.0,aquela quedinha basica
1:16:04,4564,dlemonster,DlEmonster,confuso,1.0,"""isso aqui é camera?"" aponta pra uma camera"
1:16:05,4565,lc_felipe,lc_felipe,neutro,1.0,F
1:16:06,4566,pedepanomttriste,PeDePanoMtTriste,neutro,1.0,F
1:16:06,4566,betolxi,betolxi,neutro,1.0,f
1:16:06,4566,kaworo27,kaworo27,neutro,1.0,tendi
1:16:07,4567,matheusfunil,matheusfunil,confuso,1.0,q q vc falou ai?
1:16:08,4568,lyaanna__,Lyaanna__,neutro,1.0,lindas palavras
1:16:08,4568,licht_zayy,licht_zayy,neutro,1.0,Chupada dimensional
1:16:08,4568,pedro_polegar,pedro_polegar,neutro,1.0,A live ta com extrasistoles tb
1:16:09,4569,betolxi,betolxi,neutro,1.0,ff
1:16:09,4569,parcival_x,Parcival_x,neutro,1.0,volto
1:16:10,4570,livinhafox2,livinhafox2,neutro,1.0,tendi nada
1:16:11,4571,brucecorp,brucecorp,neutro,1.0,alerta de isekai
1:16:11,4571,influenzias,Influenzias,neutro,1.0,systolē
1:16:11,4571,lanadka,Lanadka,neutro,1.0,Q delícia
1:16:12,4572,pulchram12,pulchram12,neutro,1.0,Parece que 99%-
1:16:13,4573,betolxi,betolxi,neutro,1.0,voltou
1:16:13,4573,caiopinto120887,caiopinto120887,neutro,1.0,Claro tendi tudo
1:16:13,4573,wesleyp2p,wesleyp2p,neutro,1.0,Yenho nO
1:16:14,4574,tiojohn14,tiojohn14,engraçado,1.0,KKKKKKKKKKKKKK
1:16:14,4574,himajindesuu,himajindesuu,neutro,1.0,passou o portal
1:16:16,4576,this_is_pedro,This_is_Pedro,positivo,1.0,Estamos online ainda
1:16:16,4576,pedepanomttriste,PeDePanoMtTriste,neutro,1.0,Eu nao tenho
1:16:17,4577,tobias_virgilio,tobias_virgilio,neutro,1.0,transcendeu no meio da fala baka
1:16:19,4579,vinizinlm,vinizinlm,neutro,1.0,prendi o meu ai ontem
1:16:19,4579,renatorgal,Renatorgal,neutro,1.0,comew
1:16:19,4579,chronu_,Chronu_,neutro,1.0,"Parece que amd' n8o ad'212 e, ,ajsd 99% de   noasdba qwe a s"
1:16:20,4580,zogashiro,zogashiro,neutro,1.0,respiração automatica desligada
1:16:20,4580,oliv_yashi,oliv_yashi,neutro,1.0,Volto
1:16:21,4581,palhaco7,palhaco7,neutro,1.0,Pelos pubianos
1:16:22,4582,humberto_fo,humberto_fo,positivo,1.0,Famosa bimbada
1:16:23,4583,artuurbr21,artuurbr21,neutro,1.0,foi o loading do mapa
1:16:24,4584,palhaco7,palhaco7,neutro,1.0,Vorto
1:16:24,4584,jahzerei,jahzerei,neutro,1.0,tem que ser muito transão pra pegar extrasifilis
1:16:26,4586,pedro_polegar,pedro_polegar,neutro,1.0,Simpatia pra calvice
1:16:26,4586,pedepanomttriste,PeDePanoMtTriste,neutro,1.0,Volto
1:16:27,4587,vende_diesel,vende_diesel,confuso,1.0,Brasil?
1:16:28,4588,dutra_32,dutra_32,engraçado,1.0,Acabei de entrar na live e já descubri que tenho sífilis
1:16:28,4588,thrillerzs,thrillerzs,neutro,1.0,Perdemos sua explicação
1:16:29,4589,telmobr,TelmoBR,positivo,1.0,EU DISSE Q TAVA BOM MAS AINDA VAI MELHORAR
1:16:30,4590,morttusdornitska,morttusdornitska,neutro,1.0,rasparam o saco sem receio hein
1:16:31,4591,modkii,modkii,confuso,1.0,ta morando no japao dnv?
1:16:33,4593,guirin_,Guirin_,neutro,1.0,pelos paraibanos
1:16:34,4594,this_is_pedro,This_is_Pedro,neutro,1.0,@chronu_ transcendeu
1:16:38,4598,palhaco7,palhaco7,neutro,1.0,Eu não tenho.
1:16:39,4599,lostcaco,LostCaco,neutro,1.0,chat perguntando a cada 5 min se Baka voltou pro jp chakra20TIME
1:16:47,4607,pedepanomttriste,PeDePanoMtTriste,neutro,1.0,Eu não tenho isso
1:16:50,4610,beyond_desolation2,Beyond_Desolation2,neutro,1.0,CLT
1:16:50,4610,dalton_olivera,dalton_olivera,neutro,1.0,Não Argentina
1:16:55,4615,sir_wonka0,sir_wonka0,neutro,1.0,Agr vc sente suas roupas
1:16:56,4616,vende_diesel,vende_diesel,confuso,1.0,Liberdade?
1:16:56,4616,renatorgal,Renatorgal,neutro,1.0,tudo clt
1:16:57,4617,artuurbr21,artuurbr21,neutro,1.0,deve ser protesto
1:16:57,4617,tobias_virgilio,tobias_virgilio,neutro,1.0,pega busão
1:16:57,4617,jahzerei,jahzerei,engraçado,1.0,sipá são só os funcionários
1:16:58,4618,parcival_x,Parcival_x,engraçado,1.0,"Que calmaria, se fosse sp WutFace"
1:16:58,4618,josephh_zz,josephh_zz,neutro,1.0,Igual fila do SUS
1:16:58,4618,eunaasaa,eunaasaa,neutro,1.0,estou literalmente raspando meu escroto agora eu
1:16:58,4618,ribossomo_,Ribossomo_,neutro,1.0,FILA PRA CONSEGUIR EMPREGO
1:16:59,4619,pedro_polegar,pedro_polegar,confuso,1.0,Que isso tão dando?
1:16:59,4619,dan_bsk24,dan_bsk24,confuso,1.0,@LostCaco mas ele voltou mesmo????
1:17:00,4620,d4rkl0gan,d4rkl0gan,engraçado,1.0,ficaa aai até abrir
1:17:01,4621,this_is_pedro,This_is_Pedro,neutro,1.0,"Eu tenho baka, quando fico ansioso a extasifilis ataca"
1:17:01,4621,pedro_9753,pedro_9753,neutro,1.0,vai ser spotado pelos npc
1:17:02,4622,r_lira28,r_lira28,neutro,1.0,Fila pro Punhetaço
1:17:05,4625,catchau2005,catchau2005,neutro,1.0,"6x1 né, é trampo complicado"
1:17:05,4625,simplygodd,simplyGodd,neutro,1.0,tá tudo fechado as loijinha
1:17:06,4626,lanadka,Lanadka,neutro,1.0,Duvido vc ir la e falar que hj nao abre
1:17:07,4627,pedro_polegar,pedro_polegar,neutro,1.0,Fila da vacina
1:17:07,4627,wesleyp2p,wesleyp2p,confuso,1.0,Oque é extra sífilis?
1:17:11,4631,influenzias,Influenzias,neutro,1.0,"eu não tenho isso, ainda . . ."
1:17:16,4636,pedro_polegar,pedro_polegar,neutro,1.0,Entra na fila la so pra ver onde vai
1:17:17,4637,telmobr,TelmoBR,confuso,1.0,tem como pegar sifilis na poupunha?
1:17:18,4638,palhaco7,palhaco7,neutro,1.0,Eu só tenho sífilis 1 não sífilis 2
1:17:20,4640,allancarllos,allancarllos,neutro,1.0,tava em cima da tua cabeça por isso esse barulho da porra
1:17:22,4642,beyond_desolation2,Beyond_Desolation2,neutro,1.0,Essa é a parte do trailer do neuromancer
1:17:24,4644,amauriagj,Amauriagj,neutro,1.0,o expressão
1:17:25,4645,wesleykolomar_br,wesleykolomar_br,neutro,1.0,jhon wick japones passo
1:17:26,4646,giovani6jogadoh,giovani6jogadoh,confuso,1.0,como que pega isso??
1:17:30,4650,dlemonster,DlEmonster,neutro,1.0,fila do pachinko
1:17:31,4651,jahzerei,jahzerei,engraçado,1.0,"próxima estação: corinthians itaquera, acesso ao lado esquerdo do trem"
1:17:32,4652,catchau2005,catchau2005,confuso,1.0,"aqui em SP tbm tá chovendo, vc está em SP baka?"
1:17:33,4653,hoatsu,Hoatsu,positivo,0.5,seria top
1:17:33,4653,influenzias,Influenzias,neutro,1.0,vai fala e vala que abre só segunda-feira
1:17:34,4654,tiojohn14,tiojohn14,neutro,1.0,fila do sus
1:17:35,4655,senttado,Senttado,confuso,1.0,Existem quantas sífilis?
1:17:36,4656,pedepanomttriste,PeDePanoMtTriste,neutro,1.0,Minha sífilis é normal
1:17:39,4659,julianosniperr,julianosniperr,confuso,1.0,"Virou maníaco dos trens, baka?"
1:17:39,4659,druigy_,druigy_,neutro,1.0,oioi
1:17:43,4663,vende_diesel,vende_diesel,confuso,1.0,São Paulo?
1:17:48,4668,khaleski,khaleski,confuso,1.0,Ué baka voltou para o Japão ?
1:17:52,4672,this_is_pedro,This_is_Pedro,neutro,1.0,Welcome
1:17:56,4676,cyber_silvio_santos,cyber_silvio_santos,engraçado,0.5,Chamaram o Baka pra trabalhar no escritório é?
1:17:56,4676,izayahn1,izayahn1,neutro,1.0,baka tem um cara te seguindo
1:18:00,4680,influenzias,Influenzias,neutro,1.0,@khaleski é Porto Alegre
1:18:01,4681,jeffstaz,jeffstaz,neutro,1.0,"Infelizmente faço parte dos que não tem, mas quero fazer parte da estatística maior"
1:18:02,4682,orang0tang0,Orang0tang0,neutro,1.0,"oloco, amassa uma comidinha dessa ai"
1:18:04,4684,this_is_pedro,This_is_Pedro,neutro,1.0,Tasty
1:18:12,4692,senttado,Senttado,neutro,1.0,dentro
1:18:16,4696,lanadka,Lanadka,neutro,1.0,@khaleski É rerun
1:18:17,4697,this_is_pedro,This_is_Pedro,neutro,1.0,Julgando os caba
1:18:17,4697,thrillerzs,thrillerzs,neutro,1.0,Um pickles mastigado por cima Uaau
1:18:19,4699,dlemonster,DlEmonster,positivo,1.0,boas fotos
1:18:19,4699,dutra_32,dutra_32,confuso,0.667,BAKA SE VC PUDESSE ESCOLHER UMA DST QUAL SERIA???
1:18:21,4701,peix3manso,peix3manso,neutro,1.0,no
1:18:21,4701,catchau2005,catchau2005,neutro,1.0,vai lá pro dogao
1:18:24,4704,renatorgal,Renatorgal,confuso,1.0,ovo mau cozido não da salmonela?
1:18:27,4707,pedro_polegar,pedro_polegar,neutro,1.0,Nem alcoolatra e proibido
1:18:31,4711,guirin_,Guirin_,neutro,1.0,o cara ta com um pandeiro ao invés de chave
1:18:33,4713,khaleski,khaleski,neutro,1.0,@Lanadka fraguei
1:18:37,4717,pannnca,pannnca,neutro,1.0,n consegue ficar longe dos asiatico
1:18:40,4720,passarobllue,passarobllue,confuso,1.0,So quem ainda aceita moeda é Santo
1:18:44,4724,livinhafox2,livinhafox2,neutro,1.0,os npc
1:18:49,4729,vende_diesel,vende_diesel,neutro,1.0,Come um macarrãoCUzinho!!!
1:18:50,4730,pedepanomttriste,PeDePanoMtTriste,neutro,1.0,Slc baca ficou até galudo vendo o alimento
1:18:51,4731,wesleykolomar_br,wesleykolomar_br,engraçado,1.0,itadori denovo
1:18:54,4734,beyond_desolation2,Beyond_Desolation2,engraçado,1.0,kkkkkkkk
1:18:55,4735,this_is_pedro,This_is_Pedro,engraçado,1.0,Kkkkkkkk
1:18:56,4736,passarobllue,passarobllue,engraçado,1.0,ITADORI ALI
1:18:56,4736,jahzerei,jahzerei,neutro,1.0,Foi sem querer querendo
1:18:56,4736,pedro_9753,pedro_9753,neutro,1.0,os npc tão começando a spawnar
1:19:00,4740,wesleyp2p,wesleyp2p,engraçado,0.667,@Lanadka  Vocês gosta de passar desinformação em? KKKKKKKKKK
1:19:00,4740,senttado,Senttado,neutro,1.0,"@Renatorgal depende, ovo branco não, caipira talvez"
1:19:06,4746,pedro_polegar,pedro_polegar,neutro,1.0,PAGODE
1:19:08,4748,amauriagj,Amauriagj,neutro,1.0,tá andando em círculos vicioso
1:19:09,4749,ramoniszo,ramoniszo,confuso,1.0,ai é Brasil manow?
1:19:10,4750,dlemonster,DlEmonster,neutro,1.0,bode de patins
1:19:15,4755,simplygodd,simplyGodd,neutro,1.0,só velho nesse time do dia
1:19:17,4757,josephh_zz,josephh_zz,neutro,1.0,Como tá o seu pandeiro
1:19:17,4757,pedro_polegar,pedro_polegar,positivo,1.0,Pagode japonês é o melhor
1:19:17,4757,thrillerzs,thrillerzs,neutro,1.0,Belo pandeiro em cumpade
1:19:18,4758,beyond_desolation2,Beyond_Desolation2,neutro,1.0,Isso aí o calçadão da 25 de março
1:19:20,4760,catchau2005,catchau2005,neutro,1.0,o meu ovo não tem salmonela
1:19:20,4760,palhaco7,palhaco7,negativo,0.5,Grava o caminhão de lixo japonês eu como gari tenho inveja
1:19:21,4761,lanadka,Lanadka,neutro,1.0,@wesleyp2p Sim
1:19:22,4762,guirin_,Guirin_,engraçado,1.0,@wesleyp2p nada aqui é inveridico é live do ano passado isso
1:19:23,4763,cyber_silvio_santos,cyber_silvio_santos,neutro,1.0,E a bunda do japones balançava mt pra fazer esse barulho todo
1:19:24,4764,zogashiro,zogashiro,neutro,1.0,"da um tapa na cara de algum japones baka,pra ver se viraliza"
1:19:24,4764,morttusdornitska,morttusdornitska,positivo,1.0,"@ramoniszo sim, liberdade"
1:19:26,4766,vende_diesel,vende_diesel,confuso,1.0,Marrocos?
1:19:28,4768,tobias_virgilio,tobias_virgilio,positivo,1.0,@ramoniszo liberdade
1:19:32,4772,chronu_,Chronu_,confuso,1.0,Tem bandejão pé sujo aí?
1:19:34,4774,pedepanomttriste,PeDePanoMtTriste,positivo,1.0,Baka tb ta com um panderao bom p calica 🫦
1:19:38,4778,vende_diesel,vende_diesel,neutro,1.0,Perdido né
1:19:40,4780,alexandrejnr,AlexandreJnR,neutro,1.0,bakagaLovebeco bakagaLovebeco
1:19:40,4780,amauriagj,Amauriagj,engraçado,1.0,GenderFluidPride
1:19:43,4783,this_is_pedro,This_is_Pedro,neutro,1.0,Muita novidade nesse Japil
1:19:44,4784,vcsabquem_,vcsabquem_,neutro,1.0,opa punhetaço cheguei atrasado
1:19:45,4785,licht_zayy,licht_zayy,neutro,1.0,Mas pra quem tem alzheimer qualquer coisa é nova
1:19:46,4786,jahzerei,jahzerei,neutro,1.0,Méqui
1:19:47,4787,pedepanomttriste,PeDePanoMtTriste,neutro,1.0,Foi
1:19:48,4788,capixpz,capixpz,confuso,1.0,baka volto pro japão?
1:19:52,4792,xenohfanes,xenohfanes,neutro,1.0,"baka, manda o link do futemax ae pra eu ver o fluminense tomando ferro"
1:19:54,4794,beyond_desolation2,Beyond_Desolation2,neutro,1.0,canta baka canta
1:19:56,4796,telmobr,TelmoBR,neutro,1.0,quero  whoper
1:19:56,4796,pedro_polegar,pedro_polegar,neutro,1.0,Canta pagode ai pra nois samba
1:19:57,4797,alexandrejnr,AlexandreJnR,engraçado,1.0,"AlexandreJnR subscribed with Prime. They've subscribed for 4 months, currently on a 1 month streak!"
1:19:58,4798,amauriagj,Amauriagj,neutro,1.0,que voz munita
1:19:59,4799,catchau2005,catchau2005,negativo,0.5,@cyber_silvio_santos se der ruim so precisa falar que é turista e não entende como as coisas funcionam
1:20:01,4801,wesleykolomar_br,wesleykolomar_br,confuso,1.0,oq é puteiro baka?
1:20:02,4802,vende_diesel,vende_diesel,neutro,1.0,Está contente né
1:20:03,4803,leitadordebarbudos,LeitadorDeBarbudos,positivo,1.0,Boa noite se me notar eu renovo meu sub AGORA
1:20:06,4806,vcsabquem_,vcsabquem_,confuso,1.0,live gravada?
1:20:06,4806,agiotadofelps,AgiotaDoFelps,neutro,1.0,não vai se perder de novo baka
1:20:07,4807,tiojohn14,tiojohn14,neutro,1.0,BabyRage
1:20:07,4807,jahzerei,jahzerei,neutro,1.0,Raimundos - Puteiro em JP
1:20:10,4810,amauriagj,Amauriagj,neutro,1.0,é um soapland
1:20:14,4814,pedepanomttriste,PeDePanoMtTriste,neutro,1.0,Live gravida
1:20:16,4816,warmachinerj,WarMachineRJ,confuso,1.0,BAKA quanto tempo de viagem gastou pra chegar no Japão?
1:20:17,4817,josephh_zz,josephh_zz,neutro,1.0,Kiko
1:20:18,4818,pedro_polegar,pedro_polegar,confuso,1.0,Mijar o que? Nem agua vc toma
1:20:19,4819,guirin_,Guirin_,neutro,1.0,@capixpz não ele ta em brasilia
1:20:19,4819,r_lira28,r_lira28,confuso,1.0,live mamada?
1:20:20,4820,oliv_yashi,oliv_yashi,confuso,1.0,Como que tá o jetpack Baka?
1:20:22,4822,pganade,PGanade,engraçado,1.0,@capixpz reprise
1:20:23,4823,amauriagj,Amauriagj,neutro,1.0,TwitchConHYPE
1:20:30,4830,catchau2005,catchau2005,neutro,1.0,vai no puteiro e pergunta se tem sopa
1:20:33,4833,vcsabquem_,vcsabquem_,confuso,1.0,ta em osasco baka?
1:20:34,4834,beyond_desolation2,Beyond_Desolation2,confuso,1.0,"baka, já ganhou uma batalhja da aldeia?"
1:20:40,4840,amauriagj,Amauriagj,neutro,1.0,as gal girl
1:20:40,4840,palhaco7,palhaco7,confuso,1.0,Já falaram q é rerun?
1:20:40,4840,wesleyp2p,wesleyp2p,neutro,1.0,"Hora do punhuetaço chat eu começo, fapfapfapfapfapfap"
1:20:40,4840,hoatsu,Hoatsu,engraçado,1.0,o baka n aguentaria meia hora dessa live em sp com o lugar cheio de subida
1:20:40,4840,vende_diesel,vende_diesel,confuso,1.0,Cadê a menina de rosa que andava com você?
1:20:41,4841,guirin_,Guirin_,neutro,1.0,@pedro_polegar ele toma suco de macho cara
1:20:44,4844,josephh_zz,josephh_zz,neutro,1.0,Piu
1:20:45,4845,warmachinerj,WarMachineRJ,engraçado,1.0,Cariiii
1:20:45,4845,thrillerzs,thrillerzs,engraçado,1.0,Ave maria
1:20:48,4848,warmachinerj,WarMachineRJ,neutro,1.0,caraiii
1:20:49,4849,izayahn1,izayahn1,engraçado,1.0,olha ali o homem do tempo com a varinha mágica
1:20:50,4850,brnxz,brnxz,confuso,1.0,foi com conexão nos estados unidos?
1:20:50,4850,alektrospirozy,Alektrospirozy,confuso,1.0,O avião fica parado no ceu e a terra que gira?
1:20:51,4851,leohenriq02,leohenriq02,confuso,1.0,Live ao vivo?
1:20:52,4852,julianosniperr,julianosniperr,neutro,1.0,Metade da velocidade da luz
1:20:53,4853,dlemonster,DlEmonster,neutro,1.0,foi hoje e chegou ontem
1:20:55,4855,zahircs,ZahirCS,confuso,1.0,na onde voce escalou?
1:20:55,4855,manovitaobr,manovitaobr,neutro,1.0,bakagaPiu bakagaPiu
1:20:57,4857,caiopinto120887,caiopinto120887,neutro,1.0,Até o pui mudou
1:20:58,4858,giorootz,giorootz,neutro,1.0,piu
1:20:59,4859,zogashiro,zogashiro,neutro,1.0,compra key do gta 6 six IV ai que ta mais barato baka
1:21:00,4860,telmobr,TelmoBR,confuso,1.0,vc q é o nouz?
1:21:00,4860,carlosdbg,Carlosdbg,neutro,1.0,Baka esta mais feliz no Japão
1:21:01,4861,erickhsn,erickhsn,positivo,1.0,bakagaPikagasm
1:21:03,4863,this_is_pedro,This_is_Pedro,neutro,1.0,Piu piu
1:21:03,4863,simplygodd,simplyGodd,neutro,1.0,piu
1:21:03,4863,leitadordebarbudos,LeitadorDeBarbudos,confuso,1.0,Se voce falar Xibiu no Japão alguem entende?
1:21:04,4864,chat_da_live,chat_da_live,confuso,1.0,tem quantos nacional baka?
1:21:06,4866,catchau2005,catchau2005,neutro,1.0,OLHA O CARRO BIIIIIIII BOOOM
1:21:07,4867,reptilianomestre,ReptilianoMestre,neutro,1.0,gótico de direita
1:21:08,4868,vende_diesel,vende_diesel,neutro,1.0,Piuuuu
1:21:20,4880,jahzerei,jahzerei,confuso,1.0,"seu avião atravessou a leste, pela Europa, ou a oeste, pelo Oceano Pacífico, pra chegar ao JPN?"
1:21:20,4880,guirin_,Guirin_,positivo,1.0,volta o guarda chuve ali tava melhor
1:21:22,4882,izayahn1,izayahn1,neutro,1.0,achei que a chuva tinha mudado de direção
1:21:22,4882,oliv_yashi,oliv_yashi,neutro,1.0,Desculpinhas pra coçar o penes
1:21:23,4883,peterdcn,peterdcn,neutro,1.0,e coçar o saco vai quando
1:21:25,4885,peluciacensurada,PeluciaCensurada,confuso,1.0,baka já pegou uma gótica suave?
1:21:25,4885,giovani6jogadoh,giovani6jogadoh,neutro,1.0,imperdoavel
1:21:26,4886,brnxz,brnxz,confuso,1.0,voou com escala onde?
1:21:31,4891,yorraraujo,yorraraujo,neutro,1.0,tempos gorgeous
1:21:34,4894,pedepanomttriste,PeDePanoMtTriste,neutro,1.0,Pra quem nao sabe o baka ganhou o nacional 2 vezes
1:21:39,4899,josephh_zz,josephh_zz,neutro,1.0,"Para pra respirar, ta ofegante pra falar"
1:21:40,4900,mvgamer5353c,mvgamer5353c,neutro,1.0,calma kanye
1:21:42,4902,palhaco7,palhaco7,neutro,1.0,Legal
1:21:42,4902,miguelangello1918,miguelangello1918,confuso,0.75,"Baka, quando que tu vem pra Ipixuna comer um açaí do bom???"
1:21:44,4904,beyond_desolation2,Beyond_Desolation2,confuso,1.0,Nacional do BR ou do Japão?
1:21:46,4906,mk_z1m,MK_Z1M,confuso,1.0,Vai ficar quanto tempo aí no Japão?
1:21:48,4908,andrecanedo,AndreCanedo,neutro,1.0,Tá no Japão nada... Tá caindo a msm chuva que tá caindo aqui na Freguesia do Ó.
1:21:49,4909,simplygodd,simplyGodd,confuso,1.0,quanto gols de voleio?
1:21:52,4912,izayahn1,izayahn1,neutro,1.0,e o anal ganha quando
1:21:54,4914,passarobllue,passarobllue,confuso,1.0,Pq voce fala gemendo?
1:21:57,4917,1guinobre1,1guinobre1,neutro,1.0,"Aí baka, essas lives vão virar vídeo pro canal"
1:21:59,4919,izei_,Izei_,confuso,1.0,ja participou de uma norte de dupla versao autotune?
1:22:00,4920,void_wav247,VOID_WAV247,confuso,1.0,baka voltou para o Japão?
1:22:03,4923,leitadordebarbudos,LeitadorDeBarbudos,confuso,1.0,Baka voce consegue ler figuras ai no japao?
1:22:03,4923,chat_da_live,chat_da_live,confuso,1.0,D:  nada que preste?
1:22:03,4923,this_is_pedro,This_is_Pedro,neutro,1.0,Prexte
1:22:04,4924,gamessbrandao,gamessbrandao,confuso,1.0,Baka aí no Japão tem garotas que fazem sx em troca de dia?
1:22:13,4933,ozonary,oZonary,neutro,1.0,ray tracing on
1:22:14,4934,gamessbrandao,gamessbrandao,neutro,1.0,Dinheiro*
1:22:14,4934,catchau2005,catchau2005,neutro,1.0,"as batalhas do baka ""e eu só tenho 15 anos"" ""nossa"", só pega quem tem mais de 1k horas na internet"
1:22:20,4940,yorraraujo,yorraraujo,neutro,1.0,São Paulo na chuva é diferente
1:22:23,4943,thrillerzs,thrillerzs,neutro,1.0,Oloko
1:22:24,4944,wesleykolomar_br,wesleykolomar_br,neutro,1.0,n tenho amigos
1:22:26,4946,tobe_94,tobe_94,neutro,1.0,As moto barulhentas igual as daqui de Osasco
1:22:29,4949,dutra_32,dutra_32,engraçado,1.0,"Eae tropa, aq na chat do baka tem MC também, eu faço batalha de rima, fiz a seletiva pro regional"
1:22:33,4953,pedepanomttriste,PeDePanoMtTriste,engraçado,1.0,E nois vai fazendo vários nada
1:22:33,4953,wesleyp2p,wesleyp2p,confuso,1.0,@gamessbrandao Em troca de dia?
1:22:33,4953,leitadordebarbudos,LeitadorDeBarbudos,engraçado,1.0,LeitadorDeBarbudos subscribed with Prime.
1:22:34,4954,palhaco7,palhaco7,confuso,1.0,Cadê a gemida de hoje?
1:22:34,4954,this_is_pedro,This_is_Pedro,neutro,1.0,Live de visualização única
1:22:37,4957,filipi_21,Filipi_21,confuso,1.0,entao é assim q o forza 6 se parece com o mais novo dlss 5?
1:22:43,4963,simplygodd,simplyGodd,confuso,1.0,é caro um veiculo ai?
1:22:43,4963,djonebr,djonebr,confuso,1.0,sex shop?
1:22:43,4963,pedro_polegar,pedro_polegar,neutro,1.0,Leva um tombo aí que dobra as views
1:22:46,4966,catchau2005,catchau2005,confuso,1.0,1700 desocupados?
1:22:49,4969,licht_zayy,licht_zayy,neutro,1.0,Ele dando zoom nos kanji como se fossemos entender
1:22:51,4971,luk4slm,luk4slm,confuso,1.0,vc voltou a morar ai ou so foi pra tirar um ondinha? @BakaGaijinLive
1:22:53,4973,carolinenaomii,CarolineNaomii,confuso,1.0,até que dia vai ficar no Japão?
1:22:58,4978,alexandrejnr,AlexandreJnR,engraçado,0.5,Voltou pro japão ou so ta de turista?
1:23:02,4982,dudu_da_maconaria,dudu_da_maconaria,confuso,1.0,ue? voltou pro japao?
1:23:02,4982,diinot,Diinot,neutro,1.0,oxe voltou pra liberdade pra fingir q ta no jp
1:23:03,4983,snowsnowsnowx10,snowsnowsnowx10,neutro,1.0,@catchau2005 ey trmapei das 9 até as 18 horas amigo
1:23:03,4983,peix3manso,peix3manso,neutro,1.0,nada novo
1:23:06,4986,izayahn1,izayahn1,confuso,1.0,com as bola assada?
1:23:10,4990,pedepanomttriste,PeDePanoMtTriste,confuso,1.0,Desocupados nao que a ocupação é a live do caba ai
1:23:11,4991,josephh_zz,josephh_zz,positivo,0.5,Melhor do que Crua
1:23:13,4993,jeffstaz,jeffstaz,confuso,0.8,Será que algum dia a chuva será de uma água de chuca de alguém do mundo? Visto que a água se reutiliza sozinha em varios processos e consequentemente poderia se tornar a água que bebemos em alguma hora?
1:23:13,4993,guirin_,Guirin_,engraçado,1.0,solda kkkkkkk
1:23:15,4995,thrillerzs,thrillerzs,neutro,1.0,Passa lenço
1:23:17,4997,amauriagj,Amauriagj,neutro,1.0,acontece
1:23:17,4997,passarobllue,passarobllue,neutro,1.0,Nossa voce ta gordo entao
1:23:20,5000,tobias_virgilio,tobias_virgilio,confuso,1.0,solda assada ?
1:23:23,5003,bluuuq,Bluuuq,neutro,1.0,"Guys essa live é rerun, ele está no Brasil"
1:23:23,5003,vende_diesel,vende_diesel,neutro,1.0,Live gravada da época que o Baka estava no Japão
1:23:25,5005,guirin_,Guirin_,confuso,1.0,isso ai é puliça?
1:23:25,5005,dutra_32,dutra_32,confuso,1.0,Suspeito que voce está mijado
1:23:26,5006,dudu_da_maconaria,dudu_da_maconaria,confuso,1.0,fica ate quando kaba?
1:23:26,5006,pedro_polegar,pedro_polegar,neutro,1.0,To aqui só esperando vc cair de bunda na poça pra ir dormir
1:23:27,5007,leitadordebarbudos,LeitadorDeBarbudos,confuso,1.0,Baka uma pergunta delicada voce tem familia ou é sozinho?
1:23:29,5009,pedepanomttriste,PeDePanoMtTriste,neutro,1.0,E noi vai deixar o homi sozin em beco
1:23:41,5021,this_is_pedro,This_is_Pedro,confuso,1.0,O que fazer no Japão depois que voltei pro Brasil?
1:23:42,5022,influenzias,Influenzias,neutro,1.0,"""O Japão está muito diferente agora!"""
1:23:43,5023,lanadka,Lanadka,engraçado,1.0,De volta pra minha terra kkkkk
1:23:44,5024,palhaco7,palhaco7,confuso,1.0,Vai ter react do nômade raiz hoje?
1:23:46,5026,artuurbr21,artuurbr21,neutro,1.0,nossa vc ta gordo entao
1:23:46,5026,malfector,Malfector,confuso,1.0,resenha onde pai?
1:23:46,5026,julianosniperr,julianosniperr,neutro,1.0,O careca fez mais vídeos no Japão
1:23:47,5027,passarobllue,passarobllue,neutro,1.0,Quem fica assado de andar é gordao
1:23:47,5027,licht_zayy,licht_zayy,engraçado,1.0,Os cara com a mesma roupa kkkkkk
1:23:48,5028,neeovox,neeovox,neutro,1.0,Baka da uma coçada nos zovos ao vivo para mais de 1mil pessoas
1:23:50,5030,diego_bonarte,diego_bonarte,confuso,1.0,Voltou Bakão da massa?!
1:23:52,5032,renatorgal,Renatorgal,neutro,1.0,"solucao, parar de comer"
1:23:52,5032,cyber_silvio_santos,cyber_silvio_santos,confuso,1.0,ta em que região pra eu mandar um drone?
1:23:52,5032,izayahn1,izayahn1,engraçado,1.0,"da pra ver que a variedade de npc ta bem baixa ne, 3 com a mesma skin"
1:23:52,5032,vinizinlm,vinizinlm,neutro,1.0,só engordou a nadega esquerda
1:23:54,5034,pedepanomttriste,PeDePanoMtTriste,engraçado,1.0,Fumar um crackzin primo
1:23:57,5037,amauriagj,Amauriagj,confuso,1.0,já pensou em fazer pg no Japão pra aumentar renda?
1:23:57,5037,beyond_desolation2,Beyond_Desolation2,neutro,1.0,tá
1:24:00,5040,djonebr,djonebr,neutro,1.0,pega gonorreia que emagrece
1:24:02,5042,mk_z1m,MK_Z1M,neutro,1.0,"N é andando igual pinguim não, só tá cagado mesmo"
1:24:02,5042,giovani6jogadoh,giovani6jogadoh,neutro,1.0,ele tá fofinho
1:24:03,5043,farias_gabr,farias_gabr,neutro,1.0,cheira po pra emagrecer
1:24:07,5047,josephh_zz,josephh_zz,neutro,1.0,Todos os Caminhos te levam
1:24:09,5049,wesleykolomar_br,wesleykolomar_br,neutro,1.0,ó o sonic correndo
1:24:11,5051,thrillerzs,thrillerzs,neutro,1.0,Seu pandeiro ta muito bonito agora
1:24:13,5053,koitsuab,koitsuab,confuso,1.0,"baka, no café da manhã não tem leite com café?"
1:24:13,5053,oliveiradriell,oliveiradriell,neutro,1.0,caramba esse bodycam ta realista msm
1:24:15,5055,this_is_pedro,This_is_Pedro,neutro,1.0,Oi
1:24:15,5055,peix3manso,peix3manso,neutro,1.0,deve ser lago
1:24:16,5056,artuurbr21,artuurbr21,confuso,1.0,hj vai ter geoguessr?
1:24:19,5059,vende_diesel,vende_diesel,neutro,1.0,Para de tremer a câmera
1:24:20,5060,koitsuab,koitsuab,engraçado,1.0,paia não ter padaria
1:24:20,5060,catchau2005,catchau2005,confuso,1.0,pensa em morar em Diadema ou não conseguiu o visto ainda?
1:24:25,5065,giorootz,giorootz,neutro,1.0,Praia Grande
1:24:28,5068,julianosniperr,julianosniperr,neutro,1.0,Lago do payssandú
1:24:30,5070,diego_bonarte,diego_bonarte,neutro,1.0,Mostra os Cybercops ai
1:24:30,5070,peluciacensurada,PeluciaCensurada,engraçado,1.0,progressão geométrica
1:24:31,5071,dudu_da_maconaria,dudu_da_maconaria,neutro,1.0,100 conto pelo pescotapa no de azul escuro
1:24:32,5072,pedepanomttriste,PeDePanoMtTriste,neutro,1.0,Pinto gramde
1:24:34,5074,lucas27dark,lucas27dark,confuso,1.0,fez o zeca paugordinho?
1:24:35,5075,phanthasmha27,phanthasmha27,confuso,1.0,@julynhatoys tem visto permanente ou é descendente?
1:24:36,5076,dutra_32,dutra_32,neutro,1.0,"O baka tô precisando, tenho pau fino só 😭😭"
1:24:39,5079,jpcurty007_,jpcurty007_,engraçado,1.0,"oloko, primeira vez conseguindo ver um live do baka, conheci por um amigo a um tempinho mas só via trechos do youtube!"
1:24:40,5080,amauriagj,Amauriagj,neutro,1.0,pena :(
1:24:45,5085,chat_da_live,chat_da_live,neutro,1.0,esse geogesser ta mto realista
1:24:46,5086,this_is_pedro,This_is_Pedro,neutro,1.0,Vim pelo react do Mundo sem fim
1:24:49,5089,pokemojuska,pokemojuska,confuso,1.0,baka voltou a morar no Japão?
1:24:51,5091,jooojero,jooojero,engraçado,1.0,para de falar zoeira toda hora carai
1:24:57,5097,pedepanomttriste,PeDePanoMtTriste,neutro,1.0,Inventando palavra agr
1:24:58,5098,matheusfunil,matheusfunil,neutro,1.0,q caralho é tempos gorgeous
1:25:05,5105,lc_felipe,lc_felipe,neutro,1.0,vim pelo xvideos
1:25:07,5107,apenasjg,apenasjg,confuso,1.0,golden shower?
1:25:07,5107,hoatsu,Hoatsu,confuso,1.0,ele se chama baka?
1:25:09,5109,jeffstaz,jeffstaz,neutro,1.0,Tempos de chuvas douradas
1:25:09,5109,oliveiradriell,oliveiradriell,neutro,1.0,tempos de chuva dourada
1:25:09,5109,izayahn1,izayahn1,neutro,1.0,vim pelo react do xvideos
1:25:10,5110,josephh_zz,josephh_zz,neutro,1.0,Cachimbos dourados
1:25:13,5113,whirosh,whirosh,neutro,1.0,Parque Villa Lobos
1:25:13,5113,simplygodd,simplyGodd,neutro,1.0,zuiera
1:25:14,5114,peix3manso,peix3manso,neutro,1.0,doença
1:25:15,5115,chicobotico1,chicobotico1,confuso,1.0,Vocês se chamam baka?
1:25:15,5115,erickhsn,erickhsn,neutro,1.0,sim é tokyo
1:25:16,5116,pedepanomttriste,PeDePanoMtTriste,neutro,1.0,Isso foi no velho testamento
1:25:17,5117,peix3manso,peix3manso,neutro,1.0,nossa nao
1:25:17,5117,izayahn1,izayahn1,neutro,1.0,@lc_felipe vixe na mesma hora
1:25:18,5118,passarobllue,passarobllue,neutro,1.0,Vai mijar baka
1:25:19,5119,eunaasaa,eunaasaa,neutro,1.0,toktik
1:25:19,5119,catchau2005,catchau2005,neutro,1.0,"nada é comparável ao ""beijo na pitomba"""
1:25:20,5120,thrillerzs,thrillerzs,neutro,1.0,Dialeto chulo e limitado
1:25:20,5120,deivmr,DeivMr,neutro,1.0,vim pelo only fans
1:25:21,5121,akarolzita,akarolzita,neutro,1.0,tiktok
1:25:21,5121,sapatinho_127,Sapatinho_127,neutro,1.0,Tak
1:25:21,5121,modkii,modkii,confuso,1.0,o nome do x racing é baka tbm?
1:25:23,5123,vende_diesel,vende_diesel,neutro,1.0,Anda mais devagar
1:25:24,5124,thrillerzs,thrillerzs,engraçado,1.0,Zuera
1:25:24,5124,diego_bonarte,diego_bonarte,confuso,1.0,Seu nome é Edu Ecsreissim?
1:25:26,5126,xenohfanes,xenohfanes,confuso,1.0,@matheusfunil tempo que ele tinha o bumbum peludo. Agora tá lisinho :(
1:25:26,5126,stallone_caminhoneiro,stallone_caminhoneiro,neutro,1.0,tourette
1:25:26,5126,reptilianomestre,ReptilianoMestre,neutro,1.0,"TIK, TIK, TTIKIIII, TIKK ANANANIAUAA"
1:25:27,5127,rivaldorivas,RivaldoRivas,neutro,1.0,deixa o menino galera
1:25:30,5130,leitadordebarbudos,LeitadorDeBarbudos,confuso,1.0,Baka voce ja ficou com alguma japonesa?
1:25:33,5133,renatorgal,Renatorgal,confuso,1.0,wake up feeling like p diddy?
1:25:33,5133,pedepanomttriste,PeDePanoMtTriste,engraçado,1.0,Mas o cara que vir na live do baka esperando seriedade
1:25:34,5134,this_is_pedro,This_is_Pedro,neutro,1.0,Vai lá
1:25:35,5135,neeovox,neeovox,confuso,1.0,Acho que ninguém perguntou como está sendo visto o novo jogo do sexo aí no japiu
1:25:35,5135,bhcbmds_0,bhcbmds_0,engraçado,1.0,"A ""gíria nova do cr"" sendo lançada em primeira mão na grécia antiga"
1:25:35,5135,bakinae,bakinae,confuso,1.0,essa ai é a praça tranquedo neves?
1:25:38,5138,guirin_,Guirin_,neutro,1.0,vc ainda é pequeno baka não se iluda
1:25:40,5140,brucecorp,brucecorp,positivo,1.0,chamo isso de velho park
1:25:45,5145,nallp_,Nallp_,neutro,1.0,lembro de outra live passando por ai
1:25:45,5145,yorraraujo,yorraraujo,neutro,1.0,xracing te assistia desde que ele era um pequeno xwalking
1:25:45,5145,zoroaki22,Zoroaki22,confuso,1.0,o nome é branca de neve pq ela gosta do raio?
1:25:54,5154,influenzias,Influenzias,neutro,1.0,mate o menino e deixe o homem nascer baka
1:25:56,5156,agiotadofelps,AgiotaDoFelps,neutro,1.0,nuuuuuuu
1:25:56,5156,dudu_da_maconaria,dudu_da_maconaria,neutro,1.0,ó as planta
1:25:57,5157,catchau2005,catchau2005,confuso,1.0,tchaca tchaca?
1:25:57,5157,peix3manso,peix3manso,neutro,1.0,nossa
1:25:58,5158,pedro_polegar,pedro_polegar,engraçado,1.0,Escorregador ali pros  véio brincar
1:25:59,5159,erickhsn,erickhsn,neutro,1.0,'0 citações de racionais na live ainda
1:26:00,5160,diego_bonarte,diego_bonarte,neutro,1.0,"Caraca, olha as taióba"
1:26:03,5163,izayahn1,izayahn1,neutro,1.0,anda por cima ai baka
1:26:04,5164,josephh_zz,josephh_zz,neutro,1.0,Alface
1:26:05,5165,amauriagj,Amauriagj,neutro,1.0,que gulosas
1:26:05,5165,chapixx7,chapixx7,confuso,1.0,passeio na rocinha?
1:26:09,5169,mk_z1m,MK_Z1M,confuso,1.0,Quer quanto pra tu nadar aí?
1:26:09,5169,pedepanomttriste,PeDePanoMtTriste,neutro,1.0,Nois aqui é tudo viavel tem q entender
1:26:10,5170,kahfps,kahfps,confuso,1.0,tem cobra?
1:26:12,5172,duckn_00,duckn_00,neutro,1.0,então da para fazer o punhetasso ai msm
1:26:13,5173,this_is_pedro,This_is_Pedro,confuso,0.667,"Mbappe machucou e o Endrick jogou hoje, ficou sabendo??"
1:26:14,5174,peix3manso,peix3manso,neutro,1.0,mas nao ta nem dando pra ver a agua
1:26:14,5174,dudu_da_maconaria,dudu_da_maconaria,positivo,1.0,bom pra jogar corpo
1:26:14,5174,simplygodd,simplyGodd,neutro,1.0,ia ser do balacobaco
1:26:15,5175,guirin_,Guirin_,neutro,1.0,vai a nado pra lá
1:26:16,5176,reptilianomestre,ReptilianoMestre,neutro,1.0,67
1:26:19,5179,leitadordebarbudos,LeitadorDeBarbudos,confuso,1.0,Baka como está o caraçãozinho? (apaixonado ou livre)
1:26:19,5179,ribossomo_,Ribossomo_,neutro,1.0,JOGAR UM CORPO AI É GG
1:26:20,5180,cyber_silvio_santos,cyber_silvio_santos,neutro,1.0,bela pagoda
1:26:22,5182,renatorgal,Renatorgal,engraçado,1.0,sucuri
1:26:24,5184,pedro_polegar,pedro_polegar,neutro,1.0,É couve
1:26:24,5184,izayahn1,izayahn1,neutro,1.0,maconha
1:26:24,5184,simplygodd,simplyGodd,neutro,1.0,alface
1:26:24,5184,diego_bonarte,diego_bonarte,neutro,1.0,Taioba
1:26:25,5185,thrillerzs,thrillerzs,neutro,1.0,Folha de couve
1:26:26,5186,reptilianomestre,ReptilianoMestre,neutro,1.0,MAKONHA
1:26:26,5186,catchau2005,catchau2005,confuso,1.0,aí tem perereca?
1:26:26,5186,baguinska,baguinska,neutro,1.0,Alface
1:26:26,5186,sutoff_,sutoff_,neutro,1.0,cannabis
1:26:27,5187,lanadka,Lanadka,neutro,1.0,Planta bonita
1:26:27,5187,brucecorp,brucecorp,engraçado,1.0,vitoria regia
1:26:28,5188,tobias_virgilio,tobias_virgilio,neutro,1.0,suculenta
1:26:29,5189,peix3manso,peix3manso,positivo,1.0,parece taboa
1:26:30,5190,jeffstaz,jeffstaz,engraçado,1.0,Vitória Regina
1:26:30,5190,lc_felipe,lc_felipe,neutro,1.0,psibiloum anunibius
1:26:30,5190,giovani6jogadoh,giovani6jogadoh,neutro,1.0,tem  um bicho ai
1:26:31,5191,caiopinto120887,caiopinto120887,neutro,1.0,Rosa
1:26:31,5191,matcos25,matcos25,neutro,1.0,Olhe q legal duas torres isso me lembrou alguma coisa
1:26:31,5191,pedro_polegar,pedro_polegar,neutro,1.0,Isso é couve
1:26:32,5192,licht_zayy,licht_zayy,neutro,1.0,Samambaia
1:26:32,5192,hoatsu,Hoatsu,neutro,1.0,é a baka regia
1:26:33,5193,dudu_da_maconaria,dudu_da_maconaria,neutro,1.0,verde
1:26:33,5193,dutra_32,dutra_32,neutro,1.0,O nome dessa é lactobacillus
1:26:33,5193,pirelli25,pirelli25,neutro,1.0,flor de lotus
1:26:33,5193,brucecorp,brucecorp,neutro,1.0,sapo cururu
1:26:34,5194,oliveiradriell,oliveiradriell,confuso,1.0,sabe me dizer se planta faz isso?
1:26:34,5194,wesleykolomar_br,wesleykolomar_br,neutro,1.0,secoia
1:26:35,5195,artuurbr21,artuurbr21,neutro,1.0,sapo
1:26:35,5195,carlosdbg,Carlosdbg,neutro,1.0,Papilus degustativus
1:26:36,5196,lblazko,lblazko,neutro,1.0,alface
1:26:36,5196,duckn_00,duckn_00,neutro,1.0,começa o punhetasso ai baka
1:26:36,5196,guilmour_,guilmour_,neutro,1.0,Chupiscus Lambiscus
1:26:38,5198,pedepanomttriste,PeDePanoMtTriste,neutro,1.0,"Mano é impressionante, pisquei o cara apareceu do nada na floresta"
1:26:39,5199,chicobotico1,chicobotico1,neutro,1.0,Espada de são jorge
1:26:39,5199,yorraraujo,yorraraujo,engraçado,1.0,vitoria rerugia
1:26:41,5201,yan_caca,yan_CaCa,engraçado,0.5,Bagre? O  Yuri Alberto tá nadando aí?
1:26:41,5201,licht_zayy,licht_zayy,neutro,1.0,Hera venenosa
1:26:42,5202,zoroaki22,Zoroaki22,neutro,1.0,jiboia
1:26:43,5203,paulera250,paulera250,engraçado,1.0,é o kappa
1:26:43,5203,pedro_polegar,pedro_polegar,neutro,1.0,Taioba ou couve eu conheço sou de minas
1:26:45,5205,lostcaco,LostCaco,neutro,1.0,Lótus
1:26:45,5205,brucecorp,brucecorp,engraçado,1.0,"carai, um kappa!"
1:26:45,5205,oliv_yashi,oliv_yashi,confuso,1.0,"Baka o que achou do filme guerreiras do k-pop, se sentiu representado? Se cuida"
1:26:47,5207,this_is_pedro,This_is_Pedro,neutro,1.0,Molhada
1:26:48,5208,simplygodd,simplyGodd,neutro,1.0,ficou roco do nada
1:26:49,5209,peix3manso,peix3manso,neutro,1.0,mt mato
1:26:49,5209,josephh_zz,josephh_zz,neutro,1.0,Regina casé
1:26:51,5211,texugod0mel,Texugod0mel,neutro,1.0,É maconha isso ai
1:26:51,5211,r_lira28,r_lira28,neutro,1.0,o nome é Paunocus ejaculis
1:26:51,5211,dutra_32,dutra_32,neutro,1.0,O nome dessa é lactobacillus bovino
1:26:53,5213,neeovox,neeovox,confuso,1.0,Essa água é molhada?
1:26:53,5213,stallone_caminhoneiro,stallone_caminhoneiro,neutro,1.0,pula aí
1:26:57,5217,izayahn1,izayahn1,neutro,1.0,vida de inseto
1:26:57,5217,giovani6jogadoh,giovani6jogadoh,neutro,1.0,tem um corcodilo ai
1:26:59,5219,pedepanomttriste,PeDePanoMtTriste,neutro,1.0,Cadê o avião
1:27:00,5220,peix3manso,peix3manso,confuso,1.0,sera q tem cobra
1:27:00,5220,arki_core1,arki_core1,neutro,1.0,pula ai
1:27:02,5222,dudu_da_maconaria,dudu_da_maconaria,neutro,1.0,"nao ta nao, faltou o aviao"
1:27:04,5224,simplygodd,simplyGodd,neutro,1.0,uma pastilha
1:27:04,5224,amauriagj,Amauriagj,confuso,1.0,erva venenosa é pior do que cobra cascavel
1:27:04,5224,kayn_noob,kayn_noob,inspirado,1.0,"Goiânia ta moh diferente ae mano, so sucesso"
1:27:04,5224,influenzias,Influenzias,confuso,1.0,baka tem mais de uma sifilis pra ser extra?
1:27:05,5225,diego_bonarte,diego_bonarte,confuso,1.0,Aonde que fica o Dragonzord?
1:27:06,5226,ribossomo_,Ribossomo_,neutro,1.0,VIROU O MICHEL TEMER
1:27:06,5226,peix3manso,peix3manso,engraçado,1.0,kkkkkkkkkkkkkkkkkkk
1:27:07,5227,fairlylo,fairlylo,confuso,1.0,oxi
1:27:07,5227,thrillerzs,thrillerzs,engraçado,1.0,Kkkkkkkkk
1:27:07,5227,eike204,eike204,engraçado,1.0,kkkkkkkkkkk
1:27:08,5228,mariposa_alada,Mariposa_Alada,neutro,1.0,Puberdade
1:27:08,5228,this_is_pedro,This_is_Pedro,neutro,1.0,"Meu Deus, perdemos o Baka"
1:27:08,5228,breikaa,breikaa,engraçado,1.0,Vitoriw regia
1:27:09,5229,renatorgal,Renatorgal,engraçado,1.0,ta pegando resfriado
1:27:11,5231,julianosniperr,julianosniperr,engraçado,1.0,Kkkkkkk
1:27:11,5231,matcos25,matcos25,neutro,1.0,Kssksk
1:27:12,5232,chicobotico1,chicobotico1,engraçado,1.0,kkkkkkkkkkkkk
1:27:13,5233,simplygodd,simplyGodd,neutro,1.0,me ve uma pastilha
1:27:14,5234,wesleykolomar_br,wesleykolomar_br,confuso,1.0,temer é você?
1:27:14,5234,catchau2005,catchau2005,confuso,1.0,tem lugares parecidos com o Japão em Manaus?
1:27:17,5237,mistavo,Mistavo,confuso,1.0,"Baka, é voce que está influenciando as decisões no STF?"
1:27:17,5237,gondojr,gondojr,neutro,1.0,É o derby
1:27:18,5238,izayahn1,izayahn1,neutro,1.0,temer
1:27:19,5239,yorraraujo,yorraraujo,neutro,1.0,chegou no japão e já virou um ancião
1:27:19,5239,kthyosu,kthyosu,neutro,1.0,pastilha
1:27:19,5239,dutra_32,dutra_32,engraçado,1.0,Porra meu filho Scooby Doo KKKKKKKKKK
1:27:19,5239,ryzootv,RyzOoTV,confuso,1.0,baka voltou a morar no japao?
1:27:20,5240,lucas27dark,lucas27dark,neutro,1.0,Bachan gaijin
1:27:20,5240,pedro_polegar,pedro_polegar,neutro,1.0,Vai tio Paulo
1:27:20,5240,this_is_pedro,This_is_Pedro,neutro,1.0,Me da uma pastilha
1:27:21,5241,jettasz,jettasz,engraçado,1.0,kkkkkkkkkkkkkk
1:27:21,5241,pedepanomttriste,PeDePanoMtTriste,neutro,1.0,Tb ficou 50 anos sem falar em sp
1:27:25,5245,jpcurty007_,jpcurty007_,positivo,1.0,conheço um remédio bom pra essa garganta aí baka
1:27:25,5245,bhcbmds_0,bhcbmds_0,neutro,1.0,Aparentemente não foi só o cabelo
1:27:26,5246,ozonary,oZonary,confuso,1.0,quer uma pastilha baka ?
1:27:26,5246,texugod0mel,Texugod0mel,neutro,1.0,Baka tiozin
1:27:28,5248,fairlylo,fairlylo,neutro,1.0,eh
1:27:28,5248,wesleymartinsdv,wesleymartinsDV,confuso,1.0,Baka vai ficar 3 meses aí?
1:27:28,5248,neeovox,neeovox,neutro,1.0,Trás a pastilha
1:27:31,5251,cyber_silvio_santos,cyber_silvio_santos,neutro,1.0,exorcisa baka
1:27:34,5254,passarobllue,passarobllue,neutro,1.0,Vai mijaernao baka
1:27:35,5255,thrillerzs,thrillerzs,neutro,1.0,É maior ma vdd
1:27:35,5255,pedepanomttriste,PeDePanoMtTriste,engraçado,1.0,Quem é vitória
1:27:35,5255,peluciacensurada,PeluciaCensurada,confuso,1.0,esse parque é o parque de ueno eh ?
1:27:37,5257,diego_bonarte,diego_bonarte,neutro,1.0,Aqui no BR só temos a Derrota Régia
1:27:42,5262,leitadordebarbudos,LeitadorDeBarbudos,neutro,1.0,Essa é a Derrota Régia
1:27:42,5262,giovani6jogadoh,giovani6jogadoh,neutro,1.0,completamente mediucre
1:27:48,5268,yorraraujo,yorraraujo,neutro,1.0,isso aí ta parecendo taioba
1:27:52,5272,peix3manso,peix3manso,engraçado,1.0,olha isso kkkkkkkkkkkkkk
1:27:52,5272,amauriagj,Amauriagj,neutro,1.0,me dá uma pastilha (Drácula)
1:27:52,5272,caiopinto120887,caiopinto120887,neutro,1.0,Essas são perdedoras régias
1:27:55,5275,paulinhohetero,PaulinhoHetero,confuso,1.0,Baka é verdade que as pessoas são proibidas de andar peladas ai no Japão ?
1:27:57,5277,izayahn1,izayahn1,neutro,1.0,ja estão encomendados👹
1:28:00,5280,this_is_pedro,This_is_Pedro,engraçado,1.0,KKKKKKKKKKKKKKKKKKK
1:28:01,5281,peix3manso,peix3manso,neutro,1.0,do nada um panda
1:28:04,5284,thrillerzs,thrillerzs,engraçado,1.0,Vdd kkkkk
1:28:04,5284,sutoff_,sutoff_,neutro,1.0,esse panda ta muito lonely
1:28:05,5285,catchau2005,catchau2005,confuso,1.0,mas Panda não era somente da china?
1:28:06,5286,this_is_pedro,This_is_Pedro,engraçado,1.0,Eu lembro pra caralhokkkk
1:28:07,5287,pedro_polegar,pedro_polegar,frustrado,1.0,Puta merda...
1:28:07,5287,mistavo,Mistavo,engraçado,0.5,Era nessa praça q tinha o macaco equilibrista?
1:28:07,5287,leitadordebarbudos,LeitadorDeBarbudos,neutro,1.0,pra voce sentar na pica dele
1:28:08,5288,chdss_,chdss_,neutro,1.0,Cuidado com a anaconda
1:28:11,5291,julianosniperr,julianosniperr,positivo,0.5,Tem um bom motivo
1:28:12,5292,passarobllue,passarobllue,neutro,1.0,Pornografico
1:28:15,5295,dudu_da_maconaria,dudu_da_maconaria,neutro,1.0,pra sentar na
1:28:16,5296,pedepanomttriste,PeDePanoMtTriste,engraçado,1.0,Pq a barriga é mais fofa ne
1:28:18,5298,giorootz,giorootz,engraçado,1.0,pq a barriga do panda é fofinha
1:28:18,5298,lanadka,Lanadka,neutro,1.0,Olokoo
1:28:19,5299,wesleymartinsdv,wesleymartinsDV,confuso,1.0,Baka vai ficar durante 3 meses aí?
1:28:24,5304,tobe_94,tobe_94,neutro,1.0,Vai lá em Odaiba
1:28:25,5305,dlemonster,DlEmonster,engraçado,1.0,"do nada, uma unidade de panda isolada dos outros brinquedos"
1:28:26,5306,reptilianomestre,ReptilianoMestre,neutro,1.0,CALMA LA
1:28:30,5310,this_is_pedro,This_is_Pedro,neutro,1.0,Aquele lá
1:28:32,5312,cyber_silvio_santos,cyber_silvio_santos,neutro,1.0,E faz mal pro animal também
1:28:34,5314,caipirinha_2007,caipirinha_2007,neutro,1.0,baka tou cagando agora...
1:28:35,5315,diego_bonarte,diego_bonarte,neutro,1.0,Leva umas 3 folhas de taioba ai pra fazer cozido
1:28:40,5320,pedro_polegar,pedro_polegar,neutro,1.0,O jubileu é fofo também
1:28:44,5324,lanadka,Lanadka,neutro,1.0,São Pedro ta bravo
1:28:44,5324,peix3manso,peix3manso,positivo,1.0,tempim gostoso
1:28:44,5324,leitadordebarbudos,LeitadorDeBarbudos,confuso,1.0,Baka voce tem amigos ai na China?
1:28:51,5331,xenohfanes,xenohfanes,neutro,1.0,"baka, mada o link do futemax porra"
1:28:55,5335,pedepanomttriste,PeDePanoMtTriste,positivo,1.0,Vamo vamo ja bora
1:28:55,5335,caioba_tnm,caioba_tnm,neutro,1.0,cheguei tarde (sem intenções capitalistas)
1:28:55,5335,dutra_32,dutra_32,engraçado,0.5,BAKA QUAL SUA DST FAVORITA¿?¿?
1:28:58,5338,fairlylo,fairlylo,neutro,1.0,cade
1:28:59,5339,catchau2005,catchau2005,neutro,1.0,pesca o peixe
1:29:00,5340,this_is_pedro,This_is_Pedro,confuso,1.0,Live de pesca??
1:29:06,5346,peix3manso,peix3manso,neutro,1.0,mentirada
1:29:07,5347,lanadka,Lanadka,neutro,1.0,Os pirarucu
1:29:11,5351,lukyarte,Lukyarte,neutro,1.0,faz quest de pescar ai
1:29:11,5351,sutoff_,sutoff_,neutro,1.0,sushi
1:29:12,5352,cyber_silvio_santos,cyber_silvio_santos,neutro,1.0,Espantou eles
1:29:13,5353,julianosniperr,julianosniperr,neutro,1.0,Baka me leva pro japão
1:29:14,5354,amauriagj,Amauriagj,neutro,1.0,ficaram com vergonha
1:29:16,5356,dowtsf,dowtsf,confuso,1.0,cade a vara?
1:29:17,5357,leitadordebarbudos,LeitadorDeBarbudos,confuso,1.0,Como o peixe pula se lhes falta joelhos?
1:29:17,5357,hatsuzika,hatsuzika,neutro,1.0,pra pescar ta uma maravilha
1:29:18,5358,matcos25,matcos25,confuso,1.0,É aí q sai o esgoto?
1:29:18,5358,eike204,eike204,neutro,1.0,sidequest de pesca
1:29:18,5358,gamessbrandao,gamessbrandao,engraçado,1.0,Rio Tietê
1:29:18,5358,josephh_zz,josephh_zz,confuso,1.0,Desde quando Peixe pula?
1:29:20,5360,giorootz,giorootz,neutro,1.0,tem q por moeda pro peixe pular
1:29:20,5360,diego_bonarte,diego_bonarte,neutro,1.0,Pesca e CIA versão nipponica
1:29:20,5360,yorraraujo,yorraraujo,neutro,1.0,deve ter que pagar pra eles se apresentarem
1:29:21,5361,dowtsf,dowtsf,neutro,1.0,mostra a vara aí zé
1:29:22,5362,pedro_polegar,pedro_polegar,engraçado,1.0,Vitoria regia com cabo q porra é ess
1:29:22,5362,jpcurty007_,jpcurty007_,neutro,1.0,baka ta vendo coisa
1:29:23,5363,mrbloodkira,Mrbloodkira,neutro,1.0,mandioca d'agua
1:29:24,5364,mistavo,Mistavo,confuso,1.0,"Baka, é você que está influenciando as decisões no STF hj?"
1:29:24,5364,izayahn1,izayahn1,positivo,0.5,abaixa os grafico de vegetação que da pra ver melhor
1:29:25,5365,peix3manso,peix3manso,neutro,1.0,as bolha
1:29:26,5366,sutoff_,sutoff_,neutro,1.0,imita um peixe ai pra chamar eles
1:29:32,5372,lsnayk,lsnayk,confuso,1.0,E a patroa baka cadê?
1:29:33,5373,palhaco7,palhaco7,engraçado,1.0,É jesus Cristo ali
1:29:34,5374,neekotinakkj,neekotinakkj,positivo,1.0,que silencio gostoso bicho
1:29:38,5378,licht_zayy,licht_zayy,engraçado,1.0,Submarino orgânico
1:29:39,5379,giorootz,giorootz,neutro,1.0,tem q ligar a maquina
1:29:39,5379,parcival_x,Parcival_x,engraçado,1.0,kkkkkkkkkk
1:29:40,5380,giovani6jogadoh,giovani6jogadoh,neutro,1.0,sim
1:29:41,5381,lanadka,Lanadka,neutro,1.0,Eles tao na casa deles pra nao se molhar
1:29:42,5382,izayahn1,izayahn1,neutro,1.0,é muito AURA
1:29:43,5383,pedepanomttriste,PeDePanoMtTriste,neutro,1.0,"Todo animal foge de vc, n sei como o panda ficou"
1:29:43,5383,satesagatha,satesagatha,neutro,1.0,Que espécie é essa
1:29:43,5383,palhaco7,palhaco7,neutro,1.0,Sempre contra as velhas
1:29:51,5391,leitadordebarbudos,LeitadorDeBarbudos,engraçado,1.0,claro voce parece um serial killer
1:30:00,5400,mistavo,Mistavo,neutro,1.0,O Espanta-Velhas
1:30:01,5401,oliveiradriell,oliveiradriell,confuso,1.0,to achando que vai chover viu
1:30:02,5402,ryzootv,RyzOoTV,confuso,1.0,esse energúmeno voltou a morar no japao ou foi vender café melita la?
1:30:06,5406,palhaco7,palhaco7,neutro,1.0,Canta msm
1:30:06,5406,yorraraujo,yorraraujo,neutro,1.0,ixi
1:30:08,5408,this_is_pedro,This_is_Pedro,frustrado,1.0,Disse que a chuva tá aumento umas 3 vezes e ela não aumentou pqp
1:30:08,5408,dudu_da_maconaria,dudu_da_maconaria,neutro,1.0,porra pega esse bakantando
1:30:09,5409,wesleykolomar_br,wesleykolomar_br,neutro,1.0,não tem trovão no resto do mundo
1:30:12,5412,matcos25,matcos25,neutro,1.0,Deve ser o boto cor de rosa caçando casadas
1:30:13,5413,sutoff_,sutoff_,neutro,1.0,pq tem um desenho no meio de uma fita isolante
1:30:15,5415,b4dbl4de,B4DBL4DE,neutro,1.0,sai dai kesha
1:30:15,5415,fairlylo,fairlylo,neutro,1.0,foco
1:30:16,5416,guirin_,Guirin_,neutro,1.0,"folhas de lótus (Nelumbo nucifera) verdes e arredondadas com bordas onduladas, sustentadas por longos pecíolos que emergem da água em um lago calmo sob chuva"
1:30:16,5416,vinizinlm,vinizinlm,positivo,1.0,é a melhor coisa
1:30:16,5416,izayahn1,izayahn1,confuso,1.0,essa é a canção do molestador de velhinhas?
1:30:17,5417,lanadka,Lanadka,neutro,1.0,No foco
1:30:18,5418,hatsuzika,hatsuzika,neutro,1.0,ta dedicado
1:30:20,5420,pedepanomttriste,PeDePanoMtTriste,neutro,1.0,Krlh esse ta focado
1:30:20,5420,maickon,Maickon,confuso,1.0,voltou a morar no JP?
1:30:23,5423,julianosniperr,julianosniperr,neutro,1.0,20:02
1:30:23,5423,izei_,Izei_,neutro,1.0,!clima
1:30:23,5423,palhaco7,palhaco7,neutro,1.0,Já perguntaram 500 vezes se o mano baka voltou a morar no Japão
1:30:23,5423,diego_bonarte,diego_bonarte,neutro,1.0,O próximo Sr. Miagy
1:30:23,5423,nightbot,Nightbot,neutro,1.0,Agora em Tokyo tá 73F (23C)
1:30:25,5425,guirin_,Guirin_,neutro,1.0,são 20:02 aqui no BR
1:30:30,5430,pedepanomttriste,PeDePanoMtTriste,inspirado,1.0,Aprende Baka
1:30:31,5431,ciriloguej0,ciriloguej0,engraçado,1.0,vai ficar todu fudido de gripe
1:30:32,5432,josephh_zz,josephh_zz,neutro,1.0,Só os loucos Sabem
1:30:33,5433,cyber_silvio_santos,cyber_silvio_santos,neutro,1.0,Ele ta é doido de MD
1:30:33,5433,yorraraujo,yorraraujo,neutro,1.0,na chuva é desespero
1:30:33,5433,leitadordebarbudos,LeitadorDeBarbudos,confuso,1.0,Baka voce é preso se botar o pau pra fora na casas bahia do bairro?
1:30:34,5434,dudu_da_maconaria,dudu_da_maconaria,neutro,1.0,@RyzOoTV foi comer o cu de quem ta lendo
1:30:39,5439,this_is_pedro,This_is_Pedro,neutro,1.0,21 da noite aqui já
1:30:40,5440,licht_zayy,licht_zayy,engraçado,1.0,"Oito horas, horário oficial do extrato de jacutinga"
1:30:41,5441,pedro_polegar,pedro_polegar,engraçado,0.5,Conhece a musica da xuxa ta na hora de bota o riru pra fora?
1:30:43,5443,lucas27dark,lucas27dark,neutro,1.0,heuheueheuheue
1:30:43,5443,koitsuab,koitsuab,neutro,1.0,promova um assalto baka
1:30:45,5445,smelllycat_,smelllycat_,engraçado,1.0,LUL
1:30:46,5446,sutoff_,sutoff_,engraçado,1.0,@Guirin_ sou do parana e aqui é meio dia
1:30:47,5447,this_is_pedro,This_is_Pedro,neutro,1.0,Quase meia noite
1:30:47,5447,jpcurty007_,jpcurty007_,neutro,1.0,o cara com um guarda chuva debaixo da tenda
1:30:50,5450,pedepanomttriste,PeDePanoMtTriste,confuso,1.0,Aqui na live?
1:30:51,5451,stallone_caminhoneiro,stallone_caminhoneiro,neutro,1.0,é spawn
1:30:52,5452,peix3manso,peix3manso,neutro,1.0,que ponte charmosa
1:30:52,5452,retcka,retcka,confuso,1.0,Baka com 4 mil pontos da sua live eu consigo comprar um monza 93 ?
1:30:52,5452,dowtsf,dowtsf,neutro,1.0,"DA JIA HAO, XIA SHU, ZIN ZHAE BING XILING, HUANSHIN HUAN, BING XILING"
1:30:57,5457,palhaco7,palhaco7,neutro,1.0,Os caba da apreciando a natureza
1:31:00,5460,vinizinlm,vinizinlm,neutro,1.0,"vai fazer sol essas plantas vao morrer tudinho, amem"
1:31:00,5460,izayahn1,izayahn1,neutro,1.0,oito e onibus
1:31:07,5467,this_is_pedro,This_is_Pedro,neutro,1.0,Amém
1:31:08,5468,guirin_,Guirin_,neutro,1.0,sutoff_ parana não é no Brasil
1:31:09,5469,paulinhohetero,PaulinhoHetero,inspirado,1.0,Baka faz live pelado
1:31:10,5470,pedro_polegar,pedro_polegar,neutro,1.0,Seis e ônibus
1:31:15,5475,lostcaco,LostCaco,neutro,1.0,chuta 1 npc
1:31:17,5477,cyber_silvio_santos,cyber_silvio_santos,confuso,1.0,Missa do galo?
1:31:19,5479,matcos25,matcos25,engraçado,1.0,Esses npc são muito genérico já vi o mesmo várias vezes
1:31:20,5480,lc_felipe,lc_felipe,positivo,1.0,20h em pintopollis
1:31:21,5481,peix3manso,peix3manso,confuso,1.0,lgbt???
1:31:22,5482,jeffstaz,jeffstaz,confuso,1.0,Ai já é domingo?
1:31:23,5483,fairlylo,fairlylo,neutro,1.0,resenha
1:31:27,5487,cyber_silvio_santos,cyber_silvio_santos,neutro,1.0,bandeira da frança
1:31:30,5490,yorraraujo,yorraraujo,neutro,1.0,deve ser uma feira de comidas brasileiras
1:31:32,5492,neeovox,neeovox,neutro,1.0,Missa do corvo
1:31:33,5493,tobe_94,tobe_94,confuso,1.0,Naruto?
1:31:33,5493,xinofps,xinofps,confuso,1.0,@BakaGaijinLive vc ja foi prai sabendo falar a lingua local?
1:31:34,5494,xenohfanes,xenohfanes,confuso,1.0,"baka, sabia que ontem foi dia do cavalo?"
1:31:34,5494,tufaaooo,tufaaooo,neutro,1.0,quermesse
1:31:35,5495,dudu_da_maconaria,dudu_da_maconaria,confuso,1.0,"baka, voltar para o japao é um tema sensivel para você?"
1:31:35,5495,diego_bonarte,diego_bonarte,confuso,1.0,Onanismaço?
1:31:36,5496,senhorley,senhorley,neutro,1.0,Deve de ser
1:31:37,5497,pedepanomttriste,PeDePanoMtTriste,neutro,1.0,Vai entrando assim vai acabar envolvido com seita
1:31:37,5497,this_is_pedro,This_is_Pedro,neutro,1.0,Evento valendo skin limitada
1:31:39,5499,erickhsn,erickhsn,neutro,1.0,buff em dobro
1:31:40,5500,sutoff_,sutoff_,engraçado,1.0,@Guirin_ make oceania great
1:31:42,5502,palhaco7,palhaco7,neutro,1.0,Evento no servidor ctz
1:31:42,5502,b4dbl4de,B4DBL4DE,neutro,1.0,para de furar fila
1:31:42,5502,lukyarte,Lukyarte,neutro,1.0,cepa
1:31:43,5503,lostcaco,LostCaco,neutro,1.0,fura a fila
1:31:43,5503,ciriloguej0,ciriloguej0,neutro,1.0,Baka indo pro culto orar
1:31:45,5505,giorootz,giorootz,neutro,1.0,8 da manhã e ja tem fila
1:31:47,5507,leitadordebarbudos,LeitadorDeBarbudos,confuso,1.0,Baka voce acha muito dificil um ocidental ter uma relação com uma japonesa legitima?
1:31:48,5508,tiagobp13,tiagobp13,confuso,1.0,É aqui a Live do punhetaço ?
1:31:52,5512,andreluisxiii,andreluisxiii,frustrado,0.5,n tankou o bostil e voltou pro japao?
1:31:53,5513,guirin_,Guirin_,engraçado,1.0,sutoff_ entre outras coisas kkkk
1:31:58,5518,renatorgal,Renatorgal,confuso,1.0,n tem que pagar?
1:31:59,5519,peluciacensurada,PeluciaCensurada,neutro,1.0,tô aqui no bk esperando meu lanche
1:31:59,5519,ryzootv,RyzOoTV,neutro,1.0,"deve ser spawn de mob, tem uma dungeon por perto"
1:32:02,5522,mochifelas,mochifelas,positivo,0.5,"Estamos em setembro, senhor Bakagaijin, não terá mais punhtaço? NotLikeThis"
1:32:02,5522,dlemonster,DlEmonster,neutro,1.0,spawn de npc
1:32:03,5523,izayahn1,izayahn1,neutro,1.0,area verde
1:32:03,5523,ka1zh,ka1zh,neutro,1.0,@tiagobp13 apenas 00:00
1:32:04,5524,vinizinlm,vinizinlm,neutro,1.0,vacina contra a micropenisagem
1:32:06,5526,sutoff_,sutoff_,engraçado,1.0,@Guirin_ parana ta só nos tempos gorgeous kk
1:32:08,5528,this_is_pedro,This_is_Pedro,neutro,1.0,Entrou pro meta
1:32:10,5530,peix3manso,peix3manso,neutro,1.0,double xp tbm
1:32:12,5532,this_is_pedro,This_is_Pedro,neutro,1.0,Pessoal foi atrás
1:32:14,5534,palhaco7,palhaco7,neutro,1.0,8 da manhã de uma quarta feira
1:32:16,5536,peix3manso,peix3manso,neutro,1.0,own
1:32:16,5536,hatsuzika,hatsuzika,neutro,1.0,evento sazonal
1:32:18,5538,diego_bonarte,diego_bonarte,neutro,1.0,Esse jogo tem uns gráficos bem reais
1:32:20,5540,pedepanomttriste,PeDePanoMtTriste,neutro,1.0,Ou é respawn ai
1:32:20,5540,palhaco7,palhaco7,neutro,1.0,Late pra ele auauau
1:32:22,5542,izayahn1,izayahn1,neutro,1.0,the dog in the ground
1:32:24,5544,f3n1xv,f3n1xv,neutro,1.0,Fala Baka
1:32:25,5545,cyber_silvio_santos,cyber_silvio_santos,neutro,1.0,ti malia
1:32:25,5545,dudu_da_maconaria,dudu_da_maconaria,confuso,1.0,"o que vale mais, ter dois penis ou um penis e meio?"
1:32:31,5551,chicobotico1,chicobotico1,neutro,1.0,Galera tá indo pra pegar o elemento sagrado
1:32:36,5556,kayn_noob,kayn_noob,confuso,1.0,Quando ja for quase 5 da manha elas dão tiro com bubum ai também ?
1:32:36,5556,b4dbl4de,B4DBL4DE,neutro,1.0,npc convention
1:32:42,5562,pedro_polegar,pedro_polegar,confuso,1.0,É ai que tem o cachorro da raça é mole?
1:32:43,5563,senhorley,senhorley,neutro,1.0,Segue aquele japonês ali
1:32:43,5563,filipeuem,filipeuem,confuso,1.0,baka tem 2m e quanto?
1:32:46,5566,masamunej,masamunej,neutro,1.0,Au au e kakak
1:32:47,5567,peix3manso,peix3manso,engraçado,1.0,kkkkkkkkkkkkkkkkkkk
1:32:49,5569,lostcaco,LostCaco,neutro,1.0,apanhou da muié no br e fugiu pro jp
1:32:50,5570,caioba_tnm,caioba_tnm,confuso,1.0,é evento q ta tendo?
1:32:54,5574,ryzootv,RyzOoTV,frustrado,0.5,é true que ele nao tankou o bostil e foi pro japanese?
1:32:55,5575,pedepanomttriste,PeDePanoMtTriste,confuso,1.0,Esse é o GTA 6? Achei fraco
1:32:55,5575,this_is_pedro,This_is_Pedro,neutro,1.0,Igual no minecraft
1:32:56,5576,paulinhohetero,PaulinhoHetero,neutro,1.0,Eu estou vendo a sua live deitado no sofa completamente nú
1:32:57,5577,xxedutoddyxx,xxedutoddyxx,neutro,1.0,Tenta minerar pra nós aí
1:32:59,5579,f3n1xv,f3n1xv,neutro,1.0,O céu tá desabando encima do RJ
1:33:00,5580,sutoff_,sutoff_,neutro,1.0,é só tirar do loop cara
1:33:00,5580,peix3manso,peix3manso,neutro,1.0,ala
1:33:02,5582,this_is_pedro,This_is_Pedro,positivo,1.0,Que lindo
1:33:03,5583,b4dbl4de,B4DBL4DE,engraçado,1.0,Pega um caminhao para dirigir
1:33:05,5585,peix3manso,peix3manso,confuso,1.0,zoom?
1:33:07,5587,giorootz,giorootz,neutro,1.0,a pisada faz fronc
1:33:07,5587,fairlylo,fairlylo,neutro,1.0,lotus
1:33:07,5587,r_lira28,r_lira28,confuso,1.0,Flor preta??
1:33:08,5588,izayahn1,izayahn1,neutro,1.0,qual nome desse planeta
1:33:12,5592,palhaco7,palhaco7,neutro,1.0,Só vejo verde
1:33:12,5592,highwaytood,highwaytood,neutro,1.0,onde é isso
1:33:12,5592,jeffstaz,jeffstaz,neutro,1.0,Coloca em 3ª ai
1:33:12,5592,re4per_r_,re4per_r_,neutro,1.0,Pior q pela angulação ainda sim cada passo é revelado um som unico
1:33:13,5593,masamunej,masamunej,neutro,1.0,Love flor
1:33:15,5595,this_is_pedro,This_is_Pedro,neutro,1.0,Da zoom pra ver
1:33:18,5598,juninomiliorintheworld,juninomiliorintheworld,confuso,1.0,Será se existe flor preta ai?
1:33:18,5598,diego_bonarte,diego_bonarte,confuso,1.0,Entrou no Japão com coiote?
1:33:19,5599,sadpitou,sadpitou,neutro,1.0,num sabia q o baca tinha vortado po japas elfive1Panic
1:33:19,5599,leitadordebarbudos,LeitadorDeBarbudos,confuso,1.0,Ja considerou dar uma leitada nesses matos aí?
1:33:21,5601,gabrieloliiv,GabrielOliiv,confuso,1.0,Você já foi no lugar tem cheuro de sêmen?
1:33:22,5602,pedepanomttriste,PeDePanoMtTriste,neutro,1.0,Para de bater
1:33:22,5602,guirin_,Guirin_,confuso,1.0,sutoff_ o punhetaço acontece mais tarde ai então? vc ve todo mundo punhetando e tem que esperar?
1:33:24,5604,cyber_silvio_santos,cyber_silvio_santos,neutro,1.0,"Daora essa ferrugem do lado na natureza, conceito"
1:33:25,5605,glhrmpisanacaradodiabo,glhrmpisanacaradodiabo,neutro,1.0,tu tá é em bh seu fuleiro
1:33:25,5605,baguinska,baguinska,neutro,1.0,Dá um soco na arvore para construir a base
1:33:26,5606,positivox91,positivox91,neutro,1.0,vvolto pro japao
1:33:26,5606,senhorley,senhorley,neutro,1.0,Folha gigante
1:33:27,5607,mariposa_alada,Mariposa_Alada,neutro,1.0,A flor Sou eu no meio de vocês plebeus folhas
1:33:29,5609,matcos25,matcos25,neutro,1.0,N entendo pq n tem flor negra aí no Japão
1:33:30,5610,angelz_s,angelz_s,neutro,1.0,@highwaytood codó maranhão
1:33:30,5610,this_is_pedro,This_is_Pedro,confuso,1.0,Pirarucu?
1:33:30,5610,bandidadaisa,bandidadaisa,neutro,1.0,Vou ter pesadelo com essa musica
1:33:30,5610,josephh_zz,josephh_zz,neutro,1.0,Hiperfoco em bater na cara
1:33:33,5613,erickhsn,erickhsn,neutro,1.0,ta respirando
1:33:34,5614,dudu_da_maconaria,dudu_da_maconaria,neutro,1.0,comprar um doce
1:33:34,5614,peix3manso,peix3manso,confuso,1.0,tilapia?
1:33:35,5615,yorraraujo,yorraraujo,neutro,1.0,é um tambaqui
1:33:36,5616,palhaco7,palhaco7,neutro,1.0,Abaixa a render distense ai meu Pc não tá tankando
1:33:36,5616,kamiitzy,KamiiTzy,neutro,1.0,pexe
1:33:36,5616,nallp_,Nallp_,neutro,1.0,é um braga
1:33:38,5618,renatorgal,Renatorgal,engraçado,1.0,faz um frito aí
1:33:39,5619,izei_,Izei_,neutro,1.0,yui alberto
1:33:40,5620,brucecorp,brucecorp,neutro,1.0,pirarucu
1:33:40,5620,dvco,dvco,neutro,1.0,é um peixe
1:33:40,5620,hatsuzika,hatsuzika,neutro,1.0,pirarucu
1:33:41,5621,woshingtos,Woshingtos,neutro,1.0,que belo exemplar
1:33:41,5621,ryzootv,RyzOoTV,confuso,1.0,tem flor preta ai?
1:33:41,5621,palhaco7,palhaco7,engraçado,1.0,É o Yuri Alberto
1:33:42,5622,josephh_zz,josephh_zz,neutro,1.0,Peixonauta
1:33:42,5622,ka1zh,ka1zh,neutro,1.0,bagre
1:33:43,5623,carlosdbg,Carlosdbg,neutro,1.0,É um bagre mesmo
1:33:43,5623,caioba_tnm,caioba_tnm,neutro,1.0,maluco foi pra São Paulo e já sentiu das poucas reservas verdes do Japas
1:33:43,5623,lanadka,Lanadka,frustrado,1.0,Piraputanga
1:33:43,5623,peix3manso,peix3manso,neutro,1.0,tem bigode
1:33:44,5624,filipeuem,filipeuem,neutro,1.0,sushi
1:33:44,5624,julianosniperr,julianosniperr,neutro,1.0,Piraruku
1:33:44,5624,licht_zayy,licht_zayy,neutro,1.0,Piracu
1:33:45,5625,sutoff_,sutoff_,engraçado,1.0,@Guirin_ eu bato com antecedencia
1:33:45,5625,pedepanomttriste,PeDePanoMtTriste,neutro,1.0,Vai derrubar a parada ai na agua
1:33:47,5627,matcos25,matcos25,neutro,1.0,Magikarp
1:33:47,5627,modernalce_,modernalce_,neutro,1.0,Fizz
1:33:47,5627,pedro_polegar,pedro_polegar,neutro,1.0,Peixe PACÚ
1:33:48,5628,kevjn__,kevjn__,positivo,1.0,te amo baka maldito
1:33:49,5629,this_is_pedro,This_is_Pedro,neutro,1.0,Bebendo água da chuva
1:33:49,5629,palhaco7,palhaco7,neutro,1.0,É o Raphinha
1:33:49,5629,dudu_da_maconaria,dudu_da_maconaria,neutro,1.0,imita esse peixe
1:33:50,5630,vinizinlm,vinizinlm,neutro,1.0,atiça nao
1:33:51,5631,znatron,zNatron,engraçado,1.0,kkkkkkk
1:33:51,5631,xablau_xyz,xablau_xyz,confuso,1.0,ó a boquinha
1:33:51,5631,lanadka,Lanadka,neutro,1.0,Nemo
1:33:52,5632,sadpitou,sadpitou,positivo,1.0,pedino pika
1:33:52,5632,izei_,Izei_,engraçado,1.0,eh o yuri alberto
1:33:52,5632,amauriagj,Amauriagj,confuso,1.0,boquetão?
1:33:52,5632,this_is_pedro,This_is_Pedro,neutro,1.0,Tá com sede
1:33:53,5633,hoatsu,Hoatsu,neutro,1.0,o peixe tá tomando agua
1:33:53,5633,simplygodd,simplyGodd,neutro,1.0,glub glub
1:33:54,5634,r_lira28,r_lira28,neutro,1.0,é o peixe Bolagato
1:33:55,5635,palhaco7,palhaco7,neutro,1.0,É o Casemiro
1:33:56,5636,daikii_zzz,daikii_zzz,engraçado,1.0,Kkkkkkkkk
1:33:57,5637,snowsnowsnowx10,snowsnowsnowx10,neutro,1.0,boca gulosa
1:33:57,5637,pedepanomttriste,PeDePanoMtTriste,neutro,1.0,Daqui a 2 dia ta os peixe gravano tiktok
1:33:59,5639,florisbald,Florisbald,neutro,1.0,sashimi
1:33:59,5639,hatsuzika,hatsuzika,neutro,1.0,ta bebendo agua
1:34:00,5640,ryuzaki_beherit,ryuzaki_beherit,engraçado,1.0,kkkkkkkkkkkkkkkkkkkkkkkkkkk
1:34:01,5641,pr35unto,Pr35unto,neutro,1.0,Olha a boca de xupetero desse peixe
1:34:03,5643,jeffstaz,jeffstaz,engraçado,1.0,"Peixe em eterno sofrimento tentando sair da agua para respirar, mas condenado eternamente a ficar"
1:34:03,5643,hyutarou,Hyutarou,neutro,1.0,bebe agua
1:34:03,5643,pedro_polegar,pedro_polegar,neutro,1.0,Isso ai é um PACÚ sou biólogo
1:34:04,5644,re4per_r_,re4per_r_,engraçado,1.0,Ele só queria um pão
1:34:05,5645,duil9,duil9,neutro,1.0,É um pintado
1:34:06,5646,dudu_da_maconaria,dudu_da_maconaria,neutro,1.0,bota na boca dele
1:34:06,5646,cyber_silvio_santos,cyber_silvio_santos,neutro,1.0,eles tão falando algo
1:34:06,5646,ryzootv,RyzOoTV,neutro,1.0,peixe tilapia visto no japao
1:34:07,5647,guirin_,Guirin_,positivo,1.0,bota o pikachu ai na boca dele
1:34:08,5648,palhaco7,palhaco7,neutro,1.0,Ele tá pedindo beijo
1:34:08,5648,highwaytood,highwaytood,engraçado,1.0,"""imita esse peixe"" KKKKKKKKKKK"
1:34:08,5648,gamessbrandao,gamessbrandao,neutro,1.0,Bicho tá morrendo de fome
1:34:10,5650,danadobdl,danadobdl,neutro,1.0,@sadpitou Doente
1:34:10,5650,lee_cego1,lee_cego1,neutro,1.0,peixe glub glub
1:34:12,5652,eunaasaa,eunaasaa,neutro,1.0,peixe bebe agua
1:34:15,5655,yorraraujo,yorraraujo,neutro,1.0,ele bebe ar
1:34:16,5656,amauriagj,Amauriagj,neutro,1.0,é o garganta profunda
1:34:17,5657,pedepanomttriste,PeDePanoMtTriste,neutro,1.0,Ele bebe agua ne porra
1:34:18,5658,stallone_caminhoneiro,stallone_caminhoneiro,neutro,1.0,tá se afogando ajuda
1:34:18,5658,lombradoiv,LombradoIV,neutro,1.0,ai se chapou
1:34:19,5659,dlemonster,DlEmonster,neutro,1.0,tem que gemer em portugues pra ninguem entender
1:34:19,5659,emiene_,emiene_,confuso,1.0,os peixes são como os jet-skis?
1:34:20,5660,licht_zayy,licht_zayy,neutro,1.0,Segundo os biólogos esse comportamento indica que ele quer pinga
1:34:20,5660,b4dbl4de,B4DBL4DE,neutro,1.0,get out
1:34:22,5662,andreluisxiii,andreluisxiii,neutro,1.0,ta pedindo comida pra vc kra
1:34:22,5662,parcelamento_a_vista,parcelamento_a_vista,neutro,1.0,ta bebendo ar e respirando agua
1:34:22,5662,julianosniperr,julianosniperr,confuso,1.0,Peixe mija?
1:34:23,5663,diego_bonarte,diego_bonarte,neutro,1.0,Alguns bebem coca cola
1:34:23,5663,lostcaco,LostCaco,neutro,1.0,esse é aquele peixe q entra no pênis
1:34:23,5663,florisbald,Florisbald,engraçado,1.0,eles bebe o proprio mijo
1:34:24,5664,arki_core1,arki_core1,neutro,1.0,SabaPing
1:34:24,5664,pedrocas2001,pedrocas2001,confuso,1.0,então a gente bebe ar?
1:34:26,5666,giovani6jogadoh,giovani6jogadoh,neutro,1.0,ele é muito hidratado
1:34:27,5667,sadpitou,sadpitou,neutro,1.0,@danadobdl  elfive1Panic elfive1Panic
1:34:27,5667,this_is_pedro,This_is_Pedro,neutro,1.0,Kk
1:34:28,5668,amauriagj,Amauriagj,engraçado,1.0,kkkkkkkkkkkkk
1:34:28,5668,izei_,Izei_,engraçado,1.0,KKKKKKKKKKKKKKKKKKKKKKKK
1:34:28,5668,eunaasaa,eunaasaa,confuso,1.0,peixe de agua salgada bebe muito mais agua do que de agua doce
1:34:30,5670,masamunej,masamunej,neutro,1.0,Doentes esses caras daqui dd  kaka
1:34:31,5671,tobias_virgilio,tobias_virgilio,neutro,1.0,WutFace
1:34:31,5671,saintme0_0,saintme0_0,neutro,1.0,bizarro
1:34:33,5673,ryzootv,RyzOoTV,neutro,1.0,ih ala usando oculos de virjola
1:34:34,5674,cyber_silvio_santos,cyber_silvio_santos,engraçado,1.0,kkkkk
1:34:35,5675,peix3manso,peix3manso,neutro,1.0,F
1:34:37,5677,johnnyraziel666,johnnyraziel666,confuso,0.667,salve Hannibal blz ?? vai ficar definitivo no japão mesmo ??
1:34:38,5678,mochifelas,mochifelas,confuso,1.0,Tá sem oxigênio
1:34:40,5680,peix3manso,peix3manso,neutro,1.0,mija
1:34:41,5681,vinizinlm,vinizinlm,neutro,1.0,sim
1:34:41,5681,pedro_polegar,pedro_polegar,neutro,1.0,Mirou no peixe acertou no bola gato
1:34:43,5683,eunaasaa,eunaasaa,neutro,1.0,peixe mija muito
1:34:43,5683,shizume_u,Shizume_u,neutro,1.0,look whos alive
1:34:44,5684,ordepenn,ordepenn,neutro,1.0,peixe mija sim viu
1:34:45,5685,bhcbmds_0,bhcbmds_0,neutro,1.0,Magikarp
1:34:46,5686,peix3manso,peix3manso,neutro,1.0,nao
1:34:46,5686,brucutuu,BrucuTUU,neutro,1.0,pele de miapica
1:34:48,5688,pedepanomttriste,PeDePanoMtTriste,neutro,1.0,Sai do fake glub glub
1:34:53,5693,filipeuem,filipeuem,neutro,1.0,buft
1:34:54,5694,this_is_pedro,This_is_Pedro,neutro,1.0,Rouba barquinho e faz um passeio romântico com a gente
1:34:55,5695,oliveiradriell,oliveiradriell,neutro,1.0,pprt
1:34:57,5697,diego_bonarte,diego_bonarte,neutro,1.0,Baleia ej4cul 4 pesadão
1:34:58,5698,yorraraujo,yorraraujo,neutro,1.0,igual um bebedouro
1:34:58,5698,leitadordebarbudos,LeitadorDeBarbudos,confuso,1.0,onde o peixe da agua salgada bebe agua?
1:35:00,5700,highwaytood,highwaytood,neutro,1.0,então faz tanto tempo já
1:35:00,5700,eunaasaa,eunaasaa,neutro,1.0,peixe mija de 1 em 1 segundo
1:35:01,5701,erickhsn,erickhsn,neutro,1.0,"sim, um país amenos pra decorar"
1:35:01,5701,lanadka,Lanadka,engraçado,1.0,Kkkkkk
1:35:06,5706,pedepanomttriste,PeDePanoMtTriste,confuso,1.0,E o Mato Grosso do Norte?
1:35:07,5707,danizitogm,DanizitoGM,neutro,1.0,devia separar mais em leste e oeste
1:35:08,5708,smelllycat_,smelllycat_,confuso,1.0,Você já foi na Coreia?
1:35:08,5708,pedro_polegar,pedro_polegar,neutro,1.0,Verdade tinha q ser tudo norte kim jon un pra todos
1:35:08,5708,peix3manso,peix3manso,neutro,1.0,pombo na chuva
1:35:08,5708,renatorgal,Renatorgal,confuso,1.0,tbm acho que o acre tinha que ser unificado
1:35:09,5709,josephh_zz,josephh_zz,neutro,1.0,Uma pomba
1:35:11,5711,guirin_,Guirin_,neutro,1.0,da uma agachada no tronco ai
1:35:12,5712,oliveiradriell,oliveiradriell,neutro,1.0,2 país é paia
1:35:13,5713,cyber_silvio_santos,cyber_silvio_santos,neutro,1.0,Imagina vc come um peixe e tem mijo pq ele segurou
1:35:13,5713,sutoff_,sutoff_,confuso,1.0,"sera que o peixe fica com vontade de mijar quando eles bebem o ar, já que a gente fica com vontade de mijar quando bebe agua"
1:35:14,5714,lukyarte,Lukyarte,confuso,1.0,ta sem pokebola pra capturar?
1:35:14,5714,wcpodcast,wcpodcast,confuso,1.0,onde o baka ta?
1:35:15,5715,zkamykazez,zKAMYKAZEz,engraçado,1.0,Pombo frito
1:35:17,5717,woshingtos,Woshingtos,engraçado,1.0,ola richarlison
1:35:19,5719,palhaco7,palhaco7,neutro,1.0,Rola toda molhada
1:35:21,5721,bhcbmds_0,bhcbmds_0,neutro,1.0,Pega esse pombo
1:35:21,5721,filipeuem,filipeuem,neutro,1.0,"esse pombo nao esconde, tu ta em sp"
1:35:22,5722,duckn_00,duckn_00,neutro,1.0,esse ai te seguiu do Brasil
1:35:22,5722,yorraraujo,yorraraujo,neutro,1.0,até o pombo fugindo
1:35:23,5723,johnnyraziel666,johnnyraziel666,confuso,1.0,Hannibal blz ?? vai ficar definitivo no Japão mesmo ??
1:35:23,5723,digowsky,Digowsky,neutro,1.0,se se as coreias se unissem ia ser derrota pra do norte
1:35:23,5723,amauriagj,Amauriagj,neutro,1.0,vdd
1:35:26,5726,jpcurty007_,jpcurty007_,positivo,1.0,já encontramos a janta
1:35:27,5727,passarobllue,passarobllue,neutro,1.0,Baka vai mijar
1:35:27,5727,peix3manso,peix3manso,engraçado,1.0,@cyber_silvio_santos kkkkkkkkkkkkkkkkkkkkkkkkkkkkkkk
1:35:29,5729,hoatsu,Hoatsu,neutro,1.0,unifica as duas coreias e ai funda a coreia do oeste e a do leste
1:35:30,5730,pedepanomttriste,PeDePanoMtTriste,neutro,1.0,Chuva do carai
1:35:31,5731,vinizinlm,vinizinlm,neutro,1.0,"dependendo de qual agua o peixe esta, mija mais"
1:35:32,5732,giovani6jogadoh,giovani6jogadoh,neutro,1.0,''eu conheco esse cachorro''
1:35:32,5732,paulinhohetero,PaulinhoHetero,confuso,0.667,O que voce faria se fosse hétero por um dia ?
1:35:34,5734,wkaen,wkaen,confuso,1.0,"Ue, Baka respawnou no JP?"
1:35:35,5735,amauriagj,Amauriagj,neutro,1.0,concordo
1:35:37,5737,danizitogm,DanizitoGM,engraçado,1.0,kkkkkkkk
1:35:38,5738,tobias_virgilio,tobias_virgilio,neutro,1.0,lá ele
1:35:39,5739,sutoff_,sutoff_,neutro,1.0,ele tem a disciplina
1:35:40,5740,lixx_lixxu,lixx_lixxu,neutro,1.0,da tudo pro monark
1:35:41,5741,oliveiradriell,oliveiradriell,neutro,1.0,e ele tem o molho
1:35:41,5741,this_is_pedro,This_is_Pedro,neutro,1.0,Além de falar do Sul e do Norte toda hora pra diferenciar os países
1:35:42,5742,josephh_zz,josephh_zz,neutro,1.0,Tem que voltar a Pangeia logo
1:35:44,5744,this_is_pedro,This_is_Pedro,neutro,1.0,Mó paia
1:35:44,5744,pakafps,pakafps,neutro,1.0,um pombo japones
1:35:47,5747,luhan3,luhan3,confuso,1.0,foi deportado do brasil?
1:35:49,5749,guirin_,Guirin_,neutro,1.0,wkaen TP
1:35:50,5750,amauriagj,Amauriagj,neutro,1.0,o gordin tem o moio
1:35:52,5752,bhcbmds_0,bhcbmds_0,neutro,1.0,"KAKAKAKAKRLH, PIOR QUE LEMBRA O HANNIBAL MSM KAKSKSKSKS"
1:35:53,5753,danizitogm,DanizitoGM,neutro,1.0,bota esses kpop pra catar carvão
1:35:54,5754,lanko_1,Lanko_1,neutro,1.0,Platense metendo 2x0 no fluzão bragas
1:35:55,5755,florisbald,Florisbald,engraçado,1.0,kkkkkkkkkkk
1:35:56,5756,eunaasaa,eunaasaa,engraçado,1.0,kkkkkkkk
1:35:59,5759,this_is_pedro,This_is_Pedro,neutro,1.0,Kk
1:36:02,5762,oliveiradriell,oliveiradriell,neutro,1.0,coreia do nordeste
1:36:02,5762,renatorgal,Renatorgal,engraçado,0.5,como unifica o rio grande do sul e do norte se tem o pais inteiro no meio?
1:36:03,5763,dowtsf,dowtsf,neutro,1.0,coreia do sexo e coreia da masturbation
1:36:06,5766,toshierick,ToshiErick,neutro,1.0,acordaaaaa
1:36:06,5766,matcos25,matcos25,confuso,1.0,Esse servidor aí trava muito?
1:36:06,5766,guirin_,Guirin_,confuso,1.0,que isso cara?
1:36:07,5767,rob_rar,rob_rar,neutro,1.0,😂😂😂
1:36:07,5767,pedro_polegar,pedro_polegar,neutro,1.0,Tinha q ser o Kim jon un e o Kim jon dois
1:36:08,5768,emiene_,emiene_,positivo,1.0,não toleramos rage contra o monark nesse chat
1:36:08,5768,dan_bsk24,dan_bsk24,engraçado,1.0,pprt kkkkkk
1:36:08,5768,diego_bonarte,diego_bonarte,neutro,1.0,Monark imperador do mundo
1:36:09,5769,saladabit,saladaBit,neutro,1.0,nao ta lagando seu pc indo nessas chunks novas baka
1:36:10,5770,cyber_silvio_santos,cyber_silvio_santos,neutro,1.0,Monark presidente 2065
1:36:11,5771,sutoff_,sutoff_,engraçado,1.0,Coreias unidas da america do sul
1:36:12,5772,dudjinn,DuDjinn,neutro,1.0,ACCOOOOORDDAAAA CARA
1:36:12,5772,eunaasaa,eunaasaa,neutro,1.0,apoio
1:36:12,5772,johnnyraziel666,johnnyraziel666,confuso,0.667,salve Hannibal blz ? vai ficar definitivo no Japão mesmo ?? vai ficar no bostil ??
1:36:13,5773,toshierick,ToshiErick,neutro,1.0,acordaaaa
1:36:14,5774,brucecorp,brucecorp,neutro,1.0,faz um muro separando
1:36:16,5776,hoatsu,Hoatsu,neutro,1.0,vira tudo uma monarquia
1:36:17,5777,tufaaooo,tufaaooo,neutro,1.0,"japonês ali na caminhada na chuva logo cedo, esse ta no foco"
1:36:17,5777,e006cr,e006cr,confuso,1.0,Na Coreia do Sul eles tem sotaque gaúcho tbm?
1:36:17,5777,giovani6jogadoh,giovani6jogadoh,neutro,1.0,"acorda cara, acorda"
1:36:21,5781,pedepanomttriste,PeDePanoMtTriste,neutro,1.0,Agora voce falou a realidade
1:36:22,5782,yuriairesb,YuriAiresB,neutro,1.0,Caneta Azul vem aí pra Unificar as Coreias
1:36:24,5784,caioba_tnm,caioba_tnm,engraçado,0.5,"baka, vc marcará presença na Neo Quimica Arena amanhã? (jogo do corinthians na liberta)"
1:36:28,5788,lanadka,Lanadka,confuso,1.0,Eu sou mais louco que todos vcs
1:36:30,5790,passarobllue,passarobllue,neutro,1.0,Vaii mija baka
1:36:31,5791,pedro_polegar,pedro_polegar,neutro,1.0,ACORDA CARA
1:36:32,5792,josephh_zz,josephh_zz,neutro,1.0,Foi ultrapassado
1:36:32,5792,hyutarou,Hyutarou,confuso,1.0,é ai que rola os doramas?
1:36:34,5794,dowtsf,dowtsf,neutro,1.0,sobe no dick aí
1:36:37,5797,jeffstaz,jeffstaz,neutro,1.0,"Ele não vai querer pq foi ""eles"" que deram"
1:36:40,5800,highwaytood,highwaytood,neutro,1.0,o japonês andou até mais rápido
1:36:41,5801,florisbald,Florisbald,confuso,1.0,sera que os japoneses conhecem o monark
1:36:43,5803,sutoff_,sutoff_,neutro,1.0,da tudo pro caneta azul e fds
1:36:44,5804,dlemonster,DlEmonster,engraçado,0.5,com o monark seria uma monarkia?
1:36:45,5805,matcos25,matcos25,neutro,1.0,Ia vai virar uma monarquia skkssksk
1:36:47,5807,sutoff_,sutoff_,neutro,1.0,caneta azul
1:36:48,5808,f3n1xv,f3n1xv,neutro,1.0,"Baka, tô com medo de perder o teto da minha casa, o céu tá desabando no RJ de tanta chuva"
1:36:48,5808,pedepanomttriste,PeDePanoMtTriste,neutro,1.0,Agora você desvendou a charada
1:36:49,5809,raianenemys,RaianEnemys,neutro,1.0,Monark tem o mesmo qi do luva de pedreiro
1:36:49,5809,coxinhaa04,coxinhaa04,positivo,1.0,"Boa noite, cheguei  a tempo... CaitThinking Cheer5"
1:36:49,5809,giovani6jogadoh,giovani6jogadoh,neutro,1.0,já começou
1:36:49,5809,diego_bonarte,diego_bonarte,neutro,1.0,Aquele ali parecia o Isamu Minami
1:36:49,5809,toshierick,ToshiErick,confuso,1.0,"@jeffstaz krl, eles?"
1:36:51,5811,leitadordebarbudos,LeitadorDeBarbudos,engraçado,0.5,Baka voce acha que o Vasco passa do Santa Fé hoje na sulamericana?
1:36:52,5812,hatsuzika,hatsuzika,neutro,1.0,padeiros
1:36:54,5814,this_is_pedro,This_is_Pedro,neutro,1.0,Vietnam conseguiu se unificar
1:36:57,5817,passarobllue,passarobllue,neutro,1.0,Eu aml
1:36:58,5818,peix3manso,peix3manso,positivo,1.0,bom bom
1:37:01,5821,lanadka,Lanadka,neutro,1.0,A menina da bota
1:37:01,5821,guirin_,Guirin_,neutro,1.0,pela lenda coréia devia ser japão
1:37:01,5821,pedepanomttriste,PeDePanoMtTriste,neutro,1.0,Pra mim tinha é q separar os japoes
1:37:02,5822,oliveiradriell,oliveiradriell,neutro,1.0,tem que tirar o ja
1:37:02,5822,passarobllue,passarobllue,positivo,1.0,Amo chuvinha
1:37:02,5822,lzink0612,lzink0612,engraçado,1.0,rio tiete ai
1:37:04,5824,pedro_polegar,pedro_polegar,neutro,1.0,Japao é responsa sua
1:37:04,5824,sutoff_,sutoff_,neutro,1.0,voce prefere dar o brasil pro caneta azul ou pro monark
1:37:05,5825,this_is_pedro,This_is_Pedro,positivo,1.0,Chuvinha é mó gostosinha
1:37:08,5828,palhaco7,palhaco7,neutro,1.0,É um climinha safado
1:37:08,5828,florisbald,Florisbald,positivo,1.0,é bom pra fazer sexo
1:37:09,5829,yokayh,yoKayh,neutro,1.0,opa
1:37:09,5829,yorraraujo,yorraraujo,neutro,1.0,urubu
1:37:09,5829,eunaasaa,eunaasaa,neutro,1.0,é marreco
1:37:10,5830,b4dbl4de,B4DBL4DE,confuso,1.0,umachuvinha?
1:37:10,5830,duil9,duil9,neutro,1.0,Urubu
1:37:10,5830,renatorgal,Renatorgal,neutro,1.0,já q te agrada faz 4 horas de live ]
1:37:10,5830,zlanz013,zlanz013,neutro,1.0,marreco
1:37:12,5832,peix3manso,peix3manso,neutro,1.0,olc vai sair onde
1:37:14,5834,peluciacensurada,PeluciaCensurada,neutro,1.0,Japão foi unificado às custas de muito sushi
1:37:14,5834,peix3manso,peix3manso,neutro,1.0,ala
1:37:19,5839,duil9,duil9,neutro,1.0,Urubu d agua doce
1:37:19,5839,yokayh,yoKayh,positivo,1.0,chuvinha gostosa
1:37:21,5841,this_is_pedro,This_is_Pedro,neutro,1.0,Tá indo atrás de você
1:37:21,5841,peix3manso,peix3manso,neutro,1.0,ah que bonitinho
1:37:21,5841,passarobllue,passarobllue,neutro,1.0,Ja ia dizer
1:37:22,5842,oliv_yashi,oliv_yashi,neutro,1.0,Vai gracinha
1:37:22,5842,peix3manso,peix3manso,neutro,1.0,danado
1:37:24,5844,diego_bonarte,diego_bonarte,neutro,1.0,Parece um Papacú-rasteiro
1:37:25,5845,zlanz013,zlanz013,neutro,1.0,é o monark
1:37:26,5846,yorraraujo,yorraraujo,neutro,1.0,esse é o godira
1:37:27,5847,josephh_zz,josephh_zz,neutro,1.0,Ele mesmo
1:37:28,5848,leitadordebarbudos,LeitadorDeBarbudos,neutro,1.0,O monstro do Lago Messi
1:37:29,5849,mariposa_alada,Mariposa_Alada,positivo,1.0,Que lindo
1:37:29,5849,1marcus,1Marcus,engraçado,1.0,tem unifica o rio grandes sul e do norte e fazer so um rio grande
1:37:30,5850,florisbald,Florisbald,neutro,1.0,mergulhão
1:37:31,5851,yuriairesb,YuriAiresB,confuso,1.0,"Só porque ele mergulha, é um mergulhão? Ele pode se identificar como um torpedo"
1:37:31,5851,dlemonster,DlEmonster,neutro,1.0,monstro do lago messi
1:37:31,5851,hatsuzika,hatsuzika,neutro,1.0,F
1:37:31,5851,renatorgal,Renatorgal,neutro,1.0,f
1:37:32,5852,johnnyraziel666,johnnyraziel666,confuso,1.0,eae Hannibal blz ? vai voltar a morar no Japão definitivo ou vai voltar para o bostil ???
1:37:32,5852,cyber_silvio_santos,cyber_silvio_santos,neutro,1.0,Ti fofo
1:37:33,5853,peix3manso,peix3manso,neutro,1.0,olha pra tras
1:37:34,5854,pedepanomttriste,PeDePanoMtTriste,neutro,1.0,Sumiu
1:37:34,5854,saintme0_0,saintme0_0,neutro,1.0,faz predict de onde ele vai aparecer
1:37:35,5855,this_is_pedro,This_is_Pedro,neutro,1.0,Jumpscare
1:37:36,5856,b4dbl4de,B4DBL4DE,neutro,1.0,f
1:37:36,5856,brucecorp,brucecorp,engraçado,0.5,"baka, viu o meme que o eixo tá voltando?"
1:37:38,5858,wesleykolomar_br,wesleykolomar_br,neutro,1.0,todo se querendo
1:37:38,5858,mistavo,Mistavo,neutro,1.0,F
1:37:38,5858,lee_cego1,lee_cego1,neutro,1.0,f
1:37:40,5860,hatsuzika,hatsuzika,neutro,1.0,foi vítima do Jaré
1:37:41,5861,sutoff_,sutoff_,neutro,1.0,ele nunca mais vai voltar
1:37:41,5861,pedro_polegar,pedro_polegar,neutro,1.0,Morreu parabéns
1:37:42,5862,pedepanomttriste,PeDePanoMtTriste,neutro,1.0,Foi engolido por um peixe
1:37:42,5862,peix3manso,peix3manso,engraçado,1.0,para cara kkkkkkkkkkkkkkk
1:37:42,5862,lzink0612,lzink0612,neutro,1.0,f
1:37:42,5862,angelz_s,angelz_s,neutro,1.0,F
1:37:42,5862,sutoff_,sutoff_,engraçado,1.0,KKKKKKKKKKKKK
1:37:43,5863,dan_bsk24,dan_bsk24,neutro,1.0,f
1:37:44,5864,sutoff_,sutoff_,engraçado,1.0,KKKKKKKKKKKKKKKKK
1:37:44,5864,palhaco7,palhaco7,neutro,1.0,Morreu
1:37:45,5865,influenzias,Influenzias,engraçado,1.0,suicidio ao vivo kkkkkkkkkkkkkkkkkkkkk
1:37:46,5866,florisbald,Florisbald,neutro,1.0,F
1:37:46,5866,this_is_pedro,This_is_Pedro,neutro,1.0,Não vai voltar rapaziada
1:37:46,5866,guirin_,Guirin_,engraçado,1.0,kkkkkkkkkkk
1:37:46,5866,bhcbmds_0,bhcbmds_0,neutro,1.0,KAKAKAKAKAKAKAKA
1:37:46,5866,f3n1xv,f3n1xv,neutro,1.0,F
1:37:46,5866,acirgomes94,acirgomes94,neutro,1.0,aoba
1:37:47,5867,sadpitou,sadpitou,neutro,1.0,F
1:37:48,5868,paulinhohetero,PaulinhoHetero,confuso,1.0,Baka é verdade que voce tem um pintão ?
1:37:48,5868,this_is_pedro,This_is_Pedro,neutro,1.0,Kk
1:37:48,5868,sidcleyds,SidcleyDS,neutro,1.0,f
1:37:49,5869,matcos25,matcos25,neutro,1.0,Se fosse bum jogo de terror ia aparecer atrás de vc kskssk
1:37:49,5869,licht_zayy,licht_zayy,neutro,1.0,Gesonel mestre do disfarce
1:37:50,5870,saintme0_0,saintme0_0,neutro,1.0,f
1:37:50,5870,giovani6jogadoh,giovani6jogadoh,neutro,1.0,esse ai é um macaco-aquatico
1:37:50,5870,highwaytood,highwaytood,engraçado,1.0,ele é submarino
1:37:50,5870,snowsnowsnowx10,snowsnowsnowx10,neutro,1.0,suicidio ao vivo
1:37:50,5870,yorraraujo,yorraraujo,neutro,1.0,vish cometeu o oposto de viver
1:37:51,5871,upbrunoprado,upbrunoprado,neutro,1.0,vish
1:37:52,5872,giorootz,giorootz,neutro,1.0,F
1:37:52,5872,wesleykolomar_br,wesleykolomar_br,neutro,1.0,F
1:37:53,5873,upbrunoprado,upbrunoprado,neutro,1.0,F
1:37:54,5874,yokayh,yoKayh,neutro,1.0,ficou timido
1:37:54,5874,lostcaco,LostCaco,neutro,1.0,jacaré pegou
1:37:54,5874,jpcurty007_,jpcurty007_,neutro,1.0,ao vivo
1:37:54,5874,bhcbmds_0,bhcbmds_0,neutro,1.0,A vida n vale nd msm
1:37:55,5875,diego_bonarte,diego_bonarte,neutro,1.0,F páçaro
1:37:56,5876,hoatsu,Hoatsu,neutro,1.0,F
1:37:56,5876,josephh_zz,josephh_zz,confuso,1.0,Pato que acompanha galinha se lasca
1:37:56,5876,sutoff_,sutoff_,engraçado,1.0,KKKKKKKKKKKKKKKKKKKKK
1:37:56,5876,dlemonster,DlEmonster,neutro,1.0,atrás de você
1:37:58,5878,kazulixo_6,kazulixo_6,neutro,1.0,"Quis farmar aura, deu nisso"
1:37:59,5879,bhcbmds_0,bhcbmds_0,neutro,1.0,F
1:37:59,5879,retcka,retcka,neutro,1.0,f
1:38:00,5880,pedro_polegar,pedro_polegar,neutro,1.0,MATOU PATO AO VIVO
1:38:01,5881,pedepanomttriste,PeDePanoMtTriste,neutro,1.0,Legal a natureza
1:38:03,5883,florisbald,Florisbald,confuso,1.0,era um peixe n~]ao?
1:38:03,5883,palhaco7,palhaco7,neutro,1.0,Seguimos
1:38:03,5883,re4per_r_,re4per_r_,engraçado,1.0,Daqui a pouco ele boia ai kkkkkkk
1:38:04,5884,jpcurty007_,jpcurty007_,neutro,1.0,perdemos o pato preto
1:38:06,5886,jpcurty007_,jpcurty007_,neutro,1.0,f
1:38:07,5887,renatorgal,Renatorgal,engraçado,1.0,o pato se matou kkkk
1:38:10,5890,sutoff_,sutoff_,neutro,1.0,EM PLENO SETEMBRO AMARELO
1:38:12,5892,bakinae,bakinae,negativo,1.0,energia tao ruim que matou o pato
1:38:13,5893,florisbald,Florisbald,neutro,1.0,não sou biologo mas acho q era um peixe
1:38:13,5893,johnnyraziel666,johnnyraziel666,neutro,1.0,"Baka parece o Hannibal,"
1:38:13,5893,leitadordebarbudos,LeitadorDeBarbudos,confuso,1.0,Baka atrás das cameras voce se considera pervertido?
1:38:13,5893,this_is_pedro,This_is_Pedro,neutro,1.0,Tá vivo
1:38:14,5894,pedro_polegar,pedro_polegar,neutro,1.0,Não é ele é o irmão
1:38:14,5894,xenohfanes,xenohfanes,engraçado,1.0,virou um submarino
1:38:16,5896,diego_bonarte,diego_bonarte,neutro,1.0,Dinossauro aquático
1:38:17,5897,pedepanomttriste,PeDePanoMtTriste,neutro,1.0,Pato do carai
1:38:17,5897,highwaytood,highwaytood,neutro,1.0,é igual um pinguim
1:38:18,5898,bhcbmds_0,bhcbmds_0,neutro,1.0,Pato japonês é fd
1:38:18,5898,hatsuzika,hatsuzika,engraçado,1.0,ta se descobrindo
1:38:19,5899,erickhsn,erickhsn,neutro,1.0,é pra n se molhar na chuva
1:38:19,5899,jpcurty007_,jpcurty007_,neutro,1.0,RECUPARO O PATO
1:38:20,5900,tobias_virgilio,tobias_virgilio,neutro,1.0,bro thinks he's a fish
1:38:23,5903,sohquero,sohquero,neutro,1.0,ele ta fujindo da chuva
1:38:24,5904,pedro_polegar,pedro_polegar,neutro,1.0,Matou um e agora mata o irmão
1:38:24,5904,darkizito,Darkizito,neutro,1.0,"Que dó do pato na chuva, vai se molhar todo"
1:38:26,5906,yorraraujo,yorraraujo,neutro,1.0,terra/dragão
1:38:30,5910,dlemonster,DlEmonster,confuso,1.0,ele não quer pegar chuva
1:38:32,5912,peix3manso,peix3manso,neutro,1.0,que bonitinho
1:38:34,5914,sutoff_,sutoff_,neutro,1.0,ele é vegano
1:38:35,5915,this_is_pedro,This_is_Pedro,engraçado,0.5,@florisbald deve ser um pássaro não?
1:38:35,5915,monza_furioso,monza_furioso,neutro,1.0,so na verdinha o pato
1:38:36,5916,matcos25,matcos25,neutro,1.0,Acho q deve ser do tipo dragão então
1:38:37,5917,pulchram12,pulchram12,neutro,1.0,sushid17Omg
1:38:39,5919,reyslumierre,reyslumierre,confuso,1.0,Que tipo de pokémon é esse?
1:38:39,5919,pedro_polegar,pedro_polegar,neutro,1.0,Burrao ala
1:38:40,5920,cyber_silvio_santos,cyber_silvio_santos,neutro,1.0,Ele vai é fumar esse galho
1:38:40,5920,re4per_r_,re4per_r_,neutro,1.0,Dança do acasamento
1:38:40,5920,guto182,guto182,confuso,0.667,Como que ta as brisa de voltar pro Japão baka?
1:38:40,5920,xvimizx,xvimizx,confuso,1.0,onde o baka ta rapaziada?
1:38:41,5921,rob_rar,rob_rar,neutro,1.0,Baka igual o mads mikkelsen
1:38:43,5923,pqcleo,pqcleo,neutro,1.0,o bicho é sabido memo
1:38:43,5923,sidcleyds,SidcleyDS,engraçado,1.0,LUL
1:38:44,5924,highwaytood,highwaytood,positivo,1.0,QUE BICHO FODA
1:38:44,5924,smelllycat_,smelllycat_,neutro,1.0,ele é fluído
1:38:45,5925,florisbald,Florisbald,neutro,1.0,farfecth
1:38:45,5925,peix3manso,peix3manso,confuso,1.0,fazer ninho?
1:38:46,5926,lostcaco,LostCaco,neutro,1.0,ele ta fazendo ninho
1:38:46,5926,this_is_pedro,This_is_Pedro,neutro,1.0,Vazou
1:38:47,5927,pedepanomttriste,PeDePanoMtTriste,neutro,1.0,Olha esse cara fumano makonha
1:38:47,5927,giovani6jogadoh,giovani6jogadoh,engraçado,1.0,vai la richard
1:38:50,5930,igorsusini,igorsusini,positivo,0.5,Eu queria ser esse Pato. Ficar só de boa.
1:38:50,5930,nallp_,Nallp_,neutro,1.0,vai usar pra pescar
1:38:51,5931,saintme0_0,saintme0_0,positivo,1.0,"o bixo nada e voa, brabo"
1:38:51,5931,sadpitou,sadpitou,neutro,1.0,o bixo faz tudo
1:38:51,5931,kayn_noob,kayn_noob,neutro,1.0,vai ver era os cigarros do pato
1:38:54,5934,pedro_polegar,pedro_polegar,neutro,1.0,Burrao pegar planta na agua sendo q tem fora
1:38:56,5936,b4dbl4de,B4DBL4DE,neutro,1.0,f cameraman
1:38:56,5936,paulera250,paulera250,neutro,1.0,pegou a erva e foi vender
1:38:57,5937,palhaco7,palhaco7,neutro,1.0,Foi só comer um verde
1:38:57,5937,xvimizx,xvimizx,confuso,1.0,onde voce ta baka gaijinhos?
1:38:57,5937,diego_bonarte,diego_bonarte,neutro,1.0,É pra fazer ninho
1:38:59,5939,florisbald,Florisbald,neutro,1.0,ja fumou
1:39:00,5940,guirin_,Guirin_,neutro,1.0,é tipo aquelas velha robando flor pra plantar em casa
1:39:00,5940,jpcurty007_,jpcurty007_,neutro,1.0,vai fazer uma vara de pesca
1:39:00,5940,giorootz,giorootz,engraçado,1.0,kkkkkkkk
1:39:01,5941,lzink0612,lzink0612,engraçado,1.0,kkkk
1:39:02,5942,duil9,duil9,engraçado,1.0,fuma kkkkkk
1:39:04,5944,hoatsu,Hoatsu,neutro,1.0,"bicho indeciso, não sabe se respira no ar, na agua, se nada ou se voa"
1:39:05,5945,pedepanomttriste,PeDePanoMtTriste,neutro,1.0,Pato fdp
1:39:05,5945,yuriairesb,YuriAiresB,neutro,1.0,É pra escovar os dentes
1:39:05,5945,florisbald,Florisbald,neutro,1.0,nao vi ele acendendo
1:39:05,5945,sutoff_,sutoff_,neutro,1.0,ele é um pato treinado pelo monark para pegar a erva de fumo
1:39:06,5946,peix3manso,peix3manso,engraçado,1.0,kkkkkkkkkkkkkkkkkkk
1:39:08,5948,this_is_pedro,This_is_Pedro,neutro,1.0,Kk
1:39:09,5949,catchau2005,catchau2005,confuso,1.0,pinto molhado?
1:39:10,5950,paulinhohetero,PaulinhoHetero,confuso,1.0,Será que esse pato é virgem ?
1:39:11,5951,jeffstaz,jeffstaz,confuso,1.0,Qual fraqueza dele? Tem os 3 elementos base já fdp
1:39:11,5951,wesleykolomar_br,wesleykolomar_br,engraçado,1.0,kkkkkkkk
1:39:14,5954,upbrunoprado,upbrunoprado,neutro,1.0,vai fazer chá
1:39:14,5954,highwaytood,highwaytood,neutro,1.0,não
1:39:15,5955,kazulixo_6,kazulixo_6,engraçado,1.0,ele é da gangue rival dos corvos
1:39:15,5955,pedro_polegar,pedro_polegar,neutro,1.0,Pode se quiser matar
1:39:15,5955,lzink0612,lzink0612,neutro,1.0,pode
1:39:18,5958,r_lira28,r_lira28,confuso,1.0,cadê a Pororoca??
1:39:19,5959,eunaasaa,eunaasaa,neutro,1.0,pode
1:39:19,5959,zlanz013,zlanz013,neutro,1.0,pato maconheiro
1:39:21,5961,ciel_smile_phantonhive,Ciel_Smile_Phantonhive,neutro,1.0,Vivaaaaaaaaaaaaaaa
1:39:24,5964,palhaco7,palhaco7,neutro,1.0,Pode não tem glúten
1:39:24,5964,florisbald,Florisbald,confuso,1.0,sera que peixe fuma 1 zinho?
1:39:26,5966,eunaasaa,eunaasaa,engraçado,0.5,peixe come até a propria merda
1:39:27,5967,this_is_pedro,This_is_Pedro,neutro,1.0,Jesus deu pão e pexe
1:39:28,5968,pedepanomttriste,PeDePanoMtTriste,neutro,1.0,Pato desgraçado doido pra virar froaga
1:39:29,5969,guirin_,Guirin_,neutro,1.0,se pode ou não é problema do peixe se ele vai comer e não podia
1:39:33,5973,brucecorp,brucecorp,neutro,1.0,o passaro é um biguá
1:39:37,5977,yokayh,yoKayh,neutro,1.0,homi das carça erguida
1:39:37,5977,matcos25,matcos25,frustrado,1.0,Da uma cagada aí e da a merda prós peixes
1:39:41,5981,guirin_,Guirin_,confuso,1.0,tu toma energético sabendo que não pode
1:39:42,5982,peix3manso,peix3manso,engraçado,1.0,kkkkkkkkkkkkkkkkkkk ͏
1:39:42,5982,yorraraujo,yorraraujo,confuso,1.0,"claro que pode dar pão, é assim que nasce os tayakis"
1:39:42,5982,giovani6jogadoh,giovani6jogadoh,neutro,1.0,"não, isso deixa eles com o olho inchado"
1:39:50,5990,gusttavor1,GusttavoR1,neutro,1.0,dramaticamente encharcado foi do caralho
1:39:52,5992,pedepanomttriste,PeDePanoMtTriste,neutro,1.0,"Acerta o complexo e erra o simples, o cara é uma incógnita"
1:39:52,5992,b4dbl4de,B4DBL4DE,neutro,1.0,ok aurélio
1:39:54,5994,re4per_r_,re4per_r_,positivo,1.0,È bom da pão pq quando for pro oleo de soja ja fica bem gordinho
1:39:55,5995,oliv_yashi,oliv_yashi,negativo,1.0,Saudades do Baka dos tempos Gorgeus e seu péssimo português
1:39:57,5997,dlemonster,DlEmonster,neutro,1.0,"pode, você só não vai ouvir o som da ultima trombeta"
1:39:58,5998,wardevil_6667,wardevil_6667,positivo,1.0,salve meu mano baka gayzin
1:39:58,5998,pedro_polegar,pedro_polegar,positivo,1.0,Amostra o bigua
1:39:59,5999,reyslumierre,reyslumierre,positivo,1.0,Seu portugays é bom baka
1:40:01,6001,ciel_smile_phantonhive,Ciel_Smile_Phantonhive,neutro,1.0,Sp tá com tempo úmido idêntico hoje
1:40:06,6006,zlanz013,zlanz013,confuso,1.0,"energetico nao pode,mas da uns raio pode?"
1:40:14,6014,yorraraujo,yorraraujo,engraçado,1.0,kkkkkkkkkk verdade
1:40:15,6015,marps321,marps321,neutro,1.0,chove em SP
1:40:17,6017,sadpitou,sadpitou,neutro,1.0,a onde ce ta baka elfive1Cat elfive1Cat
1:40:19,6019,ordepenn,ordepenn,neutro,1.0,"bigua eh o brasileiro, esse ai eh japones"
1:40:24,6024,b4dbl4de,B4DBL4DE,confuso,1.0,sp?
1:40:24,6024,opantera_,opantera_,confuso,1.0,ele ta visitando o japao ou abandonou o bostil de vez?
1:40:25,6025,palhaco7,palhaco7,confuso,1.0,Tem peixe beta ai?
1:40:25,6025,pedepanomttriste,PeDePanoMtTriste,neutro,1.0,Tudo é peixe p cara
1:40:27,6027,bhcbmds_0,bhcbmds_0,neutro,1.0,"Deve poder, o problema dele parece ser cafeína"
1:40:27,6027,emiene_,emiene_,neutro,1.0,ADOTA ELE AGORA
1:40:28,6028,eunaasaa,eunaasaa,neutro,1.0,corvo chines
1:40:31,6031,akihabara_san,Akihabara_San,neutro,1.0,ironmousePOPCAT
1:40:32,6032,re4per_r_,re4per_r_,neutro,1.0,Tira uma foto
1:40:33,6033,wesleykolomar_br,wesleykolomar_br,neutro,1.0,olha o degrade
1:40:34,6034,zlanz013,zlanz013,neutro,1.0,peleleca molhada
1:40:34,6034,bakinae,bakinae,neutro,1.0,so pq ta no japao
1:40:34,6034,palhaco7,palhaco7,neutro,1.0,Ixi
1:40:37,6037,guirin_,Guirin_,confuso,1.0,e a minha baka foi mentira?
1:40:37,6037,ribossomo_,Ribossomo_,neutro,1.0,DEVE ESTAR CHEIO DE DOENÇA
1:40:37,6037,peix3manso,peix3manso,positivo,1.0,foda ta
1:40:38,6038,pedro_polegar,pedro_polegar,neutro,1.0,Venenoooosa
1:40:38,6038,dlemonster,DlEmonster,confuso,1.0,como é?
1:40:38,6038,brucecorp,brucecorp,neutro,1.0,e tá com o dedo inteiro
1:40:38,6038,florisbald,Florisbald,engraçado,1.0,kkkkkkkkkkkkkkkkkkkkkkkkkk
1:40:39,6039,matcos25,matcos25,neutro,1.0,Nossa q pombona
1:40:40,6040,dudu_da_maconaria,dudu_da_maconaria,engraçado,1.0,parece curitiba
1:40:40,6040,crixudo,crixudo,neutro,1.0,ela é minha pega na minha pomba
1:40:41,6041,peix3manso,peix3manso,positivo,1.0,my goat
1:40:41,6041,akihabara_san,Akihabara_San,confuso,1.0,Ninguém
1:40:42,6042,igorsusini,igorsusini,neutro,1.0,Em Osasco tem
1:40:42,6042,jpcurty007_,jpcurty007_,neutro,1.0,@Ciel_Smile_Phantonhive é que na realidade ele nunca saiu de sp
1:40:42,6042,toshierick,ToshiErick,neutro,1.0,mato isso todo dia
1:40:44,6044,pedepanomttriste,PeDePanoMtTriste,neutro,1.0,Aulas e cursos fala dele
1:40:45,6045,yorraraujo,yorraraujo,neutro,1.0,"oloko, pombo premium"
1:40:45,6045,influenzias,Influenzias,neutro,1.0,de olho na pomba pai
1:40:46,6046,wardevil_6667,wardevil_6667,neutro,1.0,ninguem fala sobre isso
1:40:46,6046,henryy_mm,henryy_mm,neutro,1.0,é pq ainda nao viu a minha
1:40:47,6047,julianosniperr,julianosniperr,neutro,1.0,Eita Pomba
1:40:47,6047,gusttavor1,GusttavoR1,neutro,1.0,os meu de bh é chave também
1:40:47,6047,hemoglobina05,hemoglobina05,neutro,1.0,pombão em
1:40:48,6048,arelich,Arelich,neutro,1.0,baita pomba japonesa
1:40:48,6048,peix3manso,peix3manso,engraçado,1.0,kkkkkkkkkkkkkkkkkkkkkk
1:40:49,6049,passarobllue,passarobllue,neutro,1.0,Filma a minha pomba
1:40:50,6050,renatorgal,Renatorgal,neutro,1.0,é só um fucking pombo
1:40:50,6050,fnaticpe,fnaticpe,neutro,1.0,blz dog
1:40:52,6052,this_is_pedro,This_is_Pedro,neutro,1.0,Wallpaper de pombo japonês
1:40:53,6053,lostcaco,LostCaco,neutro,1.0,pomba toda molhadinha
1:40:55,6055,akihabara_san,Akihabara_San,neutro,1.0,Qualquer uma menos a sua
1:40:57,6057,xrestrito,xrestrito,neutro,1.0,desgraça me atrasei
1:40:58,6058,pedepanomttriste,PeDePanoMtTriste,positivo,1.0,Todas da amourant
1:40:59,6059,paulera250,paulera250,neutro,1.0,parece a pomba que vi aqui em São Paulo uma vez.
1:41:01,6061,hoatsu,Hoatsu,engraçado,1.0,o cara cruzou o planeta pra se surpreender com uma pomba kkkkkkkkk
1:41:01,6061,hemoglobina05,hemoglobina05,neutro,1.0,"pombo japones é mais educado, não faz barulho pra voar"
1:41:01,6061,tobias_virgilio,tobias_virgilio,neutro,1.0,jaré
1:41:02,6062,giorootz,giorootz,neutro,1.0,aligator
1:41:03,6063,sadpitou,sadpitou,neutro,1.0,@jpcurty007_ onde q nosso menino ta /
1:41:08,6068,igorsusini,igorsusini,engraçado,1.0,Arigator
1:41:08,6068,upbrunoprado,upbrunoprado,neutro,1.0,A pomba mais random de todas
1:41:15,6075,lostcaco,LostCaco,neutro,1.0,pomba rola toda molhadinha
1:41:15,6075,paulinhohetero,PaulinhoHetero,confuso,1.0,Qual a cor da sua calcinha hoje ?
1:41:16,6076,upbrunoprado,upbrunoprado,neutro,1.0,exatamente igual a todas
1:41:16,6076,wesleykolomar_br,wesleykolomar_br,neutro,1.0,bentivi
1:41:16,6076,bhcbmds_0,bhcbmds_0,confuso,1.0,"Tem pomba, mas tem rola também?"
1:41:16,6076,peix3manso,peix3manso,neutro,1.0,fofin
1:41:17,6077,alektrospirozy,Alektrospirozy,neutro,1.0,Cara filma pombo como ninguem
1:41:17,6077,re4per_r_,re4per_r_,confuso,1.0,Tem jacare no japão?
1:41:18,6078,zlanz013,zlanz013,confuso,1.0,pode nadar ai?
1:41:19,6079,designerdepiada,designerdepiada,positivo,1.0,essa pomba com um macarrão fica top
1:41:19,6079,eunaasaa,eunaasaa,neutro,1.0,chupa flor
1:41:19,6079,peix3manso,peix3manso,engraçado,1.0,kkkkkkkkkkkkkkkkkkkkkk
1:41:20,6080,dudu_da_maconaria,dudu_da_maconaria,engraçado,1.0,ta em curitibav
1:41:20,6080,guirin_,Guirin_,negativo,1.0,o raytracing ta ruim ai cara troca essa placa de video
1:41:21,6081,oliv_yashi,oliv_yashi,confuso,1.0,"E as fotos Baka, vai fotografar os becos aí de novo?"
1:41:25,6085,peix3manso,peix3manso,neutro,1.0,tdo naniquinho
1:41:25,6085,fnaticpe,fnaticpe,neutro,1.0,s
1:41:26,6086,palhaco7,palhaco7,neutro,1.0,Cabeçudo
1:41:26,6086,ordepenn,ordepenn,neutro,1.0,esse ai eh o pitoca-inchada
1:41:28,6088,lzink0612,lzink0612,neutro,1.0,passaralho
1:41:28,6088,tobias_virgilio,tobias_virgilio,neutro,1.0,pica pau
1:41:29,6089,smelllycat_,smelllycat_,neutro,1.0,Tadinho
1:41:31,6091,passarobllue,passarobllue,neutro,1.0,Deixa ele
1:41:32,6092,pedepanomttriste,PeDePanoMtTriste,engraçado,0.5,O q ele farmou de aura ai é putaria
1:41:33,6093,akihabara_san,Akihabara_San,neutro,1.0,K
1:41:34,6094,fairlylo,fairlylo,positivo,1.0,eh o bom dia bom dia
1:41:34,6094,renan_camarg0,renan_camarg0,neutro,1.0,se ele enfia o bico no seu olho vc ia ver só
1:41:34,6094,igorsusini,igorsusini,neutro,1.0,Esse é um Martim pescador
1:41:35,6095,matcos25,matcos25,neutro,1.0,Sim tem um animal filmando tbm
1:41:36,6096,woshingtos,Woshingtos,engraçado,1.0,trinta reais de pescoço branco
1:41:38,6098,jpcurty007_,jpcurty007_,neutro,1.0,@sadpitou ctz que ta na liberdade
1:41:39,6099,lucian2_,lucian2_,engraçado,1.0,Kkkkkkkk
1:41:40,6100,julianosniperr,julianosniperr,neutro,1.0,Sabiá
1:41:40,6100,eunaasaa,eunaasaa,neutro,1.0,é da raça passaro ovudo
1:41:41,6101,pedro_polegar,pedro_polegar,positivo,0.5,Passarinho da raça bom dia
1:41:42,6102,hermanxp,Hermanxp,confuso,1.0,Ta na china baka? 🇨🇳
1:41:42,6102,b4dbl4de,B4DBL4DE,engraçado,1.0,kkk
1:41:45,6105,brucecorp,brucecorp,neutro,1.0,martin pescador
1:41:45,6105,florisbald,Florisbald,neutro,1.0,engrossa esse bigode de qrcode
1:41:45,6105,sutoff_,sutoff_,confuso,1.0,esse é o passaro gremio?
1:41:46,6106,alektrospirozy,Alektrospirozy,neutro,1.0,vacilo
1:41:46,6106,hesiogu,hesiogu,neutro,1.0,"Esse ai é tucano, olha o tamanho do bico"
1:41:47,6107,pedepanomttriste,PeDePanoMtTriste,neutro,1.0,Bicao longo tb
1:41:48,6108,ciel_smile_phantonhive,Ciel_Smile_Phantonhive,neutro,1.0,Parece um beija-flor
1:41:54,6114,dlemonster,DlEmonster,confuso,0.667,"isso é um ""bom dia, bom dia, bom dia""???"
1:41:56,6116,pulchram12,pulchram12,engraçado,1.0,Kkkkkkk
1:41:57,6117,xvimizx,xvimizx,engraçado,1.0,KKKKKKKKKKKKKKKKK
1:42:00,6120,brucecorp,brucecorp,neutro,1.0,é real
1:42:00,6120,sadpitou,sadpitou,positivo,0.333,@jpcurty007_ perguntano namoralzinha pai namieoTriste
1:42:01,6121,mistavo,Mistavo,positivo,1.0,bom dia bom dia bom dia
1:42:02,6122,dangodango_30,dangodango_30,neutro,1.0,ta com depressao na cuva
1:42:03,6123,oliv_yashi,oliv_yashi,neutro,1.0,Esse é o Jalinrabei
1:42:06,6126,pedro_polegar,pedro_polegar,neutro,1.0,Todo mundo aqui é biólogo respeita
1:42:06,6126,alektrospirozy,Alektrospirozy,confuso,1.0,esse é o mascote do gremio?
1:42:06,6126,peix3manso,peix3manso,neutro,1.0,o canto deles
1:42:09,6129,pedepanomttriste,PeDePanoMtTriste,engraçado,1.0,Esse é o Curio da Silva
1:42:09,6129,r_lira28,r_lira28,neutro,1.0,eh o Martin Luther King
1:42:09,6129,peluciacensurada,PeluciaCensurada,neutro,1.0,esse é o Martín mcfly
1:42:10,6130,bhcbmds_0,bhcbmds_0,neutro,1.0,Beija-flor Sedã
1:42:11,6131,suddakka,suddakka,engraçado,1.0,Mas esse nome existe hahahaha
1:42:13,6133,lostcaco,LostCaco,neutro,1.0,bola inchada
1:42:15,6135,ellyyy4,ellyyy4,neutro,1.0,Balança-rabo-leitoso existe
1:42:17,6137,igorsusini,igorsusini,engraçado,1.0,É sério Baka. É um Martim Pescador lkkkkkkkkkk
1:42:18,6138,ybannz_,ybannz_,confuso,1.0,ta na xina?
1:42:21,6141,pirinboia,Pirinboia,confuso,1.0,esse é o pira pau?
1:42:23,6143,matcos25,matcos25,neutro,1.0,Como esse é japonês então é pequeno
1:42:23,6143,jeanzuro,jeanzuro,confuso,1.0,"PERA AI, TO PERDINDO, ELE VOLTO PRO JAPAO? QUE SAFADO"
1:42:23,6143,pedro_polegar,pedro_polegar,neutro,1.0,Ao pica pau do lado
1:42:24,6144,giorootz,giorootz,neutro,1.0,dancing birds
1:42:25,6145,rob_rar,rob_rar,neutro,1.0,Beija minha flor
1:42:26,6146,florisbald,Florisbald,positivo,1.0,gente que lindo
1:42:27,6147,peix3manso,peix3manso,neutro,1.0,parece ser femea e macho
1:42:28,6148,julynhatoys,JulynhaToys,engraçado,1.0,julynhHahaha julynhHahaha julynhHahaha julynhHahaha
1:42:29,6149,xrestrito,xrestrito,neutro,1.0,é tipo um mordecai
1:42:29,6149,lzink0612,lzink0612,engraçado,1.0,kkkkkk
1:42:29,6149,yorraraujo,yorraraujo,neutro,1.0,deve ser small talks
1:42:30,6150,zlanz013,zlanz013,engraçado,1.0,kkkkkkkkk
1:42:30,6150,mistavo,Mistavo,engraçado,1.0,KKKKKKKKKKKK
1:42:30,6150,arelich,Arelich,neutro,1.0,é rolinha po
1:42:30,6150,palhaco7,palhaco7,neutro,1.0,Ctz q tão falando sobre a Virgínia
1:42:31,6151,akihabara_san,Akihabara_San,engraçado,1.0,Kkkkkk
1:42:31,6151,fairlylo,fairlylo,neutro,1.0,nostálgico
1:42:31,6151,tanjibolasfds,tanjibolasfds,neutro,1.0,K
1:42:32,6152,r_lira28,r_lira28,positivo,1.0,BOM DIAAAAA
1:42:32,6152,re4per_r_,re4per_r_,engraçado,1.0,kkkkkkkkkkkkkk
1:42:32,6152,xablau_xyz,xablau_xyz,engraçado,1.0,KKKKKKKKKKKKKKKKKKKK
1:42:32,6152,dowtsf,dowtsf,positivo,1.0,Bom dia
1:42:32,6152,henrioliveira100,henrioliveira100,engraçado,1.0,Kkkkkk
1:42:32,6152,daikii_zzz,daikii_zzz,engraçado,1.0,Kkkkkkkkkk
1:42:32,6152,jpcurty007_,jpcurty007_,neutro,1.0,"@sadpitou a, só sei que no japão agora onde no japão eu não sei"
1:42:33,6153,ebuzz250,Ebuzz250,neutro,1.0,É o Martim pedreiro
1:42:34,6154,licht_zayy,licht_zayy,neutro,1.0,Jumpscare
1:42:34,6154,suddakka,suddakka,neutro,1.0,Martim Pescador é o nome certo
1:42:34,6154,residente_dorminhoko,residente_dorminhoko,neutro,1.0,e vai tomando
1:42:34,6154,flockie7,flockie7,engraçado,1.0,kkkkkkkk
1:42:35,6155,ckr4nio,ckr4nio,neutro,1.0,é ele
1:42:35,6155,yorraraujo,yorraraujo,engraçado,1.0,kkkkkkkkkkkkkkkk
1:42:35,6155,wesleykolomar_br,wesleykolomar_br,positivo,1.0,bom dia
1:42:36,6156,ellyyy4,ellyyy4,positivo,1.0,bom dia
1:42:36,6156,ribossomo_,Ribossomo_,positivo,1.0,BOM DIA PRA VC TAMBÉM
1:42:36,6156,warmachinerj,WarMachineRJ,engraçado,1.0,kkkkkkkkkkkkkk
1:42:36,6156,hoatsu,Hoatsu,engraçado,1.0,kkkkkkkkkkk
1:42:37,6157,lanadka,Lanadka,engraçado,1.0,Kkkkkkkkkkkkkkkkkkk
1:42:37,6157,ozonary,oZonary,neutro,1.0,classico.
1:42:37,6157,lucas_camargus,Lucas_Camargus,engraçado,1.0,kkkkkk
1:42:38,6158,cyber_silvio_santos,cyber_silvio_santos,neutro,1.0,Eu sabia
1:42:38,6158,pedepanomttriste,PeDePanoMtTriste,neutro,1.0,Era só um estilingue hein Baka
1:42:39,6159,sutoff_,sutoff_,positivo,1.0,bom dia
1:42:39,6159,matheusfunil,matheusfunil,confuso,1.0,q isso cara
1:42:40,6160,e006cr,e006cr,neutro,1.0,"@ellyyy4 Sim, eu existo"
1:42:40,6160,zkamykazez,zKAMYKAZEz,neutro,1.0,ROLLA
1:42:41,6161,palhaco7,palhaco7,neutro,1.0,DinoDance DinoDance DinoDance
1:42:41,6161,lzink0612,lzink0612,positivo,1.0,bom diaaaaaa
1:42:42,6162,eunaasaa,eunaasaa,positivo,1.0,que zoom foda
1:42:42,6162,akihabara_san,Akihabara_San,neutro,1.0,ironmouseTehehe ironmouseTehehe ironmouseTehehe
1:42:42,6162,nevisyy,nevIsyy,engraçado,1.0,kkkkkkkkkkkkkkkkk
1:42:43,6163,bhcbmds_0,bhcbmds_0,neutro,1.0,"Aaaahhh, vsfd KAKAKAKSKSKKS"
1:42:43,6163,kayn_noob,kayn_noob,engraçado,1.0,kkkkkkkkkkkkkk
1:42:43,6163,xablau_xyz,xablau_xyz,positivo,1.0,Bom dia baka
1:42:46,6166,ph_dsg,PH_dsg,engraçado,0.5,tá podendo banhar ai nesse rio?
1:42:46,6166,r_lira28,r_lira28,neutro,1.0,BOOOMMMM DIIIAAAA
1:42:46,6166,pedro_polegar,pedro_polegar,positivo,0.5,Já tive esse passarim da raça bom dia
1:42:46,6166,dlemonster,DlEmonster,neutro,1.0,"eu sabia, sempre soube"
1:42:48,6168,leitadordebarbudos,LeitadorDeBarbudos,neutro,1.0,meus amigos da epoca da escola tao tudo gordos com filho fodidos
1:42:49,6169,peix3manso,peix3manso,neutro,1.0,nice nice
1:42:51,6171,rob_rar,rob_rar,neutro,1.0,Esse é o beija minha flor
1:42:53,6173,mistavo,Mistavo,neutro,1.0,"opa, vazo"
1:42:53,6173,dowtsf,dowtsf,positivo,1.0,Bom dia rapaziada
1:42:53,6173,peix3manso,peix3manso,neutro,1.0,legal
1:42:55,6175,florisbald,Florisbald,neutro,1.0,encerra a live ja deu
1:42:56,6176,kayn_noob,kayn_noob,neutro,1.0,dia
1:42:57,6177,pedepanomttriste,PeDePanoMtTriste,neutro,1.0,Quase encerra a live
1:42:58,6178,sadpitou,sadpitou,neutro,1.0,@jpcurty007_ boto fé ty s2
1:42:59,6179,jpcurty007_,jpcurty007_,positivo,1.0,bom dia
1:43:00,6180,peix3manso,peix3manso,neutro,1.0,OLC
1:43:01,6181,alektrospirozy,Alektrospirozy,neutro,1.0,otimo take
1:43:04,6184,tiojohn14,tiojohn14,positivo,1.0,bom dia
1:43:05,6185,wardevil_6667,wardevil_6667,neutro,1.0,so a cabecinha
1:43:06,6186,peix3manso,peix3manso,neutro,1.0,OLC TEM MEMO
1:43:06,6186,wesleykolomar_br,wesleykolomar_br,neutro,1.0,ó
1:43:07,6187,johnnyraziel666,johnnyraziel666,neutro,1.0,F
1:43:07,6187,ellyyy4,ellyyy4,confuso,1.0,@e006cr e vcc? :o
1:43:07,6187,fairlylo,fairlylo,neutro,1.0,oloco
1:43:07,6187,pirinboia,Pirinboia,neutro,1.0,Donatelo
1:43:08,6188,pedro_polegar,pedro_polegar,engraçado,1.0,Tartaruga marinha no rio
1:43:09,6189,re4per_r_,re4per_r_,neutro,1.0,Oia a tartaruga
1:43:11,6191,ozonary,oZonary,neutro,1.0,ta morta
1:43:11,6191,oliv_yashi,oliv_yashi,neutro,1.0,É um cagado mano
1:43:12,6192,lzink0612,lzink0612,neutro,1.0,tartaruga ninja
1:43:13,6193,hesiogu,hesiogu,neutro,1.0,"Ta afogando coitada, salva ela"
1:43:14,6194,giovani6jogadoh,giovani6jogadoh,neutro,1.0,só a cabecinha
1:43:14,6194,zlanz013,zlanz013,neutro,1.0,ta se fazendo de morto pra gomer alguem
1:43:15,6195,angelz_s,angelz_s,neutro,1.0,só a cabecinha pra fora :o
1:43:16,6196,eunaasaa,eunaasaa,confuso,1.0,esse é o fuleco?
1:43:16,6196,r_lira28,r_lira28,neutro,1.0,só com a cabecinha de fora
1:43:17,6197,palhaco7,palhaco7,neutro,1.0,É teu jabuti
1:43:18,6198,pulchram12,pulchram12,neutro,1.0,sushid17Omg
1:43:18,6198,peix3manso,peix3manso,engraçado,1.0,]a carinha dela kkkkkkkkkkkkkkk bonitinha
1:43:18,6198,pedepanomttriste,PeDePanoMtTriste,positivo,1.0,Krlh chegamo no zoológico memo
1:43:18,6198,urahmeshi,Urahmeshi,neutro,1.0,é o leonardo esse
1:43:19,6199,celtatunadinhoo,celtatunadinhoo,neutro,1.0,Kk
1:43:19,6199,debbyznha,debbyznha,neutro,1.0,que bonitinha
1:43:20,6200,alektrospirozy,Alektrospirozy,neutro,1.0,Essa ai é o Aligator-cabeça-de-fora
1:43:20,6200,zkamykazez,zKAMYKAZEz,neutro,1.0,Pula na água e passa mão NELA
1:43:21,6201,igorsusini,igorsusini,engraçado,1.0,Baka. Era um Martim Pescador mesmo kkkkkk
1:43:23,6203,pizzamozzagyro64,pizzamozzagyro64,neutro,1.0,Piroca inchada vs tartaruga
1:43:24,6204,jeffstaz,jeffstaz,neutro,1.0,Vish ela ficar mascando ai jaja vira sopa
1:43:24,6204,kayn_noob,kayn_noob,positivo,1.0,"pega ele pra evoluir, tem uns ataque brabo"
1:43:25,6205,renatorgal,Renatorgal,confuso,1.0,quantos anos vive isso?
1:43:25,6205,woshingtos,Woshingtos,neutro,1.0,ola mbappe
1:43:26,6206,rezeile_zika,rezeile_zika,neutro,1.0,Isso é IA
1:43:26,6206,peix3manso,peix3manso,engraçado,1.0,as patinha kkkkkkkkkkkk
1:43:27,6207,wesleykolomar_br,wesleykolomar_br,neutro,1.0,é um cagado
1:43:28,6208,gusttavor1,GusttavoR1,neutro,1.0,só a pontinha do missil pra fora
1:43:29,6209,cotonetedelagartixa,CotoneteDeLagartixa,neutro,1.0,Ele vai molhar a cabeça pegado chuva assim
1:43:30,6210,ciel_smile_phantonhive,Ciel_Smile_Phantonhive,confuso,1.0,Baka qual o nome do seu tartarugo mesmo?
1:43:31,6211,ntfd404,ntfd404,neutro,1.0,acontece tudo com o cara! é o protagonista não tem jeito
1:43:32,6212,peix3manso,peix3manso,neutro,1.0,condeu
1:43:35,6215,mistavo,Mistavo,neutro,1.0,f
1:43:35,6215,matcos25,matcos25,confuso,1.0,Ele tá cágado?
1:43:37,6217,florisbald,Florisbald,neutro,1.0,é tartaruga loco
1:43:38,6218,lostcaco,LostCaco,neutro,1.0,recolheu a cabeça
1:43:39,6219,passarobllue,passarobllue,neutro,1.0,Ficou ofendido
1:43:39,6219,dlemonster,DlEmonster,neutro,1.0,"e tudo no mesmo lugar, muito bicho por m²"
1:43:40,6220,palhaco7,palhaco7,engraçado,1.0,Me parece um cachorro siberiano
1:43:40,6220,yorraraujo,yorraraujo,neutro,1.0,esse é um martim tartaruga
1:43:42,6222,pedro_polegar,pedro_polegar,neutro,1.0,Pato caçador
1:43:42,6222,pedepanomttriste,PeDePanoMtTriste,neutro,1.0,Nao tem fezes no mar do japao gente q cagado o q
1:43:43,6223,peix3manso,peix3manso,positivo,1.0,que pato lindo
1:43:44,6224,josephh_zz,josephh_zz,neutro,1.0,Gesonel
1:43:46,6226,rezeile_zika,rezeile_zika,neutro,1.0,Pula na água baka
1:43:46,6226,zkamykazez,zKAMYKAZEz,engraçado,1.0,CHAMA o richard
1:43:47,6227,elihh2022,elihh2022,neutro,1.0,quack
1:43:48,6228,brucecorp,brucecorp,neutro,1.0,é gesonel
1:43:49,6229,oliv_yashi,oliv_yashi,neutro,1.0,Live de animal planet
1:43:50,6230,palhaco7,palhaco7,engraçado,0.5,Virou o Richard essa live?
1:43:50,6230,morisleepy,morisleepy,neutro,1.0,Treta
1:43:50,6230,dvco,dvco,confuso,1.0,aquaquatica?
1:43:50,6230,raianwz,RaianWZ,neutro,1.0,papaoHuhu um pato
1:43:55,6235,ribossomo_,Ribossomo_,neutro,1.0,ELE ESTÁ RAIADO
1:43:55,6235,kayn_noob,kayn_noob,confuso,1.0,"como assim existe animal normal no japão, eu achava que so tinha pokemons"
1:43:55,6235,licht_zayy,licht_zayy,neutro,1.0,Tá tendo um battleroyale
1:43:56,6236,pedepanomttriste,PeDePanoMtTriste,neutro,1.0,Chegou a revolução dos bichos no Japão
1:43:57,6237,peix3manso,peix3manso,positivo,1.0,my goat
1:43:57,6237,lucas27dark,lucas27dark,neutro,1.0,Animal Planet total
1:44:00,6240,ciel_smile_phantonhive,Ciel_Smile_Phantonhive,neutro,1.0,Animal Planet
1:44:00,6240,lzink0612,lzink0612,neutro,1.0,oi osvaldo
1:44:00,6240,igorsusini,igorsusini,engraçado,1.0,Vc vai aderir ao birdwatching
1:44:02,6242,giowink_o,giowink_o,neutro,1.0,ja joga uma pedra
1:44:03,6243,jeffstaz,jeffstaz,neutro,1.0,Todos animais do mundo em um só lago
1:44:04,6244,palhaco7,palhaco7,neutro,1.0,Olha as patinha dele
1:44:05,6245,celtatunadinhoo,celtatunadinhoo,engraçado,1.0,Ja da pra trabalhar no animal planet em kkk
1:44:06,6246,r_lira28,r_lira28,neutro,1.0,que pato vagabundo
1:44:07,6247,ph_dsg,PH_dsg,neutro,1.0,que patão retado
1:44:13,6253,sutoff_,sutoff_,neutro,1.0,ele fez o 67
1:44:13,6253,sadpitou,sadpitou,neutro,1.0,@RaianWZ papao
1:44:15,6255,yorraraujo,yorraraujo,engraçado,1.0,um kappa
1:44:16,6256,eunaasaa,eunaasaa,neutro,1.0,um corpo
1:44:16,6256,pedro_polegar,pedro_polegar,neutro,1.0,Corpo
1:44:16,6256,giorootz,giorootz,neutro,1.0,todo hidrofóbico ele
1:44:17,6257,alektrospirozy,Alektrospirozy,positivo,1.0,ele esta lindo
1:44:17,6257,ybannz_,ybannz_,neutro,1.0,cadaver
1:44:18,6258,brucecorp,brucecorp,neutro,1.0,O_O
1:44:18,6258,hesiogu,hesiogu,neutro,1.0,Um cadaver
1:44:19,6259,mistavo,Mistavo,neutro,1.0,F
1:44:20,6260,palhaco7,palhaco7,neutro,1.0,Morreu
1:44:21,6261,florisbald,Florisbald,neutro,1.0,morreu
1:44:22,6262,ribossomo_,Ribossomo_,neutro,1.0,DEVE SER UM FIGADO
1:44:22,6262,miyamusashin,miyamusashin,neutro,1.0,peixe shiny
1:44:24,6264,b4dbl4de,B4DBL4DE,neutro,1.0,japao nao e mais o mesmo
1:44:24,6264,arelich,Arelich,neutro,1.0,ai corpo desovado
1:44:25,6265,pedepanomttriste,PeDePanoMtTriste,positivo,1.0,Achamo um corpo hein
1:44:25,6265,rob_rar,rob_rar,neutro,1.0,Cd Martim pescador
1:44:26,6266,florisbald,Florisbald,engraçado,1.0,passarinho
1:44:27,6267,palhaco7,palhaco7,engraçado,1.0,É meu rim
1:44:27,6267,tobias_virgilio,tobias_virgilio,confuso,1.0,piano ?
1:44:27,6267,upbrunoprado,upbrunoprado,neutro,1.0,batata doce
1:44:28,6268,julianosniperr,julianosniperr,neutro,1.0,Caravela
1:44:28,6268,duil9,duil9,neutro,1.0,um toletao
1:44:28,6268,wesleykolomar_br,wesleykolomar_br,neutro,1.0,dá zoom rapidin
1:44:29,6269,ciel_smile_phantonhive,Ciel_Smile_Phantonhive,neutro,1.0,Pato fofolete
1:44:31,6271,pedro_polegar,pedro_polegar,neutro,1.0,É o pato q vc matou aquela hora
1:44:35,6275,lostcaco,LostCaco,neutro,1.0,caravella portuguesa
1:44:40,6280,emiene_,emiene_,neutro,1.0,ba dum tss
1:44:44,6284,josephh_zz,josephh_zz,neutro,1.0,Borrou as botas
1:44:45,6285,this_is_pedro,This_is_Pedro,neutro,1.0,Tô vendo sim
1:44:45,6285,jeanzuro,jeanzuro,confuso,1.0,ele ta visitando o japao ou volto pra morar?
1:44:45,6285,pirinboia,Pirinboia,neutro,1.0,uma mordida do cagado o pato vira janta
1:44:49,6289,pedepanomttriste,PeDePanoMtTriste,positivo,1.0,Bicho é bom na comedia hein
1:44:54,6294,matcos25,matcos25,confuso,1.0,Deve ser alguém q tava devendo PR Yakuza
1:44:56,6296,peix3manso,peix3manso,neutro,1.0,tao te cercando
1:45:00,6300,yorraraujo,yorraraujo,engraçado,1.0,vai que de onde o pato veio tartaruga é iguaria
1:45:02,6302,dlemonster,DlEmonster,neutro,1.0,todos estavam esperando o bigua sair
1:45:04,6304,matyfofo,matyfofo,confuso,1.0,são Paulo?
1:45:04,6304,utsuki133,utsuki133,engraçado,1.0,Ele tá no rio Tietê
1:45:06,6306,b4dbl4de,B4DBL4DE,confuso,1.0,Tem pedalinho ai nao?
1:45:07,6307,e006cr,e006cr,neutro,1.0,@jeanzuro Ele voltou pra governar
1:45:15,6315,ciel_smile_phantonhive,Ciel_Smile_Phantonhive,confuso,1.0,Não tem cisnes?
1:45:18,6318,jeanzuro,jeanzuro,neutro,1.0,@e006cr amem
1:45:18,6318,pedepanomttriste,PeDePanoMtTriste,engraçado,1.0,Slc era só um rifle de caça resolvia esse pato
1:45:19,6319,this_is_pedro,This_is_Pedro,neutro,1.0,Virou estampa de camisa
1:45:20,6320,peluciacensurada,PeluciaCensurada,confuso,1.0,cada ovo que a gente come é um pinto que deixou de nascer
1:45:23,6323,josephh_zz,josephh_zz,neutro,1.0,O cara reconhecendo coco dos bixos
1:45:24,6324,leitadordebarbudos,LeitadorDeBarbudos,neutro,1.0,Passaro japones nem é gente
1:45:28,6328,peix3manso,peix3manso,neutro,1.0,ainda bem que é vc
1:45:33,6333,zkamykazez,zKAMYKAZEz,neutro,1.0,LA ELE MIL VEZES
1:45:35,6335,johndodianho,johndodianho,neutro,1.0,são os bagos de bemtivi
1:45:41,6341,lostcaco,LostCaco,neutro,1.0,o canal migrou de cyberpunk pra animal planet
1:45:41,6341,this_is_pedro,This_is_Pedro,neutro,1.0,Celebro
1:45:42,6342,giovani6jogadoh,giovani6jogadoh,engraçado,1.0,"cinco patinhos foram passear, além das montanhas para brincar"
1:45:44,6344,yuriairesb,YuriAiresB,confuso,1.0,Por que chuva dá dor de ouvido?
1:45:45,6345,pedepanomttriste,PeDePanoMtTriste,neutro,1.0,Celebro
1:45:46,6346,yorraraujo,yorraraujo,neutro,1.0,"essas grades mesmo, são conhecidas como bichos grades"
1:45:49,6349,jpcurty007_,jpcurty007_,neutro,1.0,cerebelo
1:45:49,6349,sutoff_,sutoff_,neutro,1.0,çelebro
1:45:54,6354,ciel_smile_phantonhive,Ciel_Smile_Phantonhive,neutro,1.0,Sp tá a mesma chuvinha
1:45:54,6354,dowtsf,dowtsf,neutro,1.0,Fica de 4 aí e faz uma performance artistica
1:45:56,6356,peix3manso,peix3manso,neutro,1.0,nem fodendo
1:45:59,6359,debbyznha,debbyznha,neutro,1.0,devia tá de touca parça
1:46:01,6361,pedro_polegar,pedro_polegar,frustrado,1.0,Precisa de bóia não pq bosta num afunda
1:46:02,6362,pedepanomttriste,PeDePanoMtTriste,neutro,1.0,Pula na água busca essa tartaruga pro almoço
1:46:03,6363,matcos25,matcos25,frustrado,1.0,Relaxa merda bóia
1:46:03,6363,leitadordebarbudos,LeitadorDeBarbudos,inspirado,1.0,Pra aprender a nadar basta não saber
1:46:05,6365,breelays,breelays,neutro,1.0,toma banho
1:46:06,6366,hesiogu,hesiogu,neutro,1.0,"E so imitar o pato, q vc nada"
1:46:11,6371,peix3manso,peix3manso,positivo,1.0,vamo
1:46:13,6373,sutoff_,sutoff_,engraçado,1.0,@Ciel_Smile_Phantonhive ele ta em curitiba
1:46:15,6375,seubobao,seubobao,frustrado,1.0,Nao se preocupa bosta nao afunda
1:46:17,6377,palhaco7,palhaco7,confuso,1.0,Agr é fechar a live e mimir?
1:46:22,6382,johnnyraziel666,johnnyraziel666,confuso,0.667,"eae Hannibal, vai voltar a morar no Japão definitivo ou vai voltar para o bostil ??? vai aceitar as origens"
1:46:28,6388,leitadordebarbudos,LeitadorDeBarbudos,neutro,1.0,maluco todo fodido
1:46:30,6390,re4per_r_,re4per_r_,confuso,1.0,Qual parte do japão o Baka tá?
1:46:30,6390,lee_cego1,lee_cego1,neutro,1.0,é so nao fazer nada que voce nada
1:46:31,6391,julianosniperr,julianosniperr,neutro,1.0,Clim
1:46:39,6399,julianosniperr,julianosniperr,neutro,1.0,!clima
1:46:40,6400,nightbot,Nightbot,neutro,1.0,Agora em Tokyo tá 73F (23C)
1:46:40,6400,pedepanomttriste,PeDePanoMtTriste,neutro,1.0,Racionais mencionado pode anotar no bingo
1:46:44,6404,rjaao,rJaao,positivo,0.5,bommonjaro?
1:46:50,6410,ciel_smile_phantonhive,Ciel_Smile_Phantonhive,neutro,1.0,Esquentadores de ouvido
1:46:51,6411,breelays,breelays,neutro,1.0,autista
1:46:52,6412,andeleooone,andeleooone,confuso,1.0,Qual parte de SP é essa?
1:46:55,6415,ursadaa,Ursadaa,neutro,1.0,@re4per_r_ ueno
1:46:57,6417,palhaco7,palhaco7,neutro,1.0,Droga
1:47:01,6421,toshierick,ToshiErick,neutro,1.0,@andeleooone osasco
1:47:02,6422,giovani6jogadoh,giovani6jogadoh,neutro,1.0,mas isso ai é claramente osasco
1:47:03,6423,danielrsrsrs,danielrsrsrs,engraçado,0.667,danielrsrsrs subscribed at Tier 1. They've subscribed for 7 months! qual o conograma de live ?
1:47:05,6425,tobias_virgilio,tobias_virgilio,neutro,1.0,amante de patos
1:47:05,6425,bhcbmds_0,bhcbmds_0,neutro,1.0,Ele ta na liberdade
1:47:05,6425,duckn_00,duckn_00,neutro,1.0,@re4per_r_ liberdade - Japão
1:47:07,6427,izei_,Izei_,neutro,1.0,ele nasce careca
1:47:08,6428,yokayh,yoKayh,confuso,1.0,esse pássaro nunca será igual o grandioso balança rabo leitoso q temos aq no Brasil popCat
1:47:09,6429,peix3manso,peix3manso,positivo,1.0,my goat nao deixa passar nada
1:47:11,6431,dudu_da_maconaria,dudu_da_maconaria,confuso,1.0,pato aqui pato colá?
1:47:11,6431,bhcbmds_0,bhcbmds_0,neutro,1.0,Jardim japonês
1:47:15,6435,pedepanomttriste,PeDePanoMtTriste,engraçado,1.0,A história do pato kkkkkkkkkkkkk
1:47:19,6439,b4dbl4de,B4DBL4DE,positivo,1.0,pato nao e bom e nada
1:47:21,6441,josephh_zz,josephh_zz,neutro,1.0,Pato dos ovos de ouro
1:47:23,6443,pedro_polegar,pedro_polegar,neutro,1.0,Ele fica ai igual Jesus andando sobre as aguas
1:47:23,6443,lostcaco,LostCaco,neutro,1.0,pato pode dormir embaixo dagua
1:47:25,6445,yorraraujo,yorraraujo,neutro,1.0,depende do preparo fisco
1:47:25,6445,peix3manso,peix3manso,neutro,1.0,vida mansa
1:47:25,6445,passarobllue,passarobllue,neutro,1.0,Esse nao paga imposto
1:47:26,6446,palhaco7,palhaco7,neutro,1.0,Se ele for do tipo fish sim
1:47:27,6447,pedepanomttriste,PeDePanoMtTriste,neutro,1.0,Como q é a lore do pato
1:47:27,6447,xrestrito,xrestrito,neutro,1.0,ta dando vontade de mija
1:47:29,6449,leitadordebarbudos,LeitadorDeBarbudos,positivo,1.0,O bom pato é o Foie gras
1:47:29,6449,johnnyraziel666,johnnyraziel666,neutro,1.0,Hannibal 2
1:47:30,6450,lanadka,Lanadka,neutro,1.0,Cinema
1:47:32,6452,renatorgal,Renatorgal,confuso,1.0,baka fumou hj?
1:47:33,6453,debbyznha,debbyznha,neutro,1.0,ta cagando na água o safado
1:47:33,6453,oliv_yashi,oliv_yashi,neutro,1.0,Isso não se vê todo dia
1:47:34,6454,andeleooone,andeleooone,engraçado,1.0,Parece eu de férias
1:47:35,6455,ciel_smile_phantonhive,Ciel_Smile_Phantonhive,neutro,1.0,O patooo vinha cantando alegremente
1:47:38,6458,feeee,Feeee,neutro,1.0,live chill cozy
1:47:43,6463,giovani6jogadoh,giovani6jogadoh,frustrado,1.0,isso ai é bosta
1:47:46,6466,debbyznha,debbyznha,neutro,1.0,NAAAAAAAAAO
1:47:46,6466,lcxlol,LCxlol,engraçado,1.0,KKKKKKKKKKKKKKKKKKKKKKKKKK
1:47:46,6466,snowsnowsnowx10,snowsnowsnowx10,engraçado,1.0,kkkkkkkkkkkkkkkkkkkkkkk
1:47:46,6466,yuriairesb,YuriAiresB,engraçado,1.0,kkkkkkkkkkkkkkkkk
1:47:47,6467,jeffstaz,jeffstaz,engraçado,1.0,Sou biologia e sei que se ele não nadar ele come o cu de curioso
1:47:48,6468,matheusfunil,matheusfunil,neutro,1.0,pato e pau
1:47:48,6468,matyfofo,matyfofo,engraçado,1.0,🤣🤣🤣🤣🤣
1:47:49,6469,livinhafox2,livinhafox2,engraçado,1.0,kkkkkkkkkkkkkkkkkkkk
1:47:50,6470,lzink0612,lzink0612,neutro,1.0,la ele
1:47:51,6471,jpcurty007_,jpcurty007_,engraçado,1.0,kkkkkkkkkkkkkkkkkkkk
1:47:51,6471,lcxlol,LCxlol,engraçado,1.0,KKKKKKKKKKKKKKKKKKKKKKKKKKKK
1:47:51,6471,pedepanomttriste,PeDePanoMtTriste,positivo,1.0,Perfeito
1:47:51,6471,matcos25,matcos25,neutro,1.0,Kskskks
1:47:52,6472,wesleykolomar_br,wesleykolomar_br,engraçado,1.0,kkkkkkkkkkk
1:47:52,6472,ciel_smile_phantonhive,Ciel_Smile_Phantonhive,neutro,1.0,Quando ele viu por aí queeem queeem
1:47:52,6472,lucas27dark,lucas27dark,neutro,1.0,HUHEUHEUEHUHEUEHUHU
1:47:53,6473,warmachinerj,WarMachineRJ,engraçado,1.0,kkkkkkkkkkkkkkkkkkkkkk
1:47:54,6474,licht_zayy,licht_zayy,engraçado,1.0,KKKKKKKKKKKK
1:47:55,6475,lucas27dark,lucas27dark,neutro,1.0,HEUHEUHEUEHUHEU
1:47:57,6477,jettasz,jettasz,neutro,1.0,sobe os creditos
1:47:58,6478,lzink0612,lzink0612,engraçado,1.0,kkkkkk
1:47:58,6478,daikii_zzz,daikii_zzz,engraçado,1.0,OLOKO kkkkkkkk
1:47:58,6478,furyxd_,FuryXD_,engraçado,1.0,DO NADA ELE COLOCA ESSAS COISAS KKKKKKKKKKKK
1:47:59,6479,zkamykazez,zKAMYKAZEz,engraçado,1.0,KKKKKKKKKKKKKKKKKKKKKK
1:48:00,6480,breelays,breelays,confuso,1.0,cabooo???
1:48:00,6480,lucasxd2,lucasxd2,neutro,1.0,FDP cortou a vibe
1:48:01,6481,alexandrejnr,AlexandreJnR,neutro,1.0,"Do nada assim, ate babei"
1:48:02,6482,giorootz,giorootz,neutro,1.0,mano
1:48:06,6486,tristesatanexe,TristeSatanExe,neutro,1.0,Olk
1:48:07,6487,garota_bad,garota_bad,confuso,1.0,q isso
1:48:07,6487,ciel_smile_phantonhive,Ciel_Smile_Phantonhive,neutro,1.0,Pato aqui pato acolá
1:48:07,6487,peix3manso,peix3manso,neutro,1.0,A MAOZINHA
1:48:07,6487,mistavo,Mistavo,engraçado,1.0,kkkkkkkkkkk
1:48:08,6488,lzink0612,lzink0612,engraçado,1.0,kkkk
1:48:08,6488,yorraraujo,yorraraujo,engraçado,1.0,kkkkkkkkkkkkkkk
1:48:08,6488,zkamykazez,zKAMYKAZEz,engraçado,1.0,KKKKKKKKKKKKKKKK
1:48:08,6488,leitadordebarbudos,LeitadorDeBarbudos,engraçado,0.5,Que isso cara botando malcriação
1:48:09,6489,henrioliveira100,henrioliveira100,engraçado,1.0,Kkkkkkkkkk
1:48:10,6490,peix3manso,peix3manso,neutro,1.0,COLOCA A MAOZINHA NA PERNA
1:48:10,6490,pedepanomttriste,PeDePanoMtTriste,neutro,1.0,Esse é o desabafo do meu jubileu
1:48:11,6491,bhcbmds_0,bhcbmds_0,neutro,1.0,"Brota em uma loja de lâminas, espadas, canivetes, etc"
1:48:12,6492,utsuki133,utsuki133,engraçado,1.0,Kkkkkkkkk
1:48:12,6492,lanadka,Lanadka,engraçado,1.0,Kkkkkkkkkkkkkkkkkkk
1:48:13,6493,cl0suree,cl0suree,neutro,1.0,Akkakakakaka
1:48:16,6496,toshierick,ToshiErick,neutro,1.0,bttvNice
1:48:16,6496,lucian2_,lucian2_,engraçado,1.0,Kkkkkkk
1:48:18,6498,wesleykolomar_br,wesleykolomar_br,positivo,1.0,melhor que o Lance Stroll
1:48:19,6499,peix3manso,peix3manso,neutro,1.0,NAO OUSE TIRAR ANTES DA MAOZINHA
1:48:20,6500,pedro_polegar,pedro_polegar,neutro,1.0,Papo de caps isso aí
1:48:22,6502,peix3manso,peix3manso,neutro,1.0,MACACO ESPERTO
1:48:23,6503,yuriairesb,YuriAiresB,confuso,1.0,Cadê o arrocha que toca com esse vídeo?
1:48:24,6504,peix3manso,peix3manso,neutro,1.0,asaaaaaaaaaaaaaaaa
1:48:25,6505,ozonary,oZonary,neutro,1.0,deu doidera nele
1:48:26,6506,peix3manso,peix3manso,neutro,1.0,aaaaaaaaaaaaaaa
1:48:27,6507,licht_zayy,licht_zayy,neutro,1.0,Ele tá ameaçando fechar a live
1:48:27,6507,designerdepiada,designerdepiada,positivo,0.5,orangotango dirigi melhor q eu vtnc
1:48:30,6510,lcxlol,LCxlol,engraçado,1.0,KKKKKKKKKKKKKKK
1:48:31,6511,hieroglifo__,hieroglifo__,neutro,1.0,onde q esse porra tá
1:48:31,6511,peix3manso,peix3manso,positivo,1.0,the goat
1:48:31,6511,lcxlol,LCxlol,engraçado,1.0,KKKKKKKKKKKKKKKK
1:48:32,6512,breelays,breelays,neutro,1.0,parece minha vo
1:48:34,6514,jpcurty007_,jpcurty007_,positivo,0.4,ver live grava é bom mas ao vivo é mt melhor qq isso kkkkkkkkkk
1:48:34,6514,palhaco7,palhaco7,neutro,1.0,Isso
1:48:35,6515,peix3manso,peix3manso,positivo,1.0,the eternal goat
1:48:42,6522,swozagsm,swozagsm,engraçado,1.0,Baka motorista
1:48:42,6522,toshierick,ToshiErick,neutro,1.0,@hieroglifo__ coreia do norte
1:48:45,6525,peix3manso,peix3manso,neutro,1.0,e observa
1:48:47,6527,sutoff_,sutoff_,engraçado,1.0,kkkkkkkkkkkkk
1:48:48,6528,alexandrejnr,AlexandreJnR,neutro,1.0,Live gravada e ele so na call mandando audio 100% atualizado
1:48:49,6529,darkizito,Darkizito,neutro,1.0,Ow Droga é o bryan
1:48:49,6529,tristesatanexe,TristeSatanExe,neutro,1.0,AKAKKAKAAAKKAKAAKA
1:48:50,6530,ayanmelo,ayanmelo,engraçado,0.5,ue o baka tem carteira de motorista?
1:48:51,6531,giovani6jogadoh,giovani6jogadoh,neutro,1.0,para com isso man
1:48:51,6531,peix3manso,peix3manso,neutro,1.0,slc
1:48:52,6532,re4per_r_,re4per_r_,neutro,1.0,Baka colocando video enquanto vai para o bairro dele
1:48:53,6533,pedepanomttriste,PeDePanoMtTriste,neutro,1.0,Da 1 hora de live esse cara que fechar ja
1:48:54,6534,himajindesuu,himajindesuu,neutro,1.0,live resumida em assistir aves
1:48:54,6534,pedro_polegar,pedro_polegar,neutro,1.0,O Baka é o nosso doido do centro
1:48:54,6534,estunado_hattori,estunado_hattori,confuso,1.0,esse macaco é mais espero que muita gente
1:48:55,6535,rickppmpc,rickppmpc,engraçado,1.0,Kkkkkkkk
1:48:55,6535,vinizann,vinizann,engraçado,1.0,kkkkkkkk
1:48:57,6537,peix3manso,peix3manso,engraçado,1.0,queria que fosse meu pai
1:48:59,6539,riiyuji,Riiyuji,neutro,1.0,e o rerun torando
1:49:02,6542,hieroglifo__,hieroglifo__,engraçado,1.0,@ToshiErick peepoHappy
1:49:05,6545,licht_zayy,licht_zayy,neutro,1.0,Orangotango entregas
1:49:08,6548,debbyznha,debbyznha,engraçado,1.0,vazou imagens do baka dirigindo
1:49:11,6551,jpcurty007_,jpcurty007_,confuso,1.0,alguém entrega um gtr na mão desse orangotango aí
1:49:11,6551,re4per_r_,re4per_r_,neutro,1.0,Galera esse não é o baka pq ele ta sem oculos
1:49:13,6553,lcxlol,LCxlol,confuso,1.0,Essa é a pausa pra mijada em mendigos japoneses????/
1:49:14,6554,peixe04,peixe04,neutro,1.0,perdi tudo
1:49:15,6555,mfavinhaa,mfavinhaa,neutro,1.0,esse cara que ta no volante é bem calado n falou nd até agora
1:49:15,6555,palhaco7,palhaco7,engraçado,1.0,Ctz q derrubou o celular na água e AGR tá de gracinha
1:49:18,6558,peix3manso,peix3manso,neutro,1.0,NEM FODEDNDO
1:49:23,6563,pedepanomttriste,PeDePanoMtTriste,neutro,1.0,Da seta macaco fdp
1:49:23,6563,pedro_polegar,pedro_polegar,neutro,1.0,Agora fica até amanhã esse orangotango ai
1:49:23,6563,peix3manso,peix3manso,neutro,1.0,ELE COLOCOU A MAO NO TETO
1:49:28,6568,stallone_caminhoneiro,stallone_caminhoneiro,engraçado,1.0,parece motorista de onibus
1:49:28,6568,lostcaco,LostCaco,engraçado,1.0,acabou a bateria
1:49:28,6568,yuriairesb,YuriAiresB,positivo,1.0,Namorada ligou pro Baka e ele precisou nos entreter
1:49:28,6568,sutoff_,sutoff_,neutro,1.0,esse cara no volante ta solteiro
1:49:29,6569,matyfofo,matyfofo,confuso,1.0,"Caraí baka, usou mixoxidil pra caralho em"
1:49:30,6570,sutoff_,sutoff_,confuso,1.0,?
1:49:32,6572,wesleykolomar_br,wesleykolomar_br,neutro,1.0,gg
1:49:34,6574,peix3manso,peix3manso,neutro,1.0,krl o dia mais feliz da minha vida
1:49:34,6574,alexandrejnr,AlexandreJnR,neutro,1.0,NotLikeThis NotLikeThis
1:49:34,6574,lzink0612,lzink0612,neutro,1.0,f
1:49:35,6575,kayn_noob,kayn_noob,neutro,1.0,"O homi já farmou sua meta, agora e dormir"
1:49:35,6575,toshierick,ToshiErick,neutro,1.0,nice
1:49:36,6576,the_woc,The_Woc,neutro,1.0,Acabaram os clipes
1:49:36,6576,licht_zayy,licht_zayy,neutro,1.0,F
1:49:36,6576,ozonary,oZonary,neutro,1.0,krl que mamaco ligeiro
1:49:37,6577,livinhafox2,livinhafox2,neutro,1.0,caiu no lago
1:49:37,6577,pedro_polegar,pedro_polegar,neutro,1.0,Parabéns fudeu tudo
1:49:38,6578,lukyarte,Lukyarte,neutro,1.0,W
1:49:38,6578,jettasz,jettasz,confuso,1.0,f?
1:49:39,6579,kayn_noob,kayn_noob,neutro,1.0,f
1:49:39,6579,pulchram12,pulchram12,neutro,1.0,Acende a luz
1:49:39,6579,henrioliveira100,henrioliveira100,neutro,1.0,F
1:49:40,6580,lanadka,Lanadka,neutro,1.0,F
1:49:40,6580,morisleepy,morisleepy,confuso,1.0,Ué
1:49:41,6581,lucasxd2,lucasxd2,engraçado,1.0,@peix3manso man kkkkkkkk
1:49:41,6581,pedepanomttriste,PeDePanoMtTriste,engraçado,1.0,Jogos o celular na agua
1:49:43,6583,josephh_zz,josephh_zz,neutro,1.0,F
1:49:44,6584,cackto,Cackto,neutro,1.0,quebrou
1:49:44,6584,ordepenn,ordepenn,neutro,1.0,o pitoca-inchada pegou ele.
1:49:46,6586,debbyznha,debbyznha,neutro,1.0,acabou a resenha
1:49:46,6586,bhcbmds_0,bhcbmds_0,neutro,1.0,"Glr, ja é a 5° volta que esse orangotango dá... Acho q n volta mais n"
1:49:46,6586,palhaco7,palhaco7,neutro,1.0,Morreu
1:49:46,6586,johnnyraziel666,johnnyraziel666,neutro,1.0,F
1:49:47,6587,lcxlol,LCxlol,neutro,1.0,F live
1:49:47,6587,oliv_yashi,oliv_yashi,neutro,1.0,F
1:49:47,6587,jpcurty007_,jpcurty007_,neutro,1.0,baka caiu no lago ctz
1:49:47,6587,lolls2,lolls2,confuso,1.0,Oxi meo
1:49:48,6588,lostcaco,LostCaco,neutro,1.0,morreu o cel
1:49:49,6589,martybound,martybound,neutro,1.0,"pra que fechar a live, arrogante"
1:49:51,6591,eunaasaa,eunaasaa,neutro,1.0,W speed
1:49:52,6592,lzink0612,lzink0612,confuso,1.0,f?
1:49:53,6593,passarobllue,passarobllue,neutro,1.0,Tenho medo do escuro
1:49:53,6593,ciel_smile_phantonhive,Ciel_Smile_Phantonhive,neutro,1.0,Fear of the dark
1:49:54,6594,matcos25,matcos25,neutro,1.0,Ele deve tá trollando de novo
1:49:55,6595,palhaco7,palhaco7,neutro,1.0,O cagado pegou ele
1:49:55,6595,breelays,breelays,neutro,1.0,f
1:49:55,6595,lcxlol,LCxlol,neutro,1.0,Levaram o baka pro Além
1:49:55,6595,josephh_zz,josephh_zz,neutro,1.0,Pato pegou a live
1:49:56,6596,estunado_hattori,estunado_hattori,neutro,1.0,ez
1:49:57,6597,carlosdbg,Carlosdbg,neutro,1.0,Yakuza pegou ele
1:49:58,6598,peix3manso,peix3manso,neutro,1.0,oi
1:49:58,6598,ozonary,oZonary,neutro,1.0,virou peixinho
1:49:58,6598,pulchram12,pulchram12,neutro,1.0,Voltou
1:49:58,6598,4kingsama,4Kingsama,confuso,1.0,"olá, gente, tudo bem com vocês?"
1:49:58,6598,pedepanomttriste,PeDePanoMtTriste,neutro,1.0,NÃO CONSIGO LER NADA
1:49:58,6598,toshierick,ToshiErick,neutro,1.0,vorto
1:49:58,6598,alektrospirozy,Alektrospirozy,neutro,1.0,Foi zoar e o destino cobrou
1:50:01,6601,pinguysx,PinguYsx,neutro,1.0,bbl
1:50:01,6601,johnnyraziel666,johnnyraziel666,neutro,1.0,FFFFFFFF
1:50:01,6601,jpcurty007_,jpcurty007_,confuso,1.0,alguém resgata o baka no tietê aí
1:50:01,6601,lc_felipe,lc_felipe,neutro,1.0,"F baka, virou comida de yakuza"
1:50:01,6601,alexandrejnr,AlexandreJnR,neutro,1.0,F
1:50:01,6601,felippefarr,felippefarr,neutro,1.0,foi em busca do pato
1:50:02,6602,furyxd_,FuryXD_,neutro,1.0,ae
1:50:02,6602,lzink0612,lzink0612,neutro,1.0,tchola
1:50:02,6602,juju__b4,juju__b4,engraçado,1.0,cellOlhando cellOlhando
1:50:03,6603,sutoff_,sutoff_,neutro,1.0,@martybound arrogãntchi
1:50:04,6604,ckr4nio,ckr4nio,neutro,1.0,o pato derrubou a lifve
1:50:04,6604,jpcurty007_,jpcurty007_,neutro,1.0,VOLTOU
1:50:05,6605,daikii_zzz,daikii_zzz,confuso,1.0,Oxi
1:50:05,6605,passarobllue,passarobllue,neutro,1.0,W baka
1:50:05,6605,pizzamozzagyro64,pizzamozzagyro64,neutro,1.0,Baka foi sequestrado pelo pato
1:50:06,6606,davidgolartt,davidgolartt,neutro,1.0,Voltou
1:50:09,6609,pedreirosensualizador,pedreirosensualizador,engraçado,1.0,Live precária
1:50:09,6609,oliv_yashi,oliv_yashi,confuso,1.0,Fez pausa pra responder o ZAP né safado?
1:50:10,6610,giorootz,giorootz,neutro,1.0,achei q tinha acabado
1:50:10,6610,izei_,Izei_,engraçado,1.0,kkkkkkkkkkkkkkkkkkkkk
1:50:11,6611,lcxlol,LCxlol,engraçado,1.0,kkkkkkkk
1:50:12,6612,palhaco7,palhaco7,neutro,1.0,Droga ele ainda tá vivo.....
1:50:13,6613,peix3manso,peix3manso,neutro,1.0,fic
1:50:14,6614,lolls2,lolls2,neutro,1.0,Kakakakakakakaka
1:50:15,6615,pedro_polegar,pedro_polegar,neutro,1.0,Eu não acredito não
1:50:15,6615,lee_cego1,lee_cego1,engraçado,1.0,kkkkkkkkkkkkk
1:50:16,6616,bob_zink,bob_zink,neutro,1.0,40 minutos
1:50:17,6617,alexandrejnr,AlexandreJnR,neutro,1.0,Ate o jumento chora
1:50:17,6617,yuriairesb,YuriAiresB,neutro,1.0,1min
1:50:18,6618,giovani6jogadoh,giovani6jogadoh,confuso,1.0,"fudeu rapaziada, agora só ano que vem"
1:50:18,6618,pulchram12,pulchram12,neutro,1.0,Uns 30 segundos
1:50:18,6618,tohagi,tohagi,neutro,1.0,nao so macaco
1:50:18,6618,grayoden,Grayoden,neutro,1.0,MeSweat
1:50:19,6619,pedepanomttriste,PeDePanoMtTriste,neutro,1.0,5 horas
1:50:19,6619,residente_dorminhoko,residente_dorminhoko,neutro,1.0,30s
1:50:19,6619,ozonary,oZonary,neutro,1.0,uns 30
1:50:19,6619,toshierick,ToshiErick,neutro,1.0,uns 3 minutos
1:50:20,6620,eunaasaa,eunaasaa,neutro,1.0,guarda-chuva-chan
1:50:21,6621,dlemonster,DlEmonster,neutro,1.0,fic moment
1:50:22,6622,palhaco7,palhaco7,neutro,1.0,Mais de 1 minuto
1:50:23,6623,hesiogu,hesiogu,neutro,1.0,o video inteiro
1:50:24,6624,peix3manso,peix3manso,neutro,1.0,fic ͏
1:50:24,6624,darkizito,Darkizito,engraçado,1.0,kkkkkkkkkkkkkkk
1:50:24,6624,bhcbmds_0,bhcbmds_0,neutro,1.0,KAKAKAKAKAKAKAKAKAKAKAKAKAK
1:50:25,6625,bagreeeeeeeee,BAGREeeeeeeee,neutro,1.0,ResidentSleeper
1:50:25,6625,lanadka,Lanadka,neutro,1.0,Fechou e se arrependeu e voltou
1:50:25,6625,luizfert,luizfert,neutro,1.0,HypePopcorn
1:50:26,6626,lainees_,lainees_,confuso,1.0,@peix3manso saiu da live do fofo pra vir ver o baka caminhar no japão?
1:50:26,6626,johnnyraziel666,johnnyraziel666,engraçado,1.0,"o Hannibal viu uma vitima ai, teve que sair da Live rapidinho kkkkk"
1:50:27,6627,monicanaves,monicanaves,neutro,1.0,Oiii
1:50:28,6628,breelays,breelays,confuso,1.0,vai pular no lago??
1:50:29,6629,b4dbl4de,B4DBL4DE,neutro,1.0,fic
1:50:29,6629,lzink0612,lzink0612,neutro,1.0,10hrs
1:50:29,6629,pedro_polegar,pedro_polegar,neutro,1.0,Não acredito
1:50:29,6629,josephh_zz,josephh_zz,neutro,1.0,4 meses
1:50:29,6629,debbyznha,debbyznha,neutro,1.0,ah sim sei
1:50:30,6630,licht_zayy,licht_zayy,neutro,1.0,Fic
1:50:30,6630,re4per_r_,re4per_r_,engraçado,1.0,OMEGALUL
1:50:32,6632,lanadka,Lanadka,engraçado,1.0,Kkkkkkkkkk
1:50:33,6633,lolls2,lolls2,neutro,1.0,FIC DEMAIS
1:50:33,6633,ckr4nio,ckr4nio,neutro,1.0,2 minutos
1:50:33,6633,peixe04,peixe04,positivo,1.0,"a pensei q eu tinha chegado no final da live, vamoo"
1:50:35,6635,lukyarte,Lukyarte,neutro,1.0,2 anos
1:50:35,6635,suddakka,suddakka,neutro,1.0,Duas phoenix down em uma live
1:50:35,6635,italoitz,italoitz,confuso,1.0,onde o mano baka ta ?
1:50:36,6636,pizzamozzagyro64,pizzamozzagyro64,engraçado,1.0,Kkkkkkkk
1:50:37,6637,fantasmazero,Fantasmazero,confuso,1.0,oxi ta de dia
1:50:38,6638,debbyznha,debbyznha,neutro,1.0,uns 2 minutos
1:50:39,6639,luizfert,luizfert,positivo,1.0,SAMSUNG É FODA
1:50:39,6639,jpcurty007_,jpcurty007_,positivo,1.0,achamos que vc tinha caído no lago
1:50:40,6640,sutoff_,sutoff_,neutro,1.0,voce tem 1 hora e 50 de live deve ter ficado umas 5 horas em media
1:50:41,6641,jeffstaz,jeffstaz,neutro,1.0,Desde 1h e 50
1:50:43,6643,pedepanomttriste,PeDePanoMtTriste,confuso,1.0,Foi 2 min quais
1:50:44,6644,palhaco7,palhaco7,neutro,1.0,5 minutos
1:50:47,6647,pedro_polegar,pedro_polegar,engraçado,1.0,Igual doido mesmo kkkkkk
1:50:53,6653,lucas27dark,lucas27dark,neutro,1.0,Huehueheuheuehue
1:50:54,6654,eunaasaa,eunaasaa,confuso,1.0,"isso é migué, vc tirou a live pra dar um mijão no pato"
1:50:55,6655,veirazzz1,veirazzz1,neutro,1.0,pesca peixe ae
1:50:56,6656,pedepanomttriste,PeDePanoMtTriste,engraçado,1.0,Falano sozinho c a live fechada vsf kkkkkkkkkk
1:50:59,6659,coxinhaa04,coxinhaa04,engraçado,1.0,kkk
1:51:04,6664,breelays,breelays,neutro,1.0,hoooo modãoooo
1:51:04,6664,re4per_r_,re4per_r_,neutro,1.0,7Cinema
1:51:06,6666,sutoff_,sutoff_,engraçado,1.0,@eunaasaa KKKKKKKKKKKKKKKK
1:51:08,6668,pulchram12,pulchram12,engraçado,1.0,LUL LUL
1:51:09,6669,italoitz,italoitz,neutro,1.0,!local
1:51:11,6671,bhcbmds_0,bhcbmds_0,inspirado,1.0,"Baka, faz live pescando"
1:51:11,6671,giovani6jogadoh,giovani6jogadoh,neutro,1.0,isso é papo de the voice
1:51:16,6676,pedro_polegar,pedro_polegar,neutro,1.0,Doido do centro real mané
1:51:18,6678,lcxlol,LCxlol,engraçado,1.0,@eunaasaa kkkkkkkkkkkkkkk
1:51:18,6678,johnnyraziel666,johnnyraziel666,confuso,1.0,"HAnnibal e pernalonga, devo desconfiar ?????????"
1:51:19,6679,b4dbl4de,B4DBL4DE,neutro,1.0,estava cantando para a natureza
1:51:22,6682,giovani6jogadoh,giovani6jogadoh,neutro,1.0,agora canta de novo
1:51:26,6686,debbyznha,debbyznha,neutro,1.0,!followage
1:51:27,6687,pedepanomttriste,PeDePanoMtTriste,neutro,1.0,Só contemplando a existência
1:51:29,6689,veirazzz1,veirazzz1,neutro,1.0,esse piso ae lisin pra cair
1:51:31,6691,pedreirosensualizador,pedreirosensualizador,engraçado,1.0,Cada dia mais precário
1:51:33,6693,leitadordebarbudos,LeitadorDeBarbudos,neutro,1.0,sepad
1:51:37,6697,lcxlol,LCxlol,engraçado,1.0,Foi mijar e deixou um Clip dele dirigindo bizarro
1:51:40,6700,pedro_polegar,pedro_polegar,neutro,1.0,Jovem místico
1:51:43,6703,pizzamozzagyro64,pizzamozzagyro64,neutro,1.0,Saiu na porrada com o pato e perdeu e tá disfarçado aí
1:51:44,6704,ciel_smile_phantonhive,Ciel_Smile_Phantonhive,confuso,1.0,Vc tá no Ibirapuera?
1:51:52,6712,lucazwayne,LucazWayne,neutro,1.0,RaccoonPop
1:51:52,6712,marryros098,marryros098,neutro,1.0,Helooou helooou
1:51:54,6714,matcos25,matcos25,neutro,1.0,Realmente é um bakagaijin
1:51:55,6715,monicanaves,monicanaves,neutro,1.0,SeemsGood
1:51:58,6718,josephh_zz,josephh_zz,confuso,1.0,Ai tem Piranha?
1:51:58,6718,pedepanomttriste,PeDePanoMtTriste,neutro,1.0,Tava guardando a chuva
1:52:01,6721,sutoff_,sutoff_,engraçado,1.0,zoio desafio voce dar um tibum nessa agua e capturar um passarinho
1:52:01,6721,jpcurty007_,jpcurty007_,confuso,1.0,vai voltar pros becos quando baka? já mapeou todos eles e não tem mais nenhum pra ir?
1:52:04,6724,julynhatoys,JulynhaToys,neutro,1.0,F chuteira
1:52:07,6727,veirazzz1,veirazzz1,engraçado,1.0,o sliencio KKKKKKKKKKK
1:52:10,6730,leitadordebarbudos,LeitadorDeBarbudos,engraçado,0.5,Guri de 6 anos mal sabe correr a mae posta foto todo dia falando que vai ser jogador
1:52:10,6730,bhcbmds_0,bhcbmds_0,neutro,1.0,Parou a live pra torcer as roupas
1:52:12,6732,psyfoxxx,PsyFoxxx,positivo,1.0,Cheer100 Cheer1 corvo arrombado
1:52:12,6732,monicanaves,monicanaves,neutro,1.0,HeyGuys
1:52:12,6732,beyond_desolation2,Beyond_Desolation2,neutro,1.0,k
1:52:13,6733,toshierick,ToshiErick,neutro,1.0,oloko
1:52:18,6738,pedepanomttriste,PeDePanoMtTriste,neutro,1.0,iiiiiiihhhhh vai tomano
1:52:19,6739,josephh_zz,josephh_zz,neutro,1.0,Tomei de graça
1:52:19,6739,b4dbl4de,B4DBL4DE,neutro,1.0,wheeyyy
1:52:19,6739,thrillerzs,thrillerzs,confuso,1.0,"Voltei do Trono, se ja foi ve o Chico Inazaki ?"
1:52:20,6740,palhaco7,palhaco7,engraçado,1.0,Kkkkkkkkkkk
1:52:21,6741,pedro_polegar,pedro_polegar,neutro,1.0,Na outra encarnação o cara foi pato
1:52:26,6746,johnnyraziel666,johnnyraziel666,confuso,1.0,"BAka, vc já viu  os conteúdos de Doraemon ai ??"
1:52:27,6747,matcos25,matcos25,neutro,1.0,Só pirarucu
1:52:27,6747,giovani6jogadoh,giovani6jogadoh,neutro,1.0,tomou de morador
1:52:36,6756,peluciacensurada,PeluciaCensurada,neutro,1.0,não tem piranha mas tem cocota
1:52:36,6756,ciel_smile_phantonhive,Ciel_Smile_Phantonhive,neutro,1.0,Tem que comprar galochinhas
1:52:46,6766,beyond_desolation2,Beyond_Desolation2,confuso,1.0,e ganso?
1:52:46,6766,debbyznha,debbyznha,neutro,1.0,só cagar e nadar
1:52:48,6768,miguelangello1918,miguelangello1918,neutro,1.0,Canta a música do pato
1:52:50,6770,monicanaves,monicanaves,confuso,1.0,Desde quando ta aí?
1:52:51,6771,pedepanomttriste,PeDePanoMtTriste,neutro,1.0,Nessa tu é viavel
1:52:55,6775,veirazzz1,veirazzz1,neutro,1.0,rouba um ae
1:52:55,6775,johnnyraziel666,johnnyraziel666,neutro,1.0,pato deve estar duro
1:53:00,6780,leitadordebarbudos,LeitadorDeBarbudos,neutro,1.0,e ai nos faz festa
1:53:01,6781,josephh_zz,josephh_zz,neutro,1.0,Tem que saber pedalar
1:53:03,6783,xrestrito,xrestrito,neutro,1.0,tem uns peladinho
1:53:03,6783,dowtsf,dowtsf,confuso,1.0,"ifood entrar, pedir comida agora? Cachorro assado na brasa?"
1:53:06,6786,pedepanomttriste,PeDePanoMtTriste,neutro,1.0,Só se ce cair na agua
1:53:06,6786,matcos25,matcos25,frustrado,1.0,Já falei merda bóia
1:53:07,6787,cafeebomdemaiss,cafeebomdemaiss,neutro,1.0,aaaaaaaaaaaaain bakinha
1:53:08,6788,sutoff_,sutoff_,positivo,1.0,pato donald é melhor que o mickey
1:53:12,6792,peix3manso,peix3manso,neutro,1.0,ent
1:53:13,6793,cafeebomdemaiss,cafeebomdemaiss,neutro,1.0,delicioso
1:53:13,6793,oliv_yashi,oliv_yashi,engraçado,0.5,"E o projeto com o cariani Baka, vai rolar quando?"
1:53:14,6794,thrillerzs,thrillerzs,neutro,1.0,é uma armadilha de poseidon
1:53:15,6795,c9key26,c9key26,confuso,1.0,"baka, GG fkng eazy por ai?"
1:53:17,6797,miguelangello1918,miguelangello1918,confuso,1.0,Aí tem aqueles pedalinho de pato???
1:53:18,6798,cafeebomdemaiss,cafeebomdemaiss,neutro,1.0,bakinha voltou
1:53:21,6801,johnnyraziel666,johnnyraziel666,confuso,1.0,Já comeu Dorayaki baka ???
1:53:21,6801,julianosniperr,julianosniperr,neutro,1.0,Tem que fazer um teste na hora
1:53:23,6803,giovani6jogadoh,giovani6jogadoh,neutro,1.0,"tem que ter carta, pelo menos de caminhão"
1:53:24,6804,licht_zayy,licht_zayy,neutro,1.0,"ABC do Pará, pato no tucupi..."
1:53:25,6805,jpcurty007_,jpcurty007_,engraçado,1.0,interessante que quando o baka colocou o orangotango dirigindo subiu pra 1800 pessoas assistindo e quando ele voltou caiu pra 1750 dnv kkkkk
1:53:26,6806,ciel_smile_phantonhive,Ciel_Smile_Phantonhive,neutro,1.0,Pedalinhos são assustadores
1:53:37,6817,veirazzz1,veirazzz1,confuso,1.0,sabe quantos idiomas?
1:53:50,6830,pedepanomttriste,PeDePanoMtTriste,neutro,1.0,Para de bate com meu p4u na tua cara
1:53:50,6830,darkizito,Darkizito,neutro,1.0,fic
1:53:53,6833,marcsvinicis,MarcsVinicis,confuso,1.0,voltou pra esse fim de mundo?
1:53:56,6836,johnnyraziel666,johnnyraziel666,neutro,1.0,a ave está graúda
1:54:05,6845,veirazzz1,veirazzz1,neutro,1.0,asmr dnv
1:54:08,6848,leitadordebarbudos,LeitadorDeBarbudos,neutro,1.0,A mordida do coco é feroz
1:54:14,6854,dowtsf,dowtsf,confuso,1.0,"sabia que meu tempo médio de ereção é 2 minutos? Exatamente, 2 minutos... sim, dois minutos"
1:54:15,6855,pedepanomttriste,PeDePanoMtTriste,neutro,1.0,Barulhinho agradável hein
1:54:18,6858,estunado_hattori,estunado_hattori,positivo,0.5,vc serveria para um bom pato no tucupi
1:54:29,6869,fairlylo,fairlylo,neutro,1.0,eh eu com meu pod queimado
1:54:30,6870,thrillerzs,thrillerzs,confuso,1.0,é mais facil voce achar 1 milhão na calçada doque morrer de tubarão
1:54:30,6870,cafeebomdemaiss,cafeebomdemaiss,confuso,1.0,ta onde baka? em salvador agora?
1:54:31,6871,jpcurty007_,jpcurty007_,neutro,1.0,"e a fomaça do meu beck, desculpa"
1:54:35,6875,pedepanomttriste,PeDePanoMtTriste,engraçado,1.0,11 de setembro ja passou primo
1:54:36,6876,veirazzz1,veirazzz1,neutro,1.0,e o seu dia baka
1:54:36,6876,johnnyraziel666,johnnyraziel666,engraçado,1.0,ta todo felpudo em Baka kkkkkk
1:54:36,6876,zackiifa,zackiifa,confuso,1.0,baka quem é mais alto vc ou um esquilo?
1:54:38,6878,duh_dudu_edu,duh_dudu_edu,engraçado,0.5,hj e feriado ai?
1:54:38,6878,palhaco7,palhaco7,neutro,1.0,Dia do saci
1:54:41,6881,dudu_da_maconaria,dudu_da_maconaria,confuso,1.0,da pra curar azia e ma digestao com porra?
1:54:42,6882,josephh_zz,josephh_zz,neutro,1.0,Queimando a Rosca
1:54:47,6887,dowtsf,dowtsf,neutro,1.0,"por que uma é par, a outra é impar"
1:54:48,6888,julianosniperr,julianosniperr,neutro,1.0,E amônia
1:54:48,6888,pedepanomttriste,PeDePanoMtTriste,neutro,1.0,Insônia tb
1:54:57,6897,matcos25,matcos25,confuso,1.0,Pq ambos lembra amônia?
1:54:59,6899,smelllycat_,smelllycat_,neutro,1.0,Tadinho
1:54:59,6899,peluciacensurada,PeluciaCensurada,engraçado,1.0,tudo deriva de amônia
1:55:09,6909,xablau_xyz,xablau_xyz,engraçado,1.0,faz rinha de peixe
1:55:10,6910,peix3manso,peix3manso,neutro,1.0,loko
1:55:10,6910,mistavo,Mistavo,neutro,1.0,Mini Koi AYAYA
1:55:11,6911,e006cr,e006cr,confuso,1.0,O que é um sufixo?
1:55:11,6911,palhaco7,palhaco7,neutro,1.0,🐢
1:55:13,6913,pedrim30,Pedrim30,confuso,1.0,voltou pra carapicuiba?
1:55:13,6913,pedepanomttriste,PeDePanoMtTriste,neutro,1.0,E o chaves comendo essa porra crua
1:55:15,6915,ciel_smile_phantonhive,Ciel_Smile_Phantonhive,neutro,1.0,Bugonia
1:55:15,6915,eunaasaa,eunaasaa,confuso,1.0,existe dia nacional do baiano ai no japão?
1:55:16,6916,psyfoxxx,PsyFoxxx,neutro,1.0,Hoje é dia internacional do bumbum guloso
1:55:16,6916,veirazzz1,veirazzz1,confuso,1.0,comer peixe desse tamanho? a pessoa ta necessitando
1:55:24,6924,apolos,Apolos,neutro,1.0,eae baka
1:55:24,6924,sutoff_,sutoff_,neutro,1.0,@e006cr aquele bgl da igreja la
1:55:29,6929,leitadordebarbudos,LeitadorDeBarbudos,engraçado,1.0,Simaria e Simonia
1:55:30,6930,crocodilebay,crocodilebay,neutro,1.0,maconha
1:55:31,6931,jpcurty007_,jpcurty007_,confuso,1.0,@PsyFoxxx ent hoje é dia do baka?
1:55:38,6938,grayoden,Grayoden,confuso,1.0,Crusufixo?
1:55:44,6944,psyfoxxx,PsyFoxxx,neutro,1.0,@jpcurty007_ aí é todo dia
1:55:50,6950,pizza_gostosa,pizza_gostosa,confuso,1.0,ele voltou pro japao?
1:55:52,6952,ciel_smile_phantonhive,Ciel_Smile_Phantonhive,neutro,1.0,Bugônia
1:55:59,6959,peix3manso,peix3manso,neutro,1.0,mae de peixe
1:55:59,6959,pedepanomttriste,PeDePanoMtTriste,neutro,1.0,Guarda no bolso
1:56:03,6963,hayzigg,Hayzigg,confuso,1.0,Gente o bala voltou pro Japão?
1:56:07,6967,eunaasaa,eunaasaa,positivo,0.5,@pizza_gostosa é Curitiba
1:56:08,6968,passarobllue,passarobllue,neutro,1.0,Vai mijar baka
1:56:08,6968,hemoglobina05,hemoglobina05,positivo,1.0,@pizza_gostosa ta na liberdade
1:56:09,6969,hayzigg,Hayzigg,neutro,1.0,Baka
1:56:14,6974,beyond_desolation2,Beyond_Desolation2,confuso,1.0,Qual penúltimo filme q vc assistiu baka?
1:56:21,6981,marcao0_0,marcao0_0,neutro,1.0,Tem q fazer live ai um dia
1:56:21,6981,darlling24,darlling24,positivo,0.5,"Boa noite chat, bom dia pra vc baka, @BakaGaijinLive jjá falaram pra você que tu parece o protagonista Jonas da serie Dark?"
1:56:33,6993,paulinhohetero,PaulinhoHetero,neutro,1.0,É só colocar o peixe no bolso e levar para casa
1:56:33,6993,kevin19376,kevin19376,neutro,1.0,Baka vai voltar quando pro Brasil
1:56:35,6995,josephh_zz,josephh_zz,neutro,1.0,Dorama
1:56:35,6995,crocodilebay,crocodilebay,confuso,1.0,zoologico? por isso q tem um veadão bonito desse solto?
1:56:36,6996,raritofv,raritofv,neutro,1.0,Brasil desse jeito e o Baka no JP
1:56:37,6997,pedepanomttriste,PeDePanoMtTriste,neutro,1.0,"Pra quem fechar o zoológico, como se os bicho fosse pra casa"
1:56:38,6998,veirazzz1,veirazzz1,neutro,1.0,cardiozin ja vai ser feito
1:56:42,7002,pedro_polegar,pedro_polegar,neutro,1.0,Ta aproveitando a chuva pra tomar banho
1:56:43,7003,mathrg2344,mathrg2344,engraçado,1.0,Carai tá de óculos kkkk
1:56:46,7006,marcao0_0,marcao0_0,neutro,1.0,Live no zoológico
1:56:46,7006,jpcurty007_,jpcurty007_,confuso,1.0,"@PsyFoxxx entendi, to muito novato aqui ainda então vou anotar isso... algo a acrescentar?"
1:56:48,7008,matcos25,matcos25,confuso,1.0,E quem disse q isso é problema meu?
1:56:49,7009,passarobllue,passarobllue,neutro,1.0,Assiste Phenomena
1:56:51,7011,kayn_noob,kayn_noob,confuso,1.0,e qual o ultimo porno que tu participou ?
1:56:51,7011,psyfoxxx,PsyFoxxx,neutro,1.0,transgressor
1:56:52,7012,yuriairesb,YuriAiresB,confuso,1.0,"Baka, você já deu Sembei pros Veado?"
1:56:55,7015,hayzigg,Hayzigg,confuso,1.0,Baka e as japas aí rola um casual?
1:56:56,7016,camila_mq,Camila_Mq,confuso,1.0,Terminou de assistir Silo?
1:57:00,7020,e006cr,e006cr,neutro,1.0,Oloko
1:57:15,7035,pedepanomttriste,PeDePanoMtTriste,engraçado,1.0,Tu é turista amigo
1:57:15,7035,ciel_smile_phantonhive,Ciel_Smile_Phantonhive,engraçado,1.0,Peripécias na garoa
1:57:19,7039,pizza_gostosa,pizza_gostosa,neutro,1.0,Isso parece RJ
1:57:19,7039,oliveiradriell,oliveiradriell,confuso,1.0,viu black matter?
1:57:19,7039,bhcbmds_0,bhcbmds_0,neutro,1.0,"Come alguma coisa, vê um Lamen ai"
1:57:19,7039,lucian2_,lucian2_,engraçado,1.0,Oloko kkkkkkkkkkkkkkkkkkkkkk
1:57:21,7041,kkgoji,kkgoji,neutro,1.0,todo fudido
1:57:22,7042,lostcaco,LostCaco,engraçado,1.0,faz tutorial de como urinar na rua segurando guarda-chuva
1:57:22,7042,veirazzz1,veirazzz1,engraçado,1.0,KKKKKKKKK
1:57:28,7048,snowzinhooodobaire,雪が少ない,neutro,1.0,bakagaFoto
1:57:31,7051,pedro_polegar,pedro_polegar,positivo,1.0,Se for deportado é bom que não paga passagem
1:57:31,7051,pedepanomttriste,PeDePanoMtTriste,neutro,1.0,Nunca mais faz isso
1:57:35,7055,paulinhohetero,PaulinhoHetero,confuso,1.0,Tem muito japones bonito ai ?
1:57:35,7055,pontoporiablainvillei,pontoporiablainvillei,confuso,1.0,"braga, que perfume voce esta usando hoje?"
1:57:36,7056,kkgoji,kkgoji,confuso,1.0,O QUE VC ACHOU DO SILO
1:57:36,7056,lukyarte,Lukyarte,engraçado,1.0,KKKKKKK
1:57:43,7063,oliv_yashi,oliv_yashi,positivo,1.0,"Cuidado Baka, desse jeito vai ser preso por excesso de amor ao próximo"
1:57:51,7071,giovani6jogadoh,giovani6jogadoh,neutro,1.0,vai gracinha
1:57:57,7077,megapham,megapham,neutro,1.0,megapham watched 10 consecutive streams and sparked a watch streak!
1:58:01,7081,pontoporiablainvillei,pontoporiablainvillei,neutro,1.0,ajuda o pombo
1:58:01,7081,veirazzz1,veirazzz1,neutro,1.0,minha pomba ae
1:58:08,7088,kevin19376,kevin19376,engraçado,1.0,Olha a pomba kkkkkkkk
1:58:09,7089,eunaasaa,eunaasaa,neutro,1.0,pombo subindo degrau fds
1:58:09,7089,sutoff_,sutoff_,neutro,1.0,voce pode voar
1:58:11,7091,rivaldorivas,RivaldoRivas,engraçado,1.0,kkkk
1:58:11,7091,hayzigg,Hayzigg,neutro,1.0,Do nono EP pra lá já dá pra entender algo
1:58:15,7095,dlemonster,DlEmonster,neutro,1.0,esqueceu que podia voar
1:58:16,7096,0immerse,0Immerse,positivo,1.0,"caraca, que pombo top"
1:58:17,7097,pedepanomttriste,PeDePanoMtTriste,neutro,1.0,Pombo burro do carai bicho voa e sobe andando
1:58:17,7097,kazulixo_6,kazulixo_6,neutro,1.0,Pombo desumilde
1:58:21,7101,matcos25,matcos25,neutro,1.0,O pombo humilhando smsksks
1:58:22,7102,bhcbmds_0,bhcbmds_0,positivo,1.0,Bom que ele aceitou a sugestão
1:58:24,7104,sujuao,sujuao,neutro,1.0,cata o pombo pra almoçar
1:58:26,7106,pontoporiablainvillei,pontoporiablainvillei,neutro,1.0,nao sabia que voce era crente
1:58:29,7109,gustavo_rxx,Gustavo_rxx,confuso,1.0,VOLTOU PRA TERRA DO PINTO PEQUENO?
1:58:29,7109,julianosniperr,julianosniperr,neutro,1.0,Coitado do pombo não tem guarda chuva
1:58:36,7116,eunaasaa,eunaasaa,neutro,1.0,pombo fazendo roleplay de humano
1:58:36,7116,psyfoxxx,PsyFoxxx,neutro,1.0,jorrando
1:58:38,7118,pedro_polegar,pedro_polegar,engraçado,1.0,Filma o ritual
1:58:40,7120,mistavo,Mistavo,neutro,1.0,Dragão babando
1:58:41,7121,ciel_smile_phantonhive,Ciel_Smile_Phantonhive,engraçado,1.0,Estou vendo a live na tv e no celular
1:58:51,7131,walleoliver_,walleoliver_,neutro,1.0,veio burro derrubou tudo
1:58:56,7136,brucecorp,brucecorp,neutro,1.0,lava a mão lá
1:58:56,7136,cahzin,Cahzin,negativo,1.0,e feio gravar as pessoas no templo
1:58:56,7136,pedepanomttriste,PeDePanoMtTriste,neutro,1.0,Pensa num caba cultural
1:58:57,7137,florezzs2,florezzs2,neutro,1.0,bonito
1:58:58,7138,passarobllue,passarobllue,frustrado,1.0,Cospe dragao filho da puta
1:59:05,7145,josephh_zz,josephh_zz,neutro,1.0,Senta se não infarta
1:59:08,7148,beyond_desolation2,Beyond_Desolation2,neutro,1.0,Baka por 10 conto eu abro duas abas com tua live
1:59:10,7150,pontoporiablainvillei,pontoporiablainvillei,confuso,1.0,"oh brag, vc lavou o cabelo hoje?"
1:59:13,7153,leitadordebarbudos,LeitadorDeBarbudos,confuso,1.0,Voce consegue trocar ideia com uma moça japonesa referente a flertar?
1:59:15,7155,zlanz013,zlanz013,neutro,1.0,da a carta dragão fdp
1:59:18,7158,pizza_gostosa,pizza_gostosa,neutro,1.0,cuidado para nao escorregar
1:59:21,7161,pedepanomttriste,PeDePanoMtTriste,neutro,1.0,Nois nao voce
1:59:26,7166,luizfert,luizfert,confuso,1.0,Baka voltou p japão só a passeio ?
1:59:29,7169,paulinhohetero,PaulinhoHetero,confuso,1.0,Viu o jogo do Flamengo ?
1:59:32,7172,ciel_smile_phantonhive,Ciel_Smile_Phantonhive,neutro,1.0,^_^
1:59:32,7172,julianosniperr,julianosniperr,neutro,1.0,O jardineiro é jezus
1:59:33,7173,passarobllue,passarobllue,positivo,1.0,Que lugar lindo vsfd
1:59:35,7175,jpcurty007_,jpcurty007_,neutro,1.0,do nada virou poeta e logo voltou a ser streamer
1:59:36,7176,florezzs2,florezzs2,neutro,1.0,as árvoros somos nozes
1:59:37,7177,mistavo,Mistavo,neutro,1.0,Solta a carta dragão
1:59:39,7179,rogersouzzza,Rogersouzzza,neutro,1.0,DinoDance
1:59:39,7179,pedro_polegar,pedro_polegar,engraçado,0.667,@pizza_gostosa Deixa ele escorregar kkkkkk
1:59:44,7184,rivaldorivas,RivaldoRivas,neutro,1.0,BAKA deixa eu te ver ai
1:59:44,7184,pontoporiablainvillei,pontoporiablainvillei,engraçado,1.0,para de cantar essa coisa ridicula
1:59:46,7186,josefinotv,Josefinotv,neutro,1.0,@luizfert yes
1:59:48,7188,morisleepy,morisleepy,neutro,1.0,Olha esse Ray tracing
1:59:52,7192,yuriairesb,YuriAiresB,engraçado,0.5,"Baka, dá pra engatar a câmera no cabo da sombrinha?"
1:59:57,7197,jpcurty007_,jpcurty007_,confuso,1.0,dlss 5?
2:00:04,7204,mistavo,Mistavo,neutro,1.0,Aproveita que tá chovendo e faz ao ar livre
2:00:04,7204,kayn_noob,kayn_noob,neutro,1.0,As personalidade tentando tomar conta do corpo
2:00:05,7205,betolxi,betolxi,neutro,1.0,canta bem man
2:00:06,7206,mariposa_alada,Mariposa_Alada,neutro,1.0,Canta denovo
2:00:07,7207,pedro_polegar,pedro_polegar,positivo,0.5,Mija ai mesmo uai ta tudo molhado bom q ja lava
2:00:07,7207,beyond_desolation2,Beyond_Desolation2,engraçado,1.0,kkkkkkk
2:00:09,7209,veirazzz1,veirazzz1,neutro,1.0,senta e mija
2:00:10,7210,kayn_noob,kayn_noob,neutro,1.0,de poeta a stremer
2:00:10,7210,crocodilebay,crocodilebay,neutro,1.0,mija em qualquer canto ae
2:00:11,7211,pontoporiablainvillei,pontoporiablainvillei,neutro,1.0,"mija na roupa, ta todo molhado mesmo"
2:00:11,7211,pulchram12,pulchram12,neutro,1.0,allpac2Danc1
2:00:12,7212,vinizann,vinizann,engraçado,1.0,kkkkkkk
2:00:12,7212,kevin19376,kevin19376,neutro,1.0,Mija no mato
2:00:12,7212,pedepanomttriste,PeDePanoMtTriste,engraçado,0.5,Continua cantando essa coisa ridícula
2:00:12,7212,tobias_virgilio,tobias_virgilio,neutro,1.0,só fala de pal man
2:00:13,7213,residente_dorminhoko,residente_dorminhoko,engraçado,1.0,kkkkkkkk
2:00:15,7215,smelllycat_,smelllycat_,neutro,1.0,NotLikeThis
2:00:15,7215,ckr4nio,ckr4nio,engraçado,1.0,kkk
2:00:15,7215,marie_bsts,Marie_Bsts,engraçado,1.0,kkkkkkkkkkk
2:00:17,7217,eunaasaa,eunaasaa,engraçado,1.0,baka passa uma rasteira ai no japones só de meme
2:00:18,7218,jpcurty007_,jpcurty007_,neutro,1.0,vai passar do joelhooo
2:00:18,7218,licht_zayy,licht_zayy,confuso,1.0,"Ele quer mijar, alguém do chat abre a boca aí rapidão"
2:00:20,7220,entinyyy,entinyyy,confuso,1.0,tem no karaoke essa?
2:00:21,7221,lsnayk,lsnayk,engraçado,1.0,Kkkkkkkkk
2:00:22,7222,jettasz,jettasz,engraçado,1.0,kkkkkkkkkkkkkkk
2:00:22,7222,henrioliveira100,henrioliveira100,neutro,1.0,Canta muito slk
2:00:22,7222,peix3manso,peix3manso,neutro,1.0,:')
2:00:23,7223,yuriairesb,YuriAiresB,engraçado,1.0,kkkkkkkkkkkkkkkkk
2:00:23,7223,syzygio,syzygio,neutro,1.0,"mija ai na live rapidão, só pra eu ver um negocio"
2:00:23,7223,jpcurty007_,jpcurty007_,engraçado,1.0,kkkkkk
2:00:24,7224,pshychiatzu,PshycHiatzu,neutro,1.0,catJAM
2:00:24,7224,squallop,SquallOp,neutro,1.0,poesia
2:00:25,7225,pedepanomttriste,PeDePanoMtTriste,engraçado,1.0,KKKKKKKKKKKKKKKKKKKKKKKKKKKK
2:00:25,7225,flockie7,flockie7,neutro,1.0,as musicas sendo tudo de pau
2:00:25,7225,rogersouzzza,Rogersouzzza,confuso,1.0,Um pior do que a outra kk
2:00:26,7226,bhcbmds_0,bhcbmds_0,neutro,1.0,Baka pensando em p*nto apertado pra mijar
2:00:26,7226,betolxi,betolxi,neutro,1.0,DinoDance DinoDance DinoDance DinoDance
2:00:26,7226,mariposa_alada,Mariposa_Alada,neutro,1.0,Mija na gente
2:00:28,7228,yorraraujo,yorraraujo,confuso,1.0,live de poesia?
2:00:30,7230,leitadordebarbudos,LeitadorDeBarbudos,engraçado,1.0,kkkkkkkkkk muleque encapetado cara
2:00:30,7230,pedro_polegar,pedro_polegar,neutro,1.0,BOTA
2:00:31,7231,bhcbmds_0,bhcbmds_0,neutro,1.0,Poesia
2:00:31,7231,xrestrito,xrestrito,neutro,1.0,nem sabia q tinha tanta letra essa
2:00:31,7231,sutoff_,sutoff_,neutro,1.0,essa e og
2:00:32,7232,swiftbee_,SwiftBee_,neutro,1.0,sukivtPls sukivtPls sukivtPls
2:00:33,7233,ddingo000,ddingo000,neutro,1.0,Q desgraça kk
2:00:34,7234,the_woc,The_Woc,neutro,1.0,"Essa já é velha, canta outra"
2:00:35,7235,zkamykazez,zKAMYKAZEz,confuso,1.0,Onde vc arruma essas melodias ?
2:00:35,7235,luizfert,luizfert,positivo,1.0,@Josefinotv AA valeu man
2:00:36,7236,veirazzz1,veirazzz1,neutro,1.0,oh meu predio ae
2:00:37,7237,pontoporiablainvillei,pontoporiablainvillei,engraçado,1.0,a primeira ciruncisao
2:00:39,7239,sutoff_,sutoff_,neutro,1.0,fds
2:00:40,7240,wesleykolomar_br,wesleykolomar_br,neutro,1.0,foi mesmo eu lembro
2:00:42,7242,pedepanomttriste,PeDePanoMtTriste,engraçado,1.0,Primeiro punhetaço
2:00:45,7245,peix3manso,peix3manso,confuso,1.0,a gente tava onde?
2:00:45,7245,palhaco7,palhaco7,neutro,1.0,Verdade eu lembro
2:00:48,7248,paulinhohetero,PaulinhoHetero,positivo,0.5,O Baka daria para um bom musico
2:00:49,7249,matcos25,matcos25,neutro,1.0,O o flashback
2:00:50,7250,duckn_00,duckn_00,confuso,1.0,virou rerun?
2:00:52,7252,wesleykolomar_br,wesleykolomar_br,neutro,1.0,lembro desse dia
2:00:58,7258,lazarus_7z,Lazarus_7z,neutro,1.0,eu estava lá
2:00:59,7259,crocodilebay,crocodilebay,neutro,1.0,bons tempos
2:00:59,7259,lucian2_,lucian2_,neutro,1.0,"Abram A boca, o baka precisa mijar"
2:01:00,7260,palhaco7,palhaco7,neutro,1.0,É rerun desse dia
2:01:02,7262,proxszy,proxszy,positivo,1.0,"salve bakaaa, mow saudade das suas lives aaaaaaaa"
2:01:05,7265,sad_sosa,sad_sosa,neutro,1.0,Vrdd
2:01:06,7266,ogoosebumps,ogoosebumps,engraçado,0.5,qual celular ?
2:01:06,7266,josefinotv,Josefinotv,neutro,1.0,@luizfert jagarzPepedance
2:01:08,7268,beyond_desolation2,Beyond_Desolation2,neutro,1.0,a veia era vc msm no futuro
2:01:08,7268,skhaa,Skhaa,neutro,1.0,Lembro dessa veia
2:01:13,7273,ciel_smile_phantonhive,Ciel_Smile_Phantonhive,inspirado,1.0,As grandes paradas estão perdendo esse sucesso
2:01:14,7274,pedepanomttriste,PeDePanoMtTriste,neutro,1.0,So pedrada em live
2:01:14,7274,ebuzz250,Ebuzz250,neutro,1.0,Confirmado é rerun
2:01:16,7276,palhaco7,palhaco7,positivo,1.0,Boa entregou q é rerun
2:01:17,7277,betolxi,betolxi,neutro,1.0,eu estava la tbm
2:01:19,7279,leitadordebarbudos,LeitadorDeBarbudos,neutro,1.0,pelo menos ela nao tava assoando a xereca
2:01:20,7280,yuriairesb,YuriAiresB,neutro,1.0,refaça o caminho de toda essa live
2:01:21,7281,psyfoxxx,PsyFoxxx,neutro,1.0,pena que a velha morreu
2:01:22,7282,wesleykolomar_br,wesleykolomar_br,neutro,1.0,ficava dando zoom em tudo
2:01:23,7283,atereza01,atereza01,neutro,1.0,opa
2:01:25,7285,pedro_polegar,pedro_polegar,neutro,1.0,A véia não pode nem tirar catota em paz
2:01:26,7286,ciel_smile_phantonhive,Ciel_Smile_Phantonhive,neutro,1.0,Eu lembro dessa live
2:01:26,7286,betolxi,betolxi,positivo,0.5,boas memorias
2:01:28,7288,karasu2024,karasu2024,positivo,1.0,Cheer1 Cheer1
2:01:30,7290,hyutarou,Hyutarou,confuso,1.0,roda crysis nele?
2:01:33,7293,guerreirowlp,guerreirowlp,neutro,1.0,Opaaaa
2:01:34,7294,julianosniperr,julianosniperr,positivo,1.0,"Live boa essa, pena que é rerun"
2:01:41,7301,veirazzz1,veirazzz1,neutro,1.0,adota uma pomba
2:01:41,7301,peix3manso,peix3manso,neutro,1.0,vai no banheiro pra gente subir em algum predio
2:01:42,7302,pontoporiablainvillei,pontoporiablainvillei,confuso,1.0,"braga, ai tem pombra branca da paz?"
2:01:46,7306,jpcurty007_,jpcurty007_,neutro,1.0,@Hyutarou ta mt fraco ainda
2:01:47,7307,sutoff_,sutoff_,confuso,1.0,eu pulo no covil e roubo o barao do seu time o que voce faz
2:01:54,7314,kayn_noob,kayn_noob,neutro,1.0,Roda doom em algum luga ae
2:01:54,7314,influenzias,Influenzias,neutro,1.0,bixo tem asa e quase cai skillissue da porra
2:01:55,7315,pedepanomttriste,PeDePanoMtTriste,neutro,1.0,Era o msm da escada
2:01:58,7318,dlemonster,DlEmonster,neutro,1.0,custou muitos yenes
2:01:58,7318,thiagosilva248,thiagosilva248,neutro,1.0,Baka ainda vc sabe aonde colocou a calcinha no terraço
2:02:09,7329,veirazzz1,veirazzz1,positivo,1.0,q lugar lindo nmrl
2:02:10,7330,luizfert,luizfert,engraçado,0.667,"Volta no telhado que você deixou uma calcinha, lembrei agora desse feito seu kkkkkkkkkkkkkk"
2:02:10,7330,pontoporiablainvillei,pontoporiablainvillei,confuso,1.0,"braga, da zoom na SOLDA?"
2:02:15,7335,jpcurty007_,jpcurty007_,neutro,1.0,trem
2:02:16,7336,sutoff_,sutoff_,confuso,1.0,oq é o sinal azul voce precisa passar parado
2:02:17,7337,rwnanz,rwnanz,engraçado,0.5,assoando o nariz? a véia tava ranhando tudao
2:02:24,7344,skhaa,Skhaa,engraçado,0.5,Os trilhos dos trens trigos tristes
2:02:28,7348,gustavo_rxx,Gustavo_rxx,confuso,1.0,live gravada de 2024?
2:02:30,7350,mistavo,Mistavo,neutro,1.0,@BakaGaijinLive Já fez um remember com a calcinha no telhado
2:02:31,7351,pedepanomttriste,PeDePanoMtTriste,positivo,1.0,Achar um prédio bom p se jogar
2:02:31,7351,kyry7i,kyry7i,positivo,0.5,"kyry7i watched 3 consecutive streams and sparked a watch streak! Boa noite Baka, gostaria de saber sua opinião sobre a gestão do Tarcisio de F"
2:02:31,7351,psyfoxxx,PsyFoxxx,neutro,1.0,já era
2:02:32,7352,ciel_smile_phantonhive,Ciel_Smile_Phantonhive,positivo,1.0,Amo dias nublados
2:02:33,7353,yuriairesb,YuriAiresB,confuso,1.0,"Baka, sabe cantar alguma versão da Isca e o Anzol?"
2:02:36,7356,unopreto_,UNOpreto_,positivo,1.0,PokPikachu
2:02:38,7358,peix3manso,peix3manso,neutro,1.0,mija ai nesse cantinho
2:02:40,7360,palhaco7,palhaco7,neutro,1.0,Os caba tá perdido na lore
2:02:43,7363,wesleykolomar_br,wesleykolomar_br,neutro,1.0,bota outra lá
2:02:46,7366,psyfoxxx,PsyFoxxx,neutro,1.0,não viu a novela da calcinha no buraco
2:02:46,7366,guerreirowlp,guerreirowlp,neutro,1.0,Aí Zé da manga
2:02:51,7371,leitadordebarbudos,LeitadorDeBarbudos,confuso,1.0,voce ja jogou bola no Japao?
2:02:52,7372,fobmort,fobmort,confuso,1.0,"Krai, na Liberdade tem tudo isso aí?"
2:02:52,7372,crocodilebay,crocodilebay,neutro,1.0,nooooooooooooooooo
2:02:54,7374,jpcurty007_,jpcurty007_,confuso,1.0,mas vai voltar lá pra colocar outra quando?
2:02:55,7375,rwnanz,rwnanz,engraçado,0.5,da zoom na calcinha do corinthians?
2:02:57,7377,josefinotv,Josefinotv,neutro,1.0,duvido dar uma cagada nessa moita ai
2:02:58,7378,peix3manso,peix3manso,neutro,1.0,e deixaram uma camisinha usada no lugar]
2:03:00,7380,psyfoxxx,PsyFoxxx,neutro,1.0,trabalhadores surrupiaram a calcinha
2:03:00,7380,betolxi,betolxi,neutro,1.0,BigSad BigSad BigSad
2:03:00,7380,pontoporiablainvillei,pontoporiablainvillei,neutro,1.0,eu lembro de vc usando ela
2:03:03,7383,balconista_,Balconista_,neutro,1.0,está na coleção pessoal dele agora
2:03:04,7384,sampaio_awp,sampaio_awp,neutro,1.0,Ola
2:03:06,7386,palhaco7,palhaco7,neutro,1.0,"""removida"""
2:03:07,7387,julianosniperr,julianosniperr,neutro,1.0,E tinha um consolo no chao
2:03:08,7388,pedro_polegar,pedro_polegar,neutro,1.0,Aquela calcinha ta sendo usada pela esposa de alguem
2:03:08,7388,lucas27dark,lucas27dark,confuso,1.0,Vai colocar outra calcinha no lugar?
2:03:09,7389,ckr4nio,ckr4nio,neutro,1.0,virou lost midia
2:03:14,7394,ciel_smile_phantonhive,Ciel_Smile_Phantonhive,confuso,1.0,Baka mas vc não achou a calcinha em outro lugar?
2:03:15,7395,marryros098,marryros098,confuso,1.0,Onde se ta?
2:03:16,7396,j4cksoon,j4cksoon,neutro,1.0,Maníaco da calcinha
2:03:17,7397,kazulixo_6,kazulixo_6,neutro,1.0,E ficou com a calcinha
2:03:17,7397,mariposa_alada,Mariposa_Alada,neutro,1.0,Lembro do tenga usado no prédio da calcinha
2:03:17,7397,pedepanomttriste,PeDePanoMtTriste,neutro,1.0,Diz ele q foi isso mas a gente sabe q ele ta usando a calcinha
2:03:18,7398,filipi_21,Filipi_21,neutro,1.0,ele levou pra casa
2:03:21,7401,dlemonster,DlEmonster,neutro,1.0,pio
2:03:22,7402,artuurbr21,artuurbr21,neutro,1.0,ou quem sabe ele tá usando agora
2:03:26,7406,luizfert,luizfert,neutro,1.0,"F baka, te acompanho a muito teempo, a vida adulta deixou impossibilitado de assistir todas as lives :("
2:03:26,7406,veirazzz1,veirazzz1,engraçado,1.0,eu era o funcionario
2:03:28,7408,palhaco7,palhaco7,neutro,1.0,Ctz q é
2:03:28,7408,dvco,dvco,engraçado,1.0,kkkkkkkkkkkkkkkkkkkkkkkkk
2:03:29,7409,mistavo,Mistavo,neutro,1.0,calcinha viro lost media
2:03:38,7418,gustavo_rxx,Gustavo_rxx,engraçado,0.5,isso ai é na estação corinthians itaquera?
2:03:40,7420,leitadordebarbudos,LeitadorDeBarbudos,neutro,1.0,Voce é muito capeta Baka
2:03:40,7420,pedepanomttriste,PeDePanoMtTriste,neutro,1.0,Para de pederastia
2:03:42,7422,kyry7i,kyry7i,confuso,1.0,Maquina minha?
2:03:43,7423,kevin19376,kevin19376,positivo,0.5,Baka hoje e meu aniversário me manda salve
2:03:44,7424,ciel_smile_phantonhive,Ciel_Smile_Phantonhive,confuso,1.0,A calcinha não tava jogada perto de um cano?
2:03:46,7426,yuriairesb,YuriAiresB,engraçado,1.0,"Pegaram a Calcinha e deixaram um Tenga, logo não foi um Funcionário"
2:03:47,7427,dlemonster,DlEmonster,neutro,1.0,atré
2:03:48,7428,pedepanomttriste,PeDePanoMtTriste,neutro,1.0,Alerta de fofura
2:03:49,7429,restart_play,Restart_play,neutro,1.0,ResidentSleeper
2:03:52,7432,palhaco7,palhaco7,engraçado,1.0,Filma os otário lá só no waiting
2:03:54,7434,squallop,SquallOp,neutro,1.0,a sé ai
2:03:54,7434,peix3manso,peix3manso,engraçado,1.0,kkkkkkkkkkkkkkkkkkkk
2:03:57,7437,eddieknox,eddieknox,positivo,1.0,baka manda um salve
2:03:57,7437,eunaasaa,eunaasaa,neutro,1.0,nao
2:04:00,7440,crocodilebay,crocodilebay,engraçado,1.0,kkk
2:04:01,7441,wesleykolomar_br,wesleykolomar_br,engraçado,1.0,kkkkkkkkkkkkkkkkkkkk
2:04:01,7441,zkamykazez,zKAMYKAZEz,engraçado,1.0,kkkkkkkkkkkkkk
2:04:04,7444,henrioliveira100,henrioliveira100,neutro,1.0,A vida de um npc
2:04:04,7444,j4cksoon,j4cksoon,neutro,1.0,stalker
2:04:05,7445,gacs174,gacs174,neutro,1.0,truman san
2:04:07,7447,smelllycat_,smelllycat_,confuso,1.0,09?
2:04:07,7447,julianosniperr,julianosniperr,neutro,1.0,@Gustavo_rxx Artur alvim
2:04:08,7448,jpcurty007_,jpcurty007_,engraçado,1.0,kkkkkkkkk
2:04:08,7448,levini01,LeVini01,neutro,1.0,databaseMhm
2:04:08,7448,josephh_zz,josephh_zz,neutro,1.0,Já pensou ele olha pra tras
2:04:08,7448,merligus,Merligus,engraçado,1.0,kkkkkkkkkkkkkkkkkkk
2:04:09,7449,veirazzz1,veirazzz1,neutro,1.0,estacao vazia
2:04:09,7449,lmrnt,lmrnt,engraçado,1.0,kkkkkkkkkkkk
2:04:10,7450,yuriairesb,YuriAiresB,engraçado,1.0,kkkkkkkkkkkkkkkkkk
2:04:10,7450,lucas27dark,lucas27dark,neutro,1.0,Huehueheuheuehueheu caraca
2:04:11,7451,veirazzz1,veirazzz1,positivo,1.0,coisa boa
2:04:13,7453,psyfoxxx,PsyFoxxx,neutro,1.0,@Ciel_Smile_Phantonhive tava dentro de um buraco na parede atrás do ar condicionado
2:04:13,7453,pulchram12,pulchram12,engraçado,1.0,kkkkkkkkkkkkkkkkkkkk
2:04:14,7454,pedepanomttriste,PeDePanoMtTriste,neutro,1.0,Nem é 9 horas ainda
2:04:15,7455,mathrg2344,mathrg2344,engraçado,1.0,Coitado kkkkk
2:04:16,7456,sousply,sousply,engraçado,1.0,kkkkkkkkkkkkkk
2:04:17,7457,ebuzz250,Ebuzz250,neutro,1.0,"Ele sabe, tá vendo a live"
2:04:17,7457,reptilianomestre,ReptilianoMestre,neutro,1.0,É MEU PAI Q FUJIU
2:04:19,7459,sampaio_awp,sampaio_awp,neutro,1.0,E la se vai ele
2:04:19,7459,wesleykolomar_br,wesleykolomar_br,engraçado,0.667,sato não é demonio? kkkkkkkkkkkkk
2:04:20,7460,pontoporiablainvillei,pontoporiablainvillei,confuso,1.0,"braga, pode usar xadrez no japao?"
2:04:22,7462,josefinotv,Josefinotv,confuso,1.0,qual a cor da calcinha de hoje ? @BakaGaijinLive
2:04:23,7463,dlemonster,DlEmonster,neutro,1.0,slice of life
2:04:24,7464,peix3manso,peix3manso,neutro,1.0,"""sato sam ainda nao sabe,mas"""
2:04:25,7465,leitadordebarbudos,LeitadorDeBarbudos,engraçado,1.0,Eu enfiaria meu pau nesse cara se ele consentisse
2:04:26,7466,licht_zayy,licht_zayy,neutro,1.0,Lazer dele é cantar para de bater meu pau na sua cara
2:04:27,7467,gustavo_rxx,Gustavo_rxx,engraçado,1.0,estaçao corinthians itaquera
2:04:33,7473,julianosniperr,julianosniperr,neutro,1.0,Oji-San
2:04:47,7487,lanadka,Lanadka,neutro,1.0,Atacadao
2:04:48,7488,upbrunoprado,upbrunoprado,engraçado,1.0,kkkkkkkkkkkkkkkkkkkkkkkkkkkk
2:04:48,7488,z3tsulol,Z3tsuLoL,engraçado,1.0,kkkkkkkkkkkkkk
2:04:49,7489,lsnayk,lsnayk,engraçado,1.0,Kkkkkk
2:04:49,7489,crocodilebay,crocodilebay,neutro,1.0,penis e bunda
2:04:49,7489,tobias_virgilio,tobias_virgilio,neutro,1.0,micropenis
2:04:49,7489,josephh_zz,josephh_zz,neutro,1.0,Mini mini
2:04:51,7491,hernesto_cubbon,hernesto_cubbon,neutro,1.0,-8
2:04:52,7492,kyry7i,kyry7i,neutro,1.0,"Foi quando sato san percebeu, o universo não se importa com ele"
2:04:52,7492,veirazzz1,veirazzz1,neutro,1.0,mini piroca ae
2:04:53,7493,wesleykolomar_br,wesleykolomar_br,engraçado,1.0,deve ser prima da toyota
2:04:53,7493,lucas27dark,lucas27dark,neutro,1.0,heuheueheuheueheu
2:04:55,7495,marcao0_0,marcao0_0,neutro,1.0,Tetas também
2:04:55,7495,licht_zayy,licht_zayy,engraçado,1.0,É um clitoris fi
2:04:56,7496,kevin19376,kevin19376,positivo,0.5,Baka Manda salve pra mim que hoje é meu aniversário por favor
2:04:56,7496,balconista_,Balconista_,confuso,1.0,"Bakal, você foi renovar o estoque de tenga?"
2:04:57,7497,mariposa_alada,Mariposa_Alada,neutro,1.0,Um pau com as bolas inchadassas
2:04:58,7498,psyfoxxx,PsyFoxxx,neutro,1.0,beesha
2:04:59,7499,bhcbmds_0,bhcbmds_0,neutro,1.0,"Nmrl, vsfd KAKSKSKSKSKSKSKSKSKS"
2:04:59,7499,z3tsulol,Z3tsuLoL,neutro,1.0,beija :
2:05:01,7501,hemoglobina05,hemoglobina05,confuso,1.0,bixa ?
2:05:04,7504,rogersouzzza,Rogersouzzza,neutro,1.0,Beixa atacadão
2:05:06,7506,dlemonster,DlEmonster,neutro,1.0,"introduçao do anime, neste momento esta tocando a abertura"
2:05:07,7507,sad_sosa,sad_sosa,confuso,1.0,Beija buceta?
2:05:10,7510,veirazzz1,veirazzz1,engraçado,1.0,qisso cara KKKKKKKKKKKKKKK
2:05:12,7512,pedepanomttriste,PeDePanoMtTriste,neutro,1.0,Só acredito vendo
2:05:14,7514,beyond_desolation2,Beyond_Desolation2,engraçado,1.0,são lágrimas pelo Sato Sam
2:05:16,7516,reptilianomestre,ReptilianoMestre,confuso,1.0,SEU PAU DA BABANDO MANO?
2:05:20,7520,veirazzz1,veirazzz1,neutro,1.0,cachumba
2:05:26,7526,veirazzz1,veirazzz1,neutro,1.0,caxumba
2:05:28,7528,lucas27dark,lucas27dark,neutro,1.0,do outro lado parace um mini pau com uma cabeçona
2:05:28,7528,geladeira_whatsapp,geladeira_whatsapp,confuso,1.0,"como tem sol ai se ta de noite, é live gravada?"
2:05:28,7528,veirazzz1,veirazzz1,neutro,1.0,sla
2:05:34,7534,pontoporiablainvillei,pontoporiablainvillei,confuso,1.0,em qual promo vem a calcinha?
2:05:41,7541,ciel_smile_phantonhive,Ciel_Smile_Phantonhive,neutro,1.0,Clark Kent
2:05:43,7543,meiling66,梅琳,confuso,1.0,baka voltou ao japon?
2:05:45,7545,yuriairesb,YuriAiresB,confuso,1.0,"E a linha de tenga, quando vai lançar?"
2:05:45,7545,leitadordebarbudos,LeitadorDeBarbudos,confuso,1.0,Quando vai escrever uma musica nova?
2:05:49,7549,pedepanomttriste,PeDePanoMtTriste,neutro,1.0,Jogano caspa ni mim fi
2:05:51,7551,peix3manso,peix3manso,neutro,1.0,tdo charmosin
2:05:53,7553,veirazzz1,veirazzz1,confuso,1.0,e calvo? ou zero calvo
2:05:54,7554,kiiririi,kiiririi,engraçado,1.0,kiiririi subscribed with Prime.
2:05:57,7557,licht_zayy,licht_zayy,neutro,1.0,Óculos ficou até com a armação preta mmmk
2:05:57,7557,balconista_,Balconista_,neutro,1.0,esse oculos é digital ou analogico
2:05:57,7557,donki554,donki554,confuso,1.0,Vai ter punhetaço hj?
2:05:59,7559,reptilianomestre,ReptilianoMestre,neutro,1.0,CALCINHAS MASCULINAS
2:06:00,7560,wesleykolomar_br,wesleykolomar_br,confuso,1.0,Baka é voce?
2:06:00,7560,zarestiaf,zarestiaf,neutro,1.0,bakalcinha
2:06:03,7563,eike204,eike204,neutro,1.0,nao
2:06:04,7564,gustavo_rxx,Gustavo_rxx,engraçado,1.0,PARECE UMA ATRIZ PORNO
2:06:06,7566,pontoporiablainvillei,pontoporiablainvillei,neutro,1.0,é normal
2:06:06,7566,joaozinhokct,joaozinhokct,neutro,1.0,Barbudo ein
2:06:07,7567,pedepanomttriste,PeDePanoMtTriste,neutro,1.0,Bota o oculos de volta
2:06:08,7568,simon_ghost_riiley,SIMON_GHOST_RIILEY,engraçado,0.667,"Há algum tempo atrás eu escutava vc falar em seus vídeos no metrô enquanto voltava para casa do trabalho, vc viaja mano, não sei se vc é muito inteligente ou muito doido msm, mas o pior é que as coisas faziam sentido kkk, legal dms, obrigado."
2:06:09,7569,catchau2005,catchau2005,confuso,1.0,calcinha usada pelo baka?
2:06:10,7570,josephh_zz,josephh_zz,positivo,1.0,Lugar perfeito pra uma surra de Bunda
2:06:11,7571,mrbloodkira,Mrbloodkira,engraçado,1.0,é o nariz q é rande
2:06:11,7571,lynch_xxx,LYNCH_xxx,confuso,1.0,live gravada ?
2:06:12,7572,mistavo,Mistavo,engraçado,1.0,baka grisalho
2:06:13,7573,koitsuab,koitsuab,neutro,1.0,o cabelo branco entregou seus 39 anos e meio
2:06:14,7574,betolxi,betolxi,neutro,1.0,tbm com essa lapa
2:06:17,7577,snowsnowsnowx10,snowsnowsnowx10,neutro,1.0,cabelo branco
2:06:17,7577,levini01,LeVini01,engraçado,1.0,grisalho
2:06:17,7577,crocodilebay,crocodilebay,engraçado,1.0,ain nariznho apertaduuu
2:06:18,7578,yuriairesb,YuriAiresB,confuso,1.0,Deixa marcas que não dá pra apagar?
2:06:21,7581,coxinhaa04,coxinhaa04,neutro,1.0,WutFace
2:06:23,7583,gamessbrandao,gamessbrandao,neutro,1.0,Sem óculos parece um integrante do restart
2:06:25,7585,ciel_smile_phantonhive,Ciel_Smile_Phantonhive,neutro,1.0,Clark Kent entra na cabine telefonica
2:06:25,7585,betolxi,betolxi,neutro,1.0,ta parecendo coconut
2:06:26,7586,kevin19376,kevin19376,positivo,0.5,Baka hj e meu aniversário manda salve
2:06:26,7586,dlemonster,DlEmonster,confuso,1.0,"quem é esse, onde está o clark kent?"
2:06:28,7588,estunado_hattori,estunado_hattori,engraçado,1.0,nariz pequeno
2:06:31,7591,pedepanomttriste,PeDePanoMtTriste,confuso,1.0,E a manga?
2:06:31,7591,mathrg2344,mathrg2344,neutro,1.0,Que cabelo cinza é esse mano
2:06:32,7592,leitadordebarbudos,LeitadorDeBarbudos,engraçado,1.0,@SIMON_GHOST_RIILEY Ele é uma bicha de Q.I baixo
2:06:33,7593,passarobllue,passarobllue,neutro,1.0,Voce viu que o orochinho ta usando óculos tambem
2:06:34,7594,marcosssantoro,MarcossSantoro,engraçado,1.0,nariz cresceu.. kkk
2:06:40,7600,veirazzz1,veirazzz1,neutro,1.0,mas tu e um velho ja
2:06:41,7601,ph_dsg,PH_dsg,neutro,1.0,parece o charada mané
2:06:42,7602,meiling66,梅琳,positivo,1.0,@passarobllue fodase
2:06:44,7604,leitadordebarbudos,LeitadorDeBarbudos,neutro,1.0,Para mano ele tá mó gato
2:06:47,7607,licht_zayy,licht_zayy,neutro,1.0,Mas você já é veio
2:06:52,7612,pontoporiablainvillei,pontoporiablainvillei,neutro,1.0,daqui 2 anos vc descobre
2:06:52,7612,betolxi,betolxi,neutro,1.0,pq pde ser so grau de longe
2:06:52,7612,rjaao,rJaao,neutro,1.0,Estilo
2:06:54,7614,ozonary,oZonary,neutro,1.0,da mais aura
2:06:55,7615,paulinhohetero,PaulinhoHetero,confuso,1.0,O cabelo do saco é branco tambem ?
2:06:55,7615,kkgoji,kkgoji,neutro,1.0,explica p gente
2:06:55,7615,peix3manso,peix3manso,neutro,1.0,forçar as vista
2:06:56,7616,betolxi,betolxi,neutro,1.0,ou de perto
2:06:57,7617,lynch_xxx,LYNCH_xxx,confuso,1.0,e chroma key ?
2:06:58,7618,julianosniperr,julianosniperr,engraçado,1.0,Vai descobrir quando ficar velho
2:06:58,7618,zkamykazez,zKAMYKAZEz,confuso,1.0,Porque velho sempre esta mastigando ?
2:06:58,7618,kkgoji,kkgoji,neutro,1.0,velho
2:07:00,7620,residente_dorminhoko,residente_dorminhoko,neutro,1.0,é pra farmar a aura deles
2:07:01,7621,mariposa_alada,Mariposa_Alada,confuso,1.0,Parece aqueles cara veio que aparece na DM das mina
2:07:04,7624,pmantis,pmantis,neutro,1.0,é pra dar uma soltada no buço
2:07:06,7626,coxinhaa04,coxinhaa04,neutro,1.0,bakagaCalvo
2:07:06,7626,pedepanomttriste,PeDePanoMtTriste,neutro,1.0,É pq o rosto fica mais magro na velhice ai o oculos cai
2:07:06,7626,bhcbmds_0,bhcbmds_0,neutro,1.0,"Ele tenta fingir que é jovem, mas a gente sabe"
2:07:06,7626,smelllycat_,smelllycat_,neutro,1.0,Óculos monofocal
2:07:08,7628,joaozinhokct,joaozinhokct,neutro,1.0,Eafc27
2:07:11,7631,joaolimavi,joaolimavi,confuso,1.0,e esse cabelo branco?
2:07:12,7632,erickhsn,erickhsn,neutro,1.0,dormi na cadeira tava me segurando pra n doprmir
2:07:13,7633,hadzao,hadzao,neutro,1.0,e par olhar o livro abaixo sem virar a cabeça
2:07:15,7635,jpcurty007_,jpcurty007_,neutro,1.0,"@LYNCH_xxx ta mais tecnologico, é VR agora"
2:07:16,7636,kevin19376,kevin19376,engraçado,1.0,Baka hoje é meu aniversário
2:07:17,7637,reptilianomestre,ReptilianoMestre,confuso,1.0,E O MUNDIAL DE PUNHETASSO?
2:07:17,7637,mitoparou07,mitoparou07,confuso,1.0,n vai fazer ad pra manual baka?
2:07:20,7640,marcosssantoro,MarcossSantoro,neutro,1.0,pra ler..
2:07:20,7640,meiling66,梅琳,neutro,1.0,pq véio tem presbiopia ai a lente pra perto fica mais em cima
2:07:21,7641,passarobllue,passarobllue,neutro,1.0,@梅琳 Oi voce é menina 💐
2:07:23,7643,dlemonster,DlEmonster,neutro,1.0,"quando o oculos não é pra perto, pra ler por cima da lente"
2:07:28,7648,positivox91,positivox91,neutro,1.0,ele ta aonde galera
2:07:29,7649,monicanaves,monicanaves,neutro,1.0,VoHiYo
2:07:30,7650,koitsuab,koitsuab,engraçado,0.5,"baka você sabia que para aliviar a rinite é só tampar os 2 narizes e fazer pressão? o problema é que vc pode ter um AVC, troca justa"
2:07:36,7656,pedepanomttriste,PeDePanoMtTriste,neutro,1.0,Live é quando ele quiser e olhe la
2:07:44,7664,meiling66,梅琳,neutro,1.0,@passarobllue sou traveko
2:07:44,7664,nowaygabi,nowaygabi,neutro,1.0,O geoguessr começa que horas
2:07:47,7667,balconista_,Balconista_,confuso,1.0,voce ainda tem contato com o cara que tirou a foto do mendigo?
2:07:50,7670,marcao0_0,marcao0_0,neutro,1.0,Verdade
2:07:50,7670,riiyuji,Riiyuji,neutro,1.0,e o rerun torando
2:07:51,7671,spider_sybionte,spider_sybionte,engraçado,1.0,Kkkk
2:07:51,7671,lukyarte,Lukyarte,positivo,1.0,manda salve
2:07:52,7672,ciel_smile_phantonhive,Ciel_Smile_Phantonhive,confuso,1.0,O que achou do corte de cabelo do Haaland?
2:07:52,7672,simon_ghost_riiley,SIMON_GHOST_RIILEY,engraçado,1.0,@LeitadorDeBarbudos kkkkk
2:07:55,7675,matcos25,matcos25,neutro,1.0,GoldPLZ
2:07:55,7675,henri_19h,henri_19h,positivo,1.0,Bom dia mnnnn
2:07:58,7678,italoitz,italoitz,neutro,1.0,FINALMENTE A LIVE NA KOREIA DO NORTE
2:08:01,7681,beyond_desolation2,Beyond_Desolation2,engraçado,1.0,kkkkkkkkkkkkk
2:08:02,7682,marcosssantoro,MarcossSantoro,neutro,1.0,hoje ele tá em campinas
2:08:02,7682,diordian,diordian,engraçado,0.667,Voltou a ver mais futebol depois daquele vídeo no canal ou já desistiu ? kkkk
2:08:02,7682,marcsvinicis,MarcsVinicis,neutro,1.0,sim
2:08:05,7685,passarobllue,passarobllue,confuso,1.0,@梅琳 Mas é traveko bonita?
2:08:05,7685,veirazzz1,veirazzz1,neutro,1.0,tokyo muito six seven
2:08:05,7685,julianosniperr,julianosniperr,neutro,1.0,Tem mais eduardo
2:08:07,7687,ddingo000,ddingo000,neutro,1.0,PewPewPew
2:08:07,7687,reptilianomestre,ReptilianoMestre,positivo,1.0,@梅琳 MELHOR AINDA HEHE
2:08:07,7687,thiagosilva248,thiagosilva248,engraçado,1.0,Duvido o baka deixa outra calcinha no terraço kkkk
2:08:12,7692,this_is_pedro,This_is_Pedro,confuso,1.0,Atualizar o estoque de vídeos
2:08:17,7697,wesleykolomar_br,wesleykolomar_br,positivo,1.0,vamo pra thailandai
2:08:19,7699,agiotadofelps,AgiotaDoFelps,positivo,1.0,china é top
2:08:22,7702,yorraraujo,yorraraujo,positivo,1.0,china é brabo
2:08:25,7705,nandocs69,nandocs69,positivo,1.0,Boa noite
2:08:26,7706,rogersouzzza,Rogersouzzza,confuso,1.0,Live na Koreia quando?
2:08:27,7707,lukyarte,Lukyarte,confuso,1.0,capturou mais pokemon? como ta sua pokedex?
2:08:27,7707,leitadordebarbudos,LeitadorDeBarbudos,confuso,1.0,baka voce acha que sabado eu devo ir até Pirabeiraba fumar narguile?
2:08:28,7708,crocodilebay,crocodilebay,confuso,1.0,ta solteiro?
2:08:28,7708,pedepanomttriste,PeDePanoMtTriste,confuso,1.0,E Amesterdã?
2:08:31,7711,kevin19376,kevin19376,engraçado,1.0,"Baka hoje é meu aniversário, ele nunca me responde"
2:08:32,7712,the_woc,The_Woc,neutro,1.0,Vai pra Miamar
2:08:32,7712,gntlm4n,gntlm4n,neutro,1.0,FortHype
2:08:33,7713,based1446,based1446,confuso,1.0,"Baka, você saiu do seu trampo?"
2:08:33,7713,passarobllue,passarobllue,engraçado,0.667,States?kkkk
2:08:34,7714,florezzs2,florezzs2,neutro,1.0,vem pra Chicago
2:08:34,7714,veirazzz1,veirazzz1,neutro,1.0,faz um 67 ae
2:08:34,7714,himajindesuu,himajindesuu,neutro,1.0,vai na máquina mística
2:08:34,7714,mitoparou07,mitoparou07,neutro,1.0,k
2:08:35,7715,matcos25,matcos25,neutro,1.0,Kssksk
2:08:37,7717,kyry7i,kyry7i,neutro,1.0,Vai virar o novo nomade raiz
2:08:37,7717,zkamykazez,zKAMYKAZEz,neutro,1.0,Você tem que ir pra INDIA
2:08:39,7719,ozonary,oZonary,neutro,1.0,vai pra taiwan
2:08:43,7723,gamessbrandao,gamessbrandao,confuso,1.0,Índia vai?
2:08:45,7725,heyman91939,heyman91939,neutro,1.0,legal a ideia de viajar para outros paises
2:08:46,7726,mariposa_alada,Mariposa_Alada,neutro,1.0,@wesleykolomar_br Tailândia pro baka conhecer as ladyboy de perto
2:08:48,7728,erickhsn,erickhsn,neutro,1.0,states é paia
2:08:50,7730,meiling66,梅琳,confuso,1.0,@passarobllue depende tu gosta de pedreiro?
2:08:51,7731,pedepanomttriste,PeDePanoMtTriste,confuso,1.0,Uma maquina minha?
2:08:51,7731,yorraraujo,yorraraujo,neutro,1.0,uma expansão de dominio do nada
2:08:53,7733,nandocs69,nandocs69,positivo,0.5,Nossa pela primeira vez a qualidade da live tá boa
2:08:53,7733,thrillerzs,thrillerzs,neutro,1.0,Uma mamaquinha é
2:08:54,7734,florezzs2,florezzs2,engraçado,1.0,Chicago tem vários becos mas é perigoso
2:08:54,7734,veirazzz1,veirazzz1,confuso,1.0,como q vc faz isso????
2:08:55,7735,italoitz,italoitz,confuso,1.0,Voltou de vez para japil braga ?
2:08:58,7738,zkamykazez,zKAMYKAZEz,engraçado,1.0,kkkkkkkkk
2:09:03,7743,monicanaves,monicanaves,engraçado,1.0,Kkkkk
2:09:03,7743,lc_felipe,lc_felipe,neutro,1.0,acho q o baka tem um certo grau de tourettr
2:09:04,7744,meiling66,梅琳,engraçado,0.5,@ReptilianoMestre triste
2:09:04,7744,riiyuji,Riiyuji,neutro,1.0,coloca uma nova calcinha la no predio baka
2:09:05,7745,gallack000,Gallack000,neutro,1.0,Singapura
2:09:09,7749,wesleykolomar_br,wesleykolomar_br,engraçado,1.0,@Mariposa_Alada sim ia ser massa
2:09:10,7750,restart_play,Restart_play,neutro,1.0,GoldPLZ
2:09:10,7750,passarobllue,passarobllue,neutro,1.0,@梅琳 Sim eu sou servente hehe
2:09:11,7751,totore7,totore7,confuso,1.0,onde que ta o baka?
2:09:16,7756,crocodilebay,crocodilebay,neutro,1.0,tem q ir na india comer doce de maconha
2:09:18,7758,erickhsn,erickhsn,neutro,1.0,states é paia vem pra europa
2:09:21,7761,matcos25,matcos25,engraçado,1.0,Sei lá experimenta Coreia do Norte
2:09:21,7761,marcosssantoro,MarcossSantoro,neutro,1.0,bangladesh
2:09:22,7762,veirazzz1,veirazzz1,confuso,1.0,ja parou a chuva??
2:09:25,7765,ph_dsg,PH_dsg,confuso,1.0,Russia nada ve bakachan?
2:09:27,7767,thiagosilva248,thiagosilva248,engraçado,1.0,Baka deixa outra calcinha no terraço kkkk
2:09:28,7768,himajindesuu,himajindesuu,neutro,1.0,vai pra bangkok
2:09:31,7771,lucas27dark,lucas27dark,neutro,1.0,Versão mickey mouse heuheueheuhe
2:09:41,7781,veirazzz1,veirazzz1,neutro,1.0,compra pra mim ae
2:09:45,7785,koitsuab,koitsuab,confuso,1.0,"to indo pro jp em novembro, devo me preocupar?"
2:09:47,7787,pedepanomttriste,PeDePanoMtTriste,neutro,1.0,Achei q era uma máquina de calcinha
2:09:48,7788,this_is_pedro,This_is_Pedro,engraçado,1.0,Europa mais daora que EUA interior
2:09:48,7788,pedro_polegar,pedro_polegar,neutro,1.0,ÁGUA CARAA AGUAA
2:09:51,7791,wesleykolomar_br,wesleykolomar_br,neutro,1.0,clear
2:09:52,7792,beyond_desolation2,Beyond_Desolation2,engraçado,1.0,kkkkkkkkkk
2:09:53,7793,licht_zayy,licht_zayy,neutro,1.0,Tá limpa
2:09:54,7794,this_is_pedro,This_is_Pedro,neutro,1.0,*Inteiro
2:09:55,7795,italoitz,italoitz,confuso,1.0,@BakaGaijinLive tem vaga para trabalhar no atacadão ai baka ?
2:09:55,7795,residente_dorminhoko,residente_dorminhoko,neutro,1.0,safe
2:09:56,7796,nandocs69,nandocs69,neutro,1.0,Compra ai
2:09:58,7798,dlemonster,DlEmonster,neutro,1.0,ninguem rato
2:10:04,7804,marryros098,marryros098,confuso,1.0,Baka alguma empresa ja entrou  em contato pra você só ficar trabalhando visitando os países?
2:10:10,7810,thrillerzs,thrillerzs,neutro,1.0,Vixi
2:10:13,7813,leitadordebarbudos,LeitadorDeBarbudos,positivo,0.5,Baka voce ja participou do programa Topa Tudo por Buceta?
2:10:20,7820,pedepanomttriste,PeDePanoMtTriste,neutro,1.0,Baka num bebê uma gota dagua a anos
2:10:21,7821,vz_gold,vz_gold,neutro,1.0,Opa gaijin
2:10:21,7821,veirazzz1,veirazzz1,neutro,1.0,hidrata as plantas
2:10:26,7826,pedro_polegar,pedro_polegar,confuso,1.0,Como q vc ta hidratado? Explica
2:10:28,7828,this_is_pedro,This_is_Pedro,confuso,1.0,Que isso
2:10:30,7830,leitadordebarbudos,LeitadorDeBarbudos,neutro,1.0,Sim
2:10:30,7830,matcos25,matcos25,neutro,1.0,Mimijei
2:10:31,7831,wesleykolomar_br,wesleykolomar_br,neutro,1.0,2h de live omaga
2:10:31,7831,lucas27dark,lucas27dark,neutro,1.0,Ainda não
2:10:32,7832,unopreto_,UNOpreto_,engraçado,1.0,toma um golden drip
2:10:32,7832,komodo0024,Komodo0024,neutro,1.0,live na coreia do norte quando baka
2:10:33,7833,btwsky,btwsky,engraçado,1.0,kkkk
2:10:33,7833,molotov_zera,MoLoToV_ZeRa,positivo,1.0,"sim, essa do mamonas"
2:10:34,7834,giorootz,giorootz,confuso,1.0,logico que não
2:10:34,7834,leitadordebarbudos,LeitadorDeBarbudos,positivo,1.0,Mamonas Assassinadas
2:10:35,7835,italoitz,italoitz,neutro,1.0,oloco
2:10:36,7836,crocodilebay,crocodilebay,neutro,1.0,sim ja faz muito tempo isso
2:10:36,7836,rogersouzzza,Rogersouzzza,engraçado,1.0,Credo kkkk
2:10:36,7836,residente_dorminhoko,residente_dorminhoko,neutro,1.0,sim eu matei metade
2:10:36,7836,yuriairesb,YuriAiresB,positivo,1.0,"Baka, top 10 lugares que tu já mijou no Japão"
2:10:37,7837,reptilianomestre,ReptilianoMestre,neutro,1.0,SIM TIDIS
2:10:37,7837,pedepanomttriste,PeDePanoMtTriste,neutro,1.0,Pior q não
2:10:37,7837,koitsuab,koitsuab,neutro,1.0,"nada, o di ferrero ta vivo ainda"
2:10:37,7837,kyry7i,kyry7i,engraçado,1.0,Maioria morreu de aids
2:10:38,7838,nandocs69,nandocs69,neutro,1.0,Todo mundo morto
2:10:39,7839,monicanaves,monicanaves,engraçado,1.0,Kkkk
2:10:40,7840,yorraraujo,yorraraujo,neutro,1.0,esse não morreu nao
2:10:41,7841,julianosniperr,julianosniperr,neutro,1.0,LSJack
2:10:45,7845,paulinhohetero,PaulinhoHetero,confuso,1.0,O Frank sinatra ?
2:10:45,7845,thrillerzs,thrillerzs,neutro,1.0,é da epoca do Balão magico essa ai
2:10:45,7845,veirazzz1,veirazzz1,neutro,1.0,desce na escada rolada
2:10:47,7847,giovanniorleans,GiovanniOrleans,confuso,1.0,punhetaço ta liberaod já ou ta cedo?
2:10:51,7851,dlemonster,DlEmonster,confuso,1.0,estão mais pra lá do que pra cá
2:10:52,7852,renattico,renattico,neutro,1.0,tudo morreu de extra sifilis
2:10:54,7854,giovani6jogadoh,giovani6jogadoh,neutro,1.0,ney matogrosso
2:10:58,7858,simon_ghost_riiley,SIMON_GHOST_RIILEY,confuso,1.0,e essa collab com o Nômade Raiz sai quando?
2:10:59,7859,user1337,user1337,neutro,1.0,Tico santa cruz virou petista mas ta vivo
2:11:03,7863,nandocs69,nandocs69,confuso,1.0,Punhetaço hoje?
2:11:05,7865,crocodilebay,crocodilebay,confuso,1.0,e as escadas bucetantes?
2:11:10,7870,julianosniperr,julianosniperr,neutro,1.0,Só o chorão morreu
2:11:11,7871,this_is_pedro,This_is_Pedro,neutro,1.0,Não pode entar de jeito nenhum
2:11:12,7872,licht_zayy,licht_zayy,neutro,1.0,Escala as grades e se joga
2:11:15,7875,yorraraujo,yorraraujo,neutro,1.0,então não tem rolas nessa escada
2:11:15,7875,leitadordebarbudos,LeitadorDeBarbudos,positivo,0.5,Se escada rolante fosse boa se chamaria escada bucetante
2:11:19,7879,lucas27dark,lucas27dark,neutro,1.0,você ainda não localizou a chave da dungeon
2:11:20,7880,italoitz,italoitz,neutro,1.0,essa parte do mapa é paga
2:11:21,7881,renattico,renattico,confuso,1.0,ja pódi gozá?
2:11:22,7882,pedepanomttriste,PeDePanoMtTriste,neutro,1.0,Para de xingar
2:11:24,7884,veirazzz1,veirazzz1,neutro,1.0,bate nesssa vea ae fih
2:11:28,7888,brucecorp,brucecorp,neutro,1.0,"baka, tem uma estatua aí perto"
2:11:33,7893,thrillerzs,thrillerzs,engraçado,1.0,Voce nao cumpriu algum requisito
2:11:35,7895,kayn_noob,kayn_noob,neutro,1.0,@LeitadorDeBarbudos Calma ae socrates
2:11:39,7899,brucecorp,brucecorp,neutro,1.0,ali
2:11:41,7901,yuriairesb,YuriAiresB,neutro,1.0,Não dê nem água pro Baka
2:11:52,7912,willian_rl,Willian_RL,confuso,1.0,tá na liberdade?
2:11:56,7916,brucecorp,brucecorp,neutro,1.0,o monge amarrou o cachorro com linguiça
2:11:56,7916,veirazzz1,veirazzz1,neutro,1.0,sai do lobby pfv
2:12:01,7921,chat_da_live,chat_da_live,neutro,1.0,ta low level
2:12:02,7922,pedepanomttriste,PeDePanoMtTriste,neutro,1.0,Canta um Charlie Brown ai p noi Baka
2:12:05,7925,this_is_pedro,This_is_Pedro,neutro,1.0,Tem liberar igual Cod zombies
2:12:06,7926,wesleykolomar_br,wesleykolomar_br,positivo,1.0,baka vamo visitar a praia outra vez
2:12:06,7926,leitadordebarbudos,LeitadorDeBarbudos,neutro,1.0,@kayn_noob To treinando meu stand up comedy
2:12:06,7926,kratoszxkun,KratosZxKun,neutro,1.0,"aq ta chovendo tbm, twins"
2:12:08,7928,matcos25,matcos25,neutro,1.0,Quer aposta quantos q essa estátua vai sair andando
2:12:09,7929,nandocs69,nandocs69,neutro,1.0,Tô gozando já
2:12:17,7937,brucecorp,brucecorp,neutro,1.0,"po, ele passou direto"
2:12:17,7937,chat_da_live,chat_da_live,neutro,1.0,tem q farmar mais baka
2:12:18,7938,izei_,Izei_,neutro,1.0,baka esta muito boleiro ultimamente
2:12:18,7938,thrillerzs,thrillerzs,neutro,1.0,Mas ta certo
2:12:25,7945,josephh_zz,josephh_zz,neutro,1.0,Canta Tim Maia ai
2:12:25,7945,leitadordebarbudos,LeitadorDeBarbudos,neutro,1.0,1 minuto para o fim  do mundo
2:12:28,7948,julynhatoys,JulynhaToys,engraçado,1.0,julynhHahaha julynhHahaha julynhHahaha
2:12:28,7948,marcosssantoro,MarcossSantoro,confuso,1.0,"depois desse tempo em SP, já consegue enfrentar os Yakuza?"
2:12:30,7950,this_is_pedro,This_is_Pedro,neutro,1.0,Imagina ele escorrega nessa escada
2:12:30,7950,veirazzz1,veirazzz1,positivo,1.0,fala um hentai ae bom
2:12:32,7952,reptilianomestre,ReptilianoMestre,neutro,1.0,YEAAAH
2:12:32,7952,this_is_pedro,This_is_Pedro,neutro,1.0,Kk
2:12:33,7953,pedro_polegar,pedro_polegar,confuso,1.0,A água da chuca aí é diferente?
2:12:33,7953,crocodilebay,crocodilebay,neutro,1.0,canta uma do system
2:12:35,7955,pedepanomttriste,PeDePanoMtTriste,neutro,1.0,Que voz angelical
2:12:36,7956,thrillerzs,thrillerzs,neutro,1.0,Incorpora o N0us ai
2:12:38,7958,vz_gold,vz_gold,positivo,0.5,Tamo onde?
2:12:39,7959,matcos25,matcos25,confuso,1.0,Paninho sistema?
2:12:43,7963,licht_zayy,licht_zayy,neutro,1.0,"Eles dizem que é impossível encontrar o skate, sem perder o skate"
2:12:44,7964,renattico,renattico,neutro,1.0,canta uma da alcione
2:12:45,7965,koitsuab,koitsuab,engraçado,1.0,aperta E no corrimão pra descer escorregando
2:12:48,7968,lucas27dark,lucas27dark,neutro,1.0,vai virar uma nazaré cuidado
2:12:49,7969,monicanaves,monicanaves,positivo,1.0,Te amo Baka
2:12:51,7971,beyond_desolation2,Beyond_Desolation2,neutro,1.0,Canta aquela da Joelma
2:12:52,7972,nandocs69,nandocs69,neutro,1.0,Os Yakuza vai atrás de você se ficar voltando pro Japão
2:12:56,7976,pedro_polegar,pedro_polegar,neutro,1.0,Desce de lado
2:12:57,7977,this_is_pedro,This_is_Pedro,neutro,1.0,Quase foi ali ein
2:12:58,7978,kyry7i,kyry7i,neutro,1.0,Canta uma do Mc Ryan SP
2:13:03,7983,pedepanomttriste,PeDePanoMtTriste,positivo,0.5,E o corrimão se foda ne
2:13:06,7986,veirazzz1,veirazzz1,neutro,1.0,ta idoso ja
2:13:07,7987,this_is_pedro,This_is_Pedro,neutro,1.0,Tá emo Baka
2:13:08,7988,italoitz,italoitz,neutro,1.0,metade velhode 70 anos
2:13:08,7988,chat_da_live,chat_da_live,inspirado,1.0,desaprendeu a falar
2:13:11,7991,this_is_pedro,This_is_Pedro,positivo,1.0,Te amo Bala
2:13:13,7993,josephh_zz,josephh_zz,neutro,1.0,Canta manchetes do calcinha preta
2:13:14,7994,betolxi,betolxi,neutro,1.0,aproveitando cada degrau
2:13:18,7998,eliseujr55,EliseuJr55,neutro,1.0,uma hora a hora chega
2:13:23,8003,pedro_polegar,pedro_polegar,neutro,1.0,Usa a terceira pern
2:13:24,8004,nandocs69,nandocs69,neutro,1.0,O cara vai fazer live logo na chuva
2:13:26,8006,this_is_pedro,This_is_Pedro,neutro,1.0,Kk
2:13:28,8008,pontoporiablainvillei,pontoporiablainvillei,engraçado,1.0,uma mao na camera e outra no carinho
2:13:31,8011,yorraraujo,yorraraujo,engraçado,1.0,kkkkkkkkkkkkkkkkk
2:13:31,8011,lyaanna__,Lyaanna__,engraçado,1.0,kkkkkkkkkkk
2:13:33,8013,beyond_desolation2,Beyond_Desolation2,engraçado,1.0,kkkkkkkk
2:13:34,8014,veirazzz1,veirazzz1,neutro,1.0,"ROUBA ROUBA KAKAKAK, sacanagem"
2:13:35,8015,lucas27dark,lucas27dark,neutro,1.0,huehueheuheuehue
2:13:38,8018,marcosssantoro,MarcossSantoro,engraçado,1.0,kkkkkkkkk
2:13:41,8021,betolxi,betolxi,confuso,1.0,tenho 16 anos e desce assim é normal?
2:13:41,8021,lukyarte,Lukyarte,neutro,1.0,do gta 6
2:13:42,8022,erickhsn,erickhsn,confuso,1.0,?
2:13:43,8023,izei_,Izei_,engraçado,1.0,DO GTA 6 KKKKKKKKK
2:13:43,8023,mariposa_alada,Mariposa_Alada,neutro,1.0,É de goiaba
2:13:44,8024,yuriairesb,YuriAiresB,neutro,1.0,No final vem um negocinho
2:13:45,8025,julianosniperr,julianosniperr,confuso,1.0,A Popis entrou pra Yakuza?
2:13:46,8026,reptilianomestre,ReptilianoMestre,neutro,1.0,CÉSIO 137
2:13:47,8027,leitadordebarbudos,LeitadorDeBarbudos,neutro,1.0,"Nao cara, bebe o zero"
2:13:49,8029,izei_,Izei_,engraçado,1.0,ta escrito vice
2:13:51,8031,italoitz,italoitz,neutro,1.0,ultra vibe guava
2:13:55,8035,luisthlink,luisthlink,confuso,1.0,baka voltou par ao japão?
2:13:57,8037,betolxi,betolxi,confuso,1.0,ta em portugues?
2:13:57,8037,nandocs69,nandocs69,confuso,1.0,@betolxi Acho que sim
2:14:01,8041,pedro_polegar,pedro_polegar,neutro,1.0,@this_is_pedro MEU XARÁ
2:14:02,8042,xenohfanes,xenohfanes,neutro,1.0,Energético sem açúcar é água
2:14:04,8044,yorraraujo,yorraraujo,confuso,1.0,ir pro japão pra beber monster? cadê o mupy irmão
2:14:06,8046,erickhsn,erickhsn,neutro,1.0,sempre tem alguem fumanbdo
2:14:10,8050,veirazzz1,veirazzz1,neutro,1.0,e eu
2:14:14,8054,chat_da_live,chat_da_live,neutro,1.0,ta com a boca seca
2:14:14,8054,wesleykolomar_br,wesleykolomar_br,neutro,1.0,broxou ele
2:14:15,8055,peix3manso,peix3manso,neutro,1.0,suspeito q sim
2:14:17,8057,e006cr,e006cr,neutro,1.0,Ele ta de folga
2:14:18,8058,izei_,Izei_,neutro,1.0,ATUMALAKA
2:14:18,8058,koitsuab,koitsuab,neutro,1.0,sapo ta gemendo
2:14:18,8058,lucas27dark,lucas27dark,neutro,1.0,"""Para de bater..."""
2:14:21,8061,nandocs69,nandocs69,neutro,1.0,Sapo bala
2:14:22,8062,betolxi,betolxi,neutro,1.0,@nandocs69 ent blz
2:14:23,8063,mariposa_alada,Mariposa_Alada,neutro,1.0,Sapo preparado pro bola gato
2:14:23,8063,dalton_olivera,dalton_olivera,neutro,1.0,Para de gravação não escureceu
2:14:26,8066,thrillerzs,thrillerzs,neutro,1.0,Infiaram o dedo nele
2:14:28,8068,pedepanomttriste,PeDePanoMtTriste,negativo,1.0,Bicho feio maldito
2:14:28,8068,marcosssantoro,MarcossSantoro,engraçado,1.0,kkkkkkkk
2:14:28,8068,jpcurty007_,jpcurty007_,neutro,1.0,sapo guloso
2:14:28,8068,licht_zayy,licht_zayy,confuso,1.0,"Mija na boca do sapo, aproveita que não tem ninguém"
2:14:30,8070,chat_da_live,chat_da_live,neutro,1.0,mija na boca do sapo
2:14:32,8072,wesleykolomar_br,wesleykolomar_br,neutro,1.0,atumalak
2:14:39,8079,oeriis,oEriis,neutro,1.0,Acabou a agua do mundo
2:14:40,8080,leitadordebarbudos,LeitadorDeBarbudos,engraçado,0.5,Fumódromo é a pista de corrida do cigarro?
2:14:42,8082,dlemonster,DlEmonster,neutro,1.0,e pra por bituca de cingarro
2:14:43,8083,veirazzz1,veirazzz1,neutro,1.0,ja tem agua na tigela
2:14:44,8084,caskninja,caskninja,neutro,1.0,AVISA PO
2:14:44,8084,nandocs69,nandocs69,neutro,1.0,Mija nele
2:14:46,8086,pinguysx,PinguYsx,neutro,1.0,cute
2:14:46,8086,lucas27dark,lucas27dark,neutro,1.0,é pra bater com o P* na cara
2:14:48,8088,ciel_smile_phantonhive,Ciel_Smile_Phantonhive,engraçado,1.0,Sapinho cria vida meia noite
2:14:49,8089,betolxi,betolxi,neutro,1.0,olha o sapo do jiraya
2:14:49,8089,vitinbigapelation,vitinbigapelation,neutro,1.0,jumpscare
2:14:50,8090,pedepanomttriste,PeDePanoMtTriste,neutro,1.0,É pra nao molhar
2:14:52,8092,florezzs2,florezzs2,neutro,1.0,double chin
2:14:52,8092,feleps,feleps,neutro,1.0,q susto
2:14:53,8093,chat_da_live,chat_da_live,neutro,1.0,sapo pog
2:14:53,8093,eliseujr55,EliseuJr55,neutro,1.0,nem avisa
2:14:53,8093,sixtyhzrl,sixtyhzRL,engraçado,1.0,kkkkkk
2:14:55,8095,nandocs69,nandocs69,neutro,1.0,Mija nele bala
2:14:58,8098,pedro_polegar,pedro_polegar,neutro,1.0,Verdade tio
2:14:58,8098,kevin19376,kevin19376,engraçado,1.0,E porque tá chovendo e ele tá com frio de trabalhar
2:14:58,8098,koitsuab,koitsuab,neutro,1.0,é só tirar a roupa e começar a mijar na fonte
2:14:58,8098,giovani6jogadoh,giovani6jogadoh,engraçado,1.0,o principe e o sapo
2:15:00,8100,polonioradioativo,polonioradioativo,positivo,1.0,perfeito pra cagar
2:15:01,8101,montizinbr,montizinbr,neutro,1.0,ja passou das 18 o sabo cansou
2:15:02,8102,joaolimavi,joaolimavi,neutro,1.0,tempo chega para todos e ta tudo bem
2:15:02,8102,chat_da_live,chat_da_live,neutro,1.0,PogChamp
2:15:03,8103,pedepanomttriste,PeDePanoMtTriste,neutro,1.0,Celebro**
2:15:04,8104,simplygodd,simplyGodd,neutro,1.0,falou de mais
2:15:05,8105,florezzs2,florezzs2,neutro,1.0,buttchin
2:15:05,8105,thrillerzs,thrillerzs,neutro,1.0,JumpHomo
2:15:07,8107,monicanaves,monicanaves,positivo,1.0,Lindooo
2:15:10,8110,yorraraujo,yorraraujo,confuso,1.0,pq o sapo vai cospir agua se a natureza ja ta cuspindo?
2:15:10,8110,nandocs69,nandocs69,neutro,1.0,Credo para juspscare
2:15:14,8114,gabriel124455566666666,gabriel124455566666666,neutro,1.0,Legal
2:15:16,8116,feleps,feleps,engraçado,1.0,soh queria asustar
2:15:21,8121,erickhsn,erickhsn,neutro,1.0,tengão
2:15:23,8123,chat_da_live,chat_da_live,neutro,1.0,plugzão
2:15:26,8126,betolxi,betolxi,neutro,1.0,um plug
2:15:29,8129,pedepanomttriste,PeDePanoMtTriste,neutro,1.0,Filosofia de beco num era só no yt
2:15:34,8134,italoitz,italoitz,confuso,0.667,não acredito que ele virou usuário de óculos da para confiar em ninguém na net mesmo
2:15:35,8135,julianosniperr,julianosniperr,positivo,1.0,"Baka, vai lá onde caiu a bomba atômica"
2:15:36,8136,koitsuab,koitsuab,neutro,1.0,pasela
2:15:39,8139,ciel_smile_phantonhive,Ciel_Smile_Phantonhive,neutro,1.0,É um kirby disfarçado
2:15:39,8139,simplygodd,simplyGodd,neutro,1.0,karaoka
2:15:44,8144,betolxi,betolxi,neutro,1.0,crepiroca
2:15:48,8148,peix3manso,peix3manso,neutro,1.0,passa trote
2:15:49,8149,dlemonster,DlEmonster,neutro,1.0,só tem essas duas opções ou é vibrador ou é moeda
2:15:54,8154,matcos25,matcos25,neutro,1.0,Pasela o pau na tua carakssksk
2:15:55,8155,nandocs69,nandocs69,neutro,1.0,Para de filosofar em live bala
2:15:55,8155,josefinotv,Josefinotv,engraçado,0.5,@PeDePanoMtTriste por isso e resenha de beco e nao filosofia de beco
2:15:57,8157,veirazzz1,veirazzz1,neutro,1.0,domina tokyo
2:15:59,8159,roanrobersson,roanrobersson,engraçado,0.5,"Ô Baka, tu tem algum plano sério pro futuro?"
2:16:00,8160,leitadordebarbudos,LeitadorDeBarbudos,neutro,1.0,machista
2:16:01,8161,this_is_pedro,This_is_Pedro,neutro,1.0,Fuma mais então
2:16:01,8161,ciel_smile_phantonhive,Ciel_Smile_Phantonhive,engraçado,0.5,Qual sua comida favorita?
2:16:05,8165,mardony,Mardony,neutro,1.0,então vai agora
2:16:07,8167,feleps,feleps,confuso,1.0,da pra beber agua em hiroshima ou é embaçado?
2:16:11,8171,koitsuab,koitsuab,neutro,1.0,trem baka
2:16:12,8172,erickhsn,erickhsn,neutro,1.0,"pensei em ir, mas achei paia e perca de tempo"
2:16:12,8172,chat_da_live,chat_da_live,neutro,1.0,vai
2:16:13,8173,licht_zayy,licht_zayy,confuso,1.0,E Nagasaki?
2:16:18,8178,jvbchaves,jvbchaves,positivo,0.5,Tem alguma coisa melhor para fazer?
2:16:18,8178,gabriel124455566666666,gabriel124455566666666,neutro,1.0,Nao compensação
2:16:19,8179,pedepanomttriste,PeDePanoMtTriste,neutro,1.0,6 hora de trem baka
2:16:19,8179,yuriairesb,YuriAiresB,neutro,1.0,Só se vive uma vez
2:16:22,8182,manovitaobr,manovitaobr,neutro,1.0,bakagaPiu
2:16:22,8182,zlanz013,zlanz013,confuso,1.0,ja foi em kyoto?
2:16:24,8184,nandocs69,nandocs69,positivo,1.0,@roanrobersson Pra que a vida dele tá super dboa já
2:16:26,8186,nando_wk,nando_wk,neutro,1.0,VADIU
2:16:28,8188,erickhsn,erickhsn,neutro,1.0,6hras pra ir e 6hras pra voltar
2:16:32,8192,urahmeshi,Urahmeshi,neutro,1.0,templo da agua do zelda
2:16:34,8194,r_lira28,r_lira28,positivo,1.0,nunca te deu pika :(
2:16:36,8196,erickhsn,erickhsn,neutro,1.0,12h dentro do trem pra ficar 1h
2:16:45,8205,ciel_smile_phantonhive,Ciel_Smile_Phantonhive,neutro,1.0,O gilson nunchi foi no templo nas águas
2:16:48,8208,eliseujr55,EliseuJr55,neutro,1.0,hakuna matata
2:16:58,8218,koitsuab,koitsuab,engraçado,0.5,que cidade interiorana massa ce ja foi?
2:17:02,8222,veirazzz1,veirazzz1,confuso,1.0,compensa morar no japao?
2:17:03,8223,pedepanomttriste,PeDePanoMtTriste,confuso,1.0,E num da pra viajar p la direto?
2:17:12,8232,yuriairesb,YuriAiresB,neutro,1.0,Baka nunca foi pro Inverno de Sapporo tbm
2:17:12,8232,chat_da_live,chat_da_live,neutro,1.0,esses carro de cara amassada
2:17:13,8233,meiling66,梅琳,neutro,1.0,bakagaAsianfrog
2:17:16,8236,thrillerzs,thrillerzs,neutro,1.0,Tsutsumi
2:17:22,8242,hesiogu,hesiogu,neutro,1.0,cabou a gasolina do taxi
2:17:23,8243,leitadordebarbudos,LeitadorDeBarbudos,neutro,1.0,Tava tão afim de mamar num peitinho hoje
2:17:31,8251,italoitz,italoitz,neutro,1.0,o cara parou no meio da rua
2:17:32,8252,josephh_zz,josephh_zz,confuso,1.0,Vai tá tendo viagem pro Polo Norte?
2:17:33,8253,ph_dsg,PH_dsg,confuso,1.0,n tem becos em hiroshima?
2:17:35,8255,douglaswcamargo,douglaswcamargo,confuso,1.0,já foi em algum Onsen?
2:17:38,8258,matcos25,matcos25,engraçado,1.0,Então é aí q fz drift
2:17:40,8260,veirazzz1,veirazzz1,confuso,1.0,esse carro parado ae??
2:17:40,8260,edinhojorge,edinhojorge,confuso,1.0,baka voltou em definitivo p japao? Ta perdendo a temporada de chuvas em SP
2:17:43,8263,chat_da_live,chat_da_live,confuso,1.0,que cidade do nordeste vc ja foi?
2:17:45,8265,ciel_smile_phantonhive,Ciel_Smile_Phantonhive,confuso,1.0,E hokkaido?
2:17:46,8266,eliseujr55,EliseuJr55,neutro,1.0,táxi tá indeciso
2:17:47,8267,skhaa,Skhaa,confuso,1.0,Tu já foi na Oku Naminha? @BakaGaijinLive
2:17:53,8273,estunado_hattori,estunado_hattori,confuso,1.0,vai ficar quantos dias ai?
2:17:55,8275,wesleykolomar_br,wesleykolomar_br,neutro,1.0,pq o cara parou ai
2:17:55,8275,leitadordebarbudos,LeitadorDeBarbudos,positivo,1.0,ta bom cara ninguem quer saber
2:18:01,8281,leitadordebarbudos,LeitadorDeBarbudos,neutro,1.0,faz entretenimento ai
2:18:01,8281,lulfeca,lulfeca,confuso,1.0,baka oq fazer qnd tudo parece dar errado na sua vida e na vida dos outros parece estar tudo 1000 maravilhas?
2:18:03,8283,ciel_smile_phantonhive,Ciel_Smile_Phantonhive,neutro,1.0,Yokohama
2:18:04,8284,josefinotv,Josefinotv,confuso,1.0,@edinhojorge antes na chuva do japao do que sao paulo aushaushausha
2:18:08,8288,dalton_tw,Dalton_TW,neutro,1.0,ó o patata
2:18:09,8289,retcka,retcka,neutro,1.0,vai para a floresta do suicidio
2:18:10,8290,passarobllue,passarobllue,neutro,1.0,AKAPAKAPAKAPAKAPAKA
2:18:16,8296,julianosniperr,julianosniperr,neutro,1.0,"Baka, marca um rolê com Lucas e Kaho"
2:18:20,8300,erickhsn,erickhsn,neutro,1.0,essa vai pro xracing
2:18:21,8301,veirazzz1,veirazzz1,neutro,1.0,eu passando ae
2:18:21,8301,chat_da_live,chat_da_live,neutro,1.0,taxi em camera lenta
2:18:28,8308,brucecorp,brucecorp,neutro,1.0,rachadores
2:18:29,8309,eliseujr55,EliseuJr55,neutro,1.0,piu
2:18:31,8311,ka1zh,ka1zh,neutro,1.0,bakagaPiu bakagaPiu
2:18:32,8312,vincentvan_glock,VincentVan_Glock,neutro,1.0,Faz o Comeback pra Aokigahara Bakinha
2:18:35,8315,manovitaobr,manovitaobr,neutro,1.0,bakagaPiu bakagaPiu
2:18:39,8319,karasu2024,karasu2024,confuso,1.0,Já teve que pegar ônibus aí no Japão?
2:18:41,8321,ciel_smile_phantonhive,Ciel_Smile_Phantonhive,neutro,1.0,Piu piu
2:18:41,8321,pedepanomttriste,PeDePanoMtTriste,neutro,1.0,Sdds xracing
2:18:43,8323,chat_da_live,chat_da_live,neutro,1.0,xracingo
2:18:43,8323,riiyuji,Riiyuji,neutro,1.0,ohayo xracing
2:18:44,8324,mardony,Mardony,confuso,1.0,derruba alguém
2:18:44,8324,jvbchaves,jvbchaves,engraçado,1.0,alá cometendo o crime de jay walking
2:18:47,8327,nyon20,nyon20,confuso,1.0,stream no pachinko?
2:18:52,8332,matcos25,matcos25,neutro,1.0,Br mesmo andando fora da faixa
2:18:56,8336,veirazzz1,veirazzz1,neutro,1.0,vou entrar nesse beco ae agr
2:18:56,8336,pedepanomttriste,PeDePanoMtTriste,engraçado,1.0,A gritaria ai japones safado
2:18:56,8336,dlemonster,DlEmonster,neutro,1.0,vai pra okunoshima
2:19:00,8340,patarott,patarott,confuso,1.0,ele voltou pro japao de vez ou é bate volta? nao acompanho mt
2:19:00,8340,wesleykolomar_br,wesleykolomar_br,confuso,1.0,evangelion?
2:19:05,8345,marryros098,marryros098,neutro,1.0,Ta na hora do café baka
2:19:09,8349,izei_,Izei_,engraçado,0.5,qual seu palindromo favorito?
2:19:11,8351,walleoliver_,walleoliver_,neutro,1.0,deve ter virado noticia nacional
2:19:11,8351,wesleykolomar_br,wesleykolomar_br,neutro,1.0,Oloko o envagelion
2:19:13,8353,vincentvan_glock,VincentVan_Glock,neutro,1.0,Faz o comeback de Aokigahara Bakinha
2:19:17,8357,leitadordebarbudos,LeitadorDeBarbudos,engraçado,1.0,"Mas é raro presenciar, aqui no br eu vi 1 vez quando criança"
2:19:25,8365,moisesthunder,moisesthunder,neutro,1.0,Tenho lengo tengo
2:19:26,8366,duckn_00,duckn_00,neutro,1.0,passa atropelando aguem e manda para o x videos
2:19:29,8369,passarobllue,passarobllue,neutro,1.0,Live na Índia quando baka
2:19:31,8371,pedepanomttriste,PeDePanoMtTriste,positivo,1.0,Tamo indo pra onde agr
2:19:31,8371,carlos_fumaca_enlatada,carlos_fumaca_enlatada,confuso,1.0,cheguei no final?
2:19:36,8376,yorraraujo,yorraraujo,neutro,1.0,tailandia do nada
2:19:37,8377,lucas27dark,lucas27dark,confuso,1.0,e a música do perna longa?
2:19:38,8378,betolxi,betolxi,neutro,1.0,cafe com baka
2:19:38,8378,xfekyo,xFekyo,confuso,1.0,Não tem ad nessa live?
2:19:39,8379,riiyuji,Riiyuji,neutro,1.0,@passarobllue nunca
2:19:42,8382,e006cr,e006cr,positivo,1.0,Vai qualquer dia naquele bar das muié bombada
2:19:51,8391,matcos25,matcos25,confuso,0.667,Alguém topa PR um referência a Evangelion?
2:19:57,8397,ciel_smile_phantonhive,Ciel_Smile_Phantonhive,neutro,1.0,"Ta na hr do lanche da manhã, leva nóis junto"
2:19:58,8398,riiyuji,Riiyuji,engraçado,1.0,"Baka, tenq adiantar o horario do punhetasso. Tu ta terminando a live mto cedo"
2:19:58,8398,vincentvan_glock,VincentVan_Glock,neutro,1.0,2 Faz o comeback de Aokigahara Bakinha
2:20:04,8404,marryros098,marryros098,neutro,1.0,Se alimente TehePelo
2:20:06,8406,this_is_pedro,This_is_Pedro,neutro,1.0,Pior não peguei AD em momento nenhum
2:20:06,8406,pedro_polegar,pedro_polegar,neutro,1.0,Mano do céu
2:20:11,8411,palhaco7,palhaco7,neutro,1.0,Graças a Deus
2:20:12,8412,leitadordebarbudos,LeitadorDeBarbudos,positivo,1.0,Eu te dei subzin hoje porque voce é PIKA
2:20:13,8413,pedepanomttriste,PeDePanoMtTriste,neutro,1.0,Nunca vi uma unidade de ad
2:20:13,8413,yorraraujo,yorraraujo,neutro,1.0,eu nem sabia que era possivel tirar todo ad
2:20:14,8414,xablau_xyz,xablau_xyz,confuso,1.0,espero que um dia o coconut encontre o baka
2:20:17,8417,this_is_pedro,This_is_Pedro,positivo,1.0,Que foda
2:20:20,8420,leitadordebarbudos,LeitadorDeBarbudos,neutro,1.0,oloco
2:20:22,8422,leitadordebarbudos,LeitadorDeBarbudos,positivo,1.0,Muito foda
2:20:24,8424,dlemonster,DlEmonster,neutro,1.0,notavelmente grande
2:20:26,8426,breikaa,breikaa,positivo,1.0,Entao vc está aqui por puro amor ao jogo
2:20:27,8427,this_is_pedro,This_is_Pedro,neutro,1.0,Caiu não
2:20:28,8428,mariposa_alada,Mariposa_Alada,neutro,1.0,Que peak
2:20:33,8433,coofycoofy,coofycoofy,neutro,1.0,tô aqui há mt tempo e n teve ad
2:20:34,8434,mcarvalh0,Mcarvalh0,confuso,1.0,Baka voltou pro japao ?
2:20:37,8437,julianosniperr,julianosniperr,neutro,1.0,Mussum
2:20:42,8442,vincentvan_glock,VincentVan_Glock,neutro,1.0,4 Faz o comeback de Aokigahara Bakinha
2:20:44,8444,gabriel124455566666666,gabriel124455566666666,engraçado,1.0,Notórios biga
2:20:53,8453,moisesthunder,moisesthunder,neutro,1.0,!clima
2:20:53,8453,jadonny89,jadonny89,confuso,1.0,baka tem dica pra iniciante na fotografia?
2:20:53,8453,nightbot,Nightbot,neutro,1.0,Agora em Tokyo tá 72F (22C)
2:20:54,8454,edinhojorge,edinhojorge,neutro,1.0,@Mcarvalh0 falaram q sim
2:20:57,8457,josefinotv,Josefinotv,neutro,1.0,@Mcarvalh0 a passeio apenas
2:20:57,8457,this_is_pedro,This_is_Pedro,engraçado,1.0,Notorious the great
2:20:58,8458,thrillerzs,thrillerzs,confuso,1.0,é o maluco do Cotonete sera
2:20:59,8459,jvbchaves,jvbchaves,engraçado,1.0,"Nem num beco desses tem perigo nenhum, que sonho"
2:20:59,8459,matcos25,matcos25,neutro,1.0,@mcarvalh0 live gravada
2:21:01,8461,pulchram12,pulchram12,neutro,1.0,SUBtember
2:21:04,8464,himajindesuu,himajindesuu,neutro,1.0,só tem ad se sair da live e voltar
2:21:09,8469,julynhatoys,JulynhaToys,neutro,1.0,"Se tu vê um konbini, entra ai e compra pacote de carta de pokemon, pu favô julynhOnegai"
2:21:12,8472,bieltl,BielTL,confuso,1.0,"Ué, isso ainda é em SP?"
2:21:16,8476,breelays,breelays,neutro,1.0,o hiperfoco na música
2:21:21,8481,davidgolartt,davidgolartt,confuso,1.0,Se vai ficar quantos dias ai baka?
2:21:22,8482,pedepanomttriste,PeDePanoMtTriste,neutro,1.0,Krlh achei q ce tinha jogado a parada no chão
2:21:23,8483,ciel_smile_phantonhive,Ciel_Smile_Phantonhive,neutro,1.0,Festa do fim de semana tuts tuts emana
2:21:25,8485,this_is_pedro,This_is_Pedro,neutro,1.0,Tá emo Bala
2:21:31,8491,xrestrito,xrestrito,confuso,1.0,que dia ele volta pro br?
2:21:35,8495,eliseujr55,EliseuJr55,neutro,1.0,muçei
2:21:37,8497,skhaa,Skhaa,positivo,1.0,"Bom que o baka realmente se mantém firme. Beco e ar condicionado ele nem pensa, só entra"
2:21:38,8498,wesleykolomar_br,wesleykolomar_br,neutro,1.0,julinha aproveitadora
2:21:38,8498,this_is_pedro,This_is_Pedro,confuso,1.0,Furry??
2:21:44,8504,dlemonster,DlEmonster,confuso,1.0,"okunoshima, não? ilha dos coelhos"
2:21:46,8506,mariposa_alada,Mariposa_Alada,neutro,1.0,Furry embaixo
2:21:46,8506,reptilianomestre,ReptilianoMestre,neutro,1.0,K
2:21:48,8508,palhaco7,palhaco7,neutro,1.0,Julynha deu a call de entretenimento pra live ai o
2:21:50,8510,pedepanomttriste,PeDePanoMtTriste,neutro,1.0,A Julynha falando contigo
2:21:51,8511,marryros098,marryros098,confuso,1.0,Baka qual dica você da pra quem quer ir para o Japão?
2:21:53,8513,avilla_ntj,avilla_ntj,neutro,1.0,opa
2:21:54,8514,syzygio,syzygio,neutro,1.0,mds um fury
2:21:54,8514,this_is_pedro,This_is_Pedro,neutro,1.0,Kk
2:22:00,8520,ciel_smile_phantonhive,Ciel_Smile_Phantonhive,neutro,1.0,Ownt 🥹
2:22:00,8520,leidsan,LeidSan,neutro,1.0,Quest pra tu baka
2:22:04,8524,jvbchaves,jvbchaves,confuso,1.0,será que algum casal mais aventureiro faz safadeza a noite nesses becos?
2:22:05,8525,eliezer992,Eliezer992,neutro,1.0,furry Binoculous
2:22:06,8526,reptilianomestre,ReptilianoMestre,neutro,1.0,FURRY BALA
2:22:11,8531,this_is_pedro,This_is_Pedro,positivo,1.0,Vamos agora
2:22:13,8533,thrillerzs,thrillerzs,neutro,1.0,Julinha pediu pra tu comprar pacotão de cartas mano
2:22:16,8536,this_is_pedro,This_is_Pedro,neutro,1.0,A gente paga
2:22:16,8536,palhaco7,palhaco7,neutro,1.0,Tem a tua ilha também a ilha dos gato
2:22:17,8537,breelays,breelays,neutro,1.0,geme
2:22:17,8537,wesleykolomar_br,wesleykolomar_br,neutro,1.0,"ulynhaToys: Se tu vê um konbini, entra ai e compra pacote de carta de pokemon, pu favô"
2:22:21,8541,avilla_ntj,avilla_ntj,neutro,1.0,"encerra a live não, acabei de chegar"
2:22:21,8541,moisesthunder,moisesthunder,confuso,1.0,Ea ilha do sexo tem?
2:22:23,8543,reptilianomestre,ReptilianoMestre,neutro,1.0,VC
2:22:29,8549,pedro_polegar,pedro_polegar,neutro,1.0,@JulynhaToys Presta atenção BAKA compra o pacote de carta pra elaa
2:22:34,8554,palhaco7,palhaco7,confuso,1.0,É o crash?
2:22:35,8555,matcos25,matcos25,engraçado,1.0,Deve ter Ilha da sua prima tbm
2:22:36,8556,veirazzz1,veirazzz1,neutro,1.0,parece o crash
2:22:37,8557,riiyuji,Riiyuji,neutro,1.0,faça a quest da julya toys BAKA
2:22:38,8558,artuurbr21,artuurbr21,neutro,1.0,pq tem vassoura de bruxa aí
2:22:39,8559,passarobllue,passarobllue,neutro,1.0,Esquisitasso
2:22:43,8563,jooojero,jooojero,confuso,1.0,@BakaGaijinLive e aquela caixinha na pokebola sera que ta la ainda?
2:22:44,8564,dlemonster,DlEmonster,neutro,1.0,fica em hiroshima tbm
2:22:45,8565,passarobllue,passarobllue,neutro,1.0,Epstein era furry
2:22:46,8566,pedepanomttriste,PeDePanoMtTriste,neutro,1.0,"JulynhaToys: Se tu vê um konbini, e*****ai e compra p******de carta de pokemon, pu favô"
2:22:49,8569,jooojero,jooojero,neutro,1.0,calcinha*
2:22:50,8570,this_is_pedro,This_is_Pedro,positivo,1.0,Crash bom de cú
2:22:51,8571,xrestrito,xrestrito,confuso,1.0,tem um treco arabe ali tbm?
2:22:55,8575,yorraraujo,yorraraujo,neutro,1.0,as vassouras do serviço de entregas
2:23:03,8583,izei_,Izei_,engraçado,0.5,"baka, qual seu palindromo favorito?"
2:23:04,8584,hesiogu,hesiogu,positivo,1.0,"Tinder pra anti vacina, gostei"
2:23:05,8585,this_is_pedro,This_is_Pedro,positivo,1.0,Instala pra testar se é bom
2:23:09,8589,leonardogb90,leonardogb90,neutro,1.0,no fap september
2:23:11,8591,jvbchaves,jvbchaves,neutro,1.0,O site do nonvacci nem funciona
2:23:12,8592,riiyuji,Riiyuji,neutro,1.0,Realize a quest da julyatoys baka
2:23:16,8596,palhaco7,palhaco7,neutro,1.0,Virou trapper
2:23:16,8596,pedepanomttriste,PeDePanoMtTriste,neutro,1.0,"É, num que num que"
2:23:18,8598,badnoob5,badnoob5,positivo,1.0,ficou foda
2:23:19,8599,ciel_smile_phantonhive,Ciel_Smile_Phantonhive,neutro,1.0,Find your soulmate
2:23:20,8600,thrillerzs,thrillerzs,neutro,1.0,Cara achou que voce tava falando com o porte
2:23:23,8603,marquinho3942,Marquinho3942,neutro,1.0,Eae vagabundo
2:23:23,8603,catchau2005,catchau2005,confuso,1.0,vai votar nele?
2:23:26,8606,itslev_,itslev_,confuso,1.0,ele ta no Brasil?
2:23:27,8607,tristesatanexe,TristeSatanExe,neutro,1.0,F
2:23:32,8612,breelays,breelays,neutro,1.0,demo
2:23:32,8612,wesleykolomar_br,wesleykolomar_br,engraçado,1.0,kkkkk
2:23:32,8612,pou556,pou556,neutro,1.0,são paulo ta diferente
2:23:33,8613,marryros098,marryros098,neutro,1.0,É o demônio
2:23:33,8613,this_is_pedro,This_is_Pedro,neutro,1.0,Esse é dos nossos
2:23:35,8615,sambridgesbb,sambridgesbb,neutro,1.0,puxa e passa
2:23:36,8616,pedepanomttriste,PeDePanoMtTriste,neutro,1.0,Ufa
2:23:39,8619,sixtyhzrl,sixtyhzRL,neutro,1.0,choke7Lombra
2:23:40,8620,christophergod,Christophergod,neutro,1.0,eo no FAP
2:23:44,8624,kelvinlutz,KelvinLutz,neutro,1.0,MAMAE DORMIU FUMAÇA SOBIU
2:23:52,8632,themonalizard,themonalizard,neutro,1.0,VICE CONSUL DE HONDURAS
2:23:56,8636,breelays,breelays,neutro,1.0,mds kakaka
2:23:57,8637,luizfert,luizfert,confuso,1.0,E a Juilinha TOYS BAKA????
2:23:57,8637,this_is_pedro,This_is_Pedro,neutro,1.0,Desayunar ese hombre
2:24:01,8641,reptilianomestre,ReptilianoMestre,neutro,1.0,OBG
2:24:06,8646,yorraraujo,yorraraujo,neutro,1.0,japonês fluente
2:24:06,8646,ciel_smile_phantonhive,Ciel_Smile_Phantonhive,neutro,1.0,Almodóvar
2:24:06,8646,riiyuji,Riiyuji,neutro,1.0,... Realize a quest da julyatoys baka
2:24:12,8652,duckn_00,duckn_00,neutro,1.0,vai invocar algo ai
2:24:13,8653,pedepanomttriste,PeDePanoMtTriste,confuso,1.0,E Ler a Julynha nao quer ne
2:24:16,8656,giovani6jogadoh,giovani6jogadoh,neutro,1.0,calma cara
2:24:17,8657,peix3manso,peix3manso,neutro,1.0,sim
2:24:18,8658,badnoob5,badnoob5,neutro,1.0,o caba tá explorando os easter eggs do beco
2:24:19,8659,breelays,breelays,neutro,1.0,vai tomando
2:24:20,8660,palhaco7,palhaco7,neutro,1.0,Claramente.
2:24:21,8661,pedro_polegar,pedro_polegar,neutro,1.0,As carta da Jullynha seu DESALMADO
2:24:21,8661,sawdzin,SawdZin,neutro,1.0,çim
2:24:22,8662,this_is_pedro,This_is_Pedro,neutro,1.0,Nossa quantos fios
2:24:22,8662,pou556,pou556,confuso,1.0,acho que não
2:24:22,8662,giorootz,giorootz,neutro,1.0,não
2:24:23,8663,julianosniperr,julianosniperr,neutro,1.0,aprecio mucho la cultura latina
2:24:25,8665,dlemonster,DlEmonster,engraçado,1.0,barriu de chopp
2:24:25,8665,wesleykolomar_br,wesleykolomar_br,neutro,1.0,faz a quest da julyinha
2:24:26,8666,lukyarte,Lukyarte,neutro,1.0,cim
2:24:26,8666,this_is_pedro,This_is_Pedro,neutro,1.0,Se pá sim
2:24:26,8666,ckr4nio,ckr4nio,neutro,1.0,chama eu
2:24:27,8667,dvco,dvco,neutro,1.0,voltou pro spawn
2:24:27,8667,pedepanomttriste,PeDePanoMtTriste,neutro,1.0,Vc ta filmando a minha casa
2:24:29,8669,catchau2005,catchau2005,engraçado,1.0,eu moraria nesse barraco
2:24:30,8670,thrillerzs,thrillerzs,neutro,1.0,é o mesmo lugar do inicio é
2:24:31,8671,yorraraujo,yorraraujo,neutro,1.0,eu moro em um barraco no brasil
2:24:32,8672,marryros098,marryros098,neutro,1.0,Sim
2:24:40,8680,e006cr,e006cr,neutro,1.0,3 mil de aluguel um desses em sp
2:24:41,8681,giovani6jogadoh,giovani6jogadoh,engraçado,1.0,eu moraria junto com os pombo
2:24:46,8686,pedepanomttriste,PeDePanoMtTriste,neutro,1.0,Usa
2:24:46,8686,stallone_caminhoneiro,stallone_caminhoneiro,neutro,1.0,k
2:24:47,8687,giovanniorleans,GiovanniOrleans,confuso,1.0,"mano to com saudade do punhetaço,ta liberado ja?"
2:24:53,8693,peix3manso,peix3manso,neutro,1.0,baka como ce se sente vendo o inicio do era cyberpunk
2:24:53,8693,betolxi,betolxi,engraçado,0.5,bala ja foi pra ponte do rio q cai?
2:24:56,8696,sixtyhzrl,sixtyhzRL,engraçado,1.0,kkkkkkk
2:24:56,8696,pou556,pou556,neutro,1.0,Gavin
2:24:56,8696,this_is_pedro,This_is_Pedro,neutro,1.0,Entra de novo pra testar
2:24:58,8698,marryros098,marryros098,engraçado,1.0,Moraria em qualquer lugar do Japão
2:25:03,8703,ciel_smile_phantonhive,Ciel_Smile_Phantonhive,confuso,1.0,O que tem lá?
2:25:04,8704,jun_09t,jun_09t,neutro,1.0,eu conheço esse homem
2:25:04,8704,wesleykolomar_br,wesleykolomar_br,neutro,1.0,ant é formiga
2:25:04,8704,mariposa_alada,Mariposa_Alada,engraçado,0.5,Caraca tá escrito merda ali
2:25:06,8706,pinguysx,PinguYsx,neutro,1.0,formigas
2:25:06,8706,soratasweet,SorataSweet,neutro,1.0,antedeguemon
2:25:07,8707,thrillerzs,thrillerzs,neutro,1.0,Ant X
2:25:07,8707,pedro_polegar,pedro_polegar,neutro,1.0,Anti o cara do lado
2:25:07,8707,jvbchaves,jvbchaves,neutro,1.0,turma do contra
2:25:08,8708,e006cr,e006cr,neutro,1.0,Anti resenha
2:25:11,8711,yorraraujo,yorraraujo,neutro,1.0,dao os adesivos
2:25:11,8711,marquinho3942,Marquinho3942,engraçado,1.0,Anti ontem fez fri
2:25:13,8713,passarobllue,passarobllue,neutro,1.0,Anti comuna sujo
2:25:14,8714,dlemonster,DlEmonster,neutro,1.0,anti²
2:25:16,8716,pedepanomttriste,PeDePanoMtTriste,neutro,1.0,Oia o robert eisten
2:25:19,8719,italoitz,italoitz,confuso,1.0,ele ta perto do homem aranha com o cu dando bote ?
2:25:23,8723,rivaldorivas,RivaldoRivas,neutro,1.0,faz a quest da Julynha Baka
2:25:24,8724,guilhermesl45,guilhermesl45,neutro,1.0,Anti xmen
2:25:25,8725,bagreeeeeeeee,BAGREeeeeeeee,neutro,1.0,Formiga
2:25:26,8726,breelays,breelays,engraçado,1.0,kkkkk
2:25:26,8726,oliveiradriell,oliveiradriell,confuso,1.0,contra isso tudo que ta ai taokei
2:25:30,8730,ciel_smile_phantonhive,Ciel_Smile_Phantonhive,neutro,1.0,Legal ^_^
2:25:30,8730,jvbchaves,jvbchaves,neutro,1.0,mó favela
2:25:32,8732,peix3manso,peix3manso,positivo,1.0,só um ratao morto pra melhorar ainda mais a noite
2:25:35,8735,rafaelwas22,rafaelwas22,neutro,1.0,meu tio morreu nesse beco ai
2:25:35,8735,this_is_pedro,This_is_Pedro,neutro,1.0,"Beco sujo da porra, esse é o verdadeiro Japil"
2:25:43,8743,yorraraujo,yorraraujo,neutro,1.0,é o zé pequeno
2:25:47,8747,mardony,Mardony,neutro,1.0,peidou
2:25:54,8754,pedepanomttriste,PeDePanoMtTriste,neutro,1.0,"O medo maior do baka, pessoas"
2:25:59,8759,giovani6jogadoh,giovani6jogadoh,neutro,1.0,tá apertadinho
2:26:01,8761,breelays,breelays,neutro,1.0,ain veyr
2:26:01,8761,marcosssantoro,MarcossSantoro,neutro,1.0,só se fosse um sequestro..
2:26:01,8761,peix3manso,peix3manso,neutro,1.0,vai ent
2:26:02,8762,ciel_smile_phantonhive,Ciel_Smile_Phantonhive,confuso,1.0,Cadê as galochas?
2:26:13,8773,avilla_ntj,avilla_ntj,neutro,1.0,meu beco hein kk
2:26:13,8773,palhaco7,palhaco7,neutro,1.0,Legal
2:26:17,8777,mariposa_alada,Mariposa_Alada,positivo,1.0,Boa vai pro seu habitat natural
2:26:18,8778,webbersat,WeBBersat,neutro,1.0,"você pode tirar um homem do beco, mas nunca ira tirar o beco do homem"
2:26:20,8780,marquinho3942,Marquinho3942,engraçado,0.5,Decidiu sair do armário?
2:26:20,8780,this_is_pedro,This_is_Pedro,neutro,1.0,Anda sem óculos
2:26:24,8784,ciel_smile_phantonhive,Ciel_Smile_Phantonhive,neutro,1.0,Beco yaoi
2:26:24,8784,nando_wk,nando_wk,confuso,1.0,oq tem em bar LGTV?
2:26:26,8786,giovani6jogadoh,giovani6jogadoh,neutro,1.0,vai gracinha
2:26:31,8791,pedepanomttriste,PeDePanoMtTriste,neutro,1.0,Começou a lactação no mundo dos becos
2:26:31,8791,matcos25,matcos25,confuso,1.0,Vc se sente em casa lá?
2:26:33,8793,hesiogu,hesiogu,positivo,1.0,Cade as bombacha tche
2:26:35,8795,sambridgesbb,sambridgesbb,confuso,1.0,qual letra vc é do lgbtqia+ baka?
2:26:38,8798,vanderdak,Vanderdak,neutro,1.0,cadê as gatinhas japonesas
2:26:40,8800,erickhsn,erickhsn,neutro,1.0,eu comprei umas botas de uns 300€ pra chuva(n saio de casa)
2:26:42,8802,ryzootv,RyzOoTV,confuso,1.0,ta morando em sp ou japao????
2:26:45,8805,yorraraujo,yorraraujo,neutro,1.0,mó paz o japão vazio
2:26:47,8807,jvbchaves,jvbchaves,neutro,1.0,"Tá usando aquele óculos do Zuckenberg para live, realmente deve ter facilitado a vida de streamers feito vocês"
2:26:47,8807,christophergod,Christophergod,confuso,1.0,eo no fap?
2:26:51,8811,pou556,pou556,neutro,1.0,pula aí
2:26:53,8813,marryros098,marryros098,confuso,1.0,Baka se ja fumo f1 ?
2:26:53,8813,marquinho3942,Marquinho3942,neutro,1.0,Nois quer ver é as do job
2:26:55,8815,ciel_smile_phantonhive,Ciel_Smile_Phantonhive,engraçado,1.0,Beco yuri e yaoi
2:27:00,8820,dlemonster,DlEmonster,neutro,1.0,deidara
2:27:02,8822,peix3manso,peix3manso,neutro,1.0,eita
2:27:02,8822,duil9,duil9,neutro,1.0,"é só trabalhar ai,problema resolvido"
2:27:03,8823,wesleykolomar_br,wesleykolomar_br,neutro,1.0,F
2:27:06,8826,this_is_pedro,This_is_Pedro,neutro,1.0,Tá porrah
2:27:06,8826,passarobllue,passarobllue,positivo,1.0,BOMBA
2:27:06,8826,ckr4nio,ckr4nio,neutro,1.0,ta poha
2:27:07,8827,micueimauser,MicueiMauser,neutro,1.0,vixe alguem morreu
2:27:08,8828,mardony,Mardony,neutro,1.0,eita preula
2:27:08,8828,kise_ryota__,Kise_Ryota__,neutro,1.0,tão indo te prender
2:27:09,8829,giorootz,giorootz,neutro,1.0,"começou baka, corre"
2:27:10,8830,passarobllue,passarobllue,neutro,1.0,VAI CAIR DE NOVO
2:27:11,8831,reptilianomestre,ReptilianoMestre,engraçado,1.0,@erickhsn NO TIKTOK SHOP TEM POR 20 REAIS
2:27:12,8832,palhaco7,palhaco7,neutro,1.0,É o zomi
2:27:12,8832,ckr4nio,ckr4nio,neutro,1.0,o godzina
2:27:12,8832,mariposa_alada,Mariposa_Alada,neutro,1.0,Taporra a sirene
2:27:12,8832,italoitz,italoitz,negativo,1.0,deu ruim corre baka
2:27:13,8833,this_is_pedro,This_is_Pedro,neutro,1.0,Perderemos o Bala
2:27:13,8833,sixtyhzrl,sixtyhzRL,neutro,1.0,batzSirene batzSirene batzSirene
2:27:13,8833,drigueiraa,Drigueiraa,positivo,1.0,bomba
2:27:14,8834,pedepanomttriste,PeDePanoMtTriste,engraçado,1.0,Krlh começou a noite de crime
2:27:15,8835,brucecorp,brucecorp,neutro,1.0,carai
2:27:15,8835,pedro_polegar,pedro_polegar,neutro,1.0,A bruxa ta solta
2:27:15,8835,pulchram12,pulchram12,neutro,1.0,🚨🚨
2:27:16,8836,josephh_zz,josephh_zz,confuso,1.0,Godzilla?
2:27:16,8836,e006cr,e006cr,neutro,1.0,"Te acharam bska, foge"
2:27:17,8837,mardony,Mardony,neutro,1.0,alarme do fim do mundo
2:27:18,8838,hesiogu,hesiogu,neutro,1.0,alerta de godzilla
2:27:19,8839,ciel_smile_phantonhive,Ciel_Smile_Phantonhive,positivo,1.0,Stop! In the name of love...
2:27:20,8840,beyond_desolation2,Beyond_Desolation2,engraçado,1.0,TE DESCOBRIRAM FOGE BAKA
2:27:21,8841,wesleykolomar_br,wesleykolomar_br,neutro,1.0,godzilla atacou
2:27:25,8845,eunaasaa,eunaasaa,neutro,1.0,alerta de cu piscante
2:27:25,8845,jamorangoo12,JaMorangoo12,neutro,1.0,piu piu
2:27:31,8851,xeatlitle,xeatlitle,neutro,1.0,gojira
2:27:32,8852,erickhsn,erickhsn,positivo,0.5,ainda estamos torcendo pra ter um terremoto ao vivo?
2:27:34,8854,reptilianomestre,ReptilianoMestre,neutro,1.0,F
2:27:35,8855,99hard_,99hard_,confuso,1.0,tu ja presenciou um terremoto em live baka?
2:27:37,8857,dlemonster,DlEmonster,neutro,1.0,alerta de kaiju
2:27:37,8857,giovani6jogadoh,giovani6jogadoh,frustrado,1.0,aff que baruiera
2:27:37,8857,pedepanomttriste,PeDePanoMtTriste,neutro,1.0,Alerta de viadage
2:27:42,8862,yorraraujo,yorraraujo,neutro,1.0,alerta de monstro gigante sem direitos autorais
2:27:43,8863,yuri_7887_,Yuri_7887_,engraçado,1.0,LAMBE OS CORRIMÃOS
2:27:43,8863,moisesthunder,moisesthunder,neutro,1.0,Gozazzila
2:27:45,8865,yuri_7887_,Yuri_7887_,neutro,1.0,LAMBA
2:27:46,8866,filipi_21,Filipi_21,neutro,1.0,passar ela
2:27:47,8867,matcos25,matcos25,neutro,1.0,Piu Piu
2:27:48,8868,manovitaobr,manovitaobr,neutro,1.0,bakagaPiu bakagaPiu
2:27:49,8869,julianosniperr,julianosniperr,neutro,1.0,Exiit 8
2:27:50,8870,mariposa_alada,Mariposa_Alada,neutro,1.0,Luz na passarela que lá vem ela
2:27:51,8871,stallone_caminhoneiro,stallone_caminhoneiro,neutro,1.0,Gojira
2:27:54,8874,brucecorp,brucecorp,engraçado,1.0,alerta defesa civil: busque abrigo
2:27:58,8878,arelich,Arelich,neutro,1.0,tipo 8.2
2:27:58,8878,italoitz,italoitz,engraçado,1.0,@erickhsn desde 2020
2:28:00,8880,hesiogu,hesiogu,neutro,1.0,So uma magnitude 9
2:28:05,8885,nando_wk,nando_wk,neutro,1.0,qual foi o role mais louco q ja teve ai baka
2:28:05,8885,pedepanomttriste,PeDePanoMtTriste,positivo,1.0,Uma bombinha nuclear
2:28:06,8886,montizinbr,montizinbr,neutro,1.0,vou dar um pulo aqui jaja chega ai
2:28:07,8887,ciel_smile_phantonhive,Ciel_Smile_Phantonhive,neutro,1.0,Turururu
2:28:07,8887,nando_wk,nando_wk,neutro,1.0,tipo
2:28:11,8891,yuri_7887_,Yuri_7887_,engraçado,1.0,LAMBA OS CORRIMÃOS
2:28:13,8893,luan_nonato,luan_nonato,confuso,1.0,voltou para o Japão?
2:28:19,8899,peix3manso,peix3manso,neutro,1.0,"essa ai escorrega,a cara dela"
2:28:21,8901,pedro_polegar,pedro_polegar,positivo,1.0,A bunda amortece
2:28:23,8903,wander_321,wander_321,confuso,1.0,Live por dia?
2:28:25,8905,palhaco7,palhaco7,neutro,1.0,Aura
2:28:30,8910,mardony,Mardony,neutro,1.0,cara nerd
2:28:31,8911,pou556,pou556,confuso,1.0,esse óculos aí filma?
2:28:31,8911,yuri_7887_,Yuri_7887_,engraçado,1.0,LAMBA OS CORRIMÃOSS
2:28:33,8913,wander_321,wander_321,neutro,1.0,Não aguento mais
2:28:36,8916,erickhsn,erickhsn,engraçado,1.0,"todas as minhas experiencias com terremoto, eu tava dormindo"
2:28:36,8916,pedepanomttriste,PeDePanoMtTriste,neutro,1.0,Só formando aura né fi
2:28:36,8916,catchau2005,catchau2005,confuso,1.0,quando tem terremoto a bunda fica tremendo?
2:28:43,8923,suricatuz,Suricatuz,engraçado,1.0,corrimães
2:28:44,8924,jahzerei,jahzerei,engraçado,0.5,"Sou bundista, pois como a bunda da coxinha primeiro"
2:28:48,8928,palhaco7,palhaco7,neutro,1.0,Ela disse o mesmo
2:28:49,8929,sad_sosa,sad_sosa,neutro,1.0,Pula aí baka
2:28:51,8931,yorraraujo,yorraraujo,neutro,1.0,mais um lugar pra ir de yurei
2:28:52,8932,yuri_7887_,Yuri_7887_,confuso,1.0,Piracicaba isso ai?
2:28:53,8933,this_is_pedro,This_is_Pedro,neutro,1.0,Kk
2:28:56,8936,edinhojorge,edinhojorge,neutro,1.0,terminal bandeira ta diferente
2:28:59,8939,marquinho3942,Marquinho3942,neutro,1.0,Vai naquele gancha de calcinha
2:29:00,8940,zukohone,zukohone,confuso,1.0,Ihh que q volto pro server premium?
2:29:02,8942,matheuzuou,Matheuzuou,confuso,1.0,ué? voltou pro JP?
2:29:05,8945,peix3manso,peix3manso,neutro,1.0,que bonito esses mosaico
2:29:05,8945,duil9,duil9,confuso,1.0,Baka pretende deixar algum bastardo ai no Japao ?
2:29:10,8950,marryros098,marryros098,neutro,1.0,Japonês vomita em qualquer canto meu Deus
2:29:12,8952,jvbchaves,jvbchaves,confuso,1.0,Quão incomodada as pessoas ficam com a sua câmera? dá para ver que você desvia de todos
2:29:13,8953,mrejr,MrEjr,engraçado,0.5,@erickhsn ele tá de viagem no japão ou voltou de vez?
2:29:14,8954,thrillerzs,thrillerzs,neutro,1.0,Se for uma molinha ate bate palma
2:29:15,8955,sambridgesbb,sambridgesbb,neutro,1.0,voltou pra carapicuipa
2:29:19,8959,jahzerei,jahzerei,neutro,1.0,sua audiência é tudo bunda gorda
2:29:21,8961,guilmour_,guilmour_,positivo,1.0,Piso bom para escorregar
2:29:22,8962,erickhsn,erickhsn,neutro,1.0,@MrEjr viagem
2:29:24,8964,peix3manso,peix3manso,neutro,1.0,nao
2:29:27,8967,mrejr,MrEjr,positivo,0.5,@erickhsn obrigado
2:29:29,8969,ciel_smile_phantonhive,Ciel_Smile_Phantonhive,confuso,1.0,Já foi em um jardim de areia com bonsai?
2:29:30,8970,matcos25,matcos25,frustrado,0.5,Quando da terremoto enquanto caga a merda bate na bunda?
2:29:31,8971,yuri_7887_,Yuri_7887_,confuso,1.0,entra na casa de alguém pra gente ver a reação
2:29:35,8975,arelich,Arelich,neutro,1.0,ta com verme
2:29:38,8978,badnoob5,badnoob5,neutro,1.0,essa faixa é só pra cego
2:29:38,8978,ttnic,TTnic,neutro,1.0,ta mt dhr essa nova area da liberdade
2:29:38,8978,pato_gostoso__,pato_gostoso__,frustrado,0.667,Já tá cansado baka?
2:29:39,8979,giovanniorleans,GiovanniOrleans,neutro,1.0,ta com sarna
2:29:40,8980,catchau2005,catchau2005,neutro,1.0,andar na faixa amarela pra atrapalhar o caminho do cego
2:29:41,8981,mariposa_alada,Mariposa_Alada,neutro,1.0,Æügh
2:29:41,8981,pedepanomttriste,PeDePanoMtTriste,positivo,1.0,Terminal Grajau é lindo né gente
2:29:42,8982,wesleykolomar_br,wesleykolomar_br,engraçado,0.5,alegria? papo de internar
2:29:44,8984,italoitz,italoitz,positivo,1.0,osasco nesse tempo fica lindo
2:29:44,8984,donki554,donki554,neutro,1.0,Sarna
2:29:46,8986,jahzerei,jahzerei,positivo,1.0,O tecido de Taubaté é melhor que da Caxemira
2:29:49,8989,thrillerzs,thrillerzs,neutro,1.0,Cara se arrastou pelo beco sujo de rato e agora ta ai
2:29:50,8990,pedro_polegar,pedro_polegar,neutro,1.0,Tomou picada até altas horas né
2:30:00,9000,oliv_yashi,oliv_yashi,neutro,1.0,As coceiras é efeito da extra cifilis baka
2:30:04,9004,yuri_7887_,Yuri_7887_,confuso,1.0,vc sabe falar japonês?
2:30:12,9012,pou556,pou556,engraçado,1.0,kkkkkk
2:30:14,9014,pedepanomttriste,PeDePanoMtTriste,neutro,1.0,Que delicia hein amigo
2:30:17,9017,riiyuji,Riiyuji,engraçado,1.0,@Yuri_7887_ ele nao sabe falar nem portugues
2:30:23,9023,paulinhohetero,PaulinhoHetero,confuso,1.0,Já foi na praia de nudismo ?
2:30:23,9023,jahzerei,jahzerei,confuso,1.0,que monumento é esse a sua frente??
2:30:26,9026,dlemonster,DlEmonster,neutro,1.0,muito mosquito da dengue no japão
2:30:27,9027,riiyuji,Riiyuji,neutro,1.0,compra uma bala de sal e pare de reclamar baka
2:30:31,9031,foudaze1,foudaze1,inspirado,0.5,"Volto qndo baka, e por qual motivo ? @BakaGaijinLive"
2:30:34,9034,sigurd_volsung,sigurd_volsung,neutro,1.0,Caralho o baka respawnou no japão q maravilha
2:30:35,9035,reptilianomestre,ReptilianoMestre,confuso,1.0,ja é quarta feira ai no japão?
2:30:38,9038,carlao18fromthehell,Carlao18FromTheHell,engraçado,0.5,"Bonito aí, é Piraporinha do Siriri-CE?"
2:30:39,9039,yakysova,yakysova,neutro,1.0,mo silencio e so o baka falando
2:30:39,9039,e006cr,e006cr,neutro,1.0,@jahzerei Tokyo tower
2:30:42,9042,cristtuss,CrisTTuss,confuso,1.0,"To por fora, o Baka está em Fortaleza?"
2:30:43,9043,wesleykolomar_br,wesleykolomar_br,neutro,1.0,nem tem isso no jp
2:30:44,9044,riiyuji,Riiyuji,neutro,1.0,"@foudaze1 ta viajando so, informe-se"
2:30:45,9045,yuri_7887_,Yuri_7887_,engraçado,1.0,"@Riiyuji vai saber, os dodoi da cabeça sabem fazer coisas bizarras"
2:30:53,9053,ryzootv,RyzOoTV,neutro,1.0,ninguem responde pq o baka ta no japao tnc
2:30:54,9054,pedro_polegar,pedro_polegar,positivo,1.0,"Vamo dançar tudo nú, tudo com o dedo no cú menos eu 🎶🎶"
2:30:55,9055,josephh_zz,josephh_zz,positivo,1.0,Bala de Sal tem gosto de que
2:30:55,9055,riiyuji,Riiyuji,engraçado,1.0,@CrisTTuss lençois maranhenses
2:30:57,9057,nightdep,NightDep,confuso,1.0,"Opa Baka, aquela galera daí que ficava indo atrás dos streamers, pararam ?"
2:31:03,9063,thiagomendess44,thiagomendess44,positivo,1.0,baka gostoso
2:31:05,9065,jvbchaves,jvbchaves,neutro,1.0,"@RyzOoTV passeando só, pelo visto"
2:31:07,9067,riiyuji,Riiyuji,engraçado,1.0,"@Yuri_7887_ baka é diferente, nao sabe fazer nada"
2:31:09,9069,pou556,pou556,neutro,1.0,no brasil não dá vontade de sair de casa
2:31:13,9073,josephh_zz,josephh_zz,neutro,1.0,O mickey
2:31:15,9075,riiyuji,Riiyuji,neutro,1.0,@josephh_zz de bala
2:31:16,9076,jahzerei,jahzerei,neutro,1.0,@e006cr pensei que fosse a SkyTree!
2:31:17,9077,arruderas,arruderas,confuso,1.0,é aí que é a tal da Piracicaba?
2:31:22,9082,giovanniorleans,GiovanniOrleans,neutro,1.0,"baka no japao e a oisakura no brasil,o mundo nao é mais o mesmo"
2:31:25,9085,yuri_7887_,Yuri_7887_,positivo,1.0,Amostre o pênis para um grupo de nativos!
2:31:27,9087,ciel_smile_phantonhive,Ciel_Smile_Phantonhive,neutro,1.0,Muzzarella turururu
2:31:29,9089,pulchram12,pulchram12,confuso,1.0,@NightDep Q galera? CaitThinking
2:31:33,9093,jahzerei,jahzerei,confuso,1.0,Já ouviu o som das Putinhas Aborteiras?
2:31:35,9095,josephh_zz,josephh_zz,engraçado,1.0,@Riiyuji ingrid74Huehue
2:31:37,9097,pedepanomttriste,PeDePanoMtTriste,neutro,1.0,Agonia da porra
2:31:44,9104,yuri_7887_,Yuri_7887_,engraçado,1.0,@Riiyuji QI 32
2:31:45,9105,xrestrito,xrestrito,neutro,1.0,umbrella
2:31:47,9107,riiyuji,Riiyuji,confuso,1.0,@GiovanniOrleans ela ta viajando pro BR ?
2:31:48,9108,joao_jnny,joao_JNNY,confuso,1.0,Punhetaço ?????
2:31:55,9115,erickhsn,erickhsn,neutro,1.0,nem
2:32:00,9120,tadashii_eu,tadashii_eu,neutro,1.0,ja morreu esse modo
2:32:01,9121,pedepanomttriste,PeDePanoMtTriste,neutro,1.0,Eu sou heterossexual
2:32:01,9121,peak12,Peak12,neutro,1.0,nem
2:32:01,9121,entinyyy,entinyyy,neutro,1.0,faliu ja
2:32:02,9122,riiyuji,Riiyuji,engraçado,0.5,@Yuri_7887_ ta sendo humilde com ele pq? ta sendo pago?
2:32:02,9122,pou556,pou556,positivo,0.5,nunca gostei de lol
2:32:03,9123,hemoglobina05,hemoglobina05,engraçado,0.5,é horrivel
2:32:04,9124,filipi_21,Filipi_21,neutro,1.0,prefiro cair de moto
2:32:04,9124,matcos25,matcos25,engraçado,1.0,Tá mal renderizado
2:32:04,9124,izei_,Izei_,engraçado,1.0,"to nao baka, so jogando pros crias"
2:32:04,9124,nightdep,NightDep,neutro,1.0,@pulchram12 tinha um pessoal japonês que perseguiam streamers que estavam ao vivo pra hostilizar eles
2:32:05,9125,mateeooss3,mateeooss3,neutro,1.0,"não to, sou hetero"
2:32:07,9127,peak12,Peak12,positivo,0.5,lol atual eh mt melhor
2:32:10,9130,erickhsn,erickhsn,neutro,1.0,bagulho é path of exile 2
2:32:11,9131,rivaldorivas,RivaldoRivas,neutro,1.0,negocio é dota 2 baka
2:32:12,9132,arruderas,arruderas,neutro,1.0,Vai no predio da calcinha
2:32:12,9132,jahzerei,jahzerei,neutro,1.0,Vou começar Cyberpunk!
2:32:15,9135,ryzootv,RyzOoTV,confuso,1.0,@bakagaijinlive ta só de passagem ou ta sendo traficado ai no japao?
2:32:15,9135,marps321,marps321,neutro,1.0,tira
2:32:18,9138,riiyuji,Riiyuji,engraçado,1.0,LOL vai acabar em 2029 quando o faker se aposentar baka
2:32:20,9140,joao_jnny,joao_JNNY,neutro,1.0,@tadashii_eu Nooooo
2:32:24,9144,jahzerei,jahzerei,positivo,0.5,"Pra quem tempo infinito, Lol classic é uma boa pedida"
2:32:25,9145,wesleykolomar_br,wesleykolomar_br,positivo,1.0,dota parece melhor
2:32:26,9146,yuri_7887_,Yuri_7887_,engraçado,1.0,@Riiyuji ele errou a chave pix!
2:32:28,9148,carlao18fromthehell,Carlao18FromTheHell,engraçado,0.5,Lol é uma merda
2:32:29,9149,bhcbmds_0,bhcbmds_0,neutro,1.0,"Pronto, admitiu"
2:32:31,9151,agiotadofelps,AgiotaDoFelps,neutro,1.0,parei a uns 6 anos
2:32:33,9153,passarobllue,passarobllue,neutro,1.0,Perseguindo a mulher
2:32:33,9153,erickhsn,erickhsn,neutro,1.0,9
2:32:34,9154,marcao0_0,marcao0_0,neutro,1.0,Eu jogo Rematch
2:32:35,9155,pedepanomttriste,PeDePanoMtTriste,neutro,1.0,9:04
2:32:35,9155,pulchram12,pulchram12,neutro,1.0,"@NightDep Aaaa, foi mais na época daqueles streamers q fazia bagunça tipo o Johnny Somali"
2:32:38,9158,licht_zayy,licht_zayy,engraçado,1.0,Só joguei lol por conta do arcane
2:32:38,9158,kise_ryota__,Kise_Ryota__,neutro,1.0,te chamaram de kawaii
2:32:38,9158,folp888,folp888,confuso,1.0,pq q ele está no japão novamente?
2:32:41,9161,residente_dorminhoko,residente_dorminhoko,confuso,0.667,"baka para alguem que nunca foi em tokyo, quais roles vc recomendaria?"
2:32:42,9162,giovanniorleans,GiovanniOrleans,engraçado,1.0,@Riiyuji ela ta fazendo faculdade na verdade... isso só prova que os dois estao separados :(
2:32:44,9164,e006cr,e006cr,engraçado,1.0,Lol foi criado pra lavagem de dinheiro
2:32:46,9166,badnoob5,badnoob5,confuso,1.0,aí são 9:05?
2:33:00,9180,thrillerzs,thrillerzs,neutro,1.0,Vagabundo Naato
2:33:02,9182,pedepanomttriste,PeDePanoMtTriste,neutro,1.0,Pra quem é viável
2:33:02,9182,jahzerei,jahzerei,neutro,1.0,"Seu guarda, eu não sou vagabundo!"
2:33:03,9183,nightdep,NightDep,engraçado,0.5,"@pulchram12 isso! é que nunc amais ouvi ninguém falar, daí fiquei curioso"
2:33:04,9184,wesleykolomar_br,wesleykolomar_br,neutro,1.0,ih carai q susti
2:33:05,9185,pedro_polegar,pedro_polegar,neutro,1.0,Quase atropela
2:33:08,9188,xrestrito,xrestrito,neutro,1.0,quase foi atropelado
2:33:09,9189,gustavopog,gustavopog,neutro,1.0,"@folp888 o dinheiro acabou, tem que voltar a fazer live"
2:33:10,9190,yuri_7887_,Yuri_7887_,confuso,1.0,tem coconut?
2:33:18,9198,e006cr,e006cr,neutro,1.0,21:67
2:33:18,9198,pedepanomttriste,PeDePanoMtTriste,neutro,1.0,21:05
2:33:18,9198,d_verona,d_verona,confuso,0.5,"Nn tankou o Brasil e voltou pro Japão??? se for o caso, boa escolha"
2:33:22,9202,catchau2005,catchau2005,neutro,1.0,seis e ônibus
2:33:24,9204,marryros098,marryros098,engraçado,1.0,21:05 horário de Brasília
2:33:24,9204,themonalizard,themonalizard,frustrado,1.0,é hora de falar merda
2:33:25,9205,foudaze1,foudaze1,engraçado,1.0,@Yuri_7887_ peguei a referencia
2:33:27,9207,feuliupeu,Feuliupeu,neutro,1.0,21:99
2:33:29,9209,themonalizard,themonalizard,frustrado,1.0,"fala merda aí, algo assim"
2:33:30,9210,paulinhohetero,PaulinhoHetero,neutro,1.0,Esse Baka é tão fofinho!!!!
2:33:32,9212,reptilianomestre,ReptilianoMestre,neutro,1.0,67:67
2:33:32,9212,carolinenaomii,CarolineNaomii,neutro,1.0,fica aí no Japão
2:33:36,9216,pulchram12,pulchram12,neutro,1.0,@NightDep SeemsGood
2:33:37,9217,filipi_21,Filipi_21,confuso,1.0,"baka, onde eu consigo uma massagem erotica ai no japao?"
2:33:37,9217,licht_zayy,licht_zayy,neutro,1.0,Aqui é 500 ac em Pintópolis
2:33:39,9219,ryzootv,RyzOoTV,confuso,1.0,ta no japao por causa do Xandao q ta sendo investigado???
2:33:44,9224,yuri_7887_,Yuri_7887_,neutro,1.0,"ser atropelado no japão, sendo BR perde muita aura"
2:33:47,9227,erickhsn,erickhsn,confuso,1.0,ja cansou?
2:33:48,9228,pou556,pou556,neutro,1.0,vai na massagem Baka
2:33:50,9230,giovanniorleans,GiovanniOrleans,neutro,1.0,visita alguma mesquita ai baka
2:33:51,9231,tristesatanexe,TristeSatanExe,neutro,1.0,NotLikeThis NotLikeThis NotLikeThis
2:33:51,9231,fittz1,Fittz1,confuso,1.0,Baka nao tinha ido morar em SP?
2:33:52,9232,badnoob5,badnoob5,neutro,1.0,graças ao diabo
2:33:54,9234,yuri_7887_,Yuri_7887_,neutro,1.0,@foudaze1 Coconut e massagem
2:33:56,9236,ryzootv,RyzOoTV,neutro,1.0,ate que enfim respondeu pq ta no japao
2:33:59,9239,rafaelbatista8888,rafaelbatista8888,neutro,1.0,Brutal
2:34:02,9242,beyond_desolation2,Beyond_Desolation2,neutro,1.0,br é br
2:34:05,9245,bhcbmds_0,bhcbmds_0,neutro,1.0,Baka se converteu
2:34:06,9246,yuri_7887_,Yuri_7887_,neutro,1.0,Coralino ali
2:34:07,9247,pedepanomttriste,PeDePanoMtTriste,neutro,1.0,Saudade da quando ta longe ne amigo
2:34:09,9249,taldopeidin,taldopeidin,neutro,1.0,Apenas um cara tranquilo procurando becos
2:34:10,9250,breelays,breelays,neutro,1.0,@ReptilianoMestre 676767
2:34:11,9251,feuliupeu,Feuliupeu,neutro,1.0,eh q provavelmente vc ja foi muito ne
2:34:12,9252,nando_wk,nando_wk,confuso,1.0,pq perdeu o tesao de morar ai?
2:34:15,9255,reptilianomestre,ReptilianoMestre,positivo,1.0,brasil é o melhor
2:34:23,9263,ryzootv,RyzOoTV,confuso,0.667,e essa história do xandao hein baka? vai ser investigado???
2:34:24,9264,vikariai_duke,vikariai_duke,confuso,1.0,Baka qual camera você geralmente ussa ?
2:34:24,9264,residente_dorminhoko,residente_dorminhoko,negativo,0.5,tu achou ruim morar ai?
2:34:27,9267,josephh_zz,josephh_zz,neutro,1.0,Ganhou Aura
2:34:28,9268,riiyuji,Riiyuji,engraçado,1.0,ISSO é live de vdd e nao aquelas porcaria q tu fazia aqui no BR. W Baka
2:34:29,9269,reptilianomestre,ReptilianoMestre,neutro,1.0,@breelays TwitchConHYPE
2:34:31,9271,matcos25,matcos25,neutro,1.0,Sim tá com saudades dos impostos sei como é
2:34:33,9273,mardony,Mardony,confuso,1.0,Ganhou na mega?
2:34:34,9274,jahzerei,jahzerei,neutro,1.0,"Vc foi ao Japão pq te chamaram pra trabalho presencial, fala a verdade"
2:34:37,9277,e006cr,e006cr,neutro,1.0,A ânsia de ter e o tedio de possuir
2:34:37,9277,duil9,duil9,engraçado,1.0,Qm diria kkkk
2:34:38,9278,gaelicgallowglass,gaelicgallowglass,confuso,1.0,mas tem qualidade de vida sem sair de casa?
2:34:38,9278,jvbchaves,jvbchaves,engraçado,0.5,Sério mesmo? Com todos os problemas do Bostil?
2:34:40,9280,user1337,user1337,engraçado,1.0,Pra quem é rico Brasil é otimo
2:34:43,9283,catchau2005,catchau2005,engraçado,1.0,"ficou rico, já sabemos"
2:34:44,9284,yorraraujo,yorraraujo,positivo,1.0,chega uma hora que estar perto da familia é melhor tbm
2:34:53,9293,riiyuji,Riiyuji,neutro,1.0,"Claro ne vagabundo, tu recebe em outra moeda"
2:34:55,9295,breelays,breelays,neutro,1.0,vai lá e cá
2:34:55,9295,giovanniorleans,GiovanniOrleans,inspirado,1.0,"ah entao voce continua de rolo com a sakuda,menos mal PogChamp"
2:34:59,9299,riiyuji,Riiyuji,neutro,1.0,ta de sacanagem
2:34:59,9299,yuri_7887_,Yuri_7887_,positivo,0.5,"Primeira vez que essa frase foi dita ""Minha qualidade de vida melhorou muito depois que voltei pro Brasil"" Gaijin, Baka"
2:35:00,9300,lucas_camargus,Lucas_Camargus,positivo,0.5,"se você ficar indo e voltando, vai ficar melhorando cada vez mais até ser o mais rico de todos"
2:35:01,9301,erickhsn,erickhsn,confuso,1.0,ja usou o @ pra jantar de graça?
2:35:01,9301,bieltl,BielTL,negativo,1.0,O Brasil só é ruim pra quem é pobre
2:35:02,9302,duil9,duil9,positivo,1.0,Pra qm é classe media Brasil é top
2:35:03,9303,kise_ryota__,Kise_Ryota__,neutro,1.0,quando tu tiver que arrumar um emprego no brasilis vai sentir saudade do japis novamente
2:35:07,9307,wesleykolomar_br,wesleykolomar_br,positivo,0.5,brasil é pais pra rico isso q é foda
2:35:08,9308,thorlight9,thorlight9,neutro,1.0,Po vi o link no perfil e esqueci de ver antes
2:35:08,9308,wood_padeiro,Wood_Padeiro,positivo,1.0,voltou com dinheiro pro brasil e gostou mais
2:35:08,9308,reptilianomestre,ReptilianoMestre,neutro,1.0,de volta pra minha terra com baka liberato
2:35:12,9312,marryros098,marryros098,neutro,1.0,Sim
2:35:23,9323,pou556,pou556,neutro,1.0,"converteu o dinheiro pra real, aí multiplicou a grana por 100"
2:35:28,9328,hayzigg,Hayzigg,neutro,1.0,Rabo de saia no brasil neh safado
2:35:28,9328,lsnayk,lsnayk,engraçado,1.0,Traduzindo o homi tá rico
2:35:28,9328,yuri_7887_,Yuri_7887_,neutro,1.0,ele chamando a gente de pobre!
2:35:29,9329,jahzerei,jahzerei,neutro,1.0,"Sem condições, mano"
2:35:29,9329,666vortexxd,666vortexXD,neutro,1.0,@duil9 Média alta
2:35:30,9330,catchau2005,catchau2005,confuso,1.0,"vc quando tem 200 calças, vc dá 100 calças pro mendigo?"
2:35:30,9330,riiyuji,Riiyuji,neutro,1.0,"@wesleykolomar_br Brasil é pais de boy e so tem fudido aqui, entenda"
2:35:33,9333,zenom_xd,ZENOM_XD,engraçado,1.0,ZENOM_XD subscribed at Tier 1. They've subscribed for 34 months! bakagaFrog
2:35:33,9333,erickhsn,erickhsn,confuso,1.0,ja usou o @ pra jantar de graça?
2:35:37,9337,ryzootv,RyzOoTV,neutro,1.0,foi promovido em atacadão 📍
2:35:38,9338,lazarus_7z,Lazarus_7z,neutro,1.0,brutal
2:35:43,9343,pedepanomttriste,PeDePanoMtTriste,neutro,1.0,Pesou o clima
2:35:44,9344,matcos25,matcos25,neutro,1.0,Se e bem q acho Br tem mais é q se fd mesmo sksksk
2:35:49,9349,duil9,duil9,neutro,1.0,"@666vortexXD Nope,media mesma"
2:35:49,9349,d_verona,d_verona,engraçado,0.5,"Se tu fosse escolher um lugar pra morar fora o Brasil e Japão, onde seria?"
2:35:51,9351,erickhsn,erickhsn,engraçado,1.0,deveria
2:35:53,9353,riiyuji,Riiyuji,neutro,1.0,finalmente bakagaijin voltou a ser bakagaijin
2:35:59,9359,erickhsn,erickhsn,confuso,1.0,oq conta é os follow no insta
2:36:02,9362,pou556,pou556,neutro,1.0,baka deixa o vod gravado please
2:36:07,9367,wood_padeiro,Wood_Padeiro,confuso,1.0,tu é formado @BakaGaijinLive ?
2:36:08,9368,666vortexxd,666vortexXD,neutro,1.0,@duil9 Conheço muitos classe média que tão no coco
2:36:08,9368,yuri_7887_,Yuri_7887_,confuso,1.0,e o UC? já usou?
2:36:10,9370,pedro_polegar,pedro_polegar,engraçado,1.0,Tem que fazer igual o Brino pedindo as coisa
2:36:15,9375,pedepanomttriste,PeDePanoMtTriste,neutro,1.0,Sorteia um @ pra vc comer
2:36:22,9382,jahzerei,jahzerei,engraçado,1.0,mó estranho bebida na marca Boss - - marca de grife
2:36:24,9384,luffy_cruzeirense,luffy_cruzeirense,confuso,1.0,"noite chat, nosso viadinho voltou em definitivo pro japao ou a só viajando?"
2:36:25,9385,oliv_yashi,oliv_yashi,positivo,0.5,É o puro creme do milho verde? Tem plural em pamonhas?
2:36:26,9386,beyond_desolation2,Beyond_Desolation2,engraçado,1.0,kkkkkkkkkkkk
2:36:26,9386,duil9,duil9,neutro,1.0,@666vortexXD entao n sao classe media
2:36:27,9387,ciel_smile_phantonhive,Ciel_Smile_Phantonhive,confuso,1.0,E o leite de canela?
2:36:33,9393,kise_ryota__,Kise_Ryota__,neutro,1.0,wwwwww
2:36:36,9396,riiyuji,Riiyuji,neutro,1.0,"deixa a porra do VOD disponivel baka, quero ter conteudo pra ver depois que tu voltar pro bostil"
2:36:36,9396,catchau2005,catchau2005,neutro,1.0,se eu visse você na rua eu chamava a polícia
2:36:41,9401,peix3manso,peix3manso,engraçado,1.0,kkkkkkkkkkkkkkkkkkk
2:36:42,9402,ryzootv,RyzOoTV,neutro,1.0,baka foi promovido no atacadao e ostenta em oosaka - SP📍
2:36:42,9402,passarobllue,passarobllue,neutro,1.0,Voz do monark
2:36:43,9403,kabukichola,kabukichola,engraçado,1.0,"kabukichola subscribed with Prime. They've subscribed for 40 months, currently on a 1 month streak! Finalmente o looby default"
2:36:45,9405,pedro_polegar,pedro_polegar,neutro,1.0,Deus não dá asa a cobra mesmo se fosse eu ia pedir tudo pro povo
2:36:47,9407,lazarus_7z,Lazarus_7z,engraçado,1.0,hahahahahaha
2:36:54,9414,yorraraujo,yorraraujo,neutro,1.0,tem gente no Brasil que faz assim tbm
2:36:55,9415,feuliupeu,Feuliupeu,neutro,1.0,slc mal carater total
2:36:56,9416,666vortexxd,666vortexXD,neutro,1.0,"@duil9 Pior  q são, mas tão endividado com saúde"
2:37:02,9422,yuri_7887_,Yuri_7887_,neutro,1.0,Durou é a fome que assola o mundo!
2:37:05,9425,brucecorp,brucecorp,neutro,1.0,dia da pendura
2:37:06,9426,pedepanomttriste,PeDePanoMtTriste,confuso,1.0,E foi preso?
2:37:07,9427,jahzerei,jahzerei,neutro,1.0,Baka vai trabalhar no Assaí e Ossaska
2:37:15,9435,jahzerei,jahzerei,neutro,1.0,Baka vai trabalhar no Assaí de Ossaska
2:37:16,9436,kise_ryota__,Kise_Ryota__,neutro,1.0,infarto
2:37:16,9436,oliv_yashi,oliv_yashi,neutro,1.0,O baka só é reconhecido por farmar aura em sinaleiro
2:37:17,9437,gangelo_,gangelo_,neutro,1.0,vc pede sub
2:37:18,9438,yuri_7887_,Yuri_7887_,neutro,1.0,braço da pupunha
2:37:18,9438,italoitz,italoitz,neutro,1.0,ele nunca pede só da
2:37:20,9440,thrillerzs,thrillerzs,neutro,1.0,Mão dele de pompom
2:37:21,9441,matcos25,matcos25,confuso,1.0,Ia fudi?
2:37:23,9443,yuri_7887_,Yuri_7887_,neutro,1.0,credo
2:37:24,9444,jvbchaves,jvbchaves,confuso,1.0,"Tu não sai de casa no Brasil, pelo que eu entendi"
2:37:24,9444,hesiogu,hesiogu,neutro,1.0,Tu mostrou seu insta e pediu pra me comer aquele dia
2:37:25,9445,catchau2005,catchau2005,neutro,1.0,"só pedia dinheiro na Av. Paulista, não era fácil pra ngm"
2:37:26,9446,thorlight9,thorlight9,engraçado,0.5,Já pesquisou sobre virar atriz porno japonesa?
2:37:26,9446,yuri_7887_,Yuri_7887_,neutro,1.0,sai
2:37:27,9447,feuliupeu,Feuliupeu,frustrado,1.0,puta merda que susto
2:37:27,9447,yorraraujo,yorraraujo,engraçado,1.0,sair pra comer e voltar sem celular é um risco grande
2:37:27,9447,mateeooss3,mateeooss3,neutro,1.0,vc parece o kurupira
2:37:27,9447,derbzilla_,derbzilla_,positivo,1.0,"a iluminação da Liberdade ta boa, parece que ta de dia"
2:37:27,9447,ryzootv,RyzOoTV,neutro,1.0,pelo jeito a live do mal carater vai acabar
2:37:28,9448,erickhsn,erickhsn,confuso,1.0,teu prédio n tem lojinha n?
2:37:29,9449,e006cr,e006cr,neutro,1.0,Fofo
2:37:29,9449,caiopinto120887,caiopinto120887,neutro,1.0,AVC só
2:37:30,9450,yuri_7887_,Yuri_7887_,neutro,1.0,tira tira
2:37:33,9453,jun_09t,jun_09t,neutro,1.0,"faz a surra de bunda, Baka"
2:37:36,9456,designerdepiada,designerdepiada,neutro,1.0,baka ta parecido com o mads mikelsen no filme bleeder
2:37:37,9457,yuri_7887_,Yuri_7887_,neutro,1.0,tirta garai
2:37:39,9459,pedepanomttriste,PeDePanoMtTriste,engraçado,1.0,Printo
2:37:40,9460,italoitz,italoitz,neutro,1.0,oculos de formado em TI
2:37:41,9461,pou556,pou556,neutro,1.0,"que vídeo, você vai é apagar depois"
2:37:44,9464,peix3manso,peix3manso,neutro,1.0,fic
2:37:45,9465,oliv_yashi,oliv_yashi,neutro,1.0,Contou na live sksksksk
2:37:46,9466,marryros098,marryros098,confuso,1.0,Mas baka se acha que a inflação subiu ai no Japão depois que se voltou?
2:37:46,9466,peix3manso,peix3manso,neutro,1.0,tava demorando a fic
2:37:47,9467,ciel_smile_phantonhive,Ciel_Smile_Phantonhive,neutro,1.0,O Clark Kent!
2:37:48,9468,riiyuji,Riiyuji,neutro,1.0,finge que faz videos legal
2:37:50,9470,jahzerei,jahzerei,neutro,1.0,Baka tá sentindo falta da Oxxo
2:37:51,9471,duil9,duil9,positivo,1.0,"@666vortexXD bom,todos classe media q conheço tao bem"
2:37:52,9472,peix3manso,peix3manso,engraçado,1.0,kkkkkkkkkkkkkkkk
2:37:52,9472,wesleykolomar_br,wesleykolomar_br,engraçado,1.0,kkkkkkkkkkkkk
2:37:52,9472,hesiogu,hesiogu,engraçado,1.0,kkkkkkkkkkkkkkkkkkkkkkkkk
2:37:53,9473,yorraraujo,yorraraujo,engraçado,1.0,kkkkkkkkkkkkk
2:37:53,9473,sawdzin,SawdZin,engraçado,1.0,kkkkk
2:37:54,9474,gustavopog,gustavopog,engraçado,1.0,kkkkkkkkkkkkkk
2:37:54,9474,beyond_desolation2,Beyond_Desolation2,engraçado,1.0,kkkkkkk
2:37:55,9475,e006cr,e006cr,engraçado,1.0,KKKKKKKKKKKK
2:37:55,9475,jvbchaves,jvbchaves,engraçado,1.0,kkkkkkk
2:37:57,9477,d_verona,d_verona,neutro,1.0,Caraca tá diferente hein
2:37:57,9477,peak12,Peak12,neutro,1.0,KSADASKODASKOL
2:37:57,9477,henrioliveira100,henrioliveira100,engraçado,1.0,Do nada kkkkk
2:37:58,9478,badnoob5,badnoob5,confuso,1.0,comprou essa peita onde?
2:37:59,9479,digxd_,digxd_,engraçado,1.0,digxd_ subscribed at Tier 1.
2:37:59,9479,italoitz,italoitz,engraçado,1.0,kkkkkkkkkkkkkkkkkkkkkkkk
2:38:01,9481,kise_ryota__,Kise_Ryota__,confuso,1.0,rrachando as suas costas?
2:38:02,9482,joaofrugeri,JoaoFrugeri,neutro,1.0,ele volto para o  japaoo
2:38:05,9485,deannnn_,deannnn_,engraçado,1.0,kkkkkkkkkkkkkkkkkkkkkkkkkk
2:38:05,9485,matcos25,matcos25,neutro,1.0,Ksksks
2:38:05,9485,lazarus_7z,Lazarus_7z,neutro,1.0,xdx
2:38:06,9486,sixtyhzrl,sixtyhzRL,neutro,1.0,k1m6aKekw
2:38:07,9487,malfector,Malfector,neutro,1.0,patola alguem ae baka
2:38:08,9488,jahzerei,jahzerei,neutro,1.0,"Vc é muito velho pra farmar aura, Baka"
2:38:09,9489,licht_zayy,licht_zayy,engraçado,1.0,Kkkkkkkkk
2:38:10,9490,yuri_7887_,Yuri_7887_,neutro,1.0,Pose de xicara
2:38:12,9492,artuurbr21,artuurbr21,engraçado,1.0,cumprimento de hj em dia
2:38:13,9493,lsnayk,lsnayk,engraçado,1.0,Kkkkkkk
2:38:13,9493,pedepanomttriste,PeDePanoMtTriste,engraçado,1.0,Llkkkkkkkkkkkkk imagina o pesadelo ouvir isso em público
2:38:13,9493,riiyuji,Riiyuji,neutro,1.0,"tua aura ta negativa desde que saiu do japao baka,  tenq farmar MUITO"
2:38:14,9494,thrillerzs,thrillerzs,neutro,1.0,Farma vai cachorro
2:38:14,9494,ryzootv,RyzOoTV,confuso,1.0,ja vai desligar a live? acabei de chegar
2:38:18,9498,angelz_s,angelz_s,neutro,1.0,odinza3Uuh
2:38:23,9503,yuri_7887_,Yuri_7887_,neutro,1.0,Gozando pór trás de vc!
2:38:35,9515,bagreeeeeeeee,BAGREeeeeeeee,neutro,1.0,Brutal
2:38:37,9517,d_verona,d_verona,neutro,1.0,Credo q delícia
2:38:42,9522,erickhsn,erickhsn,neutro,1.0,na frente da camera
2:38:44,9524,wesleykolomar_br,wesleykolomar_br,negativo,1.0,feio
2:38:48,9528,jahzerei,jahzerei,neutro,1.0,jogou o pau esfumante no chão
2:38:49,9529,paulinhohetero,PaulinhoHetero,neutro,1.0,Estou vendo a sua live cagando
2:38:51,9531,peix3manso,peix3manso,neutro,1.0,ent
2:38:51,9531,thrillerzs,thrillerzs,confuso,1.0,Num é cigarro é coco quente
2:38:52,9532,yorraraujo,yorraraujo,neutro,1.0,o pezinho pra cima
2:38:52,9532,humberto_fo,humberto_fo,neutro,1.0,ele fuma saltitando
2:38:53,9533,riiyuji,Riiyuji,engraçado,1.0,"Baka, poderia adiantar o horario do punhetasso"
2:38:53,9533,angelz_s,angelz_s,neutro,1.0,proibido cagar e sair correndo
2:38:57,9537,pedro_polegar,pedro_polegar,confuso,1.0,Ele ta de frente ou de costa?
2:38:58,9538,pedepanomttriste,PeDePanoMtTriste,neutro,1.0,Perfeitamente
2:39:01,9541,kise_ryota__,Kise_Ryota__,neutro,1.0,ele tá recolhendo o cigarro
2:39:02,9542,licht_zayy,licht_zayy,engraçado,0.5,Não é crime se ninguém ver
2:39:04,9544,matcos25,matcos25,confuso,0.667,Será q n significa n jogue merda no chão?
2:39:05,9545,lucas27dark,lucas27dark,neutro,1.0,cagou e saiu correndo
2:39:06,9546,yuri_7887_,Yuri_7887_,neutro,1.0,"é salsicha, burro!"
2:39:08,9548,lucas_camargus,Lucas_Camargus,neutro,1.0,acima do bem e do mal
2:39:10,9550,riiyuji,Riiyuji,engraçado,1.0,uma critica social sobre leis
2:39:11,9551,peix3manso,peix3manso,neutro,1.0,"ele ta saindo do sinal de proibido,como se ele fosse imparavel"
2:39:11,9551,feuliupeu,Feuliupeu,neutro,1.0,slc analises
2:39:11,9551,ryzootv,RyzOoTV,confuso,1.0,pode cagar na rua ai baka ou nada ve?
2:39:13,9553,italoitz,italoitz,neutro,1.0,o baka e a semiótica da toc nele
2:39:13,9553,catchau2005,catchau2005,confuso,1.0,pode roubar na rua ent? não há nada falando sobre isso
2:39:13,9553,duil9,duil9,neutro,1.0,"é só para mulheres,é rosa"
2:39:14,9554,siriusb3ck,SiriusB3ck,neutro,1.0,@angelz_s odinza3Uuhgun
2:39:15,9555,zneecks,zNeecks,positivo,1.0,boa interpretação
2:39:17,9557,igordfc,igordfc,confuso,1.0,Baka como funcionava a escala de trabalho quando voce trampava ae?
2:39:17,9557,kazulixo_6,kazulixo_6,neutro,1.0,Tudo interpretação
2:39:17,9557,wood_padeiro,Wood_Padeiro,neutro,1.0,designer sendo designer
2:39:18,9558,pedro_polegar,pedro_polegar,neutro,1.0,Proibido recolher cigarro
2:39:19,9559,eddie_campelo,eddie_campelo,neutro,1.0,Claramente é o Alexandre de Moraes
2:39:20,9560,gangelo_,gangelo_,engraçado,1.0,só é crime se a policia pegar
2:39:23,9563,jahzerei,jahzerei,engraçado,0.5,"@matcos25 um tolete de merda, que solta fumaça no frio. taí"
2:39:25,9565,riiyuji,Riiyuji,neutro,1.0,é pra nascer arvore de cigarro
2:39:26,9566,thrillerzs,thrillerzs,frustrado,1.0,é bosta requentada Baka
2:39:26,9566,yuri_7887_,Yuri_7887_,neutro,1.0,a lei somos nozes
2:39:27,9567,derbzilla_,derbzilla_,neutro,1.0,proibido nao jogar no chao
2:39:27,9567,dlemonster,DlEmonster,neutro,1.0,zaza
2:39:29,9569,pedepanomttriste,PeDePanoMtTriste,neutro,1.0,Eu nem fumo e fiquei tentando a começar
2:39:30,9570,angelz_s,angelz_s,engraçado,1.0,@SiriusB3ck  odinza3Uuh
2:39:30,9570,gabriel124455566666666,gabriel124455566666666,engraçado,0.5,Pode fumar pen-drive?
2:39:33,9573,eddie_campelo,eddie_campelo,neutro,1.0,Oi gordinho
2:39:39,9579,xleozinmito,xLeoZiNMiTo,confuso,1.0,LGtv?
2:39:40,9580,italoitz,italoitz,neutro,1.0,@Wood_Padeiro é mais forte que ele
2:39:40,9580,carequinhallll,carequinhallll,positivo,1.0,salve gsijin
2:39:40,9580,riiyuji,Riiyuji,positivo,1.0,lugar bom da peste
2:39:41,9581,erickhsn,erickhsn,neutro,1.0,juro
2:39:43,9583,duil9,duil9,confuso,1.0,tem q ter QI alto?
2:39:45,9585,yorraraujo,yorraraujo,positivo,1.0,lg tv amo
2:39:46,9586,ciel_smile_phantonhive,Ciel_Smile_Phantonhive,neutro,1.0,Cadê Zaza Zaza Zaza
2:39:47,9587,l0stdemo,L0STdemo,positivo,1.0,Salve baka gabepeixeVinho2 gabepeixeVinho2
2:39:49,9589,coca_cola350ml,Coca_Cola350ml,neutro,1.0,mostra o seu Ex Ap
2:39:50,9590,wesleykolomar_br,wesleykolomar_br,confuso,1.0,uma tv?
2:39:50,9590,dlemonster,DlEmonster,neutro,1.0,por isso a placa é rosa
2:39:52,9592,badnoob5,badnoob5,confuso,1.0,pode jogar vape no chão?
2:39:54,9594,flockie7,flockie7,positivo,1.0,amoo
2:39:56,9596,ryzootv,RyzOoTV,confuso,1.0,zaza é oq em jp?
2:39:59,9599,arruderas,arruderas,confuso,1.0,BAKA SABE ANDAR DE BICICLETA?
2:40:02,9602,pou556,pou556,positivo,1.0,"japão é bom para plantar trepadeiras, bem úmido"
2:40:04,9604,thrillerzs,thrillerzs,neutro,1.0,Zaza é chuva
2:40:04,9604,yuri_7887_,Yuri_7887_,neutro,1.0,Passa o penis na macenta
2:40:08,9608,carequinhallll,carequinhallll,positivo,1.0,salve baka
2:40:08,9608,renanbmk,renanbmk,confuso,1.0,como vc se acostuma com o fuso? tem algum macete?
2:40:12,9612,ciel_smile_phantonhive,Ciel_Smile_Phantonhive,confuso,1.0,Cade o beco yaoi?
2:40:17,9617,beyond_desolation2,Beyond_Desolation2,neutro,1.0,Sato San
2:40:20,9620,rickpowd,リックパウダー,positivo,1.0,boa noite baka gozadin e chat
2:40:21,9621,httpslissa_,httpslissa_,confuso,1.0,"voltou pro japao pra ficar, baka?"
2:40:21,9621,gabriel124455566666666,gabriel124455566666666,engraçado,1.0,Kkkkkkkkk
2:40:22,9622,mestriii,Mestriii,confuso,1.0,@BakaGaijinLive voce voltou pro Japao?
2:40:25,9625,riiyuji,Riiyuji,neutro,1.0,ja pensou
2:40:25,9625,eddie_campelo,eddie_campelo,neutro,1.0,Chuta o corvo
2:40:28,9628,catchau2005,catchau2005,neutro,1.0,eu tentei andar de bike uma vez e quase perdi os zovos.
2:40:31,9631,josefinotv,Josefinotv,neutro,1.0,Para de bater com meu pau na tua cara
2:40:33,9633,this_is_pedro,This_is_Pedro,confuso,1.0,Oi??
2:40:34,9634,igorsusini,igorsusini,engraçado,1.0,Kkkkkkkkkkk.
2:40:34,9634,riiyuji,Riiyuji,neutro,1.0,nao viu ne
2:40:34,9634,yorraraujo,yorraraujo,neutro,1.0,ia ia yaoi
2:40:36,9636,peix3manso,peix3manso,engraçado,1.0,kkkkkkkkkkkkkkkk
2:40:37,9637,lucas13267,Lucas13267,positivo,0.333,mas baka vc acha q morar no br é melhor so por conta da grana? se vc tivesse mais grana permaneceria no japao?
2:40:38,9638,riiyuji,Riiyuji,neutro,1.0,seeeei
2:40:39,9639,kise_ryota__,Kise_Ryota__,engraçado,1.0,KappaPride
2:40:40,9640,matcos25,matcos25,neutro,1.0,Sksksksk
2:40:41,9641,igorsusini,igorsusini,engraçado,1.0,Kkkkkkkkkkkkk
2:40:41,9641,rogersouzzza,Rogersouzzza,neutro,1.0,cmonBruh
2:40:42,9642,wesleykolomar_br,wesleykolomar_br,engraçado,1.0,kkkkkkkkkkk
2:40:43,9643,henrioliveira100,henrioliveira100,neutro,1.0,Suspeito
2:40:48,9648,ciel_smile_phantonhive,Ciel_Smile_Phantonhive,engraçado,1.0,Kkkkkkkkk
2:40:48,9648,jvbchaves,jvbchaves,neutro,1.0,batendo aquela pro amigo
2:40:48,9648,josephh_zz,josephh_zz,neutro,1.0,Admitiu
2:40:48,9648,xleozinmito,xLeoZiNMiTo,neutro,1.0,delicia
2:40:52,9652,pedepanomttriste,PeDePanoMtTriste,neutro,1.0,Subconsciente funcionando
2:40:52,9652,yorraraujo,yorraraujo,engraçado,1.0,yaoi de cria
2:40:53,9653,mateeooss3,mateeooss3,neutro,1.0,pode cre
2:40:56,9656,this_is_pedro,This_is_Pedro,neutro,1.0,K
2:40:56,9656,thrillerzs,thrillerzs,neutro,1.0,ai é A+ em bala
2:40:56,9656,d_verona,d_verona,neutro,1.0,E du nada vcs tbm estavam nus!
2:40:57,9657,eddie_campelo,eddie_campelo,neutro,1.0,Sospechoso
2:40:58,9658,mitoparou07,mitoparou07,neutro,1.0,taaaaaaa
2:40:59,9659,xleozinmito,xLeoZiNMiTo,confuso,1.0,tem espaço pra mais um?
2:40:59,9659,carlosdbg,Carlosdbg,neutro,1.0,Sempre soube
2:41:01,9661,proxszy,proxszy,neutro,1.0,ai ki diliça
2:41:01,9661,josephh_zz,josephh_zz,neutro,1.0,Dando aquele braço amigo
2:41:03,9663,marryros098,marryros098,engraçado,1.0,GayPride GayPride GayPride GayPride
2:41:07,9667,igorsusini,igorsusini,positivo,1.0,Baka. Gosto muito das suas lives. Vc é um campeão
2:41:09,9669,kravmagayver,kravmagayver,confuso,1.0,Tem corrente nessas bicicletas ?
2:41:09,9669,erickhsn,erickhsn,positivo,0.5,"é foda, entrei nas sessões de hentai varias vezes sem querer"
2:41:09,9669,hadzao,hadzao,neutro,1.0,explendido
2:41:11,9671,dlemonster,DlEmonster,neutro,1.0,esclamação clip
2:41:13,9673,igorsusini,igorsusini,neutro,1.0,Banho dos campeões
2:41:14,9674,duil9,duil9,neutro,1.0,yaoi é do Silvio Santos
2:41:15,9675,kazulixo_6,kazulixo_6,engraçado,1.0,"Se abre baka, capa pride"
2:41:15,9675,licht_zayy,licht_zayy,engraçado,1.0,"Mas é tudo hentai kkkkk, mas tem as categorias né"
2:41:16,9676,wood_padeiro,Wood_Padeiro,neutro,1.0,vc é velho ne
2:41:17,9677,user1337,user1337,confuso,1.0,A gente te aceita do jeito que vc é baka
2:41:20,9680,riiyuji,Riiyuji,engraçado,1.0,@erickhsn sem querer ne
2:41:21,9681,yuri_7887_,Yuri_7887_,neutro,1.0,passa a genitália na maçaneta
2:41:24,9684,kise_ryota__,Kise_Ryota__,neutro,1.0,wwwwwww
2:41:25,9685,ciel_smile_phantonhive,Ciel_Smile_Phantonhive,confuso,1.0,Berserk é yaoi?
2:41:27,9687,httpslissa_,httpslissa_,confuso,1.0,"voltou a morar no japao, baka?"
2:41:27,9687,yorraraujo,yorraraujo,neutro,1.0,aaaaaaaan
2:41:28,9688,rickpowd,リックパウダー,neutro,1.0,🍌 💦
2:41:28,9688,zneecks,zNeecks,engraçado,1.0,kkkkkkkkkkkkkkkkkkkkkk
2:41:28,9688,thrillerzs,thrillerzs,engraçado,1.0,KKKKKKKKKKKKKKKKKKKKKKKKKK
2:41:28,9688,peix3manso,peix3manso,neutro,1.0,atiça nao gordin
2:41:29,9689,pedepanomttriste,PeDePanoMtTriste,neutro,1.0,Nossa q taradao
2:41:30,9690,mateeooss3,mateeooss3,neutro,1.0,quando o japinha fica te atiçando
2:41:31,9691,rogersouzzza,Rogersouzzza,engraçado,1.0,kkkkkkkk
2:41:31,9691,catchau2005,catchau2005,confuso,1.0,gosta de homem ou nada haver?
2:41:31,9691,gabriel124455566666666,gabriel124455566666666,neutro,1.0,Otane
2:41:33,9693,hadzao,hadzao,engraçado,1.0,@erickhsn tbm cara n tenho censo de direçao acabei la umas 7 vezes
2:41:36,9696,kravmagayver,kravmagayver,neutro,1.0,Esse está querendo
2:41:40,9700,yuri_7887_,Yuri_7887_,neutro,1.0,PASSE A GENITÁLIA NAS PORTAS
2:41:46,9706,pedepanomttriste,PeDePanoMtTriste,neutro,1.0,Eu nao aceito não
2:41:49,9709,eddie_campelo,eddie_campelo,neutro,1.0,Queima certeza
2:41:52,9712,marryros098,marryros098,confuso,1.0,Bissexual?
2:42:00,9720,flockie7,flockie7,neutro,1.0,@httpslissa_ ele está a passeio
2:42:04,9724,xleozinmito,xLeoZiNMiTo,neutro,1.0,dai lambe as portas
2:42:04,9724,jvbchaves,jvbchaves,neutro,1.0,O Baka desvia das pessoas como o diabo da cruz
2:42:04,9724,proxszy,proxszy,confuso,1.0,"baka, como tá pra br ir morar ai hoje em dia?"
2:42:16,9736,pou556,pou556,positivo,1.0,"ele falou ""bom"", que da hora"
2:42:18,9738,catchau2005,catchau2005,negativo,1.0,"pode fechar a live, flopou"
2:42:19,9739,matcos25,matcos25,neutro,1.0,Bora fzr uma referência Asgoraretruck com vc baka
2:42:19,9739,paulinhohetero,PaulinhoHetero,confuso,1.0,Baka voce acha que Deus nos abandonou ?
2:42:22,9742,igorsusini,igorsusini,engraçado,1.0,Baka. Você conhece o canal do Watatabi. Lugares em declínio no interior japonês.
2:42:25,9745,kravmagayver,kravmagayver,confuso,1.0,Será que japonês também lava o pau na pia e limpa na toalha?
2:42:27,9747,peix3manso,peix3manso,confuso,1.0,pq eles ficam fechando os beco?
2:42:28,9748,yuri_7887_,Yuri_7887_,neutro,1.0,@proxszy Mais fácil passar em Harvard
2:42:29,9749,rickpowd,リックパウダー,confuso,1.0,baka vc sabia que se a mulher menstruar no dia da morte do charlie kirk o filho dela vai nascer com a cara dele? vi no twitter e to repassando a informação cuidado
2:42:30,9750,pedepanomttriste,PeDePanoMtTriste,neutro,1.0,Isso é pra você nao voltar
2:42:30,9750,lostmateus,LostMateus,neutro,1.0,#Nãofechemosbecos
2:42:36,9756,badnoob5,badnoob5,confuso,1.0,cadê a live ansando de bike?
2:42:37,9757,x_anazynha,x_anazynha,engraçado,1.0,Se fecha o beco é pq tem história
2:42:37,9757,kise_ryota__,Kise_Ryota__,neutro,1.0,eu caio só eu e a bicicleta
2:42:41,9761,eddie_campelo,eddie_campelo,neutro,1.0,Infeliz das costa oca
2:42:41,9761,unopreto_,UNOpreto_,confuso,1.0,baka ai tem muito tatuador?
2:42:42,9762,luzenete,luzenete,neutro,1.0,Quase um artista cincense TPFufun TPFufun
2:42:44,9764,this_is_pedro,This_is_Pedro,neutro,1.0,He said The line
2:42:44,9764,arelich,Arelich,positivo,1.0,@igorsusini po muito bom o canal
2:42:45,9765,pedepanomttriste,PeDePanoMtTriste,positivo,1.0,Bom
2:42:46,9766,pou556,pou556,neutro,1.0,vai começar um vídeo agora
2:42:47,9767,proxszy,proxszy,engraçado,1.0,@Yuri_7887_ vish ahsuhsdljkghdr
2:42:53,9773,erickhsn,erickhsn,engraçado,1.0,"@rickpowd, nunca mais digita isso"
2:42:55,9775,lucasxd2,lucasxd2,engraçado,1.0,Baka poderia fechar a live aí já deu
2:42:56,9776,hayzigg,Hayzigg,confuso,1.0,Baka vc vivendo aí como era a questão de alimentação vc comia só besteira?
2:42:57,9777,thrillerzs,thrillerzs,neutro,1.0,O seus videos no Youtube é tudo assim
2:42:59,9779,yuri_7887_,Yuri_7887_,neutro,1.0,@proxszy sendo analfabeto ainda
2:43:04,9784,tristesatanexe,TristeSatanExe,positivo,1.0,Kakakakak Bom
2:43:05,9785,jvbchaves,jvbchaves,neutro,1.0,o Baka claramente desviando das pessoas é uma onda
2:43:07,9787,pedepanomttriste,PeDePanoMtTriste,positivo,0.5,"Bom é nos vídeos na live é ""zuera"""
2:43:07,9787,beto_fernandes_182,beto_fernandes_182,confuso,1.0,"Já tentou usar ""Oi""?"
2:43:08,9788,gabrieldmsk,GabrielDMSK,positivo,1.0,bom
2:43:14,9794,dlemonster,DlEmonster,positivo,1.0,sinonimos de bom pesquisar
2:43:16,9796,pulchram12,pulchram12,positivo,1.0,bom
2:43:17,9797,ciel_smile_phantonhive,Ciel_Smile_Phantonhive,neutro,1.0,UEPA
2:43:20,9800,rickpowd,リックパウダー,engraçado,1.0,@erickhsn 😿
2:43:21,9801,viinics,viinics,positivo,0.5,só visitando ou voltou pra ficar? boa noite
2:43:21,9801,bilnovais,bilnovais,engraçado,1.0,"bilnovais subscribed with Prime. They've subscribed for 21 months, currently on a 1 month streak! quase dois anos de sub, com um total de uma semana de live, parabéns aos envolvidos"
2:43:22,9802,yuri_7887_,Yuri_7887_,neutro,1.0,@proxszy BR n é bem vindo nem na M da Argentina
2:43:26,9806,lynch_xxx,LYNCH_xxx,neutro,1.0,normal
2:43:28,9808,tristesatanexe,TristeSatanExe,positivo,0.5,Quando O Vídeo Começa com bom é pq o assunto é serio
2:43:28,9808,duukinhapressaum,duukinhapressaum,neutro,1.0,faz assim ó EEEEEEEEEEEEEE
2:43:29,9809,pedepanomttriste,PeDePanoMtTriste,neutro,1.0,Mões
2:43:30,9810,beyond_desolation2,Beyond_Desolation2,neutro,1.0,Neil Degrais Tyson
2:43:33,9813,dlemonster,DlEmonster,neutro,1.0,pões
2:43:35,9815,badnoob5,badnoob5,neutro,1.0,tá certo
2:43:36,9816,thrillerzs,thrillerzs,confuso,1.0,Homossexuéls
2:43:36,9816,pedepanomttriste,PeDePanoMtTriste,neutro,1.0,Pneis
2:43:39,9819,italoitz,italoitz,neutro,1.0,limoes
2:43:41,9821,angelz_s,angelz_s,neutro,1.0,@リックパウダー ai tu se passou xdx
2:43:42,9822,chat_da_live,chat_da_live,neutro,1.0,aoba
2:43:43,9823,erickhsn,erickhsn,neutro,1.0,aoba
2:43:43,9823,proxszy,proxszy,engraçado,1.0,@Yuri_7887_ ah mas ai não é novidade KAKAKGHJKL
2:43:45,9825,euma_maria7373,euma_maria7373,neutro,1.0,baka viajou pro Japão pra reestocar vídeo de caminhada pro resto do ano
2:43:46,9826,malfector,Malfector,confuso,1.0,baka tu é esquerda ou direita e quantas mulher tu ja pegou?
2:43:48,9828,matcos25,matcos25,neutro,1.0,Só chega falando Albion online é um MMO
2:43:48,9828,pedepanomttriste,PeDePanoMtTriste,neutro,1.0,Aoba
2:43:49,9829,lostmateus,LostMateus,neutro,1.0,"Para porteiro é ""aobba a chuva"""
2:43:49,9829,italoitz,italoitz,confuso,1.0,bao ?
2:43:53,9833,rogersouzzza,Rogersouzzza,neutro,1.0,Bão
2:43:55,9835,pedro_polegar,pedro_polegar,neutro,1.0,"Em minas é ""ÔP"""
2:43:56,9836,chat_da_live,chat_da_live,neutro,1.0,pnais
2:43:58,9838,duukinhapressaum,duukinhapressaum,neutro,1.0,limãos
2:44:00,9840,josephh_zz,josephh_zz,confuso,1.0,Qual e o plural de Dacueba??
2:44:02,9842,kise_ryota__,Kise_Ryota__,neutro,1.0,li mãos
2:44:04,9844,yuri_7887_,Yuri_7887_,engraçado,1.0,"""ARIGATÔ GOZAI MAIS"""
2:44:05,9845,chat_da_live,chat_da_live,neutro,1.0,lmao
2:44:05,9845,rickpowd,リックパウダー,engraçado,1.0,@angelz_s tealzlolWtf
2:44:10,9850,eocrisxd,eocrisxd,confuso,1.0,uai o home ta no japão de novo
2:44:14,9854,sad_sosa,sad_sosa,confuso,1.0,Ja beijou um japonês baka?
2:44:23,9863,peluciacensurada,PeluciaCensurada,neutro,1.0,voltei tava na linha amarela
2:44:25,9865,wood_padeiro,Wood_Padeiro,neutro,1.0,anéeis
2:44:25,9865,chat_da_live,chat_da_live,neutro,1.0,pega
2:44:30,9870,pedepanomttriste,PeDePanoMtTriste,neutro,1.0,Segura minhas mões
2:44:32,9872,jvbchaves,jvbchaves,neutro,1.0,"Gira, gira e bate na mesma interseção"
2:44:32,9872,eddie_campelo,eddie_campelo,neutro,1.0,Pneuzis
2:44:32,9872,reptilianomestre,ReptilianoMestre,neutro,1.0,CARTA RARA
2:44:32,9872,moisesthunder,moisesthunder,neutro,1.0,Pneumonia
2:44:33,9873,thrillerzs,thrillerzs,neutro,1.0,pega pra Julinha
2:44:34,9874,pou556,pou556,neutro,1.0,anais da constituição
2:44:34,9874,duukinhapressaum,duukinhapressaum,confuso,1.0,penis já é no plural?
2:44:35,9875,kise_ryota__,Kise_Ryota__,neutro,1.0,"carta rara, vale 50 milhões"
2:44:35,9875,yuri_7887_,Yuri_7887_,neutro,1.0,Lembe
2:44:36,9876,badnoob5,badnoob5,neutro,1.0,pêneis
2:44:38,9878,arelich,Arelich,neutro,1.0,pega pra july
2:44:39,9879,reptilianomestre,ReptilianoMestre,neutro,1.0,CARTA RARAM
2:44:40,9880,pedro_polegar,pedro_polegar,neutro,1.0,Pega e leva pra Jullynha ela pediu
2:44:44,9884,licht_zayy,licht_zayy,neutro,1.0,Pega pô é a benção
2:44:44,9884,yuri_7887_,Yuri_7887_,neutro,1.0,o chão vc deve lEmber
2:44:45,9885,italoitz,italoitz,neutro,1.0,e trap
2:44:46,9886,lukenull,lukenull,neutro,1.0,Carta com gosma
2:44:50,9890,chat_da_live,chat_da_live,neutro,1.0,carta rara de 1M
2:44:51,9891,donki554,donki554,neutro,1.0,É macumba
2:44:52,9892,kravmagayver,kravmagayver,neutro,1.0,Isso é casinha
2:44:53,9893,pedepanomttriste,PeDePanoMtTriste,neutro,1.0,To com as mões ocupadas
2:45:01,9901,omalditodokai,omalditodokai,neutro,1.0,cadê a julynha cretino
2:45:01,9901,lostmateus,LostMateus,confuso,1.0,Cade as saveiros com som pasando nessa cidade ?
2:45:03,9903,chat_da_live,chat_da_live,neutro,1.0,carta goonada
2:45:05,9905,zneecks,zNeecks,confuso,1.0,os anais de saturno?
2:45:07,9907,dlemonster,DlEmonster,neutro,1.0,presisa da carta pra iniciar missão
2:45:09,9909,sad_sosa,sad_sosa,neutro,1.0,Tt
2:45:12,9912,artuurbr21,artuurbr21,neutro,1.0,carta armadilha virada para baixo ainda
2:45:14,9914,yuri_7887_,Yuri_7887_,engraçado,1.0,"Mlk, vc parece q ta andando em circulos kkkkkkkk"
2:45:16,9916,rampiro,rampiro,neutro,1.0,tira o piru pra fora pra humilhar os japoneses
2:45:17,9917,thrillerzs,thrillerzs,neutro,1.0,Se agaixar o negão ta atrás
2:45:17,9917,thiagosilva248,thiagosilva248,confuso,1.0,Baka como eu faço pra viajar até o Japão também?
2:45:20,9920,wesleykolomar_br,wesleykolomar_br,neutro,1.0,!clima
2:45:20,9920,nightbot,Nightbot,neutro,1.0,Agora em Tokyo tá 72F (22C)
2:45:23,9923,josephh_zz,josephh_zz,neutro,1.0,No sapatinho
2:45:27,9927,rafaelbatista8888,rafaelbatista8888,neutro,1.0,Tem anthrax na carta
2:45:31,9931,sad_sosa,sad_sosa,confuso,1.0,Tem macumba mas encruzilhada do Japão?
2:45:42,9942,pedepanomttriste,PeDePanoMtTriste,neutro,1.0,Falou q virou viavel
2:45:44,9944,moisesthunder,moisesthunder,positivo,0.5,Quando vamos goonar baka?
2:45:47,9947,xabriel98,Xabriel98,neutro,1.0,modo de beatdown
2:45:49,9949,igorsusini,igorsusini,engraçado,0.5,Baka. Vc tá de férias?
2:45:50,9950,omalditodokai,omalditodokai,neutro,1.0,qual yu gi oh/
2:45:51,9951,luffy_cruzeirense,luffy_cruzeirense,neutro,1.0,só manja rola
2:45:54,9954,siriusb3ck,SiriusB3ck,neutro,1.0,"pra quem ta acostumado com pvp do br, pvp jp é tranquilo"
2:45:55,9955,yuri_7887_,Yuri_7887_,neutro,1.0,@sad_sosa o Baka que levou pro Japão!
2:45:56,9956,jvbchaves,jvbchaves,engraçado,1.0,"Só joga os piores jogos, LOL em vez de Dota, Yu-Gi-Oh em vez de Magic.... Sei não viu"
2:45:56,9956,yorraraujo,yorraraujo,neutro,1.0,não precisa manjar o yugi diz que é só inventar
2:45:57,9957,badnoob5,badnoob5,engraçado,1.0,quero ver jogar o forbidden memories
2:46:04,9964,peix3manso,peix3manso,neutro,1.0,OIOI
2:46:04,9964,womkos,womkos,neutro,1.0,brasil ta diferente
2:46:04,9964,himajindesuu,himajindesuu,neutro,1.0,quase 3 horas de live já
2:46:05,9965,kise_ryota__,Kise_Ryota__,neutro,1.0,OI OI
2:46:06,9966,thrillerzs,thrillerzs,confuso,1.0,Ja tirou a peroba do exódia?
2:46:09,9969,duukinhapressaum,duukinhapressaum,neutro,1.0,eu sei que ai tem terreiro
2:46:10,9970,gangelo_,gangelo_,confuso,1.0,mas mudou a regra do yugioh?
2:46:10,9970,ciel_smile_phantonhive,Ciel_Smile_Phantonhive,confuso,1.0,Tem Graal no Japão?
2:46:11,9971,zneecks,zNeecks,confuso,1.0,tem peito de peru no japão baka?
2:46:11,9971,dlemonster,DlEmonster,engraçado,1.0,forbidden memories
2:46:13,9973,yuri_7887_,Yuri_7887_,neutro,1.0,Quero ver jogar esse bumbum pra jogo!
2:46:14,9974,matcos25,matcos25,neutro,1.0,Legal em Brasília tem o rei dos jogos TBM
2:46:17,9977,dsmaron,dsmaron,confuso,1.0,o pipi dos japones é pequenoo mesmo ?
2:46:19,9979,italoitz,italoitz,confuso,1.0,quando sai a proxima musica ?
2:46:19,9979,thiagosilva248,thiagosilva248,confuso,1.0,Baka como eu faço pra viajar pro Japão também?
2:46:21,9981,wesleykolomar_br,wesleykolomar_br,positivo,1.0,tá bom
2:46:22,9982,wood_padeiro,Wood_Padeiro,neutro,1.0,do nada
2:46:22,9982,beyond_desolation2,Beyond_Desolation2,neutro,1.0,gg
2:46:22,9982,rickpowd,リックパウダー,neutro,1.0,mas já
2:46:23,9983,this_is_pedro,This_is_Pedro,neutro,1.0,Saindo no auge
2:46:24,9984,wood_padeiro,Wood_Padeiro,engraçado,1.0,kkkkkkkkkk
2:46:25,9985,rickpowd,リックパウダー,neutro,1.0,cabei de chegar
2:46:25,9985,this_is_pedro,This_is_Pedro,neutro,1.0,Normal
2:46:26,9986,erickhsn,erickhsn,neutro,1.0,mais 14 min fecha as 3h
2:46:26,9986,wesleykolomar_br,wesleykolomar_br,neutro,1.0,gg
2:46:27,9987,konikonyan,KoniKonyan,neutro,1.0,mete marcha
2:46:28,9988,paulinhohetero,PaulinhoHetero,confuso,1.0,Baka voce tem chulé ?
2:46:29,9989,kravmagayver,kravmagayver,confuso,1.0,Não te dá agonia a cidade não ter um sujinho ?
2:46:29,9989,chat_da_live,chat_da_live,confuso,1.0,qual era seu deck no clash royale?
2:46:32,9992,wood_padeiro,Wood_Padeiro,neutro,1.0,cara do nada decide fechar a live
2:46:33,9993,rafaelbatista8888,rafaelbatista8888,neutro,1.0,Sexo
2:46:33,9993,coca_cola350ml,Coca_Cola350ml,confuso,1.0,ja comprou o switch 2?
2:46:33,9993,andrewyuiti,AndrewYuiti,confuso,1.0,Baka voltou pro japao?
2:46:33,9993,josephh_zz,josephh_zz,neutro,1.0,Igual esquilo
2:46:34,9994,italoitz,italoitz,confuso,1.0,mas ja ?
2:46:34,9994,peix3manso,peix3manso,neutro,1.0,vai la vai la
2:46:35,9995,pedepanomttriste,PeDePanoMtTriste,engraçado,1.0,Perfeitamente primo
2:46:36,9996,guhstav0__,Guhstav0__,neutro,1.0,@リックパウダー my brother
2:46:36,9996,thrillerzs,thrillerzs,neutro,1.0,GJ
2:46:37,9997,igorsusini,igorsusini,neutro,1.0,Pra compensar o tempo sem live no Brasil
2:46:41,10001,himajindesuu,himajindesuu,neutro,1.0,baka tá dedicado
2:46:41,10001,omalditodokai,omalditodokai,frustrado,1.0,puta merda cheguei no final
2:46:41,10001,giorootz,giorootz,neutro,1.0,beleuza
2:46:41,10001,manofininhotv,manofininhotv,confuso,1.0,que bairro de SP é esse ai?
2:46:42,10002,gustavopog,gustavopog,confuso,1.0,ja vai bater uma? @BakaGaijinLive
2:46:43,10003,ciel_smile_phantonhive,Ciel_Smile_Phantonhive,neutro,1.0,Saudadeeeeeeeeessssssss
2:46:43,10003,yuri_7887_,Yuri_7887_,neutro,1.0,o cara só vai lá sugar o japão
2:46:44,10004,wesleykolomar_br,wesleykolomar_br,positivo,1.0,boa live gostamos. bom resto do dia
2:46:45,10005,erickhsn,erickhsn,neutro,1.0,mais 14 min fecha as 3h
2:46:47,10007,gabriel124455566666666,gabriel124455566666666,confuso,1.0,Vai ter mais live?
2:46:48,10008,rickpowd,リックパウダー,neutro,1.0,@Guhstav0__ irmao
2:46:49,10009,eddie_campelo,eddie_campelo,neutro,1.0,Cheguei agora começa de novo
2:46:49,10009,donki554,donki554,neutro,1.0,Gg
2:46:49,10009,dlemonster,DlEmonster,neutro,1.0,"""vou nessa"" olha bra baixo da ponte"
2:46:50,10010,rickpowd,リックパウダー,confuso,1.0,espera 13 min pra dar 3h certinho eu tenho toquer
2:46:52,10012,kkmuzan,kkmuzan,neutro,1.0,mo molezinha tio
2:46:52,10012,giovani6jogadoh,giovani6jogadoh,neutro,1.0,uuuhhh
2:46:54,10014,caiopinto120887,caiopinto120887,positivo,1.0,Foda
2:46:55,10015,julianosniperr,julianosniperr,neutro,1.0,Pula
2:46:55,10015,duckn_00,duckn_00,neutro,1.0,estava a live inteira e eu consegui perder o punhetasso
2:46:57,10017,snowppy__br,snowppy__br,confuso,1.0,aí é a avenida paulista?
2:46:57,10017,yorraraujo,yorraraujo,confuso,1.0,achei que voce ia pular do jeito que falou
2:46:58,10018,siriusb3ck,SiriusB3ck,neutro,1.0,fecha com 3hrs pra ficar bonito odinza3Sisi
2:47:00,10020,levini01,LeVini01,neutro,1.0,databaseClassic
2:47:01,10021,this_is_pedro,This_is_Pedro,frustrado,1.0,No auge da live ele diz que vai fechar pqp
2:47:01,10021,thrillerzs,thrillerzs,neutro,1.0,Manda foto la depois do mamilo
2:47:01,10021,tristesatanexe,TristeSatanExe,neutro,1.0,Espera Da 3h Baka
2:47:03,10023,peluciacensurada,PeluciaCensurada,neutro,1.0,hora de dormir
2:47:07,10027,badnoob5,badnoob5,engraçado,1.0,faz um video do japão com sol pra variar
2:47:11,10031,matcos25,matcos25,neutro,1.0,GoldPLZ GoldPLZ
2:47:11,10031,riiyuji,Riiyuji,neutro,1.0,espera mais 13min seu vagabundo
2:47:13,10033,himajindesuu,himajindesuu,neutro,1.0,fecha com 3horas bala
2:47:15,10035,chat_da_live,chat_da_live,confuso,1.0,e o punhetasso?
2:47:16,10036,lukyarte,Lukyarte,confuso,1.0,qnd vai live dnv?
2:47:16,10036,yuri_7887_,Yuri_7887_,confuso,1.0,Vc é miserável Baka
2:47:17,10037,ciel_smile_phantonhive,Ciel_Smile_Phantonhive,neutro,1.0,Entra em um lugar seco
2:47:18,10038,rickpowd,リックパウダー,positivo,0.5,@Guhstav0__ call ta boa?
2:47:21,10041,lucas27dark,lucas27dark,positivo,1.0,valeu baka!
2:47:22,10042,paulinhohetero,PaulinhoHetero,positivo,0.5,Obrigado pela gozada
2:47:25,10045,duukinhapressaum,duukinhapressaum,confuso,1.0,o punhetaço é só 00h?
2:47:26,10046,pou556,pou556,neutro,1.0,deixa o vod gravado
2:47:27,10047,passarobllue,passarobllue,neutro,1.0,Ja vou dormir entao
2:47:28,10048,peix3manso,peix3manso,neutro,1.0,e o predio
2:47:29,10049,humberto_fo,humberto_fo,positivo,0.5,vai ter o festival da pika ai?
2:47:32,10052,tristesatanexe,TristeSatanExe,neutro,1.0,!followage
2:47:36,10056,guhstav0__,Guhstav0__,neutro,1.0,"@リックパウダー call fedendo marvel, fuja"
2:47:37,10057,eddie_campelo,eddie_campelo,neutro,1.0,Idoso ranzinnza
2:47:41,10061,curiosocasodocurioso,curiosocasodocurioso,confuso,1.0,"Cheguei agora, perdi o punhetasso?"
2:47:42,10062,yuri_7887_,Yuri_7887_,neutro,1.0,Live de novo só quando acabar os vídeos de beco
2:47:44,10064,licht_zayy,licht_zayy,confuso,1.0,Quando vai começar o termo ou geoguesser?
2:47:47,10067,moisesthunder,moisesthunder,confuso,1.0,O que é um peido pra quem tá cagando nao
2:47:49,10069,thrillerzs,thrillerzs,confuso,1.0,Um punhetaço nesse meio tempo?
2:47:51,10071,yuri_7887_,Yuri_7887_,neutro,1.0,o cara mijando ali
2:47:52,10072,artx_21,Artx_21,engraçado,1.0,Artx_21 subscribed at Tier 1.
2:47:52,10072,humberto_fo,humberto_fo,positivo,1.0,ai é foda
2:47:52,10072,beyond_desolation2,Beyond_Desolation2,confuso,1.0,Já encontrou o careca nomade ai?
2:47:54,10074,riiyuji,Riiyuji,neutro,1.0,"volta pro japiu pra fazer conteudo baka, to sem coisa pra ver"
2:47:56,10076,caubopi,caubopi,positivo,1.0,"@Guhstav0__ tu jogou e gostou, seu mentiroso"
2:48:00,10080,tristesatanexe,TristeSatanExe,neutro,1.0,Maldade
2:48:00,10080,julianosniperr,julianosniperr,confuso,1.0,Vc vai no Halloween aí?
2:48:01,10081,xleozinmito,xLeoZiNMiTo,neutro,1.0,ta com abstinencia ne
2:48:02,10082,chat_da_live,chat_da_live,positivo,1.0,meu goat esta lavado
2:48:02,10082,matcos25,matcos25,positivo,0.5,Perdeu a pika?
2:48:04,10084,balconista_,Balconista_,neutro,1.0,nhenc nhenc nhhecn nhecn
2:48:05,10085,josephh_zz,josephh_zz,neutro,1.0,Largou
2:48:06,10086,duukinhapressaum,duukinhapressaum,confuso,1.0,vai ter Baka e Julinha no Hallowen novamente?
2:48:12,10092,rickpowd,リックパウダー,neutro,1.0,@caubopi :O
2:48:12,10092,urahmeshi,Urahmeshi,neutro,1.0,o passo do cara é igual o do Cell
2:48:13,10093,riiyuji,Riiyuji,positivo,1.0,mta pika nesses anos
2:48:13,10093,pedro_polegar,pedro_polegar,confuso,1.0,Vai dormir de conchinha comigo hoje?
2:48:14,10094,peluciacensurada,PeluciaCensurada,neutro,1.0,desce pra baixo talvez
2:48:15,10095,yuri_7887_,Yuri_7887_,neutro,1.0,desce pra baixo
2:48:16,10096,guhstav0__,Guhstav0__,positivo,0.333,@caubopi Onde eu disse que nao gostei?
2:48:17,10097,pedepanomttriste,PeDePanoMtTriste,neutro,1.0,Vida Nipônica
2:48:17,10097,pou556,pou556,confuso,1.0,baka porque você apaga os vods?
2:48:17,10097,flowen15,flowen15,neutro,1.0,ta dando asmr esse barulinho
2:48:20,10100,peix3manso,peix3manso,neutro,1.0,aiaiai
2:48:20,10100,rickpowd,リックパウダー,positivo,1.0,@caubopi salve dog cade as live
2:48:21,10101,sawdzin,SawdZin,neutro,1.0,sapatenis do cara ta grudando no chao
2:48:23,10103,jvbchaves,jvbchaves,neutro,1.0,Faz propaganda de bet
2:48:24,10104,pedepanomttriste,PeDePanoMtTriste,neutro,1.0,Área nova
2:48:24,10104,wood_padeiro,Wood_Padeiro,confuso,1.0,tenis fazendo quek quek
2:48:25,10105,beyond_desolation2,Beyond_Desolation2,engraçado,1.0,"E o roteiro vai se criando,"
2:48:26,10106,peixe04,peixe04,confuso,1.0,"5:48 de live, to começando a suspeitar q isso aí não é a liberdade"
2:48:28,10108,riiyuji,Riiyuji,confuso,1.0,ta com o tenis do senninha pra fazer esse barulho ae karalho ?
2:48:31,10111,rickpowd,リックパウダー,neutro,1.0,@caubopi so entro nessa call se me pagarem
2:48:32,10112,lucas27dark,lucas27dark,frustrado,1.0,essa versão mickey mouse pqp heuheueheuheuehue
2:48:32,10112,kkmuzan,kkmuzan,neutro,1.0,teo chinelo ue ta fazendo esse barulho
2:48:32,10112,marryros098,marryros098,engraçado,1.0,Saudades da live do festival da pica tinha um cara com a blusa kkkk
2:48:35,10115,julianosniperr,julianosniperr,neutro,1.0,Essa música fica na mente
2:48:35,10115,catchau2005,catchau2005,confuso,1.0,vai pra casa baka?
2:48:40,10120,betolxi,betolxi,neutro,1.0,desce pra cima
2:48:41,10121,riiyuji,Riiyuji,positivo,1.0,"@peixe04 claro q nao, esse é o bom retiro"
2:48:41,10121,erickhsn,erickhsn,neutro,1.0,todo mundo atrasado pro trabalho
2:48:43,10123,ciel_smile_phantonhive,Ciel_Smile_Phantonhive,confuso,1.0,E o prédio das passarelas liminal spaces?
2:48:44,10124,caubopi,caubopi,neutro,1.0,@リックパウダー jaja o daniel que não é o vorcaro abrew
2:48:47,10127,beyond_desolation2,Beyond_Desolation2,confuso,1.0,Já teve oferta para propaganda de bet? e pq não aceitou?
2:48:49,10129,yuri_7887_,Yuri_7887_,engraçado,1.0,Grita ai
2:48:51,10131,euma_maria7373,euma_maria7373,confuso,1.0,pode andar pelado no festival de pica?
2:48:57,10137,guhstav0__,Guhstav0__,neutro,1.0,@caubopi e vc nada de pegar o sapo
2:49:01,10141,riiyuji,Riiyuji,engraçado,0.5,As escadas ae nao deveriam ser inversas ja que é o contrario do BR ?
2:49:01,10141,rickpowd,リックパウダー,neutro,1.0,@caubopi se eu vi 3 lives dele esse mes foi muito
2:49:03,10143,yuskem,YUSKEM,neutro,1.0,xff
2:49:08,10148,julianosniperr,julianosniperr,neutro,1.0,Tira foto do mendigo
2:49:11,10151,peluciacensurada,PeluciaCensurada,confuso,1.0,quem trabalha de quarta feira?
2:49:11,10151,eddie_campelo,eddie_campelo,neutro,1.0,Vazou áudio do Baka com o Vorcaro
2:49:13,10153,lukyarte,Lukyarte,confuso,1.0,guarda chuva de botao esse?
2:49:13,10153,caubopi,caubopi,neutro,1.0,@Guhstav0__ to quase rato 4
2:49:13,10153,pedro_polegar,pedro_polegar,neutro,1.0,Entra numa loja e começa a trabalhar do nada
2:49:14,10154,urahmeshi,Urahmeshi,engraçado,0.5,arrumou teu horario de dormir?
2:49:15,10155,peix3manso,peix3manso,engraçado,1.0,kkkkkkkkkkkkkkkkkkk
2:49:15,10155,pedepanomttriste,PeDePanoMtTriste,neutro,1.0,Silêncio constrangedor até
2:49:18,10158,riiyuji,Riiyuji,neutro,1.0,1 dia no trabalho com meu amigo japones
2:49:20,10160,thrillerzs,thrillerzs,engraçado,1.0,kkkkkk faz o serviço dele
2:49:21,10161,ciel_smile_phantonhive,Ciel_Smile_Phantonhive,engraçado,1.0,Um grito mudo
2:49:22,10162,badnoob5,badnoob5,neutro,1.0,já faz o trabalho dele
2:49:23,10163,guhstav0__,Guhstav0__,neutro,1.0,@caubopi dale
2:49:24,10164,chat_da_live,chat_da_live,neutro,1.0,entra na vida dele
2:49:25,10165,yuriairesb,YuriAiresB,positivo,0.5,"Bala, nunca derrube o canal que tem suas lives salvas no YT. Obrigado"
2:49:27,10167,yorraraujo,yorraraujo,neutro,1.0,nessas horas não tem lo fi tocando
2:49:31,10171,himajindesuu,himajindesuu,neutro,1.0,side quest
2:49:33,10173,duukinhapressaum,duukinhapressaum,confuso,1.0,mas pq no japão a mão é inglesa?
2:49:34,10174,pedepanomttriste,PeDePanoMtTriste,neutro,1.0,É porno isso
2:49:37,10177,siriusb3ck,SiriusB3ck,confuso,1.0,esse é seu sonho baka sentar no colo de um clt japones?
2:49:41,10181,jvbchaves,jvbchaves,neutro,1.0,"Segue uma mulher aí até o trabalho, vai dá certinho"
2:49:46,10186,badnoob5,badnoob5,neutro,1.0,volta pra casa dele e come a mulher dele
2:49:46,10186,riiyuji,Riiyuji,engraçado,1.0,cade a trilha sonora que sempre aparece nos reels baka
2:49:47,10187,this_is_pedro,This_is_Pedro,engraçado,0.5,"@rickpowd 3 lives no mês é muito, tive ano que foi 3 no ano"
2:50:01,10201,lostcaco,LostCaco,engraçado,1.0,kkkk
2:50:03,10203,peixe04,peixe04,neutro,1.0,cade a legenda tbm
2:50:05,10205,italoitz,italoitz,confuso,1.0,nao toca ?
2:50:07,10207,chat_da_live,chat_da_live,neutro,1.0,D:
2:50:08,10208,beyond_desolation2,Beyond_Desolation2,neutro,1.0,massagi
2:50:09,10209,yuri_7887_,Yuri_7887_,neutro,1.0,"""Arruma o avião pras quenghas"" Baka Vorkaro"
2:50:10,10210,yorraraujo,yorraraujo,engraçado,1.0,kkkkkkkkkkkk
2:50:11,10211,lynch_xxx,LYNCH_xxx,neutro,1.0,"toca sim, mas tem que ter o passe"
2:50:12,10212,catchau2005,catchau2005,engraçado,1.0,dúvido vc entrar em uma loja aleatória e ir lá e trabalhar de graça por 30 dias ent você chama o dono e fala que fez uma prank de trabalhar de graça
2:50:12,10212,thiagosilva248,thiagosilva248,neutro,1.0,Como eu faço pra viajar pro Japão também baka
2:50:12,10212,igorsusini,igorsusini,engraçado,0.5,No Japão tem clt com férias e direitos trabalhistas dignos aos cidadão?
2:50:13,10213,artx_21,Artx_21,engraçado,1.0,Kkkkk
2:50:14,10214,riiyuji,Riiyuji,neutro,1.0,"tu tenq instalar o pack de audios baka, como tu saiu dae nao atualiza mais"
2:50:15,10215,patyorha,patyorha,engraçado,0.5,patyorha subscribed with Prime. They've subscribed for 4 months! xet ele voltou de vez ou é temporário?
2:50:16,10216,erickbianerrrr,erickbianerrrr,neutro,1.0,o homi vortooooooo
2:50:16,10216,italoitz,italoitz,neutro,1.0,vou cancelar minha viagem
2:50:17,10217,erickhsn,erickhsn,engraçado,1.0,kkk
2:50:17,10217,riiyuji,Riiyuji,neutro,1.0,"""trabalhando"""
2:50:17,10217,this_is_pedro,This_is_Pedro,confuso,1.0,Lo fi 24/7 é tortura não?
2:50:18,10218,pou556,pou556,confuso,1.0,baka porque você apaga suas lives?
2:50:20,10220,pedro_polegar,pedro_polegar,neutro,1.0,Para de bater com o seu pai ma minha cara
2:50:31,10231,yuriairesb,YuriAiresB,confuso,1.0,"Ainda tá com ""Jet Pack""?"
2:50:31,10231,riiyuji,Riiyuji,neutro,1.0,bacana tem a coragem de falar que ta trabalhando
2:50:31,10231,lostcaco,LostCaco,neutro,1.0,to ouvindo lo-fi na outra aba
2:50:32,10232,julianosniperr,julianosniperr,neutro,1.0,Baka me leva pro japão
2:50:33,10233,this_is_pedro,This_is_Pedro,neutro,1.0,Kk
2:50:34,10234,ciel_smile_phantonhive,Ciel_Smile_Phantonhive,inspirado,1.0,"Baka vai um dia comer lamem e faz live, leva a gent"
2:50:36,10236,duukinhapressaum,duukinhapressaum,positivo,0.5,chamou o chat de vagabundo foi isso msm?
2:50:37,10237,deannnn_,deannnn_,neutro,1.0,tao batendo o pai na cara ja
2:50:37,10237,coca_cola350ml,Coca_Cola350ml,confuso,1.0,ta estudando japones no brasil ou só largou tudo?
2:50:39,10239,moisesthunder,moisesthunder,engraçado,1.0,Temporário
2:50:39,10239,kazulixo_6,kazulixo_6,neutro,1.0,No futuro teremos música ambiente tocando em todos os lugares
2:50:42,10242,badnoob5,badnoob5,neutro,1.0,streamear também é trabalho
2:50:42,10242,pulchram12,pulchram12,neutro,1.0,@patyorha tá passeando só
2:50:43,10243,cafeebomdemaiss,cafeebomdemaiss,confuso,1.0,baka ta em sergipe?
2:50:46,10246,marryros098,marryros098,neutro,1.0,Da um Google maps
2:50:50,10250,siriusb3ck,SiriusB3ck,neutro,1.0,da tp no mapa pra se achar
2:50:50,10250,patyorha,patyorha,neutro,1.0,!uptime
2:50:50,10250,paulinhohetero,PaulinhoHetero,confuso,1.0,Voce lava a mão depois de limpar a bunda ?
2:50:50,10250,nightbot,Nightbot,neutro,1.0,Stream uptime: 2 hours 50 minutes 56 seconds
2:50:53,10253,ryba0k8,Ryba0k8,confuso,1.0,me perdi na lore do @BakaGaijinLive  ele voltou pro japao?
2:50:53,10253,wood_padeiro,Wood_Padeiro,neutro,1.0,daqui 10min vc ta liberado do trampo
2:50:56,10256,riiyuji,Riiyuji,confuso,1.0,"Baka, ja chegou as caneca do gremio ae ?"
2:50:59,10259,snowzinhooodobaire,雪が少ない,neutro,1.0,que good é essa
2:50:59,10259,rickpowd,リックパウダー,engraçado,1.0,@This_is_Pedro to falando de outro streamer dog ksksksks mas 3 lives pro baka no mes e mto mesmo kkkkkk se passar disso acaba o canal
2:50:59,10259,yuri_7887_,Yuri_7887_,confuso,1.0,"Pera, ele disse que ta TRABALHANDO?"
2:51:00,10260,kravmagayver,kravmagayver,neutro,1.0,Só cimento e concreto
2:51:01,10261,catchau2005,catchau2005,confuso,1.0,tem lugares que parece o Japão em Apiaí?
2:51:01,10261,himajindesuu,himajindesuu,engraçado,1.0,feriado de aniversário da cidade
2:51:07,10267,zpedroluis,zPedroLuis,engraçado,1.0,zPedroLuis subscribed with Prime.
2:51:07,10267,pedro_polegar,pedro_polegar,neutro,1.0,Bateçao de pai na cara
2:51:10,10270,in_my_mind,in_my_mind,confuso,1.0,"@BakaGaijinLive Bakaviadin, voltou a morar no Japão?"
2:51:12,10272,beyond_desolation2,Beyond_Desolation2,positivo,0.5,vc é bom em sudoku baka?
2:51:14,10274,lukyarte,Lukyarte,engraçado,1.0,kkkkkkkkkkkkk
2:51:17,10277,erickbianerrrr,erickbianerrrr,neutro,1.0,diliça
2:51:18,10278,deannnn_,deannnn_,engraçado,1.0,LUL
2:51:19,10279,rogersouzzza,Rogersouzzza,neutro,1.0,WutFace
2:51:20,10280,marryros098,marryros098,engraçado,1.0,Kkk
2:51:22,10282,duukinhapressaum,duukinhapressaum,neutro,1.0,f
2:51:22,10282,diagon_haisser,diagon_haisser,confuso,1.0,Autolimpante?
2:51:23,10283,oliv_yashi,oliv_yashi,confuso,1.0,Você limpa o uc antes de cagar?
2:51:24,10284,m4theuss4n,マテウスさん,confuso,1.0,"Cheguei agora, Baka cansou do Brasil e voltou pro Japão?"
2:51:24,10284,riiyuji,Riiyuji,confuso,1.0,"Bakinha, ja chegou as caneca do gremio ae ?"
2:51:25,10285,yuri_7887_,Yuri_7887_,engraçado,1.0,@Riiyuji É us guri
2:51:26,10286,snowzinhooodobaire,雪が少ない,neutro,1.0,japaatAinn
2:51:27,10287,coca_cola350ml,Coca_Cola350ml,neutro,1.0,Libera o vod depois
2:51:28,10288,lsnayk,lsnayk,engraçado,1.0,Kkkkk
2:51:29,10289,peix3manso,peix3manso,neutro,1.0,esses carro quadrado desgraçado
2:51:30,10290,eddie_campelo,eddie_campelo,neutro,1.0,Limpa no cabelo
2:51:33,10293,tchoza,TchoZa,neutro,1.0,!follow
2:51:33,10293,igorsusini,igorsusini,positivo,1.0,@catchau2005 eu gosto de Apiaí. Gosto do Petar
2:51:38,10298,riiyuji,Riiyuji,confuso,1.0,"Baka-, ja chegou as caneca do gremio ae ?"
2:51:38,10298,peixe04,peixe04,engraçado,1.0,falo tanta nojeira q deu até um glitch na matrix
2:51:39,10299,artx_21,Artx_21,engraçado,1.0,bakagaHaha1 bakagaHaha1 bakagaHaha1
2:51:39,10299,thrillerzs,thrillerzs,neutro,1.0,VO nessa Bala Flws
2:51:41,10301,yuri_7887_,Yuri_7887_,positivo,1.0,ele é bom em Sódaku!
2:51:41,10301,beyond_desolation2,Beyond_Desolation2,neutro,1.0,k
2:51:45,10305,dsmaron,dsmaron,frustrado,1.0,pq nao come a bosta e faz fotosintese
2:51:46,10306,this_is_pedro,This_is_Pedro,positivo,0.5,"@rickpowd peguei o assunto na metade kk, de boa, No auge o Bala fazia uma por semana"
2:51:46,10306,nicksxjs,nicksxjs,confuso,1.0,baka pq vc está tão guloso hoje?
2:51:48,10308,patyorha,patyorha,confuso,1.0,e ele tem respeito?
2:51:51,10311,siriusb3ck,SiriusB3ck,positivo,1.0,"mto bom a conversas nessa live, uma hora estamos falando em sentar no colo de clt japones, no outro falando em lavar a mao depois de cagar"
2:51:53,10313,capivaradebutina,CapivaraDeButina,neutro,1.0,agora que sao paulo nao para de chover o baka volta pro japao
2:51:54,10314,riiyuji,Riiyuji,neutro,1.0,"estarei mandando o clipe no discord do cellbit, JA ERA pra tu amigo"
2:51:54,10314,yorraraujo,yorraraujo,neutro,1.0,eu comprei xadrez pra jogar dama
2:51:56,10316,matcos25,matcos25,confuso,1.0,N aprofundou no Sudoku?
2:52:00,10320,lucas27dark,lucas27dark,confuso,1.0,"tá rolando a tokyo game show baka, você tem vontade de ir algum dia?"
2:52:03,10323,ntfd404,ntfd404,positivo,0.5,vc é bom no seppuku bala?
2:52:07,10327,jvbchaves,jvbchaves,neutro,1.0,comfy
2:52:14,10334,riiyuji,Riiyuji,confuso,1.0,"Baja, ja chegou as caneca do gremio ae ?"
2:52:16,10336,erickbianerrrr,erickbianerrrr,neutro,1.0,ele sodaoku msm
2:52:17,10337,pedepanomttriste,PeDePanoMtTriste,neutro,1.0,Que beco bonitinho hein
2:52:20,10340,kayn_noob,kayn_noob,neutro,1.0,"Foi ai que se me explodiu, lembro como se fosse ontem,"
2:52:22,10342,beyond_desolation2,Beyond_Desolation2,neutro,1.0,tapohaa
2:52:23,10343,snowzinhooodobaire,雪が少ない,neutro,1.0,Kojimão
2:52:23,10343,m4theuss4n,マテウスさん,confuso,1.0,ele foi so em viagem ou voltou em definitivo guys?
2:52:26,10346,pulchram12,pulchram12,neutro,1.0,Toca ai
2:52:26,10346,yuriairesb,YuriAiresB,engraçado,1.0,Deve ser loucura o histórico de trajeto do Baka no Google Maps
2:52:27,10347,thiagosilva248,thiagosilva248,engraçado,1.0,Baka queria viajar pro Japão também como e a burocracia de ir para i
2:52:28,10348,siriusb3ck,SiriusB3ck,neutro,1.0,bate ai na porta
2:52:29,10349,riiyuji,Riiyuji,confuso,1.0,"Baja-, ja chegou as caneca do gremio ae ?"
2:52:30,10350,debbyznha,debbyznha,confuso,1.0,fui jantar oq perdi
2:52:30,10350,pedepanomttriste,PeDePanoMtTriste,confuso,1.0,KOJIMA O QUE VOCÊ FEZ
2:52:30,10350,lynch_xxx,LYNCH_xxx,neutro,1.0,"entra ai, pede um cafezin"
2:52:33,10353,wood_padeiro,Wood_Padeiro,neutro,1.0,dps q foi demitido sobrou ai pra morar
2:52:34,10354,peix3manso,peix3manso,neutro,1.0,doidera
2:52:37,10357,yuri_7887_,Yuri_7887_,neutro,1.0,"Baka, beije um homossexual Nipônico! é para meu mestrado"
2:52:38,10358,this_is_pedro,This_is_Pedro,neutro,1.0,Tem Great Kojima
2:52:40,10360,licht_zayy,licht_zayy,neutro,1.0,Já cobra ele
2:52:40,10360,kazulixo_6,kazulixo_6,neutro,1.0,Uma chance em um milhão
2:52:44,10364,doka4i20,doka4i20,neutro,1.0,A entrada eh igual a do karatê kid chave
2:52:44,10364,jvbchaves,jvbchaves,neutro,1.0,La Creatividad
2:52:45,10365,davidgolartt,davidgolartt,confuso,1.0,Kojima oque vc fez
2:52:45,10365,beyond_desolation2,Beyond_Desolation2,engraçado,1.0,na sua tá escrito otaro
2:52:45,10365,uselolja,uselolja,engraçado,1.0,COMPRE 1 MOLETOM E GANHE 1 CAMISETA + FRETE GRATIS CUPOM -> QUEROMOLETOM https://www.lolja.com.br/baka-gaijin
2:52:49,10369,riiyuji,Riiyuji,engraçado,1.0,"OLHA ESSA GEOMETRIA, KOJIMA QQ SE FEZ"
2:52:50,10370,xabriel98,Xabriel98,positivo,1.0,Kojima é brabo
2:52:50,10370,rickpowd,リックパウダー,neutro,1.0,"@This_is_Pedro mas da pra entender ele, live em casa e mto ResidentSleeper IRL e mto mais daora e ele fica com mais viewer"
2:52:52,10372,pedepanomttriste,PeDePanoMtTriste,engraçado,1.0,DROGA KOJIMA QUE GEOMETRIA É ESSA
2:52:53,10373,uselolja,uselolja,engraçado,1.0,COMPRE 1 MOLETOM E GANHE 1 CAMISETA + FRETE GRATIS CUPOM -> QUEROMOLETOM https://www.lolja.com.br/baka-gaijin
2:52:54,10374,this_is_pedro,This_is_Pedro,neutro,1.0,The great Kojima
2:52:54,10374,ailton4444,ailton4444,confuso,1.0,E live?
2:52:57,10377,chat_da_live,chat_da_live,neutro,1.0,POGGERS
2:53:00,10380,betolxi,betolxi,neutro,1.0,çw baka
2:53:01,10381,coxinhaa04,coxinhaa04,neutro,1.0,✌🏻✌🏻
2:53:01,10381,pedepanomttriste,PeDePanoMtTriste,neutro,1.0,Kojima tira a mão do meu seio
2:53:03,10383,christophergod,Christophergod,confuso,1.0,eo no fap?
2:53:03,10383,betolxi,betolxi,neutro,1.0,vla
2:53:03,10383,riiyuji,Riiyuji,confuso,1.0,"Bajaa, ja chegou as caneca do gremio ae ?"
2:53:03,10383,snowzinhooodobaire,雪が少ない,neutro,1.0,nãoooooo
2:53:04,10384,viniciuslobo25,viniciuslobo25,neutro,1.0,entra aí. Pede death stranding 3
2:53:04,10384,lucas27dark,lucas27dark,positivo,1.0,até mais baka! valeu!
2:53:05,10385,baka_denji,Baka_Denji,confuso,1.0,Mas jaaaa?
2:53:05,10385,yorraraujo,yorraraujo,neutro,1.0,valeeeu
2:53:05,10385,tadashii_eu,tadashii_eu,neutro,1.0,bye
2:53:05,10385,karanbola,karanbola,positivo,1.0,"vlw, flw"
2:53:05,10385,erickhsn,erickhsn,positivo,1.0,ta bom
2:53:06,10386,betolxi,betolxi,positivo,1.0,vlw
2:53:06,10386,peix3manso,peix3manso,positivo,1.0,vlw flw
2:53:07,10387,peixe04,peixe04,neutro,1.0,espera da 6 horas
2:53:07,10387,wesleykolomar_br,wesleykolomar_br,neutro,1.0,gg
2:53:07,10387,hesiogu,hesiogu,neutro,1.0,flws baka
2:53:07,10387,lsnayk,lsnayk,neutro,1.0,Kojim e Nakao
2:53:08,10388,sawdzin,SawdZin,neutro,1.0,flw
2:53:08,10388,marryros098,marryros098,neutro,1.0,Ok
2:53:08,10388,xrestrito,xrestrito,neutro,1.0,xau
2:53:09,10389,zkamykazez,zKAMYKAZEz,confuso,1.0,Mas já ??
2:53:09,10389,pulchram12,pulchram12,neutro,1.0,Flw
2:53:09,10389,peluciacensurada,PeluciaCensurada,positivo,1.0,valeu Braga
2:53:10,10390,julynhatoys,JulynhaToys,neutro,1.0,julynhBiblethump julynhCry
2:53:10,10390,lkzblak,lkzblak,neutro,1.0,EarnedIt EarnedIt EarnedIt EarnedIt
2:53:10,10390,dan_bsk24,dan_bsk24,neutro,1.0,", flw baka"
2:53:11,10391,poteitossauro,Poteitossauro,neutro,1.0,até outro dia
2:53:11,10391,igao_175,igao_175,engraçado,1.0,Deus abençoe gurizao
2:53:12,10392,urahmeshi,Urahmeshi,positivo,1.0,"vlw baka, gg"
2:53:13,10393,duckn_00,duckn_00,neutro,1.0,fica mais 8 min parado falando
2:53:13,10393,ckr4nio,ckr4nio,positivo,1.0,valeu
2:53:13,10393,rickpowd,リックパウダー,positivo,1.0,valeu bakaa
2:53:13,10393,xabriel98,Xabriel98,positivo,1.0,vlw flws
2:53:13,10393,rogersouzzza,Rogersouzzza,positivo,1.0,Vlw Baka
2:53:14,10394,eddie_campelo,eddie_campelo,positivo,1.0,Procura a casa do satoshi sakamoto
2:53:14,10394,levini01,LeVini01,neutro,1.0,databasePeepoHey
2:53:14,10394,mariposa_alada,Mariposa_Alada,neutro,1.0,Falou balinha
2:53:14,10394,guimartss,guimartss,positivo,1.0,Vlw
2:53:14,10394,caipirinha_2007,caipirinha_2007,neutro,1.0,flw...
2:53:15,10395,pedepanomttriste,PeDePanoMtTriste,positivo,1.0,Ta bom ate a próxima se cuida
2:53:15,10395,this_is_pedro,This_is_Pedro,positivo,1.0,Vlw
2:53:15,10395,kaworo27,kaworo27,neutro,1.0,xau xau bakinha
2:53:15,10395,dekbdue,dekbdue,neutro,1.0,flw flw
2:53:16,10396,pulchram12,pulchram12,neutro,1.0,HeyGuys
2:53:16,10396,kazulixo_6,kazulixo_6,neutro,1.0,Flw
2:53:17,10397,caiopinto120887,caiopinto120887,neutro,1.0,Flws NotLikeThis
2:53:17,10397,this_is_pedro,This_is_Pedro,neutro,1.0,Flw
2:53:17,10397,evilgelico,evilgelico,neutro,1.0,ciao
2:53:17,10397,luizfert,luizfert,neutro,1.0,FLLWW
2:53:17,10397,xleozinmito,xLeoZiNMiTo,confuso,1.0,ja vai vagabundu? tchau
2:53:17,10397,marryros098,marryros098,neutro,1.0,BigSad BigSad BigSad BigSad
2:53:18,10398,kravmagayver,kravmagayver,neutro,1.0,O cara que tem claustrofobia tá ferrado aí
2:53:18,10398,matcos25,matcos25,neutro,1.0,GoldPLZ
2:53:18,10398,chat_da_live,chat_da_live,neutro,1.0,😢
2:53:18,10398,angelz_s,angelz_s,neutro,1.0,flws
2:53:20,10400,dsmaron,dsmaron,neutro,1.0,agradeçe deus
2:53:20,10400,davilso,davilso,positivo,1.0,salve baka gaijin to indo pro japao segunda feira irmao
2:53:21,10401,himajindesuu,himajindesuu,neutro,1.0,w live sobre aves
2:53:22,10402,zkamykazez,zKAMYKAZEz,neutro,1.0,irl 24h BORA
2:53:22,10402,lsnayk,lsnayk,positivo,1.0,Vlw é nois
2:53:23,10403,riiyuji,Riiyuji,positivo,1.0,vamo ver ne
2:53:23,10403,pedepanomttriste,PeDePanoMtTriste,neutro,1.0,Xaaau
2:53:23,10403,rickpowd,リックパウダー,neutro,1.0,fas
2:53:23,10403,xleozinmito,xLeoZiNMiTo,neutro,1.0,beijo
2:53:24,10404,eddie_campelo,eddie_campelo,positivo,1.0,Vlw
2:53:24,10404,brucecorp,brucecorp,neutro,1.0,manda um abraço pro kojima
2:53:24,10404,baka_denji,Baka_Denji,neutro,1.0,Mais mais mais
2:53:25,10405,peix3manso,peix3manso,neutro,1.0,nice
2:53:25,10405,julianosniperr,julianosniperr,neutro,1.0,✌️
2:53:25,10405,lkzblak,lkzblak,neutro,1.0,Flw
2:53:25,10405,rickpowd,リックパウダー,neutro,1.0,foi daora
2:53:26,10406,giorootz,giorootz,neutro,1.0,GG
2:53:27,10407,flockie7,flockie7,neutro,1.0,bye
2:53:27,10407,peix3manso,peix3manso,neutro,1.0,faz mesmo
2:53:28,10408,italoitz,italoitz,neutro,1.0,me lembrou od bons tempos
2:53:28,10408,this_is_pedro,This_is_Pedro,neutro,1.0,Tchau Bala
2:53:28,10408,rogersouzzza,Rogersouzzza,neutro,1.0,"Blz, estaremos esperando"
2:53:29,10409,peix3manso,peix3manso,neutro,1.0,flw
2:53:29,10409,julynhatoys,JulynhaToys,neutro,1.0,Ebaaaaaaaa
2:53:29,10409,pulchram12,pulchram12,neutro,1.0,Tchau
2:53:30,10410,sad_sosa,sad_sosa,neutro,1.0,Tchau baka beijo na solda
2:53:30,10410,erickhsn,erickhsn,neutro,1.0,falou
2:53:31,10411,lukenull,lukenull,neutro,1.0,Live a noite
2:53:31,10411,coxinhaa04,coxinhaa04,neutro,1.0,Flw
2:53:31,10411,marryros098,marryros098,neutro,1.0,Flw
2:53:31,10411,badnoob5,badnoob5,neutro,1.0,vai deixar em off a visita no kojima
2:53:32,10412,julynhatoys,JulynhaToys,neutro,1.0,julynhYay
2:53:34,10414,yuriairesb,YuriAiresB,positivo,0.5,"Obrigado, Bala. Estava com saudade das lives no Japil"
2:53:34,10414,diog0xx,diog0xx,positivo,1.0,Boa
2:53:34,10414,pato_gostoso__,pato_gostoso__,neutro,1.0,"Pense no dinheiro, pense no dinheiro"
2:53:34,10414,ordepenn,ordepenn,neutro,1.0,xau
2:53:35,10415,bagreeeeeeeee,BAGREeeeeeeee,neutro,1.0,Flw
2:53:35,10415,lukenull,lukenull,positivo,1.0,Flws vlws
2:53:35,10415,betolxi,betolxi,neutro,1.0,flwww
2:53:36,10416,zkamykazez,zKAMYKAZEz,neutro,1.0,FLW
2:53:36,10416,duckn_00,duckn_00,neutro,1.0,flw baka
2:53:38,10418,in_my_mind,in_my_mind,confuso,1.0,o Baka voltou a morar no Japão?
2:53:38,10418,pedepanomttriste,PeDePanoMtTriste,positivo,1.0,Ta bom beijos
2:53:38,10418,oliv_yashi,oliv_yashi,positivo,1.0,Valeu pela companhia Baka
2:53:38,10418,tadashii_eu,tadashii_eu,neutro,1.0,$pescar
2:53:39,10419,riiyuji,Riiyuji,neutro,1.0,bacana nao conseguiu fazer 13min a mais
2:53:40,10420,pshychiatzu,PshycHiatzu,engraçado,1.0,kkkkkkk
2:53:41,10421,tiocaqu,TioCaqu,neutro,1.0,flw
2:53:43,10423,this_is_pedro,This_is_Pedro,confuso,1.0,Cadê o veio??
2:53:43,10423,mallsii,Mallsii,neutro,1.0,HiHand
2:53:43,10423,caipirinha_2007,caipirinha_2007,neutro,1.0,TwitchUnity TwitchUnity TPFufun TPFufun TPFufun
2:53:44,10424,catchau2005,catchau2005,neutro,1.0,flw bakis san
2:53:45,10425,xleozinmito,xLeoZiNMiTo,neutro,1.0,carai preciso dessa foto ai
2:53:45,10425,tanjibolasfds,tanjibolasfds,neutro,1.0,Sayounara
2:53:46,10426,lucian2_,lucian2_,neutro,1.0,Flw
2:53:46,10426,licht_zayy,licht_zayy,neutro,1.0,Falou falou brasa
2:53:46,10426,igorsusini,igorsusini,neutro,1.0,Flw Baka
2:53:47,10427,elbiel1919,ElBiel1919,neutro,1.0,Flw
2:53:49,10429,tristesatanexe,TristeSatanExe,neutro,1.0,Bye Bye
2:53:52,10432,lsnayk,lsnayk,neutro,1.0,Não esqueça os. Visões no YouTube
2:53:53,10433,brucecorp,brucecorp,neutro,1.0,OhMyDog OhMyDog OhMyDog OhMyDog OhMyDog OhMyDog
2:53:53,10433,kanyel7_,kanyel7_,positivo,1.0,❤️
2:53:54,10434,beyond_desolation2,Beyond_Desolation2,neutro,1.0,flwss
2:53:57,10437,duckn_00,duckn_00,neutro,1.0,só faltava 6 min
2:53:59,10439,blue_snow86,blue_snow86,neutro,1.0,Deixa os videos salvos pra ver inteiro depois
2:53:59,10439,licht_zayy,licht_zayy,neutro,1.0,Não fez a quest da julynha
2:53:59,10439,luizfert,luizfert,neutro,1.0,fllw rappaziada
2:54:03,10443,italoitz,italoitz,engraçado,1.0,que mizera de ending é essa kkkkkkkkkkkkkkkk
2:54:04,10444,lostcaco,LostCaco,neutro,1.0,flw Bapa
2:54:05,10445,julianosniperr,julianosniperr,neutro,1.0,🤏
2:54:07,10447,yorraraujo,yorraraujo,neutro,1.0,começou o lo fi natural tipico dos dias do japão
2:54:08,10448,artyy67,artyy67,confuso,1.0,"oxe, ele voltou pro japao guys?"
2:54:15,10455,lucian2_,lucian2_,engraçado,1.0,Kkkkkkkkkkkkkkkkkkkkkkkkkkk
2:54:17,10457,pulchram12,pulchram12,neutro,1.0,allpac2Danc2 allpac2Danc1
2:54:19,10459,snowzinhooodobaire,雪が少ない,neutro,1.0,bakagaFoto
2:54:23,10463,flockie7,flockie7,positivo,1.0,foda
2:54:23,10463,ckr4nio,ckr4nio,neutro,1.0,oxe q pedrada
2:54:24,10464,pedepanomttriste,PeDePanoMtTriste,neutro,1.0,To esperando aquela
2:54:24,10464,this_is_pedro,This_is_Pedro,neutro,1.0,Agora sim
2:54:26,10466,viniciuslobo25,viniciuslobo25,engraçado,1.0,LUL
2:54:27,10467,luizfert,luizfert,frustrado,1.0,PQPQ
2:54:28,10468,licht_zayy,licht_zayy,confuso,1.0,Confusio?
2:54:29,10469,duckn_00,duckn_00,engraçado,1.0,@artyy67 é temporario
2:54:29,10469,this_is_pedro,This_is_Pedro,confuso,1.0,Isso que é vida
2:54:32,10472,pedepanomttriste,PeDePanoMtTriste,neutro,1.0,Xau chat inclusive
2:54:33,10473,luizfert,luizfert,engraçado,1.0,KKKKKKKKKKKKKKKKKKKKK
2:54:33,10473,odachi_14,Odachi_14,confuso,1.0,Acabou!???
2:54:34,10474,rogersouzzza,Rogersouzzza,engraçado,1.0,@artyy67 é temporário
2:54:38,10478,flockie7,flockie7,neutro,1.0,cade o mamaco piloto
2:54:38,10478,betolxi,betolxi,neutro,1.0,tava escutando esse veio esses dias
2:54:40,10480,artyy67,artyy67,positivo,1.0,vlwww
2:54:41,10481,odachi_14,Odachi_14,neutro,1.0,Acabei de entra
2:54:42,10482,julianosniperr,julianosniperr,neutro,1.0,🖕
2:54:51,10491,betolxi,betolxi,neutro,1.0,DinoDance DinoDance DinoDance
2:54:53,10493,odachi_14,Odachi_14,confuso,1.0,Ele tá no JP?
