<?xml version="1.0" encoding="UTF-8"?>
<gpx version="1.1" creator="bakalgaijin-mapa" xmlns="http://www.topografix.com/GPX/1/1">
  <trk>
    <name>Rota estimada da live (Baka Gaijin)</name>
    <trkseg>
      <trkpt lat="35.695515" lon="139.700933">
        <name>0:00</name>
      </trkpt>
      <trkpt lat="35.695515" lon="139.700933">
        <name>0:01</name>
      </trkpt>
      <trkpt lat="35.695515" lon="139.700933">
        <name>0:02</name>
      </trkpt>
      <trkpt lat="35.695515" lon="139.700933">
        <name>0:03</name>
      </trkpt>
      <trkpt lat="35.695515" lon="139.700933">
        <name>0:04</name>
      </trkpt>
      <trkpt lat="35.695515" lon="139.700933">
        <name>0:05</name>
      </trkpt>
      <trkpt lat="35.695515" lon="139.700933">
        <name>0:06</name>
      </trkpt>
      <trkpt lat="35.695515" lon="139.700933">
        <name>0:07</name>
      </trkpt>
      <trkpt lat="35.695515" lon="139.700933">
        <name>0:08</name>
      </trkpt>
      <trkpt lat="35.695534" lon="139.700939">
        <name>0:09</name>
      </trkpt>
      <trkpt lat="35.695605" lon="139.700963">
        <name>0:10</name>
      </trkpt>
      <trkpt lat="35.695723" lon="139.701003">
        <name>0:11</name>
      </trkpt>
      <trkpt lat="35.695752" lon="139.701013">
        <name>0:12</name>
      </trkpt>
      <trkpt lat="35.696134" lon="139.701142">
        <name>0:13</name>
      </trkpt>
      <trkpt lat="35.696168" lon="139.701154">
        <name>0:14</name>
      </trkpt>
      <trkpt lat="35.696047" lon="139.701646">
        <name>0:15</name>
      </trkpt>
      <trkpt lat="35.696028" lon="139.701724">
        <name>0:16</name>
      </trkpt>
      <trkpt lat="35.696066" lon="139.701735">
        <name>0:17</name>
      </trkpt>
      <trkpt lat="35.696244" lon="139.701759">
        <name>0:18</name>
      </trkpt>
      <trkpt lat="35.696156" lon="139.702322">
        <name>0:19</name>
      </trkpt>
      <trkpt lat="35.696078" lon="139.702843">
        <name>0:20</name>
      </trkpt>
      <trkpt lat="35.695961" lon="139.703571">
        <name>0:21</name>
      </trkpt>
      <trkpt lat="35.695640" lon="139.703496">
        <name>0:22</name>
      </trkpt>
      <trkpt lat="35.695508" lon="139.703458">
        <name>0:23</name>
      </trkpt>
      <trkpt lat="35.695508" lon="139.703458">
        <name>0:24</name>
      </trkpt>
      <trkpt lat="35.695290" lon="139.703395">
        <name>0:25</name>
      </trkpt>
      <trkpt lat="35.695220" lon="139.703375">
        <name>0:26</name>
      </trkpt>
      <trkpt lat="35.695183" lon="139.703364">
        <name>0:27</name>
      </trkpt>
      <trkpt lat="35.695261" lon="139.703129">
        <name>0:28</name>
      </trkpt>
      <trkpt lat="35.695231" lon="139.703099">
        <name>0:29</name>
      </trkpt>
      <trkpt lat="35.695209" lon="139.703080">
        <name>0:30</name>
      </trkpt>
      <trkpt lat="35.694596" lon="139.702853">
        <name>0:31</name>
      </trkpt>
      <trkpt lat="35.694178" lon="139.702647">
        <name>0:32</name>
      </trkpt>
      <trkpt lat="35.693983" lon="139.702553">
        <name>0:33</name>
      </trkpt>
      <trkpt lat="35.693983" lon="139.702553">
        <name>0:34</name>
      </trkpt>
      <trkpt lat="35.693983" lon="139.702553">
        <name>0:35</name>
      </trkpt>
      <trkpt lat="35.693983" lon="139.702553">
        <name>0:36</name>
      </trkpt>
      <trkpt lat="35.693891" lon="139.702509">
        <name>0:37</name>
      </trkpt>
      <trkpt lat="35.693583" lon="139.702358">
        <name>0:38</name>
      </trkpt>
      <trkpt lat="35.693578" lon="139.702356">
        <name>0:39</name>
      </trkpt>
      <trkpt lat="35.693541" lon="139.702337">
        <name>0:40</name>
      </trkpt>
      <trkpt lat="35.693447" lon="139.702298">
        <name>0:41</name>
      </trkpt>
      <trkpt lat="35.693431" lon="139.702368">
        <name>0:42</name>
      </trkpt>
      <trkpt lat="35.693334" lon="139.702804">
        <name>0:43</name>
      </trkpt>
      <trkpt lat="35.693424" lon="139.702848">
        <name>0:44</name>
      </trkpt>
      <trkpt lat="35.693446" lon="139.702853">
        <name>0:45</name>
      </trkpt>
      <trkpt lat="35.693463" lon="139.702862">
        <name>0:46</name>
      </trkpt>
      <trkpt lat="35.693646" lon="139.702953">
        <name>0:47</name>
      </trkpt>
      <trkpt lat="35.694054" lon="139.703160">
        <name>0:48</name>
      </trkpt>
      <trkpt lat="35.694365" lon="139.703324">
        <name>0:49</name>
      </trkpt>
      <trkpt lat="35.694470" lon="139.703376">
        <name>0:50</name>
      </trkpt>
      <trkpt lat="35.694863" lon="139.703571">
        <name>0:51</name>
      </trkpt>
      <trkpt lat="35.694969" lon="139.703623">
        <name>0:52</name>
      </trkpt>
      <trkpt lat="35.695062" lon="139.703669">
        <name>0:53</name>
      </trkpt>
      <trkpt lat="35.695098" lon="139.703687">
        <name>0:54</name>
      </trkpt>
      <trkpt lat="35.695124" lon="139.703577">
        <name>0:55</name>
      </trkpt>
      <trkpt lat="35.695166" lon="139.703407">
        <name>0:56</name>
      </trkpt>
      <trkpt lat="35.695183" lon="139.703364">
        <name>0:57</name>
      </trkpt>
      <trkpt lat="35.695220" lon="139.703375">
        <name>0:58</name>
      </trkpt>
      <trkpt lat="35.695290" lon="139.703395">
        <name>0:59</name>
      </trkpt>
      <trkpt lat="35.695508" lon="139.703458">
        <name>1:00</name>
      </trkpt>
      <trkpt lat="35.695508" lon="139.703458">
        <name>1:01</name>
      </trkpt>
      <trkpt lat="35.695290" lon="139.703395">
        <name>1:02</name>
      </trkpt>
      <trkpt lat="35.695220" lon="139.703375">
        <name>1:03</name>
      </trkpt>
      <trkpt lat="35.695183" lon="139.703364">
        <name>1:04</name>
      </trkpt>
      <trkpt lat="35.695261" lon="139.703129">
        <name>1:05</name>
      </trkpt>
      <trkpt lat="35.695231" lon="139.703099">
        <name>1:06</name>
      </trkpt>
      <trkpt lat="35.695209" lon="139.703080">
        <name>1:07</name>
      </trkpt>
      <trkpt lat="35.694596" lon="139.702853">
        <name>1:08</name>
      </trkpt>
      <trkpt lat="35.694178" lon="139.702647">
        <name>1:09</name>
      </trkpt>
      <trkpt lat="35.693983" lon="139.702553">
        <name>1:10</name>
      </trkpt>
      <trkpt lat="35.693983" lon="139.702553">
        <name>1:11</name>
      </trkpt>
      <trkpt lat="35.693983" lon="139.702553">
        <name>1:12</name>
      </trkpt>
      <trkpt lat="35.693983" lon="139.702553">
        <name>1:13</name>
      </trkpt>
      <trkpt lat="35.693891" lon="139.702509">
        <name>1:14</name>
      </trkpt>
      <trkpt lat="35.693583" lon="139.702358">
        <name>1:15</name>
      </trkpt>
      <trkpt lat="35.693578" lon="139.702356">
        <name>1:16</name>
      </trkpt>
      <trkpt lat="35.693541" lon="139.702337">
        <name>1:17</name>
      </trkpt>
      <trkpt lat="35.693447" lon="139.702298">
        <name>1:18</name>
      </trkpt>
      <trkpt lat="35.693431" lon="139.702368">
        <name>1:19</name>
      </trkpt>
      <trkpt lat="35.693334" lon="139.702804">
        <name>1:20</name>
      </trkpt>
      <trkpt lat="35.693424" lon="139.702848">
        <name>1:21</name>
      </trkpt>
      <trkpt lat="35.693446" lon="139.702853">
        <name>1:22</name>
      </trkpt>
      <trkpt lat="35.693463" lon="139.702862">
        <name>1:23</name>
      </trkpt>
      <trkpt lat="35.693646" lon="139.702953">
        <name>1:24</name>
      </trkpt>
      <trkpt lat="35.693554" lon="139.703301">
        <name>1:25</name>
      </trkpt>
      <trkpt lat="35.693554" lon="139.703301">
        <name>1:26</name>
      </trkpt>
      <trkpt lat="35.693498" lon="139.703511">
        <name>1:27</name>
      </trkpt>
      <trkpt lat="35.693484" lon="139.703557">
        <name>1:28</name>
      </trkpt>
      <trkpt lat="35.693462" lon="139.703629">
        <name>1:29</name>
      </trkpt>
      <trkpt lat="35.693315" lon="139.703561">
        <name>1:30</name>
      </trkpt>
      <trkpt lat="35.693246" lon="139.703529">
        <name>1:31</name>
      </trkpt>
      <trkpt lat="35.693141" lon="139.703482">
        <name>1:32</name>
      </trkpt>
      <trkpt lat="35.693072" lon="139.703731">
        <name>1:33</name>
      </trkpt>
      <trkpt lat="35.692837" lon="139.704588">
        <name>1:34</name>
      </trkpt>
      <trkpt lat="35.692597" lon="139.705493">
        <name>1:35</name>
      </trkpt>
      <trkpt lat="35.692587" lon="139.705528">
        <name>1:36</name>
      </trkpt>
      <trkpt lat="35.692577" lon="139.705567">
        <name>1:37</name>
      </trkpt>
      <trkpt lat="35.692565" lon="139.705611">
        <name>1:38</name>
      </trkpt>
      <trkpt lat="35.692510" lon="139.705818">
        <name>1:39</name>
      </trkpt>
      <trkpt lat="35.692490" lon="139.705892">
        <name>1:40</name>
      </trkpt>
      <trkpt lat="35.692461" lon="139.706019">
        <name>1:41</name>
      </trkpt>
      <trkpt lat="35.692319" lon="139.706518">
        <name>1:42</name>
      </trkpt>
      <trkpt lat="35.692289" lon="139.706621">
        <name>1:43</name>
      </trkpt>
      <trkpt lat="35.692257" lon="139.706735">
        <name>1:44</name>
      </trkpt>
      <trkpt lat="35.692202" lon="139.706925">
        <name>1:45</name>
      </trkpt>
      <trkpt lat="35.692155" lon="139.707086">
        <name>1:46</name>
      </trkpt>
      <trkpt lat="35.692028" lon="139.707099">
        <name>1:47</name>
      </trkpt>
      <trkpt lat="35.692067" lon="139.706943">
        <name>1:48</name>
      </trkpt>
      <trkpt lat="35.692117" lon="139.706759">
        <name>1:49</name>
      </trkpt>
      <trkpt lat="35.692190" lon="139.706497">
        <name>1:50</name>
      </trkpt>
      <trkpt lat="35.692271" lon="139.706206">
        <name>1:51</name>
      </trkpt>
      <trkpt lat="35.692323" lon="139.706019">
        <name>1:52</name>
      </trkpt>
      <trkpt lat="35.692338" lon="139.705962">
        <name>1:53</name>
      </trkpt>
      <trkpt lat="35.692351" lon="139.705914">
        <name>1:54</name>
      </trkpt>
      <trkpt lat="35.692371" lon="139.705823">
        <name>1:55</name>
      </trkpt>
      <trkpt lat="35.692388" lon="139.705747">
        <name>1:56</name>
      </trkpt>
      <trkpt lat="35.692430" lon="139.705557">
        <name>1:57</name>
      </trkpt>
      <trkpt lat="35.692441" lon="139.705516">
        <name>1:58</name>
      </trkpt>
      <trkpt lat="35.692452" lon="139.705473">
        <name>1:59</name>
      </trkpt>
      <trkpt lat="35.692534" lon="139.705160">
        <name>2:00</name>
      </trkpt>
      <trkpt lat="35.692708" lon="139.704533">
        <name>2:01</name>
      </trkpt>
      <trkpt lat="35.692620" lon="139.704483">
        <name>2:02</name>
      </trkpt>
      <trkpt lat="35.692360" lon="139.704334">
        <name>2:03</name>
      </trkpt>
      <trkpt lat="35.692326" lon="139.704315">
        <name>2:04</name>
      </trkpt>
      <trkpt lat="35.692278" lon="139.704289">
        <name>2:05</name>
      </trkpt>
      <trkpt lat="35.692237" lon="139.704450">
        <name>2:06</name>
      </trkpt>
      <trkpt lat="35.692163" lon="139.704738">
        <name>2:07</name>
      </trkpt>
      <trkpt lat="35.692144" lon="139.704809">
        <name>2:08</name>
      </trkpt>
      <trkpt lat="35.692118" lon="139.704912">
        <name>2:09</name>
      </trkpt>
      <trkpt lat="35.692418" lon="139.705091">
        <name>2:10</name>
      </trkpt>
      <trkpt lat="35.692418" lon="139.705091">
        <name>2:11</name>
      </trkpt>
      <trkpt lat="35.692433" lon="139.705100">
        <name>2:12</name>
      </trkpt>
      <trkpt lat="35.692454" lon="139.705112">
        <name>2:13</name>
      </trkpt>
      <trkpt lat="35.692534" lon="139.705160">
        <name>2:14</name>
      </trkpt>
      <trkpt lat="35.692708" lon="139.704533">
        <name>2:15</name>
      </trkpt>
      <trkpt lat="35.692620" lon="139.704483">
        <name>2:16</name>
      </trkpt>
      <trkpt lat="35.692360" lon="139.704334">
        <name>2:17</name>
      </trkpt>
      <trkpt lat="35.692326" lon="139.704315">
        <name>2:18</name>
      </trkpt>
      <trkpt lat="35.692278" lon="139.704289">
        <name>2:19</name>
      </trkpt>
      <trkpt lat="35.692237" lon="139.704450">
        <name>2:20</name>
      </trkpt>
      <trkpt lat="35.692163" lon="139.704738">
        <name>2:21</name>
      </trkpt>
      <trkpt lat="35.692144" lon="139.704809">
        <name>2:22</name>
      </trkpt>
      <trkpt lat="35.692118" lon="139.704912">
        <name>2:23</name>
      </trkpt>
      <trkpt lat="35.692393" lon="139.705076">
        <name>2:24</name>
      </trkpt>
      <trkpt lat="35.692393" lon="139.705076">
        <name>2:25</name>
      </trkpt>
      <trkpt lat="35.692433" lon="139.705100">
        <name>2:26</name>
      </trkpt>
      <trkpt lat="35.692454" lon="139.705112">
        <name>2:27</name>
      </trkpt>
      <trkpt lat="35.692534" lon="139.705160">
        <name>2:28</name>
      </trkpt>
      <trkpt lat="35.692708" lon="139.704533">
        <name>2:29</name>
      </trkpt>
      <trkpt lat="35.692620" lon="139.704483">
        <name>2:30</name>
      </trkpt>
      <trkpt lat="35.692360" lon="139.704334">
        <name>2:31</name>
      </trkpt>
      <trkpt lat="35.692326" lon="139.704315">
        <name>2:32</name>
      </trkpt>
      <trkpt lat="35.692278" lon="139.704289">
        <name>2:33</name>
      </trkpt>
      <trkpt lat="35.692237" lon="139.704450">
        <name>2:34</name>
      </trkpt>
      <trkpt lat="35.692163" lon="139.704738">
        <name>2:35</name>
      </trkpt>
      <trkpt lat="35.692144" lon="139.704809">
        <name>2:36</name>
      </trkpt>
      <trkpt lat="35.692118" lon="139.704912">
        <name>2:37</name>
      </trkpt>
      <trkpt lat="35.692368" lon="139.705061">
        <name>2:38</name>
      </trkpt>
      <trkpt lat="35.692368" lon="139.705061">
        <name>2:39</name>
      </trkpt>
      <trkpt lat="35.692433" lon="139.705100">
        <name>2:40</name>
      </trkpt>
      <trkpt lat="35.692454" lon="139.705112">
        <name>2:41</name>
      </trkpt>
      <trkpt lat="35.692534" lon="139.705160">
        <name>2:42</name>
      </trkpt>
      <trkpt lat="35.692708" lon="139.704533">
        <name>2:43</name>
      </trkpt>
      <trkpt lat="35.692620" lon="139.704483">
        <name>2:44</name>
      </trkpt>
      <trkpt lat="35.692360" lon="139.704334">
        <name>2:45</name>
      </trkpt>
      <trkpt lat="35.692326" lon="139.704315">
        <name>2:46</name>
      </trkpt>
      <trkpt lat="35.692278" lon="139.704289">
        <name>2:47</name>
      </trkpt>
      <trkpt lat="35.692237" lon="139.704450">
        <name>2:48</name>
      </trkpt>
      <trkpt lat="35.692163" lon="139.704738">
        <name>2:49</name>
      </trkpt>
      <trkpt lat="35.692144" lon="139.704809">
        <name>2:50</name>
      </trkpt>
      <trkpt lat="35.692118" lon="139.704912">
        <name>2:51</name>
      </trkpt>
      <trkpt lat="35.692343" lon="139.705046">
        <name>2:52</name>
      </trkpt>
      <trkpt lat="35.692343" lon="139.705046">
        <name>2:53</name>
      </trkpt>
      <trkpt lat="35.692433" lon="139.705100">
        <name>2:54</name>
      </trkpt>
      <trkpt lat="35.692454" lon="139.705112">
        <name>2:55</name>
      </trkpt>
      <trkpt lat="35.692534" lon="139.705160">
        <name>2:56</name>
      </trkpt>
      <trkpt lat="35.692708" lon="139.704533">
        <name>2:57</name>
      </trkpt>
      <trkpt lat="35.692620" lon="139.704483">
        <name>2:58</name>
      </trkpt>
      <trkpt lat="35.692360" lon="139.704334">
        <name>2:59</name>
      </trkpt>
      <trkpt lat="35.692326" lon="139.704315">
        <name>3:00</name>
      </trkpt>
      <trkpt lat="35.692278" lon="139.704289">
        <name>3:01</name>
      </trkpt>
      <trkpt lat="35.692237" lon="139.704450">
        <name>3:02</name>
      </trkpt>
      <trkpt lat="35.692163" lon="139.704738">
        <name>3:03</name>
      </trkpt>
      <trkpt lat="35.692144" lon="139.704809">
        <name>3:04</name>
      </trkpt>
      <trkpt lat="35.692118" lon="139.704912">
        <name>3:05</name>
      </trkpt>
      <trkpt lat="35.692318" lon="139.705031">
        <name>3:06</name>
      </trkpt>
      <trkpt lat="35.692318" lon="139.705031">
        <name>3:07</name>
      </trkpt>
      <trkpt lat="35.692433" lon="139.705100">
        <name>3:08</name>
      </trkpt>
      <trkpt lat="35.692454" lon="139.705112">
        <name>3:09</name>
      </trkpt>
      <trkpt lat="35.692534" lon="139.705160">
        <name>3:10</name>
      </trkpt>
      <trkpt lat="35.692708" lon="139.704533">
        <name>3:11</name>
      </trkpt>
      <trkpt lat="35.692620" lon="139.704483">
        <name>3:12</name>
      </trkpt>
      <trkpt lat="35.692360" lon="139.704334">
        <name>3:13</name>
      </trkpt>
      <trkpt lat="35.692326" lon="139.704315">
        <name>3:14</name>
      </trkpt>
      <trkpt lat="35.692278" lon="139.704289">
        <name>3:15</name>
      </trkpt>
      <trkpt lat="35.692228" lon="139.704261">
        <name>3:16</name>
      </trkpt>
      <trkpt lat="35.692063" lon="139.704163">
        <name>3:17</name>
      </trkpt>
      <trkpt lat="35.691840" lon="139.704030">
        <name>3:18</name>
      </trkpt>
      <trkpt lat="35.691774" lon="139.703985">
        <name>3:19</name>
      </trkpt>
      <trkpt lat="35.691548" lon="139.703847">
        <name>3:20</name>
      </trkpt>
      <trkpt lat="35.691446" lon="139.703785">
        <name>3:21</name>
      </trkpt>
      <trkpt lat="35.691434" lon="139.703778">
        <name>3:22</name>
      </trkpt>
      <trkpt lat="35.691376" lon="139.703743">
        <name>3:23</name>
      </trkpt>
      <trkpt lat="35.691397" lon="139.703697">
        <name>3:24</name>
      </trkpt>
      <trkpt lat="35.691407" lon="139.703673">
        <name>3:25</name>
      </trkpt>
      <trkpt lat="35.691429" lon="139.703625">
        <name>3:26</name>
      </trkpt>
      <trkpt lat="35.691475" lon="139.703523">
        <name>3:27</name>
      </trkpt>
      <trkpt lat="35.691538" lon="139.703382">
        <name>3:28</name>
      </trkpt>
      <trkpt lat="35.691796" lon="139.702809">
        <name>3:29</name>
      </trkpt>
      <trkpt lat="35.691822" lon="139.702750">
        <name>3:30</name>
      </trkpt>
      <trkpt lat="35.691857" lon="139.702672">
        <name>3:31</name>
      </trkpt>
      <trkpt lat="35.691866" lon="139.702653">
        <name>3:32</name>
      </trkpt>
      <trkpt lat="35.691875" lon="139.702632">
        <name>3:33</name>
      </trkpt>
      <trkpt lat="35.691916" lon="139.702543">
        <name>3:34</name>
      </trkpt>
      <trkpt lat="35.691934" lon="139.702502">
        <name>3:35</name>
      </trkpt>
      <trkpt lat="35.691960" lon="139.702442">
        <name>3:36</name>
      </trkpt>
      <trkpt lat="35.692141" lon="139.702040">
        <name>3:37</name>
      </trkpt>
      <trkpt lat="35.692186" lon="139.701939">
        <name>3:38</name>
      </trkpt>
      <trkpt lat="35.692208" lon="139.701887">
        <name>3:39</name>
      </trkpt>
      <trkpt lat="35.692228" lon="139.701836">
        <name>3:40</name>
      </trkpt>
      <trkpt lat="35.692242" lon="139.701796">
        <name>3:41</name>
      </trkpt>
      <trkpt lat="35.692251" lon="139.701771">
        <name>3:42</name>
      </trkpt>
      <trkpt lat="35.692281" lon="139.701665">
        <name>3:43</name>
      </trkpt>
      <trkpt lat="35.692292" lon="139.701616">
        <name>3:44</name>
      </trkpt>
      <trkpt lat="35.692428" lon="139.700984">
        <name>3:45</name>
      </trkpt>
      <trkpt lat="35.692439" lon="139.700932">
        <name>3:46</name>
      </trkpt>
      <trkpt lat="35.692461" lon="139.700832">
        <name>3:47</name>
      </trkpt>
      <trkpt lat="35.692472" lon="139.700719">
        <name>3:48</name>
      </trkpt>
      <trkpt lat="35.692484" lon="139.700696">
        <name>3:49</name>
      </trkpt>
      <trkpt lat="35.692498" lon="139.700667">
        <name>3:50</name>
      </trkpt>
      <trkpt lat="35.692518" lon="139.700632">
        <name>3:51</name>
      </trkpt>
      <trkpt lat="35.692544" lon="139.700596">
        <name>3:52</name>
      </trkpt>
      <trkpt lat="35.692581" lon="139.700558">
        <name>3:53</name>
      </trkpt>
      <trkpt lat="35.692616" lon="139.700532">
        <name>3:54</name>
      </trkpt>
      <trkpt lat="35.692616" lon="139.700532">
        <name>3:55</name>
      </trkpt>
      <trkpt lat="35.692627" lon="139.700524">
        <name>3:56</name>
      </trkpt>
      <trkpt lat="35.692665" lon="139.700501">
        <name>3:57</name>
      </trkpt>
      <trkpt lat="35.692705" lon="139.700480">
        <name>3:58</name>
      </trkpt>
      <trkpt lat="35.692847" lon="139.700417">
        <name>3:59</name>
      </trkpt>
      <trkpt lat="35.692877" lon="139.700405">
        <name>4:00</name>
      </trkpt>
      <trkpt lat="35.692923" lon="139.700388">
        <name>4:01</name>
      </trkpt>
      <trkpt lat="35.692973" lon="139.700375">
        <name>4:02</name>
      </trkpt>
      <trkpt lat="35.693228" lon="139.700315">
        <name>4:03</name>
      </trkpt>
      <trkpt lat="35.693271" lon="139.700305">
        <name>4:04</name>
      </trkpt>
      <trkpt lat="35.693339" lon="139.700292">
        <name>4:05</name>
      </trkpt>
      <trkpt lat="35.693390" lon="139.700297">
        <name>4:06</name>
      </trkpt>
      <trkpt lat="35.693436" lon="139.700314">
        <name>4:07</name>
      </trkpt>
      <trkpt lat="35.693492" lon="139.700355">
        <name>4:08</name>
      </trkpt>
      <trkpt lat="35.693554" lon="139.700405">
        <name>4:09</name>
      </trkpt>
      <trkpt lat="35.693489" lon="139.700380">
        <name>4:10</name>
      </trkpt>
      <trkpt lat="35.693438" lon="139.700366">
        <name>4:11</name>
      </trkpt>
      <trkpt lat="35.693391" lon="139.700363">
        <name>4:12</name>
      </trkpt>
      <trkpt lat="35.693350" lon="139.700366">
        <name>4:13</name>
      </trkpt>
      <trkpt lat="35.693281" lon="139.700379">
        <name>4:14</name>
      </trkpt>
      <trkpt lat="35.693186" lon="139.700402">
        <name>4:15</name>
      </trkpt>
      <trkpt lat="35.692956" lon="139.700460">
        <name>4:16</name>
      </trkpt>
      <trkpt lat="35.692926" lon="139.700469">
        <name>4:17</name>
      </trkpt>
      <trkpt lat="35.692898" lon="139.700478">
        <name>4:18</name>
      </trkpt>
      <trkpt lat="35.692866" lon="139.700489">
        <name>4:19</name>
      </trkpt>
      <trkpt lat="35.692758" lon="139.700539">
        <name>4:20</name>
      </trkpt>
      <trkpt lat="35.692718" lon="139.700557">
        <name>4:21</name>
      </trkpt>
      <trkpt lat="35.692681" lon="139.700577">
        <name>4:22</name>
      </trkpt>
      <trkpt lat="35.692645" lon="139.700600">
        <name>4:23</name>
      </trkpt>
      <trkpt lat="35.692612" lon="139.700629">
        <name>4:24</name>
      </trkpt>
      <trkpt lat="35.692586" lon="139.700657">
        <name>4:25</name>
      </trkpt>
      <trkpt lat="35.692562" lon="139.700686">
        <name>4:26</name>
      </trkpt>
      <trkpt lat="35.692549" lon="139.700707">
        <name>4:27</name>
      </trkpt>
      <trkpt lat="35.692539" lon="139.700727">
        <name>4:28</name>
      </trkpt>
      <trkpt lat="35.692527" lon="139.700752">
        <name>4:29</name>
      </trkpt>
      <trkpt lat="35.692461" lon="139.700832">
        <name>4:30</name>
      </trkpt>
      <trkpt lat="35.692439" lon="139.700932">
        <name>4:31</name>
      </trkpt>
      <trkpt lat="35.692428" lon="139.700984">
        <name>4:32</name>
      </trkpt>
      <trkpt lat="35.692292" lon="139.701616">
        <name>4:33</name>
      </trkpt>
      <trkpt lat="35.692281" lon="139.701665">
        <name>4:34</name>
      </trkpt>
      <trkpt lat="35.692251" lon="139.701771">
        <name>4:35</name>
      </trkpt>
      <trkpt lat="35.692242" lon="139.701796">
        <name>4:36</name>
      </trkpt>
      <trkpt lat="35.692228" lon="139.701836">
        <name>4:37</name>
      </trkpt>
      <trkpt lat="35.692208" lon="139.701887">
        <name>4:38</name>
      </trkpt>
      <trkpt lat="35.692186" lon="139.701939">
        <name>4:39</name>
      </trkpt>
      <trkpt lat="35.692184" lon="139.701943">
        <name>4:40</name>
      </trkpt>
      <trkpt lat="35.692184" lon="139.701943">
        <name>4:41</name>
      </trkpt>
      <trkpt lat="35.692186" lon="139.701939">
        <name>4:42</name>
      </trkpt>
      <trkpt lat="35.692208" lon="139.701887">
        <name>4:43</name>
      </trkpt>
      <trkpt lat="35.692228" lon="139.701836">
        <name>4:44</name>
      </trkpt>
      <trkpt lat="35.692242" lon="139.701796">
        <name>4:45</name>
      </trkpt>
      <trkpt lat="35.692251" lon="139.701771">
        <name>4:46</name>
      </trkpt>
      <trkpt lat="35.692281" lon="139.701665">
        <name>4:47</name>
      </trkpt>
      <trkpt lat="35.692292" lon="139.701616">
        <name>4:48</name>
      </trkpt>
      <trkpt lat="35.692428" lon="139.700984">
        <name>4:49</name>
      </trkpt>
      <trkpt lat="35.692439" lon="139.700932">
        <name>4:50</name>
      </trkpt>
      <trkpt lat="35.692461" lon="139.700832">
        <name>4:51</name>
      </trkpt>
      <trkpt lat="35.692472" lon="139.700719">
        <name>4:52</name>
      </trkpt>
      <trkpt lat="35.692484" lon="139.700696">
        <name>4:53</name>
      </trkpt>
      <trkpt lat="35.692498" lon="139.700667">
        <name>4:54</name>
      </trkpt>
      <trkpt lat="35.692518" lon="139.700632">
        <name>4:55</name>
      </trkpt>
      <trkpt lat="35.692544" lon="139.700596">
        <name>4:56</name>
      </trkpt>
      <trkpt lat="35.692581" lon="139.700558">
        <name>4:57</name>
      </trkpt>
      <trkpt lat="35.692627" lon="139.700524">
        <name>4:58</name>
      </trkpt>
      <trkpt lat="35.692665" lon="139.700501">
        <name>4:59</name>
      </trkpt>
      <trkpt lat="35.692705" lon="139.700480">
        <name>5:00</name>
      </trkpt>
      <trkpt lat="35.692847" lon="139.700417">
        <name>5:01</name>
      </trkpt>
      <trkpt lat="35.692877" lon="139.700405">
        <name>5:02</name>
      </trkpt>
      <trkpt lat="35.692923" lon="139.700388">
        <name>5:03</name>
      </trkpt>
      <trkpt lat="35.692973" lon="139.700375">
        <name>5:04</name>
      </trkpt>
      <trkpt lat="35.693228" lon="139.700315">
        <name>5:05</name>
      </trkpt>
      <trkpt lat="35.693271" lon="139.700305">
        <name>5:06</name>
      </trkpt>
      <trkpt lat="35.693339" lon="139.700292">
        <name>5:07</name>
      </trkpt>
      <trkpt lat="35.693390" lon="139.700297">
        <name>5:08</name>
      </trkpt>
      <trkpt lat="35.693436" lon="139.700314">
        <name>5:09</name>
      </trkpt>
      <trkpt lat="35.693492" lon="139.700355">
        <name>5:10</name>
      </trkpt>
      <trkpt lat="35.693554" lon="139.700405">
        <name>5:11</name>
      </trkpt>
      <trkpt lat="35.693543" lon="139.700276">
        <name>5:12</name>
      </trkpt>
      <trkpt lat="35.693536" lon="139.700152">
        <name>5:13</name>
      </trkpt>
      <trkpt lat="35.693591" lon="139.699516">
        <name>5:14</name>
      </trkpt>
      <trkpt lat="35.693591" lon="139.699378">
        <name>5:15</name>
      </trkpt>
      <trkpt lat="35.693573" lon="139.699130">
        <name>5:16</name>
      </trkpt>
      <trkpt lat="35.693562" lon="139.698948">
        <name>5:17</name>
      </trkpt>
      <trkpt lat="35.693535" lon="139.698505">
        <name>5:18</name>
      </trkpt>
      <trkpt lat="35.693517" lon="139.698127">
        <name>5:19</name>
      </trkpt>
      <trkpt lat="35.693495" lon="139.698017">
        <name>5:20</name>
      </trkpt>
      <trkpt lat="35.693463" lon="139.697897">
        <name>5:21</name>
      </trkpt>
      <trkpt lat="35.693401" lon="139.697710">
        <name>5:22</name>
      </trkpt>
      <trkpt lat="35.693344" lon="139.697560">
        <name>5:23</name>
      </trkpt>
      <trkpt lat="35.693226" lon="139.697297">
        <name>5:24</name>
      </trkpt>
      <trkpt lat="35.693161" lon="139.697170">
        <name>5:25</name>
      </trkpt>
      <trkpt lat="35.693089" lon="139.697092">
        <name>5:26</name>
      </trkpt>
      <trkpt lat="35.693043" lon="139.697054">
        <name>5:27</name>
      </trkpt>
      <trkpt lat="35.692975" lon="139.697017">
        <name>5:28</name>
      </trkpt>
      <trkpt lat="35.692853" lon="139.696972">
        <name>5:29</name>
      </trkpt>
      <trkpt lat="35.692581" lon="139.696868">
        <name>5:30</name>
      </trkpt>
      <trkpt lat="35.692474" lon="139.696765">
        <name>5:31</name>
      </trkpt>
      <trkpt lat="35.692174" lon="139.696655">
        <name>5:32</name>
      </trkpt>
      <trkpt lat="35.692112" lon="139.696632">
        <name>5:33</name>
      </trkpt>
      <trkpt lat="35.691976" lon="139.696582">
        <name>5:34</name>
      </trkpt>
      <trkpt lat="35.691838" lon="139.696531">
        <name>5:35</name>
      </trkpt>
      <trkpt lat="35.691763" lon="139.696505">
        <name>5:36</name>
      </trkpt>
      <trkpt lat="35.691519" lon="139.696419">
        <name>5:37</name>
      </trkpt>
      <trkpt lat="35.691519" lon="139.696419">
        <name>5:38</name>
      </trkpt>
      <trkpt lat="35.691763" lon="139.696505">
        <name>5:39</name>
      </trkpt>
      <trkpt lat="35.691838" lon="139.696531">
        <name>5:40</name>
      </trkpt>
      <trkpt lat="35.691976" lon="139.696582">
        <name>5:41</name>
      </trkpt>
      <trkpt lat="35.692112" lon="139.696632">
        <name>5:42</name>
      </trkpt>
      <trkpt lat="35.692174" lon="139.696655">
        <name>5:43</name>
      </trkpt>
      <trkpt lat="35.692474" lon="139.696765">
        <name>5:44</name>
      </trkpt>
      <trkpt lat="35.692601" lon="139.696773">
        <name>5:45</name>
      </trkpt>
      <trkpt lat="35.692983" lon="139.696913">
        <name>5:46</name>
      </trkpt>
      <trkpt lat="35.693078" lon="139.696957">
        <name>5:47</name>
      </trkpt>
      <trkpt lat="35.693131" lon="139.696996">
        <name>5:48</name>
      </trkpt>
      <trkpt lat="35.693205" lon="139.697057">
        <name>5:49</name>
      </trkpt>
      <trkpt lat="35.693266" lon="139.697140">
        <name>5:50</name>
      </trkpt>
      <trkpt lat="35.693332" lon="139.697251">
        <name>5:51</name>
      </trkpt>
      <trkpt lat="35.693468" lon="139.697553">
        <name>5:52</name>
      </trkpt>
      <trkpt lat="35.693545" lon="139.697780">
        <name>5:53</name>
      </trkpt>
      <trkpt lat="35.693634" lon="139.698088">
        <name>5:54</name>
      </trkpt>
      <trkpt lat="35.693665" lon="139.698574">
        <name>5:55</name>
      </trkpt>
      <trkpt lat="35.693683" lon="139.698858">
        <name>5:56</name>
      </trkpt>
      <trkpt lat="35.693687" lon="139.698930">
        <name>5:57</name>
      </trkpt>
      <trkpt lat="35.693700" lon="139.699098">
        <name>5:58</name>
      </trkpt>
      <trkpt lat="35.693718" lon="139.699361">
        <name>5:59</name>
      </trkpt>
      <trkpt lat="35.693727" lon="139.699483">
        <name>6:00</name>
      </trkpt>
      <trkpt lat="35.693787" lon="139.700347">
        <name>6:01</name>
      </trkpt>
      <trkpt lat="35.693802" lon="139.700574">
        <name>6:02</name>
      </trkpt>
      <trkpt lat="35.693803" lon="139.700668">
        <name>6:03</name>
      </trkpt>
      <trkpt lat="35.693796" lon="139.700727">
        <name>6:04</name>
      </trkpt>
      <trkpt lat="35.693765" lon="139.700870">
        <name>6:05</name>
      </trkpt>
      <trkpt lat="35.693751" lon="139.700932">
        <name>6:06</name>
      </trkpt>
      <trkpt lat="35.693739" lon="139.700988">
        <name>6:07</name>
      </trkpt>
      <trkpt lat="35.693670" lon="139.701285">
        <name>6:08</name>
      </trkpt>
      <trkpt lat="35.693652" lon="139.701365">
        <name>6:09</name>
      </trkpt>
      <trkpt lat="35.693624" lon="139.701489">
        <name>6:10</name>
      </trkpt>
      <trkpt lat="35.693615" lon="139.701532">
        <name>6:11</name>
      </trkpt>
      <trkpt lat="35.693466" lon="139.702213">
        <name>6:12</name>
      </trkpt>
      <trkpt lat="35.693447" lon="139.702298">
        <name>6:13</name>
      </trkpt>
      <trkpt lat="35.693431" lon="139.702368">
        <name>6:14</name>
      </trkpt>
      <trkpt lat="35.693334" lon="139.702804">
        <name>6:15</name>
      </trkpt>
      <trkpt lat="35.693193" lon="139.703294">
        <name>6:16</name>
      </trkpt>
      <trkpt lat="35.693174" lon="139.703362">
        <name>6:17</name>
      </trkpt>
      <trkpt lat="35.693141" lon="139.703482">
        <name>6:18</name>
      </trkpt>
      <trkpt lat="35.693072" lon="139.703731">
        <name>6:19</name>
      </trkpt>
      <trkpt lat="35.692837" lon="139.704588">
        <name>6:20</name>
      </trkpt>
      <trkpt lat="35.692920" lon="139.704624">
        <name>6:21</name>
      </trkpt>
      <trkpt lat="35.692960" lon="139.704641">
        <name>6:22</name>
      </trkpt>
      <trkpt lat="35.692960" lon="139.704641">
        <name>6:23</name>
      </trkpt>
      <trkpt lat="35.692960" lon="139.704641">
        <name>6:24</name>
      </trkpt>
      <trkpt lat="35.692960" lon="139.704641">
        <name>6:25</name>
      </trkpt>
      <trkpt lat="35.692960" lon="139.704641">
        <name>6:26</name>
      </trkpt>
      <trkpt lat="35.692960" lon="139.704641">
        <name>6:27</name>
      </trkpt>
      <trkpt lat="35.692960" lon="139.704641">
        <name>6:28</name>
      </trkpt>
      <trkpt lat="35.692960" lon="139.704641">
        <name>6:29</name>
      </trkpt>
      <trkpt lat="35.692962" lon="139.704642">
        <name>6:30</name>
      </trkpt>
      <trkpt lat="35.693381" lon="139.704824">
        <name>6:31</name>
      </trkpt>
      <trkpt lat="35.693471" lon="139.704850">
        <name>6:32</name>
      </trkpt>
      <trkpt lat="35.693535" lon="139.704877">
        <name>6:33</name>
      </trkpt>
      <trkpt lat="35.693586" lon="139.704716">
        <name>6:34</name>
      </trkpt>
      <trkpt lat="35.693625" lon="139.704592">
        <name>6:35</name>
      </trkpt>
      <trkpt lat="35.693664" lon="139.704467">
        <name>6:36</name>
      </trkpt>
      <trkpt lat="35.693703" lon="139.704344">
        <name>6:37</name>
      </trkpt>
      <trkpt lat="35.693736" lon="139.704240">
        <name>6:38</name>
      </trkpt>
      <trkpt lat="35.693742" lon="139.704220">
        <name>6:39</name>
      </trkpt>
      <trkpt lat="35.693778" lon="139.704219">
        <name>6:40</name>
      </trkpt>
      <trkpt lat="35.693797" lon="139.704219">
        <name>6:41</name>
      </trkpt>
      <trkpt lat="35.693881" lon="139.703895">
        <name>6:42</name>
      </trkpt>
      <trkpt lat="35.693897" lon="139.703832">
        <name>6:43</name>
      </trkpt>
      <trkpt lat="35.694197" lon="139.703962">
        <name>6:44</name>
      </trkpt>
      <trkpt lat="35.694863" lon="139.704266">
        <name>6:45</name>
      </trkpt>
      <trkpt lat="35.694973" lon="139.704310">
        <name>6:46</name>
      </trkpt>
      <trkpt lat="35.694975" lon="139.704217">
        <name>6:47</name>
      </trkpt>
      <trkpt lat="35.695011" lon="139.704058">
        <name>6:48</name>
      </trkpt>
      <trkpt lat="35.695038" lon="139.703944">
        <name>6:49</name>
      </trkpt>
      <trkpt lat="35.695098" lon="139.703687">
        <name>6:50</name>
      </trkpt>
      <trkpt lat="35.695124" lon="139.703577">
        <name>6:51</name>
      </trkpt>
      <trkpt lat="35.695166" lon="139.703407">
        <name>6:52</name>
      </trkpt>
      <trkpt lat="35.695183" lon="139.703364">
        <name>6:53</name>
      </trkpt>
      <trkpt lat="35.695220" lon="139.703375">
        <name>6:54</name>
      </trkpt>
      <trkpt lat="35.695290" lon="139.703395">
        <name>6:55</name>
      </trkpt>
      <trkpt lat="35.695490" lon="139.703453">
        <name>6:56</name>
      </trkpt>
      <trkpt lat="35.695490" lon="139.703453">
        <name>6:57</name>
      </trkpt>
      <trkpt lat="35.695640" lon="139.703496">
        <name>6:58</name>
      </trkpt>
      <trkpt lat="35.695961" lon="139.703571">
        <name>6:59</name>
      </trkpt>
      <trkpt lat="35.695845" lon="139.704202">
        <name>7:00</name>
      </trkpt>
      <trkpt lat="35.695797" lon="139.704458">
        <name>7:01</name>
      </trkpt>
      <trkpt lat="35.695785" lon="139.704525">
        <name>7:02</name>
      </trkpt>
      <trkpt lat="35.695037" lon="139.704332">
        <name>7:03</name>
      </trkpt>
      <trkpt lat="35.694973" lon="139.704310">
        <name>7:04</name>
      </trkpt>
      <trkpt lat="35.694863" lon="139.704266">
        <name>7:05</name>
      </trkpt>
      <trkpt lat="35.694197" lon="139.703962">
        <name>7:06</name>
      </trkpt>
      <trkpt lat="35.693897" lon="139.703832">
        <name>7:07</name>
      </trkpt>
      <trkpt lat="35.693750" lon="139.703764">
        <name>7:08</name>
      </trkpt>
      <trkpt lat="35.693750" lon="139.703764">
        <name>7:09</name>
      </trkpt>
      <trkpt lat="35.693750" lon="139.703764">
        <name>7:10</name>
      </trkpt>
      <trkpt lat="35.693750" lon="139.703764">
        <name>7:11</name>
      </trkpt>
      <trkpt lat="35.693750" lon="139.703764">
        <name>7:12</name>
      </trkpt>
      <trkpt lat="35.693750" lon="139.703764">
        <name>7:13</name>
      </trkpt>
      <trkpt lat="35.693897" lon="139.703832">
        <name>7:14</name>
      </trkpt>
      <trkpt lat="35.694197" lon="139.703962">
        <name>7:15</name>
      </trkpt>
      <trkpt lat="35.694214" lon="139.703900">
        <name>7:16</name>
      </trkpt>
      <trkpt lat="35.694298" lon="139.703582">
        <name>7:17</name>
      </trkpt>
      <trkpt lat="35.694365" lon="139.703324">
        <name>7:18</name>
      </trkpt>
      <trkpt lat="35.694470" lon="139.703376">
        <name>7:19</name>
      </trkpt>
      <trkpt lat="35.694515" lon="139.703190">
        <name>7:20</name>
      </trkpt>
      <trkpt lat="35.694521" lon="139.703164">
        <name>7:21</name>
      </trkpt>
      <trkpt lat="35.694596" lon="139.702853">
        <name>7:22</name>
      </trkpt>
      <trkpt lat="35.694178" lon="139.702647">
        <name>7:23</name>
      </trkpt>
      <trkpt lat="35.693891" lon="139.702509">
        <name>7:24</name>
      </trkpt>
      <trkpt lat="35.693583" lon="139.702358">
        <name>7:25</name>
      </trkpt>
      <trkpt lat="35.693578" lon="139.702356">
        <name>7:26</name>
      </trkpt>
      <trkpt lat="35.693541" lon="139.702337">
        <name>7:27</name>
      </trkpt>
      <trkpt lat="35.693447" lon="139.702298">
        <name>7:28</name>
      </trkpt>
      <trkpt lat="35.693431" lon="139.702368">
        <name>7:29</name>
      </trkpt>
      <trkpt lat="35.693334" lon="139.702804">
        <name>7:30</name>
      </trkpt>
      <trkpt lat="35.693424" lon="139.702848">
        <name>7:31</name>
      </trkpt>
      <trkpt lat="35.693446" lon="139.702853">
        <name>7:32</name>
      </trkpt>
      <trkpt lat="35.693463" lon="139.702862">
        <name>7:33</name>
      </trkpt>
      <trkpt lat="35.693646" lon="139.702953">
        <name>7:34</name>
      </trkpt>
      <trkpt lat="35.693554" lon="139.703301">
        <name>7:35</name>
      </trkpt>
      <trkpt lat="35.693554" lon="139.703301">
        <name>7:36</name>
      </trkpt>
      <trkpt lat="35.693498" lon="139.703511">
        <name>7:37</name>
      </trkpt>
      <trkpt lat="35.693484" lon="139.703557">
        <name>7:38</name>
      </trkpt>
      <trkpt lat="35.693462" lon="139.703629">
        <name>7:39</name>
      </trkpt>
      <trkpt lat="35.693315" lon="139.703561">
        <name>7:40</name>
      </trkpt>
      <trkpt lat="35.693246" lon="139.703529">
        <name>7:41</name>
      </trkpt>
      <trkpt lat="35.693141" lon="139.703482">
        <name>7:42</name>
      </trkpt>
      <trkpt lat="35.693072" lon="139.703731">
        <name>7:43</name>
      </trkpt>
      <trkpt lat="35.692837" lon="139.704588">
        <name>7:44</name>
      </trkpt>
      <trkpt lat="35.692597" lon="139.705493">
        <name>7:45</name>
      </trkpt>
      <trkpt lat="35.692587" lon="139.705528">
        <name>7:46</name>
      </trkpt>
      <trkpt lat="35.692577" lon="139.705567">
        <name>7:47</name>
      </trkpt>
      <trkpt lat="35.692565" lon="139.705611">
        <name>7:48</name>
      </trkpt>
      <trkpt lat="35.692510" lon="139.705818">
        <name>7:49</name>
      </trkpt>
      <trkpt lat="35.692490" lon="139.705892">
        <name>7:50</name>
      </trkpt>
      <trkpt lat="35.692461" lon="139.706019">
        <name>7:51</name>
      </trkpt>
      <trkpt lat="35.692319" lon="139.706518">
        <name>7:52</name>
      </trkpt>
      <trkpt lat="35.692289" lon="139.706621">
        <name>7:53</name>
      </trkpt>
      <trkpt lat="35.692257" lon="139.706735">
        <name>7:54</name>
      </trkpt>
      <trkpt lat="35.692202" lon="139.706925">
        <name>7:55</name>
      </trkpt>
      <trkpt lat="35.692155" lon="139.707086">
        <name>7:56</name>
      </trkpt>
      <trkpt lat="35.692028" lon="139.707099">
        <name>7:57</name>
      </trkpt>
      <trkpt lat="35.692067" lon="139.706943">
        <name>7:58</name>
      </trkpt>
      <trkpt lat="35.692117" lon="139.706759">
        <name>7:59</name>
      </trkpt>
      <trkpt lat="35.692190" lon="139.706497">
        <name>8:00</name>
      </trkpt>
      <trkpt lat="35.692271" lon="139.706206">
        <name>8:01</name>
      </trkpt>
      <trkpt lat="35.692323" lon="139.706019">
        <name>8:02</name>
      </trkpt>
      <trkpt lat="35.692338" lon="139.705962">
        <name>8:03</name>
      </trkpt>
      <trkpt lat="35.692351" lon="139.705914">
        <name>8:04</name>
      </trkpt>
      <trkpt lat="35.692371" lon="139.705823">
        <name>8:05</name>
      </trkpt>
      <trkpt lat="35.692388" lon="139.705747">
        <name>8:06</name>
      </trkpt>
      <trkpt lat="35.692430" lon="139.705557">
        <name>8:07</name>
      </trkpt>
      <trkpt lat="35.692441" lon="139.705516">
        <name>8:08</name>
      </trkpt>
      <trkpt lat="35.692452" lon="139.705473">
        <name>8:09</name>
      </trkpt>
      <trkpt lat="35.692534" lon="139.705160">
        <name>8:10</name>
      </trkpt>
      <trkpt lat="35.692708" lon="139.704533">
        <name>8:11</name>
      </trkpt>
      <trkpt lat="35.692620" lon="139.704483">
        <name>8:12</name>
      </trkpt>
      <trkpt lat="35.692360" lon="139.704334">
        <name>8:13</name>
      </trkpt>
      <trkpt lat="35.692326" lon="139.704315">
        <name>8:14</name>
      </trkpt>
      <trkpt lat="35.692278" lon="139.704289">
        <name>8:15</name>
      </trkpt>
      <trkpt lat="35.692237" lon="139.704450">
        <name>8:16</name>
      </trkpt>
      <trkpt lat="35.692163" lon="139.704738">
        <name>8:17</name>
      </trkpt>
      <trkpt lat="35.692144" lon="139.704809">
        <name>8:18</name>
      </trkpt>
      <trkpt lat="35.692118" lon="139.704912">
        <name>8:19</name>
      </trkpt>
      <trkpt lat="35.692045" lon="139.705079">
        <name>8:20</name>
      </trkpt>
      <trkpt lat="35.692045" lon="139.705079">
        <name>8:21</name>
      </trkpt>
      <trkpt lat="35.692038" lon="139.705095">
        <name>8:22</name>
      </trkpt>
      <trkpt lat="35.692038" lon="139.705095">
        <name>8:23</name>
      </trkpt>
      <trkpt lat="35.692031" lon="139.705110">
        <name>8:24</name>
      </trkpt>
      <trkpt lat="35.692031" lon="139.705110">
        <name>8:25</name>
      </trkpt>
      <trkpt lat="35.692024" lon="139.705126">
        <name>8:26</name>
      </trkpt>
      <trkpt lat="35.692024" lon="139.705126">
        <name>8:27</name>
      </trkpt>
      <trkpt lat="35.692017" lon="139.705142">
        <name>8:28</name>
      </trkpt>
      <trkpt lat="35.692017" lon="139.705142">
        <name>8:29</name>
      </trkpt>
      <trkpt lat="35.692010" lon="139.705158">
        <name>8:30</name>
      </trkpt>
      <trkpt lat="35.692010" lon="139.705158">
        <name>8:31</name>
      </trkpt>
      <trkpt lat="35.691935" lon="139.705328">
        <name>8:32</name>
      </trkpt>
      <trkpt lat="35.691915" lon="139.705373">
        <name>8:33</name>
      </trkpt>
      <trkpt lat="35.691872" lon="139.705440">
        <name>8:34</name>
      </trkpt>
      <trkpt lat="35.691832" lon="139.705503">
        <name>8:35</name>
      </trkpt>
      <trkpt lat="35.691769" lon="139.705465">
        <name>8:36</name>
      </trkpt>
      <trkpt lat="35.691498" lon="139.705306">
        <name>8:37</name>
      </trkpt>
      <trkpt lat="35.691326" lon="139.705192">
        <name>8:38</name>
      </trkpt>
      <trkpt lat="35.691188" lon="139.705110">
        <name>8:39</name>
      </trkpt>
      <trkpt lat="35.691024" lon="139.705014">
        <name>8:40</name>
      </trkpt>
      <trkpt lat="35.690851" lon="139.704908">
        <name>8:41</name>
      </trkpt>
      <trkpt lat="35.690884" lon="139.704836">
        <name>8:42</name>
      </trkpt>
      <trkpt lat="35.691052" lon="139.704943">
        <name>8:43</name>
      </trkpt>
      <trkpt lat="35.691354" lon="139.705119">
        <name>8:44</name>
      </trkpt>
      <trkpt lat="35.691536" lon="139.705241">
        <name>8:45</name>
      </trkpt>
      <trkpt lat="35.691626" lon="139.705294">
        <name>8:46</name>
      </trkpt>
      <trkpt lat="35.691626" lon="139.705294">
        <name>8:47</name>
      </trkpt>
      <trkpt lat="35.691766" lon="139.705377">
        <name>8:48</name>
      </trkpt>
      <trkpt lat="35.691810" lon="139.705402">
        <name>8:49</name>
      </trkpt>
      <trkpt lat="35.691872" lon="139.705440">
        <name>8:50</name>
      </trkpt>
      <trkpt lat="35.692197" lon="139.705635">
        <name>8:51</name>
      </trkpt>
      <trkpt lat="35.692245" lon="139.705663">
        <name>8:52</name>
      </trkpt>
      <trkpt lat="35.692388" lon="139.705747">
        <name>8:53</name>
      </trkpt>
      <trkpt lat="35.692430" lon="139.705557">
        <name>8:54</name>
      </trkpt>
      <trkpt lat="35.692441" lon="139.705516">
        <name>8:55</name>
      </trkpt>
      <trkpt lat="35.692452" lon="139.705473">
        <name>8:56</name>
      </trkpt>
      <trkpt lat="35.692534" lon="139.705160">
        <name>8:57</name>
      </trkpt>
      <trkpt lat="35.692708" lon="139.704533">
        <name>8:58</name>
      </trkpt>
      <trkpt lat="35.692778" lon="139.704288">
        <name>8:59</name>
      </trkpt>
      <trkpt lat="35.692836" lon="139.704078">
        <name>9:00</name>
      </trkpt>
      <trkpt lat="35.692931" lon="139.703745">
        <name>9:01</name>
      </trkpt>
      <trkpt lat="35.692950" lon="139.703680">
        <name>9:02</name>
      </trkpt>
      <trkpt lat="35.692997" lon="139.703512">
        <name>9:03</name>
      </trkpt>
      <trkpt lat="35.693021" lon="139.703427">
        <name>9:04</name>
      </trkpt>
      <trkpt lat="35.693054" lon="139.703311">
        <name>9:05</name>
      </trkpt>
      <trkpt lat="35.693066" lon="139.703265">
        <name>9:06</name>
      </trkpt>
      <trkpt lat="35.693196" lon="139.702808">
        <name>9:07</name>
      </trkpt>
      <trkpt lat="35.693224" lon="139.702686">
        <name>9:08</name>
      </trkpt>
      <trkpt lat="35.693290" lon="139.702404">
        <name>9:09</name>
      </trkpt>
      <trkpt lat="35.693308" lon="139.702326">
        <name>9:10</name>
      </trkpt>
      <trkpt lat="35.693326" lon="139.702246">
        <name>9:11</name>
      </trkpt>
      <trkpt lat="35.693453" lon="139.701673">
        <name>9:12</name>
      </trkpt>
      <trkpt lat="35.693395" lon="139.701652">
        <name>9:13</name>
      </trkpt>
      <trkpt lat="35.693348" lon="139.701635">
        <name>9:14</name>
      </trkpt>
      <trkpt lat="35.693337" lon="139.701629">
        <name>9:15</name>
      </trkpt>
      <trkpt lat="35.692993" lon="139.701442">
        <name>9:16</name>
      </trkpt>
      <trkpt lat="35.692960" lon="139.701425">
        <name>9:17</name>
      </trkpt>
      <trkpt lat="35.692847" lon="139.701947">
        <name>9:18</name>
      </trkpt>
      <trkpt lat="35.692825" lon="139.702008">
        <name>9:19</name>
      </trkpt>
      <trkpt lat="35.692792" lon="139.702085">
        <name>9:20</name>
      </trkpt>
      <trkpt lat="35.692736" lon="139.702218">
        <name>9:21</name>
      </trkpt>
      <trkpt lat="35.692729" lon="139.702237">
        <name>9:22</name>
      </trkpt>
      <trkpt lat="35.692715" lon="139.702273">
        <name>9:23</name>
      </trkpt>
      <trkpt lat="35.692681" lon="139.702364">
        <name>9:24</name>
      </trkpt>
      <trkpt lat="35.692645" lon="139.702459">
        <name>9:25</name>
      </trkpt>
      <trkpt lat="35.692633" lon="139.702491">
        <name>9:26</name>
      </trkpt>
      <trkpt lat="35.692626" lon="139.702509">
        <name>9:27</name>
      </trkpt>
      <trkpt lat="35.692511" lon="139.702785">
        <name>9:28</name>
      </trkpt>
      <trkpt lat="35.692499" lon="139.702815">
        <name>9:29</name>
      </trkpt>
      <trkpt lat="35.692492" lon="139.702830">
        <name>9:30</name>
      </trkpt>
      <trkpt lat="35.692467" lon="139.702891">
        <name>9:31</name>
      </trkpt>
      <trkpt lat="35.692467" lon="139.702891">
        <name>9:32</name>
      </trkpt>
      <trkpt lat="35.692467" lon="139.702891">
        <name>9:33</name>
      </trkpt>
      <trkpt lat="35.692467" lon="139.702891">
        <name>9:34</name>
      </trkpt>
      <trkpt lat="35.692492" lon="139.702830">
        <name>9:35</name>
      </trkpt>
      <trkpt lat="35.692499" lon="139.702815">
        <name>9:36</name>
      </trkpt>
      <trkpt lat="35.692511" lon="139.702785">
        <name>9:37</name>
      </trkpt>
      <trkpt lat="35.692626" lon="139.702509">
        <name>9:38</name>
      </trkpt>
      <trkpt lat="35.692633" lon="139.702491">
        <name>9:39</name>
      </trkpt>
      <trkpt lat="35.692645" lon="139.702459">
        <name>9:40</name>
      </trkpt>
      <trkpt lat="35.692681" lon="139.702364">
        <name>9:41</name>
      </trkpt>
      <trkpt lat="35.692715" lon="139.702273">
        <name>9:42</name>
      </trkpt>
      <trkpt lat="35.692729" lon="139.702237">
        <name>9:43</name>
      </trkpt>
      <trkpt lat="35.692736" lon="139.702218">
        <name>9:44</name>
      </trkpt>
      <trkpt lat="35.692792" lon="139.702085">
        <name>9:45</name>
      </trkpt>
      <trkpt lat="35.692825" lon="139.702008">
        <name>9:46</name>
      </trkpt>
      <trkpt lat="35.692847" lon="139.701947">
        <name>9:47</name>
      </trkpt>
      <trkpt lat="35.692960" lon="139.701425">
        <name>9:48</name>
      </trkpt>
      <trkpt lat="35.693010" lon="139.701196">
        <name>9:49</name>
      </trkpt>
      <trkpt lat="35.693016" lon="139.701171">
        <name>9:50</name>
      </trkpt>
      <trkpt lat="35.693029" lon="139.701111">
        <name>9:51</name>
      </trkpt>
      <trkpt lat="35.693006" lon="139.701060">
        <name>9:52</name>
      </trkpt>
      <trkpt lat="35.692845" lon="139.700971">
        <name>9:53</name>
      </trkpt>
      <trkpt lat="35.692609" lon="139.700841">
        <name>9:54</name>
      </trkpt>
      <trkpt lat="35.692587" lon="139.700847">
        <name>9:55</name>
      </trkpt>
      <trkpt lat="35.692562" lon="139.700854">
        <name>9:56</name>
      </trkpt>
      <trkpt lat="35.692461" lon="139.700832">
        <name>9:57</name>
      </trkpt>
      <trkpt lat="35.692439" lon="139.700932">
        <name>9:58</name>
      </trkpt>
      <trkpt lat="35.692428" lon="139.700984">
        <name>9:59</name>
      </trkpt>
      <trkpt lat="35.692292" lon="139.701616">
        <name>10:00</name>
      </trkpt>
      <trkpt lat="35.692281" lon="139.701665">
        <name>10:01</name>
      </trkpt>
      <trkpt lat="35.692251" lon="139.701771">
        <name>10:02</name>
      </trkpt>
      <trkpt lat="35.692242" lon="139.701796">
        <name>10:03</name>
      </trkpt>
      <trkpt lat="35.692228" lon="139.701836">
        <name>10:04</name>
      </trkpt>
      <trkpt lat="35.692208" lon="139.701887">
        <name>10:05</name>
      </trkpt>
      <trkpt lat="35.692186" lon="139.701939">
        <name>10:06</name>
      </trkpt>
      <trkpt lat="35.692141" lon="139.702040">
        <name>10:07</name>
      </trkpt>
      <trkpt lat="35.691960" lon="139.702442">
        <name>10:08</name>
      </trkpt>
      <trkpt lat="35.691934" lon="139.702502">
        <name>10:09</name>
      </trkpt>
      <trkpt lat="35.691916" lon="139.702543">
        <name>10:10</name>
      </trkpt>
      <trkpt lat="35.691875" lon="139.702632">
        <name>10:11</name>
      </trkpt>
      <trkpt lat="35.691866" lon="139.702653">
        <name>10:12</name>
      </trkpt>
      <trkpt lat="35.691857" lon="139.702672">
        <name>10:13</name>
      </trkpt>
      <trkpt lat="35.691822" lon="139.702750">
        <name>10:14</name>
      </trkpt>
      <trkpt lat="35.691796" lon="139.702809">
        <name>10:15</name>
      </trkpt>
      <trkpt lat="35.691538" lon="139.703382">
        <name>10:16</name>
      </trkpt>
      <trkpt lat="35.691475" lon="139.703523">
        <name>10:17</name>
      </trkpt>
      <trkpt lat="35.691429" lon="139.703625">
        <name>10:18</name>
      </trkpt>
      <trkpt lat="35.691407" lon="139.703673">
        <name>10:19</name>
      </trkpt>
      <trkpt lat="35.691397" lon="139.703697">
        <name>10:20</name>
      </trkpt>
      <trkpt lat="35.691376" lon="139.703743">
        <name>10:21</name>
      </trkpt>
      <trkpt lat="35.691328" lon="139.703851">
        <name>10:22</name>
      </trkpt>
      <trkpt lat="35.690953" lon="139.704688">
        <name>10:23</name>
      </trkpt>
      <trkpt lat="35.690884" lon="139.704836">
        <name>10:24</name>
      </trkpt>
      <trkpt lat="35.690851" lon="139.704908">
        <name>10:25</name>
      </trkpt>
      <trkpt lat="35.690708" lon="139.704813">
        <name>10:26</name>
      </trkpt>
      <trkpt lat="35.690504" lon="139.704680">
        <name>10:27</name>
      </trkpt>
      <trkpt lat="35.690291" lon="139.704530">
        <name>10:28</name>
      </trkpt>
      <trkpt lat="35.690095" lon="139.704398">
        <name>10:29</name>
      </trkpt>
      <trkpt lat="35.690001" lon="139.704335">
        <name>10:30</name>
      </trkpt>
      <trkpt lat="35.689838" lon="139.704233">
        <name>10:31</name>
      </trkpt>
      <trkpt lat="35.689711" lon="139.704152">
        <name>10:32</name>
      </trkpt>
      <trkpt lat="35.689599" lon="139.704076">
        <name>10:33</name>
      </trkpt>
      <trkpt lat="35.688642" lon="139.703423">
        <name>10:34</name>
      </trkpt>
      <trkpt lat="35.688105" lon="139.703056">
        <name>10:35</name>
      </trkpt>
      <trkpt lat="35.688029" lon="139.702998">
        <name>10:36</name>
      </trkpt>
      <trkpt lat="35.687994" lon="139.702972">
        <name>10:37</name>
      </trkpt>
      <trkpt lat="35.687956" lon="139.702952">
        <name>10:38</name>
      </trkpt>
      <trkpt lat="35.687913" lon="139.702938">
        <name>10:39</name>
      </trkpt>
      <trkpt lat="35.687869" lon="139.702933">
        <name>10:40</name>
      </trkpt>
      <trkpt lat="35.687802" lon="139.702935">
        <name>10:41</name>
      </trkpt>
      <trkpt lat="35.687605" lon="139.702982">
        <name>10:42</name>
      </trkpt>
      <trkpt lat="35.687539" lon="139.702998">
        <name>10:43</name>
      </trkpt>
      <trkpt lat="35.686930" lon="139.703183">
        <name>10:44</name>
      </trkpt>
      <trkpt lat="35.686841" lon="139.703209">
        <name>10:45</name>
      </trkpt>
      <trkpt lat="35.686295" lon="139.703368">
        <name>10:46</name>
      </trkpt>
      <trkpt lat="35.686157" lon="139.703403">
        <name>10:47</name>
      </trkpt>
      <trkpt lat="35.685848" lon="139.703501">
        <name>10:48</name>
      </trkpt>
      <trkpt lat="35.685659" lon="139.703574">
        <name>10:49</name>
      </trkpt>
      <trkpt lat="35.685602" lon="139.703633">
        <name>10:50</name>
      </trkpt>
      <trkpt lat="35.685551" lon="139.703705">
        <name>10:51</name>
      </trkpt>
      <trkpt lat="35.685430" lon="139.703716">
        <name>10:52</name>
      </trkpt>
      <trkpt lat="35.685244" lon="139.703757">
        <name>10:53</name>
      </trkpt>
      <trkpt lat="35.685038" lon="139.703816">
        <name>10:54</name>
      </trkpt>
      <trkpt lat="35.684876" lon="139.703873">
        <name>10:55</name>
      </trkpt>
      <trkpt lat="35.684628" lon="139.703953">
        <name>10:56</name>
      </trkpt>
      <trkpt lat="35.684576" lon="139.703979">
        <name>10:57</name>
      </trkpt>
      <trkpt lat="35.684531" lon="139.703996">
        <name>10:58</name>
      </trkpt>
      <trkpt lat="35.684343" lon="139.704088">
        <name>10:59</name>
      </trkpt>
      <trkpt lat="35.684187" lon="139.704178">
        <name>11:00</name>
      </trkpt>
      <trkpt lat="35.683887" lon="139.704403">
        <name>11:01</name>
      </trkpt>
      <trkpt lat="35.683802" lon="139.704463">
        <name>11:02</name>
      </trkpt>
      <trkpt lat="35.683772" lon="139.704473">
        <name>11:03</name>
      </trkpt>
      <trkpt lat="35.683631" lon="139.704539">
        <name>11:04</name>
      </trkpt>
      <trkpt lat="35.683559" lon="139.704567">
        <name>11:05</name>
      </trkpt>
      <trkpt lat="35.683446" lon="139.704602">
        <name>11:06</name>
      </trkpt>
      <trkpt lat="35.683378" lon="139.704616">
        <name>11:07</name>
      </trkpt>
      <trkpt lat="35.683065" lon="139.704618">
        <name>11:08</name>
      </trkpt>
      <trkpt lat="35.682523" lon="139.704630">
        <name>11:09</name>
      </trkpt>
      <trkpt lat="35.682392" lon="139.704631">
        <name>11:10</name>
      </trkpt>
      <trkpt lat="35.682344" lon="139.704630">
        <name>11:11</name>
      </trkpt>
      <trkpt lat="35.682218" lon="139.704627">
        <name>11:12</name>
      </trkpt>
      <trkpt lat="35.681806" lon="139.704616">
        <name>11:13</name>
      </trkpt>
      <trkpt lat="35.681598" lon="139.704615">
        <name>11:14</name>
      </trkpt>
      <trkpt lat="35.680933" lon="139.704603">
        <name>11:15</name>
      </trkpt>
      <trkpt lat="35.680747" lon="139.704600">
        <name>11:16</name>
      </trkpt>
      <trkpt lat="35.680480" lon="139.704602">
        <name>11:17</name>
      </trkpt>
      <trkpt lat="35.680375" lon="139.704599">
        <name>11:18</name>
      </trkpt>
      <trkpt lat="35.680240" lon="139.704595">
        <name>11:19</name>
      </trkpt>
      <trkpt lat="35.680190" lon="139.704593">
        <name>11:20</name>
      </trkpt>
      <trkpt lat="35.680079" lon="139.704595">
        <name>11:21</name>
      </trkpt>
      <trkpt lat="35.679939" lon="139.704608">
        <name>11:22</name>
      </trkpt>
      <trkpt lat="35.679841" lon="139.704622">
        <name>11:23</name>
      </trkpt>
      <trkpt lat="35.679730" lon="139.704648">
        <name>11:24</name>
      </trkpt>
      <trkpt lat="35.679625" lon="139.704692">
        <name>11:25</name>
      </trkpt>
      <trkpt lat="35.679545" lon="139.704728">
        <name>11:26</name>
      </trkpt>
      <trkpt lat="35.679468" lon="139.704772">
        <name>11:27</name>
      </trkpt>
      <trkpt lat="35.679071" lon="139.705085">
        <name>11:28</name>
      </trkpt>
      <trkpt lat="35.678872" lon="139.705233">
        <name>11:29</name>
      </trkpt>
      <trkpt lat="35.678538" lon="139.705485">
        <name>11:30</name>
      </trkpt>
      <trkpt lat="35.678365" lon="139.705618">
        <name>11:31</name>
      </trkpt>
      <trkpt lat="35.678298" lon="139.705670">
        <name>11:32</name>
      </trkpt>
      <trkpt lat="35.678241" lon="139.705717">
        <name>11:33</name>
      </trkpt>
      <trkpt lat="35.678048" lon="139.705866">
        <name>11:34</name>
      </trkpt>
      <trkpt lat="35.677893" lon="139.705984">
        <name>11:35</name>
      </trkpt>
      <trkpt lat="35.677741" lon="139.706088">
        <name>11:36</name>
      </trkpt>
      <trkpt lat="35.677552" lon="139.706182">
        <name>11:37</name>
      </trkpt>
      <trkpt lat="35.677342" lon="139.706254">
        <name>11:38</name>
      </trkpt>
      <trkpt lat="35.677249" lon="139.706279">
        <name>11:39</name>
      </trkpt>
      <trkpt lat="35.677217" lon="139.706287">
        <name>11:40</name>
      </trkpt>
      <trkpt lat="35.677007" lon="139.706344">
        <name>11:41</name>
      </trkpt>
      <trkpt lat="35.676942" lon="139.706360">
        <name>11:42</name>
      </trkpt>
      <trkpt lat="35.676745" lon="139.706410">
        <name>11:43</name>
      </trkpt>
      <trkpt lat="35.676582" lon="139.706453">
        <name>11:44</name>
      </trkpt>
      <trkpt lat="35.676474" lon="139.706480">
        <name>11:45</name>
      </trkpt>
      <trkpt lat="35.676202" lon="139.706557">
        <name>11:46</name>
      </trkpt>
      <trkpt lat="35.676196" lon="139.706558">
        <name>11:47</name>
      </trkpt>
      <trkpt lat="35.675923" lon="139.706633">
        <name>11:48</name>
      </trkpt>
      <trkpt lat="35.675634" lon="139.706712">
        <name>11:49</name>
      </trkpt>
      <trkpt lat="35.675570" lon="139.706730">
        <name>11:50</name>
      </trkpt>
      <trkpt lat="35.675343" lon="139.706792">
        <name>11:51</name>
      </trkpt>
      <trkpt lat="35.675317" lon="139.706799">
        <name>11:52</name>
      </trkpt>
      <trkpt lat="35.675015" lon="139.706882">
        <name>11:53</name>
      </trkpt>
      <trkpt lat="35.674880" lon="139.706936">
        <name>11:54</name>
      </trkpt>
      <trkpt lat="35.674746" lon="139.707036">
        <name>11:55</name>
      </trkpt>
      <trkpt lat="35.674637" lon="139.707115">
        <name>11:56</name>
      </trkpt>
      <trkpt lat="35.674521" lon="139.707191">
        <name>11:57</name>
      </trkpt>
      <trkpt lat="35.674477" lon="139.707216">
        <name>11:58</name>
      </trkpt>
      <trkpt lat="35.674165" lon="139.707406">
        <name>11:59</name>
      </trkpt>
      <trkpt lat="35.673967" lon="139.707521">
        <name>12:00</name>
      </trkpt>
      <trkpt lat="35.673561" lon="139.707718">
        <name>12:01</name>
      </trkpt>
      <trkpt lat="35.673533" lon="139.707733">
        <name>12:02</name>
      </trkpt>
      <trkpt lat="35.673165" lon="139.707907">
        <name>12:03</name>
      </trkpt>
      <trkpt lat="35.672773" lon="139.708106">
        <name>12:04</name>
      </trkpt>
      <trkpt lat="35.672596" lon="139.708159">
        <name>12:05</name>
      </trkpt>
      <trkpt lat="35.672454" lon="139.708186">
        <name>12:06</name>
      </trkpt>
      <trkpt lat="35.672332" lon="139.708197">
        <name>12:07</name>
      </trkpt>
      <trkpt lat="35.672208" lon="139.708189">
        <name>12:08</name>
      </trkpt>
      <trkpt lat="35.672150" lon="139.708181">
        <name>12:09</name>
      </trkpt>
      <trkpt lat="35.672088" lon="139.708167">
        <name>12:10</name>
      </trkpt>
      <trkpt lat="35.672015" lon="139.708136">
        <name>12:11</name>
      </trkpt>
      <trkpt lat="35.671917" lon="139.708086">
        <name>12:12</name>
      </trkpt>
      <trkpt lat="35.671839" lon="139.708036">
        <name>12:13</name>
      </trkpt>
      <trkpt lat="35.671754" lon="139.707967">
        <name>12:14</name>
      </trkpt>
      <trkpt lat="35.671343" lon="139.707624">
        <name>12:15</name>
      </trkpt>
      <trkpt lat="35.670950" lon="139.707280">
        <name>12:16</name>
      </trkpt>
      <trkpt lat="35.670675" lon="139.707090">
        <name>12:17</name>
      </trkpt>
      <trkpt lat="35.670228" lon="139.706807">
        <name>12:18</name>
      </trkpt>
      <trkpt lat="35.670222" lon="139.706803">
        <name>12:19</name>
      </trkpt>
      <trkpt lat="35.670130" lon="139.706743">
        <name>12:20</name>
      </trkpt>
      <trkpt lat="35.670074" lon="139.706698">
        <name>12:21</name>
      </trkpt>
      <trkpt lat="35.670041" lon="139.706672">
        <name>12:22</name>
      </trkpt>
      <trkpt lat="35.669748" lon="139.706431">
        <name>12:23</name>
      </trkpt>
      <trkpt lat="35.669608" lon="139.706321">
        <name>12:24</name>
      </trkpt>
      <trkpt lat="35.669287" lon="139.706065">
        <name>12:25</name>
      </trkpt>
      <trkpt lat="35.669131" lon="139.705928">
        <name>12:26</name>
      </trkpt>
      <trkpt lat="35.669083" lon="139.705886">
        <name>12:27</name>
      </trkpt>
      <trkpt lat="35.668749" lon="139.705623">
        <name>12:28</name>
      </trkpt>
      <trkpt lat="35.668682" lon="139.705573">
        <name>12:29</name>
      </trkpt>
      <trkpt lat="35.668516" lon="139.705455">
        <name>12:30</name>
      </trkpt>
      <trkpt lat="35.668441" lon="139.705402">
        <name>12:31</name>
      </trkpt>
      <trkpt lat="35.668303" lon="139.705304">
        <name>12:32</name>
      </trkpt>
      <trkpt lat="35.667834" lon="139.704973">
        <name>12:33</name>
      </trkpt>
      <trkpt lat="35.667217" lon="139.704539">
        <name>12:34</name>
      </trkpt>
      <trkpt lat="35.666887" lon="139.704309">
        <name>12:35</name>
      </trkpt>
      <trkpt lat="35.666854" lon="139.704286">
        <name>12:36</name>
      </trkpt>
      <trkpt lat="35.666829" lon="139.704269">
        <name>12:37</name>
      </trkpt>
      <trkpt lat="35.666560" lon="139.704080">
        <name>12:38</name>
      </trkpt>
      <trkpt lat="35.666099" lon="139.703712">
        <name>12:39</name>
      </trkpt>
      <trkpt lat="35.665980" lon="139.703618">
        <name>12:40</name>
      </trkpt>
      <trkpt lat="35.665936" lon="139.703583">
        <name>12:41</name>
      </trkpt>
      <trkpt lat="35.665917" lon="139.703568">
        <name>12:42</name>
      </trkpt>
      <trkpt lat="35.665822" lon="139.703492">
        <name>12:43</name>
      </trkpt>
      <trkpt lat="35.665230" lon="139.703019">
        <name>12:44</name>
      </trkpt>
      <trkpt lat="35.664726" lon="139.702641">
        <name>12:45</name>
      </trkpt>
      <trkpt lat="35.664630" lon="139.702580">
        <name>12:46</name>
      </trkpt>
      <trkpt lat="35.664538" lon="139.702522">
        <name>12:47</name>
      </trkpt>
      <trkpt lat="35.664370" lon="139.702439">
        <name>12:48</name>
      </trkpt>
      <trkpt lat="35.664295" lon="139.702401">
        <name>12:49</name>
      </trkpt>
      <trkpt lat="35.664201" lon="139.702362">
        <name>12:50</name>
      </trkpt>
      <trkpt lat="35.664135" lon="139.702333">
        <name>12:51</name>
      </trkpt>
      <trkpt lat="35.664010" lon="139.702277">
        <name>12:52</name>
      </trkpt>
      <trkpt lat="35.663901" lon="139.702247">
        <name>12:53</name>
      </trkpt>
      <trkpt lat="35.663750" lon="139.702215">
        <name>12:54</name>
      </trkpt>
      <trkpt lat="35.663697" lon="139.702207">
        <name>12:55</name>
      </trkpt>
      <trkpt lat="35.663612" lon="139.702202">
        <name>12:56</name>
      </trkpt>
      <trkpt lat="35.663615" lon="139.702103">
        <name>12:57</name>
      </trkpt>
      <trkpt lat="35.663596" lon="139.702040">
        <name>12:58</name>
      </trkpt>
      <trkpt lat="35.663402" lon="139.701401">
        <name>12:59</name>
      </trkpt>
      <trkpt lat="35.663372" lon="139.701324">
        <name>13:00</name>
      </trkpt>
      <trkpt lat="35.663334" lon="139.701252">
        <name>13:01</name>
      </trkpt>
      <trkpt lat="35.663253" lon="139.701138">
        <name>13:02</name>
      </trkpt>
      <trkpt lat="35.663201" lon="139.701075">
        <name>13:03</name>
      </trkpt>
      <trkpt lat="35.663146" lon="139.701019">
        <name>13:04</name>
      </trkpt>
      <trkpt lat="35.663088" lon="139.700968">
        <name>13:05</name>
      </trkpt>
      <trkpt lat="35.663025" lon="139.700923">
        <name>13:06</name>
      </trkpt>
      <trkpt lat="35.662992" lon="139.700902">
        <name>13:07</name>
      </trkpt>
      <trkpt lat="35.662957" lon="139.700884">
        <name>13:08</name>
      </trkpt>
      <trkpt lat="35.662921" lon="139.700868">
        <name>13:09</name>
      </trkpt>
      <trkpt lat="35.662885" lon="139.700855">
        <name>13:10</name>
      </trkpt>
      <trkpt lat="35.662849" lon="139.700844">
        <name>13:11</name>
      </trkpt>
      <trkpt lat="35.662812" lon="139.700837">
        <name>13:12</name>
      </trkpt>
      <trkpt lat="35.662735" lon="139.700829">
        <name>13:13</name>
      </trkpt>
      <trkpt lat="35.662318" lon="139.700828">
        <name>13:14</name>
      </trkpt>
      <trkpt lat="35.662210" lon="139.700829">
        <name>13:15</name>
      </trkpt>
      <trkpt lat="35.662084" lon="139.700825">
        <name>13:16</name>
      </trkpt>
      <trkpt lat="35.661294" lon="139.700829">
        <name>13:17</name>
      </trkpt>
      <trkpt lat="35.661186" lon="139.700830">
        <name>13:18</name>
      </trkpt>
      <trkpt lat="35.661120" lon="139.700830">
        <name>13:19</name>
      </trkpt>
      <trkpt lat="35.661128" lon="139.700662">
        <name>13:20</name>
      </trkpt>
      <trkpt lat="35.661140" lon="139.700622">
        <name>13:21</name>
      </trkpt>
      <trkpt lat="35.661153" lon="139.700586">
        <name>13:22</name>
      </trkpt>
      <trkpt lat="35.661170" lon="139.700550">
        <name>13:23</name>
      </trkpt>
      <trkpt lat="35.661190" lon="139.700516">
        <name>13:24</name>
      </trkpt>
      <trkpt lat="35.661429" lon="139.700212">
        <name>13:25</name>
      </trkpt>
      <trkpt lat="35.661473" lon="139.700152">
        <name>13:26</name>
      </trkpt>
      <trkpt lat="35.661528" lon="139.700077">
        <name>13:27</name>
      </trkpt>
      <trkpt lat="35.661646" lon="139.699915">
        <name>13:28</name>
      </trkpt>
      <trkpt lat="35.661760" lon="139.699770">
        <name>13:29</name>
      </trkpt>
      <trkpt lat="35.661710" lon="139.699709">
        <name>13:30</name>
      </trkpt>
      <trkpt lat="35.661679" lon="139.699671">
        <name>13:31</name>
      </trkpt>
      <trkpt lat="35.661679" lon="139.699671">
        <name>13:32</name>
      </trkpt>
      <trkpt lat="35.661710" lon="139.699709">
        <name>13:33</name>
      </trkpt>
      <trkpt lat="35.661760" lon="139.699770">
        <name>13:34</name>
      </trkpt>
      <trkpt lat="35.661646" lon="139.699915">
        <name>13:35</name>
      </trkpt>
      <trkpt lat="35.661528" lon="139.700077">
        <name>13:36</name>
      </trkpt>
      <trkpt lat="35.661473" lon="139.700152">
        <name>13:37</name>
      </trkpt>
      <trkpt lat="35.661429" lon="139.700212">
        <name>13:38</name>
      </trkpt>
      <trkpt lat="35.661190" lon="139.700516">
        <name>13:39</name>
      </trkpt>
      <trkpt lat="35.661170" lon="139.700550">
        <name>13:40</name>
      </trkpt>
      <trkpt lat="35.661153" lon="139.700586">
        <name>13:41</name>
      </trkpt>
      <trkpt lat="35.661140" lon="139.700622">
        <name>13:42</name>
      </trkpt>
      <trkpt lat="35.661128" lon="139.700662">
        <name>13:43</name>
      </trkpt>
      <trkpt lat="35.661120" lon="139.700830">
        <name>13:44</name>
      </trkpt>
      <trkpt lat="35.661186" lon="139.700830">
        <name>13:45</name>
      </trkpt>
      <trkpt lat="35.661294" lon="139.700829">
        <name>13:46</name>
      </trkpt>
      <trkpt lat="35.662084" lon="139.700825">
        <name>13:47</name>
      </trkpt>
      <trkpt lat="35.662210" lon="139.700829">
        <name>13:48</name>
      </trkpt>
      <trkpt lat="35.662318" lon="139.700828">
        <name>13:49</name>
      </trkpt>
      <trkpt lat="35.662735" lon="139.700829">
        <name>13:50</name>
      </trkpt>
      <trkpt lat="35.662812" lon="139.700837">
        <name>13:51</name>
      </trkpt>
      <trkpt lat="35.662849" lon="139.700844">
        <name>13:52</name>
      </trkpt>
      <trkpt lat="35.662885" lon="139.700855">
        <name>13:53</name>
      </trkpt>
      <trkpt lat="35.662921" lon="139.700868">
        <name>13:54</name>
      </trkpt>
      <trkpt lat="35.662957" lon="139.700884">
        <name>13:55</name>
      </trkpt>
      <trkpt lat="35.662992" lon="139.700902">
        <name>13:56</name>
      </trkpt>
      <trkpt lat="35.663025" lon="139.700923">
        <name>13:57</name>
      </trkpt>
      <trkpt lat="35.663088" lon="139.700968">
        <name>13:58</name>
      </trkpt>
      <trkpt lat="35.663146" lon="139.701019">
        <name>13:59</name>
      </trkpt>
      <trkpt lat="35.663201" lon="139.701075">
        <name>14:00</name>
      </trkpt>
      <trkpt lat="35.663253" lon="139.701138">
        <name>14:01</name>
      </trkpt>
      <trkpt lat="35.663334" lon="139.701252">
        <name>14:02</name>
      </trkpt>
      <trkpt lat="35.663372" lon="139.701324">
        <name>14:03</name>
      </trkpt>
      <trkpt lat="35.663402" lon="139.701401">
        <name>14:04</name>
      </trkpt>
      <trkpt lat="35.663596" lon="139.702040">
        <name>14:05</name>
      </trkpt>
      <trkpt lat="35.663615" lon="139.702103">
        <name>14:06</name>
      </trkpt>
      <trkpt lat="35.663708" lon="139.702109">
        <name>14:07</name>
      </trkpt>
      <trkpt lat="35.663908" lon="139.702147">
        <name>14:08</name>
      </trkpt>
      <trkpt lat="35.664086" lon="139.702195">
        <name>14:09</name>
      </trkpt>
      <trkpt lat="35.664240" lon="139.702260">
        <name>14:10</name>
      </trkpt>
      <trkpt lat="35.664328" lon="139.702297">
        <name>14:11</name>
      </trkpt>
      <trkpt lat="35.664407" lon="139.702334">
        <name>14:12</name>
      </trkpt>
      <trkpt lat="35.664462" lon="139.702360">
        <name>14:13</name>
      </trkpt>
      <trkpt lat="35.664617" lon="139.702449">
        <name>14:14</name>
      </trkpt>
      <trkpt lat="35.664735" lon="139.702525">
        <name>14:15</name>
      </trkpt>
      <trkpt lat="35.664872" lon="139.702622">
        <name>14:16</name>
      </trkpt>
      <trkpt lat="35.665285" lon="139.702960">
        <name>14:17</name>
      </trkpt>
      <trkpt lat="35.665930" lon="139.703481">
        <name>14:18</name>
      </trkpt>
      <trkpt lat="35.665973" lon="139.703515">
        <name>14:19</name>
      </trkpt>
      <trkpt lat="35.665988" lon="139.703527">
        <name>14:20</name>
      </trkpt>
      <trkpt lat="35.666043" lon="139.703571">
        <name>14:21</name>
      </trkpt>
      <trkpt lat="35.666464" lon="139.703912">
        <name>14:22</name>
      </trkpt>
      <trkpt lat="35.666594" lon="139.704017">
        <name>14:23</name>
      </trkpt>
      <trkpt lat="35.666719" lon="139.704106">
        <name>14:24</name>
      </trkpt>
      <trkpt lat="35.666849" lon="139.704192">
        <name>14:25</name>
      </trkpt>
      <trkpt lat="35.666887" lon="139.704218">
        <name>14:26</name>
      </trkpt>
      <trkpt lat="35.666899" lon="139.704226">
        <name>14:27</name>
      </trkpt>
      <trkpt lat="35.667109" lon="139.704371">
        <name>14:28</name>
      </trkpt>
      <trkpt lat="35.667881" lon="139.704915">
        <name>14:29</name>
      </trkpt>
      <trkpt lat="35.668013" lon="139.705014">
        <name>14:30</name>
      </trkpt>
      <trkpt lat="35.668276" lon="139.705195">
        <name>14:31</name>
      </trkpt>
      <trkpt lat="35.668335" lon="139.705238">
        <name>14:32</name>
      </trkpt>
      <trkpt lat="35.668471" lon="139.705338">
        <name>14:33</name>
      </trkpt>
      <trkpt lat="35.668545" lon="139.705392">
        <name>14:34</name>
      </trkpt>
      <trkpt lat="35.668711" lon="139.705514">
        <name>14:35</name>
      </trkpt>
      <trkpt lat="35.669143" lon="139.705840">
        <name>14:36</name>
      </trkpt>
      <trkpt lat="35.669429" lon="139.706075">
        <name>14:37</name>
      </trkpt>
      <trkpt lat="35.669619" lon="139.706231">
        <name>14:38</name>
      </trkpt>
      <trkpt lat="35.670033" lon="139.706568">
        <name>14:39</name>
      </trkpt>
      <trkpt lat="35.670113" lon="139.706630">
        <name>14:40</name>
      </trkpt>
      <trkpt lat="35.670208" lon="139.706705">
        <name>14:41</name>
      </trkpt>
      <trkpt lat="35.670261" lon="139.706738">
        <name>14:42</name>
      </trkpt>
      <trkpt lat="35.670828" lon="139.707091">
        <name>14:43</name>
      </trkpt>
      <trkpt lat="35.670863" lon="139.707119">
        <name>14:44</name>
      </trkpt>
      <trkpt lat="35.670983" lon="139.707217">
        <name>14:45</name>
      </trkpt>
      <trkpt lat="35.671392" lon="139.707561">
        <name>14:46</name>
      </trkpt>
      <trkpt lat="35.671476" lon="139.707634">
        <name>14:47</name>
      </trkpt>
      <trkpt lat="35.671786" lon="139.707902">
        <name>14:48</name>
      </trkpt>
      <trkpt lat="35.671877" lon="139.707965">
        <name>14:49</name>
      </trkpt>
      <trkpt lat="35.671949" lon="139.708006">
        <name>14:50</name>
      </trkpt>
      <trkpt lat="35.672036" lon="139.708052">
        <name>14:51</name>
      </trkpt>
      <trkpt lat="35.672111" lon="139.708080">
        <name>14:52</name>
      </trkpt>
      <trkpt lat="35.672186" lon="139.708095">
        <name>14:53</name>
      </trkpt>
      <trkpt lat="35.672255" lon="139.708103">
        <name>14:54</name>
      </trkpt>
      <trkpt lat="35.672384" lon="139.708106">
        <name>14:55</name>
      </trkpt>
      <trkpt lat="35.672486" lon="139.708099">
        <name>14:56</name>
      </trkpt>
      <trkpt lat="35.672582" lon="139.708080">
        <name>14:57</name>
      </trkpt>
      <trkpt lat="35.672622" lon="139.708068">
        <name>14:58</name>
      </trkpt>
      <trkpt lat="35.672722" lon="139.708034">
        <name>14:59</name>
      </trkpt>
      <trkpt lat="35.672888" lon="139.707964">
        <name>15:00</name>
      </trkpt>
      <trkpt lat="35.673358" lon="139.707715">
        <name>15:01</name>
      </trkpt>
      <trkpt lat="35.673538" lon="139.707633">
        <name>15:02</name>
      </trkpt>
      <trkpt lat="35.674108" lon="139.707363">
        <name>15:03</name>
      </trkpt>
      <trkpt lat="35.674499" lon="139.707107">
        <name>15:04</name>
      </trkpt>
      <trkpt lat="35.674613" lon="139.707021">
        <name>15:05</name>
      </trkpt>
      <trkpt lat="35.674721" lon="139.706942">
        <name>15:06</name>
      </trkpt>
      <trkpt lat="35.674851" lon="139.706855">
        <name>15:07</name>
      </trkpt>
      <trkpt lat="35.675207" lon="139.706733">
        <name>15:08</name>
      </trkpt>
      <trkpt lat="35.675325" lon="139.706698">
        <name>15:09</name>
      </trkpt>
      <trkpt lat="35.675546" lon="139.706626">
        <name>15:10</name>
      </trkpt>
      <trkpt lat="35.675615" lon="139.706604">
        <name>15:11</name>
      </trkpt>
      <trkpt lat="35.676177" lon="139.706460">
        <name>15:12</name>
      </trkpt>
      <trkpt lat="35.676454" lon="139.706383">
        <name>15:13</name>
      </trkpt>
      <trkpt lat="35.676553" lon="139.706357">
        <name>15:14</name>
      </trkpt>
      <trkpt lat="35.676724" lon="139.706316">
        <name>15:15</name>
      </trkpt>
      <trkpt lat="35.677216" lon="139.706184">
        <name>15:16</name>
      </trkpt>
      <trkpt lat="35.677374" lon="139.706139">
        <name>15:17</name>
      </trkpt>
      <trkpt lat="35.677454" lon="139.706111">
        <name>15:18</name>
      </trkpt>
      <trkpt lat="35.677550" lon="139.706072">
        <name>15:19</name>
      </trkpt>
      <trkpt lat="35.677648" lon="139.706023">
        <name>15:20</name>
      </trkpt>
      <trkpt lat="35.677803" lon="139.705930">
        <name>15:21</name>
      </trkpt>
      <trkpt lat="35.678200" lon="139.705636">
        <name>15:22</name>
      </trkpt>
      <trkpt lat="35.678260" lon="139.705593">
        <name>15:23</name>
      </trkpt>
      <trkpt lat="35.678328" lon="139.705545">
        <name>15:24</name>
      </trkpt>
      <trkpt lat="35.678755" lon="139.705210">
        <name>15:25</name>
      </trkpt>
      <trkpt lat="35.679076" lon="139.704959">
        <name>15:26</name>
      </trkpt>
      <trkpt lat="35.679370" lon="139.704710">
        <name>15:27</name>
      </trkpt>
      <trkpt lat="35.679555" lon="139.704628">
        <name>15:28</name>
      </trkpt>
      <trkpt lat="35.679709" lon="139.704572">
        <name>15:29</name>
      </trkpt>
      <trkpt lat="35.679921" lon="139.704520">
        <name>15:30</name>
      </trkpt>
      <trkpt lat="35.680034" lon="139.704511">
        <name>15:31</name>
      </trkpt>
      <trkpt lat="35.680192" lon="139.704510">
        <name>15:32</name>
      </trkpt>
      <trkpt lat="35.680244" lon="139.704509">
        <name>15:33</name>
      </trkpt>
      <trkpt lat="35.680360" lon="139.704510">
        <name>15:34</name>
      </trkpt>
      <trkpt lat="35.680467" lon="139.704511">
        <name>15:35</name>
      </trkpt>
      <trkpt lat="35.680747" lon="139.704521">
        <name>15:36</name>
      </trkpt>
      <trkpt lat="35.680823" lon="139.704511">
        <name>15:37</name>
      </trkpt>
      <trkpt lat="35.680934" lon="139.704517">
        <name>15:38</name>
      </trkpt>
      <trkpt lat="35.681597" lon="139.704529">
        <name>15:39</name>
      </trkpt>
      <trkpt lat="35.682394" lon="139.704534">
        <name>15:40</name>
      </trkpt>
      <trkpt lat="35.682421" lon="139.704534">
        <name>15:41</name>
      </trkpt>
      <trkpt lat="35.682719" lon="139.704538">
        <name>15:42</name>
      </trkpt>
      <trkpt lat="35.682845" lon="139.704539">
        <name>15:43</name>
      </trkpt>
      <trkpt lat="35.683096" lon="139.704483">
        <name>15:44</name>
      </trkpt>
      <trkpt lat="35.683167" lon="139.704465">
        <name>15:45</name>
      </trkpt>
      <trkpt lat="35.683277" lon="139.704442">
        <name>15:46</name>
      </trkpt>
      <trkpt lat="35.683422" lon="139.704394">
        <name>15:47</name>
      </trkpt>
      <trkpt lat="35.683555" lon="139.704334">
        <name>15:48</name>
      </trkpt>
      <trkpt lat="35.683635" lon="139.704297">
        <name>15:49</name>
      </trkpt>
      <trkpt lat="35.683755" lon="139.704233">
        <name>15:50</name>
      </trkpt>
      <trkpt lat="35.683848" lon="139.704173">
        <name>15:51</name>
      </trkpt>
      <trkpt lat="35.683996" lon="139.704054">
        <name>15:52</name>
      </trkpt>
      <trkpt lat="35.684162" lon="139.703935">
        <name>15:53</name>
      </trkpt>
      <trkpt lat="35.684380" lon="139.703822">
        <name>15:54</name>
      </trkpt>
      <trkpt lat="35.684453" lon="139.703794">
        <name>15:55</name>
      </trkpt>
      <trkpt lat="35.684556" lon="139.703762">
        <name>15:56</name>
      </trkpt>
      <trkpt lat="35.684683" lon="139.703723">
        <name>15:57</name>
      </trkpt>
      <trkpt lat="35.685330" lon="139.703547">
        <name>15:58</name>
      </trkpt>
      <trkpt lat="35.686072" lon="139.703335">
        <name>15:59</name>
      </trkpt>
      <trkpt lat="35.686277" lon="139.703274">
        <name>16:00</name>
      </trkpt>
      <trkpt lat="35.686713" lon="139.703144">
        <name>16:01</name>
      </trkpt>
      <trkpt lat="35.686822" lon="139.703112">
        <name>16:02</name>
      </trkpt>
      <trkpt lat="35.686902" lon="139.703088">
        <name>16:03</name>
      </trkpt>
      <trkpt lat="35.687095" lon="139.703038">
        <name>16:04</name>
      </trkpt>
      <trkpt lat="35.687253" lon="139.702995">
        <name>16:05</name>
      </trkpt>
      <trkpt lat="35.687490" lon="139.702929">
        <name>16:06</name>
      </trkpt>
      <trkpt lat="35.687524" lon="139.702920">
        <name>16:07</name>
      </trkpt>
      <trkpt lat="35.687589" lon="139.702901">
        <name>16:08</name>
      </trkpt>
      <trkpt lat="35.687805" lon="139.702844">
        <name>16:09</name>
      </trkpt>
      <trkpt lat="35.687871" lon="139.702838">
        <name>16:10</name>
      </trkpt>
      <trkpt lat="35.687924" lon="139.702842">
        <name>16:11</name>
      </trkpt>
      <trkpt lat="35.687981" lon="139.702858">
        <name>16:12</name>
      </trkpt>
      <trkpt lat="35.688034" lon="139.702886">
        <name>16:13</name>
      </trkpt>
      <trkpt lat="35.688130" lon="139.702956">
        <name>16:14</name>
      </trkpt>
      <trkpt lat="35.688299" lon="139.703071">
        <name>16:15</name>
      </trkpt>
      <trkpt lat="35.689464" lon="139.703879">
        <name>16:16</name>
      </trkpt>
      <trkpt lat="35.689546" lon="139.703937">
        <name>16:17</name>
      </trkpt>
      <trkpt lat="35.689602" lon="139.703976">
        <name>16:18</name>
      </trkpt>
      <trkpt lat="35.689703" lon="139.704046">
        <name>16:19</name>
      </trkpt>
      <trkpt lat="35.689825" lon="139.704126">
        <name>16:20</name>
      </trkpt>
      <trkpt lat="35.689982" lon="139.704223">
        <name>16:21</name>
      </trkpt>
      <trkpt lat="35.690320" lon="139.704455">
        <name>16:22</name>
      </trkpt>
      <trkpt lat="35.690461" lon="139.704549">
        <name>16:23</name>
      </trkpt>
      <trkpt lat="35.690741" lon="139.704744">
        <name>16:24</name>
      </trkpt>
      <trkpt lat="35.690884" lon="139.704836">
        <name>16:25</name>
      </trkpt>
      <trkpt lat="35.691052" lon="139.704943">
        <name>16:26</name>
      </trkpt>
      <trkpt lat="35.691354" lon="139.705119">
        <name>16:27</name>
      </trkpt>
      <trkpt lat="35.691536" lon="139.705241">
        <name>16:28</name>
      </trkpt>
      <trkpt lat="35.691766" lon="139.705377">
        <name>16:29</name>
      </trkpt>
      <trkpt lat="35.691810" lon="139.705402">
        <name>16:30</name>
      </trkpt>
      <trkpt lat="35.691872" lon="139.705440">
        <name>16:31</name>
      </trkpt>
      <trkpt lat="35.692197" lon="139.705635">
        <name>16:32</name>
      </trkpt>
      <trkpt lat="35.692245" lon="139.705663">
        <name>16:33</name>
      </trkpt>
      <trkpt lat="35.692388" lon="139.705747">
        <name>16:34</name>
      </trkpt>
      <trkpt lat="35.692430" lon="139.705557">
        <name>16:35</name>
      </trkpt>
      <trkpt lat="35.692441" lon="139.705516">
        <name>16:36</name>
      </trkpt>
      <trkpt lat="35.692452" lon="139.705473">
        <name>16:37</name>
      </trkpt>
      <trkpt lat="35.692534" lon="139.705160">
        <name>16:38</name>
      </trkpt>
      <trkpt lat="35.692708" lon="139.704533">
        <name>16:39</name>
      </trkpt>
      <trkpt lat="35.692778" lon="139.704288">
        <name>16:40</name>
      </trkpt>
      <trkpt lat="35.692836" lon="139.704078">
        <name>16:41</name>
      </trkpt>
      <trkpt lat="35.692931" lon="139.703745">
        <name>16:42</name>
      </trkpt>
      <trkpt lat="35.692950" lon="139.703680">
        <name>16:43</name>
      </trkpt>
      <trkpt lat="35.692997" lon="139.703512">
        <name>16:44</name>
      </trkpt>
      <trkpt lat="35.693021" lon="139.703427">
        <name>16:45</name>
      </trkpt>
      <trkpt lat="35.693141" lon="139.703482">
        <name>16:46</name>
      </trkpt>
      <trkpt lat="35.693246" lon="139.703529">
        <name>16:47</name>
      </trkpt>
      <trkpt lat="35.693315" lon="139.703561">
        <name>16:48</name>
      </trkpt>
      <trkpt lat="35.693462" lon="139.703629">
        <name>16:49</name>
      </trkpt>
      <trkpt lat="35.693540" lon="139.703666">
        <name>16:50</name>
      </trkpt>
      <trkpt lat="35.693750" lon="139.703764">
        <name>16:51</name>
      </trkpt>
      <trkpt lat="35.693750" lon="139.703764">
        <name>16:52</name>
      </trkpt>
      <trkpt lat="35.693540" lon="139.703666">
        <name>16:53</name>
      </trkpt>
      <trkpt lat="35.693462" lon="139.703629">
        <name>16:54</name>
      </trkpt>
      <trkpt lat="35.693315" lon="139.703561">
        <name>16:55</name>
      </trkpt>
      <trkpt lat="35.693246" lon="139.703529">
        <name>16:56</name>
      </trkpt>
      <trkpt lat="35.693141" lon="139.703482">
        <name>16:57</name>
      </trkpt>
      <trkpt lat="35.693021" lon="139.703427">
        <name>16:58</name>
      </trkpt>
      <trkpt lat="35.693054" lon="139.703311">
        <name>16:59</name>
      </trkpt>
      <trkpt lat="35.693066" lon="139.703265">
        <name>17:00</name>
      </trkpt>
      <trkpt lat="35.693196" lon="139.702808">
        <name>17:01</name>
      </trkpt>
      <trkpt lat="35.693224" lon="139.702686">
        <name>17:02</name>
      </trkpt>
      <trkpt lat="35.693290" lon="139.702404">
        <name>17:03</name>
      </trkpt>
      <trkpt lat="35.693308" lon="139.702326">
        <name>17:04</name>
      </trkpt>
      <trkpt lat="35.693326" lon="139.702246">
        <name>17:05</name>
      </trkpt>
      <trkpt lat="35.693453" lon="139.701673">
        <name>17:06</name>
      </trkpt>
      <trkpt lat="35.693473" lon="139.701582">
        <name>17:07</name>
      </trkpt>
      <trkpt lat="35.693493" lon="139.701491">
        <name>17:08</name>
      </trkpt>
      <trkpt lat="35.693518" lon="139.701379">
        <name>17:09</name>
      </trkpt>
      <trkpt lat="35.693528" lon="139.701329">
        <name>17:10</name>
      </trkpt>
      <trkpt lat="35.693598" lon="139.700967">
        <name>17:11</name>
      </trkpt>
      <trkpt lat="35.693609" lon="139.700904">
        <name>17:12</name>
      </trkpt>
      <trkpt lat="35.693618" lon="139.700846">
        <name>17:13</name>
      </trkpt>
      <trkpt lat="35.693624" lon="139.700799">
        <name>17:14</name>
      </trkpt>
      <trkpt lat="35.693625" lon="139.700754">
        <name>17:15</name>
      </trkpt>
      <trkpt lat="35.693624" lon="139.700713">
        <name>17:16</name>
      </trkpt>
      <trkpt lat="35.693619" lon="139.700669">
        <name>17:17</name>
      </trkpt>
      <trkpt lat="35.693600" lon="139.700587">
        <name>17:18</name>
      </trkpt>
      <trkpt lat="35.693554" lon="139.700405">
        <name>17:19</name>
      </trkpt>
      <trkpt lat="35.693489" lon="139.700380">
        <name>17:20</name>
      </trkpt>
      <trkpt lat="35.693438" lon="139.700366">
        <name>17:21</name>
      </trkpt>
      <trkpt lat="35.693391" lon="139.700363">
        <name>17:22</name>
      </trkpt>
      <trkpt lat="35.693350" lon="139.700366">
        <name>17:23</name>
      </trkpt>
      <trkpt lat="35.693281" lon="139.700379">
        <name>17:24</name>
      </trkpt>
      <trkpt lat="35.693186" lon="139.700402">
        <name>17:25</name>
      </trkpt>
      <trkpt lat="35.692956" lon="139.700460">
        <name>17:26</name>
      </trkpt>
      <trkpt lat="35.692926" lon="139.700469">
        <name>17:27</name>
      </trkpt>
      <trkpt lat="35.692898" lon="139.700478">
        <name>17:28</name>
      </trkpt>
      <trkpt lat="35.692866" lon="139.700489">
        <name>17:29</name>
      </trkpt>
      <trkpt lat="35.692758" lon="139.700539">
        <name>17:30</name>
      </trkpt>
      <trkpt lat="35.692718" lon="139.700557">
        <name>17:31</name>
      </trkpt>
      <trkpt lat="35.692681" lon="139.700577">
        <name>17:32</name>
      </trkpt>
      <trkpt lat="35.692645" lon="139.700600">
        <name>17:33</name>
      </trkpt>
      <trkpt lat="35.692612" lon="139.700629">
        <name>17:34</name>
      </trkpt>
      <trkpt lat="35.692586" lon="139.700657">
        <name>17:35</name>
      </trkpt>
      <trkpt lat="35.692562" lon="139.700686">
        <name>17:36</name>
      </trkpt>
      <trkpt lat="35.692549" lon="139.700707">
        <name>17:37</name>
      </trkpt>
      <trkpt lat="35.692539" lon="139.700727">
        <name>17:38</name>
      </trkpt>
      <trkpt lat="35.692527" lon="139.700752">
        <name>17:39</name>
      </trkpt>
      <trkpt lat="35.692461" lon="139.700832">
        <name>17:40</name>
      </trkpt>
      <trkpt lat="35.692439" lon="139.700932">
        <name>17:41</name>
      </trkpt>
      <trkpt lat="35.692428" lon="139.700984">
        <name>17:42</name>
      </trkpt>
      <trkpt lat="35.692292" lon="139.701616">
        <name>17:43</name>
      </trkpt>
      <trkpt lat="35.692281" lon="139.701665">
        <name>17:44</name>
      </trkpt>
      <trkpt lat="35.692251" lon="139.701771">
        <name>17:45</name>
      </trkpt>
      <trkpt lat="35.692228" lon="139.701759">
        <name>17:46</name>
      </trkpt>
      <trkpt lat="35.692133" lon="139.701710">
        <name>17:47</name>
      </trkpt>
      <trkpt lat="35.692090" lon="139.701686">
        <name>17:48</name>
      </trkpt>
      <trkpt lat="35.691909" lon="139.701582">
        <name>17:49</name>
      </trkpt>
      <trkpt lat="35.691889" lon="139.701572">
        <name>17:50</name>
      </trkpt>
      <trkpt lat="35.691860" lon="139.701560">
        <name>17:51</name>
      </trkpt>
      <trkpt lat="35.691841" lon="139.701554">
        <name>17:52</name>
      </trkpt>
      <trkpt lat="35.691807" lon="139.701678">
        <name>17:53</name>
      </trkpt>
      <trkpt lat="35.691654" lon="139.702086">
        <name>17:54</name>
      </trkpt>
      <trkpt lat="35.691571" lon="139.702040">
        <name>17:55</name>
      </trkpt>
      <trkpt lat="35.691571" lon="139.702040">
        <name>17:56</name>
      </trkpt>
      <trkpt lat="35.691546" lon="139.702025">
        <name>17:57</name>
      </trkpt>
      <trkpt lat="35.691546" lon="139.702025">
        <name>17:58</name>
      </trkpt>
      <trkpt lat="35.691520" lon="139.702011">
        <name>17:59</name>
      </trkpt>
      <trkpt lat="35.691520" lon="139.702011">
        <name>18:00</name>
      </trkpt>
      <trkpt lat="35.691654" lon="139.702086">
        <name>18:01</name>
      </trkpt>
      <trkpt lat="35.691807" lon="139.701678">
        <name>18:02</name>
      </trkpt>
      <trkpt lat="35.691841" lon="139.701554">
        <name>18:03</name>
      </trkpt>
      <trkpt lat="35.691819" lon="139.701548">
        <name>18:04</name>
      </trkpt>
      <trkpt lat="35.691791" lon="139.701543">
        <name>18:05</name>
      </trkpt>
      <trkpt lat="35.691770" lon="139.701542">
        <name>18:06</name>
      </trkpt>
      <trkpt lat="35.691752" lon="139.701543">
        <name>18:07</name>
      </trkpt>
      <trkpt lat="35.691479" lon="139.701578">
        <name>18:08</name>
      </trkpt>
      <trkpt lat="35.691384" lon="139.701591">
        <name>18:09</name>
      </trkpt>
      <trkpt lat="35.691358" lon="139.701613">
        <name>18:10</name>
      </trkpt>
      <trkpt lat="35.691289" lon="139.701625">
        <name>18:11</name>
      </trkpt>
      <trkpt lat="35.691251" lon="139.701630">
        <name>18:12</name>
      </trkpt>
      <trkpt lat="35.691206" lon="139.701636">
        <name>18:13</name>
      </trkpt>
      <trkpt lat="35.691141" lon="139.701634">
        <name>18:14</name>
      </trkpt>
      <trkpt lat="35.690963" lon="139.701658">
        <name>18:15</name>
      </trkpt>
      <trkpt lat="35.690904" lon="139.701665">
        <name>18:16</name>
      </trkpt>
      <trkpt lat="35.690862" lon="139.701671">
        <name>18:17</name>
      </trkpt>
      <trkpt lat="35.690838" lon="139.701672">
        <name>18:18</name>
      </trkpt>
      <trkpt lat="35.690817" lon="139.701664">
        <name>18:19</name>
      </trkpt>
      <trkpt lat="35.690791" lon="139.701630">
        <name>18:20</name>
      </trkpt>
      <trkpt lat="35.690721" lon="139.701487">
        <name>18:21</name>
      </trkpt>
      <trkpt lat="35.690666" lon="139.701511">
        <name>18:22</name>
      </trkpt>
      <trkpt lat="35.689831" lon="139.701868">
        <name>18:23</name>
      </trkpt>
      <trkpt lat="35.689800" lon="139.701881">
        <name>18:24</name>
      </trkpt>
      <trkpt lat="35.689765" lon="139.701911">
        <name>18:25</name>
      </trkpt>
      <trkpt lat="35.689730" lon="139.701948">
        <name>18:26</name>
      </trkpt>
      <trkpt lat="35.689689" lon="139.701993">
        <name>18:27</name>
      </trkpt>
      <trkpt lat="35.689588" lon="139.702098">
        <name>18:28</name>
      </trkpt>
      <trkpt lat="35.689332" lon="139.702170">
        <name>18:29</name>
      </trkpt>
      <trkpt lat="35.689079" lon="139.702238">
        <name>18:30</name>
      </trkpt>
      <trkpt lat="35.688994" lon="139.702263">
        <name>18:31</name>
      </trkpt>
      <trkpt lat="35.688263" lon="139.702565">
        <name>18:32</name>
      </trkpt>
      <trkpt lat="35.687971" lon="139.702687">
        <name>18:33</name>
      </trkpt>
      <trkpt lat="35.687925" lon="139.702728">
        <name>18:34</name>
      </trkpt>
      <trkpt lat="35.687892" lon="139.702775">
        <name>18:35</name>
      </trkpt>
      <trkpt lat="35.687871" lon="139.702838">
        <name>18:36</name>
      </trkpt>
      <trkpt lat="35.687869" lon="139.702933">
        <name>18:37</name>
      </trkpt>
      <trkpt lat="35.687802" lon="139.702935">
        <name>18:38</name>
      </trkpt>
      <trkpt lat="35.687605" lon="139.702982">
        <name>18:39</name>
      </trkpt>
      <trkpt lat="35.687539" lon="139.702998">
        <name>18:40</name>
      </trkpt>
      <trkpt lat="35.686930" lon="139.703183">
        <name>18:41</name>
      </trkpt>
      <trkpt lat="35.686841" lon="139.703209">
        <name>18:42</name>
      </trkpt>
      <trkpt lat="35.686295" lon="139.703368">
        <name>18:43</name>
      </trkpt>
      <trkpt lat="35.686157" lon="139.703403">
        <name>18:44</name>
      </trkpt>
      <trkpt lat="35.685848" lon="139.703501">
        <name>18:45</name>
      </trkpt>
      <trkpt lat="35.685659" lon="139.703574">
        <name>18:46</name>
      </trkpt>
      <trkpt lat="35.685602" lon="139.703633">
        <name>18:47</name>
      </trkpt>
      <trkpt lat="35.685551" lon="139.703705">
        <name>18:48</name>
      </trkpt>
      <trkpt lat="35.685430" lon="139.703716">
        <name>18:49</name>
      </trkpt>
      <trkpt lat="35.685244" lon="139.703757">
        <name>18:50</name>
      </trkpt>
      <trkpt lat="35.685038" lon="139.703816">
        <name>18:51</name>
      </trkpt>
      <trkpt lat="35.684876" lon="139.703873">
        <name>18:52</name>
      </trkpt>
      <trkpt lat="35.684628" lon="139.703953">
        <name>18:53</name>
      </trkpt>
      <trkpt lat="35.684576" lon="139.703979">
        <name>18:54</name>
      </trkpt>
      <trkpt lat="35.684531" lon="139.703996">
        <name>18:55</name>
      </trkpt>
      <trkpt lat="35.684343" lon="139.704088">
        <name>18:56</name>
      </trkpt>
      <trkpt lat="35.684187" lon="139.704178">
        <name>18:57</name>
      </trkpt>
      <trkpt lat="35.683887" lon="139.704403">
        <name>18:58</name>
      </trkpt>
      <trkpt lat="35.683802" lon="139.704463">
        <name>18:59</name>
      </trkpt>
      <trkpt lat="35.683772" lon="139.704473">
        <name>19:00</name>
      </trkpt>
      <trkpt lat="35.683631" lon="139.704539">
        <name>19:01</name>
      </trkpt>
      <trkpt lat="35.683559" lon="139.704567">
        <name>19:02</name>
      </trkpt>
      <trkpt lat="35.683446" lon="139.704602">
        <name>19:03</name>
      </trkpt>
      <trkpt lat="35.683378" lon="139.704616">
        <name>19:04</name>
      </trkpt>
      <trkpt lat="35.683065" lon="139.704618">
        <name>19:05</name>
      </trkpt>
      <trkpt lat="35.682523" lon="139.704630">
        <name>19:06</name>
      </trkpt>
      <trkpt lat="35.682392" lon="139.704631">
        <name>19:07</name>
      </trkpt>
      <trkpt lat="35.682344" lon="139.704630">
        <name>19:08</name>
      </trkpt>
      <trkpt lat="35.682218" lon="139.704627">
        <name>19:09</name>
      </trkpt>
      <trkpt lat="35.681806" lon="139.704616">
        <name>19:10</name>
      </trkpt>
      <trkpt lat="35.681598" lon="139.704615">
        <name>19:11</name>
      </trkpt>
      <trkpt lat="35.680933" lon="139.704603">
        <name>19:12</name>
      </trkpt>
      <trkpt lat="35.680747" lon="139.704600">
        <name>19:13</name>
      </trkpt>
      <trkpt lat="35.680480" lon="139.704602">
        <name>19:14</name>
      </trkpt>
      <trkpt lat="35.680375" lon="139.704599">
        <name>19:15</name>
      </trkpt>
      <trkpt lat="35.680240" lon="139.704595">
        <name>19:16</name>
      </trkpt>
      <trkpt lat="35.680190" lon="139.704593">
        <name>19:17</name>
      </trkpt>
      <trkpt lat="35.680079" lon="139.704595">
        <name>19:18</name>
      </trkpt>
      <trkpt lat="35.679939" lon="139.704608">
        <name>19:19</name>
      </trkpt>
      <trkpt lat="35.679841" lon="139.704622">
        <name>19:20</name>
      </trkpt>
      <trkpt lat="35.679730" lon="139.704648">
        <name>19:21</name>
      </trkpt>
      <trkpt lat="35.679625" lon="139.704692">
        <name>19:22</name>
      </trkpt>
      <trkpt lat="35.679545" lon="139.704728">
        <name>19:23</name>
      </trkpt>
      <trkpt lat="35.679468" lon="139.704772">
        <name>19:24</name>
      </trkpt>
      <trkpt lat="35.679071" lon="139.705085">
        <name>19:25</name>
      </trkpt>
      <trkpt lat="35.678872" lon="139.705233">
        <name>19:26</name>
      </trkpt>
      <trkpt lat="35.678538" lon="139.705485">
        <name>19:27</name>
      </trkpt>
      <trkpt lat="35.678365" lon="139.705618">
        <name>19:28</name>
      </trkpt>
      <trkpt lat="35.678298" lon="139.705670">
        <name>19:29</name>
      </trkpt>
      <trkpt lat="35.678241" lon="139.705717">
        <name>19:30</name>
      </trkpt>
      <trkpt lat="35.678048" lon="139.705866">
        <name>19:31</name>
      </trkpt>
      <trkpt lat="35.677893" lon="139.705984">
        <name>19:32</name>
      </trkpt>
      <trkpt lat="35.677741" lon="139.706088">
        <name>19:33</name>
      </trkpt>
      <trkpt lat="35.677552" lon="139.706182">
        <name>19:34</name>
      </trkpt>
      <trkpt lat="35.677342" lon="139.706254">
        <name>19:35</name>
      </trkpt>
      <trkpt lat="35.677249" lon="139.706279">
        <name>19:36</name>
      </trkpt>
      <trkpt lat="35.677217" lon="139.706287">
        <name>19:37</name>
      </trkpt>
      <trkpt lat="35.677007" lon="139.706344">
        <name>19:38</name>
      </trkpt>
      <trkpt lat="35.676942" lon="139.706360">
        <name>19:39</name>
      </trkpt>
      <trkpt lat="35.676745" lon="139.706410">
        <name>19:40</name>
      </trkpt>
      <trkpt lat="35.676582" lon="139.706453">
        <name>19:41</name>
      </trkpt>
      <trkpt lat="35.676474" lon="139.706480">
        <name>19:42</name>
      </trkpt>
      <trkpt lat="35.676202" lon="139.706557">
        <name>19:43</name>
      </trkpt>
      <trkpt lat="35.676196" lon="139.706558">
        <name>19:44</name>
      </trkpt>
      <trkpt lat="35.675923" lon="139.706633">
        <name>19:45</name>
      </trkpt>
      <trkpt lat="35.675634" lon="139.706712">
        <name>19:46</name>
      </trkpt>
      <trkpt lat="35.675570" lon="139.706730">
        <name>19:47</name>
      </trkpt>
      <trkpt lat="35.675343" lon="139.706792">
        <name>19:48</name>
      </trkpt>
      <trkpt lat="35.675317" lon="139.706799">
        <name>19:49</name>
      </trkpt>
      <trkpt lat="35.675015" lon="139.706882">
        <name>19:50</name>
      </trkpt>
      <trkpt lat="35.674880" lon="139.706936">
        <name>19:51</name>
      </trkpt>
      <trkpt lat="35.674746" lon="139.707036">
        <name>19:52</name>
      </trkpt>
      <trkpt lat="35.674637" lon="139.707115">
        <name>19:53</name>
      </trkpt>
      <trkpt lat="35.674521" lon="139.707191">
        <name>19:54</name>
      </trkpt>
      <trkpt lat="35.674477" lon="139.707216">
        <name>19:55</name>
      </trkpt>
      <trkpt lat="35.674165" lon="139.707406">
        <name>19:56</name>
      </trkpt>
      <trkpt lat="35.673967" lon="139.707521">
        <name>19:57</name>
      </trkpt>
      <trkpt lat="35.673561" lon="139.707718">
        <name>19:58</name>
      </trkpt>
      <trkpt lat="35.673533" lon="139.707733">
        <name>19:59</name>
      </trkpt>
      <trkpt lat="35.673165" lon="139.707907">
        <name>20:00</name>
      </trkpt>
      <trkpt lat="35.672773" lon="139.708106">
        <name>20:01</name>
      </trkpt>
      <trkpt lat="35.672596" lon="139.708159">
        <name>20:02</name>
      </trkpt>
      <trkpt lat="35.672454" lon="139.708186">
        <name>20:03</name>
      </trkpt>
      <trkpt lat="35.672332" lon="139.708197">
        <name>20:04</name>
      </trkpt>
      <trkpt lat="35.672208" lon="139.708189">
        <name>20:05</name>
      </trkpt>
      <trkpt lat="35.672150" lon="139.708181">
        <name>20:06</name>
      </trkpt>
      <trkpt lat="35.672088" lon="139.708167">
        <name>20:07</name>
      </trkpt>
      <trkpt lat="35.672015" lon="139.708136">
        <name>20:08</name>
      </trkpt>
      <trkpt lat="35.671917" lon="139.708086">
        <name>20:09</name>
      </trkpt>
      <trkpt lat="35.671839" lon="139.708036">
        <name>20:10</name>
      </trkpt>
      <trkpt lat="35.671754" lon="139.707967">
        <name>20:11</name>
      </trkpt>
      <trkpt lat="35.671343" lon="139.707624">
        <name>20:12</name>
      </trkpt>
      <trkpt lat="35.670950" lon="139.707280">
        <name>20:13</name>
      </trkpt>
      <trkpt lat="35.670675" lon="139.707090">
        <name>20:14</name>
      </trkpt>
      <trkpt lat="35.670228" lon="139.706807">
        <name>20:15</name>
      </trkpt>
      <trkpt lat="35.670222" lon="139.706803">
        <name>20:16</name>
      </trkpt>
      <trkpt lat="35.670130" lon="139.706743">
        <name>20:17</name>
      </trkpt>
      <trkpt lat="35.670074" lon="139.706698">
        <name>20:18</name>
      </trkpt>
      <trkpt lat="35.670041" lon="139.706672">
        <name>20:19</name>
      </trkpt>
      <trkpt lat="35.669748" lon="139.706431">
        <name>20:20</name>
      </trkpt>
      <trkpt lat="35.669608" lon="139.706321">
        <name>20:21</name>
      </trkpt>
      <trkpt lat="35.669287" lon="139.706065">
        <name>20:22</name>
      </trkpt>
      <trkpt lat="35.669131" lon="139.705928">
        <name>20:23</name>
      </trkpt>
      <trkpt lat="35.669083" lon="139.705886">
        <name>20:24</name>
      </trkpt>
      <trkpt lat="35.668749" lon="139.705623">
        <name>20:25</name>
      </trkpt>
      <trkpt lat="35.668682" lon="139.705573">
        <name>20:26</name>
      </trkpt>
      <trkpt lat="35.668516" lon="139.705455">
        <name>20:27</name>
      </trkpt>
      <trkpt lat="35.668441" lon="139.705402">
        <name>20:28</name>
      </trkpt>
      <trkpt lat="35.668303" lon="139.705304">
        <name>20:29</name>
      </trkpt>
      <trkpt lat="35.667834" lon="139.704973">
        <name>20:30</name>
      </trkpt>
      <trkpt lat="35.667217" lon="139.704539">
        <name>20:31</name>
      </trkpt>
      <trkpt lat="35.666887" lon="139.704309">
        <name>20:32</name>
      </trkpt>
      <trkpt lat="35.666854" lon="139.704286">
        <name>20:33</name>
      </trkpt>
      <trkpt lat="35.666829" lon="139.704269">
        <name>20:34</name>
      </trkpt>
      <trkpt lat="35.666560" lon="139.704080">
        <name>20:35</name>
      </trkpt>
      <trkpt lat="35.666099" lon="139.703712">
        <name>20:36</name>
      </trkpt>
      <trkpt lat="35.665980" lon="139.703618">
        <name>20:37</name>
      </trkpt>
      <trkpt lat="35.665936" lon="139.703583">
        <name>20:38</name>
      </trkpt>
      <trkpt lat="35.665917" lon="139.703568">
        <name>20:39</name>
      </trkpt>
      <trkpt lat="35.665822" lon="139.703492">
        <name>20:40</name>
      </trkpt>
      <trkpt lat="35.665230" lon="139.703019">
        <name>20:41</name>
      </trkpt>
      <trkpt lat="35.664726" lon="139.702641">
        <name>20:42</name>
      </trkpt>
      <trkpt lat="35.664630" lon="139.702580">
        <name>20:43</name>
      </trkpt>
      <trkpt lat="35.664538" lon="139.702522">
        <name>20:44</name>
      </trkpt>
      <trkpt lat="35.664370" lon="139.702439">
        <name>20:45</name>
      </trkpt>
      <trkpt lat="35.664295" lon="139.702401">
        <name>20:46</name>
      </trkpt>
      <trkpt lat="35.664201" lon="139.702362">
        <name>20:47</name>
      </trkpt>
      <trkpt lat="35.664135" lon="139.702333">
        <name>20:48</name>
      </trkpt>
      <trkpt lat="35.664010" lon="139.702277">
        <name>20:49</name>
      </trkpt>
      <trkpt lat="35.663901" lon="139.702247">
        <name>20:50</name>
      </trkpt>
      <trkpt lat="35.663750" lon="139.702215">
        <name>20:51</name>
      </trkpt>
      <trkpt lat="35.663697" lon="139.702207">
        <name>20:52</name>
      </trkpt>
      <trkpt lat="35.663612" lon="139.702202">
        <name>20:53</name>
      </trkpt>
      <trkpt lat="35.663149" lon="139.702208">
        <name>20:54</name>
      </trkpt>
      <trkpt lat="35.662657" lon="139.702241">
        <name>20:55</name>
      </trkpt>
      <trkpt lat="35.662039" lon="139.702281">
        <name>20:56</name>
      </trkpt>
      <trkpt lat="35.661864" lon="139.702293">
        <name>20:57</name>
      </trkpt>
      <trkpt lat="35.661704" lon="139.702304">
        <name>20:58</name>
      </trkpt>
      <trkpt lat="35.661017" lon="139.702340">
        <name>20:59</name>
      </trkpt>
      <trkpt lat="35.660395" lon="139.702364">
        <name>21:00</name>
      </trkpt>
      <trkpt lat="35.659883" lon="139.702398">
        <name>21:01</name>
      </trkpt>
      <trkpt lat="35.659793" lon="139.702410">
        <name>21:02</name>
      </trkpt>
      <trkpt lat="35.659740" lon="139.702421">
        <name>21:03</name>
      </trkpt>
      <trkpt lat="35.659678" lon="139.702434">
        <name>21:04</name>
      </trkpt>
      <trkpt lat="35.659558" lon="139.702472">
        <name>21:05</name>
      </trkpt>
      <trkpt lat="35.659541" lon="139.702368">
        <name>21:06</name>
      </trkpt>
      <trkpt lat="35.659512" lon="139.702151">
        <name>21:07</name>
      </trkpt>
      <trkpt lat="35.659501" lon="139.702016">
        <name>21:08</name>
      </trkpt>
      <trkpt lat="35.659452" lon="139.701440">
        <name>21:09</name>
      </trkpt>
      <trkpt lat="35.659449" lon="139.701089">
        <name>21:10</name>
      </trkpt>
      <trkpt lat="35.659455" lon="139.700944">
        <name>21:11</name>
      </trkpt>
      <trkpt lat="35.659464" lon="139.700813">
        <name>21:12</name>
      </trkpt>
      <trkpt lat="35.659464" lon="139.700809">
        <name>21:13</name>
      </trkpt>
      <trkpt lat="35.659467" lon="139.700768">
        <name>21:14</name>
      </trkpt>
      <trkpt lat="35.659482" lon="139.700572">
        <name>21:15</name>
      </trkpt>
      <trkpt lat="35.659491" lon="139.700498">
        <name>21:16</name>
      </trkpt>
      <trkpt lat="35.659491" lon="139.700498">
        <name>21:17</name>
      </trkpt>
      <trkpt lat="35.659482" lon="139.700572">
        <name>21:18</name>
      </trkpt>
      <trkpt lat="35.659659" lon="139.700633">
        <name>21:19</name>
      </trkpt>
      <trkpt lat="35.659701" lon="139.700646">
        <name>21:20</name>
      </trkpt>
      <trkpt lat="35.659731" lon="139.700655">
        <name>21:21</name>
      </trkpt>
      <trkpt lat="35.660020" lon="139.700736">
        <name>21:22</name>
      </trkpt>
      <trkpt lat="35.660168" lon="139.700778">
        <name>21:23</name>
      </trkpt>
      <trkpt lat="35.660321" lon="139.700815">
        <name>21:24</name>
      </trkpt>
      <trkpt lat="35.660436" lon="139.700822">
        <name>21:25</name>
      </trkpt>
      <trkpt lat="35.660596" lon="139.700830">
        <name>21:26</name>
      </trkpt>
      <trkpt lat="35.660977" lon="139.700833">
        <name>21:27</name>
      </trkpt>
      <trkpt lat="35.661067" lon="139.700830">
        <name>21:28</name>
      </trkpt>
      <trkpt lat="35.661120" lon="139.700830">
        <name>21:29</name>
      </trkpt>
      <trkpt lat="35.661186" lon="139.700830">
        <name>21:30</name>
      </trkpt>
      <trkpt lat="35.661294" lon="139.700829">
        <name>21:31</name>
      </trkpt>
      <trkpt lat="35.662084" lon="139.700825">
        <name>21:32</name>
      </trkpt>
      <trkpt lat="35.662210" lon="139.700829">
        <name>21:33</name>
      </trkpt>
      <trkpt lat="35.662318" lon="139.700828">
        <name>21:34</name>
      </trkpt>
      <trkpt lat="35.662735" lon="139.700829">
        <name>21:35</name>
      </trkpt>
      <trkpt lat="35.662812" lon="139.700837">
        <name>21:36</name>
      </trkpt>
      <trkpt lat="35.662849" lon="139.700844">
        <name>21:37</name>
      </trkpt>
      <trkpt lat="35.662885" lon="139.700855">
        <name>21:38</name>
      </trkpt>
      <trkpt lat="35.662921" lon="139.700868">
        <name>21:39</name>
      </trkpt>
      <trkpt lat="35.662957" lon="139.700884">
        <name>21:40</name>
      </trkpt>
      <trkpt lat="35.662992" lon="139.700902">
        <name>21:41</name>
      </trkpt>
      <trkpt lat="35.663025" lon="139.700923">
        <name>21:42</name>
      </trkpt>
      <trkpt lat="35.663088" lon="139.700968">
        <name>21:43</name>
      </trkpt>
      <trkpt lat="35.663146" lon="139.701019">
        <name>21:44</name>
      </trkpt>
      <trkpt lat="35.663201" lon="139.701075">
        <name>21:45</name>
      </trkpt>
      <trkpt lat="35.663253" lon="139.701138">
        <name>21:46</name>
      </trkpt>
      <trkpt lat="35.663334" lon="139.701252">
        <name>21:47</name>
      </trkpt>
      <trkpt lat="35.663372" lon="139.701324">
        <name>21:48</name>
      </trkpt>
      <trkpt lat="35.663402" lon="139.701401">
        <name>21:49</name>
      </trkpt>
      <trkpt lat="35.663596" lon="139.702040">
        <name>21:50</name>
      </trkpt>
      <trkpt lat="35.663615" lon="139.702103">
        <name>21:51</name>
      </trkpt>
      <trkpt lat="35.663708" lon="139.702109">
        <name>21:52</name>
      </trkpt>
      <trkpt lat="35.663908" lon="139.702147">
        <name>21:53</name>
      </trkpt>
      <trkpt lat="35.664086" lon="139.702195">
        <name>21:54</name>
      </trkpt>
      <trkpt lat="35.664240" lon="139.702260">
        <name>21:55</name>
      </trkpt>
      <trkpt lat="35.664328" lon="139.702297">
        <name>21:56</name>
      </trkpt>
      <trkpt lat="35.664407" lon="139.702334">
        <name>21:57</name>
      </trkpt>
      <trkpt lat="35.664462" lon="139.702360">
        <name>21:58</name>
      </trkpt>
      <trkpt lat="35.664617" lon="139.702449">
        <name>21:59</name>
      </trkpt>
      <trkpt lat="35.664735" lon="139.702525">
        <name>22:00</name>
      </trkpt>
      <trkpt lat="35.664872" lon="139.702622">
        <name>22:01</name>
      </trkpt>
      <trkpt lat="35.665285" lon="139.702960">
        <name>22:02</name>
      </trkpt>
      <trkpt lat="35.665930" lon="139.703481">
        <name>22:03</name>
      </trkpt>
      <trkpt lat="35.665973" lon="139.703515">
        <name>22:04</name>
      </trkpt>
      <trkpt lat="35.665988" lon="139.703527">
        <name>22:05</name>
      </trkpt>
      <trkpt lat="35.666043" lon="139.703571">
        <name>22:06</name>
      </trkpt>
      <trkpt lat="35.666464" lon="139.703912">
        <name>22:07</name>
      </trkpt>
      <trkpt lat="35.666594" lon="139.704017">
        <name>22:08</name>
      </trkpt>
      <trkpt lat="35.666719" lon="139.704106">
        <name>22:09</name>
      </trkpt>
      <trkpt lat="35.666849" lon="139.704192">
        <name>22:10</name>
      </trkpt>
      <trkpt lat="35.666887" lon="139.704218">
        <name>22:11</name>
      </trkpt>
      <trkpt lat="35.666899" lon="139.704226">
        <name>22:12</name>
      </trkpt>
      <trkpt lat="35.667109" lon="139.704371">
        <name>22:13</name>
      </trkpt>
      <trkpt lat="35.667881" lon="139.704915">
        <name>22:14</name>
      </trkpt>
      <trkpt lat="35.668013" lon="139.705014">
        <name>22:15</name>
      </trkpt>
      <trkpt lat="35.668276" lon="139.705195">
        <name>22:16</name>
      </trkpt>
      <trkpt lat="35.668335" lon="139.705238">
        <name>22:17</name>
      </trkpt>
      <trkpt lat="35.668471" lon="139.705338">
        <name>22:18</name>
      </trkpt>
      <trkpt lat="35.668545" lon="139.705392">
        <name>22:19</name>
      </trkpt>
      <trkpt lat="35.668711" lon="139.705514">
        <name>22:20</name>
      </trkpt>
      <trkpt lat="35.669143" lon="139.705840">
        <name>22:21</name>
      </trkpt>
      <trkpt lat="35.669429" lon="139.706075">
        <name>22:22</name>
      </trkpt>
      <trkpt lat="35.669619" lon="139.706231">
        <name>22:23</name>
      </trkpt>
      <trkpt lat="35.670033" lon="139.706568">
        <name>22:24</name>
      </trkpt>
      <trkpt lat="35.670113" lon="139.706630">
        <name>22:25</name>
      </trkpt>
      <trkpt lat="35.670208" lon="139.706705">
        <name>22:26</name>
      </trkpt>
      <trkpt lat="35.670261" lon="139.706738">
        <name>22:27</name>
      </trkpt>
      <trkpt lat="35.670828" lon="139.707091">
        <name>22:28</name>
      </trkpt>
      <trkpt lat="35.670863" lon="139.707119">
        <name>22:29</name>
      </trkpt>
      <trkpt lat="35.670983" lon="139.707217">
        <name>22:30</name>
      </trkpt>
      <trkpt lat="35.671392" lon="139.707561">
        <name>22:31</name>
      </trkpt>
      <trkpt lat="35.671476" lon="139.707634">
        <name>22:32</name>
      </trkpt>
      <trkpt lat="35.671786" lon="139.707902">
        <name>22:33</name>
      </trkpt>
      <trkpt lat="35.671877" lon="139.707965">
        <name>22:34</name>
      </trkpt>
      <trkpt lat="35.671949" lon="139.708006">
        <name>22:35</name>
      </trkpt>
      <trkpt lat="35.672036" lon="139.708052">
        <name>22:36</name>
      </trkpt>
      <trkpt lat="35.672111" lon="139.708080">
        <name>22:37</name>
      </trkpt>
      <trkpt lat="35.672186" lon="139.708095">
        <name>22:38</name>
      </trkpt>
      <trkpt lat="35.672255" lon="139.708103">
        <name>22:39</name>
      </trkpt>
      <trkpt lat="35.672384" lon="139.708106">
        <name>22:40</name>
      </trkpt>
      <trkpt lat="35.672486" lon="139.708099">
        <name>22:41</name>
      </trkpt>
      <trkpt lat="35.672582" lon="139.708080">
        <name>22:42</name>
      </trkpt>
      <trkpt lat="35.672622" lon="139.708068">
        <name>22:43</name>
      </trkpt>
      <trkpt lat="35.672722" lon="139.708034">
        <name>22:44</name>
      </trkpt>
      <trkpt lat="35.672888" lon="139.707964">
        <name>22:45</name>
      </trkpt>
      <trkpt lat="35.673358" lon="139.707715">
        <name>22:46</name>
      </trkpt>
      <trkpt lat="35.673538" lon="139.707633">
        <name>22:47</name>
      </trkpt>
      <trkpt lat="35.674108" lon="139.707363">
        <name>22:48</name>
      </trkpt>
      <trkpt lat="35.674499" lon="139.707107">
        <name>22:49</name>
      </trkpt>
      <trkpt lat="35.674613" lon="139.707021">
        <name>22:50</name>
      </trkpt>
      <trkpt lat="35.674721" lon="139.706942">
        <name>22:51</name>
      </trkpt>
      <trkpt lat="35.674851" lon="139.706855">
        <name>22:52</name>
      </trkpt>
      <trkpt lat="35.675207" lon="139.706733">
        <name>22:53</name>
      </trkpt>
      <trkpt lat="35.675325" lon="139.706698">
        <name>22:54</name>
      </trkpt>
      <trkpt lat="35.675546" lon="139.706626">
        <name>22:55</name>
      </trkpt>
      <trkpt lat="35.675615" lon="139.706604">
        <name>22:56</name>
      </trkpt>
      <trkpt lat="35.676177" lon="139.706460">
        <name>22:57</name>
      </trkpt>
      <trkpt lat="35.676454" lon="139.706383">
        <name>22:58</name>
      </trkpt>
      <trkpt lat="35.676553" lon="139.706357">
        <name>22:59</name>
      </trkpt>
      <trkpt lat="35.676724" lon="139.706316">
        <name>23:00</name>
      </trkpt>
      <trkpt lat="35.677216" lon="139.706184">
        <name>23:01</name>
      </trkpt>
      <trkpt lat="35.677374" lon="139.706139">
        <name>23:02</name>
      </trkpt>
      <trkpt lat="35.677454" lon="139.706111">
        <name>23:03</name>
      </trkpt>
      <trkpt lat="35.677550" lon="139.706072">
        <name>23:04</name>
      </trkpt>
      <trkpt lat="35.677648" lon="139.706023">
        <name>23:05</name>
      </trkpt>
      <trkpt lat="35.677803" lon="139.705930">
        <name>23:06</name>
      </trkpt>
      <trkpt lat="35.678200" lon="139.705636">
        <name>23:07</name>
      </trkpt>
      <trkpt lat="35.678260" lon="139.705593">
        <name>23:08</name>
      </trkpt>
      <trkpt lat="35.678328" lon="139.705545">
        <name>23:09</name>
      </trkpt>
      <trkpt lat="35.678755" lon="139.705210">
        <name>23:10</name>
      </trkpt>
      <trkpt lat="35.679076" lon="139.704959">
        <name>23:11</name>
      </trkpt>
      <trkpt lat="35.679370" lon="139.704710">
        <name>23:12</name>
      </trkpt>
      <trkpt lat="35.679555" lon="139.704628">
        <name>23:13</name>
      </trkpt>
      <trkpt lat="35.679709" lon="139.704572">
        <name>23:14</name>
      </trkpt>
      <trkpt lat="35.679921" lon="139.704520">
        <name>23:15</name>
      </trkpt>
      <trkpt lat="35.680034" lon="139.704511">
        <name>23:16</name>
      </trkpt>
      <trkpt lat="35.680192" lon="139.704510">
        <name>23:17</name>
      </trkpt>
      <trkpt lat="35.680244" lon="139.704509">
        <name>23:18</name>
      </trkpt>
      <trkpt lat="35.680360" lon="139.704510">
        <name>23:19</name>
      </trkpt>
      <trkpt lat="35.680467" lon="139.704511">
        <name>23:20</name>
      </trkpt>
      <trkpt lat="35.680747" lon="139.704521">
        <name>23:21</name>
      </trkpt>
      <trkpt lat="35.680823" lon="139.704511">
        <name>23:22</name>
      </trkpt>
      <trkpt lat="35.680934" lon="139.704517">
        <name>23:23</name>
      </trkpt>
      <trkpt lat="35.681597" lon="139.704529">
        <name>23:24</name>
      </trkpt>
      <trkpt lat="35.682394" lon="139.704534">
        <name>23:25</name>
      </trkpt>
      <trkpt lat="35.682421" lon="139.704534">
        <name>23:26</name>
      </trkpt>
      <trkpt lat="35.682719" lon="139.704538">
        <name>23:27</name>
      </trkpt>
      <trkpt lat="35.682845" lon="139.704539">
        <name>23:28</name>
      </trkpt>
      <trkpt lat="35.683096" lon="139.704483">
        <name>23:29</name>
      </trkpt>
      <trkpt lat="35.683167" lon="139.704465">
        <name>23:30</name>
      </trkpt>
      <trkpt lat="35.683277" lon="139.704442">
        <name>23:31</name>
      </trkpt>
      <trkpt lat="35.683422" lon="139.704394">
        <name>23:32</name>
      </trkpt>
      <trkpt lat="35.683555" lon="139.704334">
        <name>23:33</name>
      </trkpt>
      <trkpt lat="35.683635" lon="139.704297">
        <name>23:34</name>
      </trkpt>
      <trkpt lat="35.683755" lon="139.704233">
        <name>23:35</name>
      </trkpt>
      <trkpt lat="35.683848" lon="139.704173">
        <name>23:36</name>
      </trkpt>
      <trkpt lat="35.683996" lon="139.704054">
        <name>23:37</name>
      </trkpt>
      <trkpt lat="35.684162" lon="139.703935">
        <name>23:38</name>
      </trkpt>
      <trkpt lat="35.684380" lon="139.703822">
        <name>23:39</name>
      </trkpt>
      <trkpt lat="35.684453" lon="139.703794">
        <name>23:40</name>
      </trkpt>
      <trkpt lat="35.684556" lon="139.703762">
        <name>23:41</name>
      </trkpt>
      <trkpt lat="35.684683" lon="139.703723">
        <name>23:42</name>
      </trkpt>
      <trkpt lat="35.685330" lon="139.703547">
        <name>23:43</name>
      </trkpt>
      <trkpt lat="35.686072" lon="139.703335">
        <name>23:44</name>
      </trkpt>
      <trkpt lat="35.686277" lon="139.703274">
        <name>23:45</name>
      </trkpt>
      <trkpt lat="35.686713" lon="139.703144">
        <name>23:46</name>
      </trkpt>
      <trkpt lat="35.686822" lon="139.703112">
        <name>23:47</name>
      </trkpt>
      <trkpt lat="35.686902" lon="139.703088">
        <name>23:48</name>
      </trkpt>
      <trkpt lat="35.687095" lon="139.703038">
        <name>23:49</name>
      </trkpt>
      <trkpt lat="35.687253" lon="139.702995">
        <name>23:50</name>
      </trkpt>
      <trkpt lat="35.687490" lon="139.702929">
        <name>23:51</name>
      </trkpt>
      <trkpt lat="35.687524" lon="139.702920">
        <name>23:52</name>
      </trkpt>
      <trkpt lat="35.687589" lon="139.702901">
        <name>23:53</name>
      </trkpt>
      <trkpt lat="35.687805" lon="139.702844">
        <name>23:54</name>
      </trkpt>
      <trkpt lat="35.687871" lon="139.702838">
        <name>23:55</name>
      </trkpt>
      <trkpt lat="35.687924" lon="139.702842">
        <name>23:56</name>
      </trkpt>
      <trkpt lat="35.687981" lon="139.702858">
        <name>23:57</name>
      </trkpt>
      <trkpt lat="35.688034" lon="139.702886">
        <name>23:58</name>
      </trkpt>
      <trkpt lat="35.688130" lon="139.702956">
        <name>23:59</name>
      </trkpt>
      <trkpt lat="35.688299" lon="139.703071">
        <name>24:00</name>
      </trkpt>
      <trkpt lat="35.689464" lon="139.703879">
        <name>24:01</name>
      </trkpt>
      <trkpt lat="35.689544" lon="139.703847">
        <name>24:02</name>
      </trkpt>
      <trkpt lat="35.689570" lon="139.703822">
        <name>24:03</name>
      </trkpt>
      <trkpt lat="35.689623" lon="139.703673">
        <name>24:04</name>
      </trkpt>
      <trkpt lat="35.689581" lon="139.703619">
        <name>24:05</name>
      </trkpt>
      <trkpt lat="35.689566" lon="139.703564">
        <name>24:06</name>
      </trkpt>
      <trkpt lat="35.689500" lon="139.703081">
        <name>24:07</name>
      </trkpt>
      <trkpt lat="35.689436" lon="139.702713">
        <name>24:08</name>
      </trkpt>
      <trkpt lat="35.689329" lon="139.702268">
        <name>24:09</name>
      </trkpt>
      <trkpt lat="35.689332" lon="139.702170">
        <name>24:10</name>
      </trkpt>
      <trkpt lat="35.689588" lon="139.702098">
        <name>24:11</name>
      </trkpt>
      <trkpt lat="35.689689" lon="139.701993">
        <name>24:12</name>
      </trkpt>
      <trkpt lat="35.689730" lon="139.701948">
        <name>24:13</name>
      </trkpt>
      <trkpt lat="35.689765" lon="139.701911">
        <name>24:14</name>
      </trkpt>
      <trkpt lat="35.689800" lon="139.701881">
        <name>24:15</name>
      </trkpt>
      <trkpt lat="35.689831" lon="139.701868">
        <name>24:16</name>
      </trkpt>
      <trkpt lat="35.690666" lon="139.701511">
        <name>24:17</name>
      </trkpt>
      <trkpt lat="35.690721" lon="139.701487">
        <name>24:18</name>
      </trkpt>
      <trkpt lat="35.690787" lon="139.701435">
        <name>24:19</name>
      </trkpt>
      <trkpt lat="35.690816" lon="139.701422">
        <name>24:20</name>
      </trkpt>
      <trkpt lat="35.690842" lon="139.701419">
        <name>24:21</name>
      </trkpt>
      <trkpt lat="35.690871" lon="139.701414">
        <name>24:22</name>
      </trkpt>
      <trkpt lat="35.690910" lon="139.701415">
        <name>24:23</name>
      </trkpt>
      <trkpt lat="35.691129" lon="139.701388">
        <name>24:24</name>
      </trkpt>
      <trkpt lat="35.691185" lon="139.701381">
        <name>24:25</name>
      </trkpt>
      <trkpt lat="35.691211" lon="139.701378">
        <name>24:26</name>
      </trkpt>
      <trkpt lat="35.691241" lon="139.701378">
        <name>24:27</name>
      </trkpt>
      <trkpt lat="35.691297" lon="139.701371">
        <name>24:28</name>
      </trkpt>
      <trkpt lat="35.691319" lon="139.701372">
        <name>24:29</name>
      </trkpt>
      <trkpt lat="35.691339" lon="139.701377">
        <name>24:30</name>
      </trkpt>
      <trkpt lat="35.691351" lon="139.701386">
        <name>24:31</name>
      </trkpt>
      <trkpt lat="35.691366" lon="139.701402">
        <name>24:32</name>
      </trkpt>
      <trkpt lat="35.691378" lon="139.701539">
        <name>24:33</name>
      </trkpt>
      <trkpt lat="35.691384" lon="139.701591">
        <name>24:34</name>
      </trkpt>
      <trkpt lat="35.691358" lon="139.701613">
        <name>24:35</name>
      </trkpt>
      <trkpt lat="35.691344" lon="139.701705">
        <name>24:36</name>
      </trkpt>
      <trkpt lat="35.691315" lon="139.701896">
        <name>24:37</name>
      </trkpt>
      <trkpt lat="35.691469" lon="139.701982">
        <name>24:38</name>
      </trkpt>
      <trkpt lat="35.691469" lon="139.701982">
        <name>24:39</name>
      </trkpt>
      <trkpt lat="35.691654" lon="139.702086">
        <name>24:40</name>
      </trkpt>
      <trkpt lat="35.691807" lon="139.701678">
        <name>24:41</name>
      </trkpt>
      <trkpt lat="35.691841" lon="139.701554">
        <name>24:42</name>
      </trkpt>
      <trkpt lat="35.691860" lon="139.701560">
        <name>24:43</name>
      </trkpt>
      <trkpt lat="35.691889" lon="139.701572">
        <name>24:44</name>
      </trkpt>
      <trkpt lat="35.691909" lon="139.701582">
        <name>24:45</name>
      </trkpt>
      <trkpt lat="35.692090" lon="139.701686">
        <name>24:46</name>
      </trkpt>
      <trkpt lat="35.692133" lon="139.701710">
        <name>24:47</name>
      </trkpt>
      <trkpt lat="35.692228" lon="139.701759">
        <name>24:48</name>
      </trkpt>
      <trkpt lat="35.692251" lon="139.701771">
        <name>24:49</name>
      </trkpt>
      <trkpt lat="35.692281" lon="139.701665">
        <name>24:50</name>
      </trkpt>
      <trkpt lat="35.692292" lon="139.701616">
        <name>24:51</name>
      </trkpt>
      <trkpt lat="35.692428" lon="139.700984">
        <name>24:52</name>
      </trkpt>
      <trkpt lat="35.692439" lon="139.700932">
        <name>24:53</name>
      </trkpt>
      <trkpt lat="35.692461" lon="139.700832">
        <name>24:54</name>
      </trkpt>
      <trkpt lat="35.692472" lon="139.700719">
        <name>24:55</name>
      </trkpt>
      <trkpt lat="35.692484" lon="139.700696">
        <name>24:56</name>
      </trkpt>
      <trkpt lat="35.692498" lon="139.700667">
        <name>24:57</name>
      </trkpt>
      <trkpt lat="35.692518" lon="139.700632">
        <name>24:58</name>
      </trkpt>
      <trkpt lat="35.692544" lon="139.700596">
        <name>24:59</name>
      </trkpt>
      <trkpt lat="35.692581" lon="139.700558">
        <name>25:00</name>
      </trkpt>
      <trkpt lat="35.692627" lon="139.700524">
        <name>25:01</name>
      </trkpt>
      <trkpt lat="35.692665" lon="139.700501">
        <name>25:02</name>
      </trkpt>
      <trkpt lat="35.692705" lon="139.700480">
        <name>25:03</name>
      </trkpt>
      <trkpt lat="35.692847" lon="139.700417">
        <name>25:04</name>
      </trkpt>
      <trkpt lat="35.692877" lon="139.700405">
        <name>25:05</name>
      </trkpt>
      <trkpt lat="35.692923" lon="139.700388">
        <name>25:06</name>
      </trkpt>
      <trkpt lat="35.692973" lon="139.700375">
        <name>25:07</name>
      </trkpt>
      <trkpt lat="35.693228" lon="139.700315">
        <name>25:08</name>
      </trkpt>
      <trkpt lat="35.693271" lon="139.700305">
        <name>25:09</name>
      </trkpt>
      <trkpt lat="35.693339" lon="139.700292">
        <name>25:10</name>
      </trkpt>
      <trkpt lat="35.693390" lon="139.700297">
        <name>25:11</name>
      </trkpt>
      <trkpt lat="35.693436" lon="139.700314">
        <name>25:12</name>
      </trkpt>
      <trkpt lat="35.693492" lon="139.700355">
        <name>25:13</name>
      </trkpt>
      <trkpt lat="35.693554" lon="139.700405">
        <name>25:14</name>
      </trkpt>
      <trkpt lat="35.693616" lon="139.700440">
        <name>25:15</name>
      </trkpt>
      <trkpt lat="35.693670" lon="139.700478">
        <name>25:16</name>
      </trkpt>
      <trkpt lat="35.693714" lon="139.700516">
        <name>25:17</name>
      </trkpt>
      <trkpt lat="35.693750" lon="139.700549">
        <name>25:18</name>
      </trkpt>
      <trkpt lat="35.693765" lon="139.700561">
        <name>25:19</name>
      </trkpt>
      <trkpt lat="35.693784" lon="139.700571">
        <name>25:20</name>
      </trkpt>
      <trkpt lat="35.693802" lon="139.700574">
        <name>25:21</name>
      </trkpt>
      <trkpt lat="35.693803" lon="139.700668">
        <name>25:22</name>
      </trkpt>
      <trkpt lat="35.693796" lon="139.700727">
        <name>25:23</name>
      </trkpt>
      <trkpt lat="35.693765" lon="139.700870">
        <name>25:24</name>
      </trkpt>
      <trkpt lat="35.693751" lon="139.700932">
        <name>25:25</name>
      </trkpt>
      <trkpt lat="35.693739" lon="139.700988">
        <name>25:26</name>
      </trkpt>
      <trkpt lat="35.693670" lon="139.701285">
        <name>25:27</name>
      </trkpt>
      <trkpt lat="35.693652" lon="139.701365">
        <name>25:28</name>
      </trkpt>
      <trkpt lat="35.693624" lon="139.701489">
        <name>25:29</name>
      </trkpt>
      <trkpt lat="35.693615" lon="139.701532">
        <name>25:30</name>
      </trkpt>
      <trkpt lat="35.693466" lon="139.702213">
        <name>25:31</name>
      </trkpt>
      <trkpt lat="35.693447" lon="139.702298">
        <name>25:32</name>
      </trkpt>
      <trkpt lat="35.693431" lon="139.702368">
        <name>25:33</name>
      </trkpt>
      <trkpt lat="35.693334" lon="139.702804">
        <name>25:34</name>
      </trkpt>
      <trkpt lat="35.693193" lon="139.703294">
        <name>25:35</name>
      </trkpt>
      <trkpt lat="35.693174" lon="139.703362">
        <name>25:36</name>
      </trkpt>
      <trkpt lat="35.693141" lon="139.703482">
        <name>25:37</name>
      </trkpt>
      <trkpt lat="35.693246" lon="139.703529">
        <name>25:38</name>
      </trkpt>
      <trkpt lat="35.693315" lon="139.703561">
        <name>25:39</name>
      </trkpt>
      <trkpt lat="35.693462" lon="139.703629">
        <name>25:40</name>
      </trkpt>
      <trkpt lat="35.693540" lon="139.703666">
        <name>25:41</name>
      </trkpt>
      <trkpt lat="35.693750" lon="139.703764">
        <name>25:42</name>
      </trkpt>
      <trkpt lat="35.693750" lon="139.703764">
        <name>25:43</name>
      </trkpt>
      <trkpt lat="35.693540" lon="139.703666">
        <name>25:44</name>
      </trkpt>
      <trkpt lat="35.693462" lon="139.703629">
        <name>25:45</name>
      </trkpt>
      <trkpt lat="35.693315" lon="139.703561">
        <name>25:46</name>
      </trkpt>
      <trkpt lat="35.693246" lon="139.703529">
        <name>25:47</name>
      </trkpt>
      <trkpt lat="35.693141" lon="139.703482">
        <name>25:48</name>
      </trkpt>
      <trkpt lat="35.693021" lon="139.703427">
        <name>25:49</name>
      </trkpt>
      <trkpt lat="35.693054" lon="139.703311">
        <name>25:50</name>
      </trkpt>
      <trkpt lat="35.693066" lon="139.703265">
        <name>25:51</name>
      </trkpt>
      <trkpt lat="35.693196" lon="139.702808">
        <name>25:52</name>
      </trkpt>
      <trkpt lat="35.693224" lon="139.702686">
        <name>25:53</name>
      </trkpt>
      <trkpt lat="35.693290" lon="139.702404">
        <name>25:54</name>
      </trkpt>
      <trkpt lat="35.693308" lon="139.702326">
        <name>25:55</name>
      </trkpt>
      <trkpt lat="35.693326" lon="139.702246">
        <name>25:56</name>
      </trkpt>
      <trkpt lat="35.693453" lon="139.701673">
        <name>25:57</name>
      </trkpt>
      <trkpt lat="35.693473" lon="139.701582">
        <name>25:58</name>
      </trkpt>
      <trkpt lat="35.693493" lon="139.701491">
        <name>25:59</name>
      </trkpt>
      <trkpt lat="35.693518" lon="139.701379">
        <name>26:00</name>
      </trkpt>
      <trkpt lat="35.693528" lon="139.701329">
        <name>26:01</name>
      </trkpt>
      <trkpt lat="35.693598" lon="139.700967">
        <name>26:02</name>
      </trkpt>
      <trkpt lat="35.693609" lon="139.700904">
        <name>26:03</name>
      </trkpt>
      <trkpt lat="35.693618" lon="139.700846">
        <name>26:04</name>
      </trkpt>
      <trkpt lat="35.693624" lon="139.700799">
        <name>26:05</name>
      </trkpt>
      <trkpt lat="35.693625" lon="139.700754">
        <name>26:06</name>
      </trkpt>
      <trkpt lat="35.693624" lon="139.700713">
        <name>26:07</name>
      </trkpt>
      <trkpt lat="35.693619" lon="139.700669">
        <name>26:08</name>
      </trkpt>
      <trkpt lat="35.693600" lon="139.700587">
        <name>26:09</name>
      </trkpt>
      <trkpt lat="35.693554" lon="139.700405">
        <name>26:10</name>
      </trkpt>
      <trkpt lat="35.693489" lon="139.700380">
        <name>26:11</name>
      </trkpt>
      <trkpt lat="35.693438" lon="139.700366">
        <name>26:12</name>
      </trkpt>
      <trkpt lat="35.693391" lon="139.700363">
        <name>26:13</name>
      </trkpt>
      <trkpt lat="35.693350" lon="139.700366">
        <name>26:14</name>
      </trkpt>
      <trkpt lat="35.693281" lon="139.700379">
        <name>26:15</name>
      </trkpt>
      <trkpt lat="35.693186" lon="139.700402">
        <name>26:16</name>
      </trkpt>
      <trkpt lat="35.692956" lon="139.700460">
        <name>26:17</name>
      </trkpt>
      <trkpt lat="35.692926" lon="139.700469">
        <name>26:18</name>
      </trkpt>
      <trkpt lat="35.692898" lon="139.700478">
        <name>26:19</name>
      </trkpt>
      <trkpt lat="35.692866" lon="139.700489">
        <name>26:20</name>
      </trkpt>
      <trkpt lat="35.692758" lon="139.700539">
        <name>26:21</name>
      </trkpt>
      <trkpt lat="35.692718" lon="139.700557">
        <name>26:22</name>
      </trkpt>
      <trkpt lat="35.692681" lon="139.700577">
        <name>26:23</name>
      </trkpt>
      <trkpt lat="35.692645" lon="139.700600">
        <name>26:24</name>
      </trkpt>
      <trkpt lat="35.692612" lon="139.700629">
        <name>26:25</name>
      </trkpt>
      <trkpt lat="35.692586" lon="139.700657">
        <name>26:26</name>
      </trkpt>
      <trkpt lat="35.692562" lon="139.700686">
        <name>26:27</name>
      </trkpt>
      <trkpt lat="35.692549" lon="139.700707">
        <name>26:28</name>
      </trkpt>
      <trkpt lat="35.692539" lon="139.700727">
        <name>26:29</name>
      </trkpt>
      <trkpt lat="35.692527" lon="139.700752">
        <name>26:30</name>
      </trkpt>
      <trkpt lat="35.692461" lon="139.700832">
        <name>26:31</name>
      </trkpt>
      <trkpt lat="35.692439" lon="139.700932">
        <name>26:32</name>
      </trkpt>
      <trkpt lat="35.692428" lon="139.700984">
        <name>26:33</name>
      </trkpt>
      <trkpt lat="35.692292" lon="139.701616">
        <name>26:34</name>
      </trkpt>
      <trkpt lat="35.692281" lon="139.701665">
        <name>26:35</name>
      </trkpt>
      <trkpt lat="35.692251" lon="139.701771">
        <name>26:36</name>
      </trkpt>
      <trkpt lat="35.692228" lon="139.701759">
        <name>26:37</name>
      </trkpt>
      <trkpt lat="35.692133" lon="139.701710">
        <name>26:38</name>
      </trkpt>
      <trkpt lat="35.692090" lon="139.701686">
        <name>26:39</name>
      </trkpt>
      <trkpt lat="35.691909" lon="139.701582">
        <name>26:40</name>
      </trkpt>
      <trkpt lat="35.691889" lon="139.701572">
        <name>26:41</name>
      </trkpt>
      <trkpt lat="35.691860" lon="139.701560">
        <name>26:42</name>
      </trkpt>
      <trkpt lat="35.691841" lon="139.701554">
        <name>26:43</name>
      </trkpt>
      <trkpt lat="35.691819" lon="139.701548">
        <name>26:44</name>
      </trkpt>
      <trkpt lat="35.691791" lon="139.701543">
        <name>26:45</name>
      </trkpt>
      <trkpt lat="35.691770" lon="139.701542">
        <name>26:46</name>
      </trkpt>
      <trkpt lat="35.691752" lon="139.701543">
        <name>26:47</name>
      </trkpt>
      <trkpt lat="35.691479" lon="139.701578">
        <name>26:48</name>
      </trkpt>
      <trkpt lat="35.691384" lon="139.701591">
        <name>26:49</name>
      </trkpt>
      <trkpt lat="35.691358" lon="139.701613">
        <name>26:50</name>
      </trkpt>
      <trkpt lat="35.691344" lon="139.701705">
        <name>26:51</name>
      </trkpt>
      <trkpt lat="35.691315" lon="139.701896">
        <name>26:52</name>
      </trkpt>
      <trkpt lat="35.691417" lon="139.701953">
        <name>26:53</name>
      </trkpt>
      <trkpt lat="35.691417" lon="139.701953">
        <name>26:54</name>
      </trkpt>
      <trkpt lat="35.691654" lon="139.702086">
        <name>26:55</name>
      </trkpt>
      <trkpt lat="35.691807" lon="139.701678">
        <name>26:56</name>
      </trkpt>
      <trkpt lat="35.691841" lon="139.701554">
        <name>26:57</name>
      </trkpt>
      <trkpt lat="35.691860" lon="139.701560">
        <name>26:58</name>
      </trkpt>
      <trkpt lat="35.691889" lon="139.701572">
        <name>26:59</name>
      </trkpt>
      <trkpt lat="35.691909" lon="139.701582">
        <name>27:00</name>
      </trkpt>
      <trkpt lat="35.692090" lon="139.701686">
        <name>27:01</name>
      </trkpt>
      <trkpt lat="35.692133" lon="139.701710">
        <name>27:02</name>
      </trkpt>
      <trkpt lat="35.692228" lon="139.701759">
        <name>27:03</name>
      </trkpt>
      <trkpt lat="35.692251" lon="139.701771">
        <name>27:04</name>
      </trkpt>
      <trkpt lat="35.692281" lon="139.701665">
        <name>27:05</name>
      </trkpt>
      <trkpt lat="35.692292" lon="139.701616">
        <name>27:06</name>
      </trkpt>
      <trkpt lat="35.692428" lon="139.700984">
        <name>27:07</name>
      </trkpt>
      <trkpt lat="35.692439" lon="139.700932">
        <name>27:08</name>
      </trkpt>
      <trkpt lat="35.692461" lon="139.700832">
        <name>27:09</name>
      </trkpt>
      <trkpt lat="35.692472" lon="139.700719">
        <name>27:10</name>
      </trkpt>
      <trkpt lat="35.692484" lon="139.700696">
        <name>27:11</name>
      </trkpt>
      <trkpt lat="35.692498" lon="139.700667">
        <name>27:12</name>
      </trkpt>
      <trkpt lat="35.692518" lon="139.700632">
        <name>27:13</name>
      </trkpt>
      <trkpt lat="35.692544" lon="139.700596">
        <name>27:14</name>
      </trkpt>
      <trkpt lat="35.692581" lon="139.700558">
        <name>27:15</name>
      </trkpt>
      <trkpt lat="35.692627" lon="139.700524">
        <name>27:16</name>
      </trkpt>
      <trkpt lat="35.692665" lon="139.700501">
        <name>27:17</name>
      </trkpt>
      <trkpt lat="35.692705" lon="139.700480">
        <name>27:18</name>
      </trkpt>
      <trkpt lat="35.692847" lon="139.700417">
        <name>27:19</name>
      </trkpt>
      <trkpt lat="35.692877" lon="139.700405">
        <name>27:20</name>
      </trkpt>
      <trkpt lat="35.692923" lon="139.700388">
        <name>27:21</name>
      </trkpt>
      <trkpt lat="35.692973" lon="139.700375">
        <name>27:22</name>
      </trkpt>
      <trkpt lat="35.693228" lon="139.700315">
        <name>27:23</name>
      </trkpt>
      <trkpt lat="35.693271" lon="139.700305">
        <name>27:24</name>
      </trkpt>
      <trkpt lat="35.693339" lon="139.700292">
        <name>27:25</name>
      </trkpt>
      <trkpt lat="35.693390" lon="139.700297">
        <name>27:26</name>
      </trkpt>
      <trkpt lat="35.693436" lon="139.700314">
        <name>27:27</name>
      </trkpt>
      <trkpt lat="35.693492" lon="139.700355">
        <name>27:28</name>
      </trkpt>
      <trkpt lat="35.693554" lon="139.700405">
        <name>27:29</name>
      </trkpt>
      <trkpt lat="35.693616" lon="139.700440">
        <name>27:30</name>
      </trkpt>
      <trkpt lat="35.693670" lon="139.700478">
        <name>27:31</name>
      </trkpt>
      <trkpt lat="35.693714" lon="139.700516">
        <name>27:32</name>
      </trkpt>
      <trkpt lat="35.693750" lon="139.700549">
        <name>27:33</name>
      </trkpt>
      <trkpt lat="35.693765" lon="139.700561">
        <name>27:34</name>
      </trkpt>
      <trkpt lat="35.693784" lon="139.700571">
        <name>27:35</name>
      </trkpt>
      <trkpt lat="35.693802" lon="139.700574">
        <name>27:36</name>
      </trkpt>
      <trkpt lat="35.693803" lon="139.700668">
        <name>27:37</name>
      </trkpt>
      <trkpt lat="35.693796" lon="139.700727">
        <name>27:38</name>
      </trkpt>
      <trkpt lat="35.693765" lon="139.700870">
        <name>27:39</name>
      </trkpt>
      <trkpt lat="35.693751" lon="139.700932">
        <name>27:40</name>
      </trkpt>
      <trkpt lat="35.693739" lon="139.700988">
        <name>27:41</name>
      </trkpt>
      <trkpt lat="35.693670" lon="139.701285">
        <name>27:42</name>
      </trkpt>
      <trkpt lat="35.693652" lon="139.701365">
        <name>27:43</name>
      </trkpt>
      <trkpt lat="35.693624" lon="139.701489">
        <name>27:44</name>
      </trkpt>
      <trkpt lat="35.693615" lon="139.701532">
        <name>27:45</name>
      </trkpt>
      <trkpt lat="35.693466" lon="139.702213">
        <name>27:46</name>
      </trkpt>
      <trkpt lat="35.693447" lon="139.702298">
        <name>27:47</name>
      </trkpt>
      <trkpt lat="35.693431" lon="139.702368">
        <name>27:48</name>
      </trkpt>
      <trkpt lat="35.693334" lon="139.702804">
        <name>27:49</name>
      </trkpt>
      <trkpt lat="35.693424" lon="139.702848">
        <name>27:50</name>
      </trkpt>
      <trkpt lat="35.693446" lon="139.702853">
        <name>27:51</name>
      </trkpt>
      <trkpt lat="35.693463" lon="139.702862">
        <name>27:52</name>
      </trkpt>
      <trkpt lat="35.693646" lon="139.702953">
        <name>27:53</name>
      </trkpt>
      <trkpt lat="35.694054" lon="139.703160">
        <name>27:54</name>
      </trkpt>
      <trkpt lat="35.694365" lon="139.703324">
        <name>27:55</name>
      </trkpt>
      <trkpt lat="35.694470" lon="139.703376">
        <name>27:56</name>
      </trkpt>
      <trkpt lat="35.694863" lon="139.703571">
        <name>27:57</name>
      </trkpt>
      <trkpt lat="35.694969" lon="139.703623">
        <name>27:58</name>
      </trkpt>
      <trkpt lat="35.695062" lon="139.703669">
        <name>27:59</name>
      </trkpt>
      <trkpt lat="35.695098" lon="139.703687">
        <name>28:00</name>
      </trkpt>
      <trkpt lat="35.695124" lon="139.703577">
        <name>28:01</name>
      </trkpt>
      <trkpt lat="35.695166" lon="139.703407">
        <name>28:02</name>
      </trkpt>
      <trkpt lat="35.695183" lon="139.703364">
        <name>28:03</name>
      </trkpt>
      <trkpt lat="35.695220" lon="139.703375">
        <name>28:04</name>
      </trkpt>
      <trkpt lat="35.695290" lon="139.703395">
        <name>28:05</name>
      </trkpt>
      <trkpt lat="35.695508" lon="139.703458">
        <name>28:06</name>
      </trkpt>
      <trkpt lat="35.695508" lon="139.703458">
        <name>28:07</name>
      </trkpt>
      <trkpt lat="35.695640" lon="139.703496">
        <name>28:08</name>
      </trkpt>
      <trkpt lat="35.695961" lon="139.703571">
        <name>28:09</name>
      </trkpt>
      <trkpt lat="35.695845" lon="139.704202">
        <name>28:10</name>
      </trkpt>
      <trkpt lat="35.695797" lon="139.704458">
        <name>28:11</name>
      </trkpt>
      <trkpt lat="35.695785" lon="139.704525">
        <name>28:12</name>
      </trkpt>
      <trkpt lat="35.695037" lon="139.704332">
        <name>28:13</name>
      </trkpt>
      <trkpt lat="35.694973" lon="139.704310">
        <name>28:14</name>
      </trkpt>
      <trkpt lat="35.694863" lon="139.704266">
        <name>28:15</name>
      </trkpt>
      <trkpt lat="35.694197" lon="139.703962">
        <name>28:16</name>
      </trkpt>
      <trkpt lat="35.693897" lon="139.703832">
        <name>28:17</name>
      </trkpt>
      <trkpt lat="35.693540" lon="139.703666">
        <name>28:18</name>
      </trkpt>
      <trkpt lat="35.693462" lon="139.703629">
        <name>28:19</name>
      </trkpt>
      <trkpt lat="35.693315" lon="139.703561">
        <name>28:20</name>
      </trkpt>
      <trkpt lat="35.693246" lon="139.703529">
        <name>28:21</name>
      </trkpt>
      <trkpt lat="35.693141" lon="139.703482">
        <name>28:22</name>
      </trkpt>
      <trkpt lat="35.693072" lon="139.703731">
        <name>28:23</name>
      </trkpt>
      <trkpt lat="35.692837" lon="139.704588">
        <name>28:24</name>
      </trkpt>
      <trkpt lat="35.692597" lon="139.705493">
        <name>28:25</name>
      </trkpt>
      <trkpt lat="35.692587" lon="139.705528">
        <name>28:26</name>
      </trkpt>
      <trkpt lat="35.692577" lon="139.705567">
        <name>28:27</name>
      </trkpt>
      <trkpt lat="35.692565" lon="139.705611">
        <name>28:28</name>
      </trkpt>
      <trkpt lat="35.692510" lon="139.705818">
        <name>28:29</name>
      </trkpt>
      <trkpt lat="35.692490" lon="139.705892">
        <name>28:30</name>
      </trkpt>
      <trkpt lat="35.692371" lon="139.705823">
        <name>28:31</name>
      </trkpt>
      <trkpt lat="35.692221" lon="139.705735">
        <name>28:32</name>
      </trkpt>
      <trkpt lat="35.691893" lon="139.705539">
        <name>28:33</name>
      </trkpt>
      <trkpt lat="35.691832" lon="139.705503">
        <name>28:34</name>
      </trkpt>
      <trkpt lat="35.691769" lon="139.705465">
        <name>28:35</name>
      </trkpt>
      <trkpt lat="35.691498" lon="139.705306">
        <name>28:36</name>
      </trkpt>
      <trkpt lat="35.691326" lon="139.705192">
        <name>28:37</name>
      </trkpt>
      <trkpt lat="35.691188" lon="139.705110">
        <name>28:38</name>
      </trkpt>
      <trkpt lat="35.691024" lon="139.705014">
        <name>28:39</name>
      </trkpt>
      <trkpt lat="35.690851" lon="139.704908">
        <name>28:40</name>
      </trkpt>
      <trkpt lat="35.690884" lon="139.704836">
        <name>28:41</name>
      </trkpt>
      <trkpt lat="35.691052" lon="139.704943">
        <name>28:42</name>
      </trkpt>
      <trkpt lat="35.691304" lon="139.705090">
        <name>28:43</name>
      </trkpt>
      <trkpt lat="35.691304" lon="139.705090">
        <name>28:44</name>
      </trkpt>
      <trkpt lat="35.691354" lon="139.705119">
        <name>28:45</name>
      </trkpt>
      <trkpt lat="35.691536" lon="139.705241">
        <name>28:46</name>
      </trkpt>
      <trkpt lat="35.691766" lon="139.705377">
        <name>28:47</name>
      </trkpt>
      <trkpt lat="35.691810" lon="139.705402">
        <name>28:48</name>
      </trkpt>
      <trkpt lat="35.691872" lon="139.705440">
        <name>28:49</name>
      </trkpt>
      <trkpt lat="35.691832" lon="139.705503">
        <name>28:50</name>
      </trkpt>
      <trkpt lat="35.691769" lon="139.705465">
        <name>28:51</name>
      </trkpt>
      <trkpt lat="35.691498" lon="139.705306">
        <name>28:52</name>
      </trkpt>
      <trkpt lat="35.691326" lon="139.705192">
        <name>28:53</name>
      </trkpt>
      <trkpt lat="35.691188" lon="139.705110">
        <name>28:54</name>
      </trkpt>
      <trkpt lat="35.691024" lon="139.705014">
        <name>28:55</name>
      </trkpt>
      <trkpt lat="35.690851" lon="139.704908">
        <name>28:56</name>
      </trkpt>
      <trkpt lat="35.690884" lon="139.704836">
        <name>28:57</name>
      </trkpt>
      <trkpt lat="35.691052" lon="139.704943">
        <name>28:58</name>
      </trkpt>
      <trkpt lat="35.691278" lon="139.705075">
        <name>28:59</name>
      </trkpt>
      <trkpt lat="35.691278" lon="139.705075">
        <name>29:00</name>
      </trkpt>
      <trkpt lat="35.691354" lon="139.705119">
        <name>29:01</name>
      </trkpt>
      <trkpt lat="35.691536" lon="139.705241">
        <name>29:02</name>
      </trkpt>
      <trkpt lat="35.691766" lon="139.705377">
        <name>29:03</name>
      </trkpt>
      <trkpt lat="35.691810" lon="139.705402">
        <name>29:04</name>
      </trkpt>
      <trkpt lat="35.691872" lon="139.705440">
        <name>29:05</name>
      </trkpt>
      <trkpt lat="35.691832" lon="139.705503">
        <name>29:06</name>
      </trkpt>
      <trkpt lat="35.691769" lon="139.705465">
        <name>29:07</name>
      </trkpt>
      <trkpt lat="35.691498" lon="139.705306">
        <name>29:08</name>
      </trkpt>
      <trkpt lat="35.691326" lon="139.705192">
        <name>29:09</name>
      </trkpt>
      <trkpt lat="35.691188" lon="139.705110">
        <name>29:10</name>
      </trkpt>
      <trkpt lat="35.691024" lon="139.705014">
        <name>29:11</name>
      </trkpt>
      <trkpt lat="35.690851" lon="139.704908">
        <name>29:12</name>
      </trkpt>
      <trkpt lat="35.690884" lon="139.704836">
        <name>29:13</name>
      </trkpt>
      <trkpt lat="35.691052" lon="139.704943">
        <name>29:14</name>
      </trkpt>
      <trkpt lat="35.691253" lon="139.705060">
        <name>29:15</name>
      </trkpt>
      <trkpt lat="35.691253" lon="139.705060">
        <name>29:16</name>
      </trkpt>
      <trkpt lat="35.691354" lon="139.705119">
        <name>29:17</name>
      </trkpt>
      <trkpt lat="35.691536" lon="139.705241">
        <name>29:18</name>
      </trkpt>
      <trkpt lat="35.691766" lon="139.705377">
        <name>29:19</name>
      </trkpt>
      <trkpt lat="35.691810" lon="139.705402">
        <name>29:20</name>
      </trkpt>
      <trkpt lat="35.691872" lon="139.705440">
        <name>29:21</name>
      </trkpt>
      <trkpt lat="35.691832" lon="139.705503">
        <name>29:22</name>
      </trkpt>
      <trkpt lat="35.691769" lon="139.705465">
        <name>29:23</name>
      </trkpt>
      <trkpt lat="35.691498" lon="139.705306">
        <name>29:24</name>
      </trkpt>
      <trkpt lat="35.691326" lon="139.705192">
        <name>29:25</name>
      </trkpt>
      <trkpt lat="35.691188" lon="139.705110">
        <name>29:26</name>
      </trkpt>
      <trkpt lat="35.691024" lon="139.705014">
        <name>29:27</name>
      </trkpt>
      <trkpt lat="35.690851" lon="139.704908">
        <name>29:28</name>
      </trkpt>
      <trkpt lat="35.690884" lon="139.704836">
        <name>29:29</name>
      </trkpt>
      <trkpt lat="35.691052" lon="139.704943">
        <name>29:30</name>
      </trkpt>
      <trkpt lat="35.691228" lon="139.705045">
        <name>29:31</name>
      </trkpt>
      <trkpt lat="35.691228" lon="139.705045">
        <name>29:32</name>
      </trkpt>
      <trkpt lat="35.691354" lon="139.705119">
        <name>29:33</name>
      </trkpt>
      <trkpt lat="35.691536" lon="139.705241">
        <name>29:34</name>
      </trkpt>
      <trkpt lat="35.691766" lon="139.705377">
        <name>29:35</name>
      </trkpt>
      <trkpt lat="35.691810" lon="139.705402">
        <name>29:36</name>
      </trkpt>
      <trkpt lat="35.691872" lon="139.705440">
        <name>29:37</name>
      </trkpt>
      <trkpt lat="35.691832" lon="139.705503">
        <name>29:38</name>
      </trkpt>
      <trkpt lat="35.691769" lon="139.705465">
        <name>29:39</name>
      </trkpt>
      <trkpt lat="35.691498" lon="139.705306">
        <name>29:40</name>
      </trkpt>
      <trkpt lat="35.691326" lon="139.705192">
        <name>29:41</name>
      </trkpt>
      <trkpt lat="35.691188" lon="139.705110">
        <name>29:42</name>
      </trkpt>
      <trkpt lat="35.691024" lon="139.705014">
        <name>29:43</name>
      </trkpt>
      <trkpt lat="35.690851" lon="139.704908">
        <name>29:44</name>
      </trkpt>
      <trkpt lat="35.690884" lon="139.704836">
        <name>29:45</name>
      </trkpt>
      <trkpt lat="35.691052" lon="139.704943">
        <name>29:46</name>
      </trkpt>
      <trkpt lat="35.691202" lon="139.705031">
        <name>29:47</name>
      </trkpt>
      <trkpt lat="35.691202" lon="139.705031">
        <name>29:48</name>
      </trkpt>
      <trkpt lat="35.691354" lon="139.705119">
        <name>29:49</name>
      </trkpt>
      <trkpt lat="35.691536" lon="139.705241">
        <name>29:50</name>
      </trkpt>
      <trkpt lat="35.691766" lon="139.705377">
        <name>29:51</name>
      </trkpt>
      <trkpt lat="35.691810" lon="139.705402">
        <name>29:52</name>
      </trkpt>
      <trkpt lat="35.691872" lon="139.705440">
        <name>29:53</name>
      </trkpt>
      <trkpt lat="35.691832" lon="139.705503">
        <name>29:54</name>
      </trkpt>
      <trkpt lat="35.691769" lon="139.705465">
        <name>29:55</name>
      </trkpt>
      <trkpt lat="35.691498" lon="139.705306">
        <name>29:56</name>
      </trkpt>
      <trkpt lat="35.691326" lon="139.705192">
        <name>29:57</name>
      </trkpt>
      <trkpt lat="35.691188" lon="139.705110">
        <name>29:58</name>
      </trkpt>
      <trkpt lat="35.691024" lon="139.705014">
        <name>29:59</name>
      </trkpt>
      <trkpt lat="35.690851" lon="139.704908">
        <name>30:00</name>
      </trkpt>
      <trkpt lat="35.690884" lon="139.704836">
        <name>30:01</name>
      </trkpt>
      <trkpt lat="35.691052" lon="139.704943">
        <name>30:02</name>
      </trkpt>
      <trkpt lat="35.691177" lon="139.705016">
        <name>30:03</name>
      </trkpt>
      <trkpt lat="35.691177" lon="139.705016">
        <name>30:04</name>
      </trkpt>
      <trkpt lat="35.691354" lon="139.705119">
        <name>30:05</name>
      </trkpt>
      <trkpt lat="35.691536" lon="139.705241">
        <name>30:06</name>
      </trkpt>
      <trkpt lat="35.691766" lon="139.705377">
        <name>30:07</name>
      </trkpt>
      <trkpt lat="35.691810" lon="139.705402">
        <name>30:08</name>
      </trkpt>
      <trkpt lat="35.691872" lon="139.705440">
        <name>30:09</name>
      </trkpt>
      <trkpt lat="35.692197" lon="139.705635">
        <name>30:10</name>
      </trkpt>
      <trkpt lat="35.692245" lon="139.705663">
        <name>30:11</name>
      </trkpt>
      <trkpt lat="35.692388" lon="139.705747">
        <name>30:12</name>
      </trkpt>
      <trkpt lat="35.692510" lon="139.705818">
        <name>30:13</name>
      </trkpt>
      <trkpt lat="35.692490" lon="139.705892">
        <name>30:14</name>
      </trkpt>
      <trkpt lat="35.692461" lon="139.706019">
        <name>30:15</name>
      </trkpt>
      <trkpt lat="35.692319" lon="139.706518">
        <name>30:16</name>
      </trkpt>
      <trkpt lat="35.692289" lon="139.706621">
        <name>30:17</name>
      </trkpt>
      <trkpt lat="35.692257" lon="139.706735">
        <name>30:18</name>
      </trkpt>
      <trkpt lat="35.692202" lon="139.706925">
        <name>30:19</name>
      </trkpt>
      <trkpt lat="35.692326" lon="139.706909">
        <name>30:20</name>
      </trkpt>
      <trkpt lat="35.692602" lon="139.706871">
        <name>30:21</name>
      </trkpt>
      <trkpt lat="35.693067" lon="139.706821">
        <name>30:22</name>
      </trkpt>
      <trkpt lat="35.693226" lon="139.706808">
        <name>30:23</name>
      </trkpt>
      <trkpt lat="35.693463" lon="139.706787">
        <name>30:24</name>
      </trkpt>
      <trkpt lat="35.693507" lon="139.706781">
        <name>30:25</name>
      </trkpt>
      <trkpt lat="35.693587" lon="139.706770">
        <name>30:26</name>
      </trkpt>
      <trkpt lat="35.693580" lon="139.706640">
        <name>30:27</name>
      </trkpt>
      <trkpt lat="35.693567" lon="139.706568">
        <name>30:28</name>
      </trkpt>
      <trkpt lat="35.693534" lon="139.706497">
        <name>30:29</name>
      </trkpt>
      <trkpt lat="35.693445" lon="139.706446">
        <name>30:30</name>
      </trkpt>
      <trkpt lat="35.692909" lon="139.706134">
        <name>30:31</name>
      </trkpt>
      <trkpt lat="35.692835" lon="139.706092">
        <name>30:32</name>
      </trkpt>
      <trkpt lat="35.692835" lon="139.706092">
        <name>30:33</name>
      </trkpt>
      <trkpt lat="35.692668" lon="139.705996">
        <name>30:34</name>
      </trkpt>
      <trkpt lat="35.692631" lon="139.705974">
        <name>30:35</name>
      </trkpt>
      <trkpt lat="35.692490" lon="139.705892">
        <name>30:36</name>
      </trkpt>
      <trkpt lat="35.692371" lon="139.705823">
        <name>30:37</name>
      </trkpt>
      <trkpt lat="35.692221" lon="139.705735">
        <name>30:38</name>
      </trkpt>
      <trkpt lat="35.691893" lon="139.705539">
        <name>30:39</name>
      </trkpt>
      <trkpt lat="35.691832" lon="139.705503">
        <name>30:40</name>
      </trkpt>
      <trkpt lat="35.691769" lon="139.705465">
        <name>30:41</name>
      </trkpt>
      <trkpt lat="35.691498" lon="139.705306">
        <name>30:42</name>
      </trkpt>
      <trkpt lat="35.691326" lon="139.705192">
        <name>30:43</name>
      </trkpt>
      <trkpt lat="35.691188" lon="139.705110">
        <name>30:44</name>
      </trkpt>
      <trkpt lat="35.691024" lon="139.705014">
        <name>30:45</name>
      </trkpt>
      <trkpt lat="35.690851" lon="139.704908">
        <name>30:46</name>
      </trkpt>
      <trkpt lat="35.690884" lon="139.704836">
        <name>30:47</name>
      </trkpt>
      <trkpt lat="35.691052" lon="139.704943">
        <name>30:48</name>
      </trkpt>
      <trkpt lat="35.691126" lon="139.704986">
        <name>30:49</name>
      </trkpt>
      <trkpt lat="35.691126" lon="139.704986">
        <name>30:50</name>
      </trkpt>
      <trkpt lat="35.691354" lon="139.705119">
        <name>30:51</name>
      </trkpt>
      <trkpt lat="35.691536" lon="139.705241">
        <name>30:52</name>
      </trkpt>
      <trkpt lat="35.691766" lon="139.705377">
        <name>30:53</name>
      </trkpt>
      <trkpt lat="35.691810" lon="139.705402">
        <name>30:54</name>
      </trkpt>
      <trkpt lat="35.691872" lon="139.705440">
        <name>30:55</name>
      </trkpt>
      <trkpt lat="35.691832" lon="139.705503">
        <name>30:56</name>
      </trkpt>
      <trkpt lat="35.691769" lon="139.705465">
        <name>30:57</name>
      </trkpt>
      <trkpt lat="35.691498" lon="139.705306">
        <name>30:58</name>
      </trkpt>
      <trkpt lat="35.691326" lon="139.705192">
        <name>30:59</name>
      </trkpt>
      <trkpt lat="35.691188" lon="139.705110">
        <name>31:00</name>
      </trkpt>
      <trkpt lat="35.691024" lon="139.705014">
        <name>31:01</name>
      </trkpt>
      <trkpt lat="35.690851" lon="139.704908">
        <name>31:02</name>
      </trkpt>
      <trkpt lat="35.690884" lon="139.704836">
        <name>31:03</name>
      </trkpt>
      <trkpt lat="35.691052" lon="139.704943">
        <name>31:04</name>
      </trkpt>
      <trkpt lat="35.691101" lon="139.704972">
        <name>31:05</name>
      </trkpt>
      <trkpt lat="35.691101" lon="139.704972">
        <name>31:06</name>
      </trkpt>
      <trkpt lat="35.691354" lon="139.705119">
        <name>31:07</name>
      </trkpt>
      <trkpt lat="35.691536" lon="139.705241">
        <name>31:08</name>
      </trkpt>
      <trkpt lat="35.691766" lon="139.705377">
        <name>31:09</name>
      </trkpt>
      <trkpt lat="35.691810" lon="139.705402">
        <name>31:10</name>
      </trkpt>
      <trkpt lat="35.691872" lon="139.705440">
        <name>31:11</name>
      </trkpt>
      <trkpt lat="35.691832" lon="139.705503">
        <name>31:12</name>
      </trkpt>
      <trkpt lat="35.691769" lon="139.705465">
        <name>31:13</name>
      </trkpt>
      <trkpt lat="35.691498" lon="139.705306">
        <name>31:14</name>
      </trkpt>
      <trkpt lat="35.691326" lon="139.705192">
        <name>31:15</name>
      </trkpt>
      <trkpt lat="35.691188" lon="139.705110">
        <name>31:16</name>
      </trkpt>
      <trkpt lat="35.691048" lon="139.705028">
        <name>31:17</name>
      </trkpt>
      <trkpt lat="35.691048" lon="139.705028">
        <name>31:18</name>
      </trkpt>
      <trkpt lat="35.691024" lon="139.705014">
        <name>31:19</name>
      </trkpt>
      <trkpt lat="35.690851" lon="139.704908">
        <name>31:20</name>
      </trkpt>
      <trkpt lat="35.690884" lon="139.704836">
        <name>31:21</name>
      </trkpt>
      <trkpt lat="35.690953" lon="139.704688">
        <name>31:22</name>
      </trkpt>
      <trkpt lat="35.691328" lon="139.703851">
        <name>31:23</name>
      </trkpt>
      <trkpt lat="35.691376" lon="139.703743">
        <name>31:24</name>
      </trkpt>
      <trkpt lat="35.691397" lon="139.703697">
        <name>31:25</name>
      </trkpt>
      <trkpt lat="35.691407" lon="139.703673">
        <name>31:26</name>
      </trkpt>
      <trkpt lat="35.691429" lon="139.703625">
        <name>31:27</name>
      </trkpt>
      <trkpt lat="35.691475" lon="139.703523">
        <name>31:28</name>
      </trkpt>
      <trkpt lat="35.691538" lon="139.703382">
        <name>31:29</name>
      </trkpt>
      <trkpt lat="35.691796" lon="139.702809">
        <name>31:30</name>
      </trkpt>
      <trkpt lat="35.691822" lon="139.702750">
        <name>31:31</name>
      </trkpt>
      <trkpt lat="35.691857" lon="139.702672">
        <name>31:32</name>
      </trkpt>
      <trkpt lat="35.691866" lon="139.702653">
        <name>31:33</name>
      </trkpt>
      <trkpt lat="35.691875" lon="139.702632">
        <name>31:34</name>
      </trkpt>
      <trkpt lat="35.691916" lon="139.702543">
        <name>31:35</name>
      </trkpt>
      <trkpt lat="35.691934" lon="139.702502">
        <name>31:36</name>
      </trkpt>
      <trkpt lat="35.691960" lon="139.702442">
        <name>31:37</name>
      </trkpt>
      <trkpt lat="35.692141" lon="139.702040">
        <name>31:38</name>
      </trkpt>
      <trkpt lat="35.692186" lon="139.701939">
        <name>31:39</name>
      </trkpt>
      <trkpt lat="35.692208" lon="139.701887">
        <name>31:40</name>
      </trkpt>
      <trkpt lat="35.692228" lon="139.701836">
        <name>31:41</name>
      </trkpt>
      <trkpt lat="35.692242" lon="139.701796">
        <name>31:42</name>
      </trkpt>
      <trkpt lat="35.692251" lon="139.701771">
        <name>31:43</name>
      </trkpt>
      <trkpt lat="35.692228" lon="139.701759">
        <name>31:44</name>
      </trkpt>
      <trkpt lat="35.692133" lon="139.701710">
        <name>31:45</name>
      </trkpt>
      <trkpt lat="35.692090" lon="139.701686">
        <name>31:46</name>
      </trkpt>
      <trkpt lat="35.691909" lon="139.701582">
        <name>31:47</name>
      </trkpt>
      <trkpt lat="35.691889" lon="139.701572">
        <name>31:48</name>
      </trkpt>
      <trkpt lat="35.691860" lon="139.701560">
        <name>31:49</name>
      </trkpt>
      <trkpt lat="35.691841" lon="139.701554">
        <name>31:50</name>
      </trkpt>
      <trkpt lat="35.691819" lon="139.701548">
        <name>31:51</name>
      </trkpt>
      <trkpt lat="35.691791" lon="139.701543">
        <name>31:52</name>
      </trkpt>
      <trkpt lat="35.691770" lon="139.701542">
        <name>31:53</name>
      </trkpt>
      <trkpt lat="35.691752" lon="139.701543">
        <name>31:54</name>
      </trkpt>
      <trkpt lat="35.691479" lon="139.701578">
        <name>31:55</name>
      </trkpt>
      <trkpt lat="35.691384" lon="139.701591">
        <name>31:56</name>
      </trkpt>
      <trkpt lat="35.691358" lon="139.701613">
        <name>31:57</name>
      </trkpt>
      <trkpt lat="35.691344" lon="139.701705">
        <name>31:58</name>
      </trkpt>
      <trkpt lat="35.691315" lon="139.701896">
        <name>31:59</name>
      </trkpt>
      <trkpt lat="35.691290" lon="139.702061">
        <name>32:00</name>
      </trkpt>
      <trkpt lat="35.691012" lon="139.701717">
        <name>32:01</name>
      </trkpt>
      <trkpt lat="35.691012" lon="139.701717">
        <name>32:02</name>
      </trkpt>
      <trkpt lat="35.690759" lon="139.701964">
        <name>32:03</name>
      </trkpt>
      <trkpt lat="35.690774" lon="139.701816">
        <name>32:04</name>
      </trkpt>
      <trkpt lat="35.690791" lon="139.701630">
        <name>32:05</name>
      </trkpt>
      <trkpt lat="35.690721" lon="139.701487">
        <name>32:06</name>
      </trkpt>
      <trkpt lat="35.690787" lon="139.701435">
        <name>32:07</name>
      </trkpt>
      <trkpt lat="35.690816" lon="139.701422">
        <name>32:08</name>
      </trkpt>
      <trkpt lat="35.690842" lon="139.701419">
        <name>32:09</name>
      </trkpt>
      <trkpt lat="35.690871" lon="139.701414">
        <name>32:10</name>
      </trkpt>
      <trkpt lat="35.690910" lon="139.701415">
        <name>32:11</name>
      </trkpt>
      <trkpt lat="35.691129" lon="139.701388">
        <name>32:12</name>
      </trkpt>
      <trkpt lat="35.691185" lon="139.701381">
        <name>32:13</name>
      </trkpt>
      <trkpt lat="35.691211" lon="139.701378">
        <name>32:14</name>
      </trkpt>
      <trkpt lat="35.691241" lon="139.701378">
        <name>32:15</name>
      </trkpt>
      <trkpt lat="35.691297" lon="139.701371">
        <name>32:16</name>
      </trkpt>
      <trkpt lat="35.691319" lon="139.701372">
        <name>32:17</name>
      </trkpt>
      <trkpt lat="35.691339" lon="139.701377">
        <name>32:18</name>
      </trkpt>
      <trkpt lat="35.691351" lon="139.701386">
        <name>32:19</name>
      </trkpt>
      <trkpt lat="35.691366" lon="139.701402">
        <name>32:20</name>
      </trkpt>
      <trkpt lat="35.691378" lon="139.701539">
        <name>32:21</name>
      </trkpt>
      <trkpt lat="35.691384" lon="139.701591">
        <name>32:22</name>
      </trkpt>
      <trkpt lat="35.691479" lon="139.701578">
        <name>32:23</name>
      </trkpt>
      <trkpt lat="35.691752" lon="139.701543">
        <name>32:24</name>
      </trkpt>
      <trkpt lat="35.691770" lon="139.701542">
        <name>32:25</name>
      </trkpt>
      <trkpt lat="35.691791" lon="139.701543">
        <name>32:26</name>
      </trkpt>
      <trkpt lat="35.691819" lon="139.701548">
        <name>32:27</name>
      </trkpt>
      <trkpt lat="35.691841" lon="139.701554">
        <name>32:28</name>
      </trkpt>
      <trkpt lat="35.691860" lon="139.701560">
        <name>32:29</name>
      </trkpt>
      <trkpt lat="35.691889" lon="139.701572">
        <name>32:30</name>
      </trkpt>
      <trkpt lat="35.691909" lon="139.701582">
        <name>32:31</name>
      </trkpt>
      <trkpt lat="35.692090" lon="139.701686">
        <name>32:32</name>
      </trkpt>
      <trkpt lat="35.692133" lon="139.701710">
        <name>32:33</name>
      </trkpt>
      <trkpt lat="35.692228" lon="139.701759">
        <name>32:34</name>
      </trkpt>
      <trkpt lat="35.692251" lon="139.701771">
        <name>32:35</name>
      </trkpt>
      <trkpt lat="35.692281" lon="139.701665">
        <name>32:36</name>
      </trkpt>
      <trkpt lat="35.692292" lon="139.701616">
        <name>32:37</name>
      </trkpt>
      <trkpt lat="35.692428" lon="139.700984">
        <name>32:38</name>
      </trkpt>
      <trkpt lat="35.692439" lon="139.700932">
        <name>32:39</name>
      </trkpt>
      <trkpt lat="35.692461" lon="139.700832">
        <name>32:40</name>
      </trkpt>
      <trkpt lat="35.692472" lon="139.700719">
        <name>32:41</name>
      </trkpt>
      <trkpt lat="35.692484" lon="139.700696">
        <name>32:42</name>
      </trkpt>
      <trkpt lat="35.692498" lon="139.700667">
        <name>32:43</name>
      </trkpt>
      <trkpt lat="35.692518" lon="139.700632">
        <name>32:44</name>
      </trkpt>
      <trkpt lat="35.692544" lon="139.700596">
        <name>32:45</name>
      </trkpt>
      <trkpt lat="35.692581" lon="139.700558">
        <name>32:46</name>
      </trkpt>
      <trkpt lat="35.692627" lon="139.700524">
        <name>32:47</name>
      </trkpt>
      <trkpt lat="35.692665" lon="139.700501">
        <name>32:48</name>
      </trkpt>
      <trkpt lat="35.692705" lon="139.700480">
        <name>32:49</name>
      </trkpt>
      <trkpt lat="35.692847" lon="139.700417">
        <name>32:50</name>
      </trkpt>
      <trkpt lat="35.692877" lon="139.700405">
        <name>32:51</name>
      </trkpt>
      <trkpt lat="35.692923" lon="139.700388">
        <name>32:52</name>
      </trkpt>
      <trkpt lat="35.692973" lon="139.700375">
        <name>32:53</name>
      </trkpt>
      <trkpt lat="35.693228" lon="139.700315">
        <name>32:54</name>
      </trkpt>
      <trkpt lat="35.693271" lon="139.700305">
        <name>32:55</name>
      </trkpt>
      <trkpt lat="35.693339" lon="139.700292">
        <name>32:56</name>
      </trkpt>
      <trkpt lat="35.693390" lon="139.700297">
        <name>32:57</name>
      </trkpt>
      <trkpt lat="35.693436" lon="139.700314">
        <name>32:58</name>
      </trkpt>
      <trkpt lat="35.693492" lon="139.700355">
        <name>32:59</name>
      </trkpt>
      <trkpt lat="35.693554" lon="139.700405">
        <name>33:00</name>
      </trkpt>
      <trkpt lat="35.693616" lon="139.700440">
        <name>33:01</name>
      </trkpt>
      <trkpt lat="35.693670" lon="139.700478">
        <name>33:02</name>
      </trkpt>
      <trkpt lat="35.693714" lon="139.700516">
        <name>33:03</name>
      </trkpt>
      <trkpt lat="35.693750" lon="139.700549">
        <name>33:04</name>
      </trkpt>
      <trkpt lat="35.693765" lon="139.700561">
        <name>33:05</name>
      </trkpt>
      <trkpt lat="35.693784" lon="139.700571">
        <name>33:06</name>
      </trkpt>
      <trkpt lat="35.693802" lon="139.700574">
        <name>33:07</name>
      </trkpt>
      <trkpt lat="35.693803" lon="139.700668">
        <name>33:08</name>
      </trkpt>
      <trkpt lat="35.693796" lon="139.700727">
        <name>33:09</name>
      </trkpt>
      <trkpt lat="35.693765" lon="139.700870">
        <name>33:10</name>
      </trkpt>
      <trkpt lat="35.693751" lon="139.700932">
        <name>33:11</name>
      </trkpt>
      <trkpt lat="35.693739" lon="139.700988">
        <name>33:12</name>
      </trkpt>
      <trkpt lat="35.693670" lon="139.701285">
        <name>33:13</name>
      </trkpt>
      <trkpt lat="35.693652" lon="139.701365">
        <name>33:14</name>
      </trkpt>
      <trkpt lat="35.693624" lon="139.701489">
        <name>33:15</name>
      </trkpt>
      <trkpt lat="35.693615" lon="139.701532">
        <name>33:16</name>
      </trkpt>
      <trkpt lat="35.693466" lon="139.702213">
        <name>33:17</name>
      </trkpt>
      <trkpt lat="35.693447" lon="139.702298">
        <name>33:18</name>
      </trkpt>
      <trkpt lat="35.693431" lon="139.702368">
        <name>33:19</name>
      </trkpt>
      <trkpt lat="35.693334" lon="139.702804">
        <name>33:20</name>
      </trkpt>
      <trkpt lat="35.693424" lon="139.702848">
        <name>33:21</name>
      </trkpt>
      <trkpt lat="35.693446" lon="139.702853">
        <name>33:22</name>
      </trkpt>
      <trkpt lat="35.693463" lon="139.702862">
        <name>33:23</name>
      </trkpt>
      <trkpt lat="35.693646" lon="139.702953">
        <name>33:24</name>
      </trkpt>
      <trkpt lat="35.693554" lon="139.703301">
        <name>33:25</name>
      </trkpt>
      <trkpt lat="35.693554" lon="139.703301">
        <name>33:26</name>
      </trkpt>
      <trkpt lat="35.693498" lon="139.703511">
        <name>33:27</name>
      </trkpt>
      <trkpt lat="35.693484" lon="139.703557">
        <name>33:28</name>
      </trkpt>
      <trkpt lat="35.693462" lon="139.703629">
        <name>33:29</name>
      </trkpt>
      <trkpt lat="35.693315" lon="139.703561">
        <name>33:30</name>
      </trkpt>
      <trkpt lat="35.693246" lon="139.703529">
        <name>33:31</name>
      </trkpt>
      <trkpt lat="35.693141" lon="139.703482">
        <name>33:32</name>
      </trkpt>
      <trkpt lat="35.693072" lon="139.703731">
        <name>33:33</name>
      </trkpt>
      <trkpt lat="35.692837" lon="139.704588">
        <name>33:34</name>
      </trkpt>
      <trkpt lat="35.692597" lon="139.705493">
        <name>33:35</name>
      </trkpt>
      <trkpt lat="35.692587" lon="139.705528">
        <name>33:36</name>
      </trkpt>
      <trkpt lat="35.692577" lon="139.705567">
        <name>33:37</name>
      </trkpt>
      <trkpt lat="35.692565" lon="139.705611">
        <name>33:38</name>
      </trkpt>
      <trkpt lat="35.692510" lon="139.705818">
        <name>33:39</name>
      </trkpt>
      <trkpt lat="35.692490" lon="139.705892">
        <name>33:40</name>
      </trkpt>
      <trkpt lat="35.692371" lon="139.705823">
        <name>33:41</name>
      </trkpt>
      <trkpt lat="35.692221" lon="139.705735">
        <name>33:42</name>
      </trkpt>
      <trkpt lat="35.691893" lon="139.705539">
        <name>33:43</name>
      </trkpt>
      <trkpt lat="35.691832" lon="139.705503">
        <name>33:44</name>
      </trkpt>
      <trkpt lat="35.691769" lon="139.705465">
        <name>33:45</name>
      </trkpt>
      <trkpt lat="35.691498" lon="139.705306">
        <name>33:46</name>
      </trkpt>
      <trkpt lat="35.691326" lon="139.705192">
        <name>33:47</name>
      </trkpt>
      <trkpt lat="35.691188" lon="139.705110">
        <name>33:48</name>
      </trkpt>
      <trkpt lat="35.691024" lon="139.705014">
        <name>33:49</name>
      </trkpt>
      <trkpt lat="35.690851" lon="139.704908">
        <name>33:50</name>
      </trkpt>
      <trkpt lat="35.690708" lon="139.704813">
        <name>33:51</name>
      </trkpt>
      <trkpt lat="35.690504" lon="139.704680">
        <name>33:52</name>
      </trkpt>
      <trkpt lat="35.690291" lon="139.704530">
        <name>33:53</name>
      </trkpt>
      <trkpt lat="35.690095" lon="139.704398">
        <name>33:54</name>
      </trkpt>
      <trkpt lat="35.690001" lon="139.704335">
        <name>33:55</name>
      </trkpt>
      <trkpt lat="35.689838" lon="139.704233">
        <name>33:56</name>
      </trkpt>
      <trkpt lat="35.689711" lon="139.704152">
        <name>33:57</name>
      </trkpt>
      <trkpt lat="35.689599" lon="139.704076">
        <name>33:58</name>
      </trkpt>
      <trkpt lat="35.688642" lon="139.703423">
        <name>33:59</name>
      </trkpt>
      <trkpt lat="35.688105" lon="139.703056">
        <name>34:00</name>
      </trkpt>
      <trkpt lat="35.688029" lon="139.702998">
        <name>34:01</name>
      </trkpt>
      <trkpt lat="35.687994" lon="139.702972">
        <name>34:02</name>
      </trkpt>
      <trkpt lat="35.687956" lon="139.702952">
        <name>34:03</name>
      </trkpt>
      <trkpt lat="35.687913" lon="139.702938">
        <name>34:04</name>
      </trkpt>
      <trkpt lat="35.687869" lon="139.702933">
        <name>34:05</name>
      </trkpt>
      <trkpt lat="35.687802" lon="139.702935">
        <name>34:06</name>
      </trkpt>
      <trkpt lat="35.687605" lon="139.702982">
        <name>34:07</name>
      </trkpt>
      <trkpt lat="35.687539" lon="139.702998">
        <name>34:08</name>
      </trkpt>
      <trkpt lat="35.686930" lon="139.703183">
        <name>34:09</name>
      </trkpt>
      <trkpt lat="35.686841" lon="139.703209">
        <name>34:10</name>
      </trkpt>
      <trkpt lat="35.686295" lon="139.703368">
        <name>34:11</name>
      </trkpt>
      <trkpt lat="35.686157" lon="139.703403">
        <name>34:12</name>
      </trkpt>
      <trkpt lat="35.685848" lon="139.703501">
        <name>34:13</name>
      </trkpt>
      <trkpt lat="35.685659" lon="139.703574">
        <name>34:14</name>
      </trkpt>
      <trkpt lat="35.685602" lon="139.703633">
        <name>34:15</name>
      </trkpt>
      <trkpt lat="35.685551" lon="139.703705">
        <name>34:16</name>
      </trkpt>
      <trkpt lat="35.685430" lon="139.703716">
        <name>34:17</name>
      </trkpt>
      <trkpt lat="35.685244" lon="139.703757">
        <name>34:18</name>
      </trkpt>
      <trkpt lat="35.685038" lon="139.703816">
        <name>34:19</name>
      </trkpt>
      <trkpt lat="35.684876" lon="139.703873">
        <name>34:20</name>
      </trkpt>
      <trkpt lat="35.684628" lon="139.703953">
        <name>34:21</name>
      </trkpt>
      <trkpt lat="35.684576" lon="139.703979">
        <name>34:22</name>
      </trkpt>
      <trkpt lat="35.684531" lon="139.703996">
        <name>34:23</name>
      </trkpt>
      <trkpt lat="35.684343" lon="139.704088">
        <name>34:24</name>
      </trkpt>
      <trkpt lat="35.684187" lon="139.704178">
        <name>34:25</name>
      </trkpt>
      <trkpt lat="35.683887" lon="139.704403">
        <name>34:26</name>
      </trkpt>
      <trkpt lat="35.683802" lon="139.704463">
        <name>34:27</name>
      </trkpt>
      <trkpt lat="35.683772" lon="139.704473">
        <name>34:28</name>
      </trkpt>
      <trkpt lat="35.683631" lon="139.704539">
        <name>34:29</name>
      </trkpt>
      <trkpt lat="35.683559" lon="139.704567">
        <name>34:30</name>
      </trkpt>
      <trkpt lat="35.683446" lon="139.704602">
        <name>34:31</name>
      </trkpt>
      <trkpt lat="35.683378" lon="139.704616">
        <name>34:32</name>
      </trkpt>
      <trkpt lat="35.683065" lon="139.704618">
        <name>34:33</name>
      </trkpt>
      <trkpt lat="35.682523" lon="139.704630">
        <name>34:34</name>
      </trkpt>
      <trkpt lat="35.682392" lon="139.704631">
        <name>34:35</name>
      </trkpt>
      <trkpt lat="35.682344" lon="139.704630">
        <name>34:36</name>
      </trkpt>
      <trkpt lat="35.682218" lon="139.704627">
        <name>34:37</name>
      </trkpt>
      <trkpt lat="35.681806" lon="139.704616">
        <name>34:38</name>
      </trkpt>
      <trkpt lat="35.681598" lon="139.704615">
        <name>34:39</name>
      </trkpt>
      <trkpt lat="35.680933" lon="139.704603">
        <name>34:40</name>
      </trkpt>
      <trkpt lat="35.680747" lon="139.704600">
        <name>34:41</name>
      </trkpt>
      <trkpt lat="35.680480" lon="139.704602">
        <name>34:42</name>
      </trkpt>
      <trkpt lat="35.680375" lon="139.704599">
        <name>34:43</name>
      </trkpt>
      <trkpt lat="35.680240" lon="139.704595">
        <name>34:44</name>
      </trkpt>
      <trkpt lat="35.680190" lon="139.704593">
        <name>34:45</name>
      </trkpt>
      <trkpt lat="35.680079" lon="139.704595">
        <name>34:46</name>
      </trkpt>
      <trkpt lat="35.679939" lon="139.704608">
        <name>34:47</name>
      </trkpt>
      <trkpt lat="35.679841" lon="139.704622">
        <name>34:48</name>
      </trkpt>
      <trkpt lat="35.679730" lon="139.704648">
        <name>34:49</name>
      </trkpt>
      <trkpt lat="35.679625" lon="139.704692">
        <name>34:50</name>
      </trkpt>
      <trkpt lat="35.679545" lon="139.704728">
        <name>34:51</name>
      </trkpt>
      <trkpt lat="35.679468" lon="139.704772">
        <name>34:52</name>
      </trkpt>
      <trkpt lat="35.679071" lon="139.705085">
        <name>34:53</name>
      </trkpt>
      <trkpt lat="35.678872" lon="139.705233">
        <name>34:54</name>
      </trkpt>
      <trkpt lat="35.678538" lon="139.705485">
        <name>34:55</name>
      </trkpt>
      <trkpt lat="35.678365" lon="139.705618">
        <name>34:56</name>
      </trkpt>
      <trkpt lat="35.678298" lon="139.705670">
        <name>34:57</name>
      </trkpt>
      <trkpt lat="35.678241" lon="139.705717">
        <name>34:58</name>
      </trkpt>
      <trkpt lat="35.678048" lon="139.705866">
        <name>34:59</name>
      </trkpt>
      <trkpt lat="35.677893" lon="139.705984">
        <name>35:00</name>
      </trkpt>
      <trkpt lat="35.677741" lon="139.706088">
        <name>35:01</name>
      </trkpt>
      <trkpt lat="35.677552" lon="139.706182">
        <name>35:02</name>
      </trkpt>
      <trkpt lat="35.677342" lon="139.706254">
        <name>35:03</name>
      </trkpt>
      <trkpt lat="35.677249" lon="139.706279">
        <name>35:04</name>
      </trkpt>
      <trkpt lat="35.677217" lon="139.706287">
        <name>35:05</name>
      </trkpt>
      <trkpt lat="35.677007" lon="139.706344">
        <name>35:06</name>
      </trkpt>
      <trkpt lat="35.676942" lon="139.706360">
        <name>35:07</name>
      </trkpt>
      <trkpt lat="35.676745" lon="139.706410">
        <name>35:08</name>
      </trkpt>
      <trkpt lat="35.676582" lon="139.706453">
        <name>35:09</name>
      </trkpt>
      <trkpt lat="35.676474" lon="139.706480">
        <name>35:10</name>
      </trkpt>
      <trkpt lat="35.676202" lon="139.706557">
        <name>35:11</name>
      </trkpt>
      <trkpt lat="35.676196" lon="139.706558">
        <name>35:12</name>
      </trkpt>
      <trkpt lat="35.675923" lon="139.706633">
        <name>35:13</name>
      </trkpt>
      <trkpt lat="35.675634" lon="139.706712">
        <name>35:14</name>
      </trkpt>
      <trkpt lat="35.675570" lon="139.706730">
        <name>35:15</name>
      </trkpt>
      <trkpt lat="35.675343" lon="139.706792">
        <name>35:16</name>
      </trkpt>
      <trkpt lat="35.675317" lon="139.706799">
        <name>35:17</name>
      </trkpt>
      <trkpt lat="35.675015" lon="139.706882">
        <name>35:18</name>
      </trkpt>
      <trkpt lat="35.674880" lon="139.706936">
        <name>35:19</name>
      </trkpt>
      <trkpt lat="35.674746" lon="139.707036">
        <name>35:20</name>
      </trkpt>
      <trkpt lat="35.674637" lon="139.707115">
        <name>35:21</name>
      </trkpt>
      <trkpt lat="35.674521" lon="139.707191">
        <name>35:22</name>
      </trkpt>
      <trkpt lat="35.674477" lon="139.707216">
        <name>35:23</name>
      </trkpt>
      <trkpt lat="35.674165" lon="139.707406">
        <name>35:24</name>
      </trkpt>
      <trkpt lat="35.673967" lon="139.707521">
        <name>35:25</name>
      </trkpt>
      <trkpt lat="35.673561" lon="139.707718">
        <name>35:26</name>
      </trkpt>
      <trkpt lat="35.673533" lon="139.707733">
        <name>35:27</name>
      </trkpt>
      <trkpt lat="35.673165" lon="139.707907">
        <name>35:28</name>
      </trkpt>
      <trkpt lat="35.672773" lon="139.708106">
        <name>35:29</name>
      </trkpt>
      <trkpt lat="35.672596" lon="139.708159">
        <name>35:30</name>
      </trkpt>
      <trkpt lat="35.672454" lon="139.708186">
        <name>35:31</name>
      </trkpt>
      <trkpt lat="35.672332" lon="139.708197">
        <name>35:32</name>
      </trkpt>
      <trkpt lat="35.672208" lon="139.708189">
        <name>35:33</name>
      </trkpt>
      <trkpt lat="35.672150" lon="139.708181">
        <name>35:34</name>
      </trkpt>
      <trkpt lat="35.672088" lon="139.708167">
        <name>35:35</name>
      </trkpt>
      <trkpt lat="35.672015" lon="139.708136">
        <name>35:36</name>
      </trkpt>
      <trkpt lat="35.671917" lon="139.708086">
        <name>35:37</name>
      </trkpt>
      <trkpt lat="35.671839" lon="139.708036">
        <name>35:38</name>
      </trkpt>
      <trkpt lat="35.671754" lon="139.707967">
        <name>35:39</name>
      </trkpt>
      <trkpt lat="35.671343" lon="139.707624">
        <name>35:40</name>
      </trkpt>
      <trkpt lat="35.670950" lon="139.707280">
        <name>35:41</name>
      </trkpt>
      <trkpt lat="35.670675" lon="139.707090">
        <name>35:42</name>
      </trkpt>
      <trkpt lat="35.670228" lon="139.706807">
        <name>35:43</name>
      </trkpt>
      <trkpt lat="35.670222" lon="139.706803">
        <name>35:44</name>
      </trkpt>
      <trkpt lat="35.670130" lon="139.706743">
        <name>35:45</name>
      </trkpt>
      <trkpt lat="35.670074" lon="139.706698">
        <name>35:46</name>
      </trkpt>
      <trkpt lat="35.670041" lon="139.706672">
        <name>35:47</name>
      </trkpt>
      <trkpt lat="35.669748" lon="139.706431">
        <name>35:48</name>
      </trkpt>
      <trkpt lat="35.669608" lon="139.706321">
        <name>35:49</name>
      </trkpt>
      <trkpt lat="35.669287" lon="139.706065">
        <name>35:50</name>
      </trkpt>
      <trkpt lat="35.669131" lon="139.705928">
        <name>35:51</name>
      </trkpt>
      <trkpt lat="35.669083" lon="139.705886">
        <name>35:52</name>
      </trkpt>
      <trkpt lat="35.668749" lon="139.705623">
        <name>35:53</name>
      </trkpt>
      <trkpt lat="35.668682" lon="139.705573">
        <name>35:54</name>
      </trkpt>
      <trkpt lat="35.668516" lon="139.705455">
        <name>35:55</name>
      </trkpt>
      <trkpt lat="35.668441" lon="139.705402">
        <name>35:56</name>
      </trkpt>
      <trkpt lat="35.668303" lon="139.705304">
        <name>35:57</name>
      </trkpt>
      <trkpt lat="35.667834" lon="139.704973">
        <name>35:58</name>
      </trkpt>
      <trkpt lat="35.667217" lon="139.704539">
        <name>35:59</name>
      </trkpt>
      <trkpt lat="35.666887" lon="139.704309">
        <name>36:00</name>
      </trkpt>
      <trkpt lat="35.666854" lon="139.704286">
        <name>36:01</name>
      </trkpt>
      <trkpt lat="35.666829" lon="139.704269">
        <name>36:02</name>
      </trkpt>
      <trkpt lat="35.666560" lon="139.704080">
        <name>36:03</name>
      </trkpt>
      <trkpt lat="35.666099" lon="139.703712">
        <name>36:04</name>
      </trkpt>
      <trkpt lat="35.665980" lon="139.703618">
        <name>36:05</name>
      </trkpt>
      <trkpt lat="35.665936" lon="139.703583">
        <name>36:06</name>
      </trkpt>
      <trkpt lat="35.665917" lon="139.703568">
        <name>36:07</name>
      </trkpt>
      <trkpt lat="35.665822" lon="139.703492">
        <name>36:08</name>
      </trkpt>
      <trkpt lat="35.665230" lon="139.703019">
        <name>36:09</name>
      </trkpt>
      <trkpt lat="35.664726" lon="139.702641">
        <name>36:10</name>
      </trkpt>
      <trkpt lat="35.664630" lon="139.702580">
        <name>36:11</name>
      </trkpt>
      <trkpt lat="35.664538" lon="139.702522">
        <name>36:12</name>
      </trkpt>
      <trkpt lat="35.664370" lon="139.702439">
        <name>36:13</name>
      </trkpt>
      <trkpt lat="35.664295" lon="139.702401">
        <name>36:14</name>
      </trkpt>
      <trkpt lat="35.664201" lon="139.702362">
        <name>36:15</name>
      </trkpt>
      <trkpt lat="35.664135" lon="139.702333">
        <name>36:16</name>
      </trkpt>
      <trkpt lat="35.664010" lon="139.702277">
        <name>36:17</name>
      </trkpt>
      <trkpt lat="35.663901" lon="139.702247">
        <name>36:18</name>
      </trkpt>
      <trkpt lat="35.663750" lon="139.702215">
        <name>36:19</name>
      </trkpt>
      <trkpt lat="35.663697" lon="139.702207">
        <name>36:20</name>
      </trkpt>
      <trkpt lat="35.663612" lon="139.702202">
        <name>36:21</name>
      </trkpt>
      <trkpt lat="35.663149" lon="139.702208">
        <name>36:22</name>
      </trkpt>
      <trkpt lat="35.662657" lon="139.702241">
        <name>36:23</name>
      </trkpt>
      <trkpt lat="35.662039" lon="139.702281">
        <name>36:24</name>
      </trkpt>
      <trkpt lat="35.661864" lon="139.702293">
        <name>36:25</name>
      </trkpt>
      <trkpt lat="35.661704" lon="139.702304">
        <name>36:26</name>
      </trkpt>
      <trkpt lat="35.661017" lon="139.702340">
        <name>36:27</name>
      </trkpt>
      <trkpt lat="35.660395" lon="139.702364">
        <name>36:28</name>
      </trkpt>
      <trkpt lat="35.659883" lon="139.702398">
        <name>36:29</name>
      </trkpt>
      <trkpt lat="35.659793" lon="139.702410">
        <name>36:30</name>
      </trkpt>
      <trkpt lat="35.659740" lon="139.702421">
        <name>36:31</name>
      </trkpt>
      <trkpt lat="35.659678" lon="139.702434">
        <name>36:32</name>
      </trkpt>
      <trkpt lat="35.659558" lon="139.702472">
        <name>36:33</name>
      </trkpt>
      <trkpt lat="35.659443" lon="139.702516">
        <name>36:34</name>
      </trkpt>
      <trkpt lat="35.659400" lon="139.702534">
        <name>36:35</name>
      </trkpt>
      <trkpt lat="35.658816" lon="139.702814">
        <name>36:36</name>
      </trkpt>
      <trkpt lat="35.658658" lon="139.702887">
        <name>36:37</name>
      </trkpt>
      <trkpt lat="35.658550" lon="139.702939">
        <name>36:38</name>
      </trkpt>
      <trkpt lat="35.658260" lon="139.703077">
        <name>36:39</name>
      </trkpt>
      <trkpt lat="35.658139" lon="139.703148">
        <name>36:40</name>
      </trkpt>
      <trkpt lat="35.657981" lon="139.703285">
        <name>36:41</name>
      </trkpt>
      <trkpt lat="35.657964" lon="139.703173">
        <name>36:42</name>
      </trkpt>
      <trkpt lat="35.657907" lon="139.702904">
        <name>36:43</name>
      </trkpt>
      <trkpt lat="35.657851" lon="139.702707">
        <name>36:44</name>
      </trkpt>
      <trkpt lat="35.657674" lon="139.702201">
        <name>36:45</name>
      </trkpt>
      <trkpt lat="35.657528" lon="139.701798">
        <name>36:46</name>
      </trkpt>
      <trkpt lat="35.657302" lon="139.701143">
        <name>36:47</name>
      </trkpt>
      <trkpt lat="35.657234" lon="139.700947">
        <name>36:48</name>
      </trkpt>
      <trkpt lat="35.657204" lon="139.700855">
        <name>36:49</name>
      </trkpt>
      <trkpt lat="35.657402" lon="139.700752">
        <name>36:50</name>
      </trkpt>
      <trkpt lat="35.657435" lon="139.700846">
        <name>36:51</name>
      </trkpt>
      <trkpt lat="35.657703" lon="139.701651">
        <name>36:52</name>
      </trkpt>
      <trkpt lat="35.657852" lon="139.702117">
        <name>36:53</name>
      </trkpt>
      <trkpt lat="35.657942" lon="139.702394">
        <name>36:54</name>
      </trkpt>
      <trkpt lat="35.657942" lon="139.702394">
        <name>36:55</name>
      </trkpt>
      <trkpt lat="35.658088" lon="139.702842">
        <name>36:56</name>
      </trkpt>
      <trkpt lat="35.658119" lon="139.703034">
        <name>36:57</name>
      </trkpt>
      <trkpt lat="35.658335" lon="139.702922">
        <name>36:58</name>
      </trkpt>
      <trkpt lat="35.658855" lon="139.702670">
        <name>36:59</name>
      </trkpt>
      <trkpt lat="35.659337" lon="139.702449">
        <name>37:00</name>
      </trkpt>
      <trkpt lat="35.659388" lon="139.702425">
        <name>37:01</name>
      </trkpt>
      <trkpt lat="35.659432" lon="139.702409">
        <name>37:02</name>
      </trkpt>
      <trkpt lat="35.659541" lon="139.702368">
        <name>37:03</name>
      </trkpt>
      <trkpt lat="35.659664" lon="139.702338">
        <name>37:04</name>
      </trkpt>
      <trkpt lat="35.659787" lon="139.702318">
        <name>37:05</name>
      </trkpt>
      <trkpt lat="35.659862" lon="139.702309">
        <name>37:06</name>
      </trkpt>
      <trkpt lat="35.660749" lon="139.702241">
        <name>37:07</name>
      </trkpt>
      <trkpt lat="35.661745" lon="139.702199">
        <name>37:08</name>
      </trkpt>
      <trkpt lat="35.661892" lon="139.702192">
        <name>37:09</name>
      </trkpt>
      <trkpt lat="35.662042" lon="139.702183">
        <name>37:10</name>
      </trkpt>
      <trkpt lat="35.662972" lon="139.702133">
        <name>37:11</name>
      </trkpt>
      <trkpt lat="35.663454" lon="139.702107">
        <name>37:12</name>
      </trkpt>
      <trkpt lat="35.663615" lon="139.702103">
        <name>37:13</name>
      </trkpt>
      <trkpt lat="35.663708" lon="139.702109">
        <name>37:14</name>
      </trkpt>
      <trkpt lat="35.663908" lon="139.702147">
        <name>37:15</name>
      </trkpt>
      <trkpt lat="35.664086" lon="139.702195">
        <name>37:16</name>
      </trkpt>
      <trkpt lat="35.664240" lon="139.702260">
        <name>37:17</name>
      </trkpt>
      <trkpt lat="35.664328" lon="139.702297">
        <name>37:18</name>
      </trkpt>
      <trkpt lat="35.664407" lon="139.702334">
        <name>37:19</name>
      </trkpt>
      <trkpt lat="35.664462" lon="139.702360">
        <name>37:20</name>
      </trkpt>
      <trkpt lat="35.664617" lon="139.702449">
        <name>37:21</name>
      </trkpt>
      <trkpt lat="35.664735" lon="139.702525">
        <name>37:22</name>
      </trkpt>
      <trkpt lat="35.664872" lon="139.702622">
        <name>37:23</name>
      </trkpt>
      <trkpt lat="35.665285" lon="139.702960">
        <name>37:24</name>
      </trkpt>
      <trkpt lat="35.665930" lon="139.703481">
        <name>37:25</name>
      </trkpt>
      <trkpt lat="35.665973" lon="139.703515">
        <name>37:26</name>
      </trkpt>
      <trkpt lat="35.665988" lon="139.703527">
        <name>37:27</name>
      </trkpt>
      <trkpt lat="35.666043" lon="139.703571">
        <name>37:28</name>
      </trkpt>
      <trkpt lat="35.666464" lon="139.703912">
        <name>37:29</name>
      </trkpt>
      <trkpt lat="35.666594" lon="139.704017">
        <name>37:30</name>
      </trkpt>
      <trkpt lat="35.666719" lon="139.704106">
        <name>37:31</name>
      </trkpt>
      <trkpt lat="35.666849" lon="139.704192">
        <name>37:32</name>
      </trkpt>
      <trkpt lat="35.666887" lon="139.704218">
        <name>37:33</name>
      </trkpt>
      <trkpt lat="35.666899" lon="139.704226">
        <name>37:34</name>
      </trkpt>
      <trkpt lat="35.667109" lon="139.704371">
        <name>37:35</name>
      </trkpt>
      <trkpt lat="35.667881" lon="139.704915">
        <name>37:36</name>
      </trkpt>
      <trkpt lat="35.668013" lon="139.705014">
        <name>37:37</name>
      </trkpt>
      <trkpt lat="35.668276" lon="139.705195">
        <name>37:38</name>
      </trkpt>
      <trkpt lat="35.668335" lon="139.705238">
        <name>37:39</name>
      </trkpt>
      <trkpt lat="35.668471" lon="139.705338">
        <name>37:40</name>
      </trkpt>
      <trkpt lat="35.668545" lon="139.705392">
        <name>37:41</name>
      </trkpt>
      <trkpt lat="35.668711" lon="139.705514">
        <name>37:42</name>
      </trkpt>
      <trkpt lat="35.669143" lon="139.705840">
        <name>37:43</name>
      </trkpt>
      <trkpt lat="35.669429" lon="139.706075">
        <name>37:44</name>
      </trkpt>
      <trkpt lat="35.669619" lon="139.706231">
        <name>37:45</name>
      </trkpt>
      <trkpt lat="35.670033" lon="139.706568">
        <name>37:46</name>
      </trkpt>
      <trkpt lat="35.670113" lon="139.706630">
        <name>37:47</name>
      </trkpt>
      <trkpt lat="35.670208" lon="139.706705">
        <name>37:48</name>
      </trkpt>
      <trkpt lat="35.670261" lon="139.706738">
        <name>37:49</name>
      </trkpt>
      <trkpt lat="35.670828" lon="139.707091">
        <name>37:50</name>
      </trkpt>
      <trkpt lat="35.670863" lon="139.707119">
        <name>37:51</name>
      </trkpt>
      <trkpt lat="35.670983" lon="139.707217">
        <name>37:52</name>
      </trkpt>
      <trkpt lat="35.671392" lon="139.707561">
        <name>37:53</name>
      </trkpt>
      <trkpt lat="35.671476" lon="139.707634">
        <name>37:54</name>
      </trkpt>
      <trkpt lat="35.671786" lon="139.707902">
        <name>37:55</name>
      </trkpt>
      <trkpt lat="35.671877" lon="139.707965">
        <name>37:56</name>
      </trkpt>
      <trkpt lat="35.671949" lon="139.708006">
        <name>37:57</name>
      </trkpt>
      <trkpt lat="35.672036" lon="139.708052">
        <name>37:58</name>
      </trkpt>
      <trkpt lat="35.672111" lon="139.708080">
        <name>37:59</name>
      </trkpt>
      <trkpt lat="35.672186" lon="139.708095">
        <name>38:00</name>
      </trkpt>
      <trkpt lat="35.672255" lon="139.708103">
        <name>38:01</name>
      </trkpt>
      <trkpt lat="35.672384" lon="139.708106">
        <name>38:02</name>
      </trkpt>
      <trkpt lat="35.672486" lon="139.708099">
        <name>38:03</name>
      </trkpt>
      <trkpt lat="35.672582" lon="139.708080">
        <name>38:04</name>
      </trkpt>
      <trkpt lat="35.672622" lon="139.708068">
        <name>38:05</name>
      </trkpt>
      <trkpt lat="35.672722" lon="139.708034">
        <name>38:06</name>
      </trkpt>
      <trkpt lat="35.672888" lon="139.707964">
        <name>38:07</name>
      </trkpt>
      <trkpt lat="35.673358" lon="139.707715">
        <name>38:08</name>
      </trkpt>
      <trkpt lat="35.673538" lon="139.707633">
        <name>38:09</name>
      </trkpt>
      <trkpt lat="35.674108" lon="139.707363">
        <name>38:10</name>
      </trkpt>
      <trkpt lat="35.674499" lon="139.707107">
        <name>38:11</name>
      </trkpt>
      <trkpt lat="35.674613" lon="139.707021">
        <name>38:12</name>
      </trkpt>
      <trkpt lat="35.674721" lon="139.706942">
        <name>38:13</name>
      </trkpt>
      <trkpt lat="35.674851" lon="139.706855">
        <name>38:14</name>
      </trkpt>
      <trkpt lat="35.675207" lon="139.706733">
        <name>38:15</name>
      </trkpt>
      <trkpt lat="35.675325" lon="139.706698">
        <name>38:16</name>
      </trkpt>
      <trkpt lat="35.675546" lon="139.706626">
        <name>38:17</name>
      </trkpt>
      <trkpt lat="35.675615" lon="139.706604">
        <name>38:18</name>
      </trkpt>
      <trkpt lat="35.676177" lon="139.706460">
        <name>38:19</name>
      </trkpt>
      <trkpt lat="35.676454" lon="139.706383">
        <name>38:20</name>
      </trkpt>
      <trkpt lat="35.676553" lon="139.706357">
        <name>38:21</name>
      </trkpt>
      <trkpt lat="35.676724" lon="139.706316">
        <name>38:22</name>
      </trkpt>
      <trkpt lat="35.677216" lon="139.706184">
        <name>38:23</name>
      </trkpt>
      <trkpt lat="35.677374" lon="139.706139">
        <name>38:24</name>
      </trkpt>
      <trkpt lat="35.677454" lon="139.706111">
        <name>38:25</name>
      </trkpt>
      <trkpt lat="35.677550" lon="139.706072">
        <name>38:26</name>
      </trkpt>
      <trkpt lat="35.677648" lon="139.706023">
        <name>38:27</name>
      </trkpt>
      <trkpt lat="35.677803" lon="139.705930">
        <name>38:28</name>
      </trkpt>
      <trkpt lat="35.678200" lon="139.705636">
        <name>38:29</name>
      </trkpt>
      <trkpt lat="35.678260" lon="139.705593">
        <name>38:30</name>
      </trkpt>
      <trkpt lat="35.678328" lon="139.705545">
        <name>38:31</name>
      </trkpt>
      <trkpt lat="35.678755" lon="139.705210">
        <name>38:32</name>
      </trkpt>
      <trkpt lat="35.679076" lon="139.704959">
        <name>38:33</name>
      </trkpt>
      <trkpt lat="35.679370" lon="139.704710">
        <name>38:34</name>
      </trkpt>
      <trkpt lat="35.679555" lon="139.704628">
        <name>38:35</name>
      </trkpt>
      <trkpt lat="35.679709" lon="139.704572">
        <name>38:36</name>
      </trkpt>
      <trkpt lat="35.679921" lon="139.704520">
        <name>38:37</name>
      </trkpt>
      <trkpt lat="35.680034" lon="139.704511">
        <name>38:38</name>
      </trkpt>
      <trkpt lat="35.680192" lon="139.704510">
        <name>38:39</name>
      </trkpt>
      <trkpt lat="35.680244" lon="139.704509">
        <name>38:40</name>
      </trkpt>
      <trkpt lat="35.680360" lon="139.704510">
        <name>38:41</name>
      </trkpt>
      <trkpt lat="35.680467" lon="139.704511">
        <name>38:42</name>
      </trkpt>
      <trkpt lat="35.680747" lon="139.704521">
        <name>38:43</name>
      </trkpt>
      <trkpt lat="35.680823" lon="139.704511">
        <name>38:44</name>
      </trkpt>
      <trkpt lat="35.680934" lon="139.704517">
        <name>38:45</name>
      </trkpt>
      <trkpt lat="35.681597" lon="139.704529">
        <name>38:46</name>
      </trkpt>
      <trkpt lat="35.682394" lon="139.704534">
        <name>38:47</name>
      </trkpt>
      <trkpt lat="35.682421" lon="139.704534">
        <name>38:48</name>
      </trkpt>
      <trkpt lat="35.682719" lon="139.704538">
        <name>38:49</name>
      </trkpt>
      <trkpt lat="35.682845" lon="139.704539">
        <name>38:50</name>
      </trkpt>
      <trkpt lat="35.683096" lon="139.704483">
        <name>38:51</name>
      </trkpt>
      <trkpt lat="35.683167" lon="139.704465">
        <name>38:52</name>
      </trkpt>
      <trkpt lat="35.683277" lon="139.704442">
        <name>38:53</name>
      </trkpt>
      <trkpt lat="35.683422" lon="139.704394">
        <name>38:54</name>
      </trkpt>
      <trkpt lat="35.683555" lon="139.704334">
        <name>38:55</name>
      </trkpt>
      <trkpt lat="35.683635" lon="139.704297">
        <name>38:56</name>
      </trkpt>
      <trkpt lat="35.683755" lon="139.704233">
        <name>38:57</name>
      </trkpt>
      <trkpt lat="35.683848" lon="139.704173">
        <name>38:58</name>
      </trkpt>
      <trkpt lat="35.683996" lon="139.704054">
        <name>38:59</name>
      </trkpt>
      <trkpt lat="35.684162" lon="139.703935">
        <name>39:00</name>
      </trkpt>
      <trkpt lat="35.684380" lon="139.703822">
        <name>39:01</name>
      </trkpt>
      <trkpt lat="35.684453" lon="139.703794">
        <name>39:02</name>
      </trkpt>
      <trkpt lat="35.684556" lon="139.703762">
        <name>39:03</name>
      </trkpt>
      <trkpt lat="35.684683" lon="139.703723">
        <name>39:04</name>
      </trkpt>
      <trkpt lat="35.685330" lon="139.703547">
        <name>39:05</name>
      </trkpt>
      <trkpt lat="35.686072" lon="139.703335">
        <name>39:06</name>
      </trkpt>
      <trkpt lat="35.686277" lon="139.703274">
        <name>39:07</name>
      </trkpt>
      <trkpt lat="35.686713" lon="139.703144">
        <name>39:08</name>
      </trkpt>
      <trkpt lat="35.686822" lon="139.703112">
        <name>39:09</name>
      </trkpt>
      <trkpt lat="35.686902" lon="139.703088">
        <name>39:10</name>
      </trkpt>
      <trkpt lat="35.687095" lon="139.703038">
        <name>39:11</name>
      </trkpt>
      <trkpt lat="35.687253" lon="139.702995">
        <name>39:12</name>
      </trkpt>
      <trkpt lat="35.687490" lon="139.702929">
        <name>39:13</name>
      </trkpt>
      <trkpt lat="35.687524" lon="139.702920">
        <name>39:14</name>
      </trkpt>
      <trkpt lat="35.687589" lon="139.702901">
        <name>39:15</name>
      </trkpt>
      <trkpt lat="35.687805" lon="139.702844">
        <name>39:16</name>
      </trkpt>
      <trkpt lat="35.687871" lon="139.702838">
        <name>39:17</name>
      </trkpt>
      <trkpt lat="35.687924" lon="139.702842">
        <name>39:18</name>
      </trkpt>
      <trkpt lat="35.687981" lon="139.702858">
        <name>39:19</name>
      </trkpt>
      <trkpt lat="35.688034" lon="139.702886">
        <name>39:20</name>
      </trkpt>
      <trkpt lat="35.688130" lon="139.702956">
        <name>39:21</name>
      </trkpt>
      <trkpt lat="35.688299" lon="139.703071">
        <name>39:22</name>
      </trkpt>
      <trkpt lat="35.689464" lon="139.703879">
        <name>39:23</name>
      </trkpt>
      <trkpt lat="35.689546" lon="139.703937">
        <name>39:24</name>
      </trkpt>
      <trkpt lat="35.689602" lon="139.703976">
        <name>39:25</name>
      </trkpt>
      <trkpt lat="35.689703" lon="139.704046">
        <name>39:26</name>
      </trkpt>
      <trkpt lat="35.689825" lon="139.704126">
        <name>39:27</name>
      </trkpt>
      <trkpt lat="35.689982" lon="139.704223">
        <name>39:28</name>
      </trkpt>
      <trkpt lat="35.690320" lon="139.704455">
        <name>39:29</name>
      </trkpt>
      <trkpt lat="35.690406" lon="139.704398">
        <name>39:30</name>
      </trkpt>
      <trkpt lat="35.690438" lon="139.704335">
        <name>39:31</name>
      </trkpt>
      <trkpt lat="35.690512" lon="139.703953">
        <name>39:32</name>
      </trkpt>
      <trkpt lat="35.690522" lon="139.703907">
        <name>39:33</name>
      </trkpt>
      <trkpt lat="35.690637" lon="139.703385">
        <name>39:34</name>
      </trkpt>
      <trkpt lat="35.690654" lon="139.703305">
        <name>39:35</name>
      </trkpt>
      <trkpt lat="35.690660" lon="139.703232">
        <name>39:36</name>
      </trkpt>
      <trkpt lat="35.690684" lon="139.702924">
        <name>39:37</name>
      </trkpt>
      <trkpt lat="35.690727" lon="139.702291">
        <name>39:38</name>
      </trkpt>
      <trkpt lat="35.690758" lon="139.701978">
        <name>39:39</name>
      </trkpt>
      <trkpt lat="35.690758" lon="139.701978">
        <name>39:40</name>
      </trkpt>
      <trkpt lat="35.690758" lon="139.701983">
        <name>39:41</name>
      </trkpt>
      <trkpt lat="35.690758" lon="139.701983">
        <name>39:42</name>
      </trkpt>
      <trkpt lat="35.690774" lon="139.701816">
        <name>39:43</name>
      </trkpt>
      <trkpt lat="35.690791" lon="139.701630">
        <name>39:44</name>
      </trkpt>
      <trkpt lat="35.690721" lon="139.701487">
        <name>39:45</name>
      </trkpt>
      <trkpt lat="35.690787" lon="139.701435">
        <name>39:46</name>
      </trkpt>
      <trkpt lat="35.690816" lon="139.701422">
        <name>39:47</name>
      </trkpt>
      <trkpt lat="35.690842" lon="139.701419">
        <name>39:48</name>
      </trkpt>
      <trkpt lat="35.690871" lon="139.701414">
        <name>39:49</name>
      </trkpt>
      <trkpt lat="35.690910" lon="139.701415">
        <name>39:50</name>
      </trkpt>
      <trkpt lat="35.691129" lon="139.701388">
        <name>39:51</name>
      </trkpt>
      <trkpt lat="35.691185" lon="139.701381">
        <name>39:52</name>
      </trkpt>
      <trkpt lat="35.691211" lon="139.701378">
        <name>39:53</name>
      </trkpt>
      <trkpt lat="35.691241" lon="139.701378">
        <name>39:54</name>
      </trkpt>
      <trkpt lat="35.691297" lon="139.701371">
        <name>39:55</name>
      </trkpt>
      <trkpt lat="35.691319" lon="139.701372">
        <name>39:56</name>
      </trkpt>
      <trkpt lat="35.691339" lon="139.701377">
        <name>39:57</name>
      </trkpt>
      <trkpt lat="35.691351" lon="139.701386">
        <name>39:58</name>
      </trkpt>
      <trkpt lat="35.691366" lon="139.701402">
        <name>39:59</name>
      </trkpt>
      <trkpt lat="35.691378" lon="139.701539">
        <name>40:00</name>
      </trkpt>
      <trkpt lat="35.691384" lon="139.701591">
        <name>40:01</name>
      </trkpt>
      <trkpt lat="35.691358" lon="139.701613">
        <name>40:02</name>
      </trkpt>
      <trkpt lat="35.691344" lon="139.701705">
        <name>40:03</name>
      </trkpt>
      <trkpt lat="35.691315" lon="139.701896">
        <name>40:04</name>
      </trkpt>
      <trkpt lat="35.691251" lon="139.702312">
        <name>40:05</name>
      </trkpt>
      <trkpt lat="35.691237" lon="139.702412">
        <name>40:06</name>
      </trkpt>
      <trkpt lat="35.691216" lon="139.702511">
        <name>40:07</name>
      </trkpt>
      <trkpt lat="35.691146" lon="139.703028">
        <name>40:08</name>
      </trkpt>
      <trkpt lat="35.690684" lon="139.702924">
        <name>40:09</name>
      </trkpt>
      <trkpt lat="35.690727" lon="139.702291">
        <name>40:10</name>
      </trkpt>
      <trkpt lat="35.690757" lon="139.701987">
        <name>40:11</name>
      </trkpt>
      <trkpt lat="35.690757" lon="139.701987">
        <name>40:12</name>
      </trkpt>
      <trkpt lat="35.690757" lon="139.701992">
        <name>40:13</name>
      </trkpt>
      <trkpt lat="35.690757" lon="139.701992">
        <name>40:14</name>
      </trkpt>
      <trkpt lat="35.690774" lon="139.701816">
        <name>40:15</name>
      </trkpt>
      <trkpt lat="35.690791" lon="139.701630">
        <name>40:16</name>
      </trkpt>
      <trkpt lat="35.690721" lon="139.701487">
        <name>40:17</name>
      </trkpt>
      <trkpt lat="35.690787" lon="139.701435">
        <name>40:18</name>
      </trkpt>
      <trkpt lat="35.690816" lon="139.701422">
        <name>40:19</name>
      </trkpt>
      <trkpt lat="35.690842" lon="139.701419">
        <name>40:20</name>
      </trkpt>
      <trkpt lat="35.690871" lon="139.701414">
        <name>40:21</name>
      </trkpt>
      <trkpt lat="35.690910" lon="139.701415">
        <name>40:22</name>
      </trkpt>
      <trkpt lat="35.691129" lon="139.701388">
        <name>40:23</name>
      </trkpt>
      <trkpt lat="35.691185" lon="139.701381">
        <name>40:24</name>
      </trkpt>
      <trkpt lat="35.691211" lon="139.701378">
        <name>40:25</name>
      </trkpt>
      <trkpt lat="35.691241" lon="139.701378">
        <name>40:26</name>
      </trkpt>
      <trkpt lat="35.691297" lon="139.701371">
        <name>40:27</name>
      </trkpt>
      <trkpt lat="35.691319" lon="139.701372">
        <name>40:28</name>
      </trkpt>
      <trkpt lat="35.691339" lon="139.701377">
        <name>40:29</name>
      </trkpt>
      <trkpt lat="35.691351" lon="139.701386">
        <name>40:30</name>
      </trkpt>
      <trkpt lat="35.691366" lon="139.701402">
        <name>40:31</name>
      </trkpt>
      <trkpt lat="35.691378" lon="139.701539">
        <name>40:32</name>
      </trkpt>
      <trkpt lat="35.691384" lon="139.701591">
        <name>40:33</name>
      </trkpt>
      <trkpt lat="35.691358" lon="139.701613">
        <name>40:34</name>
      </trkpt>
      <trkpt lat="35.691344" lon="139.701705">
        <name>40:35</name>
      </trkpt>
      <trkpt lat="35.691315" lon="139.701896">
        <name>40:36</name>
      </trkpt>
      <trkpt lat="35.691251" lon="139.702312">
        <name>40:37</name>
      </trkpt>
      <trkpt lat="35.691237" lon="139.702412">
        <name>40:38</name>
      </trkpt>
      <trkpt lat="35.691216" lon="139.702511">
        <name>40:39</name>
      </trkpt>
      <trkpt lat="35.691146" lon="139.703028">
        <name>40:40</name>
      </trkpt>
      <trkpt lat="35.690684" lon="139.702924">
        <name>40:41</name>
      </trkpt>
      <trkpt lat="35.690727" lon="139.702291">
        <name>40:42</name>
      </trkpt>
      <trkpt lat="35.690756" lon="139.701996">
        <name>40:43</name>
      </trkpt>
      <trkpt lat="35.690756" lon="139.701996">
        <name>40:44</name>
      </trkpt>
      <trkpt lat="35.690774" lon="139.701816">
        <name>40:45</name>
      </trkpt>
      <trkpt lat="35.690791" lon="139.701630">
        <name>40:46</name>
      </trkpt>
      <trkpt lat="35.690721" lon="139.701487">
        <name>40:47</name>
      </trkpt>
      <trkpt lat="35.690787" lon="139.701435">
        <name>40:48</name>
      </trkpt>
      <trkpt lat="35.690816" lon="139.701422">
        <name>40:49</name>
      </trkpt>
      <trkpt lat="35.690842" lon="139.701419">
        <name>40:50</name>
      </trkpt>
      <trkpt lat="35.690871" lon="139.701414">
        <name>40:51</name>
      </trkpt>
      <trkpt lat="35.690910" lon="139.701415">
        <name>40:52</name>
      </trkpt>
      <trkpt lat="35.691129" lon="139.701388">
        <name>40:53</name>
      </trkpt>
      <trkpt lat="35.691185" lon="139.701381">
        <name>40:54</name>
      </trkpt>
      <trkpt lat="35.691211" lon="139.701378">
        <name>40:55</name>
      </trkpt>
      <trkpt lat="35.691241" lon="139.701378">
        <name>40:56</name>
      </trkpt>
      <trkpt lat="35.691297" lon="139.701371">
        <name>40:57</name>
      </trkpt>
      <trkpt lat="35.691319" lon="139.701372">
        <name>40:58</name>
      </trkpt>
      <trkpt lat="35.691339" lon="139.701377">
        <name>40:59</name>
      </trkpt>
      <trkpt lat="35.691351" lon="139.701386">
        <name>41:00</name>
      </trkpt>
      <trkpt lat="35.691366" lon="139.701402">
        <name>41:01</name>
      </trkpt>
      <trkpt lat="35.691378" lon="139.701539">
        <name>41:02</name>
      </trkpt>
      <trkpt lat="35.691384" lon="139.701591">
        <name>41:03</name>
      </trkpt>
      <trkpt lat="35.691358" lon="139.701613">
        <name>41:04</name>
      </trkpt>
      <trkpt lat="35.691344" lon="139.701705">
        <name>41:05</name>
      </trkpt>
      <trkpt lat="35.691315" lon="139.701896">
        <name>41:06</name>
      </trkpt>
      <trkpt lat="35.691251" lon="139.702312">
        <name>41:07</name>
      </trkpt>
      <trkpt lat="35.691237" lon="139.702412">
        <name>41:08</name>
      </trkpt>
      <trkpt lat="35.691216" lon="139.702511">
        <name>41:09</name>
      </trkpt>
      <trkpt lat="35.691146" lon="139.703028">
        <name>41:10</name>
      </trkpt>
      <trkpt lat="35.690684" lon="139.702924">
        <name>41:11</name>
      </trkpt>
      <trkpt lat="35.690727" lon="139.702291">
        <name>41:12</name>
      </trkpt>
      <trkpt lat="35.690756" lon="139.702001">
        <name>41:13</name>
      </trkpt>
      <trkpt lat="35.690756" lon="139.702001">
        <name>41:14</name>
      </trkpt>
      <trkpt lat="35.690774" lon="139.701816">
        <name>41:15</name>
      </trkpt>
      <trkpt lat="35.690791" lon="139.701630">
        <name>41:16</name>
      </trkpt>
      <trkpt lat="35.690721" lon="139.701487">
        <name>41:17</name>
      </trkpt>
      <trkpt lat="35.690666" lon="139.701511">
        <name>41:18</name>
      </trkpt>
      <trkpt lat="35.689831" lon="139.701868">
        <name>41:19</name>
      </trkpt>
      <trkpt lat="35.689800" lon="139.701881">
        <name>41:20</name>
      </trkpt>
      <trkpt lat="35.689765" lon="139.701911">
        <name>41:21</name>
      </trkpt>
      <trkpt lat="35.689730" lon="139.701948">
        <name>41:22</name>
      </trkpt>
      <trkpt lat="35.689689" lon="139.701993">
        <name>41:23</name>
      </trkpt>
      <trkpt lat="35.689588" lon="139.702098">
        <name>41:24</name>
      </trkpt>
      <trkpt lat="35.689603" lon="139.702168">
        <name>41:25</name>
      </trkpt>
      <trkpt lat="35.689708" lon="139.702626">
        <name>41:26</name>
      </trkpt>
      <trkpt lat="35.689795" lon="139.703133">
        <name>41:27</name>
      </trkpt>
      <trkpt lat="35.689811" lon="139.703229">
        <name>41:28</name>
      </trkpt>
      <trkpt lat="35.689769" lon="139.703274">
        <name>41:29</name>
      </trkpt>
      <trkpt lat="35.689749" lon="139.703322">
        <name>41:30</name>
      </trkpt>
      <trkpt lat="35.689741" lon="139.703369">
        <name>41:31</name>
      </trkpt>
      <trkpt lat="35.689735" lon="139.703422">
        <name>41:32</name>
      </trkpt>
      <trkpt lat="35.689766" lon="139.703641">
        <name>41:33</name>
      </trkpt>
      <trkpt lat="35.689802" lon="139.703923">
        <name>41:34</name>
      </trkpt>
      <trkpt lat="35.689811" lon="139.703991">
        <name>41:35</name>
      </trkpt>
      <trkpt lat="35.689825" lon="139.704126">
        <name>41:36</name>
      </trkpt>
      <trkpt lat="35.689982" lon="139.704223">
        <name>41:37</name>
      </trkpt>
      <trkpt lat="35.690320" lon="139.704455">
        <name>41:38</name>
      </trkpt>
      <trkpt lat="35.690461" lon="139.704549">
        <name>41:39</name>
      </trkpt>
      <trkpt lat="35.690741" lon="139.704744">
        <name>41:40</name>
      </trkpt>
      <trkpt lat="35.690884" lon="139.704836">
        <name>41:41</name>
      </trkpt>
      <trkpt lat="35.690851" lon="139.704908">
        <name>41:42</name>
      </trkpt>
      <trkpt lat="35.690787" lon="139.705048">
        <name>41:43</name>
      </trkpt>
      <trkpt lat="35.690787" lon="139.705048">
        <name>41:44</name>
      </trkpt>
      <trkpt lat="35.690787" lon="139.705048">
        <name>41:45</name>
      </trkpt>
      <trkpt lat="35.690780" lon="139.705064">
        <name>41:46</name>
      </trkpt>
      <trkpt lat="35.690780" lon="139.705064">
        <name>41:47</name>
      </trkpt>
      <trkpt lat="35.690772" lon="139.705080">
        <name>41:48</name>
      </trkpt>
      <trkpt lat="35.690772" lon="139.705080">
        <name>41:49</name>
      </trkpt>
      <trkpt lat="35.690787" lon="139.705048">
        <name>41:50</name>
      </trkpt>
      <trkpt lat="35.690851" lon="139.704908">
        <name>41:51</name>
      </trkpt>
      <trkpt lat="35.690884" lon="139.704836">
        <name>41:52</name>
      </trkpt>
      <trkpt lat="35.691052" lon="139.704943">
        <name>41:53</name>
      </trkpt>
      <trkpt lat="35.691354" lon="139.705119">
        <name>41:54</name>
      </trkpt>
      <trkpt lat="35.691536" lon="139.705241">
        <name>41:55</name>
      </trkpt>
      <trkpt lat="35.691766" lon="139.705377">
        <name>41:56</name>
      </trkpt>
      <trkpt lat="35.691810" lon="139.705402">
        <name>41:57</name>
      </trkpt>
      <trkpt lat="35.691872" lon="139.705440">
        <name>41:58</name>
      </trkpt>
      <trkpt lat="35.692197" lon="139.705635">
        <name>41:59</name>
      </trkpt>
      <trkpt lat="35.692245" lon="139.705663">
        <name>42:00</name>
      </trkpt>
      <trkpt lat="35.692388" lon="139.705747">
        <name>42:01</name>
      </trkpt>
      <trkpt lat="35.692430" lon="139.705557">
        <name>42:02</name>
      </trkpt>
      <trkpt lat="35.692441" lon="139.705516">
        <name>42:03</name>
      </trkpt>
      <trkpt lat="35.692452" lon="139.705473">
        <name>42:04</name>
      </trkpt>
      <trkpt lat="35.692534" lon="139.705160">
        <name>42:05</name>
      </trkpt>
      <trkpt lat="35.692708" lon="139.704533">
        <name>42:06</name>
      </trkpt>
      <trkpt lat="35.692778" lon="139.704288">
        <name>42:07</name>
      </trkpt>
      <trkpt lat="35.692836" lon="139.704078">
        <name>42:08</name>
      </trkpt>
      <trkpt lat="35.692931" lon="139.703745">
        <name>42:09</name>
      </trkpt>
      <trkpt lat="35.692950" lon="139.703680">
        <name>42:10</name>
      </trkpt>
      <trkpt lat="35.692997" lon="139.703512">
        <name>42:11</name>
      </trkpt>
      <trkpt lat="35.693021" lon="139.703427">
        <name>42:12</name>
      </trkpt>
      <trkpt lat="35.693141" lon="139.703482">
        <name>42:13</name>
      </trkpt>
      <trkpt lat="35.693246" lon="139.703529">
        <name>42:14</name>
      </trkpt>
      <trkpt lat="35.693315" lon="139.703561">
        <name>42:15</name>
      </trkpt>
      <trkpt lat="35.693462" lon="139.703629">
        <name>42:16</name>
      </trkpt>
      <trkpt lat="35.693540" lon="139.703666">
        <name>42:17</name>
      </trkpt>
      <trkpt lat="35.693750" lon="139.703764">
        <name>42:18</name>
      </trkpt>
      <trkpt lat="35.693750" lon="139.703764">
        <name>42:19</name>
      </trkpt>
      <trkpt lat="35.693540" lon="139.703666">
        <name>42:20</name>
      </trkpt>
      <trkpt lat="35.693462" lon="139.703629">
        <name>42:21</name>
      </trkpt>
      <trkpt lat="35.693315" lon="139.703561">
        <name>42:22</name>
      </trkpt>
      <trkpt lat="35.693246" lon="139.703529">
        <name>42:23</name>
      </trkpt>
      <trkpt lat="35.693141" lon="139.703482">
        <name>42:24</name>
      </trkpt>
      <trkpt lat="35.693072" lon="139.703731">
        <name>42:25</name>
      </trkpt>
      <trkpt lat="35.692837" lon="139.704588">
        <name>42:26</name>
      </trkpt>
      <trkpt lat="35.692597" lon="139.705493">
        <name>42:27</name>
      </trkpt>
      <trkpt lat="35.692587" lon="139.705528">
        <name>42:28</name>
      </trkpt>
      <trkpt lat="35.692577" lon="139.705567">
        <name>42:29</name>
      </trkpt>
      <trkpt lat="35.692565" lon="139.705611">
        <name>42:30</name>
      </trkpt>
      <trkpt lat="35.692510" lon="139.705818">
        <name>42:31</name>
      </trkpt>
      <trkpt lat="35.692490" lon="139.705892">
        <name>42:32</name>
      </trkpt>
      <trkpt lat="35.692371" lon="139.705823">
        <name>42:33</name>
      </trkpt>
      <trkpt lat="35.692221" lon="139.705735">
        <name>42:34</name>
      </trkpt>
      <trkpt lat="35.691893" lon="139.705539">
        <name>42:35</name>
      </trkpt>
      <trkpt lat="35.691832" lon="139.705503">
        <name>42:36</name>
      </trkpt>
      <trkpt lat="35.691769" lon="139.705465">
        <name>42:37</name>
      </trkpt>
      <trkpt lat="35.691498" lon="139.705306">
        <name>42:38</name>
      </trkpt>
      <trkpt lat="35.691326" lon="139.705192">
        <name>42:39</name>
      </trkpt>
      <trkpt lat="35.691188" lon="139.705110">
        <name>42:40</name>
      </trkpt>
      <trkpt lat="35.691024" lon="139.705014">
        <name>42:41</name>
      </trkpt>
      <trkpt lat="35.690851" lon="139.704908">
        <name>42:42</name>
      </trkpt>
      <trkpt lat="35.690787" lon="139.705048">
        <name>42:43</name>
      </trkpt>
      <trkpt lat="35.690758" lon="139.705113">
        <name>42:44</name>
      </trkpt>
      <trkpt lat="35.690758" lon="139.705113">
        <name>42:45</name>
      </trkpt>
      <trkpt lat="35.690787" lon="139.705048">
        <name>42:46</name>
      </trkpt>
      <trkpt lat="35.690851" lon="139.704908">
        <name>42:47</name>
      </trkpt>
      <trkpt lat="35.690884" lon="139.704836">
        <name>42:48</name>
      </trkpt>
      <trkpt lat="35.691052" lon="139.704943">
        <name>42:49</name>
      </trkpt>
      <trkpt lat="35.691354" lon="139.705119">
        <name>42:50</name>
      </trkpt>
      <trkpt lat="35.691536" lon="139.705241">
        <name>42:51</name>
      </trkpt>
      <trkpt lat="35.691766" lon="139.705377">
        <name>42:52</name>
      </trkpt>
      <trkpt lat="35.691810" lon="139.705402">
        <name>42:53</name>
      </trkpt>
      <trkpt lat="35.691872" lon="139.705440">
        <name>42:54</name>
      </trkpt>
      <trkpt lat="35.692197" lon="139.705635">
        <name>42:55</name>
      </trkpt>
      <trkpt lat="35.692245" lon="139.705663">
        <name>42:56</name>
      </trkpt>
      <trkpt lat="35.692388" lon="139.705747">
        <name>42:57</name>
      </trkpt>
      <trkpt lat="35.692430" lon="139.705557">
        <name>42:58</name>
      </trkpt>
      <trkpt lat="35.692441" lon="139.705516">
        <name>42:59</name>
      </trkpt>
      <trkpt lat="35.692452" lon="139.705473">
        <name>43:00</name>
      </trkpt>
      <trkpt lat="35.692534" lon="139.705160">
        <name>43:01</name>
      </trkpt>
      <trkpt lat="35.692708" lon="139.704533">
        <name>43:02</name>
      </trkpt>
      <trkpt lat="35.692778" lon="139.704288">
        <name>43:03</name>
      </trkpt>
      <trkpt lat="35.692836" lon="139.704078">
        <name>43:04</name>
      </trkpt>
      <trkpt lat="35.692931" lon="139.703745">
        <name>43:05</name>
      </trkpt>
      <trkpt lat="35.692950" lon="139.703680">
        <name>43:06</name>
      </trkpt>
      <trkpt lat="35.692997" lon="139.703512">
        <name>43:07</name>
      </trkpt>
      <trkpt lat="35.693021" lon="139.703427">
        <name>43:08</name>
      </trkpt>
      <trkpt lat="35.693141" lon="139.703482">
        <name>43:09</name>
      </trkpt>
      <trkpt lat="35.693246" lon="139.703529">
        <name>43:10</name>
      </trkpt>
      <trkpt lat="35.693315" lon="139.703561">
        <name>43:11</name>
      </trkpt>
      <trkpt lat="35.693462" lon="139.703629">
        <name>43:12</name>
      </trkpt>
      <trkpt lat="35.693540" lon="139.703666">
        <name>43:13</name>
      </trkpt>
      <trkpt lat="35.693897" lon="139.703832">
        <name>43:14</name>
      </trkpt>
      <trkpt lat="35.694197" lon="139.703962">
        <name>43:15</name>
      </trkpt>
      <trkpt lat="35.694863" lon="139.704266">
        <name>43:16</name>
      </trkpt>
      <trkpt lat="35.694973" lon="139.704310">
        <name>43:17</name>
      </trkpt>
      <trkpt lat="35.694975" lon="139.704217">
        <name>43:18</name>
      </trkpt>
      <trkpt lat="35.695011" lon="139.704058">
        <name>43:19</name>
      </trkpt>
      <trkpt lat="35.695038" lon="139.703944">
        <name>43:20</name>
      </trkpt>
      <trkpt lat="35.695098" lon="139.703687">
        <name>43:21</name>
      </trkpt>
      <trkpt lat="35.695124" lon="139.703577">
        <name>43:22</name>
      </trkpt>
      <trkpt lat="35.695166" lon="139.703407">
        <name>43:23</name>
      </trkpt>
      <trkpt lat="35.695183" lon="139.703364">
        <name>43:24</name>
      </trkpt>
      <trkpt lat="35.695220" lon="139.703375">
        <name>43:25</name>
      </trkpt>
      <trkpt lat="35.695290" lon="139.703395">
        <name>43:26</name>
      </trkpt>
      <trkpt lat="35.695508" lon="139.703458">
        <name>43:27</name>
      </trkpt>
      <trkpt lat="35.695508" lon="139.703458">
        <name>43:28</name>
      </trkpt>
      <trkpt lat="35.695640" lon="139.703496">
        <name>43:29</name>
      </trkpt>
      <trkpt lat="35.695961" lon="139.703571">
        <name>43:30</name>
      </trkpt>
      <trkpt lat="35.695845" lon="139.704202">
        <name>43:31</name>
      </trkpt>
      <trkpt lat="35.695797" lon="139.704458">
        <name>43:32</name>
      </trkpt>
      <trkpt lat="35.695785" lon="139.704525">
        <name>43:33</name>
      </trkpt>
      <trkpt lat="35.695037" lon="139.704332">
        <name>43:34</name>
      </trkpt>
      <trkpt lat="35.694973" lon="139.704310">
        <name>43:35</name>
      </trkpt>
      <trkpt lat="35.694863" lon="139.704266">
        <name>43:36</name>
      </trkpt>
      <trkpt lat="35.694197" lon="139.703962">
        <name>43:37</name>
      </trkpt>
      <trkpt lat="35.693897" lon="139.703832">
        <name>43:38</name>
      </trkpt>
      <trkpt lat="35.693750" lon="139.703764">
        <name>43:39</name>
      </trkpt>
      <trkpt lat="35.693750" lon="139.703764">
        <name>43:40</name>
      </trkpt>
      <trkpt lat="35.693750" lon="139.703764">
        <name>43:41</name>
      </trkpt>
      <trkpt lat="35.693750" lon="139.703764">
        <name>43:42</name>
      </trkpt>
      <trkpt lat="35.693750" lon="139.703764">
        <name>43:43</name>
      </trkpt>
      <trkpt lat="35.693750" lon="139.703764">
        <name>43:44</name>
      </trkpt>
      <trkpt lat="35.693540" lon="139.703666">
        <name>43:45</name>
      </trkpt>
      <trkpt lat="35.693462" lon="139.703629">
        <name>43:46</name>
      </trkpt>
      <trkpt lat="35.693315" lon="139.703561">
        <name>43:47</name>
      </trkpt>
      <trkpt lat="35.693246" lon="139.703529">
        <name>43:48</name>
      </trkpt>
      <trkpt lat="35.693141" lon="139.703482">
        <name>43:49</name>
      </trkpt>
      <trkpt lat="35.693072" lon="139.703731">
        <name>43:50</name>
      </trkpt>
      <trkpt lat="35.692837" lon="139.704588">
        <name>43:51</name>
      </trkpt>
      <trkpt lat="35.692597" lon="139.705493">
        <name>43:52</name>
      </trkpt>
      <trkpt lat="35.692587" lon="139.705528">
        <name>43:53</name>
      </trkpt>
      <trkpt lat="35.692577" lon="139.705567">
        <name>43:54</name>
      </trkpt>
      <trkpt lat="35.692565" lon="139.705611">
        <name>43:55</name>
      </trkpt>
      <trkpt lat="35.692510" lon="139.705818">
        <name>43:56</name>
      </trkpt>
      <trkpt lat="35.692490" lon="139.705892">
        <name>43:57</name>
      </trkpt>
      <trkpt lat="35.692371" lon="139.705823">
        <name>43:58</name>
      </trkpt>
      <trkpt lat="35.692221" lon="139.705735">
        <name>43:59</name>
      </trkpt>
      <trkpt lat="35.691893" lon="139.705539">
        <name>44:00</name>
      </trkpt>
      <trkpt lat="35.691832" lon="139.705503">
        <name>44:01</name>
      </trkpt>
      <trkpt lat="35.691769" lon="139.705465">
        <name>44:02</name>
      </trkpt>
      <trkpt lat="35.691498" lon="139.705306">
        <name>44:03</name>
      </trkpt>
      <trkpt lat="35.691326" lon="139.705192">
        <name>44:04</name>
      </trkpt>
      <trkpt lat="35.691188" lon="139.705110">
        <name>44:05</name>
      </trkpt>
      <trkpt lat="35.691024" lon="139.705014">
        <name>44:06</name>
      </trkpt>
      <trkpt lat="35.690851" lon="139.704908">
        <name>44:07</name>
      </trkpt>
      <trkpt lat="35.690708" lon="139.704813">
        <name>44:08</name>
      </trkpt>
      <trkpt lat="35.690504" lon="139.704680">
        <name>44:09</name>
      </trkpt>
      <trkpt lat="35.690440" lon="139.704705">
        <name>44:10</name>
      </trkpt>
      <trkpt lat="35.690336" lon="139.704927">
        <name>44:11</name>
      </trkpt>
      <trkpt lat="35.690336" lon="139.704927">
        <name>44:12</name>
      </trkpt>
      <trkpt lat="35.690269" lon="139.705070">
        <name>44:13</name>
      </trkpt>
      <trkpt lat="35.690022" lon="139.705165">
        <name>44:14</name>
      </trkpt>
      <trkpt lat="35.690009" lon="139.705167">
        <name>44:15</name>
      </trkpt>
      <trkpt lat="35.689926" lon="139.705184">
        <name>44:16</name>
      </trkpt>
      <trkpt lat="35.689908" lon="139.705282">
        <name>44:17</name>
      </trkpt>
      <trkpt lat="35.689887" lon="139.705384">
        <name>44:18</name>
      </trkpt>
      <trkpt lat="35.690037" lon="139.705477">
        <name>44:19</name>
      </trkpt>
      <trkpt lat="35.690379" lon="139.705715">
        <name>44:20</name>
      </trkpt>
      <trkpt lat="35.690455" lon="139.705770">
        <name>44:21</name>
      </trkpt>
      <trkpt lat="35.690461" lon="139.705756">
        <name>44:22</name>
      </trkpt>
      <trkpt lat="35.690531" lon="139.705611">
        <name>44:23</name>
      </trkpt>
      <trkpt lat="35.690787" lon="139.705048">
        <name>44:24</name>
      </trkpt>
      <trkpt lat="35.690851" lon="139.704908">
        <name>44:25</name>
      </trkpt>
      <trkpt lat="35.690884" lon="139.704836">
        <name>44:26</name>
      </trkpt>
      <trkpt lat="35.690953" lon="139.704688">
        <name>44:27</name>
      </trkpt>
      <trkpt lat="35.691328" lon="139.703851">
        <name>44:28</name>
      </trkpt>
      <trkpt lat="35.691376" lon="139.703743">
        <name>44:29</name>
      </trkpt>
      <trkpt lat="35.691397" lon="139.703697">
        <name>44:30</name>
      </trkpt>
      <trkpt lat="35.691407" lon="139.703673">
        <name>44:31</name>
      </trkpt>
      <trkpt lat="35.691429" lon="139.703625">
        <name>44:32</name>
      </trkpt>
      <trkpt lat="35.691388" lon="139.703598">
        <name>44:33</name>
      </trkpt>
      <trkpt lat="35.691363" lon="139.703582">
        <name>44:34</name>
      </trkpt>
      <trkpt lat="35.691296" lon="139.703538">
        <name>44:35</name>
      </trkpt>
      <trkpt lat="35.691063" lon="139.703385">
        <name>44:36</name>
      </trkpt>
      <trkpt lat="35.690997" lon="139.703364">
        <name>44:37</name>
      </trkpt>
      <trkpt lat="35.690711" lon="139.703315">
        <name>44:38</name>
      </trkpt>
      <trkpt lat="35.690654" lon="139.703305">
        <name>44:39</name>
      </trkpt>
      <trkpt lat="35.690597" lon="139.703282">
        <name>44:40</name>
      </trkpt>
      <trkpt lat="35.690519" lon="139.703255">
        <name>44:41</name>
      </trkpt>
      <trkpt lat="35.690452" lon="139.703242">
        <name>44:42</name>
      </trkpt>
      <trkpt lat="35.690398" lon="139.703250">
        <name>44:43</name>
      </trkpt>
      <trkpt lat="35.690353" lon="139.703238">
        <name>44:44</name>
      </trkpt>
      <trkpt lat="35.690256" lon="139.703226">
        <name>44:45</name>
      </trkpt>
      <trkpt lat="35.690211" lon="139.703200">
        <name>44:46</name>
      </trkpt>
      <trkpt lat="35.690236" lon="139.702857">
        <name>44:47</name>
      </trkpt>
      <trkpt lat="35.690245" lon="139.702703">
        <name>44:48</name>
      </trkpt>
      <trkpt lat="35.690277" lon="139.702195">
        <name>44:49</name>
      </trkpt>
      <trkpt lat="35.690377" lon="139.702217">
        <name>44:50</name>
      </trkpt>
      <trkpt lat="35.690377" lon="139.702217">
        <name>44:51</name>
      </trkpt>
      <trkpt lat="35.690631" lon="139.702271">
        <name>44:52</name>
      </trkpt>
      <trkpt lat="35.690727" lon="139.702291">
        <name>44:53</name>
      </trkpt>
      <trkpt lat="35.691237" lon="139.702412">
        <name>44:54</name>
      </trkpt>
      <trkpt lat="35.691216" lon="139.702511">
        <name>44:55</name>
      </trkpt>
      <trkpt lat="35.691146" lon="139.703028">
        <name>44:56</name>
      </trkpt>
      <trkpt lat="35.690684" lon="139.702924">
        <name>44:57</name>
      </trkpt>
      <trkpt lat="35.690236" lon="139.702857">
        <name>44:58</name>
      </trkpt>
      <trkpt lat="35.690245" lon="139.702703">
        <name>44:59</name>
      </trkpt>
      <trkpt lat="35.690277" lon="139.702195">
        <name>45:00</name>
      </trkpt>
      <trkpt lat="35.690347" lon="139.702210">
        <name>45:01</name>
      </trkpt>
      <trkpt lat="35.690347" lon="139.702210">
        <name>45:02</name>
      </trkpt>
      <trkpt lat="35.690631" lon="139.702271">
        <name>45:03</name>
      </trkpt>
      <trkpt lat="35.690727" lon="139.702291">
        <name>45:04</name>
      </trkpt>
      <trkpt lat="35.691237" lon="139.702412">
        <name>45:05</name>
      </trkpt>
      <trkpt lat="35.691216" lon="139.702511">
        <name>45:06</name>
      </trkpt>
      <trkpt lat="35.691146" lon="139.703028">
        <name>45:07</name>
      </trkpt>
      <trkpt lat="35.690684" lon="139.702924">
        <name>45:08</name>
      </trkpt>
      <trkpt lat="35.690236" lon="139.702857">
        <name>45:09</name>
      </trkpt>
      <trkpt lat="35.690245" lon="139.702703">
        <name>45:10</name>
      </trkpt>
      <trkpt lat="35.690277" lon="139.702195">
        <name>45:11</name>
      </trkpt>
      <trkpt lat="35.690317" lon="139.702204">
        <name>45:12</name>
      </trkpt>
      <trkpt lat="35.690317" lon="139.702204">
        <name>45:13</name>
      </trkpt>
      <trkpt lat="35.690631" lon="139.702271">
        <name>45:14</name>
      </trkpt>
      <trkpt lat="35.690727" lon="139.702291">
        <name>45:15</name>
      </trkpt>
      <trkpt lat="35.691237" lon="139.702412">
        <name>45:16</name>
      </trkpt>
      <trkpt lat="35.691216" lon="139.702511">
        <name>45:17</name>
      </trkpt>
      <trkpt lat="35.691146" lon="139.703028">
        <name>45:18</name>
      </trkpt>
      <trkpt lat="35.690684" lon="139.702924">
        <name>45:19</name>
      </trkpt>
      <trkpt lat="35.690236" lon="139.702857">
        <name>45:20</name>
      </trkpt>
      <trkpt lat="35.690245" lon="139.702703">
        <name>45:21</name>
      </trkpt>
      <trkpt lat="35.690277" lon="139.702195">
        <name>45:22</name>
      </trkpt>
      <trkpt lat="35.690287" lon="139.702197">
        <name>45:23</name>
      </trkpt>
      <trkpt lat="35.690287" lon="139.702197">
        <name>45:24</name>
      </trkpt>
      <trkpt lat="35.690631" lon="139.702271">
        <name>45:25</name>
      </trkpt>
      <trkpt lat="35.690727" lon="139.702291">
        <name>45:26</name>
      </trkpt>
      <trkpt lat="35.690774" lon="139.701816">
        <name>45:27</name>
      </trkpt>
      <trkpt lat="35.690791" lon="139.701630">
        <name>45:28</name>
      </trkpt>
      <trkpt lat="35.690721" lon="139.701487">
        <name>45:29</name>
      </trkpt>
      <trkpt lat="35.690787" lon="139.701435">
        <name>45:30</name>
      </trkpt>
      <trkpt lat="35.690816" lon="139.701422">
        <name>45:31</name>
      </trkpt>
      <trkpt lat="35.690842" lon="139.701419">
        <name>45:32</name>
      </trkpt>
      <trkpt lat="35.690871" lon="139.701414">
        <name>45:33</name>
      </trkpt>
      <trkpt lat="35.690910" lon="139.701415">
        <name>45:34</name>
      </trkpt>
      <trkpt lat="35.691129" lon="139.701388">
        <name>45:35</name>
      </trkpt>
      <trkpt lat="35.691185" lon="139.701381">
        <name>45:36</name>
      </trkpt>
      <trkpt lat="35.691211" lon="139.701378">
        <name>45:37</name>
      </trkpt>
      <trkpt lat="35.691241" lon="139.701378">
        <name>45:38</name>
      </trkpt>
      <trkpt lat="35.691297" lon="139.701371">
        <name>45:39</name>
      </trkpt>
      <trkpt lat="35.691319" lon="139.701372">
        <name>45:40</name>
      </trkpt>
      <trkpt lat="35.691339" lon="139.701377">
        <name>45:41</name>
      </trkpt>
      <trkpt lat="35.691351" lon="139.701386">
        <name>45:42</name>
      </trkpt>
      <trkpt lat="35.691366" lon="139.701402">
        <name>45:43</name>
      </trkpt>
      <trkpt lat="35.691378" lon="139.701539">
        <name>45:44</name>
      </trkpt>
      <trkpt lat="35.691384" lon="139.701591">
        <name>45:45</name>
      </trkpt>
      <trkpt lat="35.691479" lon="139.701578">
        <name>45:46</name>
      </trkpt>
      <trkpt lat="35.691752" lon="139.701543">
        <name>45:47</name>
      </trkpt>
      <trkpt lat="35.691770" lon="139.701542">
        <name>45:48</name>
      </trkpt>
      <trkpt lat="35.691791" lon="139.701543">
        <name>45:49</name>
      </trkpt>
      <trkpt lat="35.691819" lon="139.701548">
        <name>45:50</name>
      </trkpt>
      <trkpt lat="35.691841" lon="139.701554">
        <name>45:51</name>
      </trkpt>
      <trkpt lat="35.691860" lon="139.701560">
        <name>45:52</name>
      </trkpt>
      <trkpt lat="35.691889" lon="139.701572">
        <name>45:53</name>
      </trkpt>
      <trkpt lat="35.691909" lon="139.701582">
        <name>45:54</name>
      </trkpt>
      <trkpt lat="35.692090" lon="139.701686">
        <name>45:55</name>
      </trkpt>
      <trkpt lat="35.692133" lon="139.701710">
        <name>45:56</name>
      </trkpt>
      <trkpt lat="35.692228" lon="139.701759">
        <name>45:57</name>
      </trkpt>
      <trkpt lat="35.692251" lon="139.701771">
        <name>45:58</name>
      </trkpt>
      <trkpt lat="35.692281" lon="139.701665">
        <name>45:59</name>
      </trkpt>
      <trkpt lat="35.692292" lon="139.701616">
        <name>46:00</name>
      </trkpt>
      <trkpt lat="35.692428" lon="139.700984">
        <name>46:01</name>
      </trkpt>
      <trkpt lat="35.692439" lon="139.700932">
        <name>46:02</name>
      </trkpt>
      <trkpt lat="35.692461" lon="139.700832">
        <name>46:03</name>
      </trkpt>
      <trkpt lat="35.692472" lon="139.700719">
        <name>46:04</name>
      </trkpt>
      <trkpt lat="35.692484" lon="139.700696">
        <name>46:05</name>
      </trkpt>
      <trkpt lat="35.692498" lon="139.700667">
        <name>46:06</name>
      </trkpt>
      <trkpt lat="35.692518" lon="139.700632">
        <name>46:07</name>
      </trkpt>
      <trkpt lat="35.692544" lon="139.700596">
        <name>46:08</name>
      </trkpt>
      <trkpt lat="35.692581" lon="139.700558">
        <name>46:09</name>
      </trkpt>
      <trkpt lat="35.692627" lon="139.700524">
        <name>46:10</name>
      </trkpt>
      <trkpt lat="35.692665" lon="139.700501">
        <name>46:11</name>
      </trkpt>
      <trkpt lat="35.692705" lon="139.700480">
        <name>46:12</name>
      </trkpt>
      <trkpt lat="35.692847" lon="139.700417">
        <name>46:13</name>
      </trkpt>
      <trkpt lat="35.692877" lon="139.700405">
        <name>46:14</name>
      </trkpt>
      <trkpt lat="35.692923" lon="139.700388">
        <name>46:15</name>
      </trkpt>
      <trkpt lat="35.692973" lon="139.700375">
        <name>46:16</name>
      </trkpt>
      <trkpt lat="35.693228" lon="139.700315">
        <name>46:17</name>
      </trkpt>
      <trkpt lat="35.693271" lon="139.700305">
        <name>46:18</name>
      </trkpt>
      <trkpt lat="35.693339" lon="139.700292">
        <name>46:19</name>
      </trkpt>
      <trkpt lat="35.693390" lon="139.700297">
        <name>46:20</name>
      </trkpt>
      <trkpt lat="35.693436" lon="139.700314">
        <name>46:21</name>
      </trkpt>
      <trkpt lat="35.693492" lon="139.700355">
        <name>46:22</name>
      </trkpt>
      <trkpt lat="35.693554" lon="139.700405">
        <name>46:23</name>
      </trkpt>
      <trkpt lat="35.693616" lon="139.700440">
        <name>46:24</name>
      </trkpt>
      <trkpt lat="35.693670" lon="139.700478">
        <name>46:25</name>
      </trkpt>
      <trkpt lat="35.693714" lon="139.700516">
        <name>46:26</name>
      </trkpt>
      <trkpt lat="35.693750" lon="139.700549">
        <name>46:27</name>
      </trkpt>
      <trkpt lat="35.693765" lon="139.700561">
        <name>46:28</name>
      </trkpt>
      <trkpt lat="35.693784" lon="139.700571">
        <name>46:29</name>
      </trkpt>
      <trkpt lat="35.693802" lon="139.700574">
        <name>46:30</name>
      </trkpt>
      <trkpt lat="35.693803" lon="139.700668">
        <name>46:31</name>
      </trkpt>
      <trkpt lat="35.693796" lon="139.700727">
        <name>46:32</name>
      </trkpt>
      <trkpt lat="35.693765" lon="139.700870">
        <name>46:33</name>
      </trkpt>
      <trkpt lat="35.693751" lon="139.700932">
        <name>46:34</name>
      </trkpt>
      <trkpt lat="35.693739" lon="139.700988">
        <name>46:35</name>
      </trkpt>
      <trkpt lat="35.693670" lon="139.701285">
        <name>46:36</name>
      </trkpt>
      <trkpt lat="35.693652" lon="139.701365">
        <name>46:37</name>
      </trkpt>
      <trkpt lat="35.693624" lon="139.701489">
        <name>46:38</name>
      </trkpt>
      <trkpt lat="35.693615" lon="139.701532">
        <name>46:39</name>
      </trkpt>
      <trkpt lat="35.693466" lon="139.702213">
        <name>46:40</name>
      </trkpt>
      <trkpt lat="35.693447" lon="139.702298">
        <name>46:41</name>
      </trkpt>
      <trkpt lat="35.693431" lon="139.702368">
        <name>46:42</name>
      </trkpt>
      <trkpt lat="35.693334" lon="139.702804">
        <name>46:43</name>
      </trkpt>
      <trkpt lat="35.693424" lon="139.702848">
        <name>46:44</name>
      </trkpt>
      <trkpt lat="35.693446" lon="139.702853">
        <name>46:45</name>
      </trkpt>
      <trkpt lat="35.693463" lon="139.702862">
        <name>46:46</name>
      </trkpt>
      <trkpt lat="35.693646" lon="139.702953">
        <name>46:47</name>
      </trkpt>
      <trkpt lat="35.693554" lon="139.703301">
        <name>46:48</name>
      </trkpt>
      <trkpt lat="35.693554" lon="139.703301">
        <name>46:49</name>
      </trkpt>
      <trkpt lat="35.693498" lon="139.703511">
        <name>46:50</name>
      </trkpt>
      <trkpt lat="35.693484" lon="139.703557">
        <name>46:51</name>
      </trkpt>
      <trkpt lat="35.693462" lon="139.703629">
        <name>46:52</name>
      </trkpt>
      <trkpt lat="35.693315" lon="139.703561">
        <name>46:53</name>
      </trkpt>
      <trkpt lat="35.693246" lon="139.703529">
        <name>46:54</name>
      </trkpt>
      <trkpt lat="35.693141" lon="139.703482">
        <name>46:55</name>
      </trkpt>
      <trkpt lat="35.693072" lon="139.703731">
        <name>46:56</name>
      </trkpt>
      <trkpt lat="35.692837" lon="139.704588">
        <name>46:57</name>
      </trkpt>
      <trkpt lat="35.692597" lon="139.705493">
        <name>46:58</name>
      </trkpt>
      <trkpt lat="35.692587" lon="139.705528">
        <name>46:59</name>
      </trkpt>
      <trkpt lat="35.692577" lon="139.705567">
        <name>47:00</name>
      </trkpt>
      <trkpt lat="35.692565" lon="139.705611">
        <name>47:01</name>
      </trkpt>
      <trkpt lat="35.692510" lon="139.705818">
        <name>47:02</name>
      </trkpt>
      <trkpt lat="35.692490" lon="139.705892">
        <name>47:03</name>
      </trkpt>
      <trkpt lat="35.692371" lon="139.705823">
        <name>47:04</name>
      </trkpt>
      <trkpt lat="35.692221" lon="139.705735">
        <name>47:05</name>
      </trkpt>
      <trkpt lat="35.691893" lon="139.705539">
        <name>47:06</name>
      </trkpt>
      <trkpt lat="35.691832" lon="139.705503">
        <name>47:07</name>
      </trkpt>
      <trkpt lat="35.691769" lon="139.705465">
        <name>47:08</name>
      </trkpt>
      <trkpt lat="35.691498" lon="139.705306">
        <name>47:09</name>
      </trkpt>
      <trkpt lat="35.691326" lon="139.705192">
        <name>47:10</name>
      </trkpt>
      <trkpt lat="35.691188" lon="139.705110">
        <name>47:11</name>
      </trkpt>
      <trkpt lat="35.691024" lon="139.705014">
        <name>47:12</name>
      </trkpt>
      <trkpt lat="35.690851" lon="139.704908">
        <name>47:13</name>
      </trkpt>
      <trkpt lat="35.690708" lon="139.704813">
        <name>47:14</name>
      </trkpt>
      <trkpt lat="35.690504" lon="139.704680">
        <name>47:15</name>
      </trkpt>
      <trkpt lat="35.690291" lon="139.704530">
        <name>47:16</name>
      </trkpt>
      <trkpt lat="35.690095" lon="139.704398">
        <name>47:17</name>
      </trkpt>
      <trkpt lat="35.690001" lon="139.704335">
        <name>47:18</name>
      </trkpt>
      <trkpt lat="35.689838" lon="139.704233">
        <name>47:19</name>
      </trkpt>
      <trkpt lat="35.689711" lon="139.704152">
        <name>47:20</name>
      </trkpt>
      <trkpt lat="35.689703" lon="139.704046">
        <name>47:21</name>
      </trkpt>
      <trkpt lat="35.689692" lon="139.703918">
        <name>47:22</name>
      </trkpt>
      <trkpt lat="35.689678" lon="139.703780">
        <name>47:23</name>
      </trkpt>
      <trkpt lat="35.689623" lon="139.703673">
        <name>47:24</name>
      </trkpt>
      <trkpt lat="35.689581" lon="139.703619">
        <name>47:25</name>
      </trkpt>
      <trkpt lat="35.689566" lon="139.703564">
        <name>47:26</name>
      </trkpt>
      <trkpt lat="35.689500" lon="139.703081">
        <name>47:27</name>
      </trkpt>
      <trkpt lat="35.689436" lon="139.702713">
        <name>47:28</name>
      </trkpt>
      <trkpt lat="35.689329" lon="139.702268">
        <name>47:29</name>
      </trkpt>
      <trkpt lat="35.689332" lon="139.702170">
        <name>47:30</name>
      </trkpt>
      <trkpt lat="35.689588" lon="139.702098">
        <name>47:31</name>
      </trkpt>
      <trkpt lat="35.689736" lon="139.702114">
        <name>47:32</name>
      </trkpt>
      <trkpt lat="35.689774" lon="139.702119">
        <name>47:33</name>
      </trkpt>
      <trkpt lat="35.690226" lon="139.702184">
        <name>47:34</name>
      </trkpt>
      <trkpt lat="35.690227" lon="139.702184">
        <name>47:35</name>
      </trkpt>
      <trkpt lat="35.690227" lon="139.702184">
        <name>47:36</name>
      </trkpt>
      <trkpt lat="35.690277" lon="139.702195">
        <name>47:37</name>
      </trkpt>
      <trkpt lat="35.690631" lon="139.702271">
        <name>47:38</name>
      </trkpt>
      <trkpt lat="35.690727" lon="139.702291">
        <name>47:39</name>
      </trkpt>
      <trkpt lat="35.690774" lon="139.701816">
        <name>47:40</name>
      </trkpt>
      <trkpt lat="35.690791" lon="139.701630">
        <name>47:41</name>
      </trkpt>
      <trkpt lat="35.690721" lon="139.701487">
        <name>47:42</name>
      </trkpt>
      <trkpt lat="35.690787" lon="139.701435">
        <name>47:43</name>
      </trkpt>
      <trkpt lat="35.690816" lon="139.701422">
        <name>47:44</name>
      </trkpt>
      <trkpt lat="35.690842" lon="139.701419">
        <name>47:45</name>
      </trkpt>
      <trkpt lat="35.690871" lon="139.701414">
        <name>47:46</name>
      </trkpt>
      <trkpt lat="35.690910" lon="139.701415">
        <name>47:47</name>
      </trkpt>
      <trkpt lat="35.691129" lon="139.701388">
        <name>47:48</name>
      </trkpt>
      <trkpt lat="35.691185" lon="139.701381">
        <name>47:49</name>
      </trkpt>
      <trkpt lat="35.691211" lon="139.701378">
        <name>47:50</name>
      </trkpt>
      <trkpt lat="35.691241" lon="139.701378">
        <name>47:51</name>
      </trkpt>
      <trkpt lat="35.691297" lon="139.701371">
        <name>47:52</name>
      </trkpt>
      <trkpt lat="35.691319" lon="139.701372">
        <name>47:53</name>
      </trkpt>
      <trkpt lat="35.691339" lon="139.701377">
        <name>47:54</name>
      </trkpt>
      <trkpt lat="35.691351" lon="139.701386">
        <name>47:55</name>
      </trkpt>
      <trkpt lat="35.691366" lon="139.701402">
        <name>47:56</name>
      </trkpt>
      <trkpt lat="35.691378" lon="139.701539">
        <name>47:57</name>
      </trkpt>
      <trkpt lat="35.691384" lon="139.701591">
        <name>47:58</name>
      </trkpt>
      <trkpt lat="35.691479" lon="139.701578">
        <name>47:59</name>
      </trkpt>
      <trkpt lat="35.691752" lon="139.701543">
        <name>48:00</name>
      </trkpt>
      <trkpt lat="35.691770" lon="139.701542">
        <name>48:01</name>
      </trkpt>
      <trkpt lat="35.691791" lon="139.701543">
        <name>48:02</name>
      </trkpt>
      <trkpt lat="35.691819" lon="139.701548">
        <name>48:03</name>
      </trkpt>
      <trkpt lat="35.691841" lon="139.701554">
        <name>48:04</name>
      </trkpt>
      <trkpt lat="35.691860" lon="139.701560">
        <name>48:05</name>
      </trkpt>
      <trkpt lat="35.691889" lon="139.701572">
        <name>48:06</name>
      </trkpt>
      <trkpt lat="35.691909" lon="139.701582">
        <name>48:07</name>
      </trkpt>
      <trkpt lat="35.692090" lon="139.701686">
        <name>48:08</name>
      </trkpt>
      <trkpt lat="35.692133" lon="139.701710">
        <name>48:09</name>
      </trkpt>
      <trkpt lat="35.692228" lon="139.701759">
        <name>48:10</name>
      </trkpt>
      <trkpt lat="35.692251" lon="139.701771">
        <name>48:11</name>
      </trkpt>
      <trkpt lat="35.692281" lon="139.701665">
        <name>48:12</name>
      </trkpt>
      <trkpt lat="35.692292" lon="139.701616">
        <name>48:13</name>
      </trkpt>
      <trkpt lat="35.692428" lon="139.700984">
        <name>48:14</name>
      </trkpt>
      <trkpt lat="35.692439" lon="139.700932">
        <name>48:15</name>
      </trkpt>
      <trkpt lat="35.692461" lon="139.700832">
        <name>48:16</name>
      </trkpt>
      <trkpt lat="35.692472" lon="139.700719">
        <name>48:17</name>
      </trkpt>
      <trkpt lat="35.692484" lon="139.700696">
        <name>48:18</name>
      </trkpt>
      <trkpt lat="35.692498" lon="139.700667">
        <name>48:19</name>
      </trkpt>
      <trkpt lat="35.692518" lon="139.700632">
        <name>48:20</name>
      </trkpt>
      <trkpt lat="35.692544" lon="139.700596">
        <name>48:21</name>
      </trkpt>
      <trkpt lat="35.692581" lon="139.700558">
        <name>48:22</name>
      </trkpt>
      <trkpt lat="35.692627" lon="139.700524">
        <name>48:23</name>
      </trkpt>
      <trkpt lat="35.692665" lon="139.700501">
        <name>48:24</name>
      </trkpt>
      <trkpt lat="35.692705" lon="139.700480">
        <name>48:25</name>
      </trkpt>
      <trkpt lat="35.692847" lon="139.700417">
        <name>48:26</name>
      </trkpt>
      <trkpt lat="35.692877" lon="139.700405">
        <name>48:27</name>
      </trkpt>
      <trkpt lat="35.692923" lon="139.700388">
        <name>48:28</name>
      </trkpt>
      <trkpt lat="35.692973" lon="139.700375">
        <name>48:29</name>
      </trkpt>
      <trkpt lat="35.693228" lon="139.700315">
        <name>48:30</name>
      </trkpt>
      <trkpt lat="35.693271" lon="139.700305">
        <name>48:31</name>
      </trkpt>
      <trkpt lat="35.693339" lon="139.700292">
        <name>48:32</name>
      </trkpt>
      <trkpt lat="35.693390" lon="139.700297">
        <name>48:33</name>
      </trkpt>
      <trkpt lat="35.693436" lon="139.700314">
        <name>48:34</name>
      </trkpt>
      <trkpt lat="35.693492" lon="139.700355">
        <name>48:35</name>
      </trkpt>
      <trkpt lat="35.693554" lon="139.700405">
        <name>48:36</name>
      </trkpt>
      <trkpt lat="35.693616" lon="139.700440">
        <name>48:37</name>
      </trkpt>
      <trkpt lat="35.693670" lon="139.700478">
        <name>48:38</name>
      </trkpt>
      <trkpt lat="35.693714" lon="139.700516">
        <name>48:39</name>
      </trkpt>
      <trkpt lat="35.693750" lon="139.700549">
        <name>48:40</name>
      </trkpt>
      <trkpt lat="35.693765" lon="139.700561">
        <name>48:41</name>
      </trkpt>
      <trkpt lat="35.693784" lon="139.700571">
        <name>48:42</name>
      </trkpt>
      <trkpt lat="35.693802" lon="139.700574">
        <name>48:43</name>
      </trkpt>
      <trkpt lat="35.693803" lon="139.700668">
        <name>48:44</name>
      </trkpt>
      <trkpt lat="35.693796" lon="139.700727">
        <name>48:45</name>
      </trkpt>
      <trkpt lat="35.693765" lon="139.700870">
        <name>48:46</name>
      </trkpt>
      <trkpt lat="35.693751" lon="139.700932">
        <name>48:47</name>
      </trkpt>
      <trkpt lat="35.693739" lon="139.700988">
        <name>48:48</name>
      </trkpt>
      <trkpt lat="35.693670" lon="139.701285">
        <name>48:49</name>
      </trkpt>
      <trkpt lat="35.693652" lon="139.701365">
        <name>48:50</name>
      </trkpt>
      <trkpt lat="35.693624" lon="139.701489">
        <name>48:51</name>
      </trkpt>
      <trkpt lat="35.693615" lon="139.701532">
        <name>48:52</name>
      </trkpt>
      <trkpt lat="35.693466" lon="139.702213">
        <name>48:53</name>
      </trkpt>
      <trkpt lat="35.693447" lon="139.702298">
        <name>48:54</name>
      </trkpt>
      <trkpt lat="35.693431" lon="139.702368">
        <name>48:55</name>
      </trkpt>
      <trkpt lat="35.693334" lon="139.702804">
        <name>48:56</name>
      </trkpt>
      <trkpt lat="35.693424" lon="139.702848">
        <name>48:57</name>
      </trkpt>
      <trkpt lat="35.693446" lon="139.702853">
        <name>48:58</name>
      </trkpt>
      <trkpt lat="35.693463" lon="139.702862">
        <name>48:59</name>
      </trkpt>
      <trkpt lat="35.693646" lon="139.702953">
        <name>49:00</name>
      </trkpt>
      <trkpt lat="35.694054" lon="139.703160">
        <name>49:01</name>
      </trkpt>
      <trkpt lat="35.694365" lon="139.703324">
        <name>49:02</name>
      </trkpt>
      <trkpt lat="35.694470" lon="139.703376">
        <name>49:03</name>
      </trkpt>
      <trkpt lat="35.694863" lon="139.703571">
        <name>49:04</name>
      </trkpt>
      <trkpt lat="35.694969" lon="139.703623">
        <name>49:05</name>
      </trkpt>
      <trkpt lat="35.695062" lon="139.703669">
        <name>49:06</name>
      </trkpt>
      <trkpt lat="35.695098" lon="139.703687">
        <name>49:07</name>
      </trkpt>
      <trkpt lat="35.695124" lon="139.703577">
        <name>49:08</name>
      </trkpt>
      <trkpt lat="35.695166" lon="139.703407">
        <name>49:09</name>
      </trkpt>
      <trkpt lat="35.695183" lon="139.703364">
        <name>49:10</name>
      </trkpt>
      <trkpt lat="35.695220" lon="139.703375">
        <name>49:11</name>
      </trkpt>
      <trkpt lat="35.695290" lon="139.703395">
        <name>49:12</name>
      </trkpt>
      <trkpt lat="35.695508" lon="139.703458">
        <name>49:13</name>
      </trkpt>
      <trkpt lat="35.695508" lon="139.703458">
        <name>49:14</name>
      </trkpt>
      <trkpt lat="35.695508" lon="139.703458">
        <name>49:15</name>
      </trkpt>
      <trkpt lat="35.695508" lon="139.703458">
        <name>49:16</name>
      </trkpt>
      <trkpt lat="35.695640" lon="139.703496">
        <name>49:17</name>
      </trkpt>
      <trkpt lat="35.695961" lon="139.703571">
        <name>49:18</name>
      </trkpt>
      <trkpt lat="35.695845" lon="139.704202">
        <name>49:19</name>
      </trkpt>
      <trkpt lat="35.695797" lon="139.704458">
        <name>49:20</name>
      </trkpt>
      <trkpt lat="35.695785" lon="139.704525">
        <name>49:21</name>
      </trkpt>
      <trkpt lat="35.695037" lon="139.704332">
        <name>49:22</name>
      </trkpt>
      <trkpt lat="35.694973" lon="139.704310">
        <name>49:23</name>
      </trkpt>
      <trkpt lat="35.694863" lon="139.704266">
        <name>49:24</name>
      </trkpt>
      <trkpt lat="35.694197" lon="139.703962">
        <name>49:25</name>
      </trkpt>
      <trkpt lat="35.694214" lon="139.703900">
        <name>49:26</name>
      </trkpt>
      <trkpt lat="35.694298" lon="139.703582">
        <name>49:27</name>
      </trkpt>
      <trkpt lat="35.694365" lon="139.703324">
        <name>49:28</name>
      </trkpt>
      <trkpt lat="35.694470" lon="139.703376">
        <name>49:29</name>
      </trkpt>
      <trkpt lat="35.694531" lon="139.703406">
        <name>49:30</name>
      </trkpt>
      <trkpt lat="35.694531" lon="139.703406">
        <name>49:31</name>
      </trkpt>
      <trkpt lat="35.694863" lon="139.703571">
        <name>49:32</name>
      </trkpt>
      <trkpt lat="35.694969" lon="139.703623">
        <name>49:33</name>
      </trkpt>
      <trkpt lat="35.695062" lon="139.703669">
        <name>49:34</name>
      </trkpt>
      <trkpt lat="35.695098" lon="139.703687">
        <name>49:35</name>
      </trkpt>
      <trkpt lat="35.695124" lon="139.703577">
        <name>49:36</name>
      </trkpt>
      <trkpt lat="35.695166" lon="139.703407">
        <name>49:37</name>
      </trkpt>
      <trkpt lat="35.695183" lon="139.703364">
        <name>49:38</name>
      </trkpt>
      <trkpt lat="35.695261" lon="139.703129">
        <name>49:39</name>
      </trkpt>
      <trkpt lat="35.695231" lon="139.703099">
        <name>49:40</name>
      </trkpt>
      <trkpt lat="35.695209" lon="139.703080">
        <name>49:41</name>
      </trkpt>
      <trkpt lat="35.694596" lon="139.702853">
        <name>49:42</name>
      </trkpt>
      <trkpt lat="35.694178" lon="139.702647">
        <name>49:43</name>
      </trkpt>
      <trkpt lat="35.693891" lon="139.702509">
        <name>49:44</name>
      </trkpt>
      <trkpt lat="35.693583" lon="139.702358">
        <name>49:45</name>
      </trkpt>
      <trkpt lat="35.693578" lon="139.702356">
        <name>49:46</name>
      </trkpt>
      <trkpt lat="35.693541" lon="139.702337">
        <name>49:47</name>
      </trkpt>
      <trkpt lat="35.693447" lon="139.702298">
        <name>49:48</name>
      </trkpt>
      <trkpt lat="35.693431" lon="139.702368">
        <name>49:49</name>
      </trkpt>
      <trkpt lat="35.693334" lon="139.702804">
        <name>49:50</name>
      </trkpt>
      <trkpt lat="35.693193" lon="139.703294">
        <name>49:51</name>
      </trkpt>
      <trkpt lat="35.693174" lon="139.703362">
        <name>49:52</name>
      </trkpt>
      <trkpt lat="35.693141" lon="139.703482">
        <name>49:53</name>
      </trkpt>
      <trkpt lat="35.693021" lon="139.703427">
        <name>49:54</name>
      </trkpt>
      <trkpt lat="35.693054" lon="139.703311">
        <name>49:55</name>
      </trkpt>
      <trkpt lat="35.693066" lon="139.703265">
        <name>49:56</name>
      </trkpt>
      <trkpt lat="35.693196" lon="139.702808">
        <name>49:57</name>
      </trkpt>
      <trkpt lat="35.693224" lon="139.702686">
        <name>49:58</name>
      </trkpt>
      <trkpt lat="35.693290" lon="139.702404">
        <name>49:59</name>
      </trkpt>
      <trkpt lat="35.693308" lon="139.702326">
        <name>50:00</name>
      </trkpt>
      <trkpt lat="35.693326" lon="139.702246">
        <name>50:01</name>
      </trkpt>
      <trkpt lat="35.693453" lon="139.701673">
        <name>50:02</name>
      </trkpt>
      <trkpt lat="35.693473" lon="139.701582">
        <name>50:03</name>
      </trkpt>
      <trkpt lat="35.693493" lon="139.701491">
        <name>50:04</name>
      </trkpt>
      <trkpt lat="35.693518" lon="139.701379">
        <name>50:05</name>
      </trkpt>
      <trkpt lat="35.693528" lon="139.701329">
        <name>50:06</name>
      </trkpt>
      <trkpt lat="35.693598" lon="139.700967">
        <name>50:07</name>
      </trkpt>
      <trkpt lat="35.693609" lon="139.700904">
        <name>50:08</name>
      </trkpt>
      <trkpt lat="35.693618" lon="139.700846">
        <name>50:09</name>
      </trkpt>
      <trkpt lat="35.693624" lon="139.700799">
        <name>50:10</name>
      </trkpt>
      <trkpt lat="35.693625" lon="139.700754">
        <name>50:11</name>
      </trkpt>
      <trkpt lat="35.693624" lon="139.700713">
        <name>50:12</name>
      </trkpt>
      <trkpt lat="35.693619" lon="139.700669">
        <name>50:13</name>
      </trkpt>
      <trkpt lat="35.693600" lon="139.700587">
        <name>50:14</name>
      </trkpt>
      <trkpt lat="35.693554" lon="139.700405">
        <name>50:15</name>
      </trkpt>
      <trkpt lat="35.693489" lon="139.700380">
        <name>50:16</name>
      </trkpt>
      <trkpt lat="35.693438" lon="139.700366">
        <name>50:17</name>
      </trkpt>
      <trkpt lat="35.693391" lon="139.700363">
        <name>50:18</name>
      </trkpt>
      <trkpt lat="35.693350" lon="139.700366">
        <name>50:19</name>
      </trkpt>
      <trkpt lat="35.693281" lon="139.700379">
        <name>50:20</name>
      </trkpt>
      <trkpt lat="35.693186" lon="139.700402">
        <name>50:21</name>
      </trkpt>
      <trkpt lat="35.692956" lon="139.700460">
        <name>50:22</name>
      </trkpt>
      <trkpt lat="35.692926" lon="139.700469">
        <name>50:23</name>
      </trkpt>
      <trkpt lat="35.692898" lon="139.700478">
        <name>50:24</name>
      </trkpt>
      <trkpt lat="35.692866" lon="139.700489">
        <name>50:25</name>
      </trkpt>
      <trkpt lat="35.692758" lon="139.700539">
        <name>50:26</name>
      </trkpt>
      <trkpt lat="35.692718" lon="139.700557">
        <name>50:27</name>
      </trkpt>
      <trkpt lat="35.692681" lon="139.700577">
        <name>50:28</name>
      </trkpt>
      <trkpt lat="35.692645" lon="139.700600">
        <name>50:29</name>
      </trkpt>
      <trkpt lat="35.692612" lon="139.700629">
        <name>50:30</name>
      </trkpt>
      <trkpt lat="35.692586" lon="139.700657">
        <name>50:31</name>
      </trkpt>
      <trkpt lat="35.692562" lon="139.700686">
        <name>50:32</name>
      </trkpt>
      <trkpt lat="35.692549" lon="139.700707">
        <name>50:33</name>
      </trkpt>
      <trkpt lat="35.692539" lon="139.700727">
        <name>50:34</name>
      </trkpt>
      <trkpt lat="35.692527" lon="139.700752">
        <name>50:35</name>
      </trkpt>
      <trkpt lat="35.692461" lon="139.700832">
        <name>50:36</name>
      </trkpt>
      <trkpt lat="35.692439" lon="139.700932">
        <name>50:37</name>
      </trkpt>
      <trkpt lat="35.692428" lon="139.700984">
        <name>50:38</name>
      </trkpt>
      <trkpt lat="35.692292" lon="139.701616">
        <name>50:39</name>
      </trkpt>
      <trkpt lat="35.692281" lon="139.701665">
        <name>50:40</name>
      </trkpt>
      <trkpt lat="35.692251" lon="139.701771">
        <name>50:41</name>
      </trkpt>
      <trkpt lat="35.692228" lon="139.701759">
        <name>50:42</name>
      </trkpt>
      <trkpt lat="35.692133" lon="139.701710">
        <name>50:43</name>
      </trkpt>
      <trkpt lat="35.692090" lon="139.701686">
        <name>50:44</name>
      </trkpt>
      <trkpt lat="35.691909" lon="139.701582">
        <name>50:45</name>
      </trkpt>
      <trkpt lat="35.691889" lon="139.701572">
        <name>50:46</name>
      </trkpt>
      <trkpt lat="35.691860" lon="139.701560">
        <name>50:47</name>
      </trkpt>
      <trkpt lat="35.691841" lon="139.701554">
        <name>50:48</name>
      </trkpt>
      <trkpt lat="35.691819" lon="139.701548">
        <name>50:49</name>
      </trkpt>
      <trkpt lat="35.691791" lon="139.701543">
        <name>50:50</name>
      </trkpt>
      <trkpt lat="35.691770" lon="139.701542">
        <name>50:51</name>
      </trkpt>
      <trkpt lat="35.691752" lon="139.701543">
        <name>50:52</name>
      </trkpt>
      <trkpt lat="35.691479" lon="139.701578">
        <name>50:53</name>
      </trkpt>
      <trkpt lat="35.691384" lon="139.701591">
        <name>50:54</name>
      </trkpt>
      <trkpt lat="35.691358" lon="139.701613">
        <name>50:55</name>
      </trkpt>
      <trkpt lat="35.691289" lon="139.701625">
        <name>50:56</name>
      </trkpt>
      <trkpt lat="35.691251" lon="139.701630">
        <name>50:57</name>
      </trkpt>
      <trkpt lat="35.691206" lon="139.701636">
        <name>50:58</name>
      </trkpt>
      <trkpt lat="35.691141" lon="139.701634">
        <name>50:59</name>
      </trkpt>
      <trkpt lat="35.690987" lon="139.701655">
        <name>51:00</name>
      </trkpt>
      <trkpt lat="35.690987" lon="139.701655">
        <name>51:01</name>
      </trkpt>
      <trkpt lat="35.690963" lon="139.701658">
        <name>51:02</name>
      </trkpt>
      <trkpt lat="35.690904" lon="139.701665">
        <name>51:03</name>
      </trkpt>
      <trkpt lat="35.690862" lon="139.701671">
        <name>51:04</name>
      </trkpt>
      <trkpt lat="35.690838" lon="139.701672">
        <name>51:05</name>
      </trkpt>
      <trkpt lat="35.690817" lon="139.701664">
        <name>51:06</name>
      </trkpt>
      <trkpt lat="35.690791" lon="139.701630">
        <name>51:07</name>
      </trkpt>
      <trkpt lat="35.690721" lon="139.701487">
        <name>51:08</name>
      </trkpt>
      <trkpt lat="35.690787" lon="139.701435">
        <name>51:09</name>
      </trkpt>
      <trkpt lat="35.690816" lon="139.701422">
        <name>51:10</name>
      </trkpt>
      <trkpt lat="35.690842" lon="139.701419">
        <name>51:11</name>
      </trkpt>
      <trkpt lat="35.690871" lon="139.701414">
        <name>51:12</name>
      </trkpt>
      <trkpt lat="35.690910" lon="139.701415">
        <name>51:13</name>
      </trkpt>
      <trkpt lat="35.691129" lon="139.701388">
        <name>51:14</name>
      </trkpt>
      <trkpt lat="35.691185" lon="139.701381">
        <name>51:15</name>
      </trkpt>
      <trkpt lat="35.691211" lon="139.701378">
        <name>51:16</name>
      </trkpt>
      <trkpt lat="35.691241" lon="139.701378">
        <name>51:17</name>
      </trkpt>
      <trkpt lat="35.691297" lon="139.701371">
        <name>51:18</name>
      </trkpt>
      <trkpt lat="35.691319" lon="139.701372">
        <name>51:19</name>
      </trkpt>
      <trkpt lat="35.691339" lon="139.701377">
        <name>51:20</name>
      </trkpt>
      <trkpt lat="35.691351" lon="139.701386">
        <name>51:21</name>
      </trkpt>
      <trkpt lat="35.691366" lon="139.701402">
        <name>51:22</name>
      </trkpt>
      <trkpt lat="35.691378" lon="139.701539">
        <name>51:23</name>
      </trkpt>
      <trkpt lat="35.691384" lon="139.701591">
        <name>51:24</name>
      </trkpt>
      <trkpt lat="35.691479" lon="139.701578">
        <name>51:25</name>
      </trkpt>
      <trkpt lat="35.691752" lon="139.701543">
        <name>51:26</name>
      </trkpt>
      <trkpt lat="35.691770" lon="139.701542">
        <name>51:27</name>
      </trkpt>
      <trkpt lat="35.691791" lon="139.701543">
        <name>51:28</name>
      </trkpt>
      <trkpt lat="35.691819" lon="139.701548">
        <name>51:29</name>
      </trkpt>
      <trkpt lat="35.691841" lon="139.701554">
        <name>51:30</name>
      </trkpt>
      <trkpt lat="35.691860" lon="139.701560">
        <name>51:31</name>
      </trkpt>
      <trkpt lat="35.691889" lon="139.701572">
        <name>51:32</name>
      </trkpt>
      <trkpt lat="35.691909" lon="139.701582">
        <name>51:33</name>
      </trkpt>
      <trkpt lat="35.692090" lon="139.701686">
        <name>51:34</name>
      </trkpt>
      <trkpt lat="35.692133" lon="139.701710">
        <name>51:35</name>
      </trkpt>
      <trkpt lat="35.692228" lon="139.701759">
        <name>51:36</name>
      </trkpt>
      <trkpt lat="35.692251" lon="139.701771">
        <name>51:37</name>
      </trkpt>
      <trkpt lat="35.692281" lon="139.701665">
        <name>51:38</name>
      </trkpt>
      <trkpt lat="35.692292" lon="139.701616">
        <name>51:39</name>
      </trkpt>
      <trkpt lat="35.692428" lon="139.700984">
        <name>51:40</name>
      </trkpt>
      <trkpt lat="35.692439" lon="139.700932">
        <name>51:41</name>
      </trkpt>
      <trkpt lat="35.692461" lon="139.700832">
        <name>51:42</name>
      </trkpt>
      <trkpt lat="35.692472" lon="139.700719">
        <name>51:43</name>
      </trkpt>
      <trkpt lat="35.692484" lon="139.700696">
        <name>51:44</name>
      </trkpt>
      <trkpt lat="35.692498" lon="139.700667">
        <name>51:45</name>
      </trkpt>
      <trkpt lat="35.692518" lon="139.700632">
        <name>51:46</name>
      </trkpt>
      <trkpt lat="35.692544" lon="139.700596">
        <name>51:47</name>
      </trkpt>
      <trkpt lat="35.692581" lon="139.700558">
        <name>51:48</name>
      </trkpt>
      <trkpt lat="35.692627" lon="139.700524">
        <name>51:49</name>
      </trkpt>
      <trkpt lat="35.692665" lon="139.700501">
        <name>51:50</name>
      </trkpt>
      <trkpt lat="35.692705" lon="139.700480">
        <name>51:51</name>
      </trkpt>
      <trkpt lat="35.692847" lon="139.700417">
        <name>51:52</name>
      </trkpt>
      <trkpt lat="35.692877" lon="139.700405">
        <name>51:53</name>
      </trkpt>
      <trkpt lat="35.692923" lon="139.700388">
        <name>51:54</name>
      </trkpt>
      <trkpt lat="35.692973" lon="139.700375">
        <name>51:55</name>
      </trkpt>
      <trkpt lat="35.693228" lon="139.700315">
        <name>51:56</name>
      </trkpt>
      <trkpt lat="35.693271" lon="139.700305">
        <name>51:57</name>
      </trkpt>
      <trkpt lat="35.693339" lon="139.700292">
        <name>51:58</name>
      </trkpt>
      <trkpt lat="35.693390" lon="139.700297">
        <name>51:59</name>
      </trkpt>
      <trkpt lat="35.693436" lon="139.700314">
        <name>52:00</name>
      </trkpt>
      <trkpt lat="35.693492" lon="139.700355">
        <name>52:01</name>
      </trkpt>
      <trkpt lat="35.693554" lon="139.700405">
        <name>52:02</name>
      </trkpt>
      <trkpt lat="35.693616" lon="139.700440">
        <name>52:03</name>
      </trkpt>
      <trkpt lat="35.693670" lon="139.700478">
        <name>52:04</name>
      </trkpt>
      <trkpt lat="35.693714" lon="139.700516">
        <name>52:05</name>
      </trkpt>
      <trkpt lat="35.693750" lon="139.700549">
        <name>52:06</name>
      </trkpt>
      <trkpt lat="35.693765" lon="139.700561">
        <name>52:07</name>
      </trkpt>
      <trkpt lat="35.693784" lon="139.700571">
        <name>52:08</name>
      </trkpt>
      <trkpt lat="35.693802" lon="139.700574">
        <name>52:09</name>
      </trkpt>
      <trkpt lat="35.693803" lon="139.700668">
        <name>52:10</name>
      </trkpt>
      <trkpt lat="35.693796" lon="139.700727">
        <name>52:11</name>
      </trkpt>
      <trkpt lat="35.693765" lon="139.700870">
        <name>52:12</name>
      </trkpt>
      <trkpt lat="35.693751" lon="139.700932">
        <name>52:13</name>
      </trkpt>
      <trkpt lat="35.693739" lon="139.700988">
        <name>52:14</name>
      </trkpt>
      <trkpt lat="35.693670" lon="139.701285">
        <name>52:15</name>
      </trkpt>
      <trkpt lat="35.693652" lon="139.701365">
        <name>52:16</name>
      </trkpt>
      <trkpt lat="35.693624" lon="139.701489">
        <name>52:17</name>
      </trkpt>
      <trkpt lat="35.693615" lon="139.701532">
        <name>52:18</name>
      </trkpt>
      <trkpt lat="35.693466" lon="139.702213">
        <name>52:19</name>
      </trkpt>
      <trkpt lat="35.693447" lon="139.702298">
        <name>52:20</name>
      </trkpt>
      <trkpt lat="35.693431" lon="139.702368">
        <name>52:21</name>
      </trkpt>
      <trkpt lat="35.693334" lon="139.702804">
        <name>52:22</name>
      </trkpt>
      <trkpt lat="35.693424" lon="139.702848">
        <name>52:23</name>
      </trkpt>
      <trkpt lat="35.693446" lon="139.702853">
        <name>52:24</name>
      </trkpt>
      <trkpt lat="35.693463" lon="139.702862">
        <name>52:25</name>
      </trkpt>
      <trkpt lat="35.693646" lon="139.702953">
        <name>52:26</name>
      </trkpt>
      <trkpt lat="35.694054" lon="139.703160">
        <name>52:27</name>
      </trkpt>
      <trkpt lat="35.694365" lon="139.703324">
        <name>52:28</name>
      </trkpt>
      <trkpt lat="35.694470" lon="139.703376">
        <name>52:29</name>
      </trkpt>
      <trkpt lat="35.694863" lon="139.703571">
        <name>52:30</name>
      </trkpt>
      <trkpt lat="35.694969" lon="139.703623">
        <name>52:31</name>
      </trkpt>
      <trkpt lat="35.695062" lon="139.703669">
        <name>52:32</name>
      </trkpt>
      <trkpt lat="35.695098" lon="139.703687">
        <name>52:33</name>
      </trkpt>
      <trkpt lat="35.695124" lon="139.703577">
        <name>52:34</name>
      </trkpt>
      <trkpt lat="35.695166" lon="139.703407">
        <name>52:35</name>
      </trkpt>
      <trkpt lat="35.695183" lon="139.703364">
        <name>52:36</name>
      </trkpt>
      <trkpt lat="35.695220" lon="139.703375">
        <name>52:37</name>
      </trkpt>
      <trkpt lat="35.695290" lon="139.703395">
        <name>52:38</name>
      </trkpt>
      <trkpt lat="35.695508" lon="139.703458">
        <name>52:39</name>
      </trkpt>
      <trkpt lat="35.695508" lon="139.703458">
        <name>52:40</name>
      </trkpt>
      <trkpt lat="35.695290" lon="139.703395">
        <name>52:41</name>
      </trkpt>
      <trkpt lat="35.695220" lon="139.703375">
        <name>52:42</name>
      </trkpt>
      <trkpt lat="35.695183" lon="139.703364">
        <name>52:43</name>
      </trkpt>
      <trkpt lat="35.695261" lon="139.703129">
        <name>52:44</name>
      </trkpt>
      <trkpt lat="35.695231" lon="139.703099">
        <name>52:45</name>
      </trkpt>
      <trkpt lat="35.695209" lon="139.703080">
        <name>52:46</name>
      </trkpt>
      <trkpt lat="35.694596" lon="139.702853">
        <name>52:47</name>
      </trkpt>
      <trkpt lat="35.694178" lon="139.702647">
        <name>52:48</name>
      </trkpt>
      <trkpt lat="35.693891" lon="139.702509">
        <name>52:49</name>
      </trkpt>
      <trkpt lat="35.693583" lon="139.702358">
        <name>52:50</name>
      </trkpt>
      <trkpt lat="35.693578" lon="139.702356">
        <name>52:51</name>
      </trkpt>
      <trkpt lat="35.693541" lon="139.702337">
        <name>52:52</name>
      </trkpt>
      <trkpt lat="35.693447" lon="139.702298">
        <name>52:53</name>
      </trkpt>
      <trkpt lat="35.693431" lon="139.702368">
        <name>52:54</name>
      </trkpt>
      <trkpt lat="35.693334" lon="139.702804">
        <name>52:55</name>
      </trkpt>
      <trkpt lat="35.693424" lon="139.702848">
        <name>52:56</name>
      </trkpt>
      <trkpt lat="35.693446" lon="139.702853">
        <name>52:57</name>
      </trkpt>
      <trkpt lat="35.693463" lon="139.702862">
        <name>52:58</name>
      </trkpt>
      <trkpt lat="35.693646" lon="139.702953">
        <name>52:59</name>
      </trkpt>
      <trkpt lat="35.693554" lon="139.703301">
        <name>53:00</name>
      </trkpt>
      <trkpt lat="35.693554" lon="139.703301">
        <name>53:01</name>
      </trkpt>
      <trkpt lat="35.693498" lon="139.703511">
        <name>53:02</name>
      </trkpt>
      <trkpt lat="35.693484" lon="139.703557">
        <name>53:03</name>
      </trkpt>
      <trkpt lat="35.693462" lon="139.703629">
        <name>53:04</name>
      </trkpt>
      <trkpt lat="35.693540" lon="139.703666">
        <name>53:05</name>
      </trkpt>
      <trkpt lat="35.693897" lon="139.703832">
        <name>53:06</name>
      </trkpt>
      <trkpt lat="35.694197" lon="139.703962">
        <name>53:07</name>
      </trkpt>
      <trkpt lat="35.694863" lon="139.704266">
        <name>53:08</name>
      </trkpt>
      <trkpt lat="35.694973" lon="139.704310">
        <name>53:09</name>
      </trkpt>
      <trkpt lat="35.694975" lon="139.704217">
        <name>53:10</name>
      </trkpt>
      <trkpt lat="35.695011" lon="139.704058">
        <name>53:11</name>
      </trkpt>
      <trkpt lat="35.695038" lon="139.703944">
        <name>53:12</name>
      </trkpt>
      <trkpt lat="35.695098" lon="139.703687">
        <name>53:13</name>
      </trkpt>
      <trkpt lat="35.695124" lon="139.703577">
        <name>53:14</name>
      </trkpt>
      <trkpt lat="35.695166" lon="139.703407">
        <name>53:15</name>
      </trkpt>
      <trkpt lat="35.695183" lon="139.703364">
        <name>53:16</name>
      </trkpt>
      <trkpt lat="35.695220" lon="139.703375">
        <name>53:17</name>
      </trkpt>
      <trkpt lat="35.695290" lon="139.703395">
        <name>53:18</name>
      </trkpt>
      <trkpt lat="35.695508" lon="139.703458">
        <name>53:19</name>
      </trkpt>
      <trkpt lat="35.695508" lon="139.703458">
        <name>53:20</name>
      </trkpt>
      <trkpt lat="35.695640" lon="139.703496">
        <name>53:21</name>
      </trkpt>
      <trkpt lat="35.695961" lon="139.703571">
        <name>53:22</name>
      </trkpt>
      <trkpt lat="35.695845" lon="139.704202">
        <name>53:23</name>
      </trkpt>
      <trkpt lat="35.695797" lon="139.704458">
        <name>53:24</name>
      </trkpt>
      <trkpt lat="35.695785" lon="139.704525">
        <name>53:25</name>
      </trkpt>
      <trkpt lat="35.695037" lon="139.704332">
        <name>53:26</name>
      </trkpt>
      <trkpt lat="35.694973" lon="139.704310">
        <name>53:27</name>
      </trkpt>
      <trkpt lat="35.694863" lon="139.704266">
        <name>53:28</name>
      </trkpt>
      <trkpt lat="35.694197" lon="139.703962">
        <name>53:29</name>
      </trkpt>
      <trkpt lat="35.693897" lon="139.703832">
        <name>53:30</name>
      </trkpt>
      <trkpt lat="35.693540" lon="139.703666">
        <name>53:31</name>
      </trkpt>
      <trkpt lat="35.693462" lon="139.703629">
        <name>53:32</name>
      </trkpt>
      <trkpt lat="35.693315" lon="139.703561">
        <name>53:33</name>
      </trkpt>
      <trkpt lat="35.693246" lon="139.703529">
        <name>53:34</name>
      </trkpt>
      <trkpt lat="35.693141" lon="139.703482">
        <name>53:35</name>
      </trkpt>
      <trkpt lat="35.693021" lon="139.703427">
        <name>53:36</name>
      </trkpt>
      <trkpt lat="35.693054" lon="139.703311">
        <name>53:37</name>
      </trkpt>
      <trkpt lat="35.693066" lon="139.703265">
        <name>53:38</name>
      </trkpt>
      <trkpt lat="35.693196" lon="139.702808">
        <name>53:39</name>
      </trkpt>
      <trkpt lat="35.693224" lon="139.702686">
        <name>53:40</name>
      </trkpt>
      <trkpt lat="35.693290" lon="139.702404">
        <name>53:41</name>
      </trkpt>
      <trkpt lat="35.693308" lon="139.702326">
        <name>53:42</name>
      </trkpt>
      <trkpt lat="35.693326" lon="139.702246">
        <name>53:43</name>
      </trkpt>
      <trkpt lat="35.693453" lon="139.701673">
        <name>53:44</name>
      </trkpt>
      <trkpt lat="35.693473" lon="139.701582">
        <name>53:45</name>
      </trkpt>
      <trkpt lat="35.693493" lon="139.701491">
        <name>53:46</name>
      </trkpt>
      <trkpt lat="35.693518" lon="139.701379">
        <name>53:47</name>
      </trkpt>
      <trkpt lat="35.693528" lon="139.701329">
        <name>53:48</name>
      </trkpt>
      <trkpt lat="35.693598" lon="139.700967">
        <name>53:49</name>
      </trkpt>
      <trkpt lat="35.693609" lon="139.700904">
        <name>53:50</name>
      </trkpt>
      <trkpt lat="35.693618" lon="139.700846">
        <name>53:51</name>
      </trkpt>
      <trkpt lat="35.693624" lon="139.700799">
        <name>53:52</name>
      </trkpt>
      <trkpt lat="35.693625" lon="139.700754">
        <name>53:53</name>
      </trkpt>
      <trkpt lat="35.693624" lon="139.700713">
        <name>53:54</name>
      </trkpt>
      <trkpt lat="35.693619" lon="139.700669">
        <name>53:55</name>
      </trkpt>
      <trkpt lat="35.693600" lon="139.700587">
        <name>53:56</name>
      </trkpt>
      <trkpt lat="35.693554" lon="139.700405">
        <name>53:57</name>
      </trkpt>
      <trkpt lat="35.693489" lon="139.700380">
        <name>53:58</name>
      </trkpt>
      <trkpt lat="35.693438" lon="139.700366">
        <name>53:59</name>
      </trkpt>
      <trkpt lat="35.693391" lon="139.700363">
        <name>54:00</name>
      </trkpt>
      <trkpt lat="35.693350" lon="139.700366">
        <name>54:01</name>
      </trkpt>
      <trkpt lat="35.693281" lon="139.700379">
        <name>54:02</name>
      </trkpt>
      <trkpt lat="35.693186" lon="139.700402">
        <name>54:03</name>
      </trkpt>
      <trkpt lat="35.692956" lon="139.700460">
        <name>54:04</name>
      </trkpt>
      <trkpt lat="35.692926" lon="139.700469">
        <name>54:05</name>
      </trkpt>
      <trkpt lat="35.692898" lon="139.700478">
        <name>54:06</name>
      </trkpt>
      <trkpt lat="35.692866" lon="139.700489">
        <name>54:07</name>
      </trkpt>
      <trkpt lat="35.692758" lon="139.700539">
        <name>54:08</name>
      </trkpt>
      <trkpt lat="35.692718" lon="139.700557">
        <name>54:09</name>
      </trkpt>
      <trkpt lat="35.692681" lon="139.700577">
        <name>54:10</name>
      </trkpt>
      <trkpt lat="35.692645" lon="139.700600">
        <name>54:11</name>
      </trkpt>
      <trkpt lat="35.692612" lon="139.700629">
        <name>54:12</name>
      </trkpt>
      <trkpt lat="35.692586" lon="139.700657">
        <name>54:13</name>
      </trkpt>
      <trkpt lat="35.692562" lon="139.700686">
        <name>54:14</name>
      </trkpt>
      <trkpt lat="35.692549" lon="139.700707">
        <name>54:15</name>
      </trkpt>
      <trkpt lat="35.692539" lon="139.700727">
        <name>54:16</name>
      </trkpt>
      <trkpt lat="35.692527" lon="139.700752">
        <name>54:17</name>
      </trkpt>
      <trkpt lat="35.692461" lon="139.700832">
        <name>54:18</name>
      </trkpt>
      <trkpt lat="35.692439" lon="139.700932">
        <name>54:19</name>
      </trkpt>
      <trkpt lat="35.692428" lon="139.700984">
        <name>54:20</name>
      </trkpt>
      <trkpt lat="35.692292" lon="139.701616">
        <name>54:21</name>
      </trkpt>
      <trkpt lat="35.692281" lon="139.701665">
        <name>54:22</name>
      </trkpt>
      <trkpt lat="35.692251" lon="139.701771">
        <name>54:23</name>
      </trkpt>
      <trkpt lat="35.692228" lon="139.701759">
        <name>54:24</name>
      </trkpt>
      <trkpt lat="35.692133" lon="139.701710">
        <name>54:25</name>
      </trkpt>
      <trkpt lat="35.692090" lon="139.701686">
        <name>54:26</name>
      </trkpt>
      <trkpt lat="35.691909" lon="139.701582">
        <name>54:27</name>
      </trkpt>
      <trkpt lat="35.691889" lon="139.701572">
        <name>54:28</name>
      </trkpt>
      <trkpt lat="35.691860" lon="139.701560">
        <name>54:29</name>
      </trkpt>
      <trkpt lat="35.691841" lon="139.701554">
        <name>54:30</name>
      </trkpt>
      <trkpt lat="35.691819" lon="139.701548">
        <name>54:31</name>
      </trkpt>
      <trkpt lat="35.691791" lon="139.701543">
        <name>54:32</name>
      </trkpt>
      <trkpt lat="35.691770" lon="139.701542">
        <name>54:33</name>
      </trkpt>
      <trkpt lat="35.691752" lon="139.701543">
        <name>54:34</name>
      </trkpt>
      <trkpt lat="35.691479" lon="139.701578">
        <name>54:35</name>
      </trkpt>
      <trkpt lat="35.691384" lon="139.701591">
        <name>54:36</name>
      </trkpt>
      <trkpt lat="35.691358" lon="139.701613">
        <name>54:37</name>
      </trkpt>
      <trkpt lat="35.691289" lon="139.701625">
        <name>54:38</name>
      </trkpt>
      <trkpt lat="35.691251" lon="139.701630">
        <name>54:39</name>
      </trkpt>
      <trkpt lat="35.691206" lon="139.701636">
        <name>54:40</name>
      </trkpt>
      <trkpt lat="35.691141" lon="139.701634">
        <name>54:41</name>
      </trkpt>
      <trkpt lat="35.690987" lon="139.701655">
        <name>54:42</name>
      </trkpt>
      <trkpt lat="35.690987" lon="139.701655">
        <name>54:43</name>
      </trkpt>
      <trkpt lat="35.690963" lon="139.701658">
        <name>54:44</name>
      </trkpt>
      <trkpt lat="35.690904" lon="139.701665">
        <name>54:45</name>
      </trkpt>
      <trkpt lat="35.690862" lon="139.701671">
        <name>54:46</name>
      </trkpt>
      <trkpt lat="35.690838" lon="139.701672">
        <name>54:47</name>
      </trkpt>
      <trkpt lat="35.690817" lon="139.701664">
        <name>54:48</name>
      </trkpt>
      <trkpt lat="35.690791" lon="139.701630">
        <name>54:49</name>
      </trkpt>
      <trkpt lat="35.690721" lon="139.701487">
        <name>54:50</name>
      </trkpt>
      <trkpt lat="35.690787" lon="139.701435">
        <name>54:51</name>
      </trkpt>
      <trkpt lat="35.690816" lon="139.701422">
        <name>54:52</name>
      </trkpt>
      <trkpt lat="35.690842" lon="139.701419">
        <name>54:53</name>
      </trkpt>
      <trkpt lat="35.690871" lon="139.701414">
        <name>54:54</name>
      </trkpt>
      <trkpt lat="35.690910" lon="139.701415">
        <name>54:55</name>
      </trkpt>
      <trkpt lat="35.691129" lon="139.701388">
        <name>54:56</name>
      </trkpt>
      <trkpt lat="35.691185" lon="139.701381">
        <name>54:57</name>
      </trkpt>
      <trkpt lat="35.691211" lon="139.701378">
        <name>54:58</name>
      </trkpt>
      <trkpt lat="35.691241" lon="139.701378">
        <name>54:59</name>
      </trkpt>
      <trkpt lat="35.691297" lon="139.701371">
        <name>55:00</name>
      </trkpt>
      <trkpt lat="35.691319" lon="139.701372">
        <name>55:01</name>
      </trkpt>
      <trkpt lat="35.691339" lon="139.701377">
        <name>55:02</name>
      </trkpt>
      <trkpt lat="35.691351" lon="139.701386">
        <name>55:03</name>
      </trkpt>
      <trkpt lat="35.691366" lon="139.701402">
        <name>55:04</name>
      </trkpt>
      <trkpt lat="35.691378" lon="139.701539">
        <name>55:05</name>
      </trkpt>
      <trkpt lat="35.691384" lon="139.701591">
        <name>55:06</name>
      </trkpt>
      <trkpt lat="35.691479" lon="139.701578">
        <name>55:07</name>
      </trkpt>
      <trkpt lat="35.691752" lon="139.701543">
        <name>55:08</name>
      </trkpt>
      <trkpt lat="35.691770" lon="139.701542">
        <name>55:09</name>
      </trkpt>
      <trkpt lat="35.691791" lon="139.701543">
        <name>55:10</name>
      </trkpt>
      <trkpt lat="35.691819" lon="139.701548">
        <name>55:11</name>
      </trkpt>
      <trkpt lat="35.691841" lon="139.701554">
        <name>55:12</name>
      </trkpt>
      <trkpt lat="35.691860" lon="139.701560">
        <name>55:13</name>
      </trkpt>
      <trkpt lat="35.691889" lon="139.701572">
        <name>55:14</name>
      </trkpt>
      <trkpt lat="35.691909" lon="139.701582">
        <name>55:15</name>
      </trkpt>
      <trkpt lat="35.692090" lon="139.701686">
        <name>55:16</name>
      </trkpt>
      <trkpt lat="35.692133" lon="139.701710">
        <name>55:17</name>
      </trkpt>
      <trkpt lat="35.692228" lon="139.701759">
        <name>55:18</name>
      </trkpt>
      <trkpt lat="35.692251" lon="139.701771">
        <name>55:19</name>
      </trkpt>
      <trkpt lat="35.692281" lon="139.701665">
        <name>55:20</name>
      </trkpt>
      <trkpt lat="35.692292" lon="139.701616">
        <name>55:21</name>
      </trkpt>
      <trkpt lat="35.692428" lon="139.700984">
        <name>55:22</name>
      </trkpt>
      <trkpt lat="35.692439" lon="139.700932">
        <name>55:23</name>
      </trkpt>
      <trkpt lat="35.692461" lon="139.700832">
        <name>55:24</name>
      </trkpt>
      <trkpt lat="35.692472" lon="139.700719">
        <name>55:25</name>
      </trkpt>
      <trkpt lat="35.692484" lon="139.700696">
        <name>55:26</name>
      </trkpt>
      <trkpt lat="35.692498" lon="139.700667">
        <name>55:27</name>
      </trkpt>
      <trkpt lat="35.692518" lon="139.700632">
        <name>55:28</name>
      </trkpt>
      <trkpt lat="35.692544" lon="139.700596">
        <name>55:29</name>
      </trkpt>
      <trkpt lat="35.692581" lon="139.700558">
        <name>55:30</name>
      </trkpt>
      <trkpt lat="35.692627" lon="139.700524">
        <name>55:31</name>
      </trkpt>
      <trkpt lat="35.692665" lon="139.700501">
        <name>55:32</name>
      </trkpt>
      <trkpt lat="35.692705" lon="139.700480">
        <name>55:33</name>
      </trkpt>
      <trkpt lat="35.692847" lon="139.700417">
        <name>55:34</name>
      </trkpt>
      <trkpt lat="35.692877" lon="139.700405">
        <name>55:35</name>
      </trkpt>
      <trkpt lat="35.692923" lon="139.700388">
        <name>55:36</name>
      </trkpt>
      <trkpt lat="35.692973" lon="139.700375">
        <name>55:37</name>
      </trkpt>
      <trkpt lat="35.693228" lon="139.700315">
        <name>55:38</name>
      </trkpt>
      <trkpt lat="35.693271" lon="139.700305">
        <name>55:39</name>
      </trkpt>
      <trkpt lat="35.693339" lon="139.700292">
        <name>55:40</name>
      </trkpt>
      <trkpt lat="35.693390" lon="139.700297">
        <name>55:41</name>
      </trkpt>
      <trkpt lat="35.693436" lon="139.700314">
        <name>55:42</name>
      </trkpt>
      <trkpt lat="35.693492" lon="139.700355">
        <name>55:43</name>
      </trkpt>
      <trkpt lat="35.693554" lon="139.700405">
        <name>55:44</name>
      </trkpt>
      <trkpt lat="35.693543" lon="139.700276">
        <name>55:45</name>
      </trkpt>
      <trkpt lat="35.693536" lon="139.700152">
        <name>55:46</name>
      </trkpt>
      <trkpt lat="35.693591" lon="139.699516">
        <name>55:47</name>
      </trkpt>
      <trkpt lat="35.693591" lon="139.699378">
        <name>55:48</name>
      </trkpt>
      <trkpt lat="35.693573" lon="139.699130">
        <name>55:49</name>
      </trkpt>
      <trkpt lat="35.693636" lon="139.699116">
        <name>55:50</name>
      </trkpt>
      <trkpt lat="35.693700" lon="139.699098">
        <name>55:51</name>
      </trkpt>
      <trkpt lat="35.693840" lon="139.699054">
        <name>55:52</name>
      </trkpt>
      <trkpt lat="35.693877" lon="139.699040">
        <name>55:53</name>
      </trkpt>
      <trkpt lat="35.694189" lon="139.698925">
        <name>55:54</name>
      </trkpt>
      <trkpt lat="35.694174" lon="139.698852">
        <name>55:55</name>
      </trkpt>
      <trkpt lat="35.694167" lon="139.698819">
        <name>55:56</name>
      </trkpt>
      <trkpt lat="35.694092" lon="139.698748">
        <name>55:57</name>
      </trkpt>
      <trkpt lat="35.693993" lon="139.698655">
        <name>55:58</name>
      </trkpt>
      <trkpt lat="35.693795" lon="139.698490">
        <name>55:59</name>
      </trkpt>
      <trkpt lat="35.693759" lon="139.698486">
        <name>56:00</name>
      </trkpt>
      <trkpt lat="35.693733" lon="139.698487">
        <name>56:01</name>
      </trkpt>
      <trkpt lat="35.693700" lon="139.698501">
        <name>56:02</name>
      </trkpt>
      <trkpt lat="35.693680" lon="139.698525">
        <name>56:03</name>
      </trkpt>
      <trkpt lat="35.693669" lon="139.698550">
        <name>56:04</name>
      </trkpt>
      <trkpt lat="35.693665" lon="139.698574">
        <name>56:05</name>
      </trkpt>
      <trkpt lat="35.693683" lon="139.698858">
        <name>56:06</name>
      </trkpt>
      <trkpt lat="35.693687" lon="139.698930">
        <name>56:07</name>
      </trkpt>
      <trkpt lat="35.693700" lon="139.699098">
        <name>56:08</name>
      </trkpt>
      <trkpt lat="35.693718" lon="139.699361">
        <name>56:09</name>
      </trkpt>
      <trkpt lat="35.693727" lon="139.699483">
        <name>56:10</name>
      </trkpt>
      <trkpt lat="35.693740" lon="139.699512">
        <name>56:11</name>
      </trkpt>
      <trkpt lat="35.693762" lon="139.699531">
        <name>56:12</name>
      </trkpt>
      <trkpt lat="35.693794" lon="139.699539">
        <name>56:13</name>
      </trkpt>
      <trkpt lat="35.693799" lon="139.699539">
        <name>56:14</name>
      </trkpt>
      <trkpt lat="35.693799" lon="139.699539">
        <name>56:15</name>
      </trkpt>
      <trkpt lat="35.693822" lon="139.699538">
        <name>56:16</name>
      </trkpt>
      <trkpt lat="35.694929" lon="139.699129">
        <name>56:17</name>
      </trkpt>
      <trkpt lat="35.694844" lon="139.698788">
        <name>56:18</name>
      </trkpt>
      <trkpt lat="35.694820" lon="139.698692">
        <name>56:19</name>
      </trkpt>
      <trkpt lat="35.694769" lon="139.698714">
        <name>56:20</name>
      </trkpt>
      <trkpt lat="35.694189" lon="139.698925">
        <name>56:21</name>
      </trkpt>
      <trkpt lat="35.693877" lon="139.699040">
        <name>56:22</name>
      </trkpt>
      <trkpt lat="35.693840" lon="139.699054">
        <name>56:23</name>
      </trkpt>
      <trkpt lat="35.693700" lon="139.699098">
        <name>56:24</name>
      </trkpt>
      <trkpt lat="35.693675" lon="139.699367">
        <name>56:25</name>
      </trkpt>
      <trkpt lat="35.693605" lon="139.700251">
        <name>56:26</name>
      </trkpt>
      <trkpt lat="35.693602" lon="139.700302">
        <name>56:27</name>
      </trkpt>
      <trkpt lat="35.693589" lon="139.700348">
        <name>56:28</name>
      </trkpt>
      <trkpt lat="35.693571" lon="139.700385">
        <name>56:29</name>
      </trkpt>
      <trkpt lat="35.693554" lon="139.700405">
        <name>56:30</name>
      </trkpt>
      <trkpt lat="35.693489" lon="139.700380">
        <name>56:31</name>
      </trkpt>
      <trkpt lat="35.693438" lon="139.700366">
        <name>56:32</name>
      </trkpt>
      <trkpt lat="35.693391" lon="139.700363">
        <name>56:33</name>
      </trkpt>
      <trkpt lat="35.693350" lon="139.700366">
        <name>56:34</name>
      </trkpt>
      <trkpt lat="35.693281" lon="139.700379">
        <name>56:35</name>
      </trkpt>
      <trkpt lat="35.693186" lon="139.700402">
        <name>56:36</name>
      </trkpt>
      <trkpt lat="35.692956" lon="139.700460">
        <name>56:37</name>
      </trkpt>
      <trkpt lat="35.692926" lon="139.700469">
        <name>56:38</name>
      </trkpt>
      <trkpt lat="35.692898" lon="139.700478">
        <name>56:39</name>
      </trkpt>
      <trkpt lat="35.692866" lon="139.700489">
        <name>56:40</name>
      </trkpt>
      <trkpt lat="35.692758" lon="139.700539">
        <name>56:41</name>
      </trkpt>
      <trkpt lat="35.692718" lon="139.700557">
        <name>56:42</name>
      </trkpt>
      <trkpt lat="35.692681" lon="139.700577">
        <name>56:43</name>
      </trkpt>
      <trkpt lat="35.692645" lon="139.700600">
        <name>56:44</name>
      </trkpt>
      <trkpt lat="35.692612" lon="139.700629">
        <name>56:45</name>
      </trkpt>
      <trkpt lat="35.692586" lon="139.700657">
        <name>56:46</name>
      </trkpt>
      <trkpt lat="35.692562" lon="139.700686">
        <name>56:47</name>
      </trkpt>
      <trkpt lat="35.692549" lon="139.700707">
        <name>56:48</name>
      </trkpt>
      <trkpt lat="35.692539" lon="139.700727">
        <name>56:49</name>
      </trkpt>
      <trkpt lat="35.692527" lon="139.700752">
        <name>56:50</name>
      </trkpt>
      <trkpt lat="35.692461" lon="139.700832">
        <name>56:51</name>
      </trkpt>
      <trkpt lat="35.692439" lon="139.700932">
        <name>56:52</name>
      </trkpt>
      <trkpt lat="35.692428" lon="139.700984">
        <name>56:53</name>
      </trkpt>
      <trkpt lat="35.692292" lon="139.701616">
        <name>56:54</name>
      </trkpt>
      <trkpt lat="35.692281" lon="139.701665">
        <name>56:55</name>
      </trkpt>
      <trkpt lat="35.692251" lon="139.701771">
        <name>56:56</name>
      </trkpt>
      <trkpt lat="35.692242" lon="139.701796">
        <name>56:57</name>
      </trkpt>
      <trkpt lat="35.692228" lon="139.701836">
        <name>56:58</name>
      </trkpt>
      <trkpt lat="35.692208" lon="139.701887">
        <name>56:59</name>
      </trkpt>
      <trkpt lat="35.692186" lon="139.701939">
        <name>57:00</name>
      </trkpt>
      <trkpt lat="35.692141" lon="139.702040">
        <name>57:01</name>
      </trkpt>
      <trkpt lat="35.691960" lon="139.702442">
        <name>57:02</name>
      </trkpt>
      <trkpt lat="35.691934" lon="139.702502">
        <name>57:03</name>
      </trkpt>
      <trkpt lat="35.691916" lon="139.702543">
        <name>57:04</name>
      </trkpt>
      <trkpt lat="35.691875" lon="139.702632">
        <name>57:05</name>
      </trkpt>
      <trkpt lat="35.691866" lon="139.702653">
        <name>57:06</name>
      </trkpt>
      <trkpt lat="35.691857" lon="139.702672">
        <name>57:07</name>
      </trkpt>
      <trkpt lat="35.691822" lon="139.702750">
        <name>57:08</name>
      </trkpt>
      <trkpt lat="35.691796" lon="139.702809">
        <name>57:09</name>
      </trkpt>
      <trkpt lat="35.691538" lon="139.703382">
        <name>57:10</name>
      </trkpt>
      <trkpt lat="35.691475" lon="139.703523">
        <name>57:11</name>
      </trkpt>
      <trkpt lat="35.691429" lon="139.703625">
        <name>57:12</name>
      </trkpt>
      <trkpt lat="35.691407" lon="139.703673">
        <name>57:13</name>
      </trkpt>
      <trkpt lat="35.691397" lon="139.703697">
        <name>57:14</name>
      </trkpt>
      <trkpt lat="35.691376" lon="139.703743">
        <name>57:15</name>
      </trkpt>
      <trkpt lat="35.691328" lon="139.703851">
        <name>57:16</name>
      </trkpt>
      <trkpt lat="35.690953" lon="139.704688">
        <name>57:17</name>
      </trkpt>
      <trkpt lat="35.690884" lon="139.704836">
        <name>57:18</name>
      </trkpt>
      <trkpt lat="35.690851" lon="139.704908">
        <name>57:19</name>
      </trkpt>
      <trkpt lat="35.690708" lon="139.704813">
        <name>57:20</name>
      </trkpt>
      <trkpt lat="35.690504" lon="139.704680">
        <name>57:21</name>
      </trkpt>
      <trkpt lat="35.690291" lon="139.704530">
        <name>57:22</name>
      </trkpt>
      <trkpt lat="35.690095" lon="139.704398">
        <name>57:23</name>
      </trkpt>
      <trkpt lat="35.690001" lon="139.704335">
        <name>57:24</name>
      </trkpt>
      <trkpt lat="35.689838" lon="139.704233">
        <name>57:25</name>
      </trkpt>
      <trkpt lat="35.689856" lon="139.704379">
        <name>57:26</name>
      </trkpt>
      <trkpt lat="35.689864" lon="139.704479">
        <name>57:27</name>
      </trkpt>
      <trkpt lat="35.689899" lon="139.704643">
        <name>57:28</name>
      </trkpt>
      <trkpt lat="35.689921" lon="139.704795">
        <name>57:29</name>
      </trkpt>
      <trkpt lat="35.689932" lon="139.704925">
        <name>57:30</name>
      </trkpt>
      <trkpt lat="35.689933" lon="139.705000">
        <name>57:31</name>
      </trkpt>
      <trkpt lat="35.689933" lon="139.705000">
        <name>57:32</name>
      </trkpt>
      <trkpt lat="35.689935" lon="139.705080">
        <name>57:33</name>
      </trkpt>
      <trkpt lat="35.689926" lon="139.705184">
        <name>57:34</name>
      </trkpt>
      <trkpt lat="35.689908" lon="139.705282">
        <name>57:35</name>
      </trkpt>
      <trkpt lat="35.689887" lon="139.705384">
        <name>57:36</name>
      </trkpt>
      <trkpt lat="35.690037" lon="139.705477">
        <name>57:37</name>
      </trkpt>
      <trkpt lat="35.690379" lon="139.705715">
        <name>57:38</name>
      </trkpt>
      <trkpt lat="35.690455" lon="139.705770">
        <name>57:39</name>
      </trkpt>
      <trkpt lat="35.690461" lon="139.705756">
        <name>57:40</name>
      </trkpt>
      <trkpt lat="35.690531" lon="139.705611">
        <name>57:41</name>
      </trkpt>
      <trkpt lat="35.690787" lon="139.705048">
        <name>57:42</name>
      </trkpt>
      <trkpt lat="35.690851" lon="139.704908">
        <name>57:43</name>
      </trkpt>
      <trkpt lat="35.690884" lon="139.704836">
        <name>57:44</name>
      </trkpt>
      <trkpt lat="35.691052" lon="139.704943">
        <name>57:45</name>
      </trkpt>
      <trkpt lat="35.691354" lon="139.705119">
        <name>57:46</name>
      </trkpt>
      <trkpt lat="35.691536" lon="139.705241">
        <name>57:47</name>
      </trkpt>
      <trkpt lat="35.691766" lon="139.705377">
        <name>57:48</name>
      </trkpt>
      <trkpt lat="35.691810" lon="139.705402">
        <name>57:49</name>
      </trkpt>
      <trkpt lat="35.691872" lon="139.705440">
        <name>57:50</name>
      </trkpt>
      <trkpt lat="35.692197" lon="139.705635">
        <name>57:51</name>
      </trkpt>
      <trkpt lat="35.692245" lon="139.705663">
        <name>57:52</name>
      </trkpt>
      <trkpt lat="35.692388" lon="139.705747">
        <name>57:53</name>
      </trkpt>
      <trkpt lat="35.692430" lon="139.705557">
        <name>57:54</name>
      </trkpt>
      <trkpt lat="35.692441" lon="139.705516">
        <name>57:55</name>
      </trkpt>
      <trkpt lat="35.692452" lon="139.705473">
        <name>57:56</name>
      </trkpt>
      <trkpt lat="35.692534" lon="139.705160">
        <name>57:57</name>
      </trkpt>
      <trkpt lat="35.692708" lon="139.704533">
        <name>57:58</name>
      </trkpt>
      <trkpt lat="35.692778" lon="139.704288">
        <name>57:59</name>
      </trkpt>
      <trkpt lat="35.692836" lon="139.704078">
        <name>58:00</name>
      </trkpt>
      <trkpt lat="35.692931" lon="139.703745">
        <name>58:01</name>
      </trkpt>
      <trkpt lat="35.692950" lon="139.703680">
        <name>58:02</name>
      </trkpt>
      <trkpt lat="35.692997" lon="139.703512">
        <name>58:03</name>
      </trkpt>
      <trkpt lat="35.693021" lon="139.703427">
        <name>58:04</name>
      </trkpt>
      <trkpt lat="35.693141" lon="139.703482">
        <name>58:05</name>
      </trkpt>
      <trkpt lat="35.693246" lon="139.703529">
        <name>58:06</name>
      </trkpt>
      <trkpt lat="35.693315" lon="139.703561">
        <name>58:07</name>
      </trkpt>
      <trkpt lat="35.693462" lon="139.703629">
        <name>58:08</name>
      </trkpt>
      <trkpt lat="35.693540" lon="139.703666">
        <name>58:09</name>
      </trkpt>
      <trkpt lat="35.693750" lon="139.703764">
        <name>58:10</name>
      </trkpt>
      <trkpt lat="35.693750" lon="139.703764">
        <name>58:11</name>
      </trkpt>
      <trkpt lat="35.693540" lon="139.703666">
        <name>58:12</name>
      </trkpt>
      <trkpt lat="35.693462" lon="139.703629">
        <name>58:13</name>
      </trkpt>
      <trkpt lat="35.693315" lon="139.703561">
        <name>58:14</name>
      </trkpt>
      <trkpt lat="35.693246" lon="139.703529">
        <name>58:15</name>
      </trkpt>
      <trkpt lat="35.693141" lon="139.703482">
        <name>58:16</name>
      </trkpt>
      <trkpt lat="35.693021" lon="139.703427">
        <name>58:17</name>
      </trkpt>
      <trkpt lat="35.693054" lon="139.703311">
        <name>58:18</name>
      </trkpt>
      <trkpt lat="35.693066" lon="139.703265">
        <name>58:19</name>
      </trkpt>
      <trkpt lat="35.693196" lon="139.702808">
        <name>58:20</name>
      </trkpt>
      <trkpt lat="35.693224" lon="139.702686">
        <name>58:21</name>
      </trkpt>
      <trkpt lat="35.693290" lon="139.702404">
        <name>58:22</name>
      </trkpt>
      <trkpt lat="35.693308" lon="139.702326">
        <name>58:23</name>
      </trkpt>
      <trkpt lat="35.693326" lon="139.702246">
        <name>58:24</name>
      </trkpt>
      <trkpt lat="35.693453" lon="139.701673">
        <name>58:25</name>
      </trkpt>
      <trkpt lat="35.693473" lon="139.701582">
        <name>58:26</name>
      </trkpt>
      <trkpt lat="35.693493" lon="139.701491">
        <name>58:27</name>
      </trkpt>
      <trkpt lat="35.693518" lon="139.701379">
        <name>58:28</name>
      </trkpt>
      <trkpt lat="35.693528" lon="139.701329">
        <name>58:29</name>
      </trkpt>
      <trkpt lat="35.693598" lon="139.700967">
        <name>58:30</name>
      </trkpt>
      <trkpt lat="35.693609" lon="139.700904">
        <name>58:31</name>
      </trkpt>
      <trkpt lat="35.693618" lon="139.700846">
        <name>58:32</name>
      </trkpt>
      <trkpt lat="35.693624" lon="139.700799">
        <name>58:33</name>
      </trkpt>
      <trkpt lat="35.693625" lon="139.700754">
        <name>58:34</name>
      </trkpt>
      <trkpt lat="35.693624" lon="139.700713">
        <name>58:35</name>
      </trkpt>
      <trkpt lat="35.693619" lon="139.700669">
        <name>58:36</name>
      </trkpt>
      <trkpt lat="35.693600" lon="139.700587">
        <name>58:37</name>
      </trkpt>
      <trkpt lat="35.693554" lon="139.700405">
        <name>58:38</name>
      </trkpt>
      <trkpt lat="35.693489" lon="139.700380">
        <name>58:39</name>
      </trkpt>
      <trkpt lat="35.693438" lon="139.700366">
        <name>58:40</name>
      </trkpt>
      <trkpt lat="35.693391" lon="139.700363">
        <name>58:41</name>
      </trkpt>
      <trkpt lat="35.693350" lon="139.700366">
        <name>58:42</name>
      </trkpt>
      <trkpt lat="35.693281" lon="139.700379">
        <name>58:43</name>
      </trkpt>
      <trkpt lat="35.693186" lon="139.700402">
        <name>58:44</name>
      </trkpt>
      <trkpt lat="35.692956" lon="139.700460">
        <name>58:45</name>
      </trkpt>
      <trkpt lat="35.692926" lon="139.700469">
        <name>58:46</name>
      </trkpt>
      <trkpt lat="35.692898" lon="139.700478">
        <name>58:47</name>
      </trkpt>
      <trkpt lat="35.692866" lon="139.700489">
        <name>58:48</name>
      </trkpt>
      <trkpt lat="35.692758" lon="139.700539">
        <name>58:49</name>
      </trkpt>
      <trkpt lat="35.692718" lon="139.700557">
        <name>58:50</name>
      </trkpt>
      <trkpt lat="35.692681" lon="139.700577">
        <name>58:51</name>
      </trkpt>
      <trkpt lat="35.692645" lon="139.700600">
        <name>58:52</name>
      </trkpt>
      <trkpt lat="35.692612" lon="139.700629">
        <name>58:53</name>
      </trkpt>
      <trkpt lat="35.692586" lon="139.700657">
        <name>58:54</name>
      </trkpt>
      <trkpt lat="35.692562" lon="139.700686">
        <name>58:55</name>
      </trkpt>
      <trkpt lat="35.692549" lon="139.700707">
        <name>58:56</name>
      </trkpt>
      <trkpt lat="35.692539" lon="139.700727">
        <name>58:57</name>
      </trkpt>
      <trkpt lat="35.692527" lon="139.700752">
        <name>58:58</name>
      </trkpt>
      <trkpt lat="35.692461" lon="139.700832">
        <name>58:59</name>
      </trkpt>
      <trkpt lat="35.692439" lon="139.700932">
        <name>59:00</name>
      </trkpt>
      <trkpt lat="35.692428" lon="139.700984">
        <name>59:01</name>
      </trkpt>
      <trkpt lat="35.692292" lon="139.701616">
        <name>59:02</name>
      </trkpt>
      <trkpt lat="35.692281" lon="139.701665">
        <name>59:03</name>
      </trkpt>
      <trkpt lat="35.692251" lon="139.701771">
        <name>59:04</name>
      </trkpt>
      <trkpt lat="35.692228" lon="139.701759">
        <name>59:05</name>
      </trkpt>
      <trkpt lat="35.692133" lon="139.701710">
        <name>59:06</name>
      </trkpt>
      <trkpt lat="35.692090" lon="139.701686">
        <name>59:07</name>
      </trkpt>
      <trkpt lat="35.691909" lon="139.701582">
        <name>59:08</name>
      </trkpt>
      <trkpt lat="35.691889" lon="139.701572">
        <name>59:09</name>
      </trkpt>
      <trkpt lat="35.691860" lon="139.701560">
        <name>59:10</name>
      </trkpt>
      <trkpt lat="35.691841" lon="139.701554">
        <name>59:11</name>
      </trkpt>
      <trkpt lat="35.691819" lon="139.701548">
        <name>59:12</name>
      </trkpt>
      <trkpt lat="35.691791" lon="139.701543">
        <name>59:13</name>
      </trkpt>
      <trkpt lat="35.691770" lon="139.701542">
        <name>59:14</name>
      </trkpt>
      <trkpt lat="35.691752" lon="139.701543">
        <name>59:15</name>
      </trkpt>
      <trkpt lat="35.691479" lon="139.701578">
        <name>59:16</name>
      </trkpt>
      <trkpt lat="35.691384" lon="139.701591">
        <name>59:17</name>
      </trkpt>
      <trkpt lat="35.691358" lon="139.701613">
        <name>59:18</name>
      </trkpt>
      <trkpt lat="35.691289" lon="139.701625">
        <name>59:19</name>
      </trkpt>
      <trkpt lat="35.691251" lon="139.701630">
        <name>59:20</name>
      </trkpt>
      <trkpt lat="35.691206" lon="139.701636">
        <name>59:21</name>
      </trkpt>
      <trkpt lat="35.691141" lon="139.701634">
        <name>59:22</name>
      </trkpt>
      <trkpt lat="35.690963" lon="139.701658">
        <name>59:23</name>
      </trkpt>
      <trkpt lat="35.690904" lon="139.701665">
        <name>59:24</name>
      </trkpt>
      <trkpt lat="35.690862" lon="139.701671">
        <name>59:25</name>
      </trkpt>
      <trkpt lat="35.690838" lon="139.701672">
        <name>59:26</name>
      </trkpt>
      <trkpt lat="35.690817" lon="139.701664">
        <name>59:27</name>
      </trkpt>
      <trkpt lat="35.690791" lon="139.701630">
        <name>59:28</name>
      </trkpt>
      <trkpt lat="35.690721" lon="139.701487">
        <name>59:29</name>
      </trkpt>
      <trkpt lat="35.690703" lon="139.701417">
        <name>59:30</name>
      </trkpt>
      <trkpt lat="35.690697" lon="139.701395">
        <name>59:31</name>
      </trkpt>
      <trkpt lat="35.690686" lon="139.701178">
        <name>59:32</name>
      </trkpt>
      <trkpt lat="35.690665" lon="139.701169">
        <name>59:33</name>
      </trkpt>
      <trkpt lat="35.690381" lon="139.701163">
        <name>59:34</name>
      </trkpt>
      <trkpt lat="35.690109" lon="139.701234">
        <name>59:35</name>
      </trkpt>
      <trkpt lat="35.690109" lon="139.701234">
        <name>59:36</name>
      </trkpt>
      <trkpt lat="35.689742" lon="139.701329">
        <name>59:37</name>
      </trkpt>
      <trkpt lat="35.689710" lon="139.701395">
        <name>59:38</name>
      </trkpt>
      <trkpt lat="35.689718" lon="139.701499">
        <name>59:39</name>
      </trkpt>
      <trkpt lat="35.689761" lon="139.701751">
        <name>59:40</name>
      </trkpt>
      <trkpt lat="35.689780" lon="139.701812">
        <name>59:41</name>
      </trkpt>
      <trkpt lat="35.689800" lon="139.701881">
        <name>59:42</name>
      </trkpt>
      <trkpt lat="35.689765" lon="139.701911">
        <name>59:43</name>
      </trkpt>
      <trkpt lat="35.689730" lon="139.701948">
        <name>59:44</name>
      </trkpt>
      <trkpt lat="35.689689" lon="139.701993">
        <name>59:45</name>
      </trkpt>
      <trkpt lat="35.689588" lon="139.702098">
        <name>59:46</name>
      </trkpt>
      <trkpt lat="35.689603" lon="139.702168">
        <name>59:47</name>
      </trkpt>
      <trkpt lat="35.689708" lon="139.702626">
        <name>59:48</name>
      </trkpt>
      <trkpt lat="35.689795" lon="139.703133">
        <name>59:49</name>
      </trkpt>
      <trkpt lat="35.689811" lon="139.703229">
        <name>59:50</name>
      </trkpt>
      <trkpt lat="35.689769" lon="139.703274">
        <name>59:51</name>
      </trkpt>
      <trkpt lat="35.689749" lon="139.703322">
        <name>59:52</name>
      </trkpt>
      <trkpt lat="35.689741" lon="139.703369">
        <name>59:53</name>
      </trkpt>
      <trkpt lat="35.689735" lon="139.703422">
        <name>59:54</name>
      </trkpt>
      <trkpt lat="35.689766" lon="139.703641">
        <name>59:55</name>
      </trkpt>
      <trkpt lat="35.689802" lon="139.703923">
        <name>59:56</name>
      </trkpt>
      <trkpt lat="35.689811" lon="139.703991">
        <name>59:57</name>
      </trkpt>
      <trkpt lat="35.689825" lon="139.704126">
        <name>59:58</name>
      </trkpt>
      <trkpt lat="35.689982" lon="139.704223">
        <name>59:59</name>
      </trkpt>
      <trkpt lat="35.690320" lon="139.704455">
        <name>1:00:00</name>
      </trkpt>
      <trkpt lat="35.690461" lon="139.704549">
        <name>1:00:01</name>
      </trkpt>
      <trkpt lat="35.690741" lon="139.704744">
        <name>1:00:02</name>
      </trkpt>
      <trkpt lat="35.690884" lon="139.704836">
        <name>1:00:03</name>
      </trkpt>
      <trkpt lat="35.691052" lon="139.704943">
        <name>1:00:04</name>
      </trkpt>
      <trkpt lat="35.691354" lon="139.705119">
        <name>1:00:05</name>
      </trkpt>
      <trkpt lat="35.691536" lon="139.705241">
        <name>1:00:06</name>
      </trkpt>
      <trkpt lat="35.691766" lon="139.705377">
        <name>1:00:07</name>
      </trkpt>
      <trkpt lat="35.691810" lon="139.705402">
        <name>1:00:08</name>
      </trkpt>
      <trkpt lat="35.691872" lon="139.705440">
        <name>1:00:09</name>
      </trkpt>
      <trkpt lat="35.692197" lon="139.705635">
        <name>1:00:10</name>
      </trkpt>
      <trkpt lat="35.692245" lon="139.705663">
        <name>1:00:11</name>
      </trkpt>
      <trkpt lat="35.692388" lon="139.705747">
        <name>1:00:12</name>
      </trkpt>
      <trkpt lat="35.692430" lon="139.705557">
        <name>1:00:13</name>
      </trkpt>
      <trkpt lat="35.692441" lon="139.705516">
        <name>1:00:14</name>
      </trkpt>
      <trkpt lat="35.692452" lon="139.705473">
        <name>1:00:15</name>
      </trkpt>
      <trkpt lat="35.692534" lon="139.705160">
        <name>1:00:16</name>
      </trkpt>
      <trkpt lat="35.692708" lon="139.704533">
        <name>1:00:17</name>
      </trkpt>
      <trkpt lat="35.692778" lon="139.704288">
        <name>1:00:18</name>
      </trkpt>
      <trkpt lat="35.692836" lon="139.704078">
        <name>1:00:19</name>
      </trkpt>
      <trkpt lat="35.692931" lon="139.703745">
        <name>1:00:20</name>
      </trkpt>
      <trkpt lat="35.692950" lon="139.703680">
        <name>1:00:21</name>
      </trkpt>
      <trkpt lat="35.692997" lon="139.703512">
        <name>1:00:22</name>
      </trkpt>
      <trkpt lat="35.693021" lon="139.703427">
        <name>1:00:23</name>
      </trkpt>
      <trkpt lat="35.693141" lon="139.703482">
        <name>1:00:24</name>
      </trkpt>
      <trkpt lat="35.693246" lon="139.703529">
        <name>1:00:25</name>
      </trkpt>
      <trkpt lat="35.693315" lon="139.703561">
        <name>1:00:26</name>
      </trkpt>
      <trkpt lat="35.693462" lon="139.703629">
        <name>1:00:27</name>
      </trkpt>
      <trkpt lat="35.693540" lon="139.703666">
        <name>1:00:28</name>
      </trkpt>
      <trkpt lat="35.693897" lon="139.703832">
        <name>1:00:29</name>
      </trkpt>
      <trkpt lat="35.694197" lon="139.703962">
        <name>1:00:30</name>
      </trkpt>
      <trkpt lat="35.694214" lon="139.703900">
        <name>1:00:31</name>
      </trkpt>
      <trkpt lat="35.694284" lon="139.703634">
        <name>1:00:32</name>
      </trkpt>
      <trkpt lat="35.694284" lon="139.703634">
        <name>1:00:33</name>
      </trkpt>
      <trkpt lat="35.694298" lon="139.703582">
        <name>1:00:34</name>
      </trkpt>
      <trkpt lat="35.694365" lon="139.703324">
        <name>1:00:35</name>
      </trkpt>
      <trkpt lat="35.694470" lon="139.703376">
        <name>1:00:36</name>
      </trkpt>
      <trkpt lat="35.694515" lon="139.703190">
        <name>1:00:37</name>
      </trkpt>
      <trkpt lat="35.694521" lon="139.703164">
        <name>1:00:38</name>
      </trkpt>
      <trkpt lat="35.694596" lon="139.702853">
        <name>1:00:39</name>
      </trkpt>
      <trkpt lat="35.694178" lon="139.702647">
        <name>1:00:40</name>
      </trkpt>
      <trkpt lat="35.693891" lon="139.702509">
        <name>1:00:41</name>
      </trkpt>
      <trkpt lat="35.693583" lon="139.702358">
        <name>1:00:42</name>
      </trkpt>
      <trkpt lat="35.693578" lon="139.702356">
        <name>1:00:43</name>
      </trkpt>
      <trkpt lat="35.693541" lon="139.702337">
        <name>1:00:44</name>
      </trkpt>
      <trkpt lat="35.693447" lon="139.702298">
        <name>1:00:45</name>
      </trkpt>
      <trkpt lat="35.693431" lon="139.702368">
        <name>1:00:46</name>
      </trkpt>
      <trkpt lat="35.693334" lon="139.702804">
        <name>1:00:47</name>
      </trkpt>
      <trkpt lat="35.693193" lon="139.703294">
        <name>1:00:48</name>
      </trkpt>
      <trkpt lat="35.693174" lon="139.703362">
        <name>1:00:49</name>
      </trkpt>
      <trkpt lat="35.693141" lon="139.703482">
        <name>1:00:50</name>
      </trkpt>
      <trkpt lat="35.693021" lon="139.703427">
        <name>1:00:51</name>
      </trkpt>
      <trkpt lat="35.693054" lon="139.703311">
        <name>1:00:52</name>
      </trkpt>
      <trkpt lat="35.693066" lon="139.703265">
        <name>1:00:53</name>
      </trkpt>
      <trkpt lat="35.693196" lon="139.702808">
        <name>1:00:54</name>
      </trkpt>
      <trkpt lat="35.693224" lon="139.702686">
        <name>1:00:55</name>
      </trkpt>
      <trkpt lat="35.693290" lon="139.702404">
        <name>1:00:56</name>
      </trkpt>
      <trkpt lat="35.693308" lon="139.702326">
        <name>1:00:57</name>
      </trkpt>
      <trkpt lat="35.693326" lon="139.702246">
        <name>1:00:58</name>
      </trkpt>
      <trkpt lat="35.693453" lon="139.701673">
        <name>1:00:59</name>
      </trkpt>
      <trkpt lat="35.693473" lon="139.701582">
        <name>1:01:00</name>
      </trkpt>
      <trkpt lat="35.693493" lon="139.701491">
        <name>1:01:01</name>
      </trkpt>
      <trkpt lat="35.693518" lon="139.701379">
        <name>1:01:02</name>
      </trkpt>
      <trkpt lat="35.693528" lon="139.701329">
        <name>1:01:03</name>
      </trkpt>
      <trkpt lat="35.693598" lon="139.700967">
        <name>1:01:04</name>
      </trkpt>
      <trkpt lat="35.693609" lon="139.700904">
        <name>1:01:05</name>
      </trkpt>
      <trkpt lat="35.693618" lon="139.700846">
        <name>1:01:06</name>
      </trkpt>
      <trkpt lat="35.693624" lon="139.700799">
        <name>1:01:07</name>
      </trkpt>
      <trkpt lat="35.693625" lon="139.700754">
        <name>1:01:08</name>
      </trkpt>
      <trkpt lat="35.693624" lon="139.700713">
        <name>1:01:09</name>
      </trkpt>
      <trkpt lat="35.693619" lon="139.700669">
        <name>1:01:10</name>
      </trkpt>
      <trkpt lat="35.693600" lon="139.700587">
        <name>1:01:11</name>
      </trkpt>
      <trkpt lat="35.693554" lon="139.700405">
        <name>1:01:12</name>
      </trkpt>
      <trkpt lat="35.693489" lon="139.700380">
        <name>1:01:13</name>
      </trkpt>
      <trkpt lat="35.693438" lon="139.700366">
        <name>1:01:14</name>
      </trkpt>
      <trkpt lat="35.693391" lon="139.700363">
        <name>1:01:15</name>
      </trkpt>
      <trkpt lat="35.693350" lon="139.700366">
        <name>1:01:16</name>
      </trkpt>
      <trkpt lat="35.693281" lon="139.700379">
        <name>1:01:17</name>
      </trkpt>
      <trkpt lat="35.693186" lon="139.700402">
        <name>1:01:18</name>
      </trkpt>
      <trkpt lat="35.692956" lon="139.700460">
        <name>1:01:19</name>
      </trkpt>
      <trkpt lat="35.692926" lon="139.700469">
        <name>1:01:20</name>
      </trkpt>
      <trkpt lat="35.692898" lon="139.700478">
        <name>1:01:21</name>
      </trkpt>
      <trkpt lat="35.692866" lon="139.700489">
        <name>1:01:22</name>
      </trkpt>
      <trkpt lat="35.692758" lon="139.700539">
        <name>1:01:23</name>
      </trkpt>
      <trkpt lat="35.692718" lon="139.700557">
        <name>1:01:24</name>
      </trkpt>
      <trkpt lat="35.692681" lon="139.700577">
        <name>1:01:25</name>
      </trkpt>
      <trkpt lat="35.692645" lon="139.700600">
        <name>1:01:26</name>
      </trkpt>
      <trkpt lat="35.692612" lon="139.700629">
        <name>1:01:27</name>
      </trkpt>
      <trkpt lat="35.692586" lon="139.700657">
        <name>1:01:28</name>
      </trkpt>
      <trkpt lat="35.692562" lon="139.700686">
        <name>1:01:29</name>
      </trkpt>
      <trkpt lat="35.692549" lon="139.700707">
        <name>1:01:30</name>
      </trkpt>
      <trkpt lat="35.692539" lon="139.700727">
        <name>1:01:31</name>
      </trkpt>
      <trkpt lat="35.692527" lon="139.700752">
        <name>1:01:32</name>
      </trkpt>
      <trkpt lat="35.692461" lon="139.700832">
        <name>1:01:33</name>
      </trkpt>
      <trkpt lat="35.692439" lon="139.700932">
        <name>1:01:34</name>
      </trkpt>
      <trkpt lat="35.692428" lon="139.700984">
        <name>1:01:35</name>
      </trkpt>
      <trkpt lat="35.692292" lon="139.701616">
        <name>1:01:36</name>
      </trkpt>
      <trkpt lat="35.692281" lon="139.701665">
        <name>1:01:37</name>
      </trkpt>
      <trkpt lat="35.692251" lon="139.701771">
        <name>1:01:38</name>
      </trkpt>
      <trkpt lat="35.692228" lon="139.701759">
        <name>1:01:39</name>
      </trkpt>
      <trkpt lat="35.692133" lon="139.701710">
        <name>1:01:40</name>
      </trkpt>
      <trkpt lat="35.692090" lon="139.701686">
        <name>1:01:41</name>
      </trkpt>
      <trkpt lat="35.691909" lon="139.701582">
        <name>1:01:42</name>
      </trkpt>
      <trkpt lat="35.691889" lon="139.701572">
        <name>1:01:43</name>
      </trkpt>
      <trkpt lat="35.691860" lon="139.701560">
        <name>1:01:44</name>
      </trkpt>
      <trkpt lat="35.691841" lon="139.701554">
        <name>1:01:45</name>
      </trkpt>
      <trkpt lat="35.691819" lon="139.701548">
        <name>1:01:46</name>
      </trkpt>
      <trkpt lat="35.691791" lon="139.701543">
        <name>1:01:47</name>
      </trkpt>
      <trkpt lat="35.691770" lon="139.701542">
        <name>1:01:48</name>
      </trkpt>
      <trkpt lat="35.691752" lon="139.701543">
        <name>1:01:49</name>
      </trkpt>
      <trkpt lat="35.691479" lon="139.701578">
        <name>1:01:50</name>
      </trkpt>
      <trkpt lat="35.691384" lon="139.701591">
        <name>1:01:51</name>
      </trkpt>
      <trkpt lat="35.691358" lon="139.701613">
        <name>1:01:52</name>
      </trkpt>
      <trkpt lat="35.691289" lon="139.701625">
        <name>1:01:53</name>
      </trkpt>
      <trkpt lat="35.691251" lon="139.701630">
        <name>1:01:54</name>
      </trkpt>
      <trkpt lat="35.691206" lon="139.701636">
        <name>1:01:55</name>
      </trkpt>
      <trkpt lat="35.691141" lon="139.701634">
        <name>1:01:56</name>
      </trkpt>
      <trkpt lat="35.690963" lon="139.701658">
        <name>1:01:57</name>
      </trkpt>
      <trkpt lat="35.690904" lon="139.701665">
        <name>1:01:58</name>
      </trkpt>
      <trkpt lat="35.690862" lon="139.701671">
        <name>1:01:59</name>
      </trkpt>
      <trkpt lat="35.690838" lon="139.701672">
        <name>1:02:00</name>
      </trkpt>
      <trkpt lat="35.690817" lon="139.701664">
        <name>1:02:01</name>
      </trkpt>
      <trkpt lat="35.690791" lon="139.701630">
        <name>1:02:02</name>
      </trkpt>
      <trkpt lat="35.690721" lon="139.701487">
        <name>1:02:03</name>
      </trkpt>
      <trkpt lat="35.690703" lon="139.701417">
        <name>1:02:04</name>
      </trkpt>
      <trkpt lat="35.690697" lon="139.701395">
        <name>1:02:05</name>
      </trkpt>
      <trkpt lat="35.690686" lon="139.701178">
        <name>1:02:06</name>
      </trkpt>
      <trkpt lat="35.690665" lon="139.701169">
        <name>1:02:07</name>
      </trkpt>
      <trkpt lat="35.690381" lon="139.701163">
        <name>1:02:08</name>
      </trkpt>
      <trkpt lat="35.690109" lon="139.701234">
        <name>1:02:09</name>
      </trkpt>
      <trkpt lat="35.690109" lon="139.701234">
        <name>1:02:10</name>
      </trkpt>
      <trkpt lat="35.690109" lon="139.701234">
        <name>1:02:11</name>
      </trkpt>
      <trkpt lat="35.690109" lon="139.701234">
        <name>1:02:12</name>
      </trkpt>
      <trkpt lat="35.689742" lon="139.701329">
        <name>1:02:13</name>
      </trkpt>
      <trkpt lat="35.689710" lon="139.701395">
        <name>1:02:14</name>
      </trkpt>
      <trkpt lat="35.689718" lon="139.701499">
        <name>1:02:15</name>
      </trkpt>
      <trkpt lat="35.689761" lon="139.701751">
        <name>1:02:16</name>
      </trkpt>
      <trkpt lat="35.689780" lon="139.701812">
        <name>1:02:17</name>
      </trkpt>
      <trkpt lat="35.689800" lon="139.701881">
        <name>1:02:18</name>
      </trkpt>
      <trkpt lat="35.689765" lon="139.701911">
        <name>1:02:19</name>
      </trkpt>
      <trkpt lat="35.689730" lon="139.701948">
        <name>1:02:20</name>
      </trkpt>
      <trkpt lat="35.689689" lon="139.701993">
        <name>1:02:21</name>
      </trkpt>
      <trkpt lat="35.689588" lon="139.702098">
        <name>1:02:22</name>
      </trkpt>
      <trkpt lat="35.689603" lon="139.702168">
        <name>1:02:23</name>
      </trkpt>
      <trkpt lat="35.689708" lon="139.702626">
        <name>1:02:24</name>
      </trkpt>
      <trkpt lat="35.689795" lon="139.703133">
        <name>1:02:25</name>
      </trkpt>
      <trkpt lat="35.689811" lon="139.703229">
        <name>1:02:26</name>
      </trkpt>
      <trkpt lat="35.689769" lon="139.703274">
        <name>1:02:27</name>
      </trkpt>
      <trkpt lat="35.689749" lon="139.703322">
        <name>1:02:28</name>
      </trkpt>
      <trkpt lat="35.689741" lon="139.703369">
        <name>1:02:29</name>
      </trkpt>
      <trkpt lat="35.689735" lon="139.703422">
        <name>1:02:30</name>
      </trkpt>
      <trkpt lat="35.689766" lon="139.703641">
        <name>1:02:31</name>
      </trkpt>
      <trkpt lat="35.689802" lon="139.703923">
        <name>1:02:32</name>
      </trkpt>
      <trkpt lat="35.689811" lon="139.703991">
        <name>1:02:33</name>
      </trkpt>
      <trkpt lat="35.689825" lon="139.704126">
        <name>1:02:34</name>
      </trkpt>
      <trkpt lat="35.689982" lon="139.704223">
        <name>1:02:35</name>
      </trkpt>
      <trkpt lat="35.690320" lon="139.704455">
        <name>1:02:36</name>
      </trkpt>
      <trkpt lat="35.690461" lon="139.704549">
        <name>1:02:37</name>
      </trkpt>
      <trkpt lat="35.690741" lon="139.704744">
        <name>1:02:38</name>
      </trkpt>
      <trkpt lat="35.690884" lon="139.704836">
        <name>1:02:39</name>
      </trkpt>
      <trkpt lat="35.691052" lon="139.704943">
        <name>1:02:40</name>
      </trkpt>
      <trkpt lat="35.691354" lon="139.705119">
        <name>1:02:41</name>
      </trkpt>
      <trkpt lat="35.691536" lon="139.705241">
        <name>1:02:42</name>
      </trkpt>
      <trkpt lat="35.691766" lon="139.705377">
        <name>1:02:43</name>
      </trkpt>
      <trkpt lat="35.691810" lon="139.705402">
        <name>1:02:44</name>
      </trkpt>
      <trkpt lat="35.691872" lon="139.705440">
        <name>1:02:45</name>
      </trkpt>
      <trkpt lat="35.692197" lon="139.705635">
        <name>1:02:46</name>
      </trkpt>
      <trkpt lat="35.692245" lon="139.705663">
        <name>1:02:47</name>
      </trkpt>
      <trkpt lat="35.692388" lon="139.705747">
        <name>1:02:48</name>
      </trkpt>
      <trkpt lat="35.692430" lon="139.705557">
        <name>1:02:49</name>
      </trkpt>
      <trkpt lat="35.692441" lon="139.705516">
        <name>1:02:50</name>
      </trkpt>
      <trkpt lat="35.692452" lon="139.705473">
        <name>1:02:51</name>
      </trkpt>
      <trkpt lat="35.692534" lon="139.705160">
        <name>1:02:52</name>
      </trkpt>
      <trkpt lat="35.692708" lon="139.704533">
        <name>1:02:53</name>
      </trkpt>
      <trkpt lat="35.692778" lon="139.704288">
        <name>1:02:54</name>
      </trkpt>
      <trkpt lat="35.692836" lon="139.704078">
        <name>1:02:55</name>
      </trkpt>
      <trkpt lat="35.692931" lon="139.703745">
        <name>1:02:56</name>
      </trkpt>
      <trkpt lat="35.692950" lon="139.703680">
        <name>1:02:57</name>
      </trkpt>
      <trkpt lat="35.692997" lon="139.703512">
        <name>1:02:58</name>
      </trkpt>
      <trkpt lat="35.693021" lon="139.703427">
        <name>1:02:59</name>
      </trkpt>
      <trkpt lat="35.693141" lon="139.703482">
        <name>1:03:00</name>
      </trkpt>
      <trkpt lat="35.693246" lon="139.703529">
        <name>1:03:01</name>
      </trkpt>
      <trkpt lat="35.693315" lon="139.703561">
        <name>1:03:02</name>
      </trkpt>
      <trkpt lat="35.693462" lon="139.703629">
        <name>1:03:03</name>
      </trkpt>
      <trkpt lat="35.693540" lon="139.703666">
        <name>1:03:04</name>
      </trkpt>
      <trkpt lat="35.693897" lon="139.703832">
        <name>1:03:05</name>
      </trkpt>
      <trkpt lat="35.694197" lon="139.703962">
        <name>1:03:06</name>
      </trkpt>
      <trkpt lat="35.694863" lon="139.704266">
        <name>1:03:07</name>
      </trkpt>
      <trkpt lat="35.694973" lon="139.704310">
        <name>1:03:08</name>
      </trkpt>
      <trkpt lat="35.694975" lon="139.704217">
        <name>1:03:09</name>
      </trkpt>
      <trkpt lat="35.695011" lon="139.704058">
        <name>1:03:10</name>
      </trkpt>
      <trkpt lat="35.695038" lon="139.703944">
        <name>1:03:11</name>
      </trkpt>
      <trkpt lat="35.695098" lon="139.703687">
        <name>1:03:12</name>
      </trkpt>
      <trkpt lat="35.695124" lon="139.703577">
        <name>1:03:13</name>
      </trkpt>
      <trkpt lat="35.695166" lon="139.703407">
        <name>1:03:14</name>
      </trkpt>
      <trkpt lat="35.695183" lon="139.703364">
        <name>1:03:15</name>
      </trkpt>
      <trkpt lat="35.695220" lon="139.703375">
        <name>1:03:16</name>
      </trkpt>
      <trkpt lat="35.695290" lon="139.703395">
        <name>1:03:17</name>
      </trkpt>
      <trkpt lat="35.695508" lon="139.703458">
        <name>1:03:18</name>
      </trkpt>
      <trkpt lat="35.695508" lon="139.703458">
        <name>1:03:19</name>
      </trkpt>
      <trkpt lat="35.695640" lon="139.703496">
        <name>1:03:20</name>
      </trkpt>
      <trkpt lat="35.695961" lon="139.703571">
        <name>1:03:21</name>
      </trkpt>
      <trkpt lat="35.695845" lon="139.704202">
        <name>1:03:22</name>
      </trkpt>
      <trkpt lat="35.695797" lon="139.704458">
        <name>1:03:23</name>
      </trkpt>
      <trkpt lat="35.695785" lon="139.704525">
        <name>1:03:24</name>
      </trkpt>
      <trkpt lat="35.695037" lon="139.704332">
        <name>1:03:25</name>
      </trkpt>
      <trkpt lat="35.694973" lon="139.704310">
        <name>1:03:26</name>
      </trkpt>
      <trkpt lat="35.694863" lon="139.704266">
        <name>1:03:27</name>
      </trkpt>
      <trkpt lat="35.694197" lon="139.703962">
        <name>1:03:28</name>
      </trkpt>
      <trkpt lat="35.693897" lon="139.703832">
        <name>1:03:29</name>
      </trkpt>
      <trkpt lat="35.693540" lon="139.703666">
        <name>1:03:30</name>
      </trkpt>
      <trkpt lat="35.693462" lon="139.703629">
        <name>1:03:31</name>
      </trkpt>
      <trkpt lat="35.693315" lon="139.703561">
        <name>1:03:32</name>
      </trkpt>
      <trkpt lat="35.693246" lon="139.703529">
        <name>1:03:33</name>
      </trkpt>
      <trkpt lat="35.693141" lon="139.703482">
        <name>1:03:34</name>
      </trkpt>
      <trkpt lat="35.693021" lon="139.703427">
        <name>1:03:35</name>
      </trkpt>
      <trkpt lat="35.693054" lon="139.703311">
        <name>1:03:36</name>
      </trkpt>
      <trkpt lat="35.693066" lon="139.703265">
        <name>1:03:37</name>
      </trkpt>
      <trkpt lat="35.693196" lon="139.702808">
        <name>1:03:38</name>
      </trkpt>
      <trkpt lat="35.693224" lon="139.702686">
        <name>1:03:39</name>
      </trkpt>
      <trkpt lat="35.693290" lon="139.702404">
        <name>1:03:40</name>
      </trkpt>
      <trkpt lat="35.693308" lon="139.702326">
        <name>1:03:41</name>
      </trkpt>
      <trkpt lat="35.693326" lon="139.702246">
        <name>1:03:42</name>
      </trkpt>
      <trkpt lat="35.693453" lon="139.701673">
        <name>1:03:43</name>
      </trkpt>
      <trkpt lat="35.693473" lon="139.701582">
        <name>1:03:44</name>
      </trkpt>
      <trkpt lat="35.693493" lon="139.701491">
        <name>1:03:45</name>
      </trkpt>
      <trkpt lat="35.693518" lon="139.701379">
        <name>1:03:46</name>
      </trkpt>
      <trkpt lat="35.693528" lon="139.701329">
        <name>1:03:47</name>
      </trkpt>
      <trkpt lat="35.693598" lon="139.700967">
        <name>1:03:48</name>
      </trkpt>
      <trkpt lat="35.693609" lon="139.700904">
        <name>1:03:49</name>
      </trkpt>
      <trkpt lat="35.693618" lon="139.700846">
        <name>1:03:50</name>
      </trkpt>
      <trkpt lat="35.693624" lon="139.700799">
        <name>1:03:51</name>
      </trkpt>
      <trkpt lat="35.693625" lon="139.700754">
        <name>1:03:52</name>
      </trkpt>
      <trkpt lat="35.693624" lon="139.700713">
        <name>1:03:53</name>
      </trkpt>
      <trkpt lat="35.693619" lon="139.700669">
        <name>1:03:54</name>
      </trkpt>
      <trkpt lat="35.693600" lon="139.700587">
        <name>1:03:55</name>
      </trkpt>
      <trkpt lat="35.693554" lon="139.700405">
        <name>1:03:56</name>
      </trkpt>
      <trkpt lat="35.693489" lon="139.700380">
        <name>1:03:57</name>
      </trkpt>
      <trkpt lat="35.693438" lon="139.700366">
        <name>1:03:58</name>
      </trkpt>
      <trkpt lat="35.693391" lon="139.700363">
        <name>1:03:59</name>
      </trkpt>
      <trkpt lat="35.693350" lon="139.700366">
        <name>1:04:00</name>
      </trkpt>
      <trkpt lat="35.693281" lon="139.700379">
        <name>1:04:01</name>
      </trkpt>
      <trkpt lat="35.693186" lon="139.700402">
        <name>1:04:02</name>
      </trkpt>
      <trkpt lat="35.692956" lon="139.700460">
        <name>1:04:03</name>
      </trkpt>
      <trkpt lat="35.692926" lon="139.700469">
        <name>1:04:04</name>
      </trkpt>
      <trkpt lat="35.692898" lon="139.700478">
        <name>1:04:05</name>
      </trkpt>
      <trkpt lat="35.692866" lon="139.700489">
        <name>1:04:06</name>
      </trkpt>
      <trkpt lat="35.692758" lon="139.700539">
        <name>1:04:07</name>
      </trkpt>
      <trkpt lat="35.692718" lon="139.700557">
        <name>1:04:08</name>
      </trkpt>
      <trkpt lat="35.692681" lon="139.700577">
        <name>1:04:09</name>
      </trkpt>
      <trkpt lat="35.692645" lon="139.700600">
        <name>1:04:10</name>
      </trkpt>
      <trkpt lat="35.692612" lon="139.700629">
        <name>1:04:11</name>
      </trkpt>
      <trkpt lat="35.692586" lon="139.700657">
        <name>1:04:12</name>
      </trkpt>
      <trkpt lat="35.692562" lon="139.700686">
        <name>1:04:13</name>
      </trkpt>
      <trkpt lat="35.692549" lon="139.700707">
        <name>1:04:14</name>
      </trkpt>
      <trkpt lat="35.692539" lon="139.700727">
        <name>1:04:15</name>
      </trkpt>
      <trkpt lat="35.692527" lon="139.700752">
        <name>1:04:16</name>
      </trkpt>
      <trkpt lat="35.692461" lon="139.700832">
        <name>1:04:17</name>
      </trkpt>
      <trkpt lat="35.692439" lon="139.700932">
        <name>1:04:18</name>
      </trkpt>
      <trkpt lat="35.692428" lon="139.700984">
        <name>1:04:19</name>
      </trkpt>
      <trkpt lat="35.692292" lon="139.701616">
        <name>1:04:20</name>
      </trkpt>
      <trkpt lat="35.692281" lon="139.701665">
        <name>1:04:21</name>
      </trkpt>
      <trkpt lat="35.692251" lon="139.701771">
        <name>1:04:22</name>
      </trkpt>
      <trkpt lat="35.692228" lon="139.701759">
        <name>1:04:23</name>
      </trkpt>
      <trkpt lat="35.692133" lon="139.701710">
        <name>1:04:24</name>
      </trkpt>
      <trkpt lat="35.692090" lon="139.701686">
        <name>1:04:25</name>
      </trkpt>
      <trkpt lat="35.691909" lon="139.701582">
        <name>1:04:26</name>
      </trkpt>
      <trkpt lat="35.691889" lon="139.701572">
        <name>1:04:27</name>
      </trkpt>
      <trkpt lat="35.691860" lon="139.701560">
        <name>1:04:28</name>
      </trkpt>
      <trkpt lat="35.691841" lon="139.701554">
        <name>1:04:29</name>
      </trkpt>
      <trkpt lat="35.691819" lon="139.701548">
        <name>1:04:30</name>
      </trkpt>
      <trkpt lat="35.691791" lon="139.701543">
        <name>1:04:31</name>
      </trkpt>
      <trkpt lat="35.691770" lon="139.701542">
        <name>1:04:32</name>
      </trkpt>
      <trkpt lat="35.691752" lon="139.701543">
        <name>1:04:33</name>
      </trkpt>
      <trkpt lat="35.691479" lon="139.701578">
        <name>1:04:34</name>
      </trkpt>
      <trkpt lat="35.691384" lon="139.701591">
        <name>1:04:35</name>
      </trkpt>
      <trkpt lat="35.691358" lon="139.701613">
        <name>1:04:36</name>
      </trkpt>
      <trkpt lat="35.691289" lon="139.701625">
        <name>1:04:37</name>
      </trkpt>
      <trkpt lat="35.691251" lon="139.701630">
        <name>1:04:38</name>
      </trkpt>
      <trkpt lat="35.691206" lon="139.701636">
        <name>1:04:39</name>
      </trkpt>
      <trkpt lat="35.691141" lon="139.701634">
        <name>1:04:40</name>
      </trkpt>
      <trkpt lat="35.690963" lon="139.701658">
        <name>1:04:41</name>
      </trkpt>
      <trkpt lat="35.690904" lon="139.701665">
        <name>1:04:42</name>
      </trkpt>
      <trkpt lat="35.690862" lon="139.701671">
        <name>1:04:43</name>
      </trkpt>
      <trkpt lat="35.690838" lon="139.701672">
        <name>1:04:44</name>
      </trkpt>
      <trkpt lat="35.690817" lon="139.701664">
        <name>1:04:45</name>
      </trkpt>
      <trkpt lat="35.690791" lon="139.701630">
        <name>1:04:46</name>
      </trkpt>
      <trkpt lat="35.690721" lon="139.701487">
        <name>1:04:47</name>
      </trkpt>
      <trkpt lat="35.690666" lon="139.701511">
        <name>1:04:48</name>
      </trkpt>
      <trkpt lat="35.689831" lon="139.701868">
        <name>1:04:49</name>
      </trkpt>
      <trkpt lat="35.689800" lon="139.701881">
        <name>1:04:50</name>
      </trkpt>
      <trkpt lat="35.689765" lon="139.701911">
        <name>1:04:51</name>
      </trkpt>
      <trkpt lat="35.689730" lon="139.701948">
        <name>1:04:52</name>
      </trkpt>
      <trkpt lat="35.689707" lon="139.701973">
        <name>1:04:53</name>
      </trkpt>
      <trkpt lat="35.689707" lon="139.701973">
        <name>1:04:54</name>
      </trkpt>
      <trkpt lat="35.689689" lon="139.701993">
        <name>1:04:55</name>
      </trkpt>
      <trkpt lat="35.689588" lon="139.702098">
        <name>1:04:56</name>
      </trkpt>
      <trkpt lat="35.689603" lon="139.702168">
        <name>1:04:57</name>
      </trkpt>
      <trkpt lat="35.689708" lon="139.702626">
        <name>1:04:58</name>
      </trkpt>
      <trkpt lat="35.689795" lon="139.703133">
        <name>1:04:59</name>
      </trkpt>
      <trkpt lat="35.689811" lon="139.703229">
        <name>1:05:00</name>
      </trkpt>
      <trkpt lat="35.689769" lon="139.703274">
        <name>1:05:01</name>
      </trkpt>
      <trkpt lat="35.689749" lon="139.703322">
        <name>1:05:02</name>
      </trkpt>
      <trkpt lat="35.689741" lon="139.703369">
        <name>1:05:03</name>
      </trkpt>
      <trkpt lat="35.689735" lon="139.703422">
        <name>1:05:04</name>
      </trkpt>
      <trkpt lat="35.689766" lon="139.703641">
        <name>1:05:05</name>
      </trkpt>
      <trkpt lat="35.689802" lon="139.703923">
        <name>1:05:06</name>
      </trkpt>
      <trkpt lat="35.689811" lon="139.703991">
        <name>1:05:07</name>
      </trkpt>
      <trkpt lat="35.689825" lon="139.704126">
        <name>1:05:08</name>
      </trkpt>
      <trkpt lat="35.689982" lon="139.704223">
        <name>1:05:09</name>
      </trkpt>
      <trkpt lat="35.690320" lon="139.704455">
        <name>1:05:10</name>
      </trkpt>
      <trkpt lat="35.690461" lon="139.704549">
        <name>1:05:11</name>
      </trkpt>
      <trkpt lat="35.690741" lon="139.704744">
        <name>1:05:12</name>
      </trkpt>
      <trkpt lat="35.690884" lon="139.704836">
        <name>1:05:13</name>
      </trkpt>
      <trkpt lat="35.691052" lon="139.704943">
        <name>1:05:14</name>
      </trkpt>
      <trkpt lat="35.691354" lon="139.705119">
        <name>1:05:15</name>
      </trkpt>
      <trkpt lat="35.691536" lon="139.705241">
        <name>1:05:16</name>
      </trkpt>
      <trkpt lat="35.691766" lon="139.705377">
        <name>1:05:17</name>
      </trkpt>
      <trkpt lat="35.691810" lon="139.705402">
        <name>1:05:18</name>
      </trkpt>
      <trkpt lat="35.691872" lon="139.705440">
        <name>1:05:19</name>
      </trkpt>
      <trkpt lat="35.692197" lon="139.705635">
        <name>1:05:20</name>
      </trkpt>
      <trkpt lat="35.692245" lon="139.705663">
        <name>1:05:21</name>
      </trkpt>
      <trkpt lat="35.692388" lon="139.705747">
        <name>1:05:22</name>
      </trkpt>
      <trkpt lat="35.692430" lon="139.705557">
        <name>1:05:23</name>
      </trkpt>
      <trkpt lat="35.692441" lon="139.705516">
        <name>1:05:24</name>
      </trkpt>
      <trkpt lat="35.692452" lon="139.705473">
        <name>1:05:25</name>
      </trkpt>
      <trkpt lat="35.692534" lon="139.705160">
        <name>1:05:26</name>
      </trkpt>
      <trkpt lat="35.692708" lon="139.704533">
        <name>1:05:27</name>
      </trkpt>
      <trkpt lat="35.692778" lon="139.704288">
        <name>1:05:28</name>
      </trkpt>
      <trkpt lat="35.692836" lon="139.704078">
        <name>1:05:29</name>
      </trkpt>
      <trkpt lat="35.692931" lon="139.703745">
        <name>1:05:30</name>
      </trkpt>
      <trkpt lat="35.692950" lon="139.703680">
        <name>1:05:31</name>
      </trkpt>
      <trkpt lat="35.692997" lon="139.703512">
        <name>1:05:32</name>
      </trkpt>
      <trkpt lat="35.693021" lon="139.703427">
        <name>1:05:33</name>
      </trkpt>
      <trkpt lat="35.693141" lon="139.703482">
        <name>1:05:34</name>
      </trkpt>
      <trkpt lat="35.693246" lon="139.703529">
        <name>1:05:35</name>
      </trkpt>
      <trkpt lat="35.693315" lon="139.703561">
        <name>1:05:36</name>
      </trkpt>
      <trkpt lat="35.693462" lon="139.703629">
        <name>1:05:37</name>
      </trkpt>
      <trkpt lat="35.693540" lon="139.703666">
        <name>1:05:38</name>
      </trkpt>
      <trkpt lat="35.693897" lon="139.703832">
        <name>1:05:39</name>
      </trkpt>
      <trkpt lat="35.694197" lon="139.703962">
        <name>1:05:40</name>
      </trkpt>
      <trkpt lat="35.694863" lon="139.704266">
        <name>1:05:41</name>
      </trkpt>
      <trkpt lat="35.694973" lon="139.704310">
        <name>1:05:42</name>
      </trkpt>
      <trkpt lat="35.694975" lon="139.704217">
        <name>1:05:43</name>
      </trkpt>
      <trkpt lat="35.695011" lon="139.704058">
        <name>1:05:44</name>
      </trkpt>
      <trkpt lat="35.695038" lon="139.703944">
        <name>1:05:45</name>
      </trkpt>
      <trkpt lat="35.695098" lon="139.703687">
        <name>1:05:46</name>
      </trkpt>
      <trkpt lat="35.695124" lon="139.703577">
        <name>1:05:47</name>
      </trkpt>
      <trkpt lat="35.695166" lon="139.703407">
        <name>1:05:48</name>
      </trkpt>
      <trkpt lat="35.695183" lon="139.703364">
        <name>1:05:49</name>
      </trkpt>
      <trkpt lat="35.695220" lon="139.703375">
        <name>1:05:50</name>
      </trkpt>
      <trkpt lat="35.695290" lon="139.703395">
        <name>1:05:51</name>
      </trkpt>
      <trkpt lat="35.695281" lon="139.703442">
        <name>1:05:52</name>
      </trkpt>
      <trkpt lat="35.695271" lon="139.703491">
        <name>1:05:53</name>
      </trkpt>
      <trkpt lat="35.695271" lon="139.703491">
        <name>1:05:54</name>
      </trkpt>
      <trkpt lat="35.695281" lon="139.703442">
        <name>1:05:55</name>
      </trkpt>
      <trkpt lat="35.695290" lon="139.703395">
        <name>1:05:56</name>
      </trkpt>
      <trkpt lat="35.695640" lon="139.703496">
        <name>1:05:57</name>
      </trkpt>
      <trkpt lat="35.695961" lon="139.703571">
        <name>1:05:58</name>
      </trkpt>
      <trkpt lat="35.695845" lon="139.704202">
        <name>1:05:59</name>
      </trkpt>
      <trkpt lat="35.695797" lon="139.704458">
        <name>1:06:00</name>
      </trkpt>
      <trkpt lat="35.695785" lon="139.704525">
        <name>1:06:01</name>
      </trkpt>
      <trkpt lat="35.695037" lon="139.704332">
        <name>1:06:02</name>
      </trkpt>
      <trkpt lat="35.694973" lon="139.704310">
        <name>1:06:03</name>
      </trkpt>
      <trkpt lat="35.694863" lon="139.704266">
        <name>1:06:04</name>
      </trkpt>
      <trkpt lat="35.694197" lon="139.703962">
        <name>1:06:05</name>
      </trkpt>
      <trkpt lat="35.693897" lon="139.703832">
        <name>1:06:06</name>
      </trkpt>
      <trkpt lat="35.693540" lon="139.703666">
        <name>1:06:07</name>
      </trkpt>
      <trkpt lat="35.693462" lon="139.703629">
        <name>1:06:08</name>
      </trkpt>
      <trkpt lat="35.693315" lon="139.703561">
        <name>1:06:09</name>
      </trkpt>
      <trkpt lat="35.693246" lon="139.703529">
        <name>1:06:10</name>
      </trkpt>
      <trkpt lat="35.693141" lon="139.703482">
        <name>1:06:11</name>
      </trkpt>
      <trkpt lat="35.693021" lon="139.703427">
        <name>1:06:12</name>
      </trkpt>
      <trkpt lat="35.693054" lon="139.703311">
        <name>1:06:13</name>
      </trkpt>
      <trkpt lat="35.693066" lon="139.703265">
        <name>1:06:14</name>
      </trkpt>
      <trkpt lat="35.693196" lon="139.702808">
        <name>1:06:15</name>
      </trkpt>
      <trkpt lat="35.693224" lon="139.702686">
        <name>1:06:16</name>
      </trkpt>
      <trkpt lat="35.693290" lon="139.702404">
        <name>1:06:17</name>
      </trkpt>
      <trkpt lat="35.693308" lon="139.702326">
        <name>1:06:18</name>
      </trkpt>
      <trkpt lat="35.693326" lon="139.702246">
        <name>1:06:19</name>
      </trkpt>
      <trkpt lat="35.693453" lon="139.701673">
        <name>1:06:20</name>
      </trkpt>
      <trkpt lat="35.693473" lon="139.701582">
        <name>1:06:21</name>
      </trkpt>
      <trkpt lat="35.693493" lon="139.701491">
        <name>1:06:22</name>
      </trkpt>
      <trkpt lat="35.693518" lon="139.701379">
        <name>1:06:23</name>
      </trkpt>
      <trkpt lat="35.693528" lon="139.701329">
        <name>1:06:24</name>
      </trkpt>
      <trkpt lat="35.693598" lon="139.700967">
        <name>1:06:25</name>
      </trkpt>
      <trkpt lat="35.693609" lon="139.700904">
        <name>1:06:26</name>
      </trkpt>
      <trkpt lat="35.693618" lon="139.700846">
        <name>1:06:27</name>
      </trkpt>
      <trkpt lat="35.693624" lon="139.700799">
        <name>1:06:28</name>
      </trkpt>
      <trkpt lat="35.693625" lon="139.700754">
        <name>1:06:29</name>
      </trkpt>
      <trkpt lat="35.693624" lon="139.700713">
        <name>1:06:30</name>
      </trkpt>
      <trkpt lat="35.693619" lon="139.700669">
        <name>1:06:31</name>
      </trkpt>
      <trkpt lat="35.693600" lon="139.700587">
        <name>1:06:32</name>
      </trkpt>
      <trkpt lat="35.693554" lon="139.700405">
        <name>1:06:33</name>
      </trkpt>
      <trkpt lat="35.693489" lon="139.700380">
        <name>1:06:34</name>
      </trkpt>
      <trkpt lat="35.693438" lon="139.700366">
        <name>1:06:35</name>
      </trkpt>
      <trkpt lat="35.693391" lon="139.700363">
        <name>1:06:36</name>
      </trkpt>
      <trkpt lat="35.693350" lon="139.700366">
        <name>1:06:37</name>
      </trkpt>
      <trkpt lat="35.693281" lon="139.700379">
        <name>1:06:38</name>
      </trkpt>
      <trkpt lat="35.693186" lon="139.700402">
        <name>1:06:39</name>
      </trkpt>
      <trkpt lat="35.692956" lon="139.700460">
        <name>1:06:40</name>
      </trkpt>
      <trkpt lat="35.692926" lon="139.700469">
        <name>1:06:41</name>
      </trkpt>
      <trkpt lat="35.692898" lon="139.700478">
        <name>1:06:42</name>
      </trkpt>
      <trkpt lat="35.692866" lon="139.700489">
        <name>1:06:43</name>
      </trkpt>
      <trkpt lat="35.692758" lon="139.700539">
        <name>1:06:44</name>
      </trkpt>
      <trkpt lat="35.692718" lon="139.700557">
        <name>1:06:45</name>
      </trkpt>
      <trkpt lat="35.692681" lon="139.700577">
        <name>1:06:46</name>
      </trkpt>
      <trkpt lat="35.692645" lon="139.700600">
        <name>1:06:47</name>
      </trkpt>
      <trkpt lat="35.692612" lon="139.700629">
        <name>1:06:48</name>
      </trkpt>
      <trkpt lat="35.692586" lon="139.700657">
        <name>1:06:49</name>
      </trkpt>
      <trkpt lat="35.692562" lon="139.700686">
        <name>1:06:50</name>
      </trkpt>
      <trkpt lat="35.692549" lon="139.700707">
        <name>1:06:51</name>
      </trkpt>
      <trkpt lat="35.692539" lon="139.700727">
        <name>1:06:52</name>
      </trkpt>
      <trkpt lat="35.692527" lon="139.700752">
        <name>1:06:53</name>
      </trkpt>
      <trkpt lat="35.692461" lon="139.700832">
        <name>1:06:54</name>
      </trkpt>
      <trkpt lat="35.692439" lon="139.700932">
        <name>1:06:55</name>
      </trkpt>
      <trkpt lat="35.692428" lon="139.700984">
        <name>1:06:56</name>
      </trkpt>
      <trkpt lat="35.692292" lon="139.701616">
        <name>1:06:57</name>
      </trkpt>
      <trkpt lat="35.692281" lon="139.701665">
        <name>1:06:58</name>
      </trkpt>
      <trkpt lat="35.692251" lon="139.701771">
        <name>1:06:59</name>
      </trkpt>
      <trkpt lat="35.692228" lon="139.701759">
        <name>1:07:00</name>
      </trkpt>
      <trkpt lat="35.692133" lon="139.701710">
        <name>1:07:01</name>
      </trkpt>
      <trkpt lat="35.692090" lon="139.701686">
        <name>1:07:02</name>
      </trkpt>
      <trkpt lat="35.691909" lon="139.701582">
        <name>1:07:03</name>
      </trkpt>
      <trkpt lat="35.691889" lon="139.701572">
        <name>1:07:04</name>
      </trkpt>
      <trkpt lat="35.691860" lon="139.701560">
        <name>1:07:05</name>
      </trkpt>
      <trkpt lat="35.691841" lon="139.701554">
        <name>1:07:06</name>
      </trkpt>
      <trkpt lat="35.691819" lon="139.701548">
        <name>1:07:07</name>
      </trkpt>
      <trkpt lat="35.691791" lon="139.701543">
        <name>1:07:08</name>
      </trkpt>
      <trkpt lat="35.691770" lon="139.701542">
        <name>1:07:09</name>
      </trkpt>
      <trkpt lat="35.691752" lon="139.701543">
        <name>1:07:10</name>
      </trkpt>
      <trkpt lat="35.691479" lon="139.701578">
        <name>1:07:11</name>
      </trkpt>
      <trkpt lat="35.691384" lon="139.701591">
        <name>1:07:12</name>
      </trkpt>
      <trkpt lat="35.691358" lon="139.701613">
        <name>1:07:13</name>
      </trkpt>
      <trkpt lat="35.691289" lon="139.701625">
        <name>1:07:14</name>
      </trkpt>
      <trkpt lat="35.691251" lon="139.701630">
        <name>1:07:15</name>
      </trkpt>
      <trkpt lat="35.691206" lon="139.701636">
        <name>1:07:16</name>
      </trkpt>
      <trkpt lat="35.691141" lon="139.701634">
        <name>1:07:17</name>
      </trkpt>
      <trkpt lat="35.690963" lon="139.701658">
        <name>1:07:18</name>
      </trkpt>
      <trkpt lat="35.690904" lon="139.701665">
        <name>1:07:19</name>
      </trkpt>
      <trkpt lat="35.690862" lon="139.701671">
        <name>1:07:20</name>
      </trkpt>
      <trkpt lat="35.690838" lon="139.701672">
        <name>1:07:21</name>
      </trkpt>
      <trkpt lat="35.690817" lon="139.701664">
        <name>1:07:22</name>
      </trkpt>
      <trkpt lat="35.690791" lon="139.701630">
        <name>1:07:23</name>
      </trkpt>
      <trkpt lat="35.690721" lon="139.701487">
        <name>1:07:24</name>
      </trkpt>
      <trkpt lat="35.690666" lon="139.701511">
        <name>1:07:25</name>
      </trkpt>
      <trkpt lat="35.689831" lon="139.701868">
        <name>1:07:26</name>
      </trkpt>
      <trkpt lat="35.689800" lon="139.701881">
        <name>1:07:27</name>
      </trkpt>
      <trkpt lat="35.689765" lon="139.701911">
        <name>1:07:28</name>
      </trkpt>
      <trkpt lat="35.689730" lon="139.701948">
        <name>1:07:29</name>
      </trkpt>
      <trkpt lat="35.689689" lon="139.701993">
        <name>1:07:30</name>
      </trkpt>
      <trkpt lat="35.689672" lon="139.702011">
        <name>1:07:31</name>
      </trkpt>
      <trkpt lat="35.689672" lon="139.702011">
        <name>1:07:32</name>
      </trkpt>
      <trkpt lat="35.689654" lon="139.702030">
        <name>1:07:33</name>
      </trkpt>
      <trkpt lat="35.689654" lon="139.702030">
        <name>1:07:34</name>
      </trkpt>
      <trkpt lat="35.689588" lon="139.702098">
        <name>1:07:35</name>
      </trkpt>
      <trkpt lat="35.689603" lon="139.702168">
        <name>1:07:36</name>
      </trkpt>
      <trkpt lat="35.689708" lon="139.702626">
        <name>1:07:37</name>
      </trkpt>
      <trkpt lat="35.689795" lon="139.703133">
        <name>1:07:38</name>
      </trkpt>
      <trkpt lat="35.689811" lon="139.703229">
        <name>1:07:39</name>
      </trkpt>
      <trkpt lat="35.689769" lon="139.703274">
        <name>1:07:40</name>
      </trkpt>
      <trkpt lat="35.689749" lon="139.703322">
        <name>1:07:41</name>
      </trkpt>
      <trkpt lat="35.689741" lon="139.703369">
        <name>1:07:42</name>
      </trkpt>
      <trkpt lat="35.689735" lon="139.703422">
        <name>1:07:43</name>
      </trkpt>
      <trkpt lat="35.689766" lon="139.703641">
        <name>1:07:44</name>
      </trkpt>
      <trkpt lat="35.689802" lon="139.703923">
        <name>1:07:45</name>
      </trkpt>
      <trkpt lat="35.689811" lon="139.703991">
        <name>1:07:46</name>
      </trkpt>
      <trkpt lat="35.689825" lon="139.704126">
        <name>1:07:47</name>
      </trkpt>
      <trkpt lat="35.689982" lon="139.704223">
        <name>1:07:48</name>
      </trkpt>
      <trkpt lat="35.690320" lon="139.704455">
        <name>1:07:49</name>
      </trkpt>
      <trkpt lat="35.690461" lon="139.704549">
        <name>1:07:50</name>
      </trkpt>
      <trkpt lat="35.690741" lon="139.704744">
        <name>1:07:51</name>
      </trkpt>
      <trkpt lat="35.690884" lon="139.704836">
        <name>1:07:52</name>
      </trkpt>
      <trkpt lat="35.691052" lon="139.704943">
        <name>1:07:53</name>
      </trkpt>
      <trkpt lat="35.691354" lon="139.705119">
        <name>1:07:54</name>
      </trkpt>
      <trkpt lat="35.691536" lon="139.705241">
        <name>1:07:55</name>
      </trkpt>
      <trkpt lat="35.691766" lon="139.705377">
        <name>1:07:56</name>
      </trkpt>
      <trkpt lat="35.691810" lon="139.705402">
        <name>1:07:57</name>
      </trkpt>
      <trkpt lat="35.691872" lon="139.705440">
        <name>1:07:58</name>
      </trkpt>
      <trkpt lat="35.692197" lon="139.705635">
        <name>1:07:59</name>
      </trkpt>
      <trkpt lat="35.692245" lon="139.705663">
        <name>1:08:00</name>
      </trkpt>
      <trkpt lat="35.692388" lon="139.705747">
        <name>1:08:01</name>
      </trkpt>
      <trkpt lat="35.692430" lon="139.705557">
        <name>1:08:02</name>
      </trkpt>
      <trkpt lat="35.692441" lon="139.705516">
        <name>1:08:03</name>
      </trkpt>
      <trkpt lat="35.692452" lon="139.705473">
        <name>1:08:04</name>
      </trkpt>
      <trkpt lat="35.692534" lon="139.705160">
        <name>1:08:05</name>
      </trkpt>
      <trkpt lat="35.692708" lon="139.704533">
        <name>1:08:06</name>
      </trkpt>
      <trkpt lat="35.692778" lon="139.704288">
        <name>1:08:07</name>
      </trkpt>
      <trkpt lat="35.692836" lon="139.704078">
        <name>1:08:08</name>
      </trkpt>
      <trkpt lat="35.692931" lon="139.703745">
        <name>1:08:09</name>
      </trkpt>
      <trkpt lat="35.692950" lon="139.703680">
        <name>1:08:10</name>
      </trkpt>
      <trkpt lat="35.692997" lon="139.703512">
        <name>1:08:11</name>
      </trkpt>
      <trkpt lat="35.693021" lon="139.703427">
        <name>1:08:12</name>
      </trkpt>
      <trkpt lat="35.693141" lon="139.703482">
        <name>1:08:13</name>
      </trkpt>
      <trkpt lat="35.693246" lon="139.703529">
        <name>1:08:14</name>
      </trkpt>
      <trkpt lat="35.693315" lon="139.703561">
        <name>1:08:15</name>
      </trkpt>
      <trkpt lat="35.693462" lon="139.703629">
        <name>1:08:16</name>
      </trkpt>
      <trkpt lat="35.693540" lon="139.703666">
        <name>1:08:17</name>
      </trkpt>
      <trkpt lat="35.693750" lon="139.703764">
        <name>1:08:18</name>
      </trkpt>
      <trkpt lat="35.693750" lon="139.703764">
        <name>1:08:19</name>
      </trkpt>
      <trkpt lat="35.693540" lon="139.703666">
        <name>1:08:20</name>
      </trkpt>
      <trkpt lat="35.693462" lon="139.703629">
        <name>1:08:21</name>
      </trkpt>
      <trkpt lat="35.693315" lon="139.703561">
        <name>1:08:22</name>
      </trkpt>
      <trkpt lat="35.693246" lon="139.703529">
        <name>1:08:23</name>
      </trkpt>
      <trkpt lat="35.693141" lon="139.703482">
        <name>1:08:24</name>
      </trkpt>
      <trkpt lat="35.693021" lon="139.703427">
        <name>1:08:25</name>
      </trkpt>
      <trkpt lat="35.693054" lon="139.703311">
        <name>1:08:26</name>
      </trkpt>
      <trkpt lat="35.693066" lon="139.703265">
        <name>1:08:27</name>
      </trkpt>
      <trkpt lat="35.693196" lon="139.702808">
        <name>1:08:28</name>
      </trkpt>
      <trkpt lat="35.693224" lon="139.702686">
        <name>1:08:29</name>
      </trkpt>
      <trkpt lat="35.693290" lon="139.702404">
        <name>1:08:30</name>
      </trkpt>
      <trkpt lat="35.693308" lon="139.702326">
        <name>1:08:31</name>
      </trkpt>
      <trkpt lat="35.693326" lon="139.702246">
        <name>1:08:32</name>
      </trkpt>
      <trkpt lat="35.693453" lon="139.701673">
        <name>1:08:33</name>
      </trkpt>
      <trkpt lat="35.693473" lon="139.701582">
        <name>1:08:34</name>
      </trkpt>
      <trkpt lat="35.693493" lon="139.701491">
        <name>1:08:35</name>
      </trkpt>
      <trkpt lat="35.693518" lon="139.701379">
        <name>1:08:36</name>
      </trkpt>
      <trkpt lat="35.693528" lon="139.701329">
        <name>1:08:37</name>
      </trkpt>
      <trkpt lat="35.693598" lon="139.700967">
        <name>1:08:38</name>
      </trkpt>
      <trkpt lat="35.693609" lon="139.700904">
        <name>1:08:39</name>
      </trkpt>
      <trkpt lat="35.693618" lon="139.700846">
        <name>1:08:40</name>
      </trkpt>
      <trkpt lat="35.693624" lon="139.700799">
        <name>1:08:41</name>
      </trkpt>
      <trkpt lat="35.693625" lon="139.700754">
        <name>1:08:42</name>
      </trkpt>
      <trkpt lat="35.693624" lon="139.700713">
        <name>1:08:43</name>
      </trkpt>
      <trkpt lat="35.693619" lon="139.700669">
        <name>1:08:44</name>
      </trkpt>
      <trkpt lat="35.693600" lon="139.700587">
        <name>1:08:45</name>
      </trkpt>
      <trkpt lat="35.693554" lon="139.700405">
        <name>1:08:46</name>
      </trkpt>
      <trkpt lat="35.693489" lon="139.700380">
        <name>1:08:47</name>
      </trkpt>
      <trkpt lat="35.693438" lon="139.700366">
        <name>1:08:48</name>
      </trkpt>
      <trkpt lat="35.693391" lon="139.700363">
        <name>1:08:49</name>
      </trkpt>
      <trkpt lat="35.693350" lon="139.700366">
        <name>1:08:50</name>
      </trkpt>
      <trkpt lat="35.693281" lon="139.700379">
        <name>1:08:51</name>
      </trkpt>
      <trkpt lat="35.693186" lon="139.700402">
        <name>1:08:52</name>
      </trkpt>
      <trkpt lat="35.692956" lon="139.700460">
        <name>1:08:53</name>
      </trkpt>
      <trkpt lat="35.692926" lon="139.700469">
        <name>1:08:54</name>
      </trkpt>
      <trkpt lat="35.692898" lon="139.700478">
        <name>1:08:55</name>
      </trkpt>
      <trkpt lat="35.692866" lon="139.700489">
        <name>1:08:56</name>
      </trkpt>
      <trkpt lat="35.692758" lon="139.700539">
        <name>1:08:57</name>
      </trkpt>
      <trkpt lat="35.692718" lon="139.700557">
        <name>1:08:58</name>
      </trkpt>
      <trkpt lat="35.692681" lon="139.700577">
        <name>1:08:59</name>
      </trkpt>
      <trkpt lat="35.692645" lon="139.700600">
        <name>1:09:00</name>
      </trkpt>
      <trkpt lat="35.692612" lon="139.700629">
        <name>1:09:01</name>
      </trkpt>
      <trkpt lat="35.692586" lon="139.700657">
        <name>1:09:02</name>
      </trkpt>
      <trkpt lat="35.692562" lon="139.700686">
        <name>1:09:03</name>
      </trkpt>
      <trkpt lat="35.692549" lon="139.700707">
        <name>1:09:04</name>
      </trkpt>
      <trkpt lat="35.692539" lon="139.700727">
        <name>1:09:05</name>
      </trkpt>
      <trkpt lat="35.692527" lon="139.700752">
        <name>1:09:06</name>
      </trkpt>
      <trkpt lat="35.692461" lon="139.700832">
        <name>1:09:07</name>
      </trkpt>
      <trkpt lat="35.692439" lon="139.700932">
        <name>1:09:08</name>
      </trkpt>
      <trkpt lat="35.692428" lon="139.700984">
        <name>1:09:09</name>
      </trkpt>
      <trkpt lat="35.692292" lon="139.701616">
        <name>1:09:10</name>
      </trkpt>
      <trkpt lat="35.692281" lon="139.701665">
        <name>1:09:11</name>
      </trkpt>
      <trkpt lat="35.692251" lon="139.701771">
        <name>1:09:12</name>
      </trkpt>
      <trkpt lat="35.692228" lon="139.701759">
        <name>1:09:13</name>
      </trkpt>
      <trkpt lat="35.692133" lon="139.701710">
        <name>1:09:14</name>
      </trkpt>
      <trkpt lat="35.692090" lon="139.701686">
        <name>1:09:15</name>
      </trkpt>
      <trkpt lat="35.691909" lon="139.701582">
        <name>1:09:16</name>
      </trkpt>
      <trkpt lat="35.691889" lon="139.701572">
        <name>1:09:17</name>
      </trkpt>
      <trkpt lat="35.691860" lon="139.701560">
        <name>1:09:18</name>
      </trkpt>
      <trkpt lat="35.691841" lon="139.701554">
        <name>1:09:19</name>
      </trkpt>
      <trkpt lat="35.691819" lon="139.701548">
        <name>1:09:20</name>
      </trkpt>
      <trkpt lat="35.691791" lon="139.701543">
        <name>1:09:21</name>
      </trkpt>
      <trkpt lat="35.691770" lon="139.701542">
        <name>1:09:22</name>
      </trkpt>
      <trkpt lat="35.691752" lon="139.701543">
        <name>1:09:23</name>
      </trkpt>
      <trkpt lat="35.691479" lon="139.701578">
        <name>1:09:24</name>
      </trkpt>
      <trkpt lat="35.691384" lon="139.701591">
        <name>1:09:25</name>
      </trkpt>
      <trkpt lat="35.691358" lon="139.701613">
        <name>1:09:26</name>
      </trkpt>
      <trkpt lat="35.691289" lon="139.701625">
        <name>1:09:27</name>
      </trkpt>
      <trkpt lat="35.691251" lon="139.701630">
        <name>1:09:28</name>
      </trkpt>
      <trkpt lat="35.691206" lon="139.701636">
        <name>1:09:29</name>
      </trkpt>
      <trkpt lat="35.691141" lon="139.701634">
        <name>1:09:30</name>
      </trkpt>
      <trkpt lat="35.690963" lon="139.701658">
        <name>1:09:31</name>
      </trkpt>
      <trkpt lat="35.690904" lon="139.701665">
        <name>1:09:32</name>
      </trkpt>
      <trkpt lat="35.690862" lon="139.701671">
        <name>1:09:33</name>
      </trkpt>
      <trkpt lat="35.690838" lon="139.701672">
        <name>1:09:34</name>
      </trkpt>
      <trkpt lat="35.690817" lon="139.701664">
        <name>1:09:35</name>
      </trkpt>
      <trkpt lat="35.690791" lon="139.701630">
        <name>1:09:36</name>
      </trkpt>
      <trkpt lat="35.690721" lon="139.701487">
        <name>1:09:37</name>
      </trkpt>
      <trkpt lat="35.690666" lon="139.701511">
        <name>1:09:38</name>
      </trkpt>
      <trkpt lat="35.689831" lon="139.701868">
        <name>1:09:39</name>
      </trkpt>
      <trkpt lat="35.689800" lon="139.701881">
        <name>1:09:40</name>
      </trkpt>
      <trkpt lat="35.689765" lon="139.701911">
        <name>1:09:41</name>
      </trkpt>
      <trkpt lat="35.689730" lon="139.701948">
        <name>1:09:42</name>
      </trkpt>
      <trkpt lat="35.689689" lon="139.701993">
        <name>1:09:43</name>
      </trkpt>
      <trkpt lat="35.689617" lon="139.702068">
        <name>1:09:44</name>
      </trkpt>
      <trkpt lat="35.689617" lon="139.702068">
        <name>1:09:45</name>
      </trkpt>
      <trkpt lat="35.689588" lon="139.702098">
        <name>1:09:46</name>
      </trkpt>
      <trkpt lat="35.689603" lon="139.702168">
        <name>1:09:47</name>
      </trkpt>
      <trkpt lat="35.689708" lon="139.702626">
        <name>1:09:48</name>
      </trkpt>
      <trkpt lat="35.689795" lon="139.703133">
        <name>1:09:49</name>
      </trkpt>
      <trkpt lat="35.689811" lon="139.703229">
        <name>1:09:50</name>
      </trkpt>
      <trkpt lat="35.689769" lon="139.703274">
        <name>1:09:51</name>
      </trkpt>
      <trkpt lat="35.689749" lon="139.703322">
        <name>1:09:52</name>
      </trkpt>
      <trkpt lat="35.689741" lon="139.703369">
        <name>1:09:53</name>
      </trkpt>
      <trkpt lat="35.689735" lon="139.703422">
        <name>1:09:54</name>
      </trkpt>
      <trkpt lat="35.689766" lon="139.703641">
        <name>1:09:55</name>
      </trkpt>
      <trkpt lat="35.689802" lon="139.703923">
        <name>1:09:56</name>
      </trkpt>
      <trkpt lat="35.689811" lon="139.703991">
        <name>1:09:57</name>
      </trkpt>
      <trkpt lat="35.689825" lon="139.704126">
        <name>1:09:58</name>
      </trkpt>
      <trkpt lat="35.689838" lon="139.704233">
        <name>1:09:59</name>
      </trkpt>
      <trkpt lat="35.689711" lon="139.704152">
        <name>1:10:00</name>
      </trkpt>
      <trkpt lat="35.689703" lon="139.704046">
        <name>1:10:01</name>
      </trkpt>
      <trkpt lat="35.689692" lon="139.703918">
        <name>1:10:02</name>
      </trkpt>
      <trkpt lat="35.689678" lon="139.703780">
        <name>1:10:03</name>
      </trkpt>
      <trkpt lat="35.689652" lon="139.703560">
        <name>1:10:04</name>
      </trkpt>
      <trkpt lat="35.689610" lon="139.703204">
        <name>1:10:05</name>
      </trkpt>
      <trkpt lat="35.689560" lon="139.702903">
        <name>1:10:06</name>
      </trkpt>
      <trkpt lat="35.689468" lon="139.702470">
        <name>1:10:07</name>
      </trkpt>
      <trkpt lat="35.689393" lon="139.702172">
        <name>1:10:08</name>
      </trkpt>
      <trkpt lat="35.689353" lon="139.702011">
        <name>1:10:09</name>
      </trkpt>
      <trkpt lat="35.689324" lon="139.701907">
        <name>1:10:10</name>
      </trkpt>
      <trkpt lat="35.689215" lon="139.701495">
        <name>1:10:11</name>
      </trkpt>
      <trkpt lat="35.689145" lon="139.701172">
        <name>1:10:12</name>
      </trkpt>
      <trkpt lat="35.689021" lon="139.700488">
        <name>1:10:13</name>
      </trkpt>
      <trkpt lat="35.688951" lon="139.700117">
        <name>1:10:14</name>
      </trkpt>
      <trkpt lat="35.688912" lon="139.699956">
        <name>1:10:15</name>
      </trkpt>
      <trkpt lat="35.688867" lon="139.699791">
        <name>1:10:16</name>
      </trkpt>
      <trkpt lat="35.688812" lon="139.699641">
        <name>1:10:17</name>
      </trkpt>
      <trkpt lat="35.688749" lon="139.699480">
        <name>1:10:18</name>
      </trkpt>
      <trkpt lat="35.688665" lon="139.699297">
        <name>1:10:19</name>
      </trkpt>
      <trkpt lat="35.688625" lon="139.699210">
        <name>1:10:20</name>
      </trkpt>
      <trkpt lat="35.688541" lon="139.698988">
        <name>1:10:21</name>
      </trkpt>
      <trkpt lat="35.688652" lon="139.698941">
        <name>1:10:22</name>
      </trkpt>
      <trkpt lat="35.688746" lon="139.699185">
        <name>1:10:23</name>
      </trkpt>
      <trkpt lat="35.688824" lon="139.699378">
        <name>1:10:24</name>
      </trkpt>
      <trkpt lat="35.688907" lon="139.699587">
        <name>1:10:25</name>
      </trkpt>
      <trkpt lat="35.688954" lon="139.699717">
        <name>1:10:26</name>
      </trkpt>
      <trkpt lat="35.689015" lon="139.699929">
        <name>1:10:27</name>
      </trkpt>
      <trkpt lat="35.689053" lon="139.700090">
        <name>1:10:28</name>
      </trkpt>
      <trkpt lat="35.689092" lon="139.700283">
        <name>1:10:29</name>
      </trkpt>
      <trkpt lat="35.689251" lon="139.701144">
        <name>1:10:30</name>
      </trkpt>
      <trkpt lat="35.689318" lon="139.701466">
        <name>1:10:31</name>
      </trkpt>
      <trkpt lat="35.689392" lon="139.701768">
        <name>1:10:32</name>
      </trkpt>
      <trkpt lat="35.689432" lon="139.701931">
        <name>1:10:33</name>
      </trkpt>
      <trkpt lat="35.689456" lon="139.702031">
        <name>1:10:34</name>
      </trkpt>
      <trkpt lat="35.689456" lon="139.702031">
        <name>1:10:35</name>
      </trkpt>
      <trkpt lat="35.689553" lon="139.702426">
        <name>1:10:36</name>
      </trkpt>
      <trkpt lat="35.689650" lon="139.702879">
        <name>1:10:37</name>
      </trkpt>
      <trkpt lat="35.689702" lon="139.703184">
        <name>1:10:38</name>
      </trkpt>
      <trkpt lat="35.689735" lon="139.703422">
        <name>1:10:39</name>
      </trkpt>
      <trkpt lat="35.689766" lon="139.703641">
        <name>1:10:40</name>
      </trkpt>
      <trkpt lat="35.689802" lon="139.703923">
        <name>1:10:41</name>
      </trkpt>
      <trkpt lat="35.689811" lon="139.703991">
        <name>1:10:42</name>
      </trkpt>
      <trkpt lat="35.689825" lon="139.704126">
        <name>1:10:43</name>
      </trkpt>
      <trkpt lat="35.689838" lon="139.704233">
        <name>1:10:44</name>
      </trkpt>
      <trkpt lat="35.689711" lon="139.704152">
        <name>1:10:45</name>
      </trkpt>
      <trkpt lat="35.689703" lon="139.704046">
        <name>1:10:46</name>
      </trkpt>
      <trkpt lat="35.689692" lon="139.703918">
        <name>1:10:47</name>
      </trkpt>
      <trkpt lat="35.689678" lon="139.703780">
        <name>1:10:48</name>
      </trkpt>
      <trkpt lat="35.689652" lon="139.703560">
        <name>1:10:49</name>
      </trkpt>
      <trkpt lat="35.689610" lon="139.703204">
        <name>1:10:50</name>
      </trkpt>
      <trkpt lat="35.689560" lon="139.702903">
        <name>1:10:51</name>
      </trkpt>
      <trkpt lat="35.689468" lon="139.702470">
        <name>1:10:52</name>
      </trkpt>
      <trkpt lat="35.689393" lon="139.702172">
        <name>1:10:53</name>
      </trkpt>
      <trkpt lat="35.689353" lon="139.702011">
        <name>1:10:54</name>
      </trkpt>
      <trkpt lat="35.689324" lon="139.701907">
        <name>1:10:55</name>
      </trkpt>
      <trkpt lat="35.689215" lon="139.701495">
        <name>1:10:56</name>
      </trkpt>
      <trkpt lat="35.689145" lon="139.701172">
        <name>1:10:57</name>
      </trkpt>
      <trkpt lat="35.689021" lon="139.700488">
        <name>1:10:58</name>
      </trkpt>
      <trkpt lat="35.688951" lon="139.700117">
        <name>1:10:59</name>
      </trkpt>
      <trkpt lat="35.688912" lon="139.699956">
        <name>1:11:00</name>
      </trkpt>
      <trkpt lat="35.688867" lon="139.699791">
        <name>1:11:01</name>
      </trkpt>
      <trkpt lat="35.688812" lon="139.699641">
        <name>1:11:02</name>
      </trkpt>
      <trkpt lat="35.688749" lon="139.699480">
        <name>1:11:03</name>
      </trkpt>
      <trkpt lat="35.688665" lon="139.699297">
        <name>1:11:04</name>
      </trkpt>
      <trkpt lat="35.688625" lon="139.699210">
        <name>1:11:05</name>
      </trkpt>
      <trkpt lat="35.688541" lon="139.698988">
        <name>1:11:06</name>
      </trkpt>
      <trkpt lat="35.688652" lon="139.698941">
        <name>1:11:07</name>
      </trkpt>
      <trkpt lat="35.688746" lon="139.699185">
        <name>1:11:08</name>
      </trkpt>
      <trkpt lat="35.688824" lon="139.699378">
        <name>1:11:09</name>
      </trkpt>
      <trkpt lat="35.688907" lon="139.699587">
        <name>1:11:10</name>
      </trkpt>
      <trkpt lat="35.688954" lon="139.699717">
        <name>1:11:11</name>
      </trkpt>
      <trkpt lat="35.689015" lon="139.699929">
        <name>1:11:12</name>
      </trkpt>
      <trkpt lat="35.689053" lon="139.700090">
        <name>1:11:13</name>
      </trkpt>
      <trkpt lat="35.689092" lon="139.700283">
        <name>1:11:14</name>
      </trkpt>
      <trkpt lat="35.689251" lon="139.701144">
        <name>1:11:15</name>
      </trkpt>
      <trkpt lat="35.689318" lon="139.701466">
        <name>1:11:16</name>
      </trkpt>
      <trkpt lat="35.689392" lon="139.701768">
        <name>1:11:17</name>
      </trkpt>
      <trkpt lat="35.689432" lon="139.701931">
        <name>1:11:18</name>
      </trkpt>
      <trkpt lat="35.689454" lon="139.702020">
        <name>1:11:19</name>
      </trkpt>
      <trkpt lat="35.689454" lon="139.702020">
        <name>1:11:20</name>
      </trkpt>
      <trkpt lat="35.689553" lon="139.702426">
        <name>1:11:21</name>
      </trkpt>
      <trkpt lat="35.689650" lon="139.702879">
        <name>1:11:22</name>
      </trkpt>
      <trkpt lat="35.689702" lon="139.703184">
        <name>1:11:23</name>
      </trkpt>
      <trkpt lat="35.689735" lon="139.703422">
        <name>1:11:24</name>
      </trkpt>
      <trkpt lat="35.689766" lon="139.703641">
        <name>1:11:25</name>
      </trkpt>
      <trkpt lat="35.689802" lon="139.703923">
        <name>1:11:26</name>
      </trkpt>
      <trkpt lat="35.689811" lon="139.703991">
        <name>1:11:27</name>
      </trkpt>
      <trkpt lat="35.689825" lon="139.704126">
        <name>1:11:28</name>
      </trkpt>
      <trkpt lat="35.689838" lon="139.704233">
        <name>1:11:29</name>
      </trkpt>
      <trkpt lat="35.689856" lon="139.704379">
        <name>1:11:30</name>
      </trkpt>
      <trkpt lat="35.689864" lon="139.704479">
        <name>1:11:31</name>
      </trkpt>
      <trkpt lat="35.689899" lon="139.704643">
        <name>1:11:32</name>
      </trkpt>
      <trkpt lat="35.689921" lon="139.704795">
        <name>1:11:33</name>
      </trkpt>
      <trkpt lat="35.689932" lon="139.704925">
        <name>1:11:34</name>
      </trkpt>
      <trkpt lat="35.689935" lon="139.705080">
        <name>1:11:35</name>
      </trkpt>
      <trkpt lat="35.689926" lon="139.705184">
        <name>1:11:36</name>
      </trkpt>
      <trkpt lat="35.689908" lon="139.705282">
        <name>1:11:37</name>
      </trkpt>
      <trkpt lat="35.689887" lon="139.705384">
        <name>1:11:38</name>
      </trkpt>
      <trkpt lat="35.689869" lon="139.705469">
        <name>1:11:39</name>
      </trkpt>
      <trkpt lat="35.689846" lon="139.705559">
        <name>1:11:40</name>
      </trkpt>
      <trkpt lat="35.689821" lon="139.705644">
        <name>1:11:41</name>
      </trkpt>
      <trkpt lat="35.689790" lon="139.705739">
        <name>1:11:42</name>
      </trkpt>
      <trkpt lat="35.689712" lon="139.705930">
        <name>1:11:43</name>
      </trkpt>
      <trkpt lat="35.689651" lon="139.706059">
        <name>1:11:44</name>
      </trkpt>
      <trkpt lat="35.689565" lon="139.706227">
        <name>1:11:45</name>
      </trkpt>
      <trkpt lat="35.689536" lon="139.706275">
        <name>1:11:46</name>
      </trkpt>
      <trkpt lat="35.689471" lon="139.706366">
        <name>1:11:47</name>
      </trkpt>
      <trkpt lat="35.689362" lon="139.706519">
        <name>1:11:48</name>
      </trkpt>
      <trkpt lat="35.689228" lon="139.706417">
        <name>1:11:49</name>
      </trkpt>
      <trkpt lat="35.689279" lon="139.706222">
        <name>1:11:50</name>
      </trkpt>
      <trkpt lat="35.689299" lon="139.706149">
        <name>1:11:51</name>
      </trkpt>
      <trkpt lat="35.689316" lon="139.706111">
        <name>1:11:52</name>
      </trkpt>
      <trkpt lat="35.689334" lon="139.706078">
        <name>1:11:53</name>
      </trkpt>
      <trkpt lat="35.689395" lon="139.705969">
        <name>1:11:54</name>
      </trkpt>
      <trkpt lat="35.689455" lon="139.705857">
        <name>1:11:55</name>
      </trkpt>
      <trkpt lat="35.689521" lon="139.705706">
        <name>1:11:56</name>
      </trkpt>
      <trkpt lat="35.689573" lon="139.705558">
        <name>1:11:57</name>
      </trkpt>
      <trkpt lat="35.689613" lon="139.705417">
        <name>1:11:58</name>
      </trkpt>
      <trkpt lat="35.689644" lon="139.705288">
        <name>1:11:59</name>
      </trkpt>
      <trkpt lat="35.689664" lon="139.705164">
        <name>1:12:00</name>
      </trkpt>
      <trkpt lat="35.689682" lon="139.705047">
        <name>1:12:01</name>
      </trkpt>
      <trkpt lat="35.689682" lon="139.705047">
        <name>1:12:02</name>
      </trkpt>
      <trkpt lat="35.689718" lon="139.704808">
        <name>1:12:03</name>
      </trkpt>
      <trkpt lat="35.689745" lon="139.704533">
        <name>1:12:04</name>
      </trkpt>
      <trkpt lat="35.689733" lon="139.704399">
        <name>1:12:05</name>
      </trkpt>
      <trkpt lat="35.689725" lon="139.704297">
        <name>1:12:06</name>
      </trkpt>
      <trkpt lat="35.689711" lon="139.704152">
        <name>1:12:07</name>
      </trkpt>
      <trkpt lat="35.689703" lon="139.704046">
        <name>1:12:08</name>
      </trkpt>
      <trkpt lat="35.689692" lon="139.703918">
        <name>1:12:09</name>
      </trkpt>
      <trkpt lat="35.689678" lon="139.703780">
        <name>1:12:10</name>
      </trkpt>
      <trkpt lat="35.689623" lon="139.703673">
        <name>1:12:11</name>
      </trkpt>
      <trkpt lat="35.689581" lon="139.703619">
        <name>1:12:12</name>
      </trkpt>
      <trkpt lat="35.689566" lon="139.703564">
        <name>1:12:13</name>
      </trkpt>
      <trkpt lat="35.689500" lon="139.703081">
        <name>1:12:14</name>
      </trkpt>
      <trkpt lat="35.689436" lon="139.702713">
        <name>1:12:15</name>
      </trkpt>
      <trkpt lat="35.689329" lon="139.702268">
        <name>1:12:16</name>
      </trkpt>
      <trkpt lat="35.689332" lon="139.702170">
        <name>1:12:17</name>
      </trkpt>
      <trkpt lat="35.689588" lon="139.702098">
        <name>1:12:18</name>
      </trkpt>
      <trkpt lat="35.689603" lon="139.702168">
        <name>1:12:19</name>
      </trkpt>
      <trkpt lat="35.689708" lon="139.702626">
        <name>1:12:20</name>
      </trkpt>
      <trkpt lat="35.689795" lon="139.703133">
        <name>1:12:21</name>
      </trkpt>
      <trkpt lat="35.689811" lon="139.703229">
        <name>1:12:22</name>
      </trkpt>
      <trkpt lat="35.689769" lon="139.703274">
        <name>1:12:23</name>
      </trkpt>
      <trkpt lat="35.689749" lon="139.703322">
        <name>1:12:24</name>
      </trkpt>
      <trkpt lat="35.689741" lon="139.703369">
        <name>1:12:25</name>
      </trkpt>
      <trkpt lat="35.689735" lon="139.703422">
        <name>1:12:26</name>
      </trkpt>
      <trkpt lat="35.689766" lon="139.703641">
        <name>1:12:27</name>
      </trkpt>
      <trkpt lat="35.689802" lon="139.703923">
        <name>1:12:28</name>
      </trkpt>
      <trkpt lat="35.689811" lon="139.703991">
        <name>1:12:29</name>
      </trkpt>
      <trkpt lat="35.689825" lon="139.704126">
        <name>1:12:30</name>
      </trkpt>
      <trkpt lat="35.689982" lon="139.704223">
        <name>1:12:31</name>
      </trkpt>
      <trkpt lat="35.690320" lon="139.704455">
        <name>1:12:32</name>
      </trkpt>
      <trkpt lat="35.690461" lon="139.704549">
        <name>1:12:33</name>
      </trkpt>
      <trkpt lat="35.690741" lon="139.704744">
        <name>1:12:34</name>
      </trkpt>
      <trkpt lat="35.690884" lon="139.704836">
        <name>1:12:35</name>
      </trkpt>
      <trkpt lat="35.691052" lon="139.704943">
        <name>1:12:36</name>
      </trkpt>
      <trkpt lat="35.691354" lon="139.705119">
        <name>1:12:37</name>
      </trkpt>
      <trkpt lat="35.691536" lon="139.705241">
        <name>1:12:38</name>
      </trkpt>
      <trkpt lat="35.691766" lon="139.705377">
        <name>1:12:39</name>
      </trkpt>
      <trkpt lat="35.691810" lon="139.705402">
        <name>1:12:40</name>
      </trkpt>
      <trkpt lat="35.691872" lon="139.705440">
        <name>1:12:41</name>
      </trkpt>
      <trkpt lat="35.692197" lon="139.705635">
        <name>1:12:42</name>
      </trkpt>
      <trkpt lat="35.692245" lon="139.705663">
        <name>1:12:43</name>
      </trkpt>
      <trkpt lat="35.692388" lon="139.705747">
        <name>1:12:44</name>
      </trkpt>
      <trkpt lat="35.692430" lon="139.705557">
        <name>1:12:45</name>
      </trkpt>
      <trkpt lat="35.692441" lon="139.705516">
        <name>1:12:46</name>
      </trkpt>
      <trkpt lat="35.692452" lon="139.705473">
        <name>1:12:47</name>
      </trkpt>
      <trkpt lat="35.692534" lon="139.705160">
        <name>1:12:48</name>
      </trkpt>
      <trkpt lat="35.692708" lon="139.704533">
        <name>1:12:49</name>
      </trkpt>
      <trkpt lat="35.692778" lon="139.704288">
        <name>1:12:50</name>
      </trkpt>
      <trkpt lat="35.692836" lon="139.704078">
        <name>1:12:51</name>
      </trkpt>
      <trkpt lat="35.692931" lon="139.703745">
        <name>1:12:52</name>
      </trkpt>
      <trkpt lat="35.692950" lon="139.703680">
        <name>1:12:53</name>
      </trkpt>
      <trkpt lat="35.692997" lon="139.703512">
        <name>1:12:54</name>
      </trkpt>
      <trkpt lat="35.693021" lon="139.703427">
        <name>1:12:55</name>
      </trkpt>
      <trkpt lat="35.693141" lon="139.703482">
        <name>1:12:56</name>
      </trkpt>
      <trkpt lat="35.693246" lon="139.703529">
        <name>1:12:57</name>
      </trkpt>
      <trkpt lat="35.693315" lon="139.703561">
        <name>1:12:58</name>
      </trkpt>
      <trkpt lat="35.693462" lon="139.703629">
        <name>1:12:59</name>
      </trkpt>
      <trkpt lat="35.693540" lon="139.703666">
        <name>1:13:00</name>
      </trkpt>
      <trkpt lat="35.693750" lon="139.703764">
        <name>1:13:01</name>
      </trkpt>
      <trkpt lat="35.693750" lon="139.703764">
        <name>1:13:02</name>
      </trkpt>
      <trkpt lat="35.693897" lon="139.703832">
        <name>1:13:03</name>
      </trkpt>
      <trkpt lat="35.694197" lon="139.703962">
        <name>1:13:04</name>
      </trkpt>
      <trkpt lat="35.694863" lon="139.704266">
        <name>1:13:05</name>
      </trkpt>
      <trkpt lat="35.694973" lon="139.704310">
        <name>1:13:06</name>
      </trkpt>
      <trkpt lat="35.694975" lon="139.704217">
        <name>1:13:07</name>
      </trkpt>
      <trkpt lat="35.695011" lon="139.704058">
        <name>1:13:08</name>
      </trkpt>
      <trkpt lat="35.695038" lon="139.703944">
        <name>1:13:09</name>
      </trkpt>
      <trkpt lat="35.695098" lon="139.703687">
        <name>1:13:10</name>
      </trkpt>
      <trkpt lat="35.695124" lon="139.703577">
        <name>1:13:11</name>
      </trkpt>
      <trkpt lat="35.695166" lon="139.703407">
        <name>1:13:12</name>
      </trkpt>
      <trkpt lat="35.695183" lon="139.703364">
        <name>1:13:13</name>
      </trkpt>
      <trkpt lat="35.695220" lon="139.703375">
        <name>1:13:14</name>
      </trkpt>
      <trkpt lat="35.695290" lon="139.703395">
        <name>1:13:15</name>
      </trkpt>
      <trkpt lat="35.695508" lon="139.703458">
        <name>1:13:16</name>
      </trkpt>
      <trkpt lat="35.695508" lon="139.703458">
        <name>1:13:17</name>
      </trkpt>
      <trkpt lat="35.695640" lon="139.703496">
        <name>1:13:18</name>
      </trkpt>
      <trkpt lat="35.695961" lon="139.703571">
        <name>1:13:19</name>
      </trkpt>
      <trkpt lat="35.695845" lon="139.704202">
        <name>1:13:20</name>
      </trkpt>
      <trkpt lat="35.695797" lon="139.704458">
        <name>1:13:21</name>
      </trkpt>
      <trkpt lat="35.695785" lon="139.704525">
        <name>1:13:22</name>
      </trkpt>
      <trkpt lat="35.695037" lon="139.704332">
        <name>1:13:23</name>
      </trkpt>
      <trkpt lat="35.694973" lon="139.704310">
        <name>1:13:24</name>
      </trkpt>
      <trkpt lat="35.694863" lon="139.704266">
        <name>1:13:25</name>
      </trkpt>
      <trkpt lat="35.694197" lon="139.703962">
        <name>1:13:26</name>
      </trkpt>
      <trkpt lat="35.693897" lon="139.703832">
        <name>1:13:27</name>
      </trkpt>
      <trkpt lat="35.693540" lon="139.703666">
        <name>1:13:28</name>
      </trkpt>
      <trkpt lat="35.693462" lon="139.703629">
        <name>1:13:29</name>
      </trkpt>
      <trkpt lat="35.693315" lon="139.703561">
        <name>1:13:30</name>
      </trkpt>
      <trkpt lat="35.693246" lon="139.703529">
        <name>1:13:31</name>
      </trkpt>
      <trkpt lat="35.693141" lon="139.703482">
        <name>1:13:32</name>
      </trkpt>
      <trkpt lat="35.693072" lon="139.703731">
        <name>1:13:33</name>
      </trkpt>
      <trkpt lat="35.692837" lon="139.704588">
        <name>1:13:34</name>
      </trkpt>
      <trkpt lat="35.692597" lon="139.705493">
        <name>1:13:35</name>
      </trkpt>
      <trkpt lat="35.692587" lon="139.705528">
        <name>1:13:36</name>
      </trkpt>
      <trkpt lat="35.692577" lon="139.705567">
        <name>1:13:37</name>
      </trkpt>
      <trkpt lat="35.692565" lon="139.705611">
        <name>1:13:38</name>
      </trkpt>
      <trkpt lat="35.692510" lon="139.705818">
        <name>1:13:39</name>
      </trkpt>
      <trkpt lat="35.692490" lon="139.705892">
        <name>1:13:40</name>
      </trkpt>
      <trkpt lat="35.692371" lon="139.705823">
        <name>1:13:41</name>
      </trkpt>
      <trkpt lat="35.692221" lon="139.705735">
        <name>1:13:42</name>
      </trkpt>
      <trkpt lat="35.691893" lon="139.705539">
        <name>1:13:43</name>
      </trkpt>
      <trkpt lat="35.691832" lon="139.705503">
        <name>1:13:44</name>
      </trkpt>
      <trkpt lat="35.691769" lon="139.705465">
        <name>1:13:45</name>
      </trkpt>
      <trkpt lat="35.691498" lon="139.705306">
        <name>1:13:46</name>
      </trkpt>
      <trkpt lat="35.691326" lon="139.705192">
        <name>1:13:47</name>
      </trkpt>
      <trkpt lat="35.691188" lon="139.705110">
        <name>1:13:48</name>
      </trkpt>
      <trkpt lat="35.691024" lon="139.705014">
        <name>1:13:49</name>
      </trkpt>
      <trkpt lat="35.690851" lon="139.704908">
        <name>1:13:50</name>
      </trkpt>
      <trkpt lat="35.690708" lon="139.704813">
        <name>1:13:51</name>
      </trkpt>
      <trkpt lat="35.690504" lon="139.704680">
        <name>1:13:52</name>
      </trkpt>
      <trkpt lat="35.690291" lon="139.704530">
        <name>1:13:53</name>
      </trkpt>
      <trkpt lat="35.690095" lon="139.704398">
        <name>1:13:54</name>
      </trkpt>
      <trkpt lat="35.690001" lon="139.704335">
        <name>1:13:55</name>
      </trkpt>
      <trkpt lat="35.689838" lon="139.704233">
        <name>1:13:56</name>
      </trkpt>
      <trkpt lat="35.689711" lon="139.704152">
        <name>1:13:57</name>
      </trkpt>
      <trkpt lat="35.689703" lon="139.704046">
        <name>1:13:58</name>
      </trkpt>
      <trkpt lat="35.689692" lon="139.703918">
        <name>1:13:59</name>
      </trkpt>
      <trkpt lat="35.689678" lon="139.703780">
        <name>1:14:00</name>
      </trkpt>
      <trkpt lat="35.689652" lon="139.703560">
        <name>1:14:01</name>
      </trkpt>
      <trkpt lat="35.689610" lon="139.703204">
        <name>1:14:02</name>
      </trkpt>
      <trkpt lat="35.689560" lon="139.702903">
        <name>1:14:03</name>
      </trkpt>
      <trkpt lat="35.689468" lon="139.702470">
        <name>1:14:04</name>
      </trkpt>
      <trkpt lat="35.689393" lon="139.702172">
        <name>1:14:05</name>
      </trkpt>
      <trkpt lat="35.689353" lon="139.702011">
        <name>1:14:06</name>
      </trkpt>
      <trkpt lat="35.689324" lon="139.701907">
        <name>1:14:07</name>
      </trkpt>
      <trkpt lat="35.689215" lon="139.701495">
        <name>1:14:08</name>
      </trkpt>
      <trkpt lat="35.689145" lon="139.701172">
        <name>1:14:09</name>
      </trkpt>
      <trkpt lat="35.689021" lon="139.700488">
        <name>1:14:10</name>
      </trkpt>
      <trkpt lat="35.688951" lon="139.700117">
        <name>1:14:11</name>
      </trkpt>
      <trkpt lat="35.688912" lon="139.699956">
        <name>1:14:12</name>
      </trkpt>
      <trkpt lat="35.688867" lon="139.699791">
        <name>1:14:13</name>
      </trkpt>
      <trkpt lat="35.688812" lon="139.699641">
        <name>1:14:14</name>
      </trkpt>
      <trkpt lat="35.688749" lon="139.699480">
        <name>1:14:15</name>
      </trkpt>
      <trkpt lat="35.688665" lon="139.699297">
        <name>1:14:16</name>
      </trkpt>
      <trkpt lat="35.688625" lon="139.699210">
        <name>1:14:17</name>
      </trkpt>
      <trkpt lat="35.688541" lon="139.698988">
        <name>1:14:18</name>
      </trkpt>
      <trkpt lat="35.688652" lon="139.698941">
        <name>1:14:19</name>
      </trkpt>
      <trkpt lat="35.688746" lon="139.699185">
        <name>1:14:20</name>
      </trkpt>
      <trkpt lat="35.688824" lon="139.699378">
        <name>1:14:21</name>
      </trkpt>
      <trkpt lat="35.688907" lon="139.699587">
        <name>1:14:22</name>
      </trkpt>
      <trkpt lat="35.688954" lon="139.699717">
        <name>1:14:23</name>
      </trkpt>
      <trkpt lat="35.689015" lon="139.699929">
        <name>1:14:24</name>
      </trkpt>
      <trkpt lat="35.689053" lon="139.700090">
        <name>1:14:25</name>
      </trkpt>
      <trkpt lat="35.689092" lon="139.700283">
        <name>1:14:26</name>
      </trkpt>
      <trkpt lat="35.689160" lon="139.700651">
        <name>1:14:27</name>
      </trkpt>
      <trkpt lat="35.689160" lon="139.700651">
        <name>1:14:28</name>
      </trkpt>
      <trkpt lat="35.689251" lon="139.701144">
        <name>1:14:29</name>
      </trkpt>
      <trkpt lat="35.689318" lon="139.701466">
        <name>1:14:30</name>
      </trkpt>
      <trkpt lat="35.689392" lon="139.701768">
        <name>1:14:31</name>
      </trkpt>
      <trkpt lat="35.689432" lon="139.701931">
        <name>1:14:32</name>
      </trkpt>
      <trkpt lat="35.689553" lon="139.702426">
        <name>1:14:33</name>
      </trkpt>
      <trkpt lat="35.689650" lon="139.702879">
        <name>1:14:34</name>
      </trkpt>
      <trkpt lat="35.689702" lon="139.703184">
        <name>1:14:35</name>
      </trkpt>
      <trkpt lat="35.689735" lon="139.703422">
        <name>1:14:36</name>
      </trkpt>
      <trkpt lat="35.689766" lon="139.703641">
        <name>1:14:37</name>
      </trkpt>
      <trkpt lat="35.689802" lon="139.703923">
        <name>1:14:38</name>
      </trkpt>
      <trkpt lat="35.689811" lon="139.703991">
        <name>1:14:39</name>
      </trkpt>
      <trkpt lat="35.689825" lon="139.704126">
        <name>1:14:40</name>
      </trkpt>
      <trkpt lat="35.689982" lon="139.704223">
        <name>1:14:41</name>
      </trkpt>
      <trkpt lat="35.690320" lon="139.704455">
        <name>1:14:42</name>
      </trkpt>
      <trkpt lat="35.690461" lon="139.704549">
        <name>1:14:43</name>
      </trkpt>
      <trkpt lat="35.690741" lon="139.704744">
        <name>1:14:44</name>
      </trkpt>
      <trkpt lat="35.690884" lon="139.704836">
        <name>1:14:45</name>
      </trkpt>
      <trkpt lat="35.691052" lon="139.704943">
        <name>1:14:46</name>
      </trkpt>
      <trkpt lat="35.691354" lon="139.705119">
        <name>1:14:47</name>
      </trkpt>
      <trkpt lat="35.691536" lon="139.705241">
        <name>1:14:48</name>
      </trkpt>
      <trkpt lat="35.691766" lon="139.705377">
        <name>1:14:49</name>
      </trkpt>
      <trkpt lat="35.691810" lon="139.705402">
        <name>1:14:50</name>
      </trkpt>
      <trkpt lat="35.691872" lon="139.705440">
        <name>1:14:51</name>
      </trkpt>
      <trkpt lat="35.692197" lon="139.705635">
        <name>1:14:52</name>
      </trkpt>
      <trkpt lat="35.692245" lon="139.705663">
        <name>1:14:53</name>
      </trkpt>
      <trkpt lat="35.692388" lon="139.705747">
        <name>1:14:54</name>
      </trkpt>
      <trkpt lat="35.692430" lon="139.705557">
        <name>1:14:55</name>
      </trkpt>
      <trkpt lat="35.692441" lon="139.705516">
        <name>1:14:56</name>
      </trkpt>
      <trkpt lat="35.692452" lon="139.705473">
        <name>1:14:57</name>
      </trkpt>
      <trkpt lat="35.692534" lon="139.705160">
        <name>1:14:58</name>
      </trkpt>
      <trkpt lat="35.692708" lon="139.704533">
        <name>1:14:59</name>
      </trkpt>
      <trkpt lat="35.692778" lon="139.704288">
        <name>1:15:00</name>
      </trkpt>
      <trkpt lat="35.692836" lon="139.704078">
        <name>1:15:01</name>
      </trkpt>
      <trkpt lat="35.692931" lon="139.703745">
        <name>1:15:02</name>
      </trkpt>
      <trkpt lat="35.692950" lon="139.703680">
        <name>1:15:03</name>
      </trkpt>
      <trkpt lat="35.692997" lon="139.703512">
        <name>1:15:04</name>
      </trkpt>
      <trkpt lat="35.693021" lon="139.703427">
        <name>1:15:05</name>
      </trkpt>
      <trkpt lat="35.693141" lon="139.703482">
        <name>1:15:06</name>
      </trkpt>
      <trkpt lat="35.693246" lon="139.703529">
        <name>1:15:07</name>
      </trkpt>
      <trkpt lat="35.693315" lon="139.703561">
        <name>1:15:08</name>
      </trkpt>
      <trkpt lat="35.693462" lon="139.703629">
        <name>1:15:09</name>
      </trkpt>
      <trkpt lat="35.693540" lon="139.703666">
        <name>1:15:10</name>
      </trkpt>
      <trkpt lat="35.693750" lon="139.703764">
        <name>1:15:11</name>
      </trkpt>
      <trkpt lat="35.693750" lon="139.703764">
        <name>1:15:12</name>
      </trkpt>
      <trkpt lat="35.693540" lon="139.703666">
        <name>1:15:13</name>
      </trkpt>
      <trkpt lat="35.693462" lon="139.703629">
        <name>1:15:14</name>
      </trkpt>
      <trkpt lat="35.693315" lon="139.703561">
        <name>1:15:15</name>
      </trkpt>
      <trkpt lat="35.693246" lon="139.703529">
        <name>1:15:16</name>
      </trkpt>
      <trkpt lat="35.693141" lon="139.703482">
        <name>1:15:17</name>
      </trkpt>
      <trkpt lat="35.693072" lon="139.703731">
        <name>1:15:18</name>
      </trkpt>
      <trkpt lat="35.692837" lon="139.704588">
        <name>1:15:19</name>
      </trkpt>
      <trkpt lat="35.692597" lon="139.705493">
        <name>1:15:20</name>
      </trkpt>
      <trkpt lat="35.692587" lon="139.705528">
        <name>1:15:21</name>
      </trkpt>
      <trkpt lat="35.692577" lon="139.705567">
        <name>1:15:22</name>
      </trkpt>
      <trkpt lat="35.692565" lon="139.705611">
        <name>1:15:23</name>
      </trkpt>
      <trkpt lat="35.692510" lon="139.705818">
        <name>1:15:24</name>
      </trkpt>
      <trkpt lat="35.692490" lon="139.705892">
        <name>1:15:25</name>
      </trkpt>
      <trkpt lat="35.692371" lon="139.705823">
        <name>1:15:26</name>
      </trkpt>
      <trkpt lat="35.692221" lon="139.705735">
        <name>1:15:27</name>
      </trkpt>
      <trkpt lat="35.691893" lon="139.705539">
        <name>1:15:28</name>
      </trkpt>
      <trkpt lat="35.691832" lon="139.705503">
        <name>1:15:29</name>
      </trkpt>
      <trkpt lat="35.691769" lon="139.705465">
        <name>1:15:30</name>
      </trkpt>
      <trkpt lat="35.691498" lon="139.705306">
        <name>1:15:31</name>
      </trkpt>
      <trkpt lat="35.691326" lon="139.705192">
        <name>1:15:32</name>
      </trkpt>
      <trkpt lat="35.691188" lon="139.705110">
        <name>1:15:33</name>
      </trkpt>
      <trkpt lat="35.691024" lon="139.705014">
        <name>1:15:34</name>
      </trkpt>
      <trkpt lat="35.690851" lon="139.704908">
        <name>1:15:35</name>
      </trkpt>
      <trkpt lat="35.690708" lon="139.704813">
        <name>1:15:36</name>
      </trkpt>
      <trkpt lat="35.690504" lon="139.704680">
        <name>1:15:37</name>
      </trkpt>
      <trkpt lat="35.690291" lon="139.704530">
        <name>1:15:38</name>
      </trkpt>
      <trkpt lat="35.690095" lon="139.704398">
        <name>1:15:39</name>
      </trkpt>
      <trkpt lat="35.690001" lon="139.704335">
        <name>1:15:40</name>
      </trkpt>
      <trkpt lat="35.689838" lon="139.704233">
        <name>1:15:41</name>
      </trkpt>
      <trkpt lat="35.689711" lon="139.704152">
        <name>1:15:42</name>
      </trkpt>
      <trkpt lat="35.689703" lon="139.704046">
        <name>1:15:43</name>
      </trkpt>
      <trkpt lat="35.689692" lon="139.703918">
        <name>1:15:44</name>
      </trkpt>
      <trkpt lat="35.689678" lon="139.703780">
        <name>1:15:45</name>
      </trkpt>
      <trkpt lat="35.689652" lon="139.703560">
        <name>1:15:46</name>
      </trkpt>
      <trkpt lat="35.689610" lon="139.703204">
        <name>1:15:47</name>
      </trkpt>
      <trkpt lat="35.689560" lon="139.702903">
        <name>1:15:48</name>
      </trkpt>
      <trkpt lat="35.689468" lon="139.702470">
        <name>1:15:49</name>
      </trkpt>
      <trkpt lat="35.689393" lon="139.702172">
        <name>1:15:50</name>
      </trkpt>
      <trkpt lat="35.689353" lon="139.702011">
        <name>1:15:51</name>
      </trkpt>
      <trkpt lat="35.689324" lon="139.701907">
        <name>1:15:52</name>
      </trkpt>
      <trkpt lat="35.689215" lon="139.701495">
        <name>1:15:53</name>
      </trkpt>
      <trkpt lat="35.689145" lon="139.701172">
        <name>1:15:54</name>
      </trkpt>
      <trkpt lat="35.689021" lon="139.700488">
        <name>1:15:55</name>
      </trkpt>
      <trkpt lat="35.688951" lon="139.700117">
        <name>1:15:56</name>
      </trkpt>
      <trkpt lat="35.688912" lon="139.699956">
        <name>1:15:57</name>
      </trkpt>
      <trkpt lat="35.688867" lon="139.699791">
        <name>1:15:58</name>
      </trkpt>
      <trkpt lat="35.688812" lon="139.699641">
        <name>1:15:59</name>
      </trkpt>
      <trkpt lat="35.688749" lon="139.699480">
        <name>1:16:00</name>
      </trkpt>
      <trkpt lat="35.688665" lon="139.699297">
        <name>1:16:01</name>
      </trkpt>
      <trkpt lat="35.688625" lon="139.699210">
        <name>1:16:02</name>
      </trkpt>
      <trkpt lat="35.688541" lon="139.698988">
        <name>1:16:03</name>
      </trkpt>
      <trkpt lat="35.688652" lon="139.698941">
        <name>1:16:04</name>
      </trkpt>
      <trkpt lat="35.688746" lon="139.699185">
        <name>1:16:05</name>
      </trkpt>
      <trkpt lat="35.688824" lon="139.699378">
        <name>1:16:06</name>
      </trkpt>
      <trkpt lat="35.688907" lon="139.699587">
        <name>1:16:07</name>
      </trkpt>
      <trkpt lat="35.688954" lon="139.699717">
        <name>1:16:08</name>
      </trkpt>
      <trkpt lat="35.689015" lon="139.699929">
        <name>1:16:09</name>
      </trkpt>
      <trkpt lat="35.689053" lon="139.700090">
        <name>1:16:10</name>
      </trkpt>
      <trkpt lat="35.689092" lon="139.700283">
        <name>1:16:11</name>
      </trkpt>
      <trkpt lat="35.689160" lon="139.700651">
        <name>1:16:12</name>
      </trkpt>
      <trkpt lat="35.689160" lon="139.700651">
        <name>1:16:13</name>
      </trkpt>
      <trkpt lat="35.689251" lon="139.701144">
        <name>1:16:14</name>
      </trkpt>
      <trkpt lat="35.689318" lon="139.701466">
        <name>1:16:15</name>
      </trkpt>
      <trkpt lat="35.689392" lon="139.701768">
        <name>1:16:16</name>
      </trkpt>
      <trkpt lat="35.689432" lon="139.701931">
        <name>1:16:17</name>
      </trkpt>
      <trkpt lat="35.689553" lon="139.702426">
        <name>1:16:18</name>
      </trkpt>
      <trkpt lat="35.689650" lon="139.702879">
        <name>1:16:19</name>
      </trkpt>
      <trkpt lat="35.689702" lon="139.703184">
        <name>1:16:20</name>
      </trkpt>
      <trkpt lat="35.689735" lon="139.703422">
        <name>1:16:21</name>
      </trkpt>
      <trkpt lat="35.689766" lon="139.703641">
        <name>1:16:22</name>
      </trkpt>
      <trkpt lat="35.689802" lon="139.703923">
        <name>1:16:23</name>
      </trkpt>
      <trkpt lat="35.689811" lon="139.703991">
        <name>1:16:24</name>
      </trkpt>
      <trkpt lat="35.689825" lon="139.704126">
        <name>1:16:25</name>
      </trkpt>
      <trkpt lat="35.689838" lon="139.704233">
        <name>1:16:26</name>
      </trkpt>
      <trkpt lat="35.689711" lon="139.704152">
        <name>1:16:27</name>
      </trkpt>
      <trkpt lat="35.689599" lon="139.704076">
        <name>1:16:28</name>
      </trkpt>
      <trkpt lat="35.688642" lon="139.703423">
        <name>1:16:29</name>
      </trkpt>
      <trkpt lat="35.688105" lon="139.703056">
        <name>1:16:30</name>
      </trkpt>
      <trkpt lat="35.688029" lon="139.702998">
        <name>1:16:31</name>
      </trkpt>
      <trkpt lat="35.687994" lon="139.702972">
        <name>1:16:32</name>
      </trkpt>
      <trkpt lat="35.687956" lon="139.702952">
        <name>1:16:33</name>
      </trkpt>
      <trkpt lat="35.687913" lon="139.702938">
        <name>1:16:34</name>
      </trkpt>
      <trkpt lat="35.687869" lon="139.702933">
        <name>1:16:35</name>
      </trkpt>
      <trkpt lat="35.687802" lon="139.702935">
        <name>1:16:36</name>
      </trkpt>
      <trkpt lat="35.687605" lon="139.702982">
        <name>1:16:37</name>
      </trkpt>
      <trkpt lat="35.687539" lon="139.702998">
        <name>1:16:38</name>
      </trkpt>
      <trkpt lat="35.686930" lon="139.703183">
        <name>1:16:39</name>
      </trkpt>
      <trkpt lat="35.686841" lon="139.703209">
        <name>1:16:40</name>
      </trkpt>
      <trkpt lat="35.686295" lon="139.703368">
        <name>1:16:41</name>
      </trkpt>
      <trkpt lat="35.686157" lon="139.703403">
        <name>1:16:42</name>
      </trkpt>
      <trkpt lat="35.685848" lon="139.703501">
        <name>1:16:43</name>
      </trkpt>
      <trkpt lat="35.685659" lon="139.703574">
        <name>1:16:44</name>
      </trkpt>
      <trkpt lat="35.685602" lon="139.703633">
        <name>1:16:45</name>
      </trkpt>
      <trkpt lat="35.685551" lon="139.703705">
        <name>1:16:46</name>
      </trkpt>
      <trkpt lat="35.685430" lon="139.703716">
        <name>1:16:47</name>
      </trkpt>
      <trkpt lat="35.685244" lon="139.703757">
        <name>1:16:48</name>
      </trkpt>
      <trkpt lat="35.685038" lon="139.703816">
        <name>1:16:49</name>
      </trkpt>
      <trkpt lat="35.684876" lon="139.703873">
        <name>1:16:50</name>
      </trkpt>
      <trkpt lat="35.684628" lon="139.703953">
        <name>1:16:51</name>
      </trkpt>
      <trkpt lat="35.684576" lon="139.703979">
        <name>1:16:52</name>
      </trkpt>
      <trkpt lat="35.684531" lon="139.703996">
        <name>1:16:53</name>
      </trkpt>
      <trkpt lat="35.684343" lon="139.704088">
        <name>1:16:54</name>
      </trkpt>
      <trkpt lat="35.684187" lon="139.704178">
        <name>1:16:55</name>
      </trkpt>
      <trkpt lat="35.683887" lon="139.704403">
        <name>1:16:56</name>
      </trkpt>
      <trkpt lat="35.683802" lon="139.704463">
        <name>1:16:57</name>
      </trkpt>
      <trkpt lat="35.683772" lon="139.704473">
        <name>1:16:58</name>
      </trkpt>
      <trkpt lat="35.683631" lon="139.704539">
        <name>1:16:59</name>
      </trkpt>
      <trkpt lat="35.683559" lon="139.704567">
        <name>1:17:00</name>
      </trkpt>
      <trkpt lat="35.683446" lon="139.704602">
        <name>1:17:01</name>
      </trkpt>
      <trkpt lat="35.683378" lon="139.704616">
        <name>1:17:02</name>
      </trkpt>
      <trkpt lat="35.683065" lon="139.704618">
        <name>1:17:03</name>
      </trkpt>
      <trkpt lat="35.682523" lon="139.704630">
        <name>1:17:04</name>
      </trkpt>
      <trkpt lat="35.682392" lon="139.704631">
        <name>1:17:05</name>
      </trkpt>
      <trkpt lat="35.682344" lon="139.704630">
        <name>1:17:06</name>
      </trkpt>
      <trkpt lat="35.682218" lon="139.704627">
        <name>1:17:07</name>
      </trkpt>
      <trkpt lat="35.681806" lon="139.704616">
        <name>1:17:08</name>
      </trkpt>
      <trkpt lat="35.681598" lon="139.704615">
        <name>1:17:09</name>
      </trkpt>
      <trkpt lat="35.680933" lon="139.704603">
        <name>1:17:10</name>
      </trkpt>
      <trkpt lat="35.680747" lon="139.704600">
        <name>1:17:11</name>
      </trkpt>
      <trkpt lat="35.680480" lon="139.704602">
        <name>1:17:12</name>
      </trkpt>
      <trkpt lat="35.680375" lon="139.704599">
        <name>1:17:13</name>
      </trkpt>
      <trkpt lat="35.680240" lon="139.704595">
        <name>1:17:14</name>
      </trkpt>
      <trkpt lat="35.680190" lon="139.704593">
        <name>1:17:15</name>
      </trkpt>
      <trkpt lat="35.680079" lon="139.704595">
        <name>1:17:16</name>
      </trkpt>
      <trkpt lat="35.679939" lon="139.704608">
        <name>1:17:17</name>
      </trkpt>
      <trkpt lat="35.679841" lon="139.704622">
        <name>1:17:18</name>
      </trkpt>
      <trkpt lat="35.679730" lon="139.704648">
        <name>1:17:19</name>
      </trkpt>
      <trkpt lat="35.679625" lon="139.704692">
        <name>1:17:20</name>
      </trkpt>
      <trkpt lat="35.679545" lon="139.704728">
        <name>1:17:21</name>
      </trkpt>
      <trkpt lat="35.679468" lon="139.704772">
        <name>1:17:22</name>
      </trkpt>
      <trkpt lat="35.679071" lon="139.705085">
        <name>1:17:23</name>
      </trkpt>
      <trkpt lat="35.678872" lon="139.705233">
        <name>1:17:24</name>
      </trkpt>
      <trkpt lat="35.678538" lon="139.705485">
        <name>1:17:25</name>
      </trkpt>
      <trkpt lat="35.678365" lon="139.705618">
        <name>1:17:26</name>
      </trkpt>
      <trkpt lat="35.678298" lon="139.705670">
        <name>1:17:27</name>
      </trkpt>
      <trkpt lat="35.678241" lon="139.705717">
        <name>1:17:28</name>
      </trkpt>
      <trkpt lat="35.678048" lon="139.705866">
        <name>1:17:29</name>
      </trkpt>
      <trkpt lat="35.677893" lon="139.705984">
        <name>1:17:30</name>
      </trkpt>
      <trkpt lat="35.677741" lon="139.706088">
        <name>1:17:31</name>
      </trkpt>
      <trkpt lat="35.677552" lon="139.706182">
        <name>1:17:32</name>
      </trkpt>
      <trkpt lat="35.677342" lon="139.706254">
        <name>1:17:33</name>
      </trkpt>
      <trkpt lat="35.677249" lon="139.706279">
        <name>1:17:34</name>
      </trkpt>
      <trkpt lat="35.677217" lon="139.706287">
        <name>1:17:35</name>
      </trkpt>
      <trkpt lat="35.677007" lon="139.706344">
        <name>1:17:36</name>
      </trkpt>
      <trkpt lat="35.676942" lon="139.706360">
        <name>1:17:37</name>
      </trkpt>
      <trkpt lat="35.676745" lon="139.706410">
        <name>1:17:38</name>
      </trkpt>
      <trkpt lat="35.676582" lon="139.706453">
        <name>1:17:39</name>
      </trkpt>
      <trkpt lat="35.676474" lon="139.706480">
        <name>1:17:40</name>
      </trkpt>
      <trkpt lat="35.676202" lon="139.706557">
        <name>1:17:41</name>
      </trkpt>
      <trkpt lat="35.676196" lon="139.706558">
        <name>1:17:42</name>
      </trkpt>
      <trkpt lat="35.675923" lon="139.706633">
        <name>1:17:43</name>
      </trkpt>
      <trkpt lat="35.675634" lon="139.706712">
        <name>1:17:44</name>
      </trkpt>
      <trkpt lat="35.675570" lon="139.706730">
        <name>1:17:45</name>
      </trkpt>
      <trkpt lat="35.675343" lon="139.706792">
        <name>1:17:46</name>
      </trkpt>
      <trkpt lat="35.675317" lon="139.706799">
        <name>1:17:47</name>
      </trkpt>
      <trkpt lat="35.675015" lon="139.706882">
        <name>1:17:48</name>
      </trkpt>
      <trkpt lat="35.674880" lon="139.706936">
        <name>1:17:49</name>
      </trkpt>
      <trkpt lat="35.674746" lon="139.707036">
        <name>1:17:50</name>
      </trkpt>
      <trkpt lat="35.674637" lon="139.707115">
        <name>1:17:51</name>
      </trkpt>
      <trkpt lat="35.674521" lon="139.707191">
        <name>1:17:52</name>
      </trkpt>
      <trkpt lat="35.674477" lon="139.707216">
        <name>1:17:53</name>
      </trkpt>
      <trkpt lat="35.674165" lon="139.707406">
        <name>1:17:54</name>
      </trkpt>
      <trkpt lat="35.673967" lon="139.707521">
        <name>1:17:55</name>
      </trkpt>
      <trkpt lat="35.673561" lon="139.707718">
        <name>1:17:56</name>
      </trkpt>
      <trkpt lat="35.673533" lon="139.707733">
        <name>1:17:57</name>
      </trkpt>
      <trkpt lat="35.673165" lon="139.707907">
        <name>1:17:58</name>
      </trkpt>
      <trkpt lat="35.672773" lon="139.708106">
        <name>1:17:59</name>
      </trkpt>
      <trkpt lat="35.672596" lon="139.708159">
        <name>1:18:00</name>
      </trkpt>
      <trkpt lat="35.672454" lon="139.708186">
        <name>1:18:01</name>
      </trkpt>
      <trkpt lat="35.672332" lon="139.708197">
        <name>1:18:02</name>
      </trkpt>
      <trkpt lat="35.672208" lon="139.708189">
        <name>1:18:03</name>
      </trkpt>
      <trkpt lat="35.672150" lon="139.708181">
        <name>1:18:04</name>
      </trkpt>
      <trkpt lat="35.672088" lon="139.708167">
        <name>1:18:05</name>
      </trkpt>
      <trkpt lat="35.672015" lon="139.708136">
        <name>1:18:06</name>
      </trkpt>
      <trkpt lat="35.671917" lon="139.708086">
        <name>1:18:07</name>
      </trkpt>
      <trkpt lat="35.671839" lon="139.708036">
        <name>1:18:08</name>
      </trkpt>
      <trkpt lat="35.671754" lon="139.707967">
        <name>1:18:09</name>
      </trkpt>
      <trkpt lat="35.671343" lon="139.707624">
        <name>1:18:10</name>
      </trkpt>
      <trkpt lat="35.670950" lon="139.707280">
        <name>1:18:11</name>
      </trkpt>
      <trkpt lat="35.670675" lon="139.707090">
        <name>1:18:12</name>
      </trkpt>
      <trkpt lat="35.670228" lon="139.706807">
        <name>1:18:13</name>
      </trkpt>
      <trkpt lat="35.670222" lon="139.706803">
        <name>1:18:14</name>
      </trkpt>
      <trkpt lat="35.670130" lon="139.706743">
        <name>1:18:15</name>
      </trkpt>
      <trkpt lat="35.670074" lon="139.706698">
        <name>1:18:16</name>
      </trkpt>
      <trkpt lat="35.670041" lon="139.706672">
        <name>1:18:17</name>
      </trkpt>
      <trkpt lat="35.669748" lon="139.706431">
        <name>1:18:18</name>
      </trkpt>
      <trkpt lat="35.669608" lon="139.706321">
        <name>1:18:19</name>
      </trkpt>
      <trkpt lat="35.669287" lon="139.706065">
        <name>1:18:20</name>
      </trkpt>
      <trkpt lat="35.669131" lon="139.705928">
        <name>1:18:21</name>
      </trkpt>
      <trkpt lat="35.669083" lon="139.705886">
        <name>1:18:22</name>
      </trkpt>
      <trkpt lat="35.668749" lon="139.705623">
        <name>1:18:23</name>
      </trkpt>
      <trkpt lat="35.668682" lon="139.705573">
        <name>1:18:24</name>
      </trkpt>
      <trkpt lat="35.668516" lon="139.705455">
        <name>1:18:25</name>
      </trkpt>
      <trkpt lat="35.668441" lon="139.705402">
        <name>1:18:26</name>
      </trkpt>
      <trkpt lat="35.668303" lon="139.705304">
        <name>1:18:27</name>
      </trkpt>
      <trkpt lat="35.667834" lon="139.704973">
        <name>1:18:28</name>
      </trkpt>
      <trkpt lat="35.667806" lon="139.705023">
        <name>1:18:29</name>
      </trkpt>
      <trkpt lat="35.667628" lon="139.705333">
        <name>1:18:30</name>
      </trkpt>
      <trkpt lat="35.667589" lon="139.705377">
        <name>1:18:31</name>
      </trkpt>
      <trkpt lat="35.667531" lon="139.705412">
        <name>1:18:32</name>
      </trkpt>
      <trkpt lat="35.667503" lon="139.705425">
        <name>1:18:33</name>
      </trkpt>
      <trkpt lat="35.667442" lon="139.705446">
        <name>1:18:34</name>
      </trkpt>
      <trkpt lat="35.667345" lon="139.705516">
        <name>1:18:35</name>
      </trkpt>
      <trkpt lat="35.667271" lon="139.705599">
        <name>1:18:36</name>
      </trkpt>
      <trkpt lat="35.667243" lon="139.705630">
        <name>1:18:37</name>
      </trkpt>
      <trkpt lat="35.667279" lon="139.705650">
        <name>1:18:38</name>
      </trkpt>
      <trkpt lat="35.667445" lon="139.705788">
        <name>1:18:39</name>
      </trkpt>
      <trkpt lat="35.667552" lon="139.705874">
        <name>1:18:40</name>
      </trkpt>
      <trkpt lat="35.667580" lon="139.705888">
        <name>1:18:41</name>
      </trkpt>
      <trkpt lat="35.667263" lon="139.706434">
        <name>1:18:42</name>
      </trkpt>
      <trkpt lat="35.667247" lon="139.706460">
        <name>1:18:43</name>
      </trkpt>
      <trkpt lat="35.667230" lon="139.706488">
        <name>1:18:44</name>
      </trkpt>
      <trkpt lat="35.667213" lon="139.706517">
        <name>1:18:45</name>
      </trkpt>
      <trkpt lat="35.667206" lon="139.706528">
        <name>1:18:46</name>
      </trkpt>
      <trkpt lat="35.667196" lon="139.706544">
        <name>1:18:47</name>
      </trkpt>
      <trkpt lat="35.667117" lon="139.706678">
        <name>1:18:48</name>
      </trkpt>
      <trkpt lat="35.667035" lon="139.706813">
        <name>1:18:49</name>
      </trkpt>
      <trkpt lat="35.667035" lon="139.706813">
        <name>1:18:50</name>
      </trkpt>
      <trkpt lat="35.666997" lon="139.706877">
        <name>1:18:51</name>
      </trkpt>
      <trkpt lat="35.666979" lon="139.706907">
        <name>1:18:52</name>
      </trkpt>
      <trkpt lat="35.667006" lon="139.706938">
        <name>1:18:53</name>
      </trkpt>
      <trkpt lat="35.667217" lon="139.707122">
        <name>1:18:54</name>
      </trkpt>
      <trkpt lat="35.667264" lon="139.707137">
        <name>1:18:55</name>
      </trkpt>
      <trkpt lat="35.667450" lon="139.707167">
        <name>1:18:56</name>
      </trkpt>
      <trkpt lat="35.667478" lon="139.707171">
        <name>1:18:57</name>
      </trkpt>
      <trkpt lat="35.667505" lon="139.707190">
        <name>1:18:58</name>
      </trkpt>
      <trkpt lat="35.667582" lon="139.707243">
        <name>1:18:59</name>
      </trkpt>
      <trkpt lat="35.668021" lon="139.706298">
        <name>1:19:00</name>
      </trkpt>
      <trkpt lat="35.668274" lon="139.705753">
        <name>1:19:01</name>
      </trkpt>
      <trkpt lat="35.668331" lon="139.705633">
        <name>1:19:02</name>
      </trkpt>
      <trkpt lat="35.668365" lon="139.705561">
        <name>1:19:03</name>
      </trkpt>
      <trkpt lat="35.668441" lon="139.705402">
        <name>1:19:04</name>
      </trkpt>
      <trkpt lat="35.668471" lon="139.705338">
        <name>1:19:05</name>
      </trkpt>
      <trkpt lat="35.668545" lon="139.705392">
        <name>1:19:06</name>
      </trkpt>
      <trkpt lat="35.668711" lon="139.705514">
        <name>1:19:07</name>
      </trkpt>
      <trkpt lat="35.669143" lon="139.705840">
        <name>1:19:08</name>
      </trkpt>
      <trkpt lat="35.669429" lon="139.706075">
        <name>1:19:09</name>
      </trkpt>
      <trkpt lat="35.669619" lon="139.706231">
        <name>1:19:10</name>
      </trkpt>
      <trkpt lat="35.670033" lon="139.706568">
        <name>1:19:11</name>
      </trkpt>
      <trkpt lat="35.670113" lon="139.706630">
        <name>1:19:12</name>
      </trkpt>
      <trkpt lat="35.670208" lon="139.706705">
        <name>1:19:13</name>
      </trkpt>
      <trkpt lat="35.670261" lon="139.706738">
        <name>1:19:14</name>
      </trkpt>
      <trkpt lat="35.670828" lon="139.707091">
        <name>1:19:15</name>
      </trkpt>
      <trkpt lat="35.670863" lon="139.707119">
        <name>1:19:16</name>
      </trkpt>
      <trkpt lat="35.670983" lon="139.707217">
        <name>1:19:17</name>
      </trkpt>
      <trkpt lat="35.671392" lon="139.707561">
        <name>1:19:18</name>
      </trkpt>
      <trkpt lat="35.671476" lon="139.707634">
        <name>1:19:19</name>
      </trkpt>
      <trkpt lat="35.671786" lon="139.707902">
        <name>1:19:20</name>
      </trkpt>
      <trkpt lat="35.671877" lon="139.707965">
        <name>1:19:21</name>
      </trkpt>
      <trkpt lat="35.671949" lon="139.708006">
        <name>1:19:22</name>
      </trkpt>
      <trkpt lat="35.672036" lon="139.708052">
        <name>1:19:23</name>
      </trkpt>
      <trkpt lat="35.672111" lon="139.708080">
        <name>1:19:24</name>
      </trkpt>
      <trkpt lat="35.672186" lon="139.708095">
        <name>1:19:25</name>
      </trkpt>
      <trkpt lat="35.672255" lon="139.708103">
        <name>1:19:26</name>
      </trkpt>
      <trkpt lat="35.672384" lon="139.708106">
        <name>1:19:27</name>
      </trkpt>
      <trkpt lat="35.672486" lon="139.708099">
        <name>1:19:28</name>
      </trkpt>
      <trkpt lat="35.672582" lon="139.708080">
        <name>1:19:29</name>
      </trkpt>
      <trkpt lat="35.672622" lon="139.708068">
        <name>1:19:30</name>
      </trkpt>
      <trkpt lat="35.672722" lon="139.708034">
        <name>1:19:31</name>
      </trkpt>
      <trkpt lat="35.672888" lon="139.707964">
        <name>1:19:32</name>
      </trkpt>
      <trkpt lat="35.673358" lon="139.707715">
        <name>1:19:33</name>
      </trkpt>
      <trkpt lat="35.673538" lon="139.707633">
        <name>1:19:34</name>
      </trkpt>
      <trkpt lat="35.674108" lon="139.707363">
        <name>1:19:35</name>
      </trkpt>
      <trkpt lat="35.674499" lon="139.707107">
        <name>1:19:36</name>
      </trkpt>
      <trkpt lat="35.674613" lon="139.707021">
        <name>1:19:37</name>
      </trkpt>
      <trkpt lat="35.674721" lon="139.706942">
        <name>1:19:38</name>
      </trkpt>
      <trkpt lat="35.674851" lon="139.706855">
        <name>1:19:39</name>
      </trkpt>
      <trkpt lat="35.675207" lon="139.706733">
        <name>1:19:40</name>
      </trkpt>
      <trkpt lat="35.675325" lon="139.706698">
        <name>1:19:41</name>
      </trkpt>
      <trkpt lat="35.675546" lon="139.706626">
        <name>1:19:42</name>
      </trkpt>
      <trkpt lat="35.675615" lon="139.706604">
        <name>1:19:43</name>
      </trkpt>
      <trkpt lat="35.676177" lon="139.706460">
        <name>1:19:44</name>
      </trkpt>
      <trkpt lat="35.676454" lon="139.706383">
        <name>1:19:45</name>
      </trkpt>
      <trkpt lat="35.676553" lon="139.706357">
        <name>1:19:46</name>
      </trkpt>
      <trkpt lat="35.676724" lon="139.706316">
        <name>1:19:47</name>
      </trkpt>
      <trkpt lat="35.677216" lon="139.706184">
        <name>1:19:48</name>
      </trkpt>
      <trkpt lat="35.677374" lon="139.706139">
        <name>1:19:49</name>
      </trkpt>
      <trkpt lat="35.677454" lon="139.706111">
        <name>1:19:50</name>
      </trkpt>
      <trkpt lat="35.677550" lon="139.706072">
        <name>1:19:51</name>
      </trkpt>
      <trkpt lat="35.677648" lon="139.706023">
        <name>1:19:52</name>
      </trkpt>
      <trkpt lat="35.677803" lon="139.705930">
        <name>1:19:53</name>
      </trkpt>
      <trkpt lat="35.678200" lon="139.705636">
        <name>1:19:54</name>
      </trkpt>
      <trkpt lat="35.678260" lon="139.705593">
        <name>1:19:55</name>
      </trkpt>
      <trkpt lat="35.678328" lon="139.705545">
        <name>1:19:56</name>
      </trkpt>
      <trkpt lat="35.678755" lon="139.705210">
        <name>1:19:57</name>
      </trkpt>
      <trkpt lat="35.679076" lon="139.704959">
        <name>1:19:58</name>
      </trkpt>
      <trkpt lat="35.679370" lon="139.704710">
        <name>1:19:59</name>
      </trkpt>
      <trkpt lat="35.679555" lon="139.704628">
        <name>1:20:00</name>
      </trkpt>
      <trkpt lat="35.679709" lon="139.704572">
        <name>1:20:01</name>
      </trkpt>
      <trkpt lat="35.679921" lon="139.704520">
        <name>1:20:02</name>
      </trkpt>
      <trkpt lat="35.679951" lon="139.704445">
        <name>1:20:03</name>
      </trkpt>
      <trkpt lat="35.680006" lon="139.704372">
        <name>1:20:04</name>
      </trkpt>
      <trkpt lat="35.680110" lon="139.704275">
        <name>1:20:05</name>
      </trkpt>
      <trkpt lat="35.680164" lon="139.704229">
        <name>1:20:06</name>
      </trkpt>
      <trkpt lat="35.680235" lon="139.704203">
        <name>1:20:07</name>
      </trkpt>
      <trkpt lat="35.680303" lon="139.704183">
        <name>1:20:08</name>
      </trkpt>
      <trkpt lat="35.680214" lon="139.703610">
        <name>1:20:09</name>
      </trkpt>
      <trkpt lat="35.680204" lon="139.703544">
        <name>1:20:10</name>
      </trkpt>
      <trkpt lat="35.680152" lon="139.703214">
        <name>1:20:11</name>
      </trkpt>
      <trkpt lat="35.680134" lon="139.703096">
        <name>1:20:12</name>
      </trkpt>
      <trkpt lat="35.680231" lon="139.703042">
        <name>1:20:13</name>
      </trkpt>
      <trkpt lat="35.680369" lon="139.702962">
        <name>1:20:14</name>
      </trkpt>
      <trkpt lat="35.680443" lon="139.702903">
        <name>1:20:15</name>
      </trkpt>
      <trkpt lat="35.680502" lon="139.702836">
        <name>1:20:16</name>
      </trkpt>
      <trkpt lat="35.680552" lon="139.702752">
        <name>1:20:17</name>
      </trkpt>
      <trkpt lat="35.680662" lon="139.702569">
        <name>1:20:18</name>
      </trkpt>
      <trkpt lat="35.680742" lon="139.702473">
        <name>1:20:19</name>
      </trkpt>
      <trkpt lat="35.680765" lon="139.702456">
        <name>1:20:20</name>
      </trkpt>
      <trkpt lat="35.680852" lon="139.702416">
        <name>1:20:21</name>
      </trkpt>
      <trkpt lat="35.681328" lon="139.702252">
        <name>1:20:22</name>
      </trkpt>
      <trkpt lat="35.681420" lon="139.702216">
        <name>1:20:23</name>
      </trkpt>
      <trkpt lat="35.681772" lon="139.702101">
        <name>1:20:24</name>
      </trkpt>
      <trkpt lat="35.682498" lon="139.701846">
        <name>1:20:25</name>
      </trkpt>
      <trkpt lat="35.682647" lon="139.701805">
        <name>1:20:26</name>
      </trkpt>
      <trkpt lat="35.682754" lon="139.701775">
        <name>1:20:27</name>
      </trkpt>
      <trkpt lat="35.682861" lon="139.701752">
        <name>1:20:28</name>
      </trkpt>
      <trkpt lat="35.683176" lon="139.701683">
        <name>1:20:29</name>
      </trkpt>
      <trkpt lat="35.683283" lon="139.701658">
        <name>1:20:30</name>
      </trkpt>
      <trkpt lat="35.683422" lon="139.701624">
        <name>1:20:31</name>
      </trkpt>
      <trkpt lat="35.683608" lon="139.701580">
        <name>1:20:32</name>
      </trkpt>
      <trkpt lat="35.684143" lon="139.701452">
        <name>1:20:33</name>
      </trkpt>
      <trkpt lat="35.684544" lon="139.701337">
        <name>1:20:34</name>
      </trkpt>
      <trkpt lat="35.684737" lon="139.701272">
        <name>1:20:35</name>
      </trkpt>
      <trkpt lat="35.684846" lon="139.701236">
        <name>1:20:36</name>
      </trkpt>
      <trkpt lat="35.685306" lon="139.701087">
        <name>1:20:37</name>
      </trkpt>
      <trkpt lat="35.685374" lon="139.701050">
        <name>1:20:38</name>
      </trkpt>
      <trkpt lat="35.685428" lon="139.701008">
        <name>1:20:39</name>
      </trkpt>
      <trkpt lat="35.685455" lon="139.700984">
        <name>1:20:40</name>
      </trkpt>
      <trkpt lat="35.685481" lon="139.700956">
        <name>1:20:41</name>
      </trkpt>
      <trkpt lat="35.685532" lon="139.700899">
        <name>1:20:42</name>
      </trkpt>
      <trkpt lat="35.685596" lon="139.700827">
        <name>1:20:43</name>
      </trkpt>
      <trkpt lat="35.685632" lon="139.700786">
        <name>1:20:44</name>
      </trkpt>
      <trkpt lat="35.685664" lon="139.700750">
        <name>1:20:45</name>
      </trkpt>
      <trkpt lat="35.685704" lon="139.700704">
        <name>1:20:46</name>
      </trkpt>
      <trkpt lat="35.685753" lon="139.700649">
        <name>1:20:47</name>
      </trkpt>
      <trkpt lat="35.686342" lon="139.699978">
        <name>1:20:48</name>
      </trkpt>
      <trkpt lat="35.686575" lon="139.699803">
        <name>1:20:49</name>
      </trkpt>
      <trkpt lat="35.686921" lon="139.699608">
        <name>1:20:50</name>
      </trkpt>
      <trkpt lat="35.687136" lon="139.699520">
        <name>1:20:51</name>
      </trkpt>
      <trkpt lat="35.687708" lon="139.699314">
        <name>1:20:52</name>
      </trkpt>
      <trkpt lat="35.688179" lon="139.699132">
        <name>1:20:53</name>
      </trkpt>
      <trkpt lat="35.688366" lon="139.699059">
        <name>1:20:54</name>
      </trkpt>
      <trkpt lat="35.688424" lon="139.699036">
        <name>1:20:55</name>
      </trkpt>
      <trkpt lat="35.688541" lon="139.698988">
        <name>1:20:56</name>
      </trkpt>
      <trkpt lat="35.688652" lon="139.698941">
        <name>1:20:57</name>
      </trkpt>
      <trkpt lat="35.688746" lon="139.699185">
        <name>1:20:58</name>
      </trkpt>
      <trkpt lat="35.688824" lon="139.699378">
        <name>1:20:59</name>
      </trkpt>
      <trkpt lat="35.688907" lon="139.699587">
        <name>1:21:00</name>
      </trkpt>
      <trkpt lat="35.688954" lon="139.699717">
        <name>1:21:01</name>
      </trkpt>
      <trkpt lat="35.689015" lon="139.699929">
        <name>1:21:02</name>
      </trkpt>
      <trkpt lat="35.689053" lon="139.700090">
        <name>1:21:03</name>
      </trkpt>
      <trkpt lat="35.689092" lon="139.700283">
        <name>1:21:04</name>
      </trkpt>
      <trkpt lat="35.689160" lon="139.700651">
        <name>1:21:05</name>
      </trkpt>
      <trkpt lat="35.689160" lon="139.700651">
        <name>1:21:06</name>
      </trkpt>
      <trkpt lat="35.689160" lon="139.700651">
        <name>1:21:07</name>
      </trkpt>
      <trkpt lat="35.689160" lon="139.700651">
        <name>1:21:08</name>
      </trkpt>
      <trkpt lat="35.689251" lon="139.701144">
        <name>1:21:09</name>
      </trkpt>
      <trkpt lat="35.689318" lon="139.701466">
        <name>1:21:10</name>
      </trkpt>
      <trkpt lat="35.689392" lon="139.701768">
        <name>1:21:11</name>
      </trkpt>
      <trkpt lat="35.689432" lon="139.701931">
        <name>1:21:12</name>
      </trkpt>
      <trkpt lat="35.689553" lon="139.702426">
        <name>1:21:13</name>
      </trkpt>
      <trkpt lat="35.689650" lon="139.702879">
        <name>1:21:14</name>
      </trkpt>
      <trkpt lat="35.689702" lon="139.703184">
        <name>1:21:15</name>
      </trkpt>
      <trkpt lat="35.689735" lon="139.703422">
        <name>1:21:16</name>
      </trkpt>
      <trkpt lat="35.689766" lon="139.703641">
        <name>1:21:17</name>
      </trkpt>
      <trkpt lat="35.689802" lon="139.703923">
        <name>1:21:18</name>
      </trkpt>
      <trkpt lat="35.689811" lon="139.703991">
        <name>1:21:19</name>
      </trkpt>
      <trkpt lat="35.689825" lon="139.704126">
        <name>1:21:20</name>
      </trkpt>
      <trkpt lat="35.689838" lon="139.704233">
        <name>1:21:21</name>
      </trkpt>
      <trkpt lat="35.689711" lon="139.704152">
        <name>1:21:22</name>
      </trkpt>
      <trkpt lat="35.689599" lon="139.704076">
        <name>1:21:23</name>
      </trkpt>
      <trkpt lat="35.688642" lon="139.703423">
        <name>1:21:24</name>
      </trkpt>
      <trkpt lat="35.688589" lon="139.703447">
        <name>1:21:25</name>
      </trkpt>
      <trkpt lat="35.688178" lon="139.703637">
        <name>1:21:26</name>
      </trkpt>
      <trkpt lat="35.688207" lon="139.703906">
        <name>1:21:27</name>
      </trkpt>
      <trkpt lat="35.688118" lon="139.704204">
        <name>1:21:28</name>
      </trkpt>
      <trkpt lat="35.688200" lon="139.704242">
        <name>1:21:29</name>
      </trkpt>
      <trkpt lat="35.688236" lon="139.704708">
        <name>1:21:30</name>
      </trkpt>
      <trkpt lat="35.688673" lon="139.704667">
        <name>1:21:31</name>
      </trkpt>
      <trkpt lat="35.688785" lon="139.704684">
        <name>1:21:32</name>
      </trkpt>
      <trkpt lat="35.689157" lon="139.704621">
        <name>1:21:33</name>
      </trkpt>
      <trkpt lat="35.689157" lon="139.704621">
        <name>1:21:34</name>
      </trkpt>
      <trkpt lat="35.689642" lon="139.704538">
        <name>1:21:35</name>
      </trkpt>
      <trkpt lat="35.689745" lon="139.704533">
        <name>1:21:36</name>
      </trkpt>
      <trkpt lat="35.689733" lon="139.704399">
        <name>1:21:37</name>
      </trkpt>
      <trkpt lat="35.689725" lon="139.704297">
        <name>1:21:38</name>
      </trkpt>
      <trkpt lat="35.689711" lon="139.704152">
        <name>1:21:39</name>
      </trkpt>
      <trkpt lat="35.689703" lon="139.704046">
        <name>1:21:40</name>
      </trkpt>
      <trkpt lat="35.689692" lon="139.703918">
        <name>1:21:41</name>
      </trkpt>
      <trkpt lat="35.689678" lon="139.703780">
        <name>1:21:42</name>
      </trkpt>
      <trkpt lat="35.689623" lon="139.703673">
        <name>1:21:43</name>
      </trkpt>
      <trkpt lat="35.689581" lon="139.703619">
        <name>1:21:44</name>
      </trkpt>
      <trkpt lat="35.689566" lon="139.703564">
        <name>1:21:45</name>
      </trkpt>
      <trkpt lat="35.689500" lon="139.703081">
        <name>1:21:46</name>
      </trkpt>
      <trkpt lat="35.689436" lon="139.702713">
        <name>1:21:47</name>
      </trkpt>
      <trkpt lat="35.689329" lon="139.702268">
        <name>1:21:48</name>
      </trkpt>
      <trkpt lat="35.689332" lon="139.702170">
        <name>1:21:49</name>
      </trkpt>
      <trkpt lat="35.689588" lon="139.702098">
        <name>1:21:50</name>
      </trkpt>
      <trkpt lat="35.689603" lon="139.702168">
        <name>1:21:51</name>
      </trkpt>
      <trkpt lat="35.689708" lon="139.702626">
        <name>1:21:52</name>
      </trkpt>
      <trkpt lat="35.689795" lon="139.703133">
        <name>1:21:53</name>
      </trkpt>
      <trkpt lat="35.689811" lon="139.703229">
        <name>1:21:54</name>
      </trkpt>
      <trkpt lat="35.689769" lon="139.703274">
        <name>1:21:55</name>
      </trkpt>
      <trkpt lat="35.689749" lon="139.703322">
        <name>1:21:56</name>
      </trkpt>
      <trkpt lat="35.689741" lon="139.703369">
        <name>1:21:57</name>
      </trkpt>
      <trkpt lat="35.689735" lon="139.703422">
        <name>1:21:58</name>
      </trkpt>
      <trkpt lat="35.689766" lon="139.703641">
        <name>1:21:59</name>
      </trkpt>
      <trkpt lat="35.689802" lon="139.703923">
        <name>1:22:00</name>
      </trkpt>
      <trkpt lat="35.689811" lon="139.703991">
        <name>1:22:01</name>
      </trkpt>
      <trkpt lat="35.689825" lon="139.704126">
        <name>1:22:02</name>
      </trkpt>
      <trkpt lat="35.689982" lon="139.704223">
        <name>1:22:03</name>
      </trkpt>
      <trkpt lat="35.690320" lon="139.704455">
        <name>1:22:04</name>
      </trkpt>
      <trkpt lat="35.690461" lon="139.704549">
        <name>1:22:05</name>
      </trkpt>
      <trkpt lat="35.690741" lon="139.704744">
        <name>1:22:06</name>
      </trkpt>
      <trkpt lat="35.690884" lon="139.704836">
        <name>1:22:07</name>
      </trkpt>
      <trkpt lat="35.691052" lon="139.704943">
        <name>1:22:08</name>
      </trkpt>
      <trkpt lat="35.691354" lon="139.705119">
        <name>1:22:09</name>
      </trkpt>
      <trkpt lat="35.691536" lon="139.705241">
        <name>1:22:10</name>
      </trkpt>
      <trkpt lat="35.691766" lon="139.705377">
        <name>1:22:11</name>
      </trkpt>
      <trkpt lat="35.691810" lon="139.705402">
        <name>1:22:12</name>
      </trkpt>
      <trkpt lat="35.691872" lon="139.705440">
        <name>1:22:13</name>
      </trkpt>
      <trkpt lat="35.692197" lon="139.705635">
        <name>1:22:14</name>
      </trkpt>
      <trkpt lat="35.692245" lon="139.705663">
        <name>1:22:15</name>
      </trkpt>
      <trkpt lat="35.692388" lon="139.705747">
        <name>1:22:16</name>
      </trkpt>
      <trkpt lat="35.692430" lon="139.705557">
        <name>1:22:17</name>
      </trkpt>
      <trkpt lat="35.692441" lon="139.705516">
        <name>1:22:18</name>
      </trkpt>
      <trkpt lat="35.692452" lon="139.705473">
        <name>1:22:19</name>
      </trkpt>
      <trkpt lat="35.692534" lon="139.705160">
        <name>1:22:20</name>
      </trkpt>
      <trkpt lat="35.692708" lon="139.704533">
        <name>1:22:21</name>
      </trkpt>
      <trkpt lat="35.692778" lon="139.704288">
        <name>1:22:22</name>
      </trkpt>
      <trkpt lat="35.692836" lon="139.704078">
        <name>1:22:23</name>
      </trkpt>
      <trkpt lat="35.692931" lon="139.703745">
        <name>1:22:24</name>
      </trkpt>
      <trkpt lat="35.692950" lon="139.703680">
        <name>1:22:25</name>
      </trkpt>
      <trkpt lat="35.692997" lon="139.703512">
        <name>1:22:26</name>
      </trkpt>
      <trkpt lat="35.693021" lon="139.703427">
        <name>1:22:27</name>
      </trkpt>
      <trkpt lat="35.693141" lon="139.703482">
        <name>1:22:28</name>
      </trkpt>
      <trkpt lat="35.693246" lon="139.703529">
        <name>1:22:29</name>
      </trkpt>
      <trkpt lat="35.693315" lon="139.703561">
        <name>1:22:30</name>
      </trkpt>
      <trkpt lat="35.693462" lon="139.703629">
        <name>1:22:31</name>
      </trkpt>
      <trkpt lat="35.693540" lon="139.703666">
        <name>1:22:32</name>
      </trkpt>
      <trkpt lat="35.693750" lon="139.703764">
        <name>1:22:33</name>
      </trkpt>
      <trkpt lat="35.693750" lon="139.703764">
        <name>1:22:34</name>
      </trkpt>
      <trkpt lat="35.693897" lon="139.703832">
        <name>1:22:35</name>
      </trkpt>
      <trkpt lat="35.694197" lon="139.703962">
        <name>1:22:36</name>
      </trkpt>
      <trkpt lat="35.694863" lon="139.704266">
        <name>1:22:37</name>
      </trkpt>
      <trkpt lat="35.694973" lon="139.704310">
        <name>1:22:38</name>
      </trkpt>
      <trkpt lat="35.694975" lon="139.704217">
        <name>1:22:39</name>
      </trkpt>
      <trkpt lat="35.695011" lon="139.704058">
        <name>1:22:40</name>
      </trkpt>
      <trkpt lat="35.695038" lon="139.703944">
        <name>1:22:41</name>
      </trkpt>
      <trkpt lat="35.695098" lon="139.703687">
        <name>1:22:42</name>
      </trkpt>
      <trkpt lat="35.695124" lon="139.703577">
        <name>1:22:43</name>
      </trkpt>
      <trkpt lat="35.695166" lon="139.703407">
        <name>1:22:44</name>
      </trkpt>
      <trkpt lat="35.695183" lon="139.703364">
        <name>1:22:45</name>
      </trkpt>
      <trkpt lat="35.695220" lon="139.703375">
        <name>1:22:46</name>
      </trkpt>
      <trkpt lat="35.695290" lon="139.703395">
        <name>1:22:47</name>
      </trkpt>
      <trkpt lat="35.695508" lon="139.703458">
        <name>1:22:48</name>
      </trkpt>
      <trkpt lat="35.695508" lon="139.703458">
        <name>1:22:49</name>
      </trkpt>
      <trkpt lat="35.695640" lon="139.703496">
        <name>1:22:50</name>
      </trkpt>
      <trkpt lat="35.695961" lon="139.703571">
        <name>1:22:51</name>
      </trkpt>
      <trkpt lat="35.695845" lon="139.704202">
        <name>1:22:52</name>
      </trkpt>
      <trkpt lat="35.695797" lon="139.704458">
        <name>1:22:53</name>
      </trkpt>
      <trkpt lat="35.695785" lon="139.704525">
        <name>1:22:54</name>
      </trkpt>
      <trkpt lat="35.695037" lon="139.704332">
        <name>1:22:55</name>
      </trkpt>
      <trkpt lat="35.694973" lon="139.704310">
        <name>1:22:56</name>
      </trkpt>
      <trkpt lat="35.694863" lon="139.704266">
        <name>1:22:57</name>
      </trkpt>
      <trkpt lat="35.694197" lon="139.703962">
        <name>1:22:58</name>
      </trkpt>
      <trkpt lat="35.693897" lon="139.703832">
        <name>1:22:59</name>
      </trkpt>
      <trkpt lat="35.693540" lon="139.703666">
        <name>1:23:00</name>
      </trkpt>
      <trkpt lat="35.693462" lon="139.703629">
        <name>1:23:01</name>
      </trkpt>
      <trkpt lat="35.693315" lon="139.703561">
        <name>1:23:02</name>
      </trkpt>
      <trkpt lat="35.693246" lon="139.703529">
        <name>1:23:03</name>
      </trkpt>
      <trkpt lat="35.693141" lon="139.703482">
        <name>1:23:04</name>
      </trkpt>
      <trkpt lat="35.693072" lon="139.703731">
        <name>1:23:05</name>
      </trkpt>
      <trkpt lat="35.692837" lon="139.704588">
        <name>1:23:06</name>
      </trkpt>
      <trkpt lat="35.692597" lon="139.705493">
        <name>1:23:07</name>
      </trkpt>
      <trkpt lat="35.692587" lon="139.705528">
        <name>1:23:08</name>
      </trkpt>
      <trkpt lat="35.692577" lon="139.705567">
        <name>1:23:09</name>
      </trkpt>
      <trkpt lat="35.692565" lon="139.705611">
        <name>1:23:10</name>
      </trkpt>
      <trkpt lat="35.692510" lon="139.705818">
        <name>1:23:11</name>
      </trkpt>
      <trkpt lat="35.692490" lon="139.705892">
        <name>1:23:12</name>
      </trkpt>
      <trkpt lat="35.692371" lon="139.705823">
        <name>1:23:13</name>
      </trkpt>
      <trkpt lat="35.692221" lon="139.705735">
        <name>1:23:14</name>
      </trkpt>
      <trkpt lat="35.691893" lon="139.705539">
        <name>1:23:15</name>
      </trkpt>
      <trkpt lat="35.691832" lon="139.705503">
        <name>1:23:16</name>
      </trkpt>
      <trkpt lat="35.691769" lon="139.705465">
        <name>1:23:17</name>
      </trkpt>
      <trkpt lat="35.691498" lon="139.705306">
        <name>1:23:18</name>
      </trkpt>
      <trkpt lat="35.691326" lon="139.705192">
        <name>1:23:19</name>
      </trkpt>
      <trkpt lat="35.691188" lon="139.705110">
        <name>1:23:20</name>
      </trkpt>
      <trkpt lat="35.691024" lon="139.705014">
        <name>1:23:21</name>
      </trkpt>
      <trkpt lat="35.690851" lon="139.704908">
        <name>1:23:22</name>
      </trkpt>
      <trkpt lat="35.690708" lon="139.704813">
        <name>1:23:23</name>
      </trkpt>
      <trkpt lat="35.690504" lon="139.704680">
        <name>1:23:24</name>
      </trkpt>
      <trkpt lat="35.690291" lon="139.704530">
        <name>1:23:25</name>
      </trkpt>
      <trkpt lat="35.690095" lon="139.704398">
        <name>1:23:26</name>
      </trkpt>
      <trkpt lat="35.690001" lon="139.704335">
        <name>1:23:27</name>
      </trkpt>
      <trkpt lat="35.689838" lon="139.704233">
        <name>1:23:28</name>
      </trkpt>
      <trkpt lat="35.689711" lon="139.704152">
        <name>1:23:29</name>
      </trkpt>
      <trkpt lat="35.689703" lon="139.704046">
        <name>1:23:30</name>
      </trkpt>
      <trkpt lat="35.689692" lon="139.703918">
        <name>1:23:31</name>
      </trkpt>
      <trkpt lat="35.689678" lon="139.703780">
        <name>1:23:32</name>
      </trkpt>
      <trkpt lat="35.689652" lon="139.703560">
        <name>1:23:33</name>
      </trkpt>
      <trkpt lat="35.689610" lon="139.703204">
        <name>1:23:34</name>
      </trkpt>
      <trkpt lat="35.689560" lon="139.702903">
        <name>1:23:35</name>
      </trkpt>
      <trkpt lat="35.689468" lon="139.702470">
        <name>1:23:36</name>
      </trkpt>
      <trkpt lat="35.689393" lon="139.702172">
        <name>1:23:37</name>
      </trkpt>
      <trkpt lat="35.689353" lon="139.702011">
        <name>1:23:38</name>
      </trkpt>
      <trkpt lat="35.689334" lon="139.701943">
        <name>1:23:39</name>
      </trkpt>
      <trkpt lat="35.689334" lon="139.701943">
        <name>1:23:40</name>
      </trkpt>
      <trkpt lat="35.689334" lon="139.701943">
        <name>1:23:41</name>
      </trkpt>
      <trkpt lat="35.689334" lon="139.701943">
        <name>1:23:42</name>
      </trkpt>
      <trkpt lat="35.689334" lon="139.701943">
        <name>1:23:43</name>
      </trkpt>
      <trkpt lat="35.689334" lon="139.701943">
        <name>1:23:44</name>
      </trkpt>
      <trkpt lat="35.689324" lon="139.701907">
        <name>1:23:45</name>
      </trkpt>
      <trkpt lat="35.689215" lon="139.701495">
        <name>1:23:46</name>
      </trkpt>
      <trkpt lat="35.689145" lon="139.701172">
        <name>1:23:47</name>
      </trkpt>
      <trkpt lat="35.689021" lon="139.700488">
        <name>1:23:48</name>
      </trkpt>
      <trkpt lat="35.688951" lon="139.700117">
        <name>1:23:49</name>
      </trkpt>
      <trkpt lat="35.688912" lon="139.699956">
        <name>1:23:50</name>
      </trkpt>
      <trkpt lat="35.688867" lon="139.699791">
        <name>1:23:51</name>
      </trkpt>
      <trkpt lat="35.688812" lon="139.699641">
        <name>1:23:52</name>
      </trkpt>
      <trkpt lat="35.688749" lon="139.699480">
        <name>1:23:53</name>
      </trkpt>
      <trkpt lat="35.688665" lon="139.699297">
        <name>1:23:54</name>
      </trkpt>
      <trkpt lat="35.688625" lon="139.699210">
        <name>1:23:55</name>
      </trkpt>
      <trkpt lat="35.688541" lon="139.698988">
        <name>1:23:56</name>
      </trkpt>
      <trkpt lat="35.688652" lon="139.698941">
        <name>1:23:57</name>
      </trkpt>
      <trkpt lat="35.688757" lon="139.698827">
        <name>1:23:58</name>
      </trkpt>
      <trkpt lat="35.689147" lon="139.698771">
        <name>1:23:59</name>
      </trkpt>
      <trkpt lat="35.689433" lon="139.698731">
        <name>1:24:00</name>
      </trkpt>
      <trkpt lat="35.689941" lon="139.698658">
        <name>1:24:01</name>
      </trkpt>
      <trkpt lat="35.690013" lon="139.698648">
        <name>1:24:02</name>
      </trkpt>
      <trkpt lat="35.690129" lon="139.698631">
        <name>1:24:03</name>
      </trkpt>
      <trkpt lat="35.690153" lon="139.698623">
        <name>1:24:04</name>
      </trkpt>
      <trkpt lat="35.690178" lon="139.698606">
        <name>1:24:05</name>
      </trkpt>
      <trkpt lat="35.690198" lon="139.698581">
        <name>1:24:06</name>
      </trkpt>
      <trkpt lat="35.690218" lon="139.698546">
        <name>1:24:07</name>
      </trkpt>
      <trkpt lat="35.690268" lon="139.698407">
        <name>1:24:08</name>
      </trkpt>
      <trkpt lat="35.690288" lon="139.698366">
        <name>1:24:09</name>
      </trkpt>
      <trkpt lat="35.690313" lon="139.698332">
        <name>1:24:10</name>
      </trkpt>
      <trkpt lat="35.690345" lon="139.698312">
        <name>1:24:11</name>
      </trkpt>
      <trkpt lat="35.690378" lon="139.698300">
        <name>1:24:12</name>
      </trkpt>
      <trkpt lat="35.690412" lon="139.698293">
        <name>1:24:13</name>
      </trkpt>
      <trkpt lat="35.690493" lon="139.698286">
        <name>1:24:14</name>
      </trkpt>
      <trkpt lat="35.690570" lon="139.698279">
        <name>1:24:15</name>
      </trkpt>
      <trkpt lat="35.690730" lon="139.698265">
        <name>1:24:16</name>
      </trkpt>
      <trkpt lat="35.690917" lon="139.698248">
        <name>1:24:17</name>
      </trkpt>
      <trkpt lat="35.690977" lon="139.698243">
        <name>1:24:18</name>
      </trkpt>
      <trkpt lat="35.691042" lon="139.698237">
        <name>1:24:19</name>
      </trkpt>
      <trkpt lat="35.691070" lon="139.698218">
        <name>1:24:20</name>
      </trkpt>
      <trkpt lat="35.691097" lon="139.698187">
        <name>1:24:21</name>
      </trkpt>
      <trkpt lat="35.691112" lon="139.698160">
        <name>1:24:22</name>
      </trkpt>
      <trkpt lat="35.691124" lon="139.698116">
        <name>1:24:23</name>
      </trkpt>
      <trkpt lat="35.691127" lon="139.698078">
        <name>1:24:24</name>
      </trkpt>
      <trkpt lat="35.691125" lon="139.698041">
        <name>1:24:25</name>
      </trkpt>
      <trkpt lat="35.691118" lon="139.697895">
        <name>1:24:26</name>
      </trkpt>
      <trkpt lat="35.691085" lon="139.697293">
        <name>1:24:27</name>
      </trkpt>
      <trkpt lat="35.691054" lon="139.696706">
        <name>1:24:28</name>
      </trkpt>
      <trkpt lat="35.691050" lon="139.696639">
        <name>1:24:29</name>
      </trkpt>
      <trkpt lat="35.691023" lon="139.696311">
        <name>1:24:30</name>
      </trkpt>
      <trkpt lat="35.691159" lon="139.696314">
        <name>1:24:31</name>
      </trkpt>
      <trkpt lat="35.691267" lon="139.696346">
        <name>1:24:32</name>
      </trkpt>
      <trkpt lat="35.691361" lon="139.696372">
        <name>1:24:33</name>
      </trkpt>
      <trkpt lat="35.691474" lon="139.696403">
        <name>1:24:34</name>
      </trkpt>
      <trkpt lat="35.691763" lon="139.696505">
        <name>1:24:35</name>
      </trkpt>
      <trkpt lat="35.691838" lon="139.696531">
        <name>1:24:36</name>
      </trkpt>
      <trkpt lat="35.691976" lon="139.696582">
        <name>1:24:37</name>
      </trkpt>
      <trkpt lat="35.692112" lon="139.696632">
        <name>1:24:38</name>
      </trkpt>
      <trkpt lat="35.692174" lon="139.696655">
        <name>1:24:39</name>
      </trkpt>
      <trkpt lat="35.692474" lon="139.696765">
        <name>1:24:40</name>
      </trkpt>
      <trkpt lat="35.692601" lon="139.696773">
        <name>1:24:41</name>
      </trkpt>
      <trkpt lat="35.692983" lon="139.696913">
        <name>1:24:42</name>
      </trkpt>
      <trkpt lat="35.693078" lon="139.696957">
        <name>1:24:43</name>
      </trkpt>
      <trkpt lat="35.693131" lon="139.696996">
        <name>1:24:44</name>
      </trkpt>
      <trkpt lat="35.693205" lon="139.697057">
        <name>1:24:45</name>
      </trkpt>
      <trkpt lat="35.693266" lon="139.697140">
        <name>1:24:46</name>
      </trkpt>
      <trkpt lat="35.693332" lon="139.697251">
        <name>1:24:47</name>
      </trkpt>
      <trkpt lat="35.693468" lon="139.697553">
        <name>1:24:48</name>
      </trkpt>
      <trkpt lat="35.693545" lon="139.697780">
        <name>1:24:49</name>
      </trkpt>
      <trkpt lat="35.693634" lon="139.698088">
        <name>1:24:50</name>
      </trkpt>
      <trkpt lat="35.693665" lon="139.698574">
        <name>1:24:51</name>
      </trkpt>
      <trkpt lat="35.693683" lon="139.698858">
        <name>1:24:52</name>
      </trkpt>
      <trkpt lat="35.693687" lon="139.698930">
        <name>1:24:53</name>
      </trkpt>
      <trkpt lat="35.693700" lon="139.699098">
        <name>1:24:54</name>
      </trkpt>
      <trkpt lat="35.693718" lon="139.699361">
        <name>1:24:55</name>
      </trkpt>
      <trkpt lat="35.693727" lon="139.699483">
        <name>1:24:56</name>
      </trkpt>
      <trkpt lat="35.693787" lon="139.700347">
        <name>1:24:57</name>
      </trkpt>
      <trkpt lat="35.693802" lon="139.700574">
        <name>1:24:58</name>
      </trkpt>
      <trkpt lat="35.693803" lon="139.700668">
        <name>1:24:59</name>
      </trkpt>
      <trkpt lat="35.693796" lon="139.700727">
        <name>1:25:00</name>
      </trkpt>
      <trkpt lat="35.693765" lon="139.700870">
        <name>1:25:01</name>
      </trkpt>
      <trkpt lat="35.693751" lon="139.700932">
        <name>1:25:02</name>
      </trkpt>
      <trkpt lat="35.693739" lon="139.700988">
        <name>1:25:03</name>
      </trkpt>
      <trkpt lat="35.693670" lon="139.701285">
        <name>1:25:04</name>
      </trkpt>
      <trkpt lat="35.693652" lon="139.701365">
        <name>1:25:05</name>
      </trkpt>
      <trkpt lat="35.693624" lon="139.701489">
        <name>1:25:06</name>
      </trkpt>
      <trkpt lat="35.693615" lon="139.701532">
        <name>1:25:07</name>
      </trkpt>
      <trkpt lat="35.693466" lon="139.702213">
        <name>1:25:08</name>
      </trkpt>
      <trkpt lat="35.693447" lon="139.702298">
        <name>1:25:09</name>
      </trkpt>
      <trkpt lat="35.693431" lon="139.702368">
        <name>1:25:10</name>
      </trkpt>
      <trkpt lat="35.693334" lon="139.702804">
        <name>1:25:11</name>
      </trkpt>
      <trkpt lat="35.693424" lon="139.702848">
        <name>1:25:12</name>
      </trkpt>
      <trkpt lat="35.693446" lon="139.702853">
        <name>1:25:13</name>
      </trkpt>
      <trkpt lat="35.693463" lon="139.702862">
        <name>1:25:14</name>
      </trkpt>
      <trkpt lat="35.693646" lon="139.702953">
        <name>1:25:15</name>
      </trkpt>
      <trkpt lat="35.693554" lon="139.703301">
        <name>1:25:16</name>
      </trkpt>
      <trkpt lat="35.693554" lon="139.703301">
        <name>1:25:17</name>
      </trkpt>
      <trkpt lat="35.693498" lon="139.703511">
        <name>1:25:18</name>
      </trkpt>
      <trkpt lat="35.693484" lon="139.703557">
        <name>1:25:19</name>
      </trkpt>
      <trkpt lat="35.693462" lon="139.703629">
        <name>1:25:20</name>
      </trkpt>
      <trkpt lat="35.693540" lon="139.703666">
        <name>1:25:21</name>
      </trkpt>
      <trkpt lat="35.693897" lon="139.703832">
        <name>1:25:22</name>
      </trkpt>
      <trkpt lat="35.694197" lon="139.703962">
        <name>1:25:23</name>
      </trkpt>
      <trkpt lat="35.694863" lon="139.704266">
        <name>1:25:24</name>
      </trkpt>
      <trkpt lat="35.694973" lon="139.704310">
        <name>1:25:25</name>
      </trkpt>
      <trkpt lat="35.694975" lon="139.704217">
        <name>1:25:26</name>
      </trkpt>
      <trkpt lat="35.695011" lon="139.704058">
        <name>1:25:27</name>
      </trkpt>
      <trkpt lat="35.695038" lon="139.703944">
        <name>1:25:28</name>
      </trkpt>
      <trkpt lat="35.695098" lon="139.703687">
        <name>1:25:29</name>
      </trkpt>
      <trkpt lat="35.695124" lon="139.703577">
        <name>1:25:30</name>
      </trkpt>
      <trkpt lat="35.695166" lon="139.703407">
        <name>1:25:31</name>
      </trkpt>
      <trkpt lat="35.695183" lon="139.703364">
        <name>1:25:32</name>
      </trkpt>
      <trkpt lat="35.695220" lon="139.703375">
        <name>1:25:33</name>
      </trkpt>
      <trkpt lat="35.695290" lon="139.703395">
        <name>1:25:34</name>
      </trkpt>
      <trkpt lat="35.695508" lon="139.703458">
        <name>1:25:35</name>
      </trkpt>
      <trkpt lat="35.695508" lon="139.703458">
        <name>1:25:36</name>
      </trkpt>
      <trkpt lat="35.695640" lon="139.703496">
        <name>1:25:37</name>
      </trkpt>
      <trkpt lat="35.695961" lon="139.703571">
        <name>1:25:38</name>
      </trkpt>
      <trkpt lat="35.695845" lon="139.704202">
        <name>1:25:39</name>
      </trkpt>
      <trkpt lat="35.695797" lon="139.704458">
        <name>1:25:40</name>
      </trkpt>
      <trkpt lat="35.695785" lon="139.704525">
        <name>1:25:41</name>
      </trkpt>
      <trkpt lat="35.695037" lon="139.704332">
        <name>1:25:42</name>
      </trkpt>
      <trkpt lat="35.694973" lon="139.704310">
        <name>1:25:43</name>
      </trkpt>
      <trkpt lat="35.694863" lon="139.704266">
        <name>1:25:44</name>
      </trkpt>
      <trkpt lat="35.694197" lon="139.703962">
        <name>1:25:45</name>
      </trkpt>
      <trkpt lat="35.693897" lon="139.703832">
        <name>1:25:46</name>
      </trkpt>
      <trkpt lat="35.693540" lon="139.703666">
        <name>1:25:47</name>
      </trkpt>
      <trkpt lat="35.693462" lon="139.703629">
        <name>1:25:48</name>
      </trkpt>
      <trkpt lat="35.693315" lon="139.703561">
        <name>1:25:49</name>
      </trkpt>
      <trkpt lat="35.693246" lon="139.703529">
        <name>1:25:50</name>
      </trkpt>
      <trkpt lat="35.693141" lon="139.703482">
        <name>1:25:51</name>
      </trkpt>
      <trkpt lat="35.693072" lon="139.703731">
        <name>1:25:52</name>
      </trkpt>
      <trkpt lat="35.692837" lon="139.704588">
        <name>1:25:53</name>
      </trkpt>
      <trkpt lat="35.692597" lon="139.705493">
        <name>1:25:54</name>
      </trkpt>
      <trkpt lat="35.692587" lon="139.705528">
        <name>1:25:55</name>
      </trkpt>
      <trkpt lat="35.692577" lon="139.705567">
        <name>1:25:56</name>
      </trkpt>
      <trkpt lat="35.692565" lon="139.705611">
        <name>1:25:57</name>
      </trkpt>
      <trkpt lat="35.692510" lon="139.705818">
        <name>1:25:58</name>
      </trkpt>
      <trkpt lat="35.692490" lon="139.705892">
        <name>1:25:59</name>
      </trkpt>
      <trkpt lat="35.692371" lon="139.705823">
        <name>1:26:00</name>
      </trkpt>
      <trkpt lat="35.692221" lon="139.705735">
        <name>1:26:01</name>
      </trkpt>
      <trkpt lat="35.691893" lon="139.705539">
        <name>1:26:02</name>
      </trkpt>
      <trkpt lat="35.691832" lon="139.705503">
        <name>1:26:03</name>
      </trkpt>
      <trkpt lat="35.691769" lon="139.705465">
        <name>1:26:04</name>
      </trkpt>
      <trkpt lat="35.691498" lon="139.705306">
        <name>1:26:05</name>
      </trkpt>
      <trkpt lat="35.691326" lon="139.705192">
        <name>1:26:06</name>
      </trkpt>
      <trkpt lat="35.691188" lon="139.705110">
        <name>1:26:07</name>
      </trkpt>
      <trkpt lat="35.691024" lon="139.705014">
        <name>1:26:08</name>
      </trkpt>
      <trkpt lat="35.690851" lon="139.704908">
        <name>1:26:09</name>
      </trkpt>
      <trkpt lat="35.690708" lon="139.704813">
        <name>1:26:10</name>
      </trkpt>
      <trkpt lat="35.690504" lon="139.704680">
        <name>1:26:11</name>
      </trkpt>
      <trkpt lat="35.690291" lon="139.704530">
        <name>1:26:12</name>
      </trkpt>
      <trkpt lat="35.690095" lon="139.704398">
        <name>1:26:13</name>
      </trkpt>
      <trkpt lat="35.690001" lon="139.704335">
        <name>1:26:14</name>
      </trkpt>
      <trkpt lat="35.689838" lon="139.704233">
        <name>1:26:15</name>
      </trkpt>
      <trkpt lat="35.689711" lon="139.704152">
        <name>1:26:16</name>
      </trkpt>
      <trkpt lat="35.689703" lon="139.704046">
        <name>1:26:17</name>
      </trkpt>
      <trkpt lat="35.689692" lon="139.703918">
        <name>1:26:18</name>
      </trkpt>
      <trkpt lat="35.689678" lon="139.703780">
        <name>1:26:19</name>
      </trkpt>
      <trkpt lat="35.689652" lon="139.703560">
        <name>1:26:20</name>
      </trkpt>
      <trkpt lat="35.689610" lon="139.703204">
        <name>1:26:21</name>
      </trkpt>
      <trkpt lat="35.689560" lon="139.702903">
        <name>1:26:22</name>
      </trkpt>
      <trkpt lat="35.689468" lon="139.702470">
        <name>1:26:23</name>
      </trkpt>
      <trkpt lat="35.689393" lon="139.702172">
        <name>1:26:24</name>
      </trkpt>
      <trkpt lat="35.689353" lon="139.702011">
        <name>1:26:25</name>
      </trkpt>
      <trkpt lat="35.689334" lon="139.701943">
        <name>1:26:26</name>
      </trkpt>
      <trkpt lat="35.689334" lon="139.701943">
        <name>1:26:27</name>
      </trkpt>
      <trkpt lat="35.689334" lon="139.701943">
        <name>1:26:28</name>
      </trkpt>
      <trkpt lat="35.689334" lon="139.701943">
        <name>1:26:29</name>
      </trkpt>
      <trkpt lat="35.689324" lon="139.701907">
        <name>1:26:30</name>
      </trkpt>
      <trkpt lat="35.689215" lon="139.701495">
        <name>1:26:31</name>
      </trkpt>
      <trkpt lat="35.689145" lon="139.701172">
        <name>1:26:32</name>
      </trkpt>
      <trkpt lat="35.689021" lon="139.700488">
        <name>1:26:33</name>
      </trkpt>
      <trkpt lat="35.688951" lon="139.700117">
        <name>1:26:34</name>
      </trkpt>
      <trkpt lat="35.688912" lon="139.699956">
        <name>1:26:35</name>
      </trkpt>
      <trkpt lat="35.688867" lon="139.699791">
        <name>1:26:36</name>
      </trkpt>
      <trkpt lat="35.688812" lon="139.699641">
        <name>1:26:37</name>
      </trkpt>
      <trkpt lat="35.688749" lon="139.699480">
        <name>1:26:38</name>
      </trkpt>
      <trkpt lat="35.688665" lon="139.699297">
        <name>1:26:39</name>
      </trkpt>
      <trkpt lat="35.688625" lon="139.699210">
        <name>1:26:40</name>
      </trkpt>
      <trkpt lat="35.688541" lon="139.698988">
        <name>1:26:41</name>
      </trkpt>
      <trkpt lat="35.688652" lon="139.698941">
        <name>1:26:42</name>
      </trkpt>
      <trkpt lat="35.688746" lon="139.699185">
        <name>1:26:43</name>
      </trkpt>
      <trkpt lat="35.688824" lon="139.699378">
        <name>1:26:44</name>
      </trkpt>
      <trkpt lat="35.688907" lon="139.699587">
        <name>1:26:45</name>
      </trkpt>
      <trkpt lat="35.688954" lon="139.699717">
        <name>1:26:46</name>
      </trkpt>
      <trkpt lat="35.689015" lon="139.699929">
        <name>1:26:47</name>
      </trkpt>
      <trkpt lat="35.689053" lon="139.700090">
        <name>1:26:48</name>
      </trkpt>
      <trkpt lat="35.689092" lon="139.700283">
        <name>1:26:49</name>
      </trkpt>
      <trkpt lat="35.689251" lon="139.701144">
        <name>1:26:50</name>
      </trkpt>
      <trkpt lat="35.689318" lon="139.701466">
        <name>1:26:51</name>
      </trkpt>
      <trkpt lat="35.689392" lon="139.701768">
        <name>1:26:52</name>
      </trkpt>
      <trkpt lat="35.689432" lon="139.701931">
        <name>1:26:53</name>
      </trkpt>
      <trkpt lat="35.689553" lon="139.702426">
        <name>1:26:54</name>
      </trkpt>
      <trkpt lat="35.689650" lon="139.702879">
        <name>1:26:55</name>
      </trkpt>
      <trkpt lat="35.689702" lon="139.703184">
        <name>1:26:56</name>
      </trkpt>
      <trkpt lat="35.689735" lon="139.703422">
        <name>1:26:57</name>
      </trkpt>
      <trkpt lat="35.689766" lon="139.703641">
        <name>1:26:58</name>
      </trkpt>
      <trkpt lat="35.689802" lon="139.703923">
        <name>1:26:59</name>
      </trkpt>
      <trkpt lat="35.689811" lon="139.703991">
        <name>1:27:00</name>
      </trkpt>
      <trkpt lat="35.689825" lon="139.704126">
        <name>1:27:01</name>
      </trkpt>
      <trkpt lat="35.689982" lon="139.704223">
        <name>1:27:02</name>
      </trkpt>
      <trkpt lat="35.690320" lon="139.704455">
        <name>1:27:03</name>
      </trkpt>
      <trkpt lat="35.690461" lon="139.704549">
        <name>1:27:04</name>
      </trkpt>
      <trkpt lat="35.690741" lon="139.704744">
        <name>1:27:05</name>
      </trkpt>
      <trkpt lat="35.690884" lon="139.704836">
        <name>1:27:06</name>
      </trkpt>
      <trkpt lat="35.691052" lon="139.704943">
        <name>1:27:07</name>
      </trkpt>
      <trkpt lat="35.691354" lon="139.705119">
        <name>1:27:08</name>
      </trkpt>
      <trkpt lat="35.691536" lon="139.705241">
        <name>1:27:09</name>
      </trkpt>
      <trkpt lat="35.691766" lon="139.705377">
        <name>1:27:10</name>
      </trkpt>
      <trkpt lat="35.691810" lon="139.705402">
        <name>1:27:11</name>
      </trkpt>
      <trkpt lat="35.691872" lon="139.705440">
        <name>1:27:12</name>
      </trkpt>
      <trkpt lat="35.692197" lon="139.705635">
        <name>1:27:13</name>
      </trkpt>
      <trkpt lat="35.692245" lon="139.705663">
        <name>1:27:14</name>
      </trkpt>
      <trkpt lat="35.692388" lon="139.705747">
        <name>1:27:15</name>
      </trkpt>
      <trkpt lat="35.692430" lon="139.705557">
        <name>1:27:16</name>
      </trkpt>
      <trkpt lat="35.692441" lon="139.705516">
        <name>1:27:17</name>
      </trkpt>
      <trkpt lat="35.692452" lon="139.705473">
        <name>1:27:18</name>
      </trkpt>
      <trkpt lat="35.692534" lon="139.705160">
        <name>1:27:19</name>
      </trkpt>
      <trkpt lat="35.692708" lon="139.704533">
        <name>1:27:20</name>
      </trkpt>
      <trkpt lat="35.692778" lon="139.704288">
        <name>1:27:21</name>
      </trkpt>
      <trkpt lat="35.692836" lon="139.704078">
        <name>1:27:22</name>
      </trkpt>
      <trkpt lat="35.692931" lon="139.703745">
        <name>1:27:23</name>
      </trkpt>
      <trkpt lat="35.692950" lon="139.703680">
        <name>1:27:24</name>
      </trkpt>
      <trkpt lat="35.692997" lon="139.703512">
        <name>1:27:25</name>
      </trkpt>
      <trkpt lat="35.693021" lon="139.703427">
        <name>1:27:26</name>
      </trkpt>
      <trkpt lat="35.693141" lon="139.703482">
        <name>1:27:27</name>
      </trkpt>
      <trkpt lat="35.693246" lon="139.703529">
        <name>1:27:28</name>
      </trkpt>
      <trkpt lat="35.693315" lon="139.703561">
        <name>1:27:29</name>
      </trkpt>
      <trkpt lat="35.693462" lon="139.703629">
        <name>1:27:30</name>
      </trkpt>
      <trkpt lat="35.693540" lon="139.703666">
        <name>1:27:31</name>
      </trkpt>
      <trkpt lat="35.693897" lon="139.703832">
        <name>1:27:32</name>
      </trkpt>
      <trkpt lat="35.694197" lon="139.703962">
        <name>1:27:33</name>
      </trkpt>
      <trkpt lat="35.694863" lon="139.704266">
        <name>1:27:34</name>
      </trkpt>
      <trkpt lat="35.694973" lon="139.704310">
        <name>1:27:35</name>
      </trkpt>
      <trkpt lat="35.694975" lon="139.704217">
        <name>1:27:36</name>
      </trkpt>
      <trkpt lat="35.695011" lon="139.704058">
        <name>1:27:37</name>
      </trkpt>
      <trkpt lat="35.695038" lon="139.703944">
        <name>1:27:38</name>
      </trkpt>
      <trkpt lat="35.695098" lon="139.703687">
        <name>1:27:39</name>
      </trkpt>
      <trkpt lat="35.695124" lon="139.703577">
        <name>1:27:40</name>
      </trkpt>
      <trkpt lat="35.695166" lon="139.703407">
        <name>1:27:41</name>
      </trkpt>
      <trkpt lat="35.695183" lon="139.703364">
        <name>1:27:42</name>
      </trkpt>
      <trkpt lat="35.695220" lon="139.703375">
        <name>1:27:43</name>
      </trkpt>
      <trkpt lat="35.695290" lon="139.703395">
        <name>1:27:44</name>
      </trkpt>
      <trkpt lat="35.695508" lon="139.703458">
        <name>1:27:45</name>
      </trkpt>
      <trkpt lat="35.695508" lon="139.703458">
        <name>1:27:46</name>
      </trkpt>
      <trkpt lat="35.695640" lon="139.703496">
        <name>1:27:47</name>
      </trkpt>
      <trkpt lat="35.695961" lon="139.703571">
        <name>1:27:48</name>
      </trkpt>
      <trkpt lat="35.695845" lon="139.704202">
        <name>1:27:49</name>
      </trkpt>
      <trkpt lat="35.695797" lon="139.704458">
        <name>1:27:50</name>
      </trkpt>
      <trkpt lat="35.695785" lon="139.704525">
        <name>1:27:51</name>
      </trkpt>
      <trkpt lat="35.695037" lon="139.704332">
        <name>1:27:52</name>
      </trkpt>
      <trkpt lat="35.694973" lon="139.704310">
        <name>1:27:53</name>
      </trkpt>
      <trkpt lat="35.694863" lon="139.704266">
        <name>1:27:54</name>
      </trkpt>
      <trkpt lat="35.694197" lon="139.703962">
        <name>1:27:55</name>
      </trkpt>
      <trkpt lat="35.693897" lon="139.703832">
        <name>1:27:56</name>
      </trkpt>
      <trkpt lat="35.693540" lon="139.703666">
        <name>1:27:57</name>
      </trkpt>
      <trkpt lat="35.693462" lon="139.703629">
        <name>1:27:58</name>
      </trkpt>
      <trkpt lat="35.693315" lon="139.703561">
        <name>1:27:59</name>
      </trkpt>
      <trkpt lat="35.693246" lon="139.703529">
        <name>1:28:00</name>
      </trkpt>
      <trkpt lat="35.693141" lon="139.703482">
        <name>1:28:01</name>
      </trkpt>
      <trkpt lat="35.693072" lon="139.703731">
        <name>1:28:02</name>
      </trkpt>
      <trkpt lat="35.692837" lon="139.704588">
        <name>1:28:03</name>
      </trkpt>
      <trkpt lat="35.692597" lon="139.705493">
        <name>1:28:04</name>
      </trkpt>
      <trkpt lat="35.692587" lon="139.705528">
        <name>1:28:05</name>
      </trkpt>
      <trkpt lat="35.692577" lon="139.705567">
        <name>1:28:06</name>
      </trkpt>
      <trkpt lat="35.692565" lon="139.705611">
        <name>1:28:07</name>
      </trkpt>
      <trkpt lat="35.692510" lon="139.705818">
        <name>1:28:08</name>
      </trkpt>
      <trkpt lat="35.692490" lon="139.705892">
        <name>1:28:09</name>
      </trkpt>
      <trkpt lat="35.692371" lon="139.705823">
        <name>1:28:10</name>
      </trkpt>
      <trkpt lat="35.692221" lon="139.705735">
        <name>1:28:11</name>
      </trkpt>
      <trkpt lat="35.691893" lon="139.705539">
        <name>1:28:12</name>
      </trkpt>
      <trkpt lat="35.691832" lon="139.705503">
        <name>1:28:13</name>
      </trkpt>
      <trkpt lat="35.691769" lon="139.705465">
        <name>1:28:14</name>
      </trkpt>
      <trkpt lat="35.691498" lon="139.705306">
        <name>1:28:15</name>
      </trkpt>
      <trkpt lat="35.691326" lon="139.705192">
        <name>1:28:16</name>
      </trkpt>
      <trkpt lat="35.691188" lon="139.705110">
        <name>1:28:17</name>
      </trkpt>
      <trkpt lat="35.691024" lon="139.705014">
        <name>1:28:18</name>
      </trkpt>
      <trkpt lat="35.690851" lon="139.704908">
        <name>1:28:19</name>
      </trkpt>
      <trkpt lat="35.690708" lon="139.704813">
        <name>1:28:20</name>
      </trkpt>
      <trkpt lat="35.690504" lon="139.704680">
        <name>1:28:21</name>
      </trkpt>
      <trkpt lat="35.690291" lon="139.704530">
        <name>1:28:22</name>
      </trkpt>
      <trkpt lat="35.690095" lon="139.704398">
        <name>1:28:23</name>
      </trkpt>
      <trkpt lat="35.690001" lon="139.704335">
        <name>1:28:24</name>
      </trkpt>
      <trkpt lat="35.689838" lon="139.704233">
        <name>1:28:25</name>
      </trkpt>
      <trkpt lat="35.689711" lon="139.704152">
        <name>1:28:26</name>
      </trkpt>
      <trkpt lat="35.689599" lon="139.704076">
        <name>1:28:27</name>
      </trkpt>
      <trkpt lat="35.688642" lon="139.703423">
        <name>1:28:28</name>
      </trkpt>
      <trkpt lat="35.688105" lon="139.703056">
        <name>1:28:29</name>
      </trkpt>
      <trkpt lat="35.688029" lon="139.702998">
        <name>1:28:30</name>
      </trkpt>
      <trkpt lat="35.687994" lon="139.702972">
        <name>1:28:31</name>
      </trkpt>
      <trkpt lat="35.687956" lon="139.702952">
        <name>1:28:32</name>
      </trkpt>
      <trkpt lat="35.687913" lon="139.702938">
        <name>1:28:33</name>
      </trkpt>
      <trkpt lat="35.687869" lon="139.702933">
        <name>1:28:34</name>
      </trkpt>
      <trkpt lat="35.687802" lon="139.702935">
        <name>1:28:35</name>
      </trkpt>
      <trkpt lat="35.687605" lon="139.702982">
        <name>1:28:36</name>
      </trkpt>
      <trkpt lat="35.687539" lon="139.702998">
        <name>1:28:37</name>
      </trkpt>
      <trkpt lat="35.686930" lon="139.703183">
        <name>1:28:38</name>
      </trkpt>
      <trkpt lat="35.686841" lon="139.703209">
        <name>1:28:39</name>
      </trkpt>
      <trkpt lat="35.686295" lon="139.703368">
        <name>1:28:40</name>
      </trkpt>
      <trkpt lat="35.686157" lon="139.703403">
        <name>1:28:41</name>
      </trkpt>
      <trkpt lat="35.685848" lon="139.703501">
        <name>1:28:42</name>
      </trkpt>
      <trkpt lat="35.685659" lon="139.703574">
        <name>1:28:43</name>
      </trkpt>
      <trkpt lat="35.685602" lon="139.703633">
        <name>1:28:44</name>
      </trkpt>
      <trkpt lat="35.685551" lon="139.703705">
        <name>1:28:45</name>
      </trkpt>
      <trkpt lat="35.685430" lon="139.703716">
        <name>1:28:46</name>
      </trkpt>
      <trkpt lat="35.685244" lon="139.703757">
        <name>1:28:47</name>
      </trkpt>
      <trkpt lat="35.685038" lon="139.703816">
        <name>1:28:48</name>
      </trkpt>
      <trkpt lat="35.684876" lon="139.703873">
        <name>1:28:49</name>
      </trkpt>
      <trkpt lat="35.684628" lon="139.703953">
        <name>1:28:50</name>
      </trkpt>
      <trkpt lat="35.684576" lon="139.703979">
        <name>1:28:51</name>
      </trkpt>
      <trkpt lat="35.684531" lon="139.703996">
        <name>1:28:52</name>
      </trkpt>
      <trkpt lat="35.684343" lon="139.704088">
        <name>1:28:53</name>
      </trkpt>
      <trkpt lat="35.684187" lon="139.704178">
        <name>1:28:54</name>
      </trkpt>
      <trkpt lat="35.683887" lon="139.704403">
        <name>1:28:55</name>
      </trkpt>
      <trkpt lat="35.683802" lon="139.704463">
        <name>1:28:56</name>
      </trkpt>
      <trkpt lat="35.683772" lon="139.704473">
        <name>1:28:57</name>
      </trkpt>
      <trkpt lat="35.683631" lon="139.704539">
        <name>1:28:58</name>
      </trkpt>
      <trkpt lat="35.683559" lon="139.704567">
        <name>1:28:59</name>
      </trkpt>
      <trkpt lat="35.683446" lon="139.704602">
        <name>1:29:00</name>
      </trkpt>
      <trkpt lat="35.683378" lon="139.704616">
        <name>1:29:01</name>
      </trkpt>
      <trkpt lat="35.683065" lon="139.704618">
        <name>1:29:02</name>
      </trkpt>
      <trkpt lat="35.682523" lon="139.704630">
        <name>1:29:03</name>
      </trkpt>
      <trkpt lat="35.682392" lon="139.704631">
        <name>1:29:04</name>
      </trkpt>
      <trkpt lat="35.682344" lon="139.704630">
        <name>1:29:05</name>
      </trkpt>
      <trkpt lat="35.682218" lon="139.704627">
        <name>1:29:06</name>
      </trkpt>
      <trkpt lat="35.681806" lon="139.704616">
        <name>1:29:07</name>
      </trkpt>
      <trkpt lat="35.681598" lon="139.704615">
        <name>1:29:08</name>
      </trkpt>
      <trkpt lat="35.680933" lon="139.704603">
        <name>1:29:09</name>
      </trkpt>
      <trkpt lat="35.680747" lon="139.704600">
        <name>1:29:10</name>
      </trkpt>
      <trkpt lat="35.680480" lon="139.704602">
        <name>1:29:11</name>
      </trkpt>
      <trkpt lat="35.680375" lon="139.704599">
        <name>1:29:12</name>
      </trkpt>
      <trkpt lat="35.680240" lon="139.704595">
        <name>1:29:13</name>
      </trkpt>
      <trkpt lat="35.680190" lon="139.704593">
        <name>1:29:14</name>
      </trkpt>
      <trkpt lat="35.680079" lon="139.704595">
        <name>1:29:15</name>
      </trkpt>
      <trkpt lat="35.679939" lon="139.704608">
        <name>1:29:16</name>
      </trkpt>
      <trkpt lat="35.679841" lon="139.704622">
        <name>1:29:17</name>
      </trkpt>
      <trkpt lat="35.679730" lon="139.704648">
        <name>1:29:18</name>
      </trkpt>
      <trkpt lat="35.679625" lon="139.704692">
        <name>1:29:19</name>
      </trkpt>
      <trkpt lat="35.679545" lon="139.704728">
        <name>1:29:20</name>
      </trkpt>
      <trkpt lat="35.679468" lon="139.704772">
        <name>1:29:21</name>
      </trkpt>
      <trkpt lat="35.679071" lon="139.705085">
        <name>1:29:22</name>
      </trkpt>
      <trkpt lat="35.678872" lon="139.705233">
        <name>1:29:23</name>
      </trkpt>
      <trkpt lat="35.678538" lon="139.705485">
        <name>1:29:24</name>
      </trkpt>
      <trkpt lat="35.678365" lon="139.705618">
        <name>1:29:25</name>
      </trkpt>
      <trkpt lat="35.678298" lon="139.705670">
        <name>1:29:26</name>
      </trkpt>
      <trkpt lat="35.678241" lon="139.705717">
        <name>1:29:27</name>
      </trkpt>
      <trkpt lat="35.678048" lon="139.705866">
        <name>1:29:28</name>
      </trkpt>
      <trkpt lat="35.677893" lon="139.705984">
        <name>1:29:29</name>
      </trkpt>
      <trkpt lat="35.677741" lon="139.706088">
        <name>1:29:30</name>
      </trkpt>
      <trkpt lat="35.677552" lon="139.706182">
        <name>1:29:31</name>
      </trkpt>
      <trkpt lat="35.677342" lon="139.706254">
        <name>1:29:32</name>
      </trkpt>
      <trkpt lat="35.677249" lon="139.706279">
        <name>1:29:33</name>
      </trkpt>
      <trkpt lat="35.677217" lon="139.706287">
        <name>1:29:34</name>
      </trkpt>
      <trkpt lat="35.677007" lon="139.706344">
        <name>1:29:35</name>
      </trkpt>
      <trkpt lat="35.676942" lon="139.706360">
        <name>1:29:36</name>
      </trkpt>
      <trkpt lat="35.676745" lon="139.706410">
        <name>1:29:37</name>
      </trkpt>
      <trkpt lat="35.676582" lon="139.706453">
        <name>1:29:38</name>
      </trkpt>
      <trkpt lat="35.676474" lon="139.706480">
        <name>1:29:39</name>
      </trkpt>
      <trkpt lat="35.676202" lon="139.706557">
        <name>1:29:40</name>
      </trkpt>
      <trkpt lat="35.676196" lon="139.706558">
        <name>1:29:41</name>
      </trkpt>
      <trkpt lat="35.675923" lon="139.706633">
        <name>1:29:42</name>
      </trkpt>
      <trkpt lat="35.675634" lon="139.706712">
        <name>1:29:43</name>
      </trkpt>
      <trkpt lat="35.675570" lon="139.706730">
        <name>1:29:44</name>
      </trkpt>
      <trkpt lat="35.675343" lon="139.706792">
        <name>1:29:45</name>
      </trkpt>
      <trkpt lat="35.675317" lon="139.706799">
        <name>1:29:46</name>
      </trkpt>
      <trkpt lat="35.675015" lon="139.706882">
        <name>1:29:47</name>
      </trkpt>
      <trkpt lat="35.674880" lon="139.706936">
        <name>1:29:48</name>
      </trkpt>
      <trkpt lat="35.674746" lon="139.707036">
        <name>1:29:49</name>
      </trkpt>
      <trkpt lat="35.674637" lon="139.707115">
        <name>1:29:50</name>
      </trkpt>
      <trkpt lat="35.674613" lon="139.707021">
        <name>1:29:51</name>
      </trkpt>
      <trkpt lat="35.674573" lon="139.706900">
        <name>1:29:52</name>
      </trkpt>
      <trkpt lat="35.674303" lon="139.706239">
        <name>1:29:53</name>
      </trkpt>
      <trkpt lat="35.673988" lon="139.705775">
        <name>1:29:54</name>
      </trkpt>
      <trkpt lat="35.673919" lon="139.705673">
        <name>1:29:55</name>
      </trkpt>
      <trkpt lat="35.673843" lon="139.705568">
        <name>1:29:56</name>
      </trkpt>
      <trkpt lat="35.673798" lon="139.705506">
        <name>1:29:57</name>
      </trkpt>
      <trkpt lat="35.673192" lon="139.704668">
        <name>1:29:58</name>
      </trkpt>
      <trkpt lat="35.673106" lon="139.704498">
        <name>1:29:59</name>
      </trkpt>
      <trkpt lat="35.672924" lon="139.703947">
        <name>1:30:00</name>
      </trkpt>
      <trkpt lat="35.672864" lon="139.703759">
        <name>1:30:01</name>
      </trkpt>
      <trkpt lat="35.672838" lon="139.703668">
        <name>1:30:02</name>
      </trkpt>
      <trkpt lat="35.672818" lon="139.703602">
        <name>1:30:03</name>
      </trkpt>
      <trkpt lat="35.672800" lon="139.703559">
        <name>1:30:04</name>
      </trkpt>
      <trkpt lat="35.672778" lon="139.703523">
        <name>1:30:05</name>
      </trkpt>
      <trkpt lat="35.672751" lon="139.703495">
        <name>1:30:06</name>
      </trkpt>
      <trkpt lat="35.672722" lon="139.703477">
        <name>1:30:07</name>
      </trkpt>
      <trkpt lat="35.672465" lon="139.703375">
        <name>1:30:08</name>
      </trkpt>
      <trkpt lat="35.672253" lon="139.703270">
        <name>1:30:09</name>
      </trkpt>
      <trkpt lat="35.672059" lon="139.703173">
        <name>1:30:10</name>
      </trkpt>
      <trkpt lat="35.671962" lon="139.703125">
        <name>1:30:11</name>
      </trkpt>
      <trkpt lat="35.671870" lon="139.703090">
        <name>1:30:12</name>
      </trkpt>
      <trkpt lat="35.671692" lon="139.703040">
        <name>1:30:13</name>
      </trkpt>
      <trkpt lat="35.671605" lon="139.703018">
        <name>1:30:14</name>
      </trkpt>
      <trkpt lat="35.671524" lon="139.702997">
        <name>1:30:15</name>
      </trkpt>
      <trkpt lat="35.671171" lon="139.702915">
        <name>1:30:16</name>
      </trkpt>
      <trkpt lat="35.671010" lon="139.702873">
        <name>1:30:17</name>
      </trkpt>
      <trkpt lat="35.670903" lon="139.702854">
        <name>1:30:18</name>
      </trkpt>
      <trkpt lat="35.670788" lon="139.702851">
        <name>1:30:19</name>
      </trkpt>
      <trkpt lat="35.670664" lon="139.702854">
        <name>1:30:20</name>
      </trkpt>
      <trkpt lat="35.670443" lon="139.702871">
        <name>1:30:21</name>
      </trkpt>
      <trkpt lat="35.670364" lon="139.702872">
        <name>1:30:22</name>
      </trkpt>
      <trkpt lat="35.670295" lon="139.702869">
        <name>1:30:23</name>
      </trkpt>
      <trkpt lat="35.670210" lon="139.702863">
        <name>1:30:24</name>
      </trkpt>
      <trkpt lat="35.669936" lon="139.702837">
        <name>1:30:25</name>
      </trkpt>
      <trkpt lat="35.669757" lon="139.702815">
        <name>1:30:26</name>
      </trkpt>
      <trkpt lat="35.669719" lon="139.702811">
        <name>1:30:27</name>
      </trkpt>
      <trkpt lat="35.669534" lon="139.702784">
        <name>1:30:28</name>
      </trkpt>
      <trkpt lat="35.669558" lon="139.702859">
        <name>1:30:29</name>
      </trkpt>
      <trkpt lat="35.669568" lon="139.702914">
        <name>1:30:30</name>
      </trkpt>
      <trkpt lat="35.669574" lon="139.702974">
        <name>1:30:31</name>
      </trkpt>
      <trkpt lat="35.669573" lon="139.703014">
        <name>1:30:32</name>
      </trkpt>
      <trkpt lat="35.669565" lon="139.703085">
        <name>1:30:33</name>
      </trkpt>
      <trkpt lat="35.669538" lon="139.703198">
        <name>1:30:34</name>
      </trkpt>
      <trkpt lat="35.669503" lon="139.703320">
        <name>1:30:35</name>
      </trkpt>
      <trkpt lat="35.669284" lon="139.703786">
        <name>1:30:36</name>
      </trkpt>
      <trkpt lat="35.669192" lon="139.703991">
        <name>1:30:37</name>
      </trkpt>
      <trkpt lat="35.668963" lon="139.704493">
        <name>1:30:38</name>
      </trkpt>
      <trkpt lat="35.669042" lon="139.704549">
        <name>1:30:39</name>
      </trkpt>
      <trkpt lat="35.669067" lon="139.704585">
        <name>1:30:40</name>
      </trkpt>
      <trkpt lat="35.669080" lon="139.704603">
        <name>1:30:41</name>
      </trkpt>
      <trkpt lat="35.669132" lon="139.704765">
        <name>1:30:42</name>
      </trkpt>
      <trkpt lat="35.669227" lon="139.704922">
        <name>1:30:43</name>
      </trkpt>
      <trkpt lat="35.670007" lon="139.704125">
        <name>1:30:44</name>
      </trkpt>
      <trkpt lat="35.670102" lon="139.704249">
        <name>1:30:45</name>
      </trkpt>
      <trkpt lat="35.670132" lon="139.704286">
        <name>1:30:46</name>
      </trkpt>
      <trkpt lat="35.670187" lon="139.704330">
        <name>1:30:47</name>
      </trkpt>
      <trkpt lat="35.670310" lon="139.704393">
        <name>1:30:48</name>
      </trkpt>
      <trkpt lat="35.670462" lon="139.704470">
        <name>1:30:49</name>
      </trkpt>
      <trkpt lat="35.670608" lon="139.704511">
        <name>1:30:50</name>
      </trkpt>
      <trkpt lat="35.670661" lon="139.704298">
        <name>1:30:51</name>
      </trkpt>
      <trkpt lat="35.670408" lon="139.704199">
        <name>1:30:52</name>
      </trkpt>
      <trkpt lat="35.670364" lon="139.704182">
        <name>1:30:53</name>
      </trkpt>
      <trkpt lat="35.670246" lon="139.704136">
        <name>1:30:54</name>
      </trkpt>
      <trkpt lat="35.670347" lon="139.703716">
        <name>1:30:55</name>
      </trkpt>
      <trkpt lat="35.670189" lon="139.703656">
        <name>1:30:56</name>
      </trkpt>
      <trkpt lat="35.670189" lon="139.703656">
        <name>1:30:57</name>
      </trkpt>
      <trkpt lat="35.670347" lon="139.703716">
        <name>1:30:58</name>
      </trkpt>
      <trkpt lat="35.670246" lon="139.704136">
        <name>1:30:59</name>
      </trkpt>
      <trkpt lat="35.670364" lon="139.704182">
        <name>1:31:00</name>
      </trkpt>
      <trkpt lat="35.670408" lon="139.704199">
        <name>1:31:01</name>
      </trkpt>
      <trkpt lat="35.670661" lon="139.704298">
        <name>1:31:02</name>
      </trkpt>
      <trkpt lat="35.670608" lon="139.704511">
        <name>1:31:03</name>
      </trkpt>
      <trkpt lat="35.670462" lon="139.704470">
        <name>1:31:04</name>
      </trkpt>
      <trkpt lat="35.670310" lon="139.704393">
        <name>1:31:05</name>
      </trkpt>
      <trkpt lat="35.670187" lon="139.704330">
        <name>1:31:06</name>
      </trkpt>
      <trkpt lat="35.670132" lon="139.704286">
        <name>1:31:07</name>
      </trkpt>
      <trkpt lat="35.670102" lon="139.704249">
        <name>1:31:08</name>
      </trkpt>
      <trkpt lat="35.670007" lon="139.704125">
        <name>1:31:09</name>
      </trkpt>
      <trkpt lat="35.669227" lon="139.704922">
        <name>1:31:10</name>
      </trkpt>
      <trkpt lat="35.669432" lon="139.705188">
        <name>1:31:11</name>
      </trkpt>
      <trkpt lat="35.669517" lon="139.705304">
        <name>1:31:12</name>
      </trkpt>
      <trkpt lat="35.669556" lon="139.705394">
        <name>1:31:13</name>
      </trkpt>
      <trkpt lat="35.669569" lon="139.705463">
        <name>1:31:14</name>
      </trkpt>
      <trkpt lat="35.669555" lon="139.705608">
        <name>1:31:15</name>
      </trkpt>
      <trkpt lat="35.669204" lon="139.705813">
        <name>1:31:16</name>
      </trkpt>
      <trkpt lat="35.669143" lon="139.705840">
        <name>1:31:17</name>
      </trkpt>
      <trkpt lat="35.669429" lon="139.706075">
        <name>1:31:18</name>
      </trkpt>
      <trkpt lat="35.669619" lon="139.706231">
        <name>1:31:19</name>
      </trkpt>
      <trkpt lat="35.670033" lon="139.706568">
        <name>1:31:20</name>
      </trkpt>
      <trkpt lat="35.670113" lon="139.706630">
        <name>1:31:21</name>
      </trkpt>
      <trkpt lat="35.670208" lon="139.706705">
        <name>1:31:22</name>
      </trkpt>
      <trkpt lat="35.670261" lon="139.706738">
        <name>1:31:23</name>
      </trkpt>
      <trkpt lat="35.670828" lon="139.707091">
        <name>1:31:24</name>
      </trkpt>
      <trkpt lat="35.670863" lon="139.707119">
        <name>1:31:25</name>
      </trkpt>
      <trkpt lat="35.670983" lon="139.707217">
        <name>1:31:26</name>
      </trkpt>
      <trkpt lat="35.671392" lon="139.707561">
        <name>1:31:27</name>
      </trkpt>
      <trkpt lat="35.671476" lon="139.707634">
        <name>1:31:28</name>
      </trkpt>
      <trkpt lat="35.671786" lon="139.707902">
        <name>1:31:29</name>
      </trkpt>
      <trkpt lat="35.671877" lon="139.707965">
        <name>1:31:30</name>
      </trkpt>
      <trkpt lat="35.671949" lon="139.708006">
        <name>1:31:31</name>
      </trkpt>
      <trkpt lat="35.672036" lon="139.708052">
        <name>1:31:32</name>
      </trkpt>
      <trkpt lat="35.672111" lon="139.708080">
        <name>1:31:33</name>
      </trkpt>
      <trkpt lat="35.672186" lon="139.708095">
        <name>1:31:34</name>
      </trkpt>
      <trkpt lat="35.672255" lon="139.708103">
        <name>1:31:35</name>
      </trkpt>
      <trkpt lat="35.672384" lon="139.708106">
        <name>1:31:36</name>
      </trkpt>
      <trkpt lat="35.672486" lon="139.708099">
        <name>1:31:37</name>
      </trkpt>
      <trkpt lat="35.672582" lon="139.708080">
        <name>1:31:38</name>
      </trkpt>
      <trkpt lat="35.672622" lon="139.708068">
        <name>1:31:39</name>
      </trkpt>
      <trkpt lat="35.672722" lon="139.708034">
        <name>1:31:40</name>
      </trkpt>
      <trkpt lat="35.672888" lon="139.707964">
        <name>1:31:41</name>
      </trkpt>
      <trkpt lat="35.673358" lon="139.707715">
        <name>1:31:42</name>
      </trkpt>
      <trkpt lat="35.673538" lon="139.707633">
        <name>1:31:43</name>
      </trkpt>
      <trkpt lat="35.674108" lon="139.707363">
        <name>1:31:44</name>
      </trkpt>
      <trkpt lat="35.674499" lon="139.707107">
        <name>1:31:45</name>
      </trkpt>
      <trkpt lat="35.674613" lon="139.707021">
        <name>1:31:46</name>
      </trkpt>
      <trkpt lat="35.674721" lon="139.706942">
        <name>1:31:47</name>
      </trkpt>
      <trkpt lat="35.674851" lon="139.706855">
        <name>1:31:48</name>
      </trkpt>
      <trkpt lat="35.675207" lon="139.706733">
        <name>1:31:49</name>
      </trkpt>
      <trkpt lat="35.675325" lon="139.706698">
        <name>1:31:50</name>
      </trkpt>
      <trkpt lat="35.675546" lon="139.706626">
        <name>1:31:51</name>
      </trkpt>
      <trkpt lat="35.675615" lon="139.706604">
        <name>1:31:52</name>
      </trkpt>
      <trkpt lat="35.676177" lon="139.706460">
        <name>1:31:53</name>
      </trkpt>
      <trkpt lat="35.676454" lon="139.706383">
        <name>1:31:54</name>
      </trkpt>
      <trkpt lat="35.676553" lon="139.706357">
        <name>1:31:55</name>
      </trkpt>
      <trkpt lat="35.676724" lon="139.706316">
        <name>1:31:56</name>
      </trkpt>
      <trkpt lat="35.677216" lon="139.706184">
        <name>1:31:57</name>
      </trkpt>
      <trkpt lat="35.677374" lon="139.706139">
        <name>1:31:58</name>
      </trkpt>
      <trkpt lat="35.677454" lon="139.706111">
        <name>1:31:59</name>
      </trkpt>
      <trkpt lat="35.677550" lon="139.706072">
        <name>1:32:00</name>
      </trkpt>
      <trkpt lat="35.677648" lon="139.706023">
        <name>1:32:01</name>
      </trkpt>
      <trkpt lat="35.677803" lon="139.705930">
        <name>1:32:02</name>
      </trkpt>
      <trkpt lat="35.678200" lon="139.705636">
        <name>1:32:03</name>
      </trkpt>
      <trkpt lat="35.678260" lon="139.705593">
        <name>1:32:04</name>
      </trkpt>
      <trkpt lat="35.678328" lon="139.705545">
        <name>1:32:05</name>
      </trkpt>
      <trkpt lat="35.678755" lon="139.705210">
        <name>1:32:06</name>
      </trkpt>
      <trkpt lat="35.679076" lon="139.704959">
        <name>1:32:07</name>
      </trkpt>
      <trkpt lat="35.679370" lon="139.704710">
        <name>1:32:08</name>
      </trkpt>
      <trkpt lat="35.679555" lon="139.704628">
        <name>1:32:09</name>
      </trkpt>
      <trkpt lat="35.679709" lon="139.704572">
        <name>1:32:10</name>
      </trkpt>
      <trkpt lat="35.679921" lon="139.704520">
        <name>1:32:11</name>
      </trkpt>
      <trkpt lat="35.680034" lon="139.704511">
        <name>1:32:12</name>
      </trkpt>
      <trkpt lat="35.680192" lon="139.704510">
        <name>1:32:13</name>
      </trkpt>
      <trkpt lat="35.680244" lon="139.704509">
        <name>1:32:14</name>
      </trkpt>
      <trkpt lat="35.680360" lon="139.704510">
        <name>1:32:15</name>
      </trkpt>
      <trkpt lat="35.680467" lon="139.704511">
        <name>1:32:16</name>
      </trkpt>
      <trkpt lat="35.680747" lon="139.704521">
        <name>1:32:17</name>
      </trkpt>
      <trkpt lat="35.680823" lon="139.704511">
        <name>1:32:18</name>
      </trkpt>
      <trkpt lat="35.680934" lon="139.704517">
        <name>1:32:19</name>
      </trkpt>
      <trkpt lat="35.681597" lon="139.704529">
        <name>1:32:20</name>
      </trkpt>
      <trkpt lat="35.682394" lon="139.704534">
        <name>1:32:21</name>
      </trkpt>
      <trkpt lat="35.682421" lon="139.704534">
        <name>1:32:22</name>
      </trkpt>
      <trkpt lat="35.682719" lon="139.704538">
        <name>1:32:23</name>
      </trkpt>
      <trkpt lat="35.682845" lon="139.704539">
        <name>1:32:24</name>
      </trkpt>
      <trkpt lat="35.683096" lon="139.704483">
        <name>1:32:25</name>
      </trkpt>
      <trkpt lat="35.683167" lon="139.704465">
        <name>1:32:26</name>
      </trkpt>
      <trkpt lat="35.683277" lon="139.704442">
        <name>1:32:27</name>
      </trkpt>
      <trkpt lat="35.683422" lon="139.704394">
        <name>1:32:28</name>
      </trkpt>
      <trkpt lat="35.683555" lon="139.704334">
        <name>1:32:29</name>
      </trkpt>
      <trkpt lat="35.683635" lon="139.704297">
        <name>1:32:30</name>
      </trkpt>
      <trkpt lat="35.683755" lon="139.704233">
        <name>1:32:31</name>
      </trkpt>
      <trkpt lat="35.683848" lon="139.704173">
        <name>1:32:32</name>
      </trkpt>
      <trkpt lat="35.683996" lon="139.704054">
        <name>1:32:33</name>
      </trkpt>
      <trkpt lat="35.684162" lon="139.703935">
        <name>1:32:34</name>
      </trkpt>
      <trkpt lat="35.684380" lon="139.703822">
        <name>1:32:35</name>
      </trkpt>
      <trkpt lat="35.684453" lon="139.703794">
        <name>1:32:36</name>
      </trkpt>
      <trkpt lat="35.684556" lon="139.703762">
        <name>1:32:37</name>
      </trkpt>
      <trkpt lat="35.684683" lon="139.703723">
        <name>1:32:38</name>
      </trkpt>
      <trkpt lat="35.685330" lon="139.703547">
        <name>1:32:39</name>
      </trkpt>
      <trkpt lat="35.686072" lon="139.703335">
        <name>1:32:40</name>
      </trkpt>
      <trkpt lat="35.686277" lon="139.703274">
        <name>1:32:41</name>
      </trkpt>
      <trkpt lat="35.686713" lon="139.703144">
        <name>1:32:42</name>
      </trkpt>
      <trkpt lat="35.686822" lon="139.703112">
        <name>1:32:43</name>
      </trkpt>
      <trkpt lat="35.686902" lon="139.703088">
        <name>1:32:44</name>
      </trkpt>
      <trkpt lat="35.687095" lon="139.703038">
        <name>1:32:45</name>
      </trkpt>
      <trkpt lat="35.687253" lon="139.702995">
        <name>1:32:46</name>
      </trkpt>
      <trkpt lat="35.687490" lon="139.702929">
        <name>1:32:47</name>
      </trkpt>
      <trkpt lat="35.687524" lon="139.702920">
        <name>1:32:48</name>
      </trkpt>
      <trkpt lat="35.687589" lon="139.702901">
        <name>1:32:49</name>
      </trkpt>
      <trkpt lat="35.687805" lon="139.702844">
        <name>1:32:50</name>
      </trkpt>
      <trkpt lat="35.687871" lon="139.702838">
        <name>1:32:51</name>
      </trkpt>
      <trkpt lat="35.687924" lon="139.702842">
        <name>1:32:52</name>
      </trkpt>
      <trkpt lat="35.687981" lon="139.702858">
        <name>1:32:53</name>
      </trkpt>
      <trkpt lat="35.688034" lon="139.702886">
        <name>1:32:54</name>
      </trkpt>
      <trkpt lat="35.688130" lon="139.702956">
        <name>1:32:55</name>
      </trkpt>
      <trkpt lat="35.688299" lon="139.703071">
        <name>1:32:56</name>
      </trkpt>
      <trkpt lat="35.689464" lon="139.703879">
        <name>1:32:57</name>
      </trkpt>
      <trkpt lat="35.689546" lon="139.703937">
        <name>1:32:58</name>
      </trkpt>
      <trkpt lat="35.689602" lon="139.703976">
        <name>1:32:59</name>
      </trkpt>
      <trkpt lat="35.689703" lon="139.704046">
        <name>1:33:00</name>
      </trkpt>
      <trkpt lat="35.689825" lon="139.704126">
        <name>1:33:01</name>
      </trkpt>
      <trkpt lat="35.689982" lon="139.704223">
        <name>1:33:02</name>
      </trkpt>
      <trkpt lat="35.690320" lon="139.704455">
        <name>1:33:03</name>
      </trkpt>
      <trkpt lat="35.690461" lon="139.704549">
        <name>1:33:04</name>
      </trkpt>
      <trkpt lat="35.690741" lon="139.704744">
        <name>1:33:05</name>
      </trkpt>
      <trkpt lat="35.690884" lon="139.704836">
        <name>1:33:06</name>
      </trkpt>
      <trkpt lat="35.691052" lon="139.704943">
        <name>1:33:07</name>
      </trkpt>
      <trkpt lat="35.691354" lon="139.705119">
        <name>1:33:08</name>
      </trkpt>
      <trkpt lat="35.691536" lon="139.705241">
        <name>1:33:09</name>
      </trkpt>
      <trkpt lat="35.691766" lon="139.705377">
        <name>1:33:10</name>
      </trkpt>
      <trkpt lat="35.691810" lon="139.705402">
        <name>1:33:11</name>
      </trkpt>
      <trkpt lat="35.691872" lon="139.705440">
        <name>1:33:12</name>
      </trkpt>
      <trkpt lat="35.692197" lon="139.705635">
        <name>1:33:13</name>
      </trkpt>
      <trkpt lat="35.692245" lon="139.705663">
        <name>1:33:14</name>
      </trkpt>
      <trkpt lat="35.692388" lon="139.705747">
        <name>1:33:15</name>
      </trkpt>
      <trkpt lat="35.692430" lon="139.705557">
        <name>1:33:16</name>
      </trkpt>
      <trkpt lat="35.692441" lon="139.705516">
        <name>1:33:17</name>
      </trkpt>
      <trkpt lat="35.692452" lon="139.705473">
        <name>1:33:18</name>
      </trkpt>
      <trkpt lat="35.692534" lon="139.705160">
        <name>1:33:19</name>
      </trkpt>
      <trkpt lat="35.692708" lon="139.704533">
        <name>1:33:20</name>
      </trkpt>
      <trkpt lat="35.692778" lon="139.704288">
        <name>1:33:21</name>
      </trkpt>
      <trkpt lat="35.692836" lon="139.704078">
        <name>1:33:22</name>
      </trkpt>
      <trkpt lat="35.692931" lon="139.703745">
        <name>1:33:23</name>
      </trkpt>
      <trkpt lat="35.692950" lon="139.703680">
        <name>1:33:24</name>
      </trkpt>
      <trkpt lat="35.692997" lon="139.703512">
        <name>1:33:25</name>
      </trkpt>
      <trkpt lat="35.693021" lon="139.703427">
        <name>1:33:26</name>
      </trkpt>
      <trkpt lat="35.693141" lon="139.703482">
        <name>1:33:27</name>
      </trkpt>
      <trkpt lat="35.693246" lon="139.703529">
        <name>1:33:28</name>
      </trkpt>
      <trkpt lat="35.693315" lon="139.703561">
        <name>1:33:29</name>
      </trkpt>
      <trkpt lat="35.693462" lon="139.703629">
        <name>1:33:30</name>
      </trkpt>
      <trkpt lat="35.693540" lon="139.703666">
        <name>1:33:31</name>
      </trkpt>
      <trkpt lat="35.693897" lon="139.703832">
        <name>1:33:32</name>
      </trkpt>
      <trkpt lat="35.694197" lon="139.703962">
        <name>1:33:33</name>
      </trkpt>
      <trkpt lat="35.694863" lon="139.704266">
        <name>1:33:34</name>
      </trkpt>
      <trkpt lat="35.694973" lon="139.704310">
        <name>1:33:35</name>
      </trkpt>
      <trkpt lat="35.694975" lon="139.704217">
        <name>1:33:36</name>
      </trkpt>
      <trkpt lat="35.695011" lon="139.704058">
        <name>1:33:37</name>
      </trkpt>
      <trkpt lat="35.695038" lon="139.703944">
        <name>1:33:38</name>
      </trkpt>
      <trkpt lat="35.695098" lon="139.703687">
        <name>1:33:39</name>
      </trkpt>
      <trkpt lat="35.695124" lon="139.703577">
        <name>1:33:40</name>
      </trkpt>
      <trkpt lat="35.695166" lon="139.703407">
        <name>1:33:41</name>
      </trkpt>
      <trkpt lat="35.695183" lon="139.703364">
        <name>1:33:42</name>
      </trkpt>
      <trkpt lat="35.695220" lon="139.703375">
        <name>1:33:43</name>
      </trkpt>
      <trkpt lat="35.695290" lon="139.703395">
        <name>1:33:44</name>
      </trkpt>
      <trkpt lat="35.695508" lon="139.703458">
        <name>1:33:45</name>
      </trkpt>
      <trkpt lat="35.695508" lon="139.703458">
        <name>1:33:46</name>
      </trkpt>
      <trkpt lat="35.695508" lon="139.703458">
        <name>1:33:47</name>
      </trkpt>
      <trkpt lat="35.695508" lon="139.703458">
        <name>1:33:48</name>
      </trkpt>
      <trkpt lat="35.695640" lon="139.703496">
        <name>1:33:49</name>
      </trkpt>
      <trkpt lat="35.695961" lon="139.703571">
        <name>1:33:50</name>
      </trkpt>
      <trkpt lat="35.695845" lon="139.704202">
        <name>1:33:51</name>
      </trkpt>
      <trkpt lat="35.695797" lon="139.704458">
        <name>1:33:52</name>
      </trkpt>
      <trkpt lat="35.695785" lon="139.704525">
        <name>1:33:53</name>
      </trkpt>
      <trkpt lat="35.695037" lon="139.704332">
        <name>1:33:54</name>
      </trkpt>
      <trkpt lat="35.694973" lon="139.704310">
        <name>1:33:55</name>
      </trkpt>
      <trkpt lat="35.694863" lon="139.704266">
        <name>1:33:56</name>
      </trkpt>
      <trkpt lat="35.694197" lon="139.703962">
        <name>1:33:57</name>
      </trkpt>
      <trkpt lat="35.693897" lon="139.703832">
        <name>1:33:58</name>
      </trkpt>
      <trkpt lat="35.693540" lon="139.703666">
        <name>1:33:59</name>
      </trkpt>
      <trkpt lat="35.693462" lon="139.703629">
        <name>1:34:00</name>
      </trkpt>
      <trkpt lat="35.693315" lon="139.703561">
        <name>1:34:01</name>
      </trkpt>
      <trkpt lat="35.693246" lon="139.703529">
        <name>1:34:02</name>
      </trkpt>
      <trkpt lat="35.693141" lon="139.703482">
        <name>1:34:03</name>
      </trkpt>
      <trkpt lat="35.693072" lon="139.703731">
        <name>1:34:04</name>
      </trkpt>
      <trkpt lat="35.692837" lon="139.704588">
        <name>1:34:05</name>
      </trkpt>
      <trkpt lat="35.692597" lon="139.705493">
        <name>1:34:06</name>
      </trkpt>
      <trkpt lat="35.692587" lon="139.705528">
        <name>1:34:07</name>
      </trkpt>
      <trkpt lat="35.692577" lon="139.705567">
        <name>1:34:08</name>
      </trkpt>
      <trkpt lat="35.692565" lon="139.705611">
        <name>1:34:09</name>
      </trkpt>
      <trkpt lat="35.692510" lon="139.705818">
        <name>1:34:10</name>
      </trkpt>
      <trkpt lat="35.692490" lon="139.705892">
        <name>1:34:11</name>
      </trkpt>
      <trkpt lat="35.692371" lon="139.705823">
        <name>1:34:12</name>
      </trkpt>
      <trkpt lat="35.692221" lon="139.705735">
        <name>1:34:13</name>
      </trkpt>
      <trkpt lat="35.691893" lon="139.705539">
        <name>1:34:14</name>
      </trkpt>
      <trkpt lat="35.691832" lon="139.705503">
        <name>1:34:15</name>
      </trkpt>
      <trkpt lat="35.691769" lon="139.705465">
        <name>1:34:16</name>
      </trkpt>
      <trkpt lat="35.691498" lon="139.705306">
        <name>1:34:17</name>
      </trkpt>
      <trkpt lat="35.691326" lon="139.705192">
        <name>1:34:18</name>
      </trkpt>
      <trkpt lat="35.691188" lon="139.705110">
        <name>1:34:19</name>
      </trkpt>
      <trkpt lat="35.691024" lon="139.705014">
        <name>1:34:20</name>
      </trkpt>
      <trkpt lat="35.690851" lon="139.704908">
        <name>1:34:21</name>
      </trkpt>
      <trkpt lat="35.690708" lon="139.704813">
        <name>1:34:22</name>
      </trkpt>
      <trkpt lat="35.690504" lon="139.704680">
        <name>1:34:23</name>
      </trkpt>
      <trkpt lat="35.690291" lon="139.704530">
        <name>1:34:24</name>
      </trkpt>
      <trkpt lat="35.690095" lon="139.704398">
        <name>1:34:25</name>
      </trkpt>
      <trkpt lat="35.690001" lon="139.704335">
        <name>1:34:26</name>
      </trkpt>
      <trkpt lat="35.689838" lon="139.704233">
        <name>1:34:27</name>
      </trkpt>
      <trkpt lat="35.689711" lon="139.704152">
        <name>1:34:28</name>
      </trkpt>
      <trkpt lat="35.689599" lon="139.704076">
        <name>1:34:29</name>
      </trkpt>
      <trkpt lat="35.688642" lon="139.703423">
        <name>1:34:30</name>
      </trkpt>
      <trkpt lat="35.688105" lon="139.703056">
        <name>1:34:31</name>
      </trkpt>
      <trkpt lat="35.688029" lon="139.702998">
        <name>1:34:32</name>
      </trkpt>
      <trkpt lat="35.687994" lon="139.702972">
        <name>1:34:33</name>
      </trkpt>
      <trkpt lat="35.687956" lon="139.702952">
        <name>1:34:34</name>
      </trkpt>
      <trkpt lat="35.687913" lon="139.702938">
        <name>1:34:35</name>
      </trkpt>
      <trkpt lat="35.687869" lon="139.702933">
        <name>1:34:36</name>
      </trkpt>
      <trkpt lat="35.687802" lon="139.702935">
        <name>1:34:37</name>
      </trkpt>
      <trkpt lat="35.687605" lon="139.702982">
        <name>1:34:38</name>
      </trkpt>
      <trkpt lat="35.687539" lon="139.702998">
        <name>1:34:39</name>
      </trkpt>
      <trkpt lat="35.686930" lon="139.703183">
        <name>1:34:40</name>
      </trkpt>
      <trkpt lat="35.686841" lon="139.703209">
        <name>1:34:41</name>
      </trkpt>
      <trkpt lat="35.686295" lon="139.703368">
        <name>1:34:42</name>
      </trkpt>
      <trkpt lat="35.686157" lon="139.703403">
        <name>1:34:43</name>
      </trkpt>
      <trkpt lat="35.685848" lon="139.703501">
        <name>1:34:44</name>
      </trkpt>
      <trkpt lat="35.685659" lon="139.703574">
        <name>1:34:45</name>
      </trkpt>
      <trkpt lat="35.685602" lon="139.703633">
        <name>1:34:46</name>
      </trkpt>
      <trkpt lat="35.685551" lon="139.703705">
        <name>1:34:47</name>
      </trkpt>
      <trkpt lat="35.685430" lon="139.703716">
        <name>1:34:48</name>
      </trkpt>
      <trkpt lat="35.685244" lon="139.703757">
        <name>1:34:49</name>
      </trkpt>
      <trkpt lat="35.685038" lon="139.703816">
        <name>1:34:50</name>
      </trkpt>
      <trkpt lat="35.684876" lon="139.703873">
        <name>1:34:51</name>
      </trkpt>
      <trkpt lat="35.684628" lon="139.703953">
        <name>1:34:52</name>
      </trkpt>
      <trkpt lat="35.684576" lon="139.703979">
        <name>1:34:53</name>
      </trkpt>
      <trkpt lat="35.684531" lon="139.703996">
        <name>1:34:54</name>
      </trkpt>
      <trkpt lat="35.684343" lon="139.704088">
        <name>1:34:55</name>
      </trkpt>
      <trkpt lat="35.684187" lon="139.704178">
        <name>1:34:56</name>
      </trkpt>
      <trkpt lat="35.683887" lon="139.704403">
        <name>1:34:57</name>
      </trkpt>
      <trkpt lat="35.683802" lon="139.704463">
        <name>1:34:58</name>
      </trkpt>
      <trkpt lat="35.683772" lon="139.704473">
        <name>1:34:59</name>
      </trkpt>
      <trkpt lat="35.683631" lon="139.704539">
        <name>1:35:00</name>
      </trkpt>
      <trkpt lat="35.683559" lon="139.704567">
        <name>1:35:01</name>
      </trkpt>
      <trkpt lat="35.683446" lon="139.704602">
        <name>1:35:02</name>
      </trkpt>
      <trkpt lat="35.683378" lon="139.704616">
        <name>1:35:03</name>
      </trkpt>
      <trkpt lat="35.683065" lon="139.704618">
        <name>1:35:04</name>
      </trkpt>
      <trkpt lat="35.682523" lon="139.704630">
        <name>1:35:05</name>
      </trkpt>
      <trkpt lat="35.682392" lon="139.704631">
        <name>1:35:06</name>
      </trkpt>
      <trkpt lat="35.682344" lon="139.704630">
        <name>1:35:07</name>
      </trkpt>
      <trkpt lat="35.682218" lon="139.704627">
        <name>1:35:08</name>
      </trkpt>
      <trkpt lat="35.681806" lon="139.704616">
        <name>1:35:09</name>
      </trkpt>
      <trkpt lat="35.681598" lon="139.704615">
        <name>1:35:10</name>
      </trkpt>
      <trkpt lat="35.680933" lon="139.704603">
        <name>1:35:11</name>
      </trkpt>
      <trkpt lat="35.680747" lon="139.704600">
        <name>1:35:12</name>
      </trkpt>
      <trkpt lat="35.680480" lon="139.704602">
        <name>1:35:13</name>
      </trkpt>
      <trkpt lat="35.680375" lon="139.704599">
        <name>1:35:14</name>
      </trkpt>
      <trkpt lat="35.680240" lon="139.704595">
        <name>1:35:15</name>
      </trkpt>
      <trkpt lat="35.680190" lon="139.704593">
        <name>1:35:16</name>
      </trkpt>
      <trkpt lat="35.680079" lon="139.704595">
        <name>1:35:17</name>
      </trkpt>
      <trkpt lat="35.679939" lon="139.704608">
        <name>1:35:18</name>
      </trkpt>
      <trkpt lat="35.679841" lon="139.704622">
        <name>1:35:19</name>
      </trkpt>
      <trkpt lat="35.679730" lon="139.704648">
        <name>1:35:20</name>
      </trkpt>
      <trkpt lat="35.679625" lon="139.704692">
        <name>1:35:21</name>
      </trkpt>
      <trkpt lat="35.679545" lon="139.704728">
        <name>1:35:22</name>
      </trkpt>
      <trkpt lat="35.679468" lon="139.704772">
        <name>1:35:23</name>
      </trkpt>
      <trkpt lat="35.679071" lon="139.705085">
        <name>1:35:24</name>
      </trkpt>
      <trkpt lat="35.678872" lon="139.705233">
        <name>1:35:25</name>
      </trkpt>
      <trkpt lat="35.678538" lon="139.705485">
        <name>1:35:26</name>
      </trkpt>
      <trkpt lat="35.678365" lon="139.705618">
        <name>1:35:27</name>
      </trkpt>
      <trkpt lat="35.678298" lon="139.705670">
        <name>1:35:28</name>
      </trkpt>
      <trkpt lat="35.678241" lon="139.705717">
        <name>1:35:29</name>
      </trkpt>
      <trkpt lat="35.678048" lon="139.705866">
        <name>1:35:30</name>
      </trkpt>
      <trkpt lat="35.677893" lon="139.705984">
        <name>1:35:31</name>
      </trkpt>
      <trkpt lat="35.677741" lon="139.706088">
        <name>1:35:32</name>
      </trkpt>
      <trkpt lat="35.677552" lon="139.706182">
        <name>1:35:33</name>
      </trkpt>
      <trkpt lat="35.677342" lon="139.706254">
        <name>1:35:34</name>
      </trkpt>
      <trkpt lat="35.677249" lon="139.706279">
        <name>1:35:35</name>
      </trkpt>
      <trkpt lat="35.677217" lon="139.706287">
        <name>1:35:36</name>
      </trkpt>
      <trkpt lat="35.677007" lon="139.706344">
        <name>1:35:37</name>
      </trkpt>
      <trkpt lat="35.676942" lon="139.706360">
        <name>1:35:38</name>
      </trkpt>
      <trkpt lat="35.676745" lon="139.706410">
        <name>1:35:39</name>
      </trkpt>
      <trkpt lat="35.676582" lon="139.706453">
        <name>1:35:40</name>
      </trkpt>
      <trkpt lat="35.676474" lon="139.706480">
        <name>1:35:41</name>
      </trkpt>
      <trkpt lat="35.676202" lon="139.706557">
        <name>1:35:42</name>
      </trkpt>
      <trkpt lat="35.676196" lon="139.706558">
        <name>1:35:43</name>
      </trkpt>
      <trkpt lat="35.675923" lon="139.706633">
        <name>1:35:44</name>
      </trkpt>
      <trkpt lat="35.675634" lon="139.706712">
        <name>1:35:45</name>
      </trkpt>
      <trkpt lat="35.675570" lon="139.706730">
        <name>1:35:46</name>
      </trkpt>
      <trkpt lat="35.675343" lon="139.706792">
        <name>1:35:47</name>
      </trkpt>
      <trkpt lat="35.675317" lon="139.706799">
        <name>1:35:48</name>
      </trkpt>
      <trkpt lat="35.675015" lon="139.706882">
        <name>1:35:49</name>
      </trkpt>
      <trkpt lat="35.674880" lon="139.706936">
        <name>1:35:50</name>
      </trkpt>
      <trkpt lat="35.674746" lon="139.707036">
        <name>1:35:51</name>
      </trkpt>
      <trkpt lat="35.674637" lon="139.707115">
        <name>1:35:52</name>
      </trkpt>
      <trkpt lat="35.674613" lon="139.707021">
        <name>1:35:53</name>
      </trkpt>
      <trkpt lat="35.674573" lon="139.706900">
        <name>1:35:54</name>
      </trkpt>
      <trkpt lat="35.674303" lon="139.706239">
        <name>1:35:55</name>
      </trkpt>
      <trkpt lat="35.673988" lon="139.705775">
        <name>1:35:56</name>
      </trkpt>
      <trkpt lat="35.673919" lon="139.705673">
        <name>1:35:57</name>
      </trkpt>
      <trkpt lat="35.673843" lon="139.705568">
        <name>1:35:58</name>
      </trkpt>
      <trkpt lat="35.673798" lon="139.705506">
        <name>1:35:59</name>
      </trkpt>
      <trkpt lat="35.673192" lon="139.704668">
        <name>1:36:00</name>
      </trkpt>
      <trkpt lat="35.673106" lon="139.704498">
        <name>1:36:01</name>
      </trkpt>
      <trkpt lat="35.672924" lon="139.703947">
        <name>1:36:02</name>
      </trkpt>
      <trkpt lat="35.672845" lon="139.703981">
        <name>1:36:03</name>
      </trkpt>
      <trkpt lat="35.672587" lon="139.704097">
        <name>1:36:04</name>
      </trkpt>
      <trkpt lat="35.672343" lon="139.704207">
        <name>1:36:05</name>
      </trkpt>
      <trkpt lat="35.672313" lon="139.704220">
        <name>1:36:06</name>
      </trkpt>
      <trkpt lat="35.672160" lon="139.704289">
        <name>1:36:07</name>
      </trkpt>
      <trkpt lat="35.671829" lon="139.704352">
        <name>1:36:08</name>
      </trkpt>
      <trkpt lat="35.671806" lon="139.704454">
        <name>1:36:09</name>
      </trkpt>
      <trkpt lat="35.671608" lon="139.704388">
        <name>1:36:10</name>
      </trkpt>
      <trkpt lat="35.671608" lon="139.704388">
        <name>1:36:11</name>
      </trkpt>
      <trkpt lat="35.671806" lon="139.704454">
        <name>1:36:12</name>
      </trkpt>
      <trkpt lat="35.671829" lon="139.704352">
        <name>1:36:13</name>
      </trkpt>
      <trkpt lat="35.672160" lon="139.704289">
        <name>1:36:14</name>
      </trkpt>
      <trkpt lat="35.672313" lon="139.704220">
        <name>1:36:15</name>
      </trkpt>
      <trkpt lat="35.672343" lon="139.704207">
        <name>1:36:16</name>
      </trkpt>
      <trkpt lat="35.672587" lon="139.704097">
        <name>1:36:17</name>
      </trkpt>
      <trkpt lat="35.672845" lon="139.703981">
        <name>1:36:18</name>
      </trkpt>
      <trkpt lat="35.672924" lon="139.703947">
        <name>1:36:19</name>
      </trkpt>
      <trkpt lat="35.673106" lon="139.704498">
        <name>1:36:20</name>
      </trkpt>
      <trkpt lat="35.673192" lon="139.704668">
        <name>1:36:21</name>
      </trkpt>
      <trkpt lat="35.673798" lon="139.705506">
        <name>1:36:22</name>
      </trkpt>
      <trkpt lat="35.673843" lon="139.705568">
        <name>1:36:23</name>
      </trkpt>
      <trkpt lat="35.673919" lon="139.705673">
        <name>1:36:24</name>
      </trkpt>
      <trkpt lat="35.673988" lon="139.705775">
        <name>1:36:25</name>
      </trkpt>
      <trkpt lat="35.674303" lon="139.706239">
        <name>1:36:26</name>
      </trkpt>
      <trkpt lat="35.674573" lon="139.706900">
        <name>1:36:27</name>
      </trkpt>
      <trkpt lat="35.674613" lon="139.707021">
        <name>1:36:28</name>
      </trkpt>
      <trkpt lat="35.674721" lon="139.706942">
        <name>1:36:29</name>
      </trkpt>
      <trkpt lat="35.674851" lon="139.706855">
        <name>1:36:30</name>
      </trkpt>
      <trkpt lat="35.675207" lon="139.706733">
        <name>1:36:31</name>
      </trkpt>
      <trkpt lat="35.675325" lon="139.706698">
        <name>1:36:32</name>
      </trkpt>
      <trkpt lat="35.675546" lon="139.706626">
        <name>1:36:33</name>
      </trkpt>
      <trkpt lat="35.675615" lon="139.706604">
        <name>1:36:34</name>
      </trkpt>
      <trkpt lat="35.676177" lon="139.706460">
        <name>1:36:35</name>
      </trkpt>
      <trkpt lat="35.676454" lon="139.706383">
        <name>1:36:36</name>
      </trkpt>
      <trkpt lat="35.676553" lon="139.706357">
        <name>1:36:37</name>
      </trkpt>
      <trkpt lat="35.676724" lon="139.706316">
        <name>1:36:38</name>
      </trkpt>
      <trkpt lat="35.677216" lon="139.706184">
        <name>1:36:39</name>
      </trkpt>
      <trkpt lat="35.677374" lon="139.706139">
        <name>1:36:40</name>
      </trkpt>
      <trkpt lat="35.677454" lon="139.706111">
        <name>1:36:41</name>
      </trkpt>
      <trkpt lat="35.677550" lon="139.706072">
        <name>1:36:42</name>
      </trkpt>
      <trkpt lat="35.677648" lon="139.706023">
        <name>1:36:43</name>
      </trkpt>
      <trkpt lat="35.677803" lon="139.705930">
        <name>1:36:44</name>
      </trkpt>
      <trkpt lat="35.678200" lon="139.705636">
        <name>1:36:45</name>
      </trkpt>
      <trkpt lat="35.678260" lon="139.705593">
        <name>1:36:46</name>
      </trkpt>
      <trkpt lat="35.678328" lon="139.705545">
        <name>1:36:47</name>
      </trkpt>
      <trkpt lat="35.678755" lon="139.705210">
        <name>1:36:48</name>
      </trkpt>
      <trkpt lat="35.679076" lon="139.704959">
        <name>1:36:49</name>
      </trkpt>
      <trkpt lat="35.679370" lon="139.704710">
        <name>1:36:50</name>
      </trkpt>
      <trkpt lat="35.679555" lon="139.704628">
        <name>1:36:51</name>
      </trkpt>
      <trkpt lat="35.679709" lon="139.704572">
        <name>1:36:52</name>
      </trkpt>
      <trkpt lat="35.679921" lon="139.704520">
        <name>1:36:53</name>
      </trkpt>
      <trkpt lat="35.680034" lon="139.704511">
        <name>1:36:54</name>
      </trkpt>
      <trkpt lat="35.680192" lon="139.704510">
        <name>1:36:55</name>
      </trkpt>
      <trkpt lat="35.680244" lon="139.704509">
        <name>1:36:56</name>
      </trkpt>
      <trkpt lat="35.680360" lon="139.704510">
        <name>1:36:57</name>
      </trkpt>
      <trkpt lat="35.680467" lon="139.704511">
        <name>1:36:58</name>
      </trkpt>
      <trkpt lat="35.680747" lon="139.704521">
        <name>1:36:59</name>
      </trkpt>
      <trkpt lat="35.680823" lon="139.704511">
        <name>1:37:00</name>
      </trkpt>
      <trkpt lat="35.680934" lon="139.704517">
        <name>1:37:01</name>
      </trkpt>
      <trkpt lat="35.681597" lon="139.704529">
        <name>1:37:02</name>
      </trkpt>
      <trkpt lat="35.682394" lon="139.704534">
        <name>1:37:03</name>
      </trkpt>
      <trkpt lat="35.682421" lon="139.704534">
        <name>1:37:04</name>
      </trkpt>
      <trkpt lat="35.682719" lon="139.704538">
        <name>1:37:05</name>
      </trkpt>
      <trkpt lat="35.682845" lon="139.704539">
        <name>1:37:06</name>
      </trkpt>
      <trkpt lat="35.683096" lon="139.704483">
        <name>1:37:07</name>
      </trkpt>
      <trkpt lat="35.683167" lon="139.704465">
        <name>1:37:08</name>
      </trkpt>
      <trkpt lat="35.683277" lon="139.704442">
        <name>1:37:09</name>
      </trkpt>
      <trkpt lat="35.683422" lon="139.704394">
        <name>1:37:10</name>
      </trkpt>
      <trkpt lat="35.683555" lon="139.704334">
        <name>1:37:11</name>
      </trkpt>
      <trkpt lat="35.683635" lon="139.704297">
        <name>1:37:12</name>
      </trkpt>
      <trkpt lat="35.683755" lon="139.704233">
        <name>1:37:13</name>
      </trkpt>
      <trkpt lat="35.683848" lon="139.704173">
        <name>1:37:14</name>
      </trkpt>
      <trkpt lat="35.683996" lon="139.704054">
        <name>1:37:15</name>
      </trkpt>
      <trkpt lat="35.684162" lon="139.703935">
        <name>1:37:16</name>
      </trkpt>
      <trkpt lat="35.684380" lon="139.703822">
        <name>1:37:17</name>
      </trkpt>
      <trkpt lat="35.684453" lon="139.703794">
        <name>1:37:18</name>
      </trkpt>
      <trkpt lat="35.684556" lon="139.703762">
        <name>1:37:19</name>
      </trkpt>
      <trkpt lat="35.684683" lon="139.703723">
        <name>1:37:20</name>
      </trkpt>
      <trkpt lat="35.685330" lon="139.703547">
        <name>1:37:21</name>
      </trkpt>
      <trkpt lat="35.686072" lon="139.703335">
        <name>1:37:22</name>
      </trkpt>
      <trkpt lat="35.686277" lon="139.703274">
        <name>1:37:23</name>
      </trkpt>
      <trkpt lat="35.686713" lon="139.703144">
        <name>1:37:24</name>
      </trkpt>
      <trkpt lat="35.686822" lon="139.703112">
        <name>1:37:25</name>
      </trkpt>
      <trkpt lat="35.686902" lon="139.703088">
        <name>1:37:26</name>
      </trkpt>
      <trkpt lat="35.687095" lon="139.703038">
        <name>1:37:27</name>
      </trkpt>
      <trkpt lat="35.687253" lon="139.702995">
        <name>1:37:28</name>
      </trkpt>
      <trkpt lat="35.687490" lon="139.702929">
        <name>1:37:29</name>
      </trkpt>
      <trkpt lat="35.687524" lon="139.702920">
        <name>1:37:30</name>
      </trkpt>
      <trkpt lat="35.687589" lon="139.702901">
        <name>1:37:31</name>
      </trkpt>
      <trkpt lat="35.687805" lon="139.702844">
        <name>1:37:32</name>
      </trkpt>
      <trkpt lat="35.687871" lon="139.702838">
        <name>1:37:33</name>
      </trkpt>
      <trkpt lat="35.687924" lon="139.702842">
        <name>1:37:34</name>
      </trkpt>
      <trkpt lat="35.687981" lon="139.702858">
        <name>1:37:35</name>
      </trkpt>
      <trkpt lat="35.688034" lon="139.702886">
        <name>1:37:36</name>
      </trkpt>
      <trkpt lat="35.688130" lon="139.702956">
        <name>1:37:37</name>
      </trkpt>
      <trkpt lat="35.688299" lon="139.703071">
        <name>1:37:38</name>
      </trkpt>
      <trkpt lat="35.689464" lon="139.703879">
        <name>1:37:39</name>
      </trkpt>
      <trkpt lat="35.689546" lon="139.703937">
        <name>1:37:40</name>
      </trkpt>
      <trkpt lat="35.689602" lon="139.703976">
        <name>1:37:41</name>
      </trkpt>
      <trkpt lat="35.689703" lon="139.704046">
        <name>1:37:42</name>
      </trkpt>
      <trkpt lat="35.689825" lon="139.704126">
        <name>1:37:43</name>
      </trkpt>
      <trkpt lat="35.689982" lon="139.704223">
        <name>1:37:44</name>
      </trkpt>
      <trkpt lat="35.690320" lon="139.704455">
        <name>1:37:45</name>
      </trkpt>
      <trkpt lat="35.690461" lon="139.704549">
        <name>1:37:46</name>
      </trkpt>
      <trkpt lat="35.690741" lon="139.704744">
        <name>1:37:47</name>
      </trkpt>
      <trkpt lat="35.690884" lon="139.704836">
        <name>1:37:48</name>
      </trkpt>
      <trkpt lat="35.691052" lon="139.704943">
        <name>1:37:49</name>
      </trkpt>
      <trkpt lat="35.691354" lon="139.705119">
        <name>1:37:50</name>
      </trkpt>
      <trkpt lat="35.691536" lon="139.705241">
        <name>1:37:51</name>
      </trkpt>
      <trkpt lat="35.691766" lon="139.705377">
        <name>1:37:52</name>
      </trkpt>
      <trkpt lat="35.691810" lon="139.705402">
        <name>1:37:53</name>
      </trkpt>
      <trkpt lat="35.691872" lon="139.705440">
        <name>1:37:54</name>
      </trkpt>
      <trkpt lat="35.692197" lon="139.705635">
        <name>1:37:55</name>
      </trkpt>
      <trkpt lat="35.692245" lon="139.705663">
        <name>1:37:56</name>
      </trkpt>
      <trkpt lat="35.692388" lon="139.705747">
        <name>1:37:57</name>
      </trkpt>
      <trkpt lat="35.692430" lon="139.705557">
        <name>1:37:58</name>
      </trkpt>
      <trkpt lat="35.692441" lon="139.705516">
        <name>1:37:59</name>
      </trkpt>
      <trkpt lat="35.692452" lon="139.705473">
        <name>1:38:00</name>
      </trkpt>
      <trkpt lat="35.692534" lon="139.705160">
        <name>1:38:01</name>
      </trkpt>
      <trkpt lat="35.692708" lon="139.704533">
        <name>1:38:02</name>
      </trkpt>
      <trkpt lat="35.692778" lon="139.704288">
        <name>1:38:03</name>
      </trkpt>
      <trkpt lat="35.692836" lon="139.704078">
        <name>1:38:04</name>
      </trkpt>
      <trkpt lat="35.692931" lon="139.703745">
        <name>1:38:05</name>
      </trkpt>
      <trkpt lat="35.692950" lon="139.703680">
        <name>1:38:06</name>
      </trkpt>
      <trkpt lat="35.692997" lon="139.703512">
        <name>1:38:07</name>
      </trkpt>
      <trkpt lat="35.693021" lon="139.703427">
        <name>1:38:08</name>
      </trkpt>
      <trkpt lat="35.693141" lon="139.703482">
        <name>1:38:09</name>
      </trkpt>
      <trkpt lat="35.693246" lon="139.703529">
        <name>1:38:10</name>
      </trkpt>
      <trkpt lat="35.693315" lon="139.703561">
        <name>1:38:11</name>
      </trkpt>
      <trkpt lat="35.693462" lon="139.703629">
        <name>1:38:12</name>
      </trkpt>
      <trkpt lat="35.693540" lon="139.703666">
        <name>1:38:13</name>
      </trkpt>
      <trkpt lat="35.693897" lon="139.703832">
        <name>1:38:14</name>
      </trkpt>
      <trkpt lat="35.694197" lon="139.703962">
        <name>1:38:15</name>
      </trkpt>
      <trkpt lat="35.694863" lon="139.704266">
        <name>1:38:16</name>
      </trkpt>
      <trkpt lat="35.694973" lon="139.704310">
        <name>1:38:17</name>
      </trkpt>
      <trkpt lat="35.694975" lon="139.704217">
        <name>1:38:18</name>
      </trkpt>
      <trkpt lat="35.695011" lon="139.704058">
        <name>1:38:19</name>
      </trkpt>
      <trkpt lat="35.695038" lon="139.703944">
        <name>1:38:20</name>
      </trkpt>
      <trkpt lat="35.695098" lon="139.703687">
        <name>1:38:21</name>
      </trkpt>
      <trkpt lat="35.695124" lon="139.703577">
        <name>1:38:22</name>
      </trkpt>
      <trkpt lat="35.695166" lon="139.703407">
        <name>1:38:23</name>
      </trkpt>
      <trkpt lat="35.695183" lon="139.703364">
        <name>1:38:24</name>
      </trkpt>
      <trkpt lat="35.695220" lon="139.703375">
        <name>1:38:25</name>
      </trkpt>
      <trkpt lat="35.695290" lon="139.703395">
        <name>1:38:26</name>
      </trkpt>
      <trkpt lat="35.695508" lon="139.703458">
        <name>1:38:27</name>
      </trkpt>
      <trkpt lat="35.695508" lon="139.703458">
        <name>1:38:28</name>
      </trkpt>
      <trkpt lat="35.695640" lon="139.703496">
        <name>1:38:29</name>
      </trkpt>
      <trkpt lat="35.695961" lon="139.703571">
        <name>1:38:30</name>
      </trkpt>
      <trkpt lat="35.695845" lon="139.704202">
        <name>1:38:31</name>
      </trkpt>
      <trkpt lat="35.695797" lon="139.704458">
        <name>1:38:32</name>
      </trkpt>
      <trkpt lat="35.695785" lon="139.704525">
        <name>1:38:33</name>
      </trkpt>
      <trkpt lat="35.695037" lon="139.704332">
        <name>1:38:34</name>
      </trkpt>
      <trkpt lat="35.694973" lon="139.704310">
        <name>1:38:35</name>
      </trkpt>
      <trkpt lat="35.694863" lon="139.704266">
        <name>1:38:36</name>
      </trkpt>
      <trkpt lat="35.694197" lon="139.703962">
        <name>1:38:37</name>
      </trkpt>
      <trkpt lat="35.693897" lon="139.703832">
        <name>1:38:38</name>
      </trkpt>
      <trkpt lat="35.693540" lon="139.703666">
        <name>1:38:39</name>
      </trkpt>
      <trkpt lat="35.693462" lon="139.703629">
        <name>1:38:40</name>
      </trkpt>
      <trkpt lat="35.693315" lon="139.703561">
        <name>1:38:41</name>
      </trkpt>
      <trkpt lat="35.693246" lon="139.703529">
        <name>1:38:42</name>
      </trkpt>
      <trkpt lat="35.693141" lon="139.703482">
        <name>1:38:43</name>
      </trkpt>
      <trkpt lat="35.693072" lon="139.703731">
        <name>1:38:44</name>
      </trkpt>
      <trkpt lat="35.692837" lon="139.704588">
        <name>1:38:45</name>
      </trkpt>
      <trkpt lat="35.692597" lon="139.705493">
        <name>1:38:46</name>
      </trkpt>
      <trkpt lat="35.692587" lon="139.705528">
        <name>1:38:47</name>
      </trkpt>
      <trkpt lat="35.692577" lon="139.705567">
        <name>1:38:48</name>
      </trkpt>
      <trkpt lat="35.692565" lon="139.705611">
        <name>1:38:49</name>
      </trkpt>
      <trkpt lat="35.692510" lon="139.705818">
        <name>1:38:50</name>
      </trkpt>
      <trkpt lat="35.692490" lon="139.705892">
        <name>1:38:51</name>
      </trkpt>
      <trkpt lat="35.692461" lon="139.706019">
        <name>1:38:52</name>
      </trkpt>
      <trkpt lat="35.692319" lon="139.706518">
        <name>1:38:53</name>
      </trkpt>
      <trkpt lat="35.692289" lon="139.706621">
        <name>1:38:54</name>
      </trkpt>
      <trkpt lat="35.692257" lon="139.706735">
        <name>1:38:55</name>
      </trkpt>
      <trkpt lat="35.692202" lon="139.706925">
        <name>1:38:56</name>
      </trkpt>
      <trkpt lat="35.692155" lon="139.707086">
        <name>1:38:57</name>
      </trkpt>
      <trkpt lat="35.692028" lon="139.707099">
        <name>1:38:58</name>
      </trkpt>
      <trkpt lat="35.691887" lon="139.707112">
        <name>1:38:59</name>
      </trkpt>
      <trkpt lat="35.691666" lon="139.707134">
        <name>1:39:00</name>
      </trkpt>
      <trkpt lat="35.691515" lon="139.707140">
        <name>1:39:01</name>
      </trkpt>
      <trkpt lat="35.691283" lon="139.707135">
        <name>1:39:02</name>
      </trkpt>
      <trkpt lat="35.691081" lon="139.707119">
        <name>1:39:03</name>
      </trkpt>
      <trkpt lat="35.691029" lon="139.707117">
        <name>1:39:04</name>
      </trkpt>
      <trkpt lat="35.690933" lon="139.707103">
        <name>1:39:05</name>
      </trkpt>
      <trkpt lat="35.690786" lon="139.707087">
        <name>1:39:06</name>
      </trkpt>
      <trkpt lat="35.690766" lon="139.707083">
        <name>1:39:07</name>
      </trkpt>
      <trkpt lat="35.690746" lon="139.707078">
        <name>1:39:08</name>
      </trkpt>
      <trkpt lat="35.690612" lon="139.707045">
        <name>1:39:09</name>
      </trkpt>
      <trkpt lat="35.690454" lon="139.707005">
        <name>1:39:10</name>
      </trkpt>
      <trkpt lat="35.690333" lon="139.706969">
        <name>1:39:11</name>
      </trkpt>
      <trkpt lat="35.690167" lon="139.706913">
        <name>1:39:12</name>
      </trkpt>
      <trkpt lat="35.690123" lon="139.706897">
        <name>1:39:13</name>
      </trkpt>
      <trkpt lat="35.689968" lon="139.706850">
        <name>1:39:14</name>
      </trkpt>
      <trkpt lat="35.689798" lon="139.706795">
        <name>1:39:15</name>
      </trkpt>
      <trkpt lat="35.689667" lon="139.706729">
        <name>1:39:16</name>
      </trkpt>
      <trkpt lat="35.689588" lon="139.706676">
        <name>1:39:17</name>
      </trkpt>
      <trkpt lat="35.689498" lon="139.706613">
        <name>1:39:18</name>
      </trkpt>
      <trkpt lat="35.689453" lon="139.706582">
        <name>1:39:19</name>
      </trkpt>
      <trkpt lat="35.689362" lon="139.706519">
        <name>1:39:20</name>
      </trkpt>
      <trkpt lat="35.689228" lon="139.706417">
        <name>1:39:21</name>
      </trkpt>
      <trkpt lat="35.689279" lon="139.706222">
        <name>1:39:22</name>
      </trkpt>
      <trkpt lat="35.689299" lon="139.706149">
        <name>1:39:23</name>
      </trkpt>
      <trkpt lat="35.689316" lon="139.706111">
        <name>1:39:24</name>
      </trkpt>
      <trkpt lat="35.689334" lon="139.706078">
        <name>1:39:25</name>
      </trkpt>
      <trkpt lat="35.689395" lon="139.705969">
        <name>1:39:26</name>
      </trkpt>
      <trkpt lat="35.689455" lon="139.705857">
        <name>1:39:27</name>
      </trkpt>
      <trkpt lat="35.689521" lon="139.705706">
        <name>1:39:28</name>
      </trkpt>
      <trkpt lat="35.689573" lon="139.705558">
        <name>1:39:29</name>
      </trkpt>
      <trkpt lat="35.689613" lon="139.705417">
        <name>1:39:30</name>
      </trkpt>
      <trkpt lat="35.689644" lon="139.705288">
        <name>1:39:31</name>
      </trkpt>
      <trkpt lat="35.689664" lon="139.705164">
        <name>1:39:32</name>
      </trkpt>
      <trkpt lat="35.689718" lon="139.704808">
        <name>1:39:33</name>
      </trkpt>
      <trkpt lat="35.689745" lon="139.704533">
        <name>1:39:34</name>
      </trkpt>
      <trkpt lat="35.689642" lon="139.704538">
        <name>1:39:35</name>
      </trkpt>
      <trkpt lat="35.689157" lon="139.704621">
        <name>1:39:36</name>
      </trkpt>
      <trkpt lat="35.689157" lon="139.704621">
        <name>1:39:37</name>
      </trkpt>
      <trkpt lat="35.689157" lon="139.704621">
        <name>1:39:38</name>
      </trkpt>
      <trkpt lat="35.689157" lon="139.704621">
        <name>1:39:39</name>
      </trkpt>
      <trkpt lat="35.689157" lon="139.704621">
        <name>1:39:40</name>
      </trkpt>
      <trkpt lat="35.689157" lon="139.704621">
        <name>1:39:41</name>
      </trkpt>
      <trkpt lat="35.689157" lon="139.704621">
        <name>1:39:42</name>
      </trkpt>
      <trkpt lat="35.689157" lon="139.704621">
        <name>1:39:43</name>
      </trkpt>
      <trkpt lat="35.689642" lon="139.704538">
        <name>1:39:44</name>
      </trkpt>
      <trkpt lat="35.689745" lon="139.704533">
        <name>1:39:45</name>
      </trkpt>
      <trkpt lat="35.689733" lon="139.704399">
        <name>1:39:46</name>
      </trkpt>
      <trkpt lat="35.689725" lon="139.704297">
        <name>1:39:47</name>
      </trkpt>
      <trkpt lat="35.689711" lon="139.704152">
        <name>1:39:48</name>
      </trkpt>
      <trkpt lat="35.689703" lon="139.704046">
        <name>1:39:49</name>
      </trkpt>
      <trkpt lat="35.689692" lon="139.703918">
        <name>1:39:50</name>
      </trkpt>
      <trkpt lat="35.689678" lon="139.703780">
        <name>1:39:51</name>
      </trkpt>
      <trkpt lat="35.689652" lon="139.703560">
        <name>1:39:52</name>
      </trkpt>
      <trkpt lat="35.689610" lon="139.703204">
        <name>1:39:53</name>
      </trkpt>
      <trkpt lat="35.689560" lon="139.702903">
        <name>1:39:54</name>
      </trkpt>
      <trkpt lat="35.689468" lon="139.702470">
        <name>1:39:55</name>
      </trkpt>
      <trkpt lat="35.689393" lon="139.702172">
        <name>1:39:56</name>
      </trkpt>
      <trkpt lat="35.689353" lon="139.702011">
        <name>1:39:57</name>
      </trkpt>
      <trkpt lat="35.689324" lon="139.701907">
        <name>1:39:58</name>
      </trkpt>
      <trkpt lat="35.689215" lon="139.701495">
        <name>1:39:59</name>
      </trkpt>
      <trkpt lat="35.689145" lon="139.701172">
        <name>1:40:00</name>
      </trkpt>
      <trkpt lat="35.689021" lon="139.700488">
        <name>1:40:01</name>
      </trkpt>
      <trkpt lat="35.688951" lon="139.700117">
        <name>1:40:02</name>
      </trkpt>
      <trkpt lat="35.688912" lon="139.699956">
        <name>1:40:03</name>
      </trkpt>
      <trkpt lat="35.688867" lon="139.699791">
        <name>1:40:04</name>
      </trkpt>
      <trkpt lat="35.688812" lon="139.699641">
        <name>1:40:05</name>
      </trkpt>
      <trkpt lat="35.688749" lon="139.699480">
        <name>1:40:06</name>
      </trkpt>
      <trkpt lat="35.688665" lon="139.699297">
        <name>1:40:07</name>
      </trkpt>
      <trkpt lat="35.688625" lon="139.699210">
        <name>1:40:08</name>
      </trkpt>
      <trkpt lat="35.688541" lon="139.698988">
        <name>1:40:09</name>
      </trkpt>
      <trkpt lat="35.688424" lon="139.699036">
        <name>1:40:10</name>
      </trkpt>
      <trkpt lat="35.688366" lon="139.699059">
        <name>1:40:11</name>
      </trkpt>
      <trkpt lat="35.688179" lon="139.699132">
        <name>1:40:12</name>
      </trkpt>
      <trkpt lat="35.687708" lon="139.699314">
        <name>1:40:13</name>
      </trkpt>
      <trkpt lat="35.687136" lon="139.699520">
        <name>1:40:14</name>
      </trkpt>
      <trkpt lat="35.686921" lon="139.699608">
        <name>1:40:15</name>
      </trkpt>
      <trkpt lat="35.686575" lon="139.699803">
        <name>1:40:16</name>
      </trkpt>
      <trkpt lat="35.686342" lon="139.699978">
        <name>1:40:17</name>
      </trkpt>
      <trkpt lat="35.685753" lon="139.700649">
        <name>1:40:18</name>
      </trkpt>
      <trkpt lat="35.685704" lon="139.700704">
        <name>1:40:19</name>
      </trkpt>
      <trkpt lat="35.685664" lon="139.700750">
        <name>1:40:20</name>
      </trkpt>
      <trkpt lat="35.685632" lon="139.700786">
        <name>1:40:21</name>
      </trkpt>
      <trkpt lat="35.685596" lon="139.700827">
        <name>1:40:22</name>
      </trkpt>
      <trkpt lat="35.685532" lon="139.700899">
        <name>1:40:23</name>
      </trkpt>
      <trkpt lat="35.685481" lon="139.700956">
        <name>1:40:24</name>
      </trkpt>
      <trkpt lat="35.685455" lon="139.700984">
        <name>1:40:25</name>
      </trkpt>
      <trkpt lat="35.685428" lon="139.701008">
        <name>1:40:26</name>
      </trkpt>
      <trkpt lat="35.685374" lon="139.701050">
        <name>1:40:27</name>
      </trkpt>
      <trkpt lat="35.685306" lon="139.701087">
        <name>1:40:28</name>
      </trkpt>
      <trkpt lat="35.684846" lon="139.701236">
        <name>1:40:29</name>
      </trkpt>
      <trkpt lat="35.684737" lon="139.701272">
        <name>1:40:30</name>
      </trkpt>
      <trkpt lat="35.684544" lon="139.701337">
        <name>1:40:31</name>
      </trkpt>
      <trkpt lat="35.684143" lon="139.701452">
        <name>1:40:32</name>
      </trkpt>
      <trkpt lat="35.683608" lon="139.701580">
        <name>1:40:33</name>
      </trkpt>
      <trkpt lat="35.683422" lon="139.701624">
        <name>1:40:34</name>
      </trkpt>
      <trkpt lat="35.683283" lon="139.701658">
        <name>1:40:35</name>
      </trkpt>
      <trkpt lat="35.683176" lon="139.701683">
        <name>1:40:36</name>
      </trkpt>
      <trkpt lat="35.682861" lon="139.701752">
        <name>1:40:37</name>
      </trkpt>
      <trkpt lat="35.682754" lon="139.701775">
        <name>1:40:38</name>
      </trkpt>
      <trkpt lat="35.682647" lon="139.701805">
        <name>1:40:39</name>
      </trkpt>
      <trkpt lat="35.682498" lon="139.701846">
        <name>1:40:40</name>
      </trkpt>
      <trkpt lat="35.681772" lon="139.702101">
        <name>1:40:41</name>
      </trkpt>
      <trkpt lat="35.681420" lon="139.702216">
        <name>1:40:42</name>
      </trkpt>
      <trkpt lat="35.681328" lon="139.702252">
        <name>1:40:43</name>
      </trkpt>
      <trkpt lat="35.680852" lon="139.702416">
        <name>1:40:44</name>
      </trkpt>
      <trkpt lat="35.680765" lon="139.702456">
        <name>1:40:45</name>
      </trkpt>
      <trkpt lat="35.680742" lon="139.702473">
        <name>1:40:46</name>
      </trkpt>
      <trkpt lat="35.680662" lon="139.702569">
        <name>1:40:47</name>
      </trkpt>
      <trkpt lat="35.680552" lon="139.702752">
        <name>1:40:48</name>
      </trkpt>
      <trkpt lat="35.680502" lon="139.702836">
        <name>1:40:49</name>
      </trkpt>
      <trkpt lat="35.680443" lon="139.702903">
        <name>1:40:50</name>
      </trkpt>
      <trkpt lat="35.680369" lon="139.702962">
        <name>1:40:51</name>
      </trkpt>
      <trkpt lat="35.680231" lon="139.703042">
        <name>1:40:52</name>
      </trkpt>
      <trkpt lat="35.680134" lon="139.703096">
        <name>1:40:53</name>
      </trkpt>
      <trkpt lat="35.680095" lon="139.702989">
        <name>1:40:54</name>
      </trkpt>
      <trkpt lat="35.680012" lon="139.702811">
        <name>1:40:55</name>
      </trkpt>
      <trkpt lat="35.680008" lon="139.702754">
        <name>1:40:56</name>
      </trkpt>
      <trkpt lat="35.679828" lon="139.702526">
        <name>1:40:57</name>
      </trkpt>
      <trkpt lat="35.679651" lon="139.702392">
        <name>1:40:58</name>
      </trkpt>
      <trkpt lat="35.679386" lon="139.702240">
        <name>1:40:59</name>
      </trkpt>
      <trkpt lat="35.679106" lon="139.702170">
        <name>1:41:00</name>
      </trkpt>
      <trkpt lat="35.679107" lon="139.702001">
        <name>1:41:01</name>
      </trkpt>
      <trkpt lat="35.679154" lon="139.701516">
        <name>1:41:02</name>
      </trkpt>
      <trkpt lat="35.679178" lon="139.701417">
        <name>1:41:03</name>
      </trkpt>
      <trkpt lat="35.678885" lon="139.701018">
        <name>1:41:04</name>
      </trkpt>
      <trkpt lat="35.678504" lon="139.700644">
        <name>1:41:05</name>
      </trkpt>
      <trkpt lat="35.678117" lon="139.700369">
        <name>1:41:06</name>
      </trkpt>
      <trkpt lat="35.677769" lon="139.700455">
        <name>1:41:07</name>
      </trkpt>
      <trkpt lat="35.677467" lon="139.700567">
        <name>1:41:08</name>
      </trkpt>
      <trkpt lat="35.677353" lon="139.700617">
        <name>1:41:09</name>
      </trkpt>
      <trkpt lat="35.676918" lon="139.700806">
        <name>1:41:10</name>
      </trkpt>
      <trkpt lat="35.676442" lon="139.701128">
        <name>1:41:11</name>
      </trkpt>
      <trkpt lat="35.676269" lon="139.701246">
        <name>1:41:12</name>
      </trkpt>
      <trkpt lat="35.676140" lon="139.701341">
        <name>1:41:13</name>
      </trkpt>
      <trkpt lat="35.676025" lon="139.701419">
        <name>1:41:14</name>
      </trkpt>
      <trkpt lat="35.675843" lon="139.701545">
        <name>1:41:15</name>
      </trkpt>
      <trkpt lat="35.675762" lon="139.701369">
        <name>1:41:16</name>
      </trkpt>
      <trkpt lat="35.675696" lon="139.701205">
        <name>1:41:17</name>
      </trkpt>
      <trkpt lat="35.675684" lon="139.701028">
        <name>1:41:18</name>
      </trkpt>
      <trkpt lat="35.675760" lon="139.700862">
        <name>1:41:19</name>
      </trkpt>
      <trkpt lat="35.675773" lon="139.700757">
        <name>1:41:20</name>
      </trkpt>
      <trkpt lat="35.675770" lon="139.700615">
        <name>1:41:21</name>
      </trkpt>
      <trkpt lat="35.675760" lon="139.700430">
        <name>1:41:22</name>
      </trkpt>
      <trkpt lat="35.675845" lon="139.700334">
        <name>1:41:23</name>
      </trkpt>
      <trkpt lat="35.675847" lon="139.700268">
        <name>1:41:24</name>
      </trkpt>
      <trkpt lat="35.675925" lon="139.700258">
        <name>1:41:25</name>
      </trkpt>
      <trkpt lat="35.676475" lon="139.700188">
        <name>1:41:26</name>
      </trkpt>
      <trkpt lat="35.676475" lon="139.700188">
        <name>1:41:27</name>
      </trkpt>
      <trkpt lat="35.676507" lon="139.700184">
        <name>1:41:28</name>
      </trkpt>
      <trkpt lat="35.676550" lon="139.700314">
        <name>1:41:29</name>
      </trkpt>
      <trkpt lat="35.676704" lon="139.700525">
        <name>1:41:30</name>
      </trkpt>
      <trkpt lat="35.676884" lon="139.700684">
        <name>1:41:31</name>
      </trkpt>
      <trkpt lat="35.676911" lon="139.700770">
        <name>1:41:32</name>
      </trkpt>
      <trkpt lat="35.676918" lon="139.700806">
        <name>1:41:33</name>
      </trkpt>
      <trkpt lat="35.677353" lon="139.700617">
        <name>1:41:34</name>
      </trkpt>
      <trkpt lat="35.677467" lon="139.700567">
        <name>1:41:35</name>
      </trkpt>
      <trkpt lat="35.677769" lon="139.700455">
        <name>1:41:36</name>
      </trkpt>
      <trkpt lat="35.678117" lon="139.700369">
        <name>1:41:37</name>
      </trkpt>
      <trkpt lat="35.678504" lon="139.700644">
        <name>1:41:38</name>
      </trkpt>
      <trkpt lat="35.678885" lon="139.701018">
        <name>1:41:39</name>
      </trkpt>
      <trkpt lat="35.679178" lon="139.701417">
        <name>1:41:40</name>
      </trkpt>
      <trkpt lat="35.679154" lon="139.701516">
        <name>1:41:41</name>
      </trkpt>
      <trkpt lat="35.679107" lon="139.702001">
        <name>1:41:42</name>
      </trkpt>
      <trkpt lat="35.679106" lon="139.702170">
        <name>1:41:43</name>
      </trkpt>
      <trkpt lat="35.679386" lon="139.702240">
        <name>1:41:44</name>
      </trkpt>
      <trkpt lat="35.679651" lon="139.702392">
        <name>1:41:45</name>
      </trkpt>
      <trkpt lat="35.679828" lon="139.702526">
        <name>1:41:46</name>
      </trkpt>
      <trkpt lat="35.680008" lon="139.702754">
        <name>1:41:47</name>
      </trkpt>
      <trkpt lat="35.680012" lon="139.702811">
        <name>1:41:48</name>
      </trkpt>
      <trkpt lat="35.680095" lon="139.702989">
        <name>1:41:49</name>
      </trkpt>
      <trkpt lat="35.680134" lon="139.703096">
        <name>1:41:50</name>
      </trkpt>
      <trkpt lat="35.680231" lon="139.703042">
        <name>1:41:51</name>
      </trkpt>
      <trkpt lat="35.680369" lon="139.702962">
        <name>1:41:52</name>
      </trkpt>
      <trkpt lat="35.680443" lon="139.702903">
        <name>1:41:53</name>
      </trkpt>
      <trkpt lat="35.680502" lon="139.702836">
        <name>1:41:54</name>
      </trkpt>
      <trkpt lat="35.680552" lon="139.702752">
        <name>1:41:55</name>
      </trkpt>
      <trkpt lat="35.680662" lon="139.702569">
        <name>1:41:56</name>
      </trkpt>
      <trkpt lat="35.680742" lon="139.702473">
        <name>1:41:57</name>
      </trkpt>
      <trkpt lat="35.680765" lon="139.702456">
        <name>1:41:58</name>
      </trkpt>
      <trkpt lat="35.680852" lon="139.702416">
        <name>1:41:59</name>
      </trkpt>
      <trkpt lat="35.681328" lon="139.702252">
        <name>1:42:00</name>
      </trkpt>
      <trkpt lat="35.681420" lon="139.702216">
        <name>1:42:01</name>
      </trkpt>
      <trkpt lat="35.681772" lon="139.702101">
        <name>1:42:02</name>
      </trkpt>
      <trkpt lat="35.682498" lon="139.701846">
        <name>1:42:03</name>
      </trkpt>
      <trkpt lat="35.682647" lon="139.701805">
        <name>1:42:04</name>
      </trkpt>
      <trkpt lat="35.682754" lon="139.701775">
        <name>1:42:05</name>
      </trkpt>
      <trkpt lat="35.682861" lon="139.701752">
        <name>1:42:06</name>
      </trkpt>
      <trkpt lat="35.683176" lon="139.701683">
        <name>1:42:07</name>
      </trkpt>
      <trkpt lat="35.683283" lon="139.701658">
        <name>1:42:08</name>
      </trkpt>
      <trkpt lat="35.683422" lon="139.701624">
        <name>1:42:09</name>
      </trkpt>
      <trkpt lat="35.683608" lon="139.701580">
        <name>1:42:10</name>
      </trkpt>
      <trkpt lat="35.684143" lon="139.701452">
        <name>1:42:11</name>
      </trkpt>
      <trkpt lat="35.684544" lon="139.701337">
        <name>1:42:12</name>
      </trkpt>
      <trkpt lat="35.684737" lon="139.701272">
        <name>1:42:13</name>
      </trkpt>
      <trkpt lat="35.684846" lon="139.701236">
        <name>1:42:14</name>
      </trkpt>
      <trkpt lat="35.685306" lon="139.701087">
        <name>1:42:15</name>
      </trkpt>
      <trkpt lat="35.685374" lon="139.701050">
        <name>1:42:16</name>
      </trkpt>
      <trkpt lat="35.685428" lon="139.701008">
        <name>1:42:17</name>
      </trkpt>
      <trkpt lat="35.685455" lon="139.700984">
        <name>1:42:18</name>
      </trkpt>
      <trkpt lat="35.685481" lon="139.700956">
        <name>1:42:19</name>
      </trkpt>
      <trkpt lat="35.685532" lon="139.700899">
        <name>1:42:20</name>
      </trkpt>
      <trkpt lat="35.685596" lon="139.700827">
        <name>1:42:21</name>
      </trkpt>
      <trkpt lat="35.685632" lon="139.700786">
        <name>1:42:22</name>
      </trkpt>
      <trkpt lat="35.685664" lon="139.700750">
        <name>1:42:23</name>
      </trkpt>
      <trkpt lat="35.685704" lon="139.700704">
        <name>1:42:24</name>
      </trkpt>
      <trkpt lat="35.685753" lon="139.700649">
        <name>1:42:25</name>
      </trkpt>
      <trkpt lat="35.686342" lon="139.699978">
        <name>1:42:26</name>
      </trkpt>
      <trkpt lat="35.686575" lon="139.699803">
        <name>1:42:27</name>
      </trkpt>
      <trkpt lat="35.686921" lon="139.699608">
        <name>1:42:28</name>
      </trkpt>
      <trkpt lat="35.687136" lon="139.699520">
        <name>1:42:29</name>
      </trkpt>
      <trkpt lat="35.687708" lon="139.699314">
        <name>1:42:30</name>
      </trkpt>
      <trkpt lat="35.688179" lon="139.699132">
        <name>1:42:31</name>
      </trkpt>
      <trkpt lat="35.688366" lon="139.699059">
        <name>1:42:32</name>
      </trkpt>
      <trkpt lat="35.688424" lon="139.699036">
        <name>1:42:33</name>
      </trkpt>
      <trkpt lat="35.688541" lon="139.698988">
        <name>1:42:34</name>
      </trkpt>
      <trkpt lat="35.688652" lon="139.698941">
        <name>1:42:35</name>
      </trkpt>
      <trkpt lat="35.688746" lon="139.699185">
        <name>1:42:36</name>
      </trkpt>
      <trkpt lat="35.688824" lon="139.699378">
        <name>1:42:37</name>
      </trkpt>
      <trkpt lat="35.688907" lon="139.699587">
        <name>1:42:38</name>
      </trkpt>
      <trkpt lat="35.688954" lon="139.699717">
        <name>1:42:39</name>
      </trkpt>
      <trkpt lat="35.689015" lon="139.699929">
        <name>1:42:40</name>
      </trkpt>
      <trkpt lat="35.689053" lon="139.700090">
        <name>1:42:41</name>
      </trkpt>
      <trkpt lat="35.689092" lon="139.700283">
        <name>1:42:42</name>
      </trkpt>
      <trkpt lat="35.689251" lon="139.701144">
        <name>1:42:43</name>
      </trkpt>
      <trkpt lat="35.689318" lon="139.701466">
        <name>1:42:44</name>
      </trkpt>
      <trkpt lat="35.689392" lon="139.701768">
        <name>1:42:45</name>
      </trkpt>
      <trkpt lat="35.689432" lon="139.701931">
        <name>1:42:46</name>
      </trkpt>
      <trkpt lat="35.689553" lon="139.702426">
        <name>1:42:47</name>
      </trkpt>
      <trkpt lat="35.689650" lon="139.702879">
        <name>1:42:48</name>
      </trkpt>
      <trkpt lat="35.689702" lon="139.703184">
        <name>1:42:49</name>
      </trkpt>
      <trkpt lat="35.689735" lon="139.703422">
        <name>1:42:50</name>
      </trkpt>
      <trkpt lat="35.689766" lon="139.703641">
        <name>1:42:51</name>
      </trkpt>
      <trkpt lat="35.689802" lon="139.703923">
        <name>1:42:52</name>
      </trkpt>
      <trkpt lat="35.689811" lon="139.703991">
        <name>1:42:53</name>
      </trkpt>
      <trkpt lat="35.689825" lon="139.704126">
        <name>1:42:54</name>
      </trkpt>
      <trkpt lat="35.689838" lon="139.704233">
        <name>1:42:55</name>
      </trkpt>
      <trkpt lat="35.689711" lon="139.704152">
        <name>1:42:56</name>
      </trkpt>
      <trkpt lat="35.689703" lon="139.704046">
        <name>1:42:57</name>
      </trkpt>
      <trkpt lat="35.689692" lon="139.703918">
        <name>1:42:58</name>
      </trkpt>
      <trkpt lat="35.689678" lon="139.703780">
        <name>1:42:59</name>
      </trkpt>
      <trkpt lat="35.689652" lon="139.703560">
        <name>1:43:00</name>
      </trkpt>
      <trkpt lat="35.689610" lon="139.703204">
        <name>1:43:01</name>
      </trkpt>
      <trkpt lat="35.689560" lon="139.702903">
        <name>1:43:02</name>
      </trkpt>
      <trkpt lat="35.689468" lon="139.702470">
        <name>1:43:03</name>
      </trkpt>
      <trkpt lat="35.689393" lon="139.702172">
        <name>1:43:04</name>
      </trkpt>
      <trkpt lat="35.689353" lon="139.702011">
        <name>1:43:05</name>
      </trkpt>
      <trkpt lat="35.689334" lon="139.701943">
        <name>1:43:06</name>
      </trkpt>
      <trkpt lat="35.689334" lon="139.701943">
        <name>1:43:07</name>
      </trkpt>
      <trkpt lat="35.689334" lon="139.701943">
        <name>1:43:08</name>
      </trkpt>
      <trkpt lat="35.689334" lon="139.701943">
        <name>1:43:09</name>
      </trkpt>
      <trkpt lat="35.689334" lon="139.701943">
        <name>1:43:10</name>
      </trkpt>
      <trkpt lat="35.689334" lon="139.701943">
        <name>1:43:11</name>
      </trkpt>
      <trkpt lat="35.689334" lon="139.701943">
        <name>1:43:12</name>
      </trkpt>
      <trkpt lat="35.689334" lon="139.701943">
        <name>1:43:13</name>
      </trkpt>
      <trkpt lat="35.689334" lon="139.701943">
        <name>1:43:14</name>
      </trkpt>
      <trkpt lat="35.689334" lon="139.701943">
        <name>1:43:15</name>
      </trkpt>
      <trkpt lat="35.689334" lon="139.701943">
        <name>1:43:16</name>
      </trkpt>
      <trkpt lat="35.689334" lon="139.701943">
        <name>1:43:17</name>
      </trkpt>
      <trkpt lat="35.689334" lon="139.701943">
        <name>1:43:18</name>
      </trkpt>
      <trkpt lat="35.689334" lon="139.701943">
        <name>1:43:19</name>
      </trkpt>
      <trkpt lat="35.689334" lon="139.701943">
        <name>1:43:20</name>
      </trkpt>
    </trkseg>
  </trk>
</gpx>