timestamp,offset_segundos,usuario,nome,sentimento,confianca,comentario
0:42,42,maxionvermilione,maxionvermilione,neutro,1.0,Opa
0:44,44,alpharius_456,Alpharius_456,neutro,1.0,a frequencia voltou msm
0:44,44,atereza01,atereza01,engraçado,1.0,atereza01 subscribed at Tier 1. They've subscribed for 35 months! oiiiii
0:45,45,kthyosu,kthyosu,positivo,1.0,bom dia
0:47,47,yurifukuhara,yurifukuhara,positivo,1.0,Boa Baka!!!
0:47,47,p0lar_666,p0lar_666,neutro,1.0,DinoDance
0:48,48,shisui_baby,shisui_baby,neutro,1.0,Aooba bakagayzin
0:49,49,atereza01,atereza01,neutro,1.0,qt tempo
0:49,49,aizenr6ss,aizenr6ss,neutro,1.0,opa
0:50,50,devcurumin,DevCurumin,neutro,1.0,Bajaaaaaa
0:53,53,martebrasil,martebrasil,positivo,1.0,Bom diaaaaaa
0:55,55,pablovisilva,pablovisilva,positivo,1.0,Bom dia rapaziada
0:57,57,zeidrel1025,zeidrel1025,confuso,1.0,pq ele voltou pra cá ?
0:59,59,devcurumin,DevCurumin,neutro,1.0,Coe baka
1:02,62,aizenr6ss,aizenr6ss,neutro,1.0,guei
1:02,62,nando_wk,nando_wk,neutro,1.0,Baka achou o Zé gotinha
1:02,62,xdraphael1996,xdraphael1996,positivo,1.0,oiiiiiieeeeee gostosos
1:07,67,alpharius_456,Alpharius_456,positivo,1.0,salve rapaziada
1:08,68,iceraptron,iceraptron,neutro,1.0,iae logo cedo
1:10,70,tomiso9001,TomISO9001,confuso,1.0,"Ué, que milagre é esse?"
1:11,71,zenith_2xko,zenith_2xko,positivo,1.0,Salve
1:12,72,matheusbernardo_,matheusbernardo_,positivo,1.0,bom dia
1:13,73,natie_martins,natie_martins,confuso,1.0,Baka voltou?????
1:15,75,lokky_sc,lokky_sc,engraçado,0.667,seloko ele ta fazendo live mesmo quem duvidou fala 10 kkkk
1:16,76,tomiso9001,TomISO9001,confuso,1.0,E logo aqui???
1:17,77,leeticiaye,leeticiaye,confuso,1.0,voltou pro japão baka??
1:19,79,veigazcarlos,veigazcarlos,positivo,1.0,Bom diiaa
1:21,81,doispontos_rams,doispontos_rams,confuso,1.0,Ja pode sacar pra fora?
1:23,83,riperoso,Riperoso,neutro,1.0,"Aaahhh quer fechar negocio nao, pega na mao do homem"
1:25,85,mmjadv,mmjadv,frustrado,1.0,Nao tankou o BR
1:25,85,gold_01252,gold_01252,neutro,1.0,Opaaaaa
1:25,85,zenith_2xko,zenith_2xko,neutro,1.0,31 de outubro chegando.....
1:25,85,yukizinhojp,yukizinhojp,neutro,1.0,buenos días meus nobres 🤌🏼🎌🎌🎌
1:26,86,atereza01,atereza01,confuso,1.0,"gente o baka voltou pro jp??? eu não vi a live passada dele, só vi o título e não entendi"
1:27,87,senhorley,senhorley,positivo,1.0,"Boa manhã, boa tarde, boa noite e boa madrugada senhor baka"
1:27,87,nissangtrturbo,nissangtrturbo,confuso,1.0,Milagre?
1:28,88,natie_martins,natie_martins,neutro,1.0,10
1:29,89,gold_01252,gold_01252,neutro,1.0,Aooooooo
1:30,90,pogolele,pogolele,positivo,1.0,eu gosto de comer coco
1:30,90,yurifukuhara,yurifukuhara,confuso,1.0,JÁ voltou man???
1:31,91,lucioleal_,lucioleal_,engraçado,1.0,Teremos a Julynha Brinquedos
1:39,99,yumemorreu,yumemorreu,neutro,1.0,fala seu noia
1:42,102,pskaren,pskaren,positivo,1.0,bom diaa pra todo mundo menos pro baka
1:47,107,x666alucard,X666Alucard,neutro,1.0,AGITA
1:47,107,ojuarameteuodedo,OJUARAmeteuOdedo,neutro,1.0,Baka perdeu de dá uma mamada no leo quando ele tava por la
1:49,109,jambinho25,jambinho25,neutro,1.0,Música do cowboy bebop...
1:52,112,zulbaka,zulbaka,neutro,1.0,Aeee cheguei na hora karai
1:53,113,joaov2512,joaov2512,confuso,1.0,"Ué, ele não estava no Brasil, sendo brasileiro raiz???????"
1:53,113,iceraptron,iceraptron,positivo,1.0,pro baka é boa noite
1:56,116,zordep21,zOrdep21,neutro,1.0,Bouaaa baka
2:00,120,yurifukuhara,yurifukuhara,engraçado,1.0,@yumemorreu Kkkkk
2:01,121,rengako__,rengako__,confuso,1.0,ele tá no Japão???
2:05,125,xdraphael1996,xdraphael1996,neutro,1.0,Ela vai sair na madruga mesmo
2:09,129,corteiz__,corteiz__,neutro,1.0,do desconfiado de q ele n volta mais n hein
2:10,130,xdraphael1996,xdraphael1996,neutro,1.0,Ele*
2:13,133,jambinho25,jambinho25,confuso,1.0,Ele voltou pro Japão??
2:13,133,buthjaum,ButhJaum,confuso,1.0,O cara vai meter o ''becos japoneses'' EAD ? asuhsahusahusahusuah
2:15,135,joaofrussciante,joaofrussciante,positivo,1.0,"opa bom dia, vendo esso bocó e assistindo F1"
2:17,137,pskaren,pskaren,neutro,1.0,cadê o guey
2:21,141,yukizinhojp,yukizinhojp,neutro,1.0,baka seu hentai do beco
2:27,147,yurifukuhara,yurifukuhara,engraçado,1.0,"Não, não praça da sé... kkk zoas"
2:28,148,natie_martins,natie_martins,engraçado,1.0,Aaah nem brinca!!! Não to botando fé q ele voltou!!!
2:30,150,aizenr6ss,aizenr6ss,neutro,1.0,buabuabua
2:34,154,iceraptron,iceraptron,neutro,1.0,ele volta pro br disse q fica so mais ou menos um mês
2:35,155,ojuarameteuodedo,OJUARAmeteuOdedo,engraçado,1.0,Becos da liberdade kkkk
2:39,159,jettasz,jettasz,neutro,1.0,saudades lives noturnas
2:40,160,pskaren,pskaren,neutro,1.0,@ButhJaum ele tá no japão
2:47,167,arckfaelzin,arckfaelzin,neutro,1.0,Oie barca
2:50,170,joaov2512,joaov2512,engraçado,0.5,Ah sim o Bala apenas transcendeu a matéria e aprendeu a chegar no NIPON.
2:53,173,aizenr6ss,aizenr6ss,neutro,1.0,Live diretamente de guarulhos
2:54,174,kyry7i,kyry7i,positivo,1.0,Bom dia
2:58,178,riperoso,Riperoso,confuso,1.0,Baka nao quer comprar um civic 2006 automatico que ta na oficina nao?
2:58,178,gold_01252,gold_01252,confuso,1.0,Vídeo novo quando?
3:00,180,palhaco7,palhaco7,neutro,1.0,Olha só
3:06,186,buthjaum,ButhJaum,neutro,1.0,"@pskaren Ahhh ai sim, pq marcou a July achei que ia reagir aos vídeos dela ashusahusauhsahu"
3:08,188,xdraphael1996,xdraphael1996,engraçado,1.0,brinca com nós não zé
3:09,189,gold_01252,gold_01252,engraçado,1.0,Live no interior de Piauí
3:14,194,lucioleal_,lucioleal_,neutro,1.0,@joaov2512 ou so pegou um avião mesmo
3:15,195,pharelinguisa,pharelinguisa,positivo,1.0,bom dia mano
3:19,199,thalessalbego,thalessalbego,positivo,1.0,"salve Baka, só não esquece do canal do YouTube"
3:21,201,yukizinhojp,yukizinhojp,neutro,1.0,PopNemo
3:27,207,samorano_,samorano_,neutro,1.0,Becos japoneses diretamente do Google Maps
3:29,209,essenickpode,essenickpode,positivo,1.0,bom dia chat
3:41,221,arckfaelzin,arckfaelzin,neutro,1.0,Saudades
3:44,224,iceraptron,iceraptron,neutro,1.0,geoguesser nos becos do Japão
3:46,226,saint__luiz,Saint__Luiz,engraçado,1.0,"Você voltou mesmo, achei que era zoeira."
3:49,229,aizenr6ss,aizenr6ss,positivo,1.0,bomdiabomdia
3:53,233,p3dro,p3dro,engraçado,1.0,p3dro subscribed at Tier 1.
3:56,236,bergzinon,bergzinon,confuso,1.0,vai ficar quantos dias?
3:56,236,muttanofc,MuttanOfc,neutro,1.0,"deixa o vod salvo aí, tô vendo F1 krai"
3:58,238,mateusrangel0,mateusrangel0,positivo,1.0,bom dia!
4:05,245,tonio084,tonio084,neutro,1.0,PogChamp
4:06,246,riperoso,Riperoso,neutro,1.0,Sommelier de beco de volta em seu habitat
4:07,247,lucioleal_,lucioleal_,confuso,1.0,Vocês não viram a ultima live ?
4:10,250,joaov2512,joaov2512,confuso,1.0,Alguém no chat tem interesse em comprar uma CG 150??? está sem documento.  Usar apenas na roça ou para fuga
4:16,256,tobleroneopicional,tobleroneopicional,positivo,1.0,CEDAO MANÉ BOM DIA
4:21,261,joaov2512,joaov2512,neutro,1.0,5000 mil reais a vista
4:23,263,rengako__,rengako__,neutro,1.0,baka não tá interessado no meu clube de swing pra pessoas com micro penis
4:27,267,sylv_vtbr,sylv_vtbr,neutro,1.0,@tobleroneopicional pra gente ne
4:35,275,humildogante,humildogante,neutro,1.0,Olá galera
4:50,290,natie_martins,natie_martins,confuso,1.0,Como assim? O q rolou na ultima live?
4:51,291,wesleyp2p,wesleyp2p,positivo,1.0,Bom dia
4:54,294,yukizinhojp,yukizinhojp,positivo,1.0,cadê seu rostoooo lindoooooooo baka
4:54,294,atereza01,atereza01,neutro,1.0,sdd baka faz tempo q n te vejo
4:57,297,tonio084,tonio084,neutro,1.0,Tenho um marea pra fazer negocio
4:58,298,kegann999,Kegann999,positivo,0.5,Kegann999 subscribed with Prime. They've subscribed for 3 months! boa noite baka gaijin
5:05,305,sylv_vtbr,sylv_vtbr,neutro,1.0,oloko collab cm a jullynha agr q eu vi
5:10,310,ananonymousgifter,AnAnonymousGifter,neutro,1.0,AnAnonymousGifter is gifting 1 Tier 1 Subs to BakaGaijinLive's community!
5:11,311,ananonymousgifter,AnAnonymousGifter,neutro,1.0,An anonymous user gifted a Tier 1 sub to Lin1v9!
5:11,311,paulo_930,paulo_930,neutro,1.0,Opa
5:29,329,bruhno_arts,Bruhno_Arts,neutro,1.0,SUBtember
5:29,329,le_carneiro,le_carneiro,frustrado,1.0,@natie_martins ele não tankou o bostil e voltou pro Japão
5:34,334,atereza01,atereza01,neutro,1.0,(8)
5:38,338,samorano_,samorano_,neutro,1.0,Ó u bait
5:40,340,aizenr6ss,aizenr6ss,neutro,1.0,FrankerZ FrankerZ
5:40,340,humildogante,humildogante,positivo,1.0,Que lindo
5:42,342,rengako__,rengako__,neutro,1.0,kami sama
5:43,343,wesleyp2p,wesleyp2p,confuso,1.0,Cadê a live da julynha também?
5:43,343,humildogante,humildogante,neutro,1.0,t0neroW t0neroW t0neroW t0neroW t0neroW
5:44,344,riperoso,Riperoso,neutro,1.0,Baka transcendeu aos ceus
5:44,344,zulbaka,zulbaka,engraçado,1.0,Kkkkkkkkkkkk
5:51,351,coxinhaa04,coxinhaa04,neutro,1.0,DinoDance
5:51,351,atereza01,atereza01,positivo,1.0,foda
5:55,355,aizenr6ss,aizenr6ss,neutro,1.0,paz
5:56,356,gabyusz,gabyusz,neutro,1.0,Live cedinho
5:57,357,thrillerzs,thrillerzs,positivo,1.0,Yes baby camon
5:57,357,natie_martins,natie_martins,neutro,1.0,Aaacara não ro acreditando!!!!
5:59,359,gabyusz,gabyusz,neutro,1.0,Slk
6:02,362,pablovisilva,pablovisilva,neutro,1.0,@le_carneiro Ngm tanka o bostil
6:04,364,tobleroneopicional,tobleroneopicional,positivo,1.0,O BRABO ESTÁ ENTRE NÓS
6:05,365,ayanmelo,ayanmelo,confuso,1.0,"ue, cheguei agora, ta acabando ou nem começou?"
6:06,366,tonio084,tonio084,positivo,1.0,bakagaPikasafado
6:09,369,ebuzz250,Ebuzz250,engraçado,1.0,Ebuzz250 subscribed at Tier 1. They've subscribed for 17 months!
6:10,370,o___fortuna,o___fortuna,confuso,1.0,Ele voltou voltando ou só tá visitando ?
6:11,371,yukizinhojp,yukizinhojp,engraçado,1.0,baka paz interior
6:13,373,zkote28,zkote28,neutro,1.0,fala baka
6:18,378,caua26k_,caua26k_,neutro,1.0,Obaaaaa
6:18,378,riperoso,Riperoso,confuso,1.0,"Baka envelheceu bastante em pouco tempo hein, é de hj essa foto?"
6:19,379,yumemorreu,yumemorreu,neutro,1.0,confucio type beat
6:20,380,carolina_yubari,Carolina_Yubari,neutro,1.0,ele chegou pra alegrar meu dia
6:21,381,gabyusz,gabyusz,neutro,1.0,Nunca cou sabe se ta começando ou acabando
6:24,384,kegann999,Kegann999,neutro,1.0,bakagaPiu
6:30,390,daikii_zzz,daikii_zzz,positivo,1.0,Salve EarnedIt EarnedIt
6:31,391,joaov2512,joaov2512,positivo,0.5,"Que senhor lindo, lindo, lindo. Inclusive ele está no primeiro estágio quando se transcende a materia"
6:34,394,wesleyp2p,wesleyp2p,neutro,1.0,Abra a live julynha
6:34,394,yukizinhojp,yukizinhojp,neutro,1.0,TwitchConHYPE
6:37,397,lostcaco,LostCaco,neutro,1.0,@gabyusz tá sempre acabando
6:40,400,bredyyyp,Bredyyyp,engraçado,1.0,"""MININU"" KKKKK"
6:41,401,aizenr6ss,aizenr6ss,neutro,1.0,cade o cavalo
6:41,401,rengako__,rengako__,neutro,1.0,parece memo um paneleiro
6:42,402,bakalovee,bakalovee,neutro,1.0,Eae
6:49,409,fiftycentcoreano,fiftycentcoreano,neutro,1.0,Yo Guten Morgen
6:49,409,thrillerzs,thrillerzs,engraçado,1.0,Vai abrir a Live pelado pelo clima da musica
6:52,412,coolmelado,coolmelado,neutro,1.0,BAKA CHAN
6:53,413,cuse_co,cuse_co,neutro,1.0,cuse_co watched 3 consecutive streams and sparked a watch streak!
6:54,414,wesleykolomar_br,wesleykolomar_br,neutro,1.0,na Hora da Formula 1 meu chapa calma lá
6:56,416,marteeww,marteeww,neutro,1.0,cheguei na hr hj amem
6:56,416,bhrayan77,Bhrayan77,neutro,1.0,Baka senior
6:57,417,davison_1st,davison_1st,confuso,1.0,@o___fortuna pelo o que eu me lembro ele disse que vai ficar um tempo no Japão e depois vai voltar pro Brasil
7:00,420,yukizinhojp,yukizinhojp,engraçado,1.0,deixa o cara goza primeiro chat
7:08,428,aizenr6ss,aizenr6ss,neutro,1.0,Sem cavalo sem like
7:12,432,yurifukuhara,yurifukuhara,neutro,1.0,Shush
7:20,440,x1rapha,x1rapha,confuso,1.0,Já ta podendo?
7:21,441,luukzits,luukzits,engraçado,1.0,sabia que ele ia abrir live de manhã
7:24,444,arckfaelzin,arckfaelzin,neutro,1.0,Essa intro é a definição de cortisol baixo
7:26,446,pulchram12,pulchram12,neutro,1.0,allpac2Danc2
7:26,446,devcurumin,DevCurumin,confuso,1.0,Baka radio?
7:28,448,carolina_yubari,Carolina_Yubari,neutro,1.0,musica de por#zão
7:33,453,aizenr6ss,aizenr6ss,neutro,1.0,@yukizinhojp So meio dia amigo
7:35,455,reis_bohnen,reis_bohnen,confuso,1.0,olá @BakaGaijinLive vc saiu do japao? eu só recebi esse recado umas hrs atrás...é vdd?
7:36,456,pulchram12,pulchram12,neutro,1.0,sushid17Lowcortisol
7:40,460,jojorafaela,jojorafaela,positivo,1.0,Bom dia bom dia
7:44,464,atereza01,atereza01,neutro,1.0,ta assim ne
7:47,467,atereza01,atereza01,neutro,1.0,por isso a demora
7:48,468,ryuu_nxs,Ryuu_NxS,neutro,1.0,cara é esperto vai fzr 1h de live só na tela de espera
7:50,470,aizenr6ss,aizenr6ss,neutro,1.0,Cavalo
7:53,473,riperoso,Riperoso,neutro,1.0,Dia q o Baka foi pescar essa dai
7:54,474,pablovisilva,pablovisilva,neutro,1.0,Cavalo
7:54,474,tobleroneopicional,tobleroneopicional,neutro,1.0,BORAAAAAAAAAAAAAA
7:57,477,jojorafaela,jojorafaela,positivo,1.0,"Bom dia, pra quem nos quer bem"
8:03,483,luukzits,luukzits,neutro,1.0,"@reis_bohnen ele foi pra tailandia, se perdeu no caminho das ladyboy"
8:05,485,tobleroneopicional,tobleroneopicional,neutro,1.0,DAQUI A POUCO É O CRAQUITO NETO
8:08,488,xkayoowo,xKAYOowo,neutro,1.0,ChillGirl ChillGirl
8:09,489,rengako__,rengako__,neutro,1.0,@aizenr6ss inflação
8:12,492,redwinepie,redwinepie,confuso,1.0,É ao vivo essa live ?
8:20,500,atereza01,atereza01,neutro,1.0,live de meditação
8:22,502,thrillerzs,thrillerzs,confuso,1.0,Tá tendo que extender a intro pq ta no fight no banheiro
8:23,503,iceraptron,iceraptron,neutro,1.0,é rerun
8:25,505,pulchram12,pulchram12,neutro,1.0,"Live daora, pena que é rerun"
8:28,508,reis_bohnen,reis_bohnen,neutro,1.0,@Ryuu_NxS talvez tá preparando equipamentos
8:31,511,ayanmelo,ayanmelo,confuso,1.0,essa foto do baka pescando foi no Brasil ou no Japão?
8:32,512,aizenr6ss,aizenr6ss,confuso,1.0,um cavalo cagando não quer guerra com ninguem
8:33,513,maikon7501,maikon7501,neutro,1.0,@pulchram12 bane esse mod da sushi
8:36,516,felipe__25,Felipe__25,neutro,1.0,Rerun essa hora da manhã
8:39,519,xxlukejajaxxx,xxlukejajaxxx,positivo,1.0,Boaaa
8:40,520,felipe__25,Felipe__25,positivo,1.0,Ai é foda
8:41,521,yumemorreu,yumemorreu,neutro,1.0,rerun de lofi vsfd baka
8:41,521,x1rapha,x1rapha,confuso,1.0,Que hrs é o punhetasso hj?
8:42,522,mallsii,Mallsii,neutro,1.0,ayyyleTotodileDance
8:42,522,xkayoowo,xKAYOowo,confuso,1.0,É reunião?
8:44,524,luiz_alvesx,luiz_alvesx,neutro,1.0,Baka virou a lofi-girl
8:44,524,gabriel124455566666666,gabriel124455566666666,confuso,1.0,Voltou pro Japão?
8:44,524,lostcaco,LostCaco,neutro,1.0,vapor wave
8:46,526,joaov2512,joaov2512,engraçado,1.0,Nooooosa esse pocoto na privada conhece o significado de predicados.  Aposto a CG 150 QUE ESTOU VENDENDO.
8:49,529,reis_bohnen,reis_bohnen,neutro,1.0,@luukzits deve ser fofoca da internet
8:50,530,marcuoveio,marcuoveio,neutro,1.0,Red nipples
8:51,531,pulchram12,pulchram12,neutro,1.0,10 minutos esperando krl
8:56,536,natie_martins,natie_martins,positivo,0.5,"Vamos voltar a piscar o uc em família, do alto dos prédios!?"
8:59,539,thrillerzs,thrillerzs,neutro,1.0,12h punhetaço
9:00,540,daikii_zzz,daikii_zzz,neutro,1.0,COMEÇA LOGO BAKA ORR
9:02,542,vots35,vots35,positivo,1.0,aí é foda ter que escolher a Formula 1 ou o baka
9:02,542,redwinepie,redwinepie,confuso,1.0,Então é rerun? Oq é rerun? É tipo replay
9:09,549,bruhno_arts,Bruhno_Arts,neutro,1.0,Squid1 Squid2 Squid3 Squid2 Squid4
9:09,549,hectree3,HecTree3,confuso,1.0,Vai começar nao ?
9:10,550,tobleroneopicional,tobleroneopicional,neutro,1.0,CADE O CRAQUITO NETO
9:16,556,sedwil,sedwil,confuso,0.667,Oxe voltamos a ter lives ???
9:17,557,lostcaco,LostCaco,neutro,1.0,a nova vibe do canal: vaporwave
9:25,565,tiimoz,tiimoz,neutro,1.0,live da intro
9:29,569,xkayoowo,xKAYOowo,neutro,1.0,"É rerun, claro"
9:30,570,pulchram12,pulchram12,neutro,1.0,Live começa nunca 🔥🔥🔥
9:36,576,xkayoowo,xKAYOowo,neutro,1.0,ChillGirl ChillGirl
9:37,577,thrillerzs,thrillerzs,neutro,1.0,Ele Ta lavando a mão gente calma
9:37,577,tiimoz,tiimoz,neutro,1.0,cadê tu seu canalha izurafDancinha
9:43,583,devcurumin,DevCurumin,neutro,1.0,PUNHETASSO PRA COMECAR A LIVE! JA!
9:45,585,l7ucas_bueno,l7ucas_bueno,neutro,1.0,Olá
9:45,585,smackdowntr,SmackDownTR,frustrado,1.0,"anda cara, nao sou puta nao, tu nao alugou hora comigo nao, inicia ai meu irmao"
9:46,586,riperoso,Riperoso,neutro,1.0,Teve q ir no banheiro de ultima hora
9:46,586,palhaco7,palhaco7,neutro,1.0,Rerun fácil pegou live de 2022
9:48,588,k0teii,k0tEii,neutro,1.0,mwayfrCatchips
9:51,591,fliesbynight,FliesByNight,neutro,1.0,fliesbJjkdance
9:52,592,wesleykolomar_br,wesleykolomar_br,positivo,1.0,@vots35 né foda. quando eu via ele a 3 anos era essas hora não
9:53,593,brunocnn,brunocnn,neutro,1.0,Ta lavando o pau na pia
9:56,596,iceraptron,iceraptron,neutro,1.0,"agora ele é expert em intro, ex becologo e ex deskstremaer"
9:56,596,leopaju,leopaju,confuso,1.0,Ele voltou a morar no Japão pessoal?
9:57,597,otirik19,OTIRIK19,neutro,1.0,eu quero saber se agora eu estou assistindo um live de lofi
9:58,598,ayanmelo,ayanmelo,neutro,1.0,live de estação de radio
10:01,601,aizenr6ss,aizenr6ss,neutro,1.0,Os jovens não sabem apreciar um cavalo pescando
10:03,603,sedwil,sedwil,positivo,0.5,Live que e bom não quer começar né
10:06,606,luiz_alvesx,luiz_alvesx,neutro,1.0,@vots35 vou ver f1
10:09,609,atereza01,atereza01,neutro,1.0,q demora amigo vc é um amigo
10:09,609,guiispray,GuiiSpray,neutro,1.0,slk insana essa live
10:11,611,icki626,icki626,neutro,1.0,Chegay
10:11,611,redwinepie,redwinepie,neutro,1.0,Eu to vendo a F1
10:14,614,lostcaco,LostCaco,neutro,1.0,@brunocnn lavando a costura
10:17,617,fliesbynight,FliesByNight,neutro,1.0,@leopaju casou com julynha e tá lá agora
10:18,618,aizenr6ss,aizenr6ss,neutro,1.0,Homens sem cultura
10:21,621,wesleykolomar_br,wesleykolomar_br,neutro,1.0,Oi
10:21,621,daikii_zzz,daikii_zzz,neutro,1.0,Aee
10:21,621,kthyosu,kthyosu,neutro,1.0,opa
10:22,622,alpharius_456,Alpharius_456,neutro,1.0,oia so
10:22,622,thrillerzs,thrillerzs,neutro,1.0,Lofi hip hoje Asian
10:22,622,atereza01,atereza01,neutro,1.0,mdsc
10:22,622,rengako__,rengako__,neutro,1.0,opaaaaa
10:24,624,carolina_yubari,Carolina_Yubari,neutro,1.0,ai lindão
10:24,624,lrsf2,LRSF2,neutro,1.0,opa
10:24,624,x1rapha,x1rapha,neutro,1.0,Aeeeeeeeee
10:25,625,zenith_2xko,zenith_2xko,neutro,1.0,oi
10:25,625,tobleroneopicional,tobleroneopicional,neutro,1.0,PRA QUEM ESTÁ PERGUNTANDO E NÃO ESTEVE PRESENTE NA ULTIMA LIVE ELE VOLTOU AO JAPÃO A PASSEIO
10:27,627,pablovisilva,pablovisilva,positivo,1.0,Q lindo
10:28,628,wesleyp2p,wesleyp2p,neutro,1.0,Opa baka
10:28,628,kanabardo,kanabardo,positivo,1.0,bakagaPikagasm
10:28,628,tomiso9001,TomISO9001,neutro,1.0,Aaeee
10:28,628,xenohfanes,xenohfanes,engraçado,0.5,Começou agr ou já caiu essa patifaria?
10:29,629,strikewolf5,strikewolf5,neutro,1.0,Mais uma live o home
10:29,629,sedwil,sedwil,positivo,1.0,Lindoooooooo
10:29,629,yviniss,yviniss,confuso,1.0,Ta vesgo??????
10:30,630,redwinepie,redwinepie,confuso,1.0,Vcs também F1?
10:30,630,riperoso,Riperoso,inspirado,1.0,Idoso aprendendo a lidar com a tecnologia
10:31,631,vots35,vots35,inspirado,1.0,@wesleykolomar_br logo em gp novo ele faz live
10:32,632,palhaco7,palhaco7,neutro,1.0,Nu
10:32,632,bruhno_arts,Bruhno_Arts,neutro,1.0,Tá aonde tio
10:33,633,vcsabquem_,vcsabquem_,confuso,1.0,live gravada?
10:33,633,akira_coffee_,Akira_Coffee_,neutro,1.0,oi baka
10:34,634,l4wert,L4wert,neutro,1.0,ó o caba lá
10:34,634,henrique_lzz,henrique_lzz,positivo,1.0,Salve gts
10:34,634,pulchram12,pulchram12,neutro,1.0,Finalmente
10:34,634,arckfaelzin,arckfaelzin,neutro,1.0,bakagaLovebeco
10:35,635,rengako__,rengako__,neutro,1.0,bora caralhoo
10:37,637,tiimoz,tiimoz,neutro,1.0,apareceu
10:37,637,zenith_2xko,zenith_2xko,neutro,1.0,calvo
10:38,638,otirik19,OTIRIK19,positivo,0.333,"oi loirinha gostosa de oculos, ta solteira ?"
10:38,638,k0teii,k0tEii,neutro,1.0,mwayfrCatchips mwayfrCatchips
10:38,638,ryuu_nxs,Ryuu_NxS,neutro,1.0,PopNemo PopNemo PopNemo
10:39,639,tobleroneopicional,tobleroneopicional,neutro,1.0,OPAAAAAAAA OLHA ELE AÍ
10:39,639,sedwil,sedwil,neutro,1.0,Engravida minha mãeeeeeee
10:40,640,leopaju,leopaju,confuso,1.0,Ele tá morando no Japão de novo gente?
10:41,641,sofrie_,sofrie_,engraçado,1.0,DoritosChip
10:42,642,palhaco7,palhaco7,neutro,1.0,Vira a câmera aí na moral
10:42,642,fliesbynight,FliesByNight,positivo,1.0,"""Bom..."""
10:43,643,dalton_olivera,dalton_olivera,positivo,1.0,Boa noite Baka
10:43,643,wesleyp2p,wesleyp2p,confuso,1.0,Cadê a julynha?
10:45,645,gabrelnascimento,gabrelnascimento,neutro,1.0,eae cabeça de cu
10:45,645,ponponpopuri,ponponpopuri,neutro,1.0,bakaaaaaa
10:46,646,wesleykolomar_br,wesleykolomar_br,neutro,1.0,sumi masen
10:46,646,pulchram12,pulchram12,confuso,1.0,???
10:46,646,samorano_,samorano_,neutro,1.0,"Desgraaaça de Baka, ou Baka, Respeita o Baka"
10:47,647,atereza01,atereza01,neutro,1.0,pelado e de oculos
10:47,647,urimash_0,urimash_0,neutro,1.0,crlh baka mais bonito q nunca
10:47,647,rengako__,rengako__,neutro,1.0,Portugal fdp
10:49,649,alpharius_456,Alpharius_456,neutro,1.0,cade a julinha
10:49,649,yviniss,yviniss,frustrado,1.0,Fez merda pqpppp
10:50,650,vcsabquem_,vcsabquem_,confuso,1.0,ué
10:50,650,chicobotico1,chicobotico1,neutro,1.0,Apareceu pro punhetaço
10:51,651,wesleykolomar_br,wesleykolomar_br,neutro,1.0,TAXADO
10:51,651,carmeziin,carmeziin,confuso,1.0,Esse céu cinza é chuva é?
10:51,651,atereza01,atereza01,engraçado,1.0,kkkkkkkkk q rolou
10:52,652,carolina_yubari,Carolina_Yubari,neutro,1.0,levou bronca ao vivo!!!!1
10:52,652,pulchram12,pulchram12,neutro,1.0,Quem é essa veia ai
10:53,653,daikii_zzz,daikii_zzz,confuso,1.0,Oxi
10:53,653,kthyosu,kthyosu,confuso,1.0,que isso
10:54,654,thrillerzs,thrillerzs,engraçado,1.0,Professor Bala kkk
10:54,654,reis_bohnen,reis_bohnen,neutro,1.0,chines
10:55,655,riperoso,Riperoso,neutro,1.0,Tomando esporro ao vivo
10:56,656,henrique_lzz,henrique_lzz,neutro,1.0,Mim dá um irmão
10:57,657,smackdowntr,SmackDownTR,frustrado,0.5,ja começou tomando apavoro de uma tia ? pqp
10:57,657,ponponpopuri,ponponpopuri,engraçado,1.0,kkkkkkkkkkkkkk
10:57,657,wesleykolomar_br,wesleykolomar_br,engraçado,0.5,Taxado ao vivo?? kkkkkkkkkkkkkk
10:57,657,tiimoz,tiimoz,neutro,1.0,já vai tomando
10:58,658,strikewolf5,strikewolf5,neutro,1.0,VOLTA A FAZER COMPILADO DA LIVE NO YOUTUBE
10:58,658,otirik19,OTIRIK19,neutro,1.0,ja começou tomando esporro
10:58,658,samorano_,samorano_,neutro,1.0,E não é que o homem foi mesmo
10:59,659,ryuu_nxs,Ryuu_NxS,neutro,1.0,bota a legenda
11:00,660,zenith_2xko,zenith_2xko,neutro,1.0,ja chegou tomando chamada
11:00,660,palhaco7,palhaco7,neutro,1.0,Isso é hora de ver caba não
11:00,660,zulbaka,zulbaka,engraçado,1.0,Baka nerd existe kkkk
11:00,660,haykkj,Haykkj,engraçado,1.0,do nd kkkkk
11:00,660,ayanmelo,ayanmelo,neutro,1.0,levou esporro
11:00,660,gabriel__00000,GaBrIeL__00000,confuso,1.0,OXI KAKAKAKAKAKKA
11:02,662,yumemorreu,yumemorreu,neutro,1.0,fala tarado
11:03,663,douglaswcamargo,douglaswcamargo,engraçado,0.5,O SACO TRA GRISALHO TBM?
11:04,664,gabriel124455566666666,gabriel124455566666666,engraçado,1.0,Jkkkkkkkkkk
11:05,665,abochansama,abochansama,confuso,1.0,Ja começou a resenha?
11:07,667,coxinhaa04,coxinhaa04,positivo,1.0,Eae .... Cheer5
11:07,667,alpharius_456,Alpharius_456,neutro,1.0,comenn uwu
11:07,667,tobleroneopicional,tobleroneopicional,neutro,1.0,KAKAKAKAKAAKAKAKAKAA
11:08,668,wesleykolomar_br,wesleykolomar_br,engraçado,1.0,Sorrisin  froxo
11:08,668,redwinepie,redwinepie,positivo,1.0,Velha gostosa
11:08,668,carolina_yubari,Carolina_Yubari,engraçado,1.0,hahhahahaha
11:08,668,jettasz,jettasz,engraçado,0.5,??? kkkkkkkkkkkk
11:09,669,reis_bohnen,reis_bohnen,confuso,1.0,tá falando chines?
11:10,670,tiimoz,tiimoz,engraçado,1.0,kkkkkkkk
11:12,672,marteeww,marteeww,neutro,1.0,julinhaaaaa
11:13,673,rafaelbatista8888,rafaelbatista8888,engraçado,1.0,ia rola um bottakuri
11:13,673,rengako__,rengako__,neutro,1.0,gayyyy
11:13,673,thrillerzs,thrillerzs,engraçado,1.0,Ja ta tomando esporro KKKKKKK AO VIVO
11:14,674,yviniss,yviniss,neutro,1.0,OLHA ELA AIIIII
11:14,674,bakalovee,bakalovee,positivo,1.0,Começamos bem
11:15,675,chicobotico1,chicobotico1,neutro,1.0,tomou dormindo
11:16,676,sedwil,sedwil,positivo,1.0,Gostoso
11:16,676,fliesbynight,FliesByNight,neutro,1.0,essa live promete
11:16,676,wesleyp2p,wesleyp2p,neutro,1.0,A julynha aliiii
11:17,677,itsjow_,itsjow_,neutro,1.0,🫪
11:18,678,samorano_,samorano_,neutro,1.0,Em grande estilo Esporrão
11:18,678,guizindodhfreehide,guizindodhfreehide,confuso,1.0,uai voltou??
11:18,678,riperoso,Riperoso,engraçado,1.0,Riperoso subscribed with Prime.
11:18,678,srmatthy,srmatthy,neutro,1.0,já chegou levando esculacho
11:19,679,maikon7501,maikon7501,neutro,1.0,YouDontSay
11:19,679,vcsabquem_,vcsabquem_,confuso,1.0,o que ela disse?
11:20,680,natie_martins,natie_martins,neutro,1.0,Meu Deus!!!!! O homem voltou!!!!! 🥰
11:20,680,daikii_zzz,daikii_zzz,engraçado,1.0,Kkkkkkkkk
11:20,680,pulchram12,pulchram12,neutro,1.0,Qq ela falou
11:20,680,luiz_alvesx,luiz_alvesx,neutro,1.0,Ja começa tomando apavoro da velha
11:21,681,ntfd404,ntfd404,engraçado,1.0,ntfd404 subscribed at Tier 1.
11:21,681,lostcaco,LostCaco,frustrado,1.0,voltou pro Japão porque não tankou o Bostil
11:21,681,kabumushy,KabuMushy,confuso,1.0,Foi sequestrado pro Japão dnv?
11:22,682,tobleroneopicional,tobleroneopicional,engraçado,1.0,A NPC INTERAGIU COM O PERSONAGEM PRINCIPAL
11:25,685,professorakpopercomunista,professorakpopercomunista,neutro,1.0,ja ta levando bronca
11:25,685,aizenr6ss,aizenr6ss,neutro,1.0,começou tomando apavoro da tia do zap
11:27,687,strikewolf5,strikewolf5,neutro,1.0,Compilado da live no YT
11:27,687,reis_bohnen,reis_bohnen,neutro,1.0,shibuya
11:27,687,vtr_m,VTR_m,neutro,1.0,Tomou apavoro da tia já
11:30,690,tiimoz,tiimoz,positivo,0.5,eae bakazada da deboa irmão?
11:31,691,lrsf2,LRSF2,neutro,1.0,"ja começa tomando gap pra velha, ta muito noob msm perdeu todo xp"
11:32,692,falcaorst,falcaorst,engraçado,1.0,Pisca o cu 2x se você estiver em perigo
11:33,693,xenohfanes,xenohfanes,engraçado,1.0,Oprimido em rede nacional hahaha
11:35,695,palhaco7,palhaco7,engraçado,1.0,A oi little julia brinquedos SnoWorries SnoWorries SnoWorries
11:35,695,uhh_carol,uhh_carol,neutro,1.0,Eitha
11:38,698,icki626,icki626,positivo,1.0,Salve baka
11:39,699,riperoso,Riperoso,confuso,1.0,Ja ta liberado a resenha ou nada a ver?
11:39,699,xx__rick__xx,xX__Rick__Xx,frustrado,1.0,Nao aguento mto na merda do Brasil ne
11:43,703,abochansama,abochansama,frustrado,1.0,NAO TANKOU O BRUTALZIL
11:43,703,mateusrangel0,mateusrangel0,confuso,1.0,ja chegou em diálogo de side quest?
11:44,704,iceraptron,iceraptron,confuso,1.0,que que ta rolando nesse evento do server ai?
11:44,704,zenith_2xko,zenith_2xko,neutro,1.0,HeyGuys HeyGuys
11:45,705,karmakula_666,karmakula_666,neutro,1.0,"Caramba, na hora da F1"
11:46,706,guiispray,GuiiSpray,neutro,1.0,Julynha parece uma skin de roblox
11:46,706,abochansama,abochansama,neutro,1.0,A RESENHA LIGHT FOI BRUTALIZADA
11:47,707,nando_wk,nando_wk,positivo,0.333,Baka obrigado por esperar eu lavar a louça
11:47,707,heartonlyheart,HeartOnlyHeart,neutro,1.0,mais cedo tava tendo um festival
11:47,707,diieguit0br,diieguit0br,confuso,1.0,ué voltou pro jp?
11:48,708,tiimoz,tiimoz,engraçado,1.0,a jurinha ali
11:49,709,ayanmelo,ayanmelo,neutro,1.0,a tia é da yakuza
11:49,709,icki626,icki626,confuso,1.0,Oq temos pra hj??
11:50,710,daikii_zzz,daikii_zzz,neutro,1.0,Bak apertou o botão errado e interagiu com NPC
11:50,710,l7ucas_bueno,l7ucas_bueno,engraçado,1.0,Voltou para o Japão para não votar no LULE
11:51,711,kadecawa_,Kadecawa_,neutro,1.0,kabukicho
11:52,712,sedwil,sedwil,positivo,1.0,Baka lindoooooo me beijaaaa
11:54,714,pablovisilva,pablovisilva,confuso,1.0,Ja ta liberado ?
11:54,714,tiimoz,tiimoz,engraçado,1.0,jurinha do pokemon
11:57,717,samorano_,samorano_,confuso,1.0,Caga na minha cara?
11:57,717,heartonlyheart,HeartOnlyHeart,neutro,1.0,jullyninha omg
11:57,717,vhysion10,vhysion10,engraçado,1.0,"vhysion10 subscribed with Prime. They've subscribed for 2 months, currently on a 1 month streak! O homem do becos voltou"
11:57,717,wesleykolomar_br,wesleykolomar_br,neutro,1.0,espero q a live dure +2h pq vou ver a Formula 1 baka aguenta ai
11:58,718,xkayoowo,xKAYOowo,positivo,1.0,Cheer1 qqqq
12:05,725,tiimoz,tiimoz,neutro,1.0,brabissima
12:06,726,professorakpopercomunista,professorakpopercomunista,engraçado,1.0,julynha menina querida
12:07,727,vcsabquem_,vcsabquem_,neutro,1.0,cutscene foi essa
12:13,733,atereza01,atereza01,neutro,1.0,aaaaah
12:15,735,aizenr6ss,aizenr6ss,engraçado,0.5,oxi kkk
12:16,736,tiimoz,tiimoz,engraçado,1.0,a jurinha do pokemons
12:17,737,vots35,vots35,engraçado,0.5,baka previsão para a corida hj ?
12:17,737,pulchram12,pulchram12,engraçado,1.0,ata kkkkk
12:20,740,palhaco7,palhaco7,neutro,1.0,Trocou de lugar deixou a velha desconfortável
12:23,743,ryuu_nxs,Ryuu_NxS,engraçado,1.0,Kappa
12:26,746,consciencias_,consciencias_,positivo,1.0,Salve
12:31,751,joaov2512,joaov2512,engraçado,1.0,Não vou participar do PUNHETAÇO de hoje.   Os cara botaram uma ganhola no meu Espírito desbravador.
12:37,757,bakalovers,bakalovers,positivo,1.0,Cheer1 tô forte sim
12:39,759,atereza01,atereza01,neutro,1.0,mto cedo
12:39,759,wesleykolomar_br,wesleykolomar_br,neutro,1.0,700
12:40,760,yviniss,yviniss,neutro,1.0,Perdeu tudo
12:40,760,joao_oben,joao_oben,engraçado,1.0,joao_oben subscribed at Tier 1.
12:41,761,humildogante,humildogante,positivo,1.0,Salve
12:43,763,sauvor,sauvor,positivo,0.5,opa baka bom ?
12:44,764,paulo_930,paulo_930,neutro,1.0,Opa meu mano
12:45,765,aizenr6ss,aizenr6ss,engraçado,1.0,Horario diferenciado tbm ne
12:46,766,rofefps,Rofefps,neutro,1.0,O jeito vai ser ir para a chute
12:47,767,tiimoz,tiimoz,neutro,1.0,calma que o povo ta chegando
12:47,767,palhaco7,palhaco7,inspirado,1.0,Caba faz live hora dessa e quer público
12:48,768,atereza01,atereza01,neutro,1.0,eu só tô assistindo pq virei a noit :’(
12:49,769,mmjadv,mmjadv,positivo,0.5,Finalmente voltamos as origens
12:49,769,alpharius_456,Alpharius_456,neutro,1.0,tudo certo
12:51,771,kthyosu,kthyosu,neutro,1.0,simm
12:52,772,tiimoz,tiimoz,positivo,1.0,aparentemente ta deboa
12:52,772,marps321,marps321,neutro,1.0,acordou cedo BAKA
12:53,773,reis_bohnen,reis_bohnen,neutro,1.0,tudo ok chefe
12:54,774,smackdowntr,SmackDownTR,negativo,1.0,tem que ser flopado mesmo so abre live quando acaba o dinheiro
12:54,774,bakalovers,bakalovers,positivo,0.5,"Cheer1 tô forte sim, obrigado por perguntar"
12:54,774,haykkj,Haykkj,negativo,1.0,flopou pode desligar a live
12:54,774,tobleroneopicional,tobleroneopicional,neutro,1.0,julynha já quer perder os yens na maquininha de urso
12:56,776,diieguit0br,diieguit0br,confuso,1.0,tá passeando ou voltou de vez?
12:57,777,vots35,vots35,neutro,1.0,hoje é dia da red bull meter um pau na Mercedes
12:57,777,erickhsn,erickhsn,neutro,1.0,no way
12:57,777,tiimoz,tiimoz,neutro,1.0,áudio e imagem
12:58,778,zenith_2xko,zenith_2xko,neutro,1.0,perdeu tudo e voltou pro japao
12:58,778,enyf_,enyf_,positivo,1.0,Salve
12:59,779,aizenr6ss,aizenr6ss,positivo,1.0,Ta tudo perfeito
12:59,779,glaubergbm,glaubergbm,engraçado,1.0,Veio pro Brasil e roubaram teus inscritos kkkk
13:00,780,rengako__,rengako__,neutro,1.0,baka pode mostrar o seu pé
13:01,781,cborgue_jv,cborgue_jv,engraçado,0.5,baka previsão para a corida hoje?
13:03,783,wesleykolomar_br,wesleykolomar_br,neutro,1.0,dá time set day ai
13:03,783,rafael44541l,rafael44541l,neutro,1.0,"qual a aventura de hoje,m"
13:04,784,icki626,icki626,confuso,1.0,"Baka, q hrs começa o punhetaço??"
13:04,784,wesleyp2p,wesleyp2p,neutro,1.0,"É cedo po, seus viewer é tudo vagabundo"
13:05,785,christianmrss,christianmrss,frustrado,1.0,"acabei de ver o AD mais estranho da minha vida, de um desenho pqp"
13:08,788,theluui,theluui,positivo,1.0,"Bom dia, estava indo para o trabalho, não vou mais."
13:10,790,vcsabquem_,vcsabquem_,confuso,1.0,faz tempo que não vejo o punhetasso
13:10,790,thrillerzs,thrillerzs,neutro,1.0,Só nao ta certo esse seu mamilo pontudo ai
13:11,791,devcurumin,DevCurumin,confuso,1.0,Rerun?
13:12,792,erickhsn,erickhsn,neutro,1.0,nem lembrava como era live a noite
13:14,794,reis_bohnen,reis_bohnen,engraçado,1.0,drip de tokyo
13:14,794,yviniss,yviniss,positivo,0.5,VAMOS TER LIVE DE HALLOWEEN?
13:16,796,atereza01,atereza01,positivo,1.0,foda
13:20,800,christianmrss,christianmrss,neutro,1.0,BAKA FALIU NO BR E VOLTOU PRO JAPAO
13:20,800,atereza01,atereza01,neutro,1.0,lacrando mto
13:22,802,daikii_zzz,daikii_zzz,neutro,1.0,Julinha parecendo uma coss
13:25,805,daikii_zzz,daikii_zzz,neutro,1.0,Meh
13:25,805,erickhsn,erickhsn,neutro,1.0,divonica
13:25,805,pablovisilva,pablovisilva,neutro,1.0,Mlk neutro
13:25,805,tiimoz,tiimoz,positivo,0.5,juria do love pikachus
13:26,806,atereza01,atereza01,neutro,1.0,#allblack
13:26,806,zeidrel1025,zeidrel1025,neutro,1.0,"to entendendo nada, vou embora"
13:28,808,alpharius_456,Alpharius_456,neutro,1.0,todo de preto
13:28,808,peterdcn,peterdcn,confuso,1.0,"finalmente live e o povo reclamando, nunca estiveram aqui nas lives de noite? so tem poser aqui bakagaFrog"
13:29,809,riperoso,Riperoso,neutro,1.0,O cara so anda de preto
13:29,809,palhaco7,palhaco7,neutro,1.0,E a mesma roupa de ontem
13:30,810,carolina_yubari,Carolina_Yubari,neutro,1.0,ai baka tá delicia
13:30,810,alpharius_456,Alpharius_456,neutro,1.0,ta de luto
13:31,811,vcsabquem_,vcsabquem_,neutro,1.0,baka parece mais gordo
13:32,812,gabriel124455566666666,gabriel124455566666666,neutro,1.0,"Nostalgia bateu agr, o homi voltou"
13:33,813,erickhsn,erickhsn,neutro,1.0,babilonica
13:33,813,thrillerzs,thrillerzs,neutro,1.0,Clássico all Black
13:34,814,heartonlyheart,HeartOnlyHeart,engraçado,1.0,Kkkkkkkkkk
13:34,814,luxnis_,luxnis_,neutro,1.0,skin default
13:34,814,lrsf2,LRSF2,confuso,1.0,penis?
13:34,814,tiimoz,tiimoz,engraçado,1.0,jurinha do love pokemons
13:35,815,wesleyp2p,wesleyp2p,neutro,1.0,Julynha tá divando
13:36,816,aizenr6ss,aizenr6ss,neutro,1.0,ata
13:40,820,redwinepie,redwinepie,neutro,1.0,Eu pegava facil se ela me quisesse... mentira sou sad boy
13:43,823,vots35,vots35,neutro,1.0,ela tá com skin comprada
13:43,823,zulbaka,zulbaka,confuso,1.0,Baka ainda vai em ODAIBA ?????
13:43,823,tiimoz,tiimoz,positivo,0.5,jurinha do love pikachus
13:44,824,bakalovers,bakalovers,positivo,0.5,Cheer1 Baka no drip Black tie paulista
13:44,824,xenohfanes,xenohfanes,positivo,1.0,Bom que nada que ela fala precisa fazer sentido
13:45,825,menel01,menel01,engraçado,1.0,kkkkkkk
13:45,825,natie_martins,natie_martins,engraçado,1.0,natie_martins subscribed at Tier 1.
13:51,831,l7ucas_bueno,l7ucas_bueno,positivo,0.5,l7ucas_bueno subscribed with Prime. They've subscribed for 2 months! Fala meu lindo
13:52,832,wesleykolomar_br,wesleykolomar_br,engraçado,1.0,Previsão pra corrida de hoje senhor Senhor porfavor
14:03,843,sauvor,sauvor,neutro,1.0,manda oi para jully
14:03,843,daikii_zzz,daikii_zzz,neutro,1.0,Skyline
14:04,844,dnzinn5_,dnzinn5_,neutro,1.0,Krlllll
14:05,845,alpharius_456,Alpharius_456,neutro,1.0,é azul
14:07,847,raianwz,RaianWZ,neutro,1.0,papaoHmm aham
14:08,848,atereza01,atereza01,confuso,1.0,um corsa wind?
14:08,848,manofrentista,manofrentista,neutro,1.0,Julinha full pay to win
14:08,848,palhaco7,palhaco7,positivo,1.0,Não gostamo de ver vc em terceira pessoal
14:08,848,daikii_zzz,daikii_zzz,neutro,1.0,R34
14:09,849,vcsabquem_,vcsabquem_,neutro,1.0,eaa live piscando ai po
14:09,849,botelhokunavara96,botelhoKunavara96,neutro,1.0,"É que hoje tem F1, por isso a live fropo Baku"
14:09,849,aizenr6ss,aizenr6ss,neutro,1.0,altas navi
14:09,849,vots35,vots35,neutro,1.0,é um suruba
14:10,850,kegann999,Kegann999,neutro,1.0,só os carrão parado
14:10,850,wesleykolomar_br,wesleykolomar_br,neutro,1.0,R34 Uq
14:10,850,christianmrss,christianmrss,neutro,1.0,JAPA FALIU NO JAPAO E VOLTOU PRO BRASILÇ
14:12,852,tiimoz,tiimoz,neutro,1.0,Skyline Kreygasm Kreygasm
14:13,853,thrillerzs,thrillerzs,neutro,1.0,Droga é o Braia
14:13,853,gabriel__00000,GaBrIeL__00000,neutro,1.0,slyline
14:15,855,coolmelado,coolmelado,engraçado,1.0,BRIAANNNNNN
14:16,856,blanco777xl,Blanco777xl,neutro,1.0,quando vai fazer live na kick
14:17,857,godnov3,GoDNov3,positivo,0.5,Salve baka e o jetlag?
14:20,860,djalmaowa,djalmaowa,neutro,1.0,r34
14:24,864,dnzinn5_,dnzinn5_,neutro,1.0,R34 bonitão mane
14:25,865,aizenr6ss,aizenr6ss,engraçado,1.0,altas rimas
14:25,865,lostcaco,LostCaco,frustrado,1.0,baka voltou pro Japão pq não tankou o Bostil
14:25,865,daikii_zzz,daikii_zzz,neutro,1.0,EITAA
14:28,868,erickhsn,erickhsn,neutro,1.0,mostra o gato
14:28,868,zenith_2xko,zenith_2xko,neutro,1.0,toma
14:30,870,glaubergbm,glaubergbm,confuso,1.0,Ninguém trabalha amanhã ai no Japão?
14:32,872,atereza01,atereza01,neutro,1.0,oss
14:33,873,smackdowntr,SmackDownTR,confuso,1.0,traduz o que ele ta cantando ai
14:33,873,burunoa,burunoa,neutro,1.0,wow
14:35,875,sylv_vtbr,sylv_vtbr,neutro,1.0,@LostCaco ta so visitando
14:35,875,natie_martins,natie_martins,confuso,1.0,Surubaru?
14:35,875,asuresd,AsureSD,neutro,1.0,!time
14:36,876,erickhsn,erickhsn,neutro,1.0,lança um free style la
14:36,876,wesleykolomar_br,wesleykolomar_br,neutro,1.0,mete um brake ai
14:37,877,arckfaelzin,arckfaelzin,positivo,0.333,"arckfaelzin subscribed with Prime. They've subscribed for 25 months! Baka, o teste deu positivo, amor, quando vc volta para o Brasil? Precisa assumir seu filho"
14:38,878,erickhsn,erickhsn,neutro,1.0,ensina esse japa
14:39,879,riperoso,Riperoso,neutro,1.0,Kd baka entra nessa roda ai e mostra as barras quentes que vc sabe
14:41,881,atereza01,atereza01,neutro,1.0,q porra
14:42,882,burunoa,burunoa,neutro,1.0,danca um break la baka
14:44,884,palhaco7,palhaco7,neutro,1.0,Toma esse rap wow
14:44,884,thrillerzs,thrillerzs,neutro,1.0,Caralho pega o Beat
14:45,885,icki626,icki626,neutro,1.0,TwitchConHYPE
14:45,885,rengako__,rengako__,confuso,1.0,baka se ainda usa cocaina antes da live ???
14:49,889,redwinepie,redwinepie,neutro,1.0,Que vibe de Halloween 2020
14:49,889,raianwz,RaianWZ,neutro,1.0,o Dragonite desistiu
14:50,890,mortolas,mortolas,confuso,1.0,Tá na liberdade?
14:53,893,zenith_2xko,zenith_2xko,neutro,1.0,i
14:54,894,alexeidur,alexeidur,neutro,1.0,AURA
14:54,894,reis_bohnen,reis_bohnen,neutro,1.0,tá tipo o brasil com os cara cantando rap na rua
14:56,896,gabriel__00000,GaBrIeL__00000,neutro,1.0,Dragonite
14:57,897,pamfras2006,pamfras2006,neutro,1.0,Canta ali
15:01,901,ninikoo3,ninikoo3,neutro,1.0,Todos
15:01,901,vcsabquem_,vcsabquem_,confuso,1.0,live veia piscando?
15:03,903,pulchram12,pulchram12,engraçado,1.0,sushid17Frita
15:04,904,joaov2512,joaov2512,positivo,1.0,Que lindo. Oferenda para o deus pokémon deles
15:04,904,xkayoowo,xKAYOowo,neutro,1.0,21
15:07,907,palhaco7,palhaco7,engraçado,1.0,Faz uma batalha de rima com ele baka
15:10,910,0poaishu,0poaishu,engraçado,1.0,isso é hora de abrir live
15:11,911,nallp_,Nallp_,positivo,1.0,tapoha o cara é bom
15:12,912,erickhsn,erickhsn,confuso,1.0,cabe cavalo ai?
15:13,913,tiimoz,tiimoz,neutro,1.0,@mortolas liberdade do japao
15:14,914,aizenr6ss,aizenr6ss,neutro,1.0,ata
15:15,915,paulo_930,paulo_930,neutro,1.0,Hiperfoco em Pokémon
15:15,915,joaofrussciante,joaofrussciante,positivo,1.0,gtr ai pika
15:17,917,pulchram12,pulchram12,neutro,1.0,2050 cavalos
15:18,918,alpharius_456,Alpharius_456,neutro,1.0,sao cavalinhos
15:18,918,burunoa,burunoa,neutro,1.0,cavalo
15:20,920,thrillerzs,thrillerzs,neutro,1.0,Coitado dos cavalos
15:25,925,atereza01,atereza01,neutro,1.0,japoneses underground
15:27,927,lcslira,lcslira,neutro,1.0,Baka sempre andando com gente perturbada
15:33,933,tiimoz,tiimoz,engraçado,1.0,kkkkkkkkk
15:33,933,aizenr6ss,aizenr6ss,engraçado,1.0,eita poha kkkkkkk
15:35,935,vcsabquem_,vcsabquem_,neutro,1.0,eita
15:37,937,thrillerzs,thrillerzs,engraçado,1.0,Credo kkk
15:37,937,tiimoz,tiimoz,neutro,1.0,olha esse baka
15:37,937,xkayoowo,xKAYOowo,neutro,1.0,Igual o do baka ><
15:38,938,kegann999,Kegann999,neutro,1.0,meu cu preto não  me faz menos homem
15:38,938,burunoa,burunoa,neutro,1.0,k
15:43,943,ninikoo3,ninikoo3,engraçado,1.0,Kkkkkkk
15:44,944,lostcaco,LostCaco,engraçado,1.0,@lcslira kkk
15:46,946,tiimoz,tiimoz,neutro,1.0,só o bogasssoo na parede fi
15:51,951,ayanmelo,ayanmelo,neutro,1.0,censuraram o meio só como se ninguem fosse notar
15:53,953,gustavo_todo,gustavo_todo,engraçado,1.0,"essa musc parece o chave falando rápido ""vou na casa da dona florinda..."""
15:53,953,redwinepie,redwinepie,confuso,1.0,Essa é abertura do naruto ?
15:56,956,humildogante,humildogante,confuso,1.0,Oxi Umamusume
15:56,956,erickhsn,erickhsn,neutro,1.0,ela é o main character
16:07,967,riperoso,Riperoso,neutro,1.0,Ta podendo mostrar assim
16:10,970,lucioleal_,lucioleal_,neutro,1.0,!clima
16:11,971,nightbot,Nightbot,neutro,1.0,Agora em Tokyo tá 74F (23C)
16:11,971,erickhsn,erickhsn,neutro,1.0,slimu shadu
16:12,972,aizenr6ss,aizenr6ss,neutro,1.0,"Sim a julynha ta cheio de tinta amarela, zoera"
16:13,973,reis_bohnen,reis_bohnen,neutro,1.0,mc do japao
16:23,983,dnzinn5_,dnzinn5_,neutro,1.0,Amsc e daora pelo menos
16:23,983,arckfaelzin,arckfaelzin,neutro,1.0,Mc japil
16:27,987,thrillerzs,thrillerzs,engraçado,1.0,Slimu shado kkkk
16:27,987,xkayoowo,xKAYOowo,neutro,1.0,A tradução
16:36,996,a_palavra_cabalistica_eh,凹凸凹凸凹凸凹凸凹凸凹,positivo,0.5,que isso meu amor olha a hora
16:37,997,residente_dorminhoko,residente_dorminhoko,positivo,1.0,bom dia canalha
16:40,1000,reis_bohnen,reis_bohnen,engraçado,1.0,o poze de tokyo kkkkk
16:41,1001,wesleykolomar_br,wesleykolomar_br,engraçado,0.5,"baka se ai é amanha, quem ganhou a corrida da F1 de hoje?"
16:45,1005,lucioleal_,lucioleal_,confuso,1.0,Senta em um dálmata?
16:47,1007,raianwz,RaianWZ,confuso,1.0,Você tem?
16:47,1007,alphaya8,alphaya8,confuso,1.0,Começou agora?
16:48,1008,erickhsn,erickhsn,neutro,1.0,damalta tem 2m de altura
16:52,1012,redwinepie,redwinepie,neutro,1.0,xaum paulum
16:53,1013,wandy_cdt,Wandy_CDT,engraçado,1.0,Primeira vez que consigo ver a live do Estrangeiro Otario!
16:58,1018,eaeflorencio,eaeflorencio,neutro,1.0,Acordou cedo em irmão
16:58,1018,l7ucas_bueno,l7ucas_bueno,positivo,1.0,bakagaPikagasm bakagaPikagasm
16:59,1019,mozafu_,mozafu_,neutro,1.0,AEEE
17:02,1022,mimillaszz,Mimillaszz,positivo,1.0,dia bom
17:04,1024,strikewolf5,strikewolf5,confuso,1.0,Poze do rodo ta no Japão?
17:06,1026,tiimoz,tiimoz,neutro,1.0,"até o Baka ta passando fome, imagina ter um dalmata"
17:10,1030,o_wattfox,O_Wattfox,engraçado,1.0,O_Wattfox subscribed with Prime.
17:13,1033,palhaco7,palhaco7,neutro,1.0,🐢
17:14,1034,reis_bohnen,reis_bohnen,engraçado,1.0,@strikewolf5 parece
17:15,1035,nowaygabi,nowaygabi,neutro,1.0,Baka abençoa o lewis Hamilton
17:15,1035,xsyke,xSyke,engraçado,1.0,HeyGuys erickhsn RaianWZ
17:17,1037,ivctor,ivctor,neutro,1.0,JULYNHATOYS OMG HII!!
17:17,1037,kanabardo,kanabardo,neutro,1.0,"Olha a chinela da mina, 2 metros"
17:18,1038,pulchram12,pulchram12,engraçado,1.0,LUL
17:19,1039,paulo_930,paulo_930,neutro,1.0,Tartaruga ninja em casa
17:20,1040,kegann999,Kegann999,neutro,1.0,tem q parar de fumar mano
17:24,1044,niz_muniz,niz_muniz,neutro,1.0,uma pastilha
17:24,1044,aizenr6ss,aizenr6ss,neutro,1.0,Idade chegou
17:26,1046,hug0mota,Hug0Mota,neutro,1.0,me da uma pastilha
17:30,1050,vcsabquem_,vcsabquem_,confuso,1.0,e os beco cade?
17:40,1060,riperoso,Riperoso,neutro,1.0,Mas ai vc tem que rever o seu dedo ne
17:40,1060,strikewolf5,strikewolf5,neutro,1.0,Live com personagens nostálgicos
17:41,1061,l7ucas_bueno,l7ucas_bueno,neutro,1.0,Rerun
17:44,1064,riperoso,Riperoso,neutro,1.0,dedao com xero de cu
17:45,1065,atereza01,atereza01,confuso,1.0,extrassístole atacando?
17:45,1065,ayanmelo,ayanmelo,confuso,1.0,ta engrossando a voz?
17:45,1065,thrillerzs,thrillerzs,engraçado,0.5,Ela ta confundindo com aquele demônio que ataca rápido que parece uma tartaruga primitiva
17:52,1072,passarobllue,passarobllue,neutro,1.0,O dedo todo podre fedido
17:55,1075,erickhsn,erickhsn,neutro,1.0,@xSyke 2020ByeGuys
17:59,1079,a_palavra_cabalistica_eh,凹凸凹凸凹凸凹凸凹凸凹,engraçado,1.0,:) adoro a risada da julinha
18:01,1081,lostcaco,LostCaco,confuso,1.0,vai deixar crescer a barba?
18:02,1082,idley1,Idley1,neutro,1.0,preciso de uma pastiiiilhaa
18:07,1087,burunoa,burunoa,engraçado,1.0,risada insana
18:09,1089,vcsabquem_,vcsabquem_,neutro,1.0,!followage
18:11,1091,riperoso,Riperoso,confuso,1.0,Ta liberado pachingo da ryugagotoku ou nada a ve?
18:15,1095,raianwz,RaianWZ,neutro,1.0,@xSyke 2020ByeGuys opa
18:19,1099,passarobllue,passarobllue,neutro,1.0,Puke park
18:21,1101,o_wattfox,O_Wattfox,confuso,1.0,oxi voltou pro japão????
18:27,1107,generaldosgado,generaldosgado,neutro,1.0,So vim ver a live pela July pois os baka só tá fazendo por que falou a firma
18:31,1111,pulchram12,pulchram12,neutro,1.0,CaitThinking
18:34,1114,wesleyp2p,wesleyp2p,confuso,1.0,A julynha é muito baixa ou o baka é muito alto? KK
18:34,1114,kegann999,Kegann999,engraçado,1.0,dicionário novo
18:37,1117,senjunatsu,senjunatsu,confuso,1.0,baka vai comprar 10 brochas?
18:39,1119,peluciacensurada,PeluciaCensurada,positivo,1.0,olar seus lindos beijo na solda dô ceis
18:39,1119,thrillerzs,thrillerzs,confuso,1.0,10 pino Julinha? Se loko ta escarado assim as drogas?
18:42,1122,atereza01,atereza01,engraçado,1.0,vc fico mto sério de óculos
18:45,1125,arckfaelzin,arckfaelzin,engraçado,1.0,Kkkkkkkkkk
18:48,1128,pablovisilva,pablovisilva,engraçado,1.0,Ta na pira ja kkkkk
18:49,1129,burunoa,burunoa,neutro,1.0,k
18:51,1131,ayanmelo,ayanmelo,confuso,1.0,ela tava vendendo pino de coca?
18:52,1132,kabumushy,KabuMushy,neutro,1.0,@wesleyp2p Os dois
18:55,1135,strikewolf5,strikewolf5,neutro,1.0,Meu casal
19:01,1141,luukzits,luukzits,confuso,1.0,"oloco, tava com 10 pino?"
19:03,1143,zenith_2xko,zenith_2xko,neutro,1.0,la vem
19:05,1145,pulchram12,pulchram12,positivo,0.5,Vamo rir
19:13,1153,ivctor,ivctor,neutro,1.0,a nao
19:16,1156,zeta171,Zeta171,engraçado,0.5,Zeta171 subscribed at Tier 1. They've subscribed for 3 months! Voltou pra ficar?
19:17,1157,coolmelado,coolmelado,neutro,1.0,Vai mandando aos poucos
19:18,1158,zenith_2xko,zenith_2xko,neutro,1.0,dnv
19:18,1158,burunoa,burunoa,engraçado,1.0,LUL
19:19,1159,daikii_zzz,daikii_zzz,neutro,1.0,GODZILLA
19:21,1161,wesleyp2p,wesleyp2p,positivo,0.5,Vamos rir
19:21,1161,diego_sevlacnog,diego_sevlacnog,neutro,1.0,Mds que chata
19:21,1161,kegann999,Kegann999,engraçado,1.0,KKKKKKKKKK
19:21,1161,wesleykolomar_br,wesleykolomar_br,engraçado,1.0,kkkkkkkkkkkkkk
19:22,1162,bigwasted88,bigwasted88,engraçado,1.0,kkkkkkkkk
19:22,1162,pulchram12,pulchram12,engraçado,1.0,KKKKKKKKKKKKKKKKKKKKKKKK
19:22,1162,ninikoo3,ninikoo3,neutro,1.0,Paia
19:22,1162,pablovisilva,pablovisilva,engraçado,1.0,Kkkkkkkkkkk
19:23,1163,zkote28,zkote28,engraçado,1.0,kkkkkkkkkkkkkkkkk
19:23,1163,alpharius_456,Alpharius_456,engraçado,1.0,mds kkkkkkkkkkkkkkk
19:23,1163,riperoso,Riperoso,engraçado,1.0,kkkkkkkkkkkkkkkkkkkkkk
19:23,1163,aizenr6ss,aizenr6ss,engraçado,1.0,kkkkkkkkkkkkkkkkkkkkkkkkkkk
19:24,1164,a_palavra_cabalistica_eh,凹凸凹凸凹凸凹凸凹凸凹,engraçado,1.0,risos
19:24,1164,generaldosgado,generaldosgado,neutro,1.0,O cara si perdeu em Tokyo do nada
19:24,1164,ivctor,ivctor,neutro,1.0,encerra a live
19:25,1165,carolina_yubari,Carolina_Yubari,neutro,1.0,ihhh
19:25,1165,gustavo_todo,gustavo_todo,positivo,1.0,boa
19:26,1166,brunaotl,BRUNAOTL,engraçado,1.0,kkkkkkkkkkk
19:26,1166,heartonlyheart,HeartOnlyHeart,engraçado,1.0,Kkkkkkkkkkkkkkk
19:27,1167,raypeke,raypeke,engraçado,1.0,Kkkkkkk
19:27,1167,thrillerzs,thrillerzs,positivo,1.0,Certo certo foi bom ate
19:27,1167,zenith_2xko,zenith_2xko,engraçado,1.0,vkkkkkkkkkkkk
19:27,1167,riperoso,Riperoso,neutro,1.0,Nem a live aguentou
19:27,1167,fliesbynight,FliesByNight,engraçado,1.0,kkkkkkkkkkkkkkkkkkkk
19:28,1168,alouqq,alouqq,engraçado,1.0,KKKKKKKKKK
19:29,1169,diieguit0br,diieguit0br,engraçado,1.0,kkkkkkkkkkkkk
19:29,1169,icki626,icki626,confuso,1.0,Oxi
19:29,1169,menel01,menel01,engraçado,1.0,kkkkkkkkkkkkk
19:29,1169,tiimoz,tiimoz,engraçado,1.0,a jurinha kkkkkkkkkkk
19:29,1169,atereza01,atereza01,engraçado,1.0,kkkkkkkkkkkkkkkk
19:30,1170,luukzits,luukzits,neutro,1.0,acabou
19:30,1170,generaldosgado,generaldosgado,neutro,1.0,F
19:30,1170,lostcaco,LostCaco,neutro,1.0,a
19:30,1170,burunoa,burunoa,neutro,1.0,🖐️
19:30,1170,daikii_zzz,daikii_zzz,neutro,1.0,KAKAKAKAKAK
19:30,1170,ayanmelo,ayanmelo,neutro,1.0,depois dessa veleu
19:31,1171,l4wert,L4wert,engraçado,1.0,né possivel bakagaFrog kkkkkkkkkkkkkkk
19:32,1172,zeta171,Zeta171,engraçado,1.0,lelehbGuri
19:32,1172,lucioleal_,lucioleal_,neutro,1.0,DAAMMMNNN
19:32,1172,lucdms,lucdms,engraçado,1.0,cabou kkkkk
19:33,1173,kthyosu,kthyosu,neutro,1.0,encantador
19:33,1173,rotiv_exe,rotiv_exe,engraçado,1.0,KKKKKKKKKKKJKKKKKKKKKlllKKKKKKKKKKKJKKKKKKKKKll
19:34,1174,miqueslift,Miqueslift,engraçado,1.0,kkkkkkkkkkkk
19:34,1174,luukzits,luukzits,neutro,1.0,acabo
19:34,1174,ivctor,ivctor,positivo,1.0,boa
19:34,1174,glaubergbm,glaubergbm,neutro,1.0,F
19:34,1174,icki626,icki626,engraçado,1.0,Kkkkkkkkkk
19:35,1175,gsaimons,GSaimons,engraçado,1.0,Kkkkkkkk
19:35,1175,jankzer4,jankzer4,engraçado,1.0,kkkkkkkkkkkkkkkkkkkkkkkkk
19:35,1175,aizenr6ss,aizenr6ss,engraçado,1.0,kkkkkkkkkkkkkkk
19:36,1176,reis_bohnen,reis_bohnen,positivo,1.0,eu gosto como ela pronuncia o R quando fala
19:36,1176,locondemoreno,locondemoreno,engraçado,1.0,"locondemoreno subscribed at Tier 1. They've subscribed for 43 months, currently on a 43 month streak! aloha"
19:37,1177,luukzits,luukzits,positivo,1.0,valeu galeraaaaaaaaaaaa
19:37,1177,lostcaco,LostCaco,engraçado,1.0,piada fez cair a live
19:38,1178,tiimoz,tiimoz,neutro,1.0,quebrou o baka
19:39,1179,wandy_cdt,Wandy_CDT,confuso,1.0,Alguém sabe se a Nubank funciona no Japão?
19:39,1179,ninikoo3,ninikoo3,engraçado,1.0,Kkkkkkkkkkkkk
19:39,1179,lucdms,lucdms,neutro,1.0,vale fle
19:39,1179,pulchram12,pulchram12,engraçado,1.0,kkkkkkkkkkkkkk
19:39,1179,tobleroneopicional,tobleroneopicional,negativo,0.5,KAKAKAAKAKAKAKAAKAKAKAKAKAKA VSF QUE PIADA RUIM MANÉ
19:39,1179,chriscod016,chriscod016,neutro,1.0,acaba
19:40,1180,himajindesuu,himajindesuu,engraçado,1.0,Kkkkkkkkkkkkkkkkkkkkkk
19:40,1180,herautuz,herautuz,neutro,1.0,show
19:42,1182,kaynpombao,kaynpombao,neutro,1.0,daqui a pouco ela vai perguntar porque n existe flor preta
19:43,1183,redwinepie,redwinepie,neutro,1.0,Eu tive que vir comentar
19:44,1184,xenohfanes,xenohfanes,engraçado,1.0,Me debulhando em risos
19:45,1185,tobleroneopicional,tobleroneopicional,neutro,1.0,A live até caiu
19:47,1187,dnzinn5_,dnzinn5_,neutro,1.0,damnnnn
19:47,1187,zeta171,Zeta171,neutro,1.0,HenloThere
19:49,1189,riperoso,Riperoso,engraçado,1.0,Baka fechou a live pra rir
19:49,1189,thrillerzs,thrillerzs,engraçado,1.0,Ele passou pra conversar a sério com ela no off kkkkkkkk
19:49,1189,lostcaco,LostCaco,positivo,0.5,piada tão boa q a live caiu
19:50,1190,paulo_930,paulo_930,frustrado,1.0,Foi tão bosta que a live desistiu
19:51,1191,kabumushy,KabuMushy,engraçado,1.0,O pior que ela já contou essa piada em um vídeo teu kskskskskskskskksks
19:52,1192,aizenr6ss,aizenr6ss,engraçado,0.5,kkkkkkkkkk???
19:53,1193,joao_oben,joao_oben,neutro,1.0,HenloThere
19:54,1194,pulchram12,pulchram12,engraçado,1.0,Risadas
19:55,1195,neo_xp,Neo_xp,engraçado,1.0,kkkkkkkkkkkkkkk
19:55,1195,idley1,Idley1,engraçado,0.5,puta q parius
19:58,1198,lucian2_,lucian2_,engraçado,0.667,Kkkkkkkkk ruim demais
20:00,1200,monsterking21,monsterking21,engraçado,1.0,SeriousSloth
20:01,1201,atereza01,atereza01,neutro,1.0,volto
20:02,1202,generaldosgado,generaldosgado,positivo,0.5,KKK voltamos
20:03,1203,cezarbtw,cezarbtw,neutro,1.0,ohayo gozaimasu
20:04,1204,diieguit0br,diieguit0br,positivo,1.0,se pá que era melhor hein
20:06,1206,zulbaka,zulbaka,negativo,0.5,Piada tão ruim q caiu a Live
20:10,1210,cbvader,cbvader,neutro,1.0,Pelé e Coutinho!
20:10,1210,atereza01,atereza01,neutro,1.0,sonho SER o chinês pra sempre
20:11,1211,erickhsn,erickhsn,neutro,1.0,ainda no msm lugar
20:12,1212,burunoa,burunoa,neutro,1.0,q susto
20:13,1213,smackdowntr,SmackDownTR,positivo,1.0,era melhor ter ido ver o filme do pelé
20:14,1214,riperoso,Riperoso,neutro,1.0,Travado no lança
20:15,1215,generaldosgado,generaldosgado,neutro,1.0,MyAvatar
20:15,1215,wesleykolomar_br,wesleykolomar_br,neutro,1.0,escovou o dentinho ele
20:15,1215,pamfras2006,pamfras2006,confuso,1.0,"Se a formiga dorme em cima do braço, ela fica com o braço formigando?"
20:18,1218,jankzer4,jankzer4,neutro,1.0,esse ai é god
20:19,1219,daikii_zzz,daikii_zzz,neutro,1.0,aee
20:28,1228,redwinepie,redwinepie,neutro,1.0,Vrummm
20:29,1229,pisaoficial,PisaOficial,neutro,1.0,databaseMhm
20:30,1230,raypeke,raypeke,neutro,1.0,raypeke watched 3 consecutive streams and sparked a watch streak!
20:34,1234,arckfaelzin,arckfaelzin,neutro,1.0,HenloThere não sei como isso funciona
20:45,1245,tiimoz,tiimoz,engraçado,1.0,salvou a piada Baka
20:47,1247,tiimoz,tiimoz,neutro,1.0,herói
20:48,1248,strikewolf5,strikewolf5,positivo,1.0,Muito amorzinho ela
20:49,1249,arckfaelzin,arckfaelzin,neutro,1.0,HenloThere
20:50,1250,pulchram12,pulchram12,neutro,1.0,CaitThinking
20:51,1251,l4wert,L4wert,positivo,0.5,"se foda é sinônimo para coito, então todo coitado é um fudido?"
20:52,1252,redwinepie,redwinepie,neutro,1.0,Piadora
20:52,1252,marps321,marps321,neutro,1.0,PETTHEPEEPO
20:56,1256,xenohfanes,xenohfanes,confuso,1.0,Qual animal que come com o rabo?
20:58,1258,generaldosgado,generaldosgado,neutro,1.0,O china farmando aura
20:59,1259,vektorreznov,VektorReznov,confuso,1.0,@pamfras2006 Ou fica pessoando 🤔?
21:06,1266,zenith_2xko,zenith_2xko,neutro,1.0,mostra ai
21:12,1272,catchau2005,catchau2005,confuso,1.0,pq as meninas estão de roupa?
21:12,1272,pulchram12,pulchram12,engraçado,1.0,Kkkkkkkk
21:13,1273,thrillerzs,thrillerzs,engraçado,1.0,Combo da julinha é as piada de tiuzão
21:13,1273,atereza01,atereza01,neutro,1.0,uiiii
21:16,1276,jhons0ns,jhons0ns,neutro,1.0,mostra ze
21:18,1278,neo_xp,Neo_xp,positivo,1.0,Julynha melhorou a live 100%
21:20,1280,cezarbtw,cezarbtw,engraçado,1.0,kkkkkkkkkkkkkkkkkkkkkkkkkk
21:23,1283,riperoso,Riperoso,neutro,1.0,Julynha mais interessada q o baka
21:23,1283,tobleroneopicional,tobleroneopicional,neutro,1.0,Uiiiiiiiiiiii
21:28,1288,generaldosgado,generaldosgado,neutro,1.0,Hora de gadiar
21:29,1289,wesleykolomar_br,wesleykolomar_br,neutro,1.0,rapaz essa tokyo ta diferente essas hora
21:30,1290,wandy_cdt,Wandy_CDT,neutro,1.0,Até o Baka tem limites
21:38,1298,diieguit0br,diieguit0br,neutro,1.0,"Baka ficou solteiro e ao invés de ir pra academia, voltou pro Japão"
21:43,1303,doje_kkjkk,doje_kkjkk,confuso,1.0,voltou ora ficar ?
21:45,1305,tiimoz,tiimoz,positivo,0.5,a jurinha é pikachu mentality
21:46,1306,redwinepie,redwinepie,neutro,1.0,Julynha Marley
21:47,1307,pamfras2006,pamfras2006,engraçado,1.0,@VektorReznov Kkkkkk
21:50,1310,peluciacensurada,PeluciaCensurada,neutro,1.0,Julinha tá de Jack sparrow eim
21:51,1311,tobleroneopicional,tobleroneopicional,neutro,1.0,Jogadora de pokemon go
21:52,1312,wesleyp2p,wesleyp2p,neutro,1.0,Julynha 100% pokemon
21:53,1313,ryanslaayer,RyanSlaayer,neutro,1.0,Só no Japão e na liberdade pra poder ser estranho em público
21:55,1315,pulchram12,pulchram12,engraçado,1.0,Kkkkkkk
21:57,1317,gustavo_todo,gustavo_todo,positivo,1.0,essa mina tá cheio dos pika com todo respeito
21:58,1318,pablovisilva,pablovisilva,positivo,1.0,Autista com hiperfoco em pikachu
21:58,1318,generaldosgado,generaldosgado,positivo,1.0,Gostosa
21:59,1319,dxpthhr,dxpthhr,neutro,1.0,dxpthhr watched 3 consecutive streams and sparked a watch streak!
22:00,1320,pope_francis_clone1,pope_francis_clone1,neutro,1.0,pena que é rerun
22:01,1321,gunterfp5,gunterFP5,confuso,1.0,"Cara não filma beco não filma mulher, foi pro Japão fazer o que então man"
22:02,1322,reis_bohnen,reis_bohnen,neutro,1.0,manero
22:02,1322,clyttex,clyttex,neutro,1.0,!clip
22:03,1323,lostcaco,LostCaco,neutro,1.0,antisocialidade
22:13,1333,tobleroneopicional,tobleroneopicional,neutro,1.0,F
22:17,1337,l7ucas_bueno,l7ucas_bueno,neutro,1.0,HenloThere HenloThere HenloThere
22:19,1339,kanabardo,kanabardo,positivo,1.0,bakagaPikasafado
22:19,1339,nitro_zeustv,Nitro_ZeusTV,engraçado,1.0,Julinha com a Build lendaria do Picachu SSS
22:22,1342,thrillerzs,thrillerzs,engraçado,1.0,Kkkkkkk julinha tem mais interesse nas mina que o Bala
22:24,1344,erickhsn,erickhsn,neutro,1.0,mto alto e mto fedido
22:26,1346,catchau2005,catchau2005,engraçado,1.0,cuidado janelas são perigosas 😈
22:33,1353,cezarbtw,cezarbtw,engraçado,1.0,kkkkkkkkkkkkkkkkkkkkk
22:33,1353,gsaimons,GSaimons,engraçado,1.0,Passou um titam ai kkkk
22:33,1353,reis_bohnen,reis_bohnen,neutro,1.0,ele é o main character
22:36,1356,generaldosgado,generaldosgado,frustrado,1.0,Puta c
22:44,1364,peluciacensurada,PeluciaCensurada,confuso,1.0,proibido para menage de 18?
22:45,1365,wandy_cdt,Wandy_CDT,neutro,1.0,Específico
22:50,1370,erickhsn,erickhsn,neutro,1.0,é tem de pausar frame pra ver
22:52,1372,pisaoficial,PisaOficial,neutro,1.0,:O
22:52,1372,gustavo_todo,gustavo_todo,positivo,1.0,as melhores partes do japao o baka n mostra
22:54,1374,vinizann,vinizann,engraçado,1.0,kkkkkkkkk
22:54,1374,atereza01,atereza01,neutro,1.0,nossss
22:56,1376,eaivinee,eaivinee,confuso,1.0,"Baka, uma cobra torta pra esquerda, será que é venenosa?"
22:56,1376,tobleroneopicional,tobleroneopicional,neutro,1.0,Filma
22:58,1378,atereza01,atereza01,neutro,1.0,da p ver ne
22:59,1379,strikewolf5,strikewolf5,neutro,1.0,Meu casal
23:00,1380,atereza01,atereza01,neutro,1.0,nd
23:00,1380,pablovisilva,pablovisilva,neutro,1.0,Essa é feliz no simples
23:00,1380,idley1,Idley1,confuso,1.0,Aqui que é a live do Baka Gracinha ?
23:00,1380,reis_bohnen,reis_bohnen,engraçado,1.0,"pera, pra fazer pausa Kappa"
23:00,1380,generaldosgado,generaldosgado,neutro,1.0,Momentos de felicidade
23:04,1384,jhons0ns,jhons0ns,neutro,1.0,@gustavo_todo pprt
23:06,1386,catchau2005,catchau2005,neutro,1.0,nem deu pra ver
23:11,1391,catchau2005,catchau2005,neutro,1.0,mostra dnv
23:13,1393,erickhsn,erickhsn,neutro,1.0,o ceo da twitch é gooner
23:13,1393,lostcaco,LostCaco,neutro,1.0,stf vai censurar
23:15,1395,l7ucas_bueno,l7ucas_bueno,neutro,1.0,HenloThere
23:17,1397,erickhsn,erickhsn,neutro,1.0,ta safe
23:22,1402,raianwz,RaianWZ,confuso,1.0,tem agente aqui?
23:23,1403,atereza01,atereza01,neutro,1.0,eu vo denunciar
23:25,1405,peluciacensurada,PeluciaCensurada,neutro,1.0,agente é legal
23:28,1408,raianwz,RaianWZ,neutro,1.0,coitado dele
23:29,1409,generaldosgado,generaldosgado,neutro,1.0,Eu sou o agente
23:33,1413,l7ucas_bueno,l7ucas_bueno,neutro,1.0,bakagaLovebeco
23:33,1413,generaldosgado,generaldosgado,positivo,1.0,Tá de boa
23:36,1416,hunterma30,HunterMa30,positivo,1.0,amostra de novo
23:37,1417,aizenr6ss,aizenr6ss,engraçado,0.667,kkkkkkkkkk lembro dessa merda
23:37,1417,erickhsn,erickhsn,neutro,1.0,eu sou agente
23:39,1419,wandy_cdt,Wandy_CDT,neutro,1.0,Bigulin de veio
23:41,1421,reis_bohnen,reis_bohnen,neutro,1.0,olá gerente
23:43,1423,alpharius_456,Alpharius_456,engraçado,1.0,eu lembro dessa kkkkkkkk
23:45,1425,hsgabrieel,hsgabrieel,neutro,1.0,tambem o bilau era knusculo e nem deu pra ver
23:45,1425,pablovisilva,pablovisilva,neutro,1.0,Agr vao banir
23:52,1432,erickhsn,erickhsn,neutro,1.0,é pq foi no japão
23:55,1435,alpharius_456,Alpharius_456,neutro,1.0,pegou o cara com as carça nas maos
23:55,1435,diieguit0br,diieguit0br,positivo,1.0,"eu sou seu agente, já taquei o fodasse pra vc na real"
23:55,1435,antoniopruciano,AntonioPruciano,confuso,1.0,voltou pra morar ou só pra farmar vídeos pro YouTube?
23:55,1435,peluciacensurada,PeluciaCensurada,confuso,1.0,eh que o pinto dele era tão pequeno que não apareceu no vídeo
23:55,1435,ninikoo3,ninikoo3,neutro,1.0,Era pequeno demais
23:56,1436,thrillerzs,thrillerzs,neutro,1.0,Vai ver o agente gosta de la ele
23:56,1436,corpsset1,corpsset1,confuso,1.0,"Guys to um tempo sem assistir, ele voltou a morar no Japão?"
23:57,1437,guhmoura11,guhmoura11,neutro,1.0,Eai bk
23:58,1438,catchau2005,catchau2005,neutro,1.0,DEPOIS ME AGRADECE SEU COMÉDIA
24:02,1442,burunoa,burunoa,confuso,1.0,?
24:02,1442,strikewolf5,strikewolf5,confuso,1.0,Pablo vitar?
24:05,1445,generaldosgado,generaldosgado,positivo,1.0,Eu sou o cara tá de boa pode mostra tudo menos o japonês gordo pelado
24:10,1450,alpharius_456,Alpharius_456,neutro,1.0,@AntonioPruciano aparentemente é passeio
24:12,1452,gustavo_todo,gustavo_todo,positivo,1.0,essa é boa av brasilia
24:14,1454,erickhsn,erickhsn,neutro,1.0,avenida brasil
24:14,1454,0luex,0Luex,engraçado,0.5,Esse éo distrito da luz vermelha?
24:16,1456,christianmrss,christianmrss,neutro,1.0,OIO OIO OII
24:18,1458,wandy_cdt,Wandy_CDT,engraçado,1.0,Rio Tietê
24:22,1462,reis_bohnen,reis_bohnen,neutro,1.0,"parou o brasil todo, o transito tbm"
24:31,1471,manofrentista,manofrentista,neutro,1.0,Ta atiçando aqui
24:33,1473,rezeile_zika,rezeile_zika,engraçado,1.0,Ela rindo igual Zacarias
24:37,1477,eaivinee,eaivinee,neutro,1.0,OI OI OI 🎶
24:39,1479,redwinepie,redwinepie,confuso,1.0,Era uma música do Latrel ou n ?
24:41,1481,grayoden,Grayoden,neutro,1.0,IAmClap
24:42,1482,ariella_32,ariella_32,engraçado,1.0,"@corpsset1 não , viajando como turista"
24:45,1485,erickhsn,erickhsn,confuso,1.0,"e se pular, nada av?"
24:50,1490,leopaju,leopaju,confuso,1.0,Ele tá passeando ou voltou a morar no Japão?
24:50,1490,tobleroneopicional,tobleroneopicional,positivo,1.0,bakagaPikagasmbakagaPikagasm
25:01,1501,tobleroneopicional,tobleroneopicional,engraçado,0.5,Kkkakaakakakaka ué
25:03,1503,diieguit0br,diieguit0br,confuso,1.0,"um monte de gente que nem tá entendendo o que tu tá falando e que nunca mais vai te ver na vida, tem que aloprar mesmo"
25:06,1506,reis_bohnen,reis_bohnen,engraçado,1.0,ela tá rindo igual o vilao de anime
25:10,1510,peterdcn,peterdcn,confuso,1.0,mataram os mendigos? japão sempre eficiente
25:10,1510,aiveszz,AIveszz,engraçado,1.0,"AIveszz subscribed at Tier 1. They've subscribed for 3 months, currently on a 1 month streak!"
25:12,1512,generaldosgado,generaldosgado,neutro,1.0,Final do ano estarei a visita ae
25:18,1518,vjcruel,vjcruel,neutro,1.0,uhu DiDi
25:20,1520,ryzn44,ryzn44,neutro,1.0,Vai na torre de Arasaka aí
25:25,1525,generaldosgado,generaldosgado,positivo,1.0,Coisa boa
25:27,1527,leopaju,leopaju,confuso,1.0,"Pessoal alguém me responde, ele voltou a morar no Japão?"
25:27,1527,octopustears,octopustears,positivo,1.0,salve bakaaaaa
25:28,1528,pulchram12,pulchram12,neutro,1.0,CaitThinking CaitThinking
25:32,1532,daikii_zzz,daikii_zzz,engraçado,1.0,Kkkkkkkk
25:34,1534,peterdcn,peterdcn,engraçado,1.0,@leopaju ta de férias
25:36,1536,vcsabquem_,vcsabquem_,confuso,1.0,qual será a idade da julynha?
25:37,1537,ryanslaayer,RyanSlaayer,confuso,0.75,Oxi tigrinho??
25:42,1542,erickhsn,erickhsn,neutro,1.0,wow
25:42,1542,wandy_cdt,Wandy_CDT,neutro,1.0,Ajudar ❌ Filmar✅
25:45,1545,octopustears,octopustears,neutro,1.0,@leopaju voltou ainda não man
25:48,1548,leopaju,leopaju,positivo,1.0,@peterdcn Vlw
25:50,1550,thiago3631,thiago3631,confuso,1.0,Voltou para o Japão quando?
25:51,1551,generaldosgado,generaldosgado,neutro,1.0,Julinha tem 18 anos
25:52,1552,erickhsn,erickhsn,neutro,1.0,wow sugoi ne
25:59,1559,fliesbynight,FliesByNight,neutro,1.0,FrogWow
26:00,1560,devcurumin,DevCurumin,neutro,1.0,@vcsabquem_ Uns 40 anos
26:07,1567,vcsabquem_,vcsabquem_,neutro,1.0,@generaldosgado em cada perna
26:07,1567,icki626,icki626,neutro,1.0,Calor do caraio véi
26:08,1568,strikewolf5,strikewolf5,neutro,1.0,Baka ta aqui na Liberdade passou por mim agora
26:08,1568,thrillerzs,thrillerzs,neutro,1.0,Subarashi desu wa
26:12,1572,burunoa,burunoa,neutro,1.0,wooow jurynhaaa sooo cool
26:15,1575,leopaju,leopaju,positivo,1.0,"@octopustears Entendi, vlw man"
26:23,1583,grayoden,Grayoden,engraçado,1.0,Julynha tem 34 anos de contribuição pro INSS
26:32,1592,reis_bohnen,reis_bohnen,neutro,1.0,obaaaa
26:32,1592,generaldosgado,generaldosgado,positivo,1.0,Live gravada e foda né o cara tá falido mesmo
26:37,1597,aizenr6ss,aizenr6ss,confuso,0.667,do que ele me chamou?
26:38,1598,peluciacensurada,PeluciaCensurada,neutro,1.0,esperanto
26:40,1600,diieguit0br,diieguit0br,neutro,1.0,hebraico
26:40,1600,douglaswcamargo,douglaswcamargo,neutro,1.0,Russo
26:40,1600,tobleroneopicional,tobleroneopicional,neutro,1.0,bakagaOnifrog
26:44,1604,octopustears,octopustears,neutro,1.0,miopia pegou o baka tbm
26:44,1604,ivctor,ivctor,engraçado,1.0,pergunta o pokemon favorito da julyinha so pra confirmar um ndgocio aqui
26:44,1604,vcsabquem_,vcsabquem_,engraçado,1.0,@Grayoden kkkk
26:46,1606,bandeidy,Bandeidy,positivo,0.5,portugues foi foda kkk
26:46,1606,gustavo_todo,gustavo_todo,neutro,1.0,slk! o baka esse ´coulos ta transável
26:46,1606,catchau2005,catchau2005,neutro,1.0,"baka, eles atingiram a segunda torre 😭"
26:47,1607,reis_bohnen,reis_bohnen,positivo,0.5,famos escorregar da escada rolante?
26:48,1608,redwinepie,redwinepie,neutro,1.0,Baka vai virar um idoso muito fofo
26:50,1610,despersonalizar,despersonalizar,neutro,1.0,cocaxiYumeko
26:51,1611,wandy_cdt,Wandy_CDT,neutro,1.0,Na'vi
26:55,1615,erickhsn,erickhsn,engraçado,1.0,ele é cria né
26:57,1617,atereza01,atereza01,neutro,1.0,parece um pouco
27:01,1621,palhaco7,palhaco7,neutro,1.0,K
27:02,1622,despersonalizar,despersonalizar,neutro,1.0,não acredito nos meus alhos
27:02,1622,reis_bohnen,reis_bohnen,neutro,1.0,vdd russo é igual portugues de portugal
27:06,1626,pulchram12,pulchram12,neutro,1.0,sushid17Kk
27:08,1628,heartonlyheart,HeartOnlyHeart,engraçado,1.0,Kkkkkkkkk
27:09,1629,atereza01,atereza01,confuso,1.0,sussurro?
27:10,1630,joaosenhor,joaosenhor,neutro,1.0,@bakagaijinlive pergunta para um japa aí you are from yakuza
27:11,1631,grayoden,Grayoden,engraçado,1.0,Sentou pros cria da Maré
27:13,1633,ninikoo3,ninikoo3,engraçado,1.0,Kkkkkk
27:14,1634,idley1,Idley1,engraçado,1.0,kkkkk
27:16,1636,imvitor7,ImVitor7,engraçado,1.0,deus nos livre de ser carioca
27:17,1637,thrillerzs,thrillerzs,engraçado,1.0,Kkkkkkk dios me libre
27:19,1639,reis_bohnen,reis_bohnen,confuso,0.667,baka é cria????
27:20,1640,generaldosgado,generaldosgado,engraçado,1.0,Eu pegava essa loirinha ae
27:25,1645,wandy_cdt,Wandy_CDT,neutro,1.0,DinoDance DinoDance DinoDance
27:27,1647,atereza01,atereza01,neutro,1.0,vc voltou a ser o sussurro
27:30,1650,xrestrito,xrestrito,neutro,1.0,é o bixo do cu
27:32,1652,pablovisilva,pablovisilva,inspirado,0.5,Aonde q a julinha faz live mesmo?
27:32,1652,pisaoficial,PisaOficial,neutro,1.0,databaseDance
27:33,1653,nitro_zeustv,Nitro_ZeusTV,neutro,1.0,baka de oculos + 30 de sexy aple
27:33,1653,despersonalizar,despersonalizar,neutro,1.0,nekrolinaDance
27:35,1655,burunoa,burunoa,neutro,1.0,vida loca
27:37,1657,leidsan,LeidSan,neutro,1.0,O mermão deixa o VOD para os oculpados
27:41,1661,alpharius_456,Alpharius_456,neutro,1.0,dokebuVibe dokebuVibe
27:42,1662,reis_bohnen,reis_bohnen,engraçado,1.0,manda um rap aí cria
27:43,1663,rogersouzzza,Rogersouzzza,neutro,1.0,DinoDance DinoDance DinoDance
27:45,1665,gustavo_todo,gustavo_todo,neutro,1.0,é arte carai
27:48,1668,daikii_zzz,daikii_zzz,neutro,1.0,Uhuu
27:51,1671,redwinepie,redwinepie,neutro,1.0,Missão do Mr Hands
27:52,1672,daikii_zzz,daikii_zzz,neutro,1.0,DinoDance DinoDance
28:09,1689,matheuzin_55,matheuzin_55,neutro,1.0,arte moderna
28:09,1689,thrillerzs,thrillerzs,engraçado,1.0,Grisalho julinha
28:11,1691,bandeidy,Bandeidy,engraçado,0.5,baka tá parecendo que tá saindo com a filha e não num date kkk
28:13,1693,rogersouzzza,Rogersouzzza,neutro,1.0,18 em cada perna
28:13,1693,gustavo_todo,gustavo_todo,neutro,1.0,em cada perna
28:13,1693,devcurumin,DevCurumin,neutro,1.0,Novin
28:13,1693,tiimoz,tiimoz,neutro,1.0,26x2
28:14,1694,reis_bohnen,reis_bohnen,neutro,1.0,uau 18 é crazy
28:15,1695,ssilenc3,Ssilenc3,neutro,1.0,"vc ta muito de cosplay de anime parabéns, agora ela não"
28:16,1696,tiimoz,tiimoz,engraçado,1.0,Kappa Kappa
28:17,1697,a_palavra_cabalistica_eh,凹凸凹凸凹凸凹凸凹凸凹,engraçado,1.0,18 só de SENAI kkkk
28:19,1699,despersonalizar,despersonalizar,engraçado,1.0,de contribuição
28:21,1701,wandy_cdt,Wandy_CDT,neutro,1.0,Baka parecendo um tecnico de T.i
28:22,1702,peluciacensurada,PeluciaCensurada,neutro,1.0,tem só 1 anus
28:22,1702,dnzinn5_,dnzinn5_,engraçado,1.0,até a escada rolante e do lado esquerda aí kkkkk
28:22,1702,carolina_yubari,Carolina_Yubari,neutro,1.0,eu tô na live da julinha só pra ficar de olho no baka
28:24,1704,ddennish,ddennish,neutro,1.0,Baka estou lendo neuromancer nao estou entendo quase nada mas ta interessante kk
28:28,1708,atereza01,atereza01,neutro,1.0,to tentando lembrar o rap q vc cantava sempre n lembro agr
28:32,1712,burunoa,burunoa,engraçado,1.0,pompom purinn
28:32,1712,thrillerzs,thrillerzs,neutro,1.0,18 de becos
28:33,1713,dafegi,Dafegi,confuso,1.0,julinah toys tem u q 36 ?
28:34,1714,jackppl,jackppl,positivo,1.0,Bom que junto da Julinha o baka fica camuflado
28:34,1714,ninikoo3,ninikoo3,engraçado,1.0,Kkkkkkkk
28:35,1715,peluciacensurada,PeluciaCensurada,confuso,1.0,Baka eh de 83?
28:37,1717,alouqq,alouqq,neutro,1.0,Vazou a idade
28:38,1718,reis_bohnen,reis_bohnen,neutro,1.0,senhoras e senhores
28:40,1720,peluciacensurada,PeluciaCensurada,positivo,1.0,bom ano
28:45,1725,mateusrangel0,mateusrangel0,neutro,1.0,meu casal
28:46,1726,nitro_zeustv,Nitro_ZeusTV,neutro,1.0,25 só de becos
28:54,1734,fnx_artz,fnx_artz,confuso,1.0,Ta na paraiba baka?
28:55,1735,hunterma30,HunterMa30,neutro,1.0,18 em cada dedo
28:59,1739,riperoso,Riperoso,confuso,1.0,Isso é um queijo?
28:59,1739,reis_bohnen,reis_bohnen,neutro,1.0,um bicho de arroz
29:02,1742,antoniopruciano,AntonioPruciano,confuso,1.0,voltou a morar no Japão ou só passeando?
29:04,1744,redwinepie,redwinepie,confuso,1.0,É aí que pega calcinha?
29:06,1746,kyry7i,kyry7i,engraçado,1.0,Barbearia do Pão kkkk
29:13,1753,octopustears,octopustears,neutro,1.0,finalmente de volta pra bahia
29:15,1755,codinomepru,codinomepru,neutro,1.0,Tá de óculos e não tá servindo pra nada
29:18,1758,hamster_azul,Hamster_Azul,confuso,1.0,onde que fica esse lugar no RJ?
29:21,1761,0lis26,0lis26,neutro,1.0,bakagaCalvo
29:22,1762,erickhsn,erickhsn,neutro,1.0,quando morava no jp e meteu essa
29:26,1766,wandy_cdt,Wandy_CDT,confuso,1.0,Poxita
29:27,1767,gustavo_todo,gustavo_todo,confuso,1.0,já lançou gta 6 ai no japãp dog?
29:30,1770,atereza01,atereza01,engraçado,1.0,um dia desses KKKK
29:30,1770,peluciacensurada,PeluciaCensurada,confuso,1.0,o de cima é uma piroquita
29:31,1771,xrestrito,xrestrito,confuso,1.0,o baka vai ficar pra sempre no japão agr?
29:32,1772,fnx_artz,fnx_artz,engraçado,1.0,fnx_artz subscribed with Prime. They've subscribed for 5 months! 5 meis
29:33,1773,reis_bohnen,reis_bohnen,engraçado,1.0,@redwinepie mano essa piada foi longe demais
29:34,1774,strikewolf5,strikewolf5,neutro,1.0,Voltou a ser gaijin
29:51,1791,thrillerzs,thrillerzs,engraçado,1.0,Dnv ela dando ênfase nas mina kkk tem algo ai
29:52,1792,grayoden,Grayoden,engraçado,1.0,@xrestrito Até 30/02
29:53,1793,lostcaco,LostCaco,engraçado,0.5,@xrestrito voltou pro jp pq n tankou o bostil
29:54,1794,takatsukitw,takatsukitw,confuso,1.0,O homi realmente voltou ou é rerun?
29:57,1797,eulasei,eulasei,confuso,1.0,Onde acho um lugar como esse em Bacabal - Maranhão?
29:58,1798,reis_bohnen,reis_bohnen,positivo,0.5,vamos catar moedas com a maquina Kappa
29:59,1799,lobosolitario398,Lobosolitario398,positivo,1.0,Bom dia Baka...🐺👍
30:01,1801,jackppl,jackppl,engraçado,0.5,25 só de prisão em bangu junto comigo que eu lembro
30:10,1810,ryukzada,Ryukzada,neutro,1.0,é rerun
30:13,1813,nitro_zeustv,Nitro_ZeusTV,neutro,1.0,voltou pro JP pra plantinar
30:15,1815,srbiscoito16,SrBiscoito16,confuso,1.0,Essa aí é a mãe do Baka ou algo assim? Não acompanho muito a lore
30:18,1818,vcsabquem_,vcsabquem_,neutro,1.0,rerun live gravada em osasco
30:20,1820,vinszen,Vinszen,engraçado,0.5,eita voltou pro nihon gaijin? ou só temporário?
30:21,1821,0lis26,0lis26,neutro,1.0,bakagaOnifrog
30:22,1822,ninguem_aqui_esta,ninguem_aqui_esta,confuso,1.0,Quando vc vai fazer live com o faker ai no Japão?
30:25,1825,erickhsn,erickhsn,neutro,1.0,é
30:26,1826,palhaco7,palhaco7,neutro,1.0,É rerun de 2022 moçada ele nem tá falando com o chat
30:29,1829,octopustears,octopustears,neutro,1.0,@SrBiscoito16 é sim
30:29,1829,smackdowntr,SmackDownTR,confuso,1.0,o propulsor desse jetperna fica acoplado onde ???????
30:31,1831,mcronaldsfeliz,McRonaldsFeliz,neutro,1.0,Baka se quiser te empresto meu jatinho branco
30:32,1832,erickhsn,erickhsn,neutro,1.0,pega o relampagu
30:33,1833,reis_bohnen,reis_bohnen,neutro,1.0,é um traviseiro
30:36,1836,xrestrito,xrestrito,neutro,1.0,@Grayoden oloco
30:36,1836,pamfras2006,pamfras2006,positivo,1.0,Cheer100 Salve braga!
30:36,1836,dnzinn5_,dnzinn5_,neutro,1.0,@eulasei quando vc dormir aí vc vai achar se tiver sorte
30:38,1838,pisaoficial,PisaOficial,neutro,1.0,skipnhoCoberta
30:39,1839,grayoden,Grayoden,neutro,1.0,Essa live não é ao vivo em tempo real
30:39,1839,atereza01,atereza01,neutro,1.0,little marcos
30:40,1840,riperoso,Riperoso,neutro,1.0,Tu ta doido por um Baka
30:40,1840,thrillerzs,thrillerzs,neutro,1.0,É o Marcos msm pq ta azul
30:40,1840,pisaoficial,PisaOficial,positivo,1.0,PokPikachu
30:43,1843,eaivinee,eaivinee,confuso,0.667,"eaivinee subscribed with Prime. They've subscribed for 21 months! Baka, uma cobra torta pra esquerda, será que é venenosa?"
30:44,1844,bandeidy,Bandeidy,positivo,0.5,canavial de pika?
30:47,1847,redwinepie,redwinepie,neutro,1.0,Tinha o rei depois de bater
30:50,1850,lostcaco,LostCaco,engraçado,1.0,@McRonaldsFeliz kkkkkk
31:00,1860,hsgabrieel,hsgabrieel,neutro,1.0,gengar plz
31:03,1863,atereza01,atereza01,neutro,1.0,enfia no kur
31:10,1870,reis_bohnen,reis_bohnen,confuso,1.0,namco nao é empresa de videogame???
31:11,1871,burunoa,burunoa,engraçado,1.0,frieira
31:11,1871,jackppl,jackppl,engraçado,1.0,jackppl subscribed with Prime. They've subscribed for 3 months! Toma ai para pagar os sequestradores
31:14,1874,idley1,Idley1,engraçado,1.0,otário
31:17,1877,pulchram12,pulchram12,neutro,1.0,CaitThinking
31:18,1878,humildogante,humildogante,neutro,1.0,Resenha
31:20,1880,erickhsn,erickhsn,neutro,1.0,já bora
31:21,1881,wandy_cdt,Wandy_CDT,engraçado,1.0,Frieren
31:26,1886,dnzinn5_,dnzinn5_,neutro,1.0,Sumimasen
31:27,1887,grayoden,Grayoden,neutro,1.0,Escorraçado bakagaWetsumo
31:30,1890,ivctor,ivctor,positivo,1.0,"esse anime é muito bom, free fire"
31:31,1891,palhaco7,palhaco7,neutro,1.0,Foi pro chuveiro mais cedo
31:31,1891,peluciacensurada,PeluciaCensurada,neutro,1.0,que fofo
31:32,1892,guiigafps,guiigafps,neutro,1.0,bakaaaaaaaaaaa
31:34,1894,eulasei,eulasei,engraçado,1.0,@dnzinn5_ JinxLUL
31:37,1897,mcronaldsfeliz,McRonaldsFeliz,neutro,1.0,Speed run de expulsão
31:40,1900,fnx_artz,fnx_artz,neutro,1.0,Nerfados
31:40,1900,sweet_lou_,Sweet_Lou_,confuso,1.0,oxi o que rolou?
31:43,1903,palhaco7,palhaco7,neutro,1.0,Ele expulsa cuti cuti
31:43,1903,matyfofo,matyfofo,confuso,1.0,rerun?
31:44,1904,juninholino,juninholino,confuso,1.0,expulso?
31:46,1906,peluciacensurada,PeluciaCensurada,neutro,1.0,kazaa
31:50,1910,pope_francis_clone1,pope_francis_clone1,confuso,1.0,eita ?
31:52,1912,reis_bohnen,reis_bohnen,neutro,1.0,tem negócu de anime pra cada canto
31:52,1912,vcsabquem_,vcsabquem_,confuso,1.0,?
31:53,1913,thrillerzs,thrillerzs,neutro,1.0,Sabia
31:54,1914,grayoden,Grayoden,neutro,1.0,distLewd
31:55,1915,pablovisilva,pablovisilva,engraçado,0.5,Trisal?
31:57,1917,cezarbtw,cezarbtw,confuso,1.0,com as 2 ?
31:58,1918,pulchram12,pulchram12,engraçado,1.0,Kkmmkkk
31:59,1919,kthyosu,kthyosu,confuso,1.0,?
31:59,1919,guiigafps,guiigafps,neutro,1.0,esse becp é tecnologico
32:00,1920,redwinepie,redwinepie,confuso,1.0,Casar ?
32:01,1921,riperoso,Riperoso,engraçado,1.0,Julynha casando primeiro q o Baka
32:02,1922,pisaoficial,PisaOficial,neutro,1.0,ela sabe muinto
32:02,1922,wandy_cdt,Wandy_CDT,confuso,1.0,Oxi
32:02,1922,a_palavra_cabalistica_eh,凹凸凹凸凹凸凹凸凹凸凹,confuso,1.0,e ta errada?
32:05,1925,burunoa,burunoa,confuso,1.0,ela n eh casada co minero?
32:06,1926,rogersouzzza,Rogersouzzza,confuso,1.0,Com as 2?
32:06,1926,carolina_yubari,Carolina_Yubari,confuso,1.0,ela é do vale?
32:07,1927,heartonlyheart,HeartOnlyHeart,engraçado,1.0,Com duas** kkkkkkk
32:07,1927,palhaco7,palhaco7,neutro,1.0,Logo com as 2
32:09,1929,pekkazzi,pekkazzi,confuso,1.0,Com as 2 de uma vez só?
32:11,1931,coolmelado,coolmelado,neutro,1.0,Com duas
32:12,1932,fnx_artz,fnx_artz,neutro,1.0,Jumpscare
32:13,1933,wesleyp2p,wesleyp2p,confuso,1.0,A julynha joga para o mesmo time?
32:13,1933,andre_candido,aNDRe_CaNDiDo,neutro,1.0,nnossa o baka pensou que era com ele ja
32:14,1934,xenohfanes,xenohfanes,neutro,1.0,Na terceira vez é deportação heim
32:19,1939,pablovisilva,pablovisilva,negativo,1.0,Flopado
32:22,1942,miqueslift,Miqueslift,neutro,1.0,cobrada ao vivo
32:23,1943,zkote28,zkote28,neutro,1.0,true da true
32:30,1950,riperoso,Riperoso,neutro,1.0,"oia a mentirada, nem postou mais foto"
32:34,1954,idley1,Idley1,neutro,1.0,"""Place but Japan"""
32:35,1955,yerbamatth,yerbamatth,neutro,1.0,vale
32:36,1956,burunoa,burunoa,neutro,1.0,k
32:37,1957,atereza01,atereza01,engraçado,1.0,kkkkkkkkkkkk
32:38,1958,ninikoo3,ninikoo3,neutro,1.0,Só tem picho em sp lugar podre
32:38,1958,wandy_cdt,Wandy_CDT,neutro,1.0,Brasil é muito comum
32:38,1958,palhaco7,palhaco7,neutro,1.0,K
32:39,1959,reis_bohnen,reis_bohnen,engraçado,1.0,eu gostaria de ver os becos de sp
32:41,1961,strikewolf5,strikewolf5,confuso,1.0,Baka você não é mais homemsexual?
32:42,1962,fnx_artz,fnx_artz,engraçado,1.0,Kkkkkkk
32:48,1968,reis_bohnen,reis_bohnen,engraçado,1.0,tem historia tbm
32:48,1968,grayoden,Grayoden,confuso,1.0,Ninguém interessado nos crackudos de SP DownBad
32:48,1968,paomofadoo_,paomofadoo_,engraçado,1.0,live prime
32:58,1978,idley1,Idley1,confuso,1.0,15 de novembro ?
32:59,1979,gustavo_todo,gustavo_todo,confuso,1.0,essa clt tá a quantas horas se mexendo daquele jeito?
33:01,1981,srbiscoito16,SrBiscoito16,engraçado,1.0,@reis_bohnen Vai ser morto na primeira live
33:02,1982,kegann999,Kegann999,confuso,1.0,ghost?
33:03,1983,wandy_cdt,Wandy_CDT,neutro,1.0,Brasil não tem pokémon
33:04,1984,reis_bohnen,reis_bohnen,neutro,1.0,beba agua
33:05,1985,mcronaldsfeliz,McRonaldsFeliz,neutro,1.0,Tuberculose
33:06,1986,burunoa,burunoa,neutro,1.0,k ͏
33:06,1986,snobharp771,snobharp771,engraçado,1.0,@reis_bohnen não ia gostar não viu kkkkk
33:07,1987,pope_francis_clone1,pope_francis_clone1,confuso,1.0,?
33:08,1988,octopustears,octopustears,neutro,1.0,puberdade
33:11,1991,fefecab,Fefecab,engraçado,1.0,kkkkk
33:12,1992,cafeaguado,cafeaguado,engraçado,0.6,É literalmente o meme de um terreno baldio normal e ninguém curte daí bota a bandeira do Japão e td mundo acha incrível kkkkkkk
33:13,1993,vcsabquem_,vcsabquem_,neutro,1.0,ixi
33:13,1993,pope_francis_clone1,pope_francis_clone1,engraçado,1.0,kkkkkkkkkk
33:14,1994,matyfofo,matyfofo,neutro,1.0,MDS que saudade eu tava das livres no Japao
33:16,1996,chriscod016,chriscod016,neutro,1.0,Tuberculose
33:18,1998,palhaco7,palhaco7,neutro,1.0,Ixi
33:19,1999,takatsukitw,takatsukitw,neutro,1.0,Ixi
33:21,2001,reis_bohnen,reis_bohnen,engraçado,1.0,ou tem aquelas refri com limao dentro
33:21,2001,jackppl,jackppl,neutro,1.0,Não vi nenhum story em beco aqui no brasil
33:22,2002,riperoso,Riperoso,neutro,1.0,Faz mais de 3 hrs que lambeu uma pic
33:23,2003,ayanmelo,ayanmelo,neutro,1.0,levou picada pra carai
33:25,2005,redwinepie,redwinepie,engraçado,1.0,Kkkkkkkkkkkkk
33:25,2005,lucian2_,lucian2_,neutro,1.0,É a idade chegando
33:28,2008,0lis26,0lis26,neutro,1.0,I
33:30,2010,grayoden,Grayoden,neutro,1.0,Pulguento em pleno Japão
33:31,2011,fnx_artz,fnx_artz,neutro,1.0,There he
33:31,2011,smackdowntr,SmackDownTR,engraçado,1.0,ta so a malaria credo
33:33,2013,pekkazzi,pekkazzi,engraçado,0.5,É aí que a galera tá turning footsteps into electricity? Não acompanho muito
33:33,2013,chriscod016,chriscod016,neutro,1.0,extracistoles
33:33,2013,vcsabquem_,vcsabquem_,neutro,1.0,levar pro beco
33:36,2016,xrestrito,xrestrito,engraçado,1.0,xrestrito subscribed at Tier 1.
33:43,2023,erickhsn,erickhsn,neutro,1.0,paia
33:46,2026,mcronaldsfeliz,McRonaldsFeliz,neutro,1.0,"Beco sempre tem, quero saber quando vai ter o beck"
33:48,2028,takatsukitw,takatsukitw,neutro,1.0,Levou muita picadura
33:51,2031,grayoden,Grayoden,engraçado,1.0,Wtf
33:53,2033,reis_bohnen,reis_bohnen,engraçado,1.0,kkkkkkk
33:53,2033,ivctor,ivctor,neutro,1.0,o pai
33:54,2034,bandeidy,Bandeidy,engraçado,1.0,kkkkkkkk
33:54,2034,a_palavra_cabalistica_eh,凹凸凹凸凹凸凹凸凹凸凹,confuso,1.0,opai??
33:54,2034,paomofadoo_,paomofadoo_,engraçado,1.0,"""por falar em pica"" kkkkkkkkkkk"
33:55,2035,burunoa,burunoa,neutro,1.0,o pai
33:55,2035,wandy_cdt,Wandy_CDT,confuso,1.0,O beco foi demolido?
33:55,2035,palhaco7,palhaco7,confuso,1.0,O pai?
33:56,2036,fnx_artz,fnx_artz,neutro,1.0,Me leva pro beco baka
33:56,2036,guilhermee__02,guilhermee__02,engraçado,1.0,Kkkkkkk
33:56,2036,pope_francis_clone1,pope_francis_clone1,confuso,1.0,????????
33:57,2037,aizenr6ss,aizenr6ss,engraçado,1.0,kkkkkkkkkkkkkkkk
33:57,2037,tomiso9001,TomISO9001,neutro,1.0,Oloco
33:57,2037,wesleykolomar_br,wesleykolomar_br,neutro,1.0,eu vi
33:59,2039,manofrentista,manofrentista,neutro,1.0,Eu vi
34:00,2040,stankke,Stankke,confuso,1.0,aonde?
34:01,2041,bandeidy,Bandeidy,neutro,1.0,baka até salivou
34:01,2041,ninikoo3,ninikoo3,neutro,1.0,Já ia chupar
34:04,2044,kthyosu,kthyosu,engraçado,1.0,KKKKKKK
34:04,2044,wandy_cdt,Wandy_CDT,engraçado,1.0,Kkkkkkkkkk
34:04,2044,zkote28,zkote28,engraçado,1.0,kkkkk
34:05,2045,palhaco7,palhaco7,confuso,1.0,Era meu pai?
34:06,2046,grayoden,Grayoden,neutro,1.0,Meu pai tá duro
34:08,2048,morisleepy,morisleepy,neutro,1.0,Oloko
34:09,2049,reis_bohnen,reis_bohnen,neutro,1.0,calma o pau era perna de cama
34:10,2050,ryukzada,Ryukzada,confuso,1.0,mass oq tem o pai da menina?
34:14,2054,joaov2512,joaov2512,confuso,1.0,O PAL????
34:17,2057,gustavo_todo,gustavo_todo,neutro,1.0,caraio... parece a liverdade esse lugar tio
34:17,2057,rodrigomohhe,rodrigomohhe,neutro,1.0,Baka ficou com saudade da jornada de trabalho de 20h por dia
34:18,2058,rzn081,rzn081,confuso,1.0,Moo tempão que não vejo esse cara
34:21,2061,andre_candido,aNDRe_CaNDiDo,neutro,1.0,"roxo impar, roxo par"
34:23,2063,redwinepie,redwinepie,engraçado,1.0,Kkkkkkkkkkkk
34:26,2066,reis_bohnen,reis_bohnen,confuso,1.0,eita musomano no japao????
34:27,2067,rick_viborg,Rick_Viborg,neutro,1.0,Opai = peito
34:27,2067,atereza01,atereza01,neutro,1.0,old
34:29,2069,burunoa,burunoa,neutro,1.0,caralho so tem japones nesse lugar
34:31,2071,catchau2005,catchau2005,engraçado,1.0,tá gripada a moça
34:33,2073,riperoso,Riperoso,neutro,1.0,Baka era o verdadeiro 1 ministro
34:36,2076,cafeaguado,cafeaguado,engraçado,0.75,"@erickhsn iae erikinho, blz mano? Trabalhando de mod profissional? Kkkkkkkk"
34:44,2084,atereza01,atereza01,neutro,1.0,radical
34:45,2085,jackppl,jackppl,neutro,1.0,2012
34:47,2087,xrestrito,xrestrito,neutro,1.0,98
34:48,2088,pekkazzi,pekkazzi,neutro,1.0,1945
34:49,2089,tiaoagiota,TiaoAgiota,neutro,1.0,1998
34:49,2089,mcronaldsfeliz,McRonaldsFeliz,neutro,1.0,2002
34:49,2089,gustavo_todo,gustavo_todo,neutro,1.0,2012
34:49,2089,paomofadoo_,paomofadoo_,confuso,1.0,pq ele voltou pro japão?
34:50,2090,alpharius_456,Alpharius_456,neutro,1.0,2010
34:50,2090,vcolt_,vcolt_,neutro,1.0,2012
34:51,2091,smackdowntr,SmackDownTR,confuso,1.0,acho que é 2012
34:52,2092,riperoso,Riperoso,neutro,1.0,gemidao da peste
34:54,2094,bhrayan77,Bhrayan77,neutro,1.0,1912
34:55,2095,palhaco7,palhaco7,neutro,1.0,1967
34:59,2099,reis_bohnen,reis_bohnen,engraçado,1.0,@Rick_Viborg vou dizer quando aalguem falar isso
34:59,2099,takatsukitw,takatsukitw,neutro,1.0,2077
35:02,2102,wandy_cdt,Wandy_CDT,neutro,1.0,20012
35:03,2103,niketche,niketche,neutro,1.0,oi
35:12,2112,fnx_artz,fnx_artz,neutro,1.0,1945
35:15,2115,andre_candido,aNDRe_CaNDiDo,neutro,1.0,"igual no puteiro, só tem trans"
35:16,2116,lucsmts,lucsmts,confuso,1.0,tem muito 67 ai no Japão?
35:20,2120,wesleykolomar_br,wesleykolomar_br,engraçado,0.5,distrito da luz vermelha?
35:21,2121,erickhsn,erickhsn,engraçado,1.0,agora além de extrangeiro vc é turista
35:22,2122,rodrigomohhe,rodrigomohhe,confuso,0.667,Como aquela Klink vendeu mais livro que Baka? E olha que o Japão é mais frio e impiedoso que o Ártico
35:30,2130,grayoden,Grayoden,neutro,1.0,Frequentador assíduo
35:33,2133,riperoso,Riperoso,confuso,1.0,todo mundo querendo ver os japa fudido
35:36,2136,jackppl,jackppl,neutro,1.0,Só tem japonês disse baka no Japão
35:36,2136,joaov2512,joaov2512,confuso,0.667,"Baka, consegue transcender a matéria e chegar na GNOSE em um beco??????"
35:38,2138,reis_bohnen,reis_bohnen,neutro,1.0,@fnx_artz Kreygasm Kreygasm
35:40,2140,wandy_cdt,Wandy_CDT,neutro,1.0,Da view
35:41,2141,burunoa,burunoa,neutro,1.0,🚁
35:45,2145,theluui,theluui,engraçado,1.0,Mkkkkkkkkkk
35:45,2145,smackdowntr,SmackDownTR,neutro,1.0,badeira
35:48,2148,reis_bohnen,reis_bohnen,engraçado,1.0,@jackppl kkkk
35:50,2150,ordepenn,ordepenn,confuso,1.0,"Perdi a live de ontem, pq ele vortou pro japao?"
35:58,2158,palhaco7,palhaco7,neutro,1.0,Pelo menos a little julia da corda pras loucuras do baka
35:58,2158,grayoden,Grayoden,neutro,1.0,@joaov2512 Não com o demiurgo à espreita
35:59,2159,takatsukitw,takatsukitw,neutro,1.0,Baka tá em casa
36:02,2162,wandy_cdt,Wandy_CDT,neutro,1.0,Tensão em desgraça
36:02,2162,pulchram12,pulchram12,neutro,1.0,@ordepenpvp Ta viajando
36:08,2168,pablovisilva,pablovisilva,engraçado,1.0,Sacrificar o datena
36:09,2169,fnx_artz,fnx_artz,confuso,1.0,Ta fazendo oq em João Pessoa baka?
36:10,2170,idley1,Idley1,engraçado,1.0,alá o cara sentado no pilarzão kkkk
36:16,2176,paomofadoo_,paomofadoo_,engraçado,1.0,carai a manada de turista do nada
36:21,2181,wiltzzzzzz,wiltzzzzzz,neutro,1.0,passou um japa farmando aura ali
36:23,2183,riperoso,Riperoso,engraçado,1.0,Abrindo os olhos niilistas da julynha
36:34,2194,andre_candido,aNDRe_CaNDiDo,confuso,1.0,"Baka, ROXO IMPAR OU ROXO PAR??"
36:41,2201,takatsukitw,takatsukitw,neutro,1.0,Passou um cara com a mão no saco
36:44,2204,palhaco7,palhaco7,neutro,1.0,F islamismo
36:49,2209,raiuuka,raiuuka,neutro,1.0,Mds bakaaaaaaaaa
36:55,2215,grayoden,Grayoden,neutro,1.0,F
36:57,2217,leuginn,leuginn,neutro,1.0,tudo fudido
36:58,2218,vcolt_,vcolt_,neutro,1.0,lsd
36:59,2219,wesleykolomar_br,wesleykolomar_br,positivo,1.0,tá morrendo na rua é foda
37:02,2222,redwinepie,redwinepie,confuso,1.0,Yakuza ?
37:02,2222,alpharius_456,Alpharius_456,neutro,1.0,eita
37:04,2224,vcsabquem_,vcsabquem_,neutro,1.0,a qualidade da live
37:04,2224,imvitor7,ImVitor7,neutro,1.0,derreteu
37:04,2224,bernardo_kra,Bernardo_Kra,neutro,1.0,TAPORRA
37:05,2225,pamfras2006,pamfras2006,neutro,1.0,F
37:06,2226,enyf_,enyf_,neutro,1.0,sinal ta legal
37:06,2226,reis_bohnen,reis_bohnen,neutro,1.0,"cuidado, tem um monte de fazendeiros de aura aí"
37:07,2227,ayanmelo,ayanmelo,engraçado,1.0,acertou a antimateria
37:08,2228,pekkazzi,pekkazzi,neutro,1.0,Makonya
37:08,2228,fnx_artz,fnx_artz,neutro,1.0,F
37:09,2229,gallack000,Gallack000,engraçado,1.0,kkkkkkkkkkkkkk
37:10,2230,niketche,niketche,confuso,1.0,F?
37:10,2230,ryanslaayer,RyanSlaayer,neutro,1.0,F
37:11,2231,paulo_930,paulo_930,neutro,1.0,"Que qualidade, cara"
37:13,2233,generaldosgado,generaldosgado,neutro,1.0,Olha o moderador derrubando a live
37:16,2236,fnx_artz,fnx_artz,neutro,1.0,F5
37:16,2236,atereza01,atereza01,engraçado,1.0,kkkkkk
37:16,2236,carmeziin,carmeziin,positivo,1.0,A internet incrível
37:17,2237,palhaco7,palhaco7,neutro,1.0,Voltou
37:17,2237,0lis26,0lis26,neutro,1.0,F
37:19,2239,ryanslaayer,RyanSlaayer,neutro,1.0,Aviso de ataque epilético
37:19,2239,gallack000,Gallack000,engraçado,1.0,kkkkkkkkkkkkkkkkkk
37:23,2243,takatsukitw,takatsukitw,neutro,1.0,Tá caindo
37:23,2243,jackppl,jackppl,neutro,1.0,"I corrompeu o vídeo, live gravada"
37:24,2244,andre_candido,aNDRe_CaNDiDo,neutro,1.0,quase...voltou ja
37:27,2247,takatsukitw,takatsukitw,neutro,1.0,F
37:27,2247,peluciacensurada,PeluciaCensurada,confuso,1.0,massagi?
37:27,2247,joaov2512,joaov2512,neutro,1.0,@Grayoden VERDADE!  Demiurgo sempre acabando com a fará alheia
37:30,2250,raiuuka,raiuuka,neutro,1.0,Squid1 Squid2 Squid3 Squid2 Squid4
37:32,2252,grayoden,Grayoden,neutro,1.0,Greengoes galore
37:34,2254,wandy_cdt,Wandy_CDT,engraçado,0.5,Os guri?
37:35,2255,smackdowntr,SmackDownTR,engraçado,1.0,fezes purissima
37:38,2258,gustavo_todo,gustavo_todo,engraçado,1.0,slk tem mto turista nesse japao
37:39,2259,pope_francis_clone1,pope_francis_clone1,neutro,1.0,ixi
37:40,2260,wesleykolomar_br,wesleykolomar_br,neutro,1.0,cade mostra ai
37:42,2262,palhaco7,palhaco7,neutro,1.0,I
37:43,2263,fnx_artz,fnx_artz,neutro,1.0,F
37:45,2265,jabberwocky_x,jabberwocky_x,neutro,1.0,E a calcinha no prédio
37:47,2267,palhaco7,palhaco7,neutro,1.0,Tá tranquilo fi
37:49,2269,fefecab,Fefecab,neutro,1.0,F
37:49,2269,kaioshimm,kaioshimM,confuso,1.0,net da xuxa é essa?
37:50,2270,leuginn,leuginn,neutro,1.0,seguraa
37:51,2271,gallack000,Gallack000,engraçado,1.0,kkkkkkkkkkkkkkkkkk
37:51,2271,kthyosu,kthyosu,neutro,1.0,ta derretendo
37:53,2273,0lis26,0lis26,neutro,1.0,F
37:54,2274,gustavo_todo,gustavo_todo,confuso,1.0,é temporada ai no toquio?
37:54,2274,ryanslaayer,RyanSlaayer,neutro,1.0,A China está hackeado a live
37:54,2274,srbiscoito16,SrBiscoito16,neutro,1.0,Como é esse negócio de calcinha
37:57,2277,grayoden,Grayoden,neutro,1.0,ButtonMash
38:01,2281,inoellee,INoellee,neutro,1.0,Ta indo prós caralho a live F
38:01,2281,igor0rigins,igor0rigins,neutro,1.0,Vai não
38:04,2284,octopustears,octopustears,confuso,1.0,vasco?
38:05,2285,raiuuka,raiuuka,neutro,1.0,Tomara que não 😭 acabei de entrar
38:06,2286,luukzits,luukzits,neutro,1.0,coreia do norte lançou missel
38:07,2287,luukzits,luukzits,neutro,1.0,ta caindo
38:07,2287,alpharius_456,Alpharius_456,neutro,1.0,fica timido
38:10,2290,cecycalazans,cecycalazans,positivo,1.0,boa noiteeee
38:11,2291,gunterfp5,gunterFP5,neutro,1.0,1st world country btw
38:11,2291,otaku_maliguino,otaku_maliguino,confuso,1.0,ue voltou?
38:12,2292,luukzits,luukzits,neutro,1.0,a live
38:13,2293,takatsukitw,takatsukitw,neutro,1.0,F total
38:15,2295,xrestrito,xrestrito,neutro,1.0,sinalzinho do baka
38:23,2303,rengako__,rengako__,neutro,1.0,baka quando tem live com o dj arana
38:25,2305,reis_bohnen,reis_bohnen,neutro,1.0,bem vindos ao mato grosso de aura
38:26,2306,otaku_maliguino,otaku_maliguino,neutro,1.0,Geeeemeeeeee bakaaaaaaaa gemeeeeeeeeeee
38:29,2309,vito_cabrito,vito_cabrito,neutro,1.0,isso ai é em fortaleza né
38:34,2314,wesleyp2p,wesleyp2p,confuso,1.0,Porque a julynha tá tão fissurado em mulher? KK
38:35,2315,palhaco7,palhaco7,neutro,1.0,Oloko
38:36,2316,sixkush,SixKush,engraçado,1.0,kkkkkkkkkkkkkkkkk
38:37,2317,mariookie,mariookie,neutro,1.0,Entra no hostess
38:38,2318,fnx_artz,fnx_artz,neutro,1.0,Mostra
38:38,2318,o_cyb3r,O_CYB3R,neutro,1.0,Krlh resolver trabalhar mermo em
38:40,2320,erickhsn,erickhsn,neutro,1.0,q interação
38:42,2322,takatsukitw,takatsukitw,confuso,1.0,Isso e a Bahia?
38:45,2325,pulchram12,pulchram12,engraçado,1.0,Kkkkkkk
38:46,2326,mariookie,mariookie,neutro,1.0,Entra no cabaré
38:46,2326,burunoa,burunoa,neutro,1.0,dawsha3Dancegirl
38:46,2326,grayoden,Grayoden,positivo,1.0,Jaboatão dos Guararapes nunca esteve tão linda
38:47,2327,mcronaldsfeliz,McRonaldsFeliz,neutro,1.0,Era eu
38:47,2327,redwinepie,redwinepie,confuso,1.0,Ele tava com a mão no saco ?
38:47,2327,gallack000,Gallack000,neutro,1.0,Fortal
38:49,2329,ryanslaayer,RyanSlaayer,confuso,1.0,Pq só tem coreano aí?
38:49,2329,herautuz,herautuz,neutro,1.0,praia do futuro
38:50,2330,valkerrenato,valkerrenato,positivo,1.0,bom demais ter vc devolta
38:51,2331,anagashii,anagashii,engraçado,1.0,kkkk
38:51,2331,rofefps,Rofefps,neutro,1.0,F
38:52,2332,fefecab,Fefecab,confuso,1.0,Você esta no nordeste???
38:53,2333,pope_francis_clone1,pope_francis_clone1,neutro,1.0,TAPORARA
38:54,2334,fnx_artz,fnx_artz,neutro,1.0,F
38:55,2335,alpharius_456,Alpharius_456,neutro,1.0,F
38:55,2335,otaku_maliguino,otaku_maliguino,frustrado,1.0,pqp
38:56,2336,xrestrito,xrestrito,neutro,1.0,me agr foi pro saco quase
38:56,2336,wandy_cdt,Wandy_CDT,neutro,1.0,Ingual
38:57,2337,leuginn,leuginn,neutro,1.0,nossaaa
38:59,2339,reis_bohnen,reis_bohnen,positivo,1.0,melhor assim
39:01,2341,otaku_maliguino,otaku_maliguino,neutro,1.0,kakakaa
39:02,2342,niketche,niketche,neutro,1.0,eita
39:02,2342,marteeww,marteeww,neutro,1.0,f
39:02,2342,gallack000,Gallack000,engraçado,1.0,kkkkkkkkkkkkkkkkkkkkkkkkkk
39:02,2342,jackppl,jackppl,neutro,1.0,Não no beko não
39:03,2343,nitro_zeustv,Nitro_ZeusTV,neutro,1.0,baka entrando em outra dimensão
39:06,2346,diieguit0br,diieguit0br,neutro,1.0,colocou 1 pé no beco a live já entra em Chernobyl
39:06,2346,raiuuka,raiuuka,neutro,1.0,Cuidado com as gangues baka
39:06,2346,pope_francis_clone1,pope_francis_clone1,neutro,1.0,AEEEEEEEE
39:07,2347,wandy_cdt,Wandy_CDT,neutro,1.0,Teleportou
39:08,2348,tobleroneopicional,tobleroneopicional,neutro,1.0,F
39:08,2348,grayoden,Grayoden,positivo,1.0,Anta Gorda já foi melhor
39:08,2348,pulchram12,pulchram12,neutro,1.0,W beco
39:09,2349,burunoa,burunoa,neutro,1.0,q lugar estreito
39:11,2351,mcronaldsfeliz,McRonaldsFeliz,positivo,1.0,*Vamo entrar aqui*: explosão nuclear
39:12,2352,otaku_maliguino,otaku_maliguino,neutro,1.0,geeeeemeeeeeeee bakaaaaaaaaaaa
39:13,2353,pekkazzi,pekkazzi,confuso,1.0,Parangaba???
39:13,2353,atereza01,atereza01,engraçado,1.0,kkkkkkkk
39:17,2357,erickhsn,erickhsn,neutro,1.0,julynha n é nada stealth
39:18,2358,ayanmelo,ayanmelo,neutro,1.0,calva
39:19,2359,gustavo_todo,gustavo_todo,neutro,1.0,cuidado com os bagui de beco em fortaleza CV comanda os becos de fortal dog
39:20,2360,reis_bohnen,reis_bohnen,engraçado,1.0,bonecos de filme de terror no beco kkkk
39:22,2362,takatsukitw,takatsukitw,neutro,1.0,F
39:23,2363,otaku_maliguino,otaku_maliguino,neutro,1.0,esses bonecos e do kapeta
39:29,2369,pamfras2006,pamfras2006,neutro,1.0,Beco rovis
39:30,2370,rengako__,rengako__,neutro,1.0,já fiz de tudo
39:37,2377,burunoa,burunoa,engraçado,1.0,parece cenario de resident evil 2
39:44,2384,tobleroneopicional,tobleroneopicional,positivo,1.0,Belford roxo já esteve melhor
39:45,2385,mcronaldsfeliz,McRonaldsFeliz,engraçado,1.0,@erickhsn Ela usa Skin de level 999
39:47,2387,niketche,niketche,engraçado,1.0,kkkkkkkk
39:48,2388,fnx_artz,fnx_artz,engraçado,1.0,Kkkkkk
39:51,2391,wesleyp2p,wesleyp2p,neutro,1.0,"Bala fumante, julynha explanou"
39:51,2391,rogersouzzza,Rogersouzzza,neutro,1.0,Sillent Hills vibe
39:54,2394,otaku_maliguino,otaku_maliguino,neutro,1.0,GEMEEEEEEE BAKAAAA GEMEEEEEEEE
39:55,2395,carolina_yubari,Carolina_Yubari,confuso,1.0,fuma qual cigarro baka?
39:59,2399,srbiscoito16,SrBiscoito16,engraçado,0.75,Salve bala te desafio a ir buscar emprego no red light distric manda salve caraikkkk
40:01,2401,burunoa,burunoa,neutro,1.0,q bar legal
40:05,2405,reis_bohnen,reis_bohnen,neutro,1.0,parece aquela lugar do final fantasy 7 no ps1
40:06,2406,niketche,niketche,engraçado,1.0,fuma pendrive
40:07,2407,riiyuji,Riiyuji,positivo,1.0,becos lindos
40:07,2407,burunoa,burunoa,neutro,1.0,enche o pote
40:13,2413,anjosmat_,Anjosmat_,neutro,1.0,Baka tem cara que fuma Camel
40:13,2413,grayoden,Grayoden,neutro,1.0,Fumador de charuto de carne
40:17,2417,gustavo_todo,gustavo_todo,neutro,1.0,julinha curte uns goró
40:17,2417,palhaco7,palhaco7,neutro,1.0,Interações
40:19,2419,mcronaldsfeliz,McRonaldsFeliz,positivo,0.5,Salve bala é foda kkkkkkkkkk
40:19,2419,pulchram12,pulchram12,neutro,1.0,BopBop
40:23,2423,burunoa,burunoa,neutro,1.0,k
40:23,2423,atereza01,atereza01,neutro,1.0,diversão japonesa
40:31,2431,willmdrs,WillMDRS,confuso,1.0,ciao ou tchau?
40:32,2432,erickhsn,erickhsn,neutro,1.0,achou q era italiano
40:36,2436,redwinepie,redwinepie,engraçado,1.0,"Não sou rico, me vê duas doses apenas"
40:38,2438,reis_bohnen,reis_bohnen,neutro,1.0,toma conta baka
40:39,2439,mozafu_,mozafu_,neutro,1.0,tchau é meio universal
40:41,2441,humildogante,humildogante,neutro,1.0,Eu que ensinei
40:41,2441,palhaco7,palhaco7,neutro,1.0,Ciao
40:44,2444,pekkazzi,pekkazzi,engraçado,1.0,+100 de carisma na criação de personagem
40:45,2445,gustavo_todo,gustavo_todo,neutro,1.0,quando eu fico bebado falo japones
40:48,2448,otaku_maliguino,otaku_maliguino,confuso,1.0,Cade as falacias de baka gaijin ?
40:52,2452,gallack000,Gallack000,engraçado,1.0,eiiikkkkkkkkkkk
40:53,2453,tobleroneopicional,tobleroneopicional,neutro,1.0,Ela n bebe ela entorna
40:54,2454,pope_francis_clone1,pope_francis_clone1,neutro,1.0,IXIIIIII
40:54,2454,wesleykolomar_br,wesleykolomar_br,neutro,1.0,ixi
40:56,2456,rofefps,Rofefps,engraçado,1.0,Kkkkkkkkkkk
40:56,2456,a_palavra_cabalistica_eh,凹凸凹凸凹凸凹凸凹凸凹,engraçado,0.667,q isso kkkk
40:56,2456,o_cyb3r,O_CYB3R,engraçado,1.0,KKKKKKKKKKK
40:57,2457,hitori_w,hitOri_W,neutro,1.0,vixi
40:59,2459,rofefps,Rofefps,neutro,1.0,Ixi
40:59,2459,willmdrs,WillMDRS,neutro,1.0,que rolao
41:00,2460,mcronaldsfeliz,McRonaldsFeliz,neutro,1.0,É a peça dele
41:01,2461,reis_bohnen,reis_bohnen,neutro,1.0,deve ter um pote de ouro lá
41:01,2461,burunoa,burunoa,engraçado,1.0,q brisa
41:01,2461,grayoden,Grayoden,neutro,1.0,MeSweat
41:01,2461,thrillerzs,thrillerzs,neutro,1.0,oloko
41:02,2462,pekkazzi,pekkazzi,engraçado,1.0,KKKKKKKKKKKKKKKKKKKKKKKK
41:03,2463,niketche,niketche,neutro,1.0,vacalo
41:04,2464,gallack000,Gallack000,engraçado,1.0,kkkkkkkkkkkkkkkkkkkkkkkkkkkkk
41:04,2464,willmdrs,WillMDRS,neutro,1.0,que caralho
41:04,2464,gunterfp5,gunterFP5,neutro,1.0,Os cara do bar pensando essas toyoko kids perdida aqui
41:05,2465,burunoa,burunoa,neutro,1.0,😋
41:06,2466,gustavo_todo,gustavo_todo,neutro,1.0,cavalo e pinto só temuma relaco valgada
41:06,2466,rogersouzzza,Rogersouzzza,engraçado,1.0,Vacalo kkkk
41:06,2466,ayanmelo,ayanmelo,neutro,1.0,cavalo de pau duro
41:06,2466,isaac17,isaac17,neutro,1.0,KEKW
41:07,2467,bakinae,bakinae,engraçado,1.0,horse penis liquor kkkkkkkkkkkkkkkkkkkkkkkkkkkkkkkkkkkkkkkkk
41:08,2468,hitori_w,hitOri_W,neutro,1.0,HORSE PENIS LIQUIR
41:08,2468,lrsf2,LRSF2,engraçado,0.5,isso é a bilola do cavalo?
41:09,2469,paomofadoo_,paomofadoo_,engraçado,1.0,kkkkkkkkkk
41:10,2470,otaku_maliguino,otaku_maliguino,neutro,1.0,live gravada rapaziada
41:11,2471,matheuzin_55,matheuzin_55,engraçado,1.0,kkkkkkkkkkkkkkkkk
41:11,2471,lostcaco,LostCaco,engraçado,1.0,cogumelo kkk
41:12,2472,rengako__,rengako__,neutro,1.0,baka já completou 100% do mapa
41:12,2472,fefecab,Fefecab,engraçado,1.0,kikkkkkkkkkkk
41:12,2472,redwinepie,redwinepie,neutro,1.0,Uma banana e um cogumelo juntos
41:12,2472,ivctor,ivctor,confuso,1.0,baka é verdade que a ultima vez que você interagiu com uma mulher foi na última live que você fez com a julynhatoys?
41:13,2473,coca_cola350ml,Coca_Cola350ml,neutro,1.0,toma
41:13,2473,aizenr6ss,aizenr6ss,engraçado,0.667,?kkkkkkkkkkkkkkk
41:14,2474,reis_bohnen,reis_bohnen,neutro,1.0,beco do terror
41:15,2475,wesleyp2p,wesleyp2p,neutro,1.0,"Tá aí, pra quem curte kk"
41:15,2475,grayoden,Grayoden,neutro,1.0,"Credo, que delícia"
41:16,2476,diieguit0br,diieguit0br,engraçado,1.0,cuidado pra não serem assaltados aí @BakaGaijinLive eu já estive aí em Sergipe e é bem perigoso
41:16,2476,reis_bohnen,reis_bohnen,engraçado,1.0,kkkkk
41:16,2476,wesleykolomar_br,wesleykolomar_br,neutro,1.0,prova ai baka
41:17,2477,fefecab,Fefecab,neutro,1.0,prova
41:17,2477,erickhsn,erickhsn,confuso,1.0,será q é afrodisiaco?
41:19,2479,carolina_yubari,Carolina_Yubari,neutro,1.0,que delicia
41:21,2481,smackdowntr,SmackDownTR,neutro,1.0,saco
41:21,2481,pulchram12,pulchram12,neutro,1.0,CaitThinking CaitThinking
41:21,2481,lucian2_,lucian2_,engraçado,1.0,Kkkkkkkk
41:24,2484,matheuzin_55,matheuzin_55,neutro,1.0,so no jp essa pha
41:25,2485,otaku_maliguino,otaku_maliguino,neutro,1.0,le o chat desgramiado
41:26,2486,hitori_w,hitOri_W,neutro,1.0,mds cara japao nao é pra amadores
41:28,2488,tobleroneopicional,tobleroneopicional,engraçado,1.0,Kkkkkkkkkkkkkkk
41:29,2489,reis_bohnen,reis_bohnen,engraçado,1.0,primeiro os boneco depois esse liquor
41:29,2489,mcronaldsfeliz,McRonaldsFeliz,neutro,1.0,cu*
41:31,2491,burunoa,burunoa,neutro,1.0,>//<
41:33,2493,pulchram12,pulchram12,engraçado,1.0,kkkkkkkkkk
41:33,2493,tobleroneopicional,tobleroneopicional,neutro,1.0,Rolao
41:33,2493,rengako__,rengako__,neutro,1.0,baka já platinou esse beco
41:33,2493,pope_francis_clone1,pope_francis_clone1,confuso,1.0,??
41:34,2494,thrillerzs,thrillerzs,neutro,1.0,bebado safado
41:36,2496,mozafu_,mozafu_,neutro,1.0,julynha gag
41:36,2496,niketche,niketche,neutro,1.0,ôloko
41:37,2497,gallack000,Gallack000,engraçado,1.0,kkkkkkkkkkkkkk
41:37,2497,isaac17,isaac17,engraçado,1.0,OMEGALUL
41:38,2498,riiyuji,Riiyuji,engraçado,1.0,kkkkkkkkkkkkk]
41:40,2500,paomofadoo_,paomofadoo_,engraçado,1.0,kkkkkkkkkkkkkkkkkk
41:40,2500,fliesbynight,FliesByNight,engraçado,1.0,kkkkkkkkkkkkkkkkkkkkkkkk
41:41,2501,alpharius_456,Alpharius_456,engraçado,1.0,kkkkkkkkkkkkkkkkk
41:42,2502,otaku_maliguino,otaku_maliguino,neutro,1.0,bebum
41:42,2502,gallack000,Gallack000,neutro,1.0,gag
41:42,2502,paomofadoo_,paomofadoo_,neutro,1.0,SUGOI
41:43,2503,hikkimoralles,hikkimoralles,engraçado,1.0,Kkkkkkkkkkkkkkkkkkkkkk
41:45,2505,peluciacensurada,PeluciaCensurada,confuso,1.0,quem nunca tomou o licor do penis de um cavalo?
41:45,2505,palhaco7,palhaco7,neutro,1.0,Uau
41:46,2506,gustavo_todo,gustavo_todo,neutro,1.0,julinha se impressiona com esse velho
41:47,2507,jackppl,jackppl,engraçado,1.0,Kkkkkkkkkkkkk
41:48,2508,rapdotyz,rapdotyz,engraçado,1.0,kkkkkkkkkkkkkkkkk
41:50,2510,alnpng,alnpng,confuso,1.0,cultura? WAAAA
41:51,2511,paomofadoo_,paomofadoo_,neutro,1.0,eu lembro desse beco
41:52,2512,luukzits,luukzits,engraçado,1.0,KKKKKKKKKKKK
41:54,2514,wandy_cdt,Wandy_CDT,neutro,1.0,O sinal estabeleceu
41:54,2514,xrestrito,xrestrito,neutro,1.0,vish
41:55,2515,grayoden,Grayoden,engraçado,1.0,18 de aposentadoria
41:56,2516,reis_bohnen,reis_bohnen,engraçado,0.667,graffiti do terror kkkkk
41:56,2516,wesleykolomar_br,wesleykolomar_br,engraçado,1.0,kkkkkkkkkkkkkkkkkkkk
41:57,2517,fefecab,Fefecab,engraçado,1.0,kkkkkkkk
42:02,2522,burunoa,burunoa,neutro,1.0,aoooo pingaiada
42:02,2522,mcronaldsfeliz,McRonaldsFeliz,neutro,1.0,baka tinha 28
42:04,2524,gallack000,Gallack000,engraçado,1.0,kkkkkkkkkkkkkkkkkkkkkk
42:05,2525,diieguit0br,diieguit0br,neutro,1.0,de cobra o Baka gosta
42:05,2525,ner0_tf,ner0_tf,confuso,1.0,Julinha tá bêbada que isso
42:07,2527,eh_o_leo,EH_O_LEO,neutro,1.0,levou a Julinha pro beco
42:09,2529,matheuzin_55,matheuzin_55,confuso,1.0,galopeiraaaa???
42:09,2529,ayanmelo,ayanmelo,neutro,1.0,leite de cobra
42:12,2532,pekkazzi,pekkazzi,engraçado,1.0,Grito da independência
42:13,2533,tobleroneopicional,tobleroneopicional,neutro,1.0,Arranhou no jp em julynha
42:17,2537,godnov3,GoDNov3,engraçado,1.0,18 anos de prisão  kkkkks
42:20,2540,erickhsn,erickhsn,neutro,1.0,pra n ter fiscalização né
42:24,2544,anjosmat_,Anjosmat_,engraçado,1.0,Nem vou falar kkkkkkkk
42:25,2545,riiyuji,Riiyuji,neutro,1.0,Pinga pra ficar  bão
42:26,2546,mcronaldsfeliz,McRonaldsFeliz,confuso,1.0,brasil reference??????
42:26,2546,gustavo_todo,gustavo_todo,neutro,1.0,medico tem em todo lugar dog
42:27,2547,pope_francis_clone1,pope_francis_clone1,engraçado,1.0,kkkkkkkkk
42:28,2548,niketche,niketche,neutro,1.0,croba
42:31,2551,wandy_cdt,Wandy_CDT,neutro,1.0,Falha na impressão
42:31,2551,reis_bohnen,reis_bohnen,neutro,1.0,por causa eles sabiam q vcs iam passar aí baka
42:42,2562,reis_bohnen,reis_bohnen,neutro,1.0,croba
42:45,2565,burunoa,burunoa,neutro,1.0,wandaw2CLAP
42:51,2571,pulchram12,pulchram12,neutro,1.0,CaitThinking
42:52,2572,xrestrito,xrestrito,neutro,1.0,baka ta calejado no trampo das live já
42:59,2579,reis_bohnen,reis_bohnen,neutro,1.0,um br cantando ai
43:06,2586,reis_bohnen,reis_bohnen,engraçado,1.0,kkkkk
43:11,2591,redwinepie,redwinepie,neutro,1.0,Mr Han mora ai
43:12,2592,anabolicx,AnabolicX,engraçado,1.0,HahaSleep
43:16,2596,burunoa,burunoa,neutro,1.0,tira a mao do pinto dos outro
43:16,2596,wandy_cdt,Wandy_CDT,neutro,1.0,Um pinto
43:22,2602,andre_candido,aNDRe_CaNDiDo,neutro,1.0,o baka pensou no outro tipo de pinto]
43:25,2605,diieguit0br,diieguit0br,neutro,1.0,pato = pinto
43:26,2606,pope_francis_clone1,pope_francis_clone1,neutro,1.0,ixi
43:28,2608,andre_candido,aNDRe_CaNDiDo,neutro,1.0,nossa
43:31,2611,xwepp,xwepp,neutro,1.0,:Clap:
43:32,2612,hikkimoralles,hikkimoralles,neutro,1.0,Xii
43:38,2618,reis_bohnen,reis_bohnen,neutro,1.0,pra ostentacao
43:39,2619,pulchram12,pulchram12,neutro,1.0,Não acreditável
43:41,2621,ordepenn,ordepenn,neutro,1.0,a
43:43,2623,wesleykolomar_br,wesleykolomar_br,confuso,1.0,moto com teto?
43:44,2624,rengako__,rengako__,neutro,1.0,baka quando vai fazer live com o mc azeitona
43:45,2625,redwinepie,redwinepie,neutro,1.0,OH BECO LONGO
43:46,2626,ohnolaurence,OhnoLaurence,positivo,1.0,Bom dia chat
43:59,2639,frekality,frekality,confuso,1.0,voltou pro Japão ? ooh
44:01,2641,tobleroneopicional,tobleroneopicional,neutro,1.0,Iiiiiiiiih
44:02,2642,anyxx0,anyxx0,confuso,1.0,o baka ta no japão?
44:03,2643,pope_francis_clone1,pope_francis_clone1,positivo,1.0,beco gostoso mem
44:10,2650,pekkazzi,pekkazzi,neutro,1.0,Subura
44:13,2653,reis_bohnen,reis_bohnen,neutro,1.0,normal
44:15,2655,burunoa,burunoa,positivo,1.0,eu ate gosto
44:16,2656,pulchram12,pulchram12,neutro,1.0,Baladona
44:17,2657,gabzghostt,gabzghostt,confuso,1.0,vai entrar no putero de femboy quando ?
44:18,2658,gustavo_todo,gustavo_todo,neutro,1.0,sexo mto sexo tava contecendo
44:22,2662,liiaay01,liiaay01,neutro,1.0,Ecaa
44:23,2663,palhaco7,palhaco7,neutro,1.0,Já nasceu mijado
44:25,2665,atereza01,atereza01,neutro,1.0,vc ta td mijado
44:27,2667,reis_bohnen,reis_bohnen,neutro,1.0,os becos sam assim mermo
44:28,2668,wandy_cdt,Wandy_CDT,neutro,1.0,Tudo muda
44:29,2669,despersonalizar,despersonalizar,neutro,1.0,ninonvLurk
44:34,2674,fnaticpe,fnaticpe,neutro,1.0,k
44:38,2678,gustavo_todo,gustavo_todo,neutro,1.0,tá verde a parede julinha
44:38,2678,alpharius_456,Alpharius_456,neutro,1.0,amalero
44:39,2679,rogersouzzza,Rogersouzzza,neutro,1.0,do nada
44:41,2681,paomofadoo_,paomofadoo_,positivo,1.0,esse pikachu ai...
44:41,2681,pekkazzi,pekkazzi,neutro,1.0,Parede amarela pare de amar ela
44:42,2682,aizenr6ss,aizenr6ss,neutro,1.0,maldita tinta amarela
44:46,2686,redwinepie,redwinepie,neutro,1.0,Amarelo Amber
44:49,2689,wesleykolomar_br,wesleykolomar_br,engraçado,1.0,ela é a popria picatoys
44:50,2690,hikkimoralles,hikkimoralles,engraçado,1.0,hikkimoralles subscribed with Prime.
44:53,2693,guhmoura11,guhmoura11,confuso,1.0,Um japa flamenguista?
44:58,2698,utsuki133,utsuki133,neutro,1.0,rolou um golden shower
44:59,2699,biamzand,biamzand,positivo,1.0,amarelo pikach8u
44:59,2699,fnaticpe,fnaticpe,neutro,1.0,ixi
45:00,2700,lostcaco,LostCaco,neutro,1.0,cor amarelo cagado
45:02,2702,andre_candido,aNDRe_CaNDiDo,neutro,1.0,surraram meu beco
45:07,2707,grayoden,Grayoden,neutro,1.0,bakagaPiu
45:08,2708,pekkazzi,pekkazzi,engraçado,1.0,KKKKKKKKKKKKKKKKKKK
45:08,2708,zezaopexeira1,zezaopexeira1,neutro,1.0,Cuidado entrar num puteiro dentro do beco igual aql vez em!!!
45:10,2710,liiaay01,liiaay01,engraçado,0.667,Nem dá pra saber que ela gosta do Pikachu KKKKkk
45:10,2710,diieguit0br,diieguit0br,engraçado,1.0,o roteiro se cria
45:15,2715,hikkimoralles,hikkimoralles,neutro,1.0,bakagaLovebeco
45:18,2718,reis_bohnen,reis_bohnen,neutro,1.0,vai sair um zombie jájá
45:18,2718,tobleroneopicional,tobleroneopicional,inspirado,1.0,Julynha aprendendo a degustar becos
45:25,2725,fnx_artz,fnx_artz,engraçado,1.0,Kkkkkkk
45:28,2728,atereza01,atereza01,engraçado,1.0,kkkkkkkkkkk
45:31,2731,wandy_cdt,Wandy_CDT,confuso,1.0,O que sobrou?
45:55,2755,fefecab,Fefecab,neutro,1.0,Que susto
45:56,2756,hitori_w,hitOri_W,neutro,1.0,q susto
45:57,2757,alpharius_456,Alpharius_456,neutro,1.0,q susto
45:59,2759,reis_bohnen,reis_bohnen,neutro,1.0,baratinho né
46:01,2761,paomofadoo_,paomofadoo_,neutro,1.0,q delicia
46:05,2765,ayanmelo,ayanmelo,neutro,1.0,ixxi
46:06,2766,redwinepie,redwinepie,neutro,1.0,Ginza
46:07,2767,theozarks,TheOzarks,confuso,0.667,lixo no japao??? virou brasil?!?!?!
46:09,2769,alphaya8,alphaya8,confuso,1.0,Tá no futuro mano?
46:09,2769,chronu_,Chronu_,neutro,1.0,Jumpscare
46:10,2770,fnx_artz,fnx_artz,neutro,1.0,Q delicia
46:11,2771,tobleroneopicional,tobleroneopicional,neutro,1.0,Nunca sobra nada baka
46:13,2773,luukzits,luukzits,confuso,1.0,q hrs são onde eles estão? ceu azulzão
46:14,2774,reis_bohnen,reis_bohnen,confuso,1.0,shunsai??
46:15,2775,fnx_artz,fnx_artz,confuso,1.0,Imagina oq baka?
46:17,2777,peluciacensurada,PeluciaCensurada,neutro,1.0,Julinha tem cara que trava no sake
46:19,2779,andreadz7,andreadz7,positivo,1.0,tomando sake com uma porrada de pikachu em volta
46:19,2779,diieguit0br,diieguit0br,engraçado,1.0,o roter... o roter... termina meu comentário se não eu não almoço hoje
46:19,2779,redwinepie,redwinepie,positivo,0.5,Vamo pra ginza brisar
46:21,2781,acarajeplay,acarajeplay,confuso,1.0,Baka volto pro japão ?
46:28,2788,rotiv_exe,rotiv_exe,confuso,1.0,Meu deus cadê o aviso de jumpscare?
46:31,2791,grayoden,Grayoden,neutro,1.0,10:99h
46:32,2792,wesleykolomar_br,wesleykolomar_br,confuso,1.0,vai ta italiano?
46:36,2796,atereza01,atereza01,confuso,1.0,vai tá iraliano?
46:38,2798,reis_bohnen,reis_bohnen,confuso,1.0,vai tá intalado de gente?
46:40,2800,gallack000,Gallack000,engraçado,1.0,kkkkkkkkkkkkkkkkkk
46:43,2803,fnaticpe,fnaticpe,neutro,1.0,kk
46:46,2806,paomofadoo_,paomofadoo_,engraçado,1.0,kkkkk cara
46:49,2809,pope_francis_clone1,pope_francis_clone1,neutro,1.0,kk
46:52,2812,fefecab,Fefecab,engraçado,1.0,kkkkkkkk
46:52,2812,zezaopexeira1,zezaopexeira1,neutro,1.0,Ai e a área que o baka gosta
46:54,2814,reis_bohnen,reis_bohnen,neutro,1.0,!time
46:55,2815,eh_o_leo,EH_O_LEO,confuso,1.0,Julinha ´menor de idadie?
47:00,2820,fefecab,Fefecab,neutro,1.0,baka e sua filha
47:03,2823,theozarks,TheOzarks,confuso,1.0,gente ele voltou pra morar no japao?
47:05,2825,zenith_2xko,zenith_2xko,engraçado,1.0,ue kkk
47:10,2830,octopustears,octopustears,neutro,1.0,a julynha é tipo o netero quando eu nasci ja era velha
47:13,2833,imvitorsan,ImVitorSan,neutro,1.0,julinha 16 anos so em uma perna
47:15,2835,jackppl,jackppl,engraçado,1.0,Kkkkkkkk
47:15,2835,fnx_artz,fnx_artz,engraçado,1.0,Risadas
47:18,2838,paomofadoo_,paomofadoo_,engraçado,1.0,@TheOzarks acho q ta turistando
47:20,2840,bhrayan77,Bhrayan77,engraçado,1.0,hahaha
47:21,2841,grayoden,Grayoden,neutro,1.0,Clima de azaração e promiscuidade
47:25,2845,wandy_cdt,Wandy_CDT,neutro,1.0,Beco do kibe
47:28,2848,lostcaco,LostCaco,neutro,1.0,Baka n responde o chat enquanto ta conversando
47:28,2848,imvitor7,ImVitor7,neutro,1.0,"@TheOzarks sim, por 2 semanas"
47:32,2852,ordepenn,ordepenn,engraçado,1.0,do nada o pericles passando ali
47:34,2854,aalcimxmarr,aalcimxmarr,neutro,1.0,bakagaPolicia
47:41,2861,erickhsn,erickhsn,neutro,1.0,"ta mto engraçado ali, pede pra contar pra gente tbm"
47:47,2867,gustavo_todo,gustavo_todo,confuso,0.667,como assim crime?
47:48,2868,gallack000,Gallack000,engraçado,1.0,kkkkkkkkkkkkkkkkkkkk
47:49,2869,pope_francis_clone1,pope_francis_clone1,neutro,1.0,é creme
47:50,2870,pulchram12,pulchram12,neutro,1.0,CaitThinking
47:52,2872,burunoa,burunoa,neutro,1.0,k
47:53,2873,fefecab,Fefecab,engraçado,1.0,kkkkkkkkk
47:54,2874,picacrau,picacrau,engraçado,1.0,Kkkkkk
47:57,2877,diieguit0br,diieguit0br,neutro,1.0,de feiura o baka entende rlx
47:57,2877,erickhsn,erickhsn,engraçado,1.0,"é o crime n é o creme, qm n deve"
47:59,2879,redwinepie,redwinepie,confuso,1.0,Creme ?
47:59,2879,wesleykolomar_br,wesleykolomar_br,neutro,1.0,coitada toda amigo de familia ela
48:01,2881,erickhsn,erickhsn,neutro,1.0,tava escrevendo ja
48:01,2881,rogersouzzza,Rogersouzzza,neutro,1.0,É creme
48:04,2884,liiaay01,liiaay01,engraçado,1.0,KKKkkkk
48:05,2885,picacrau,picacrau,engraçado,1.0,É cringe
48:05,2885,biamzand,biamzand,engraçado,1.0,kkkkkkkkkkkkkkkk
48:12,2892,jackppl,jackppl,neutro,1.0,Eo creme
48:15,2895,sepeganolhomata,sepeganolhomata,confuso,1.0,voltou pro japao??
48:20,2900,pisaoficial,PisaOficial,neutro,1.0,databaseDance
48:24,2904,eh_o_leo,EH_O_LEO,confuso,1.0,Alguem tem vontade de passar a Julinha?
48:25,2905,picacrau,picacrau,neutro,1.0,Puro suco
48:29,2909,a_palavra_cabalistica_eh,凹凸凹凸凹凸凹凸凹凸凹,engraçado,1.0,vacilo kkkkk
48:34,2914,atereza01,atereza01,neutro,1.0,eu qnd puder ir pro japao
48:35,2915,reis_bohnen,reis_bohnen,neutro,1.0,se perderam
48:37,2917,unapologetic_dog,unapologetic_dog,neutro,1.0,Que saudade que eu tô do nihon
48:41,2921,gallack000,Gallack000,confuso,1.0,q isso
48:44,2924,adrz1k4,adrz1k4,neutro,1.0,"@sepeganolhomata nao,  sp ai, liberdade"
48:44,2924,imvitorsan,ImVitorSan,neutro,1.0,taxado
48:46,2926,liiaay01,liiaay01,engraçado,0.667,O casal não pode se divertir mais ? KKKkk
48:52,2932,lostcaco,LostCaco,confuso,1.0,"@EH_O_LEO ""passar"" no sentido de comer ou de matar?"
48:53,2933,paomofadoo_,paomofadoo_,engraçado,1.0,@adrz1k4 kmkkkkkkkkkkkkkkkkkkkk
49:03,2943,atereza01,atereza01,neutro,1.0,bolsa na shopee
49:03,2943,sepeganolhomata,sepeganolhomata,neutro,1.0,@adrz1k4 ah sim
49:03,2943,gustavo_todo,gustavo_todo,neutro,1.0,isso é lavagem de dinheiro
49:04,2944,unno2009,unno2009,engraçado,1.0,kkkkkkkkkkkk
49:05,2945,natie_martins,natie_martins,engraçado,0.667,"Eu acho ela chatinha, mas os 2 juntos ficou estranhamente bom kkkk"
49:06,2946,pulchram12,pulchram12,engraçado,1.0,Kkkkkkkkkk
49:07,2947,gallack000,Gallack000,engraçado,1.0,kkkkkkkkkkkkkkkkkkk
49:09,2949,fefecab,Fefecab,engraçado,1.0,kkkkkkkkkkk
49:09,2949,pope_francis_clone1,pope_francis_clone1,neutro,1.0,baka sabe demais
49:10,2950,redwinepie,redwinepie,confuso,1.0,Mas tem creme dentro da bolsa ?
49:10,2950,wandy_cdt,Wandy_CDT,neutro,1.0,Ue
49:13,2953,mozafu_,mozafu_,neutro,1.0,julynha gag 2
49:14,2954,palhaco7,palhaco7,neutro,1.0,:O :O :O
49:14,2954,ifryul,ifryul,confuso,1.0,ué voltou pro japao ?
49:17,2957,rengako__,rengako__,neutro,1.0,@LostCaco era dentro
49:18,2958,nexus_jp,nexus_jp,engraçado,1.0,KKKKKKKKKKKKKKKKKKKKKKK
49:18,2958,liiaay01,liiaay01,neutro,1.0,MDS
49:18,2958,wesleykolomar_br,wesleykolomar_br,neutro,1.0,Orra
49:19,2959,zenith_2xko,zenith_2xko,neutro,1.0,heihachi
49:20,2960,lrsf2,LRSF2,positivo,1.0,brabo
49:20,2960,luukzits,luukzits,neutro,1.0,olhos verdes
49:20,2960,sweet_lou_,Sweet_Lou_,engraçado,1.0,calcão de cria
49:20,2960,picacrau,picacrau,engraçado,1.0,Kkkkk
49:21,2961,riiyuji,Riiyuji,neutro,1.0,@ifryul pra visitar
49:21,2961,alpharius_456,Alpharius_456,engraçado,1.0,kkkkkkkkkkkkkkkk
49:22,2962,hitori_w,hitOri_W,engraçado,1.0,calvao de cria
49:22,2962,reis_bohnen,reis_bohnen,neutro,1.0,parece um character do tekken
49:22,2962,pisaoficial,PisaOficial,neutro,1.0,:O
49:23,2963,thrillerzs,thrillerzs,neutro,1.0,Kawai ne
49:23,2963,matheuzin_55,matheuzin_55,engraçado,1.0,kkkkkkkkkkkkkkkkkkkkk
49:23,2963,aalcimxmarr,aalcimxmarr,neutro,1.0,bakagaLovebeco
49:24,2964,aizenr6ss,aizenr6ss,neutro,1.0,baka investigações
49:24,2964,ayanmelo,ayanmelo,engraçado,1.0,calvão de cria
49:24,2964,fefecab,Fefecab,engraçado,1.0,kkkkkkkkkkkkkk
49:25,2965,rogersouzzza,Rogersouzzza,engraçado,1.0,kkkkkk cada figura
49:28,2968,riiyuji,Riiyuji,engraçado,1.0,kkkkkkkkkkkk
49:28,2968,eh_o_leo,EH_O_LEO,engraçado,0.5,@LostCaco kkkkkkkkk mano que q vc acha ? kkkkkkkkkk que porra de mat4ar vei kkkkkkkk pirou?
49:31,2971,grayoden,Grayoden,neutro,1.0,Bakagadin sabe muito
49:31,2971,gunterfp5,gunterFP5,engraçado,1.0,Internet kkkkkkk
49:32,2972,gallack000,Gallack000,neutro,1.0,"krl, me lembro"
49:32,2972,reis_bohnen,reis_bohnen,neutro,1.0,vai te desafiar
49:33,2973,andersondok,andersondok,neutro,1.0,oi galera
49:33,2973,liiaay01,liiaay01,neutro,1.0,Baka é muito suspeito
49:33,2973,pulchram12,pulchram12,neutro,1.0,Old
49:36,2976,danizitogm,DanizitoGM,neutro,1.0,boss final da calvicie
49:37,2977,negzus,Negzus,engraçado,1.0,kkkkkkkkkkk
49:37,2977,chriscod016,chriscod016,engraçado,1.0,bem tranquilo kkkkkkkkkkkkkkkkkk
49:37,2977,zenith_2xko,zenith_2xko,neutro,1.0,pTINETE
49:37,2977,pope_francis_clone1,pope_francis_clone1,engraçado,1.0,EU LEMBRO ahahahha
49:39,2979,idley1,Idley1,neutro,1.0,tem um mano seguindo vcs ai kk
49:39,2979,sir_wonka0,sir_wonka0,confuso,1.0,"Tô por fora,o Braga voltou pro Japão?"
49:40,2980,mozafu_,mozafu_,neutro,1.0,suspeito
49:40,2980,ifryul,ifryul,positivo,0.5,"@Riiyuji ah pode cre, vlw"
49:41,2981,vcolt_,vcolt_,confuso,1.0,@natie_martins qts anos essa mina tem?
49:41,2981,wandy_cdt,Wandy_CDT,positivo,1.0,"Baka, valeu pela bolsa"
49:41,2981,peluciacensurada,PeluciaCensurada,neutro,1.0,flagrou uma teta
49:49,2989,coca_cola350ml,Coca_Cola350ml,engraçado,0.5,Esses africanos sao os cafetao?
49:52,2992,imvitorsan,ImVitorSan,neutro,1.0,@sir_wonka0 visitando so
49:54,2994,eh_o_leo,EH_O_LEO,engraçado,1.0,@sir_wonka0 Ferias de 2 semanas só
49:56,2996,neeovox,neeovox,neutro,1.0,Cheguei
49:57,2997,fefecab,Fefecab,engraçado,1.0,kkkkkkk
49:57,2997,alpharius_456,Alpharius_456,engraçado,1.0,kkkkkkkkkkk
49:59,2999,thrillerzs,thrillerzs,neutro,1.0,Preguiça dunada
49:59,2999,atereza01,atereza01,neutro,1.0,fofo ele
50:01,3001,ted_de_pijama,ted_de_pijama,engraçado,1.0,KKKKK
50:03,3003,ifryul,ifryul,engraçado,1.0,parece a lulu rindo
50:04,3004,vz_gold,vz_gold,confuso,1.0,"Oi gaijin, voltou pro Japão?"
50:05,3005,fnx_artz,fnx_artz,engraçado,1.0,Kkkkkkk
50:06,3006,hitori_w,hitOri_W,engraçado,1.0,risada good
50:10,3010,redwinepie,redwinepie,engraçado,1.0,Muahahahaah
50:11,3011,rezeile_zika,rezeile_zika,confuso,1.0,Ela comeu carne de palhaço ??
50:13,3013,carmeziin,carmeziin,engraçado,1.0,Ela tem a risada maligna do cebolinha KKKKKKKKKKKKK
50:13,3013,grayoden,Grayoden,neutro,1.0,@vcolt_ Algo entre 18 e 38
50:18,3018,thrillerzs,thrillerzs,neutro,1.0,Capibara
50:19,3019,paomofadoo_,paomofadoo_,engraçado,1.0,@carmeziin kkkkkkkkkkkkkkkkkkkkkkk
50:21,3021,natie_martins,natie_martins,neutro,1.0,"Não faço ideia, mas ela não é novinha não, só se porta como"
50:21,3021,hitori_w,hitOri_W,neutro,1.0,gasta 1 moeda ai
50:22,3022,atereza01,atereza01,neutro,1.0,pegue um gatinho
50:23,3023,andersondok,andersondok,confuso,1.0,"mano vdd, oq tu ta fazendo no JP seu puto"
50:25,3025,a_palavra_cabalistica_eh,凹凸凹凸凹凸凹凸凹凸凹,positivo,1.0,a capivara é braba cara
50:27,3027,lostcaco,LostCaco,neutro,1.0,@rezeile_zika suco de palhaço
50:29,3029,erickhsn,erickhsn,neutro,1.0,foi nesse dai q vc pegou o meu
50:37,3037,vcolt_,vcolt_,neutro,1.0,@Grayoden tentando entender o personagem
50:40,3040,unno2009,unno2009,neutro,1.0,esse aí é tu baka
50:40,3040,wesleykolomar_br,wesleykolomar_br,neutro,1.0,@andersondok live
50:42,3042,rezeile_zika,rezeile_zika,confuso,1.0,Foi oq ela disse
50:47,3047,neonwolf_1435,neonwolf_1435,neutro,1.0,´LÁ ELE
50:51,3051,lvmp008,lvmp008,confuso,1.0,é rerun?
50:52,3052,gustavo_todo,gustavo_todo,neutro,1.0,baka n ta acostumado com coisas grandes
50:53,3053,andersondok,andersondok,confuso,1.0,@wesleykolomar_br ele foi la so pra isso?
51:01,3061,jackppl,jackppl,neutro,1.0,Esse baka gajin que não faz mais live 4 da manha
51:08,3068,grayoden,Grayoden,neutro,1.0,Live ao vivo em tempo real diretamente de Fortaleza
51:11,3071,wesleykolomar_br,wesleykolomar_br,engraçado,1.0,@andersondok sim. turistando
51:21,3081,wandy_cdt,Wandy_CDT,neutro,1.0,XXL
51:24,3084,pope_francis_clone1,pope_francis_clone1,neutro,1.0,la ele
51:25,3085,rengako__,rengako__,neutro,1.0,o tal do baka gaijin é a mina ou o fumante
51:25,3085,renanzex10,RenanZex10,confuso,1.0,"Cheguei agora, ele foi preso por essa policial aí?"
51:28,3088,eh_o_leo,EH_O_LEO,confuso,1.0,"Ele faou que ia levar a mãe dele pra passear lá um dia, será que levou ?"
51:31,3091,paomofadoo_,paomofadoo_,engraçado,0.5,@Grayoden é fortaleza? parece muito Valéria - BA
51:32,3092,erickhsn,erickhsn,neutro,1.0,quando a foca gosta de ficar atissando
51:37,3097,redwinepie,redwinepie,neutro,1.0,Ele nunca vai sair dali
51:39,3099,alpharius_456,Alpharius_456,neutro,1.0,q gemido de fundo foi esse
51:41,3101,rezeile_zika,rezeile_zika,neutro,1.0,Ixi
51:41,3101,pope_francis_clone1,pope_francis_clone1,confuso,1.0,???????????
51:41,3101,tiodeivis,tiodeivis,confuso,1.0,parece ate rerun. faz quantos desde a ultima live com a julinha ?
51:41,3101,atereza01,atereza01,neutro,1.0,gordinho atiçando
51:43,3103,passarobllue,passarobllue,neutro,1.0,Se fosse de menor
51:44,3104,thrillerzs,thrillerzs,engraçado,1.0,A pose do cara kkkkkkkkkkkk
51:44,3104,pope_francis_clone1,pope_francis_clone1,neutro,1.0,taporra
51:45,3105,zenith_2xko,zenith_2xko,neutro,1.0,O CARA EMPINADO
51:46,3106,tobleroneopicional,tobleroneopicional,neutro,1.0,F
51:46,3106,negzus,Negzus,engraçado,1.0,kkkkkkkkkkkkkkkkkkkkkk
51:49,3109,gallack000,Gallack000,neutro,1.0,gallac5Sus
51:51,3111,pinkp0p_,PINKP0P_,engraçado,1.0,LUL
51:51,3111,sir_wonka0,sir_wonka0,confuso,1.0,Quantas lives o Braga ja vez agr no Japão?
51:52,3112,soudir_,soudir_,engraçado,1.0,Kkkkkkkkkkkkk
51:54,3114,hellsing0123,hellsing0123,engraçado,1.0,A POSE DO CARA KKKKKKKK
51:56,3116,aizenr6ss,aizenr6ss,engraçado,1.0,kkkkkkkkkk
51:56,3116,grayoden,Grayoden,neutro,1.0,@paomofadoo_ Talvez seja Anta Gorda - RS
51:57,3117,zenith_2xko,zenith_2xko,engraçado,1.0,KKKKKK
52:01,3121,lostcaco,LostCaco,engraçado,1.0,"""segura meu pau"" - ""eu tenho aqui"" kkkk"
52:03,3123,pulchram12,pulchram12,neutro,1.0,sushid17Hihi
52:06,3126,negzus,Negzus,engraçado,1.0,kkkkkkkkkkkkkk streamer diff
52:08,3128,wesleykolomar_br,wesleykolomar_br,neutro,1.0,olha
52:09,3129,lvmp008,lvmp008,confuso,1.0,então é rerun?
52:09,3129,paomofadoo_,paomofadoo_,neutro,1.0,oiii
52:09,3129,pamfras2006,pamfras2006,neutro,1.0,:)
52:09,3129,gustavo_todo,gustavo_todo,positivo,1.0,salve dog
52:09,3129,rapha_lee,rapha_lee,neutro,1.0,ó eu ali
52:10,3130,liiaay01,liiaay01,neutro,1.0,Oiii eu
52:11,3131,wandy_cdt,Wandy_CDT,confuso,1.0,Tem algo do Minecraft nessa máquina?
52:11,3131,tiodeivis,tiodeivis,neutro,1.0,oiee
52:12,3132,ordepenn,ordepenn,neutro,1.0,oi eu
52:12,3132,palhaco7,palhaco7,neutro,1.0,Oi pra mim mesmo
52:12,3132,hitori_w,hitOri_W,neutro,1.0,credo
52:13,3133,fnx_artz,fnx_artz,neutro,1.0,Aoba
52:13,3133,pisaoficial,PisaOficial,positivo,1.0,PokPikachu
52:15,3135,atereza01,atereza01,neutro,1.0,oiii
52:17,3137,paomofadoo_,paomofadoo_,neutro,1.0,af n deu tempo
52:18,3138,wesleykolomar_br,wesleykolomar_br,neutro,1.0,cade Eu
52:19,3139,danizitogm,DanizitoGM,neutro,1.0,tá traindo o xet dela
52:21,3141,pulchram12,pulchram12,neutro,1.0,BratChat
52:26,3146,pulchram12,pulchram12,engraçado,1.0,kkkkkkkkkk
52:28,3148,soudir_,soudir_,engraçado,1.0,KKKKKKKKKKKKKK
52:29,3149,jackppl,jackppl,engraçado,1.0,Kkkkkk
52:30,3150,loolzzx,loolzzx,engraçado,0.667,kkkkkkkkkk que isso
52:40,3160,fnx_artz,fnx_artz,neutro,1.0,Desumildo
52:43,3163,gustavo_todo,gustavo_todo,neutro,1.0,mto humildade mas nois te conhece baka
52:44,3164,pisaoficial,PisaOficial,neutro,1.0,databaseMhm
52:45,3165,fnx_artz,fnx_artz,engraçado,1.0,Kkkkkk
52:50,3170,hitori_w,hitOri_W,confuso,1.0,o baka fede? fala a true
52:51,3171,negzus,Negzus,engraçado,1.0,KKKKKKKKKKKKKKKKKKKKKKK
52:52,3172,annoyinger,Annoyinger,neutro,1.0,ele é desses
52:53,3173,gallack000,Gallack000,engraçado,1.0,kkkkkkkkkkkkkkkkkkkkkkkkk
52:54,3174,unno2009,unno2009,engraçado,1.0,fkkkkkkkkkkk
52:55,3175,darkspydio_,DARKSPYDIO_,neutro,1.0,O garro é nosso mestre
52:55,3175,paomofadoo_,paomofadoo_,engraçado,1.0,kkkkkkkk
52:55,3175,voidlyron,Voidlyron,engraçado,1.0,kkkkkkkkkkkkk
52:55,3175,sir_wonka0,sir_wonka0,neutro,1.0,Braga agr é miope akakakkakaka
52:56,3176,thrillerzs,thrillerzs,neutro,1.0,Disilmiude safado
52:57,3177,wesleykolomar_br,wesleykolomar_br,engraçado,1.0,kkkkkk
52:58,3178,allan_245,allan_245,engraçado,1.0,kkkkkkkkkkkkkkkkkkkkkkkk
52:58,3178,kaynpombao,kaynpombao,engraçado,1.0,kkkkkkkkkkkkkkkkkk
52:58,3178,paomofadoo_,paomofadoo_,neutro,1.0,palhaço
53:00,3180,redwinepie,redwinepie,neutro,1.0,Baka virou vovô
53:02,3182,natie_martins,natie_martins,neutro,1.0,P q mancada eu falando ela e ela lendo o chat
53:03,3183,liiaay01,liiaay01,neutro,1.0,Pega o palhaçooo
53:06,3186,gustavo_todo,gustavo_todo,neutro,1.0,tenho certeza q o baka é calvo
53:08,3188,grayoden,Grayoden,neutro,1.0,Baka tem cheiro de WD-40
53:08,3188,loolzzx,loolzzx,neutro,1.0,Baka tá bonitão de óculos
53:11,3191,fnx_artz,fnx_artz,neutro,1.0,Julinha safada secando as japa
53:14,3194,tiodeivis,tiodeivis,neutro,1.0,"olha os niveis dos personagens, baka é um NPC random do lado da julynha"
53:17,3197,erickhsn,erickhsn,neutro,1.0,expulsou
53:18,3198,naclarana,naclarana,confuso,1.0,"Galera, tô há uns meses sem ver as Live. Alguém pode me dizer se ele voltou a morar no Japão?"
53:18,3198,atereza01,atereza01,engraçado,1.0,kkkkkkkkkk
53:19,3199,annoyinger,Annoyinger,neutro,1.0,ela foi la feder pra expulsar os caras
53:20,3200,tobleroneopicional,tobleroneopicional,neutro,1.0,Baka fidido
53:24,3204,gustavo_todo,gustavo_todo,neutro,1.0,essa franja é para esconder a calvice baka
53:26,3206,loolzzx,loolzzx,neutro,1.0,@gustavo_todo achei que todo mundo soubesse
53:26,3206,pope_francis_clone1,pope_francis_clone1,neutro,1.0,queiisso
53:27,3207,paomofadoo_,paomofadoo_,engraçado,1.0,kkkkkkkkkkkkkkkkkkkkkkkkkkkk
53:28,3208,wandy_cdt,Wandy_CDT,neutro,1.0,Calma ae
53:29,3209,sir_wonka0,sir_wonka0,neutro,1.0,@redwinepie A coluna em V é a prova disso
53:30,3210,utsuki133,utsuki133,engraçado,1.0,kkkkkkkkkkkkk
53:30,3210,ayanmelo,ayanmelo,engraçado,1.0,kkkkkkkkkkkkkk
53:31,3211,dnzinn5_,dnzinn5_,positivo,1.0,E melhor deixar a câmera com ela
53:31,3211,pope_francis_clone1,pope_francis_clone1,neutro,1.0,aura
53:31,3211,raianwz,RaianWZ,neutro,1.0,oajsiuahsuasuas
53:32,3212,kaynpombao,kaynpombao,engraçado,1.0,kkkkkkkkkkkkkkkkkkk
53:33,3213,pacziiin,pacziiin,engraçado,1.0,Kkkkkjjjjj
53:33,3213,zenith_2xko,zenith_2xko,neutro,1.0,KK
53:34,3214,redwinepie,redwinepie,confuso,1.0,Motel ?
53:34,3214,riiyuji,Riiyuji,engraçado,1.0,kkkkkkkkkkkkk
53:35,3215,aizenr6ss,aizenr6ss,engraçado,1.0,kkkkkkkkk
53:36,3216,rapha_lee,rapha_lee,neutro,1.0,farmou aura perto
53:37,3217,tobleroneopicional,tobleroneopicional,neutro,1.0,KAKAAKAAKAKAKAKAKAKAAKAKAKAKAKAK
53:38,3218,gallack000,Gallack000,engraçado,1.0,kkkkkkkkkkkkkkkkkkkkk
53:40,3220,paomofadoo_,paomofadoo_,neutro,1.0,expulsou com a aura
53:42,3222,kisekiih,kisekiih,neutro,1.0,kisekiih watched 3 consecutive streams and sparked a watch streak!
53:43,3223,palhaco7,palhaco7,neutro,1.0,A aura dela assustou os caba
53:44,3224,aminoacido,Aminoacido,neutro,1.0,quebrou o clima do casal coitados
53:45,3225,alpharius_456,Alpharius_456,engraçado,1.0,q brisa é essa lkkkkk
53:46,3226,nando_wk,nando_wk,neutro,1.0,baka de oculos é degustavel
53:47,3227,erickhsn,erickhsn,neutro,1.0,expulsou com aura
53:51,3231,guizindodhfreehide,guizindodhfreehide,neutro,1.0,aqui não é motel kakakakakkaka
53:55,3235,raianwz,RaianWZ,neutro,1.0,mogou eles
53:56,3236,pisaoficial,PisaOficial,neutro,1.0,NotLikeThis
53:57,3237,theusmaconha,theusmaconha,neutro,1.0,capivaa
54:00,3240,xrestrito,xrestrito,neutro,1.0,let him cock
54:01,3241,pope_francis_clone1,pope_francis_clone1,neutro,1.0,deixapo pai
54:01,3241,paomofadoo_,paomofadoo_,engraçado,1.0,kkkkkkkkkkkkk
54:02,3242,voidlyron,Voidlyron,engraçado,1.0,kkkkkkkkkkkkk
54:02,3242,gato_de_patins,gato_de_patins,engraçado,1.0,kkkkkkkkkkkkkkk
54:02,3242,vz_gold,vz_gold,neutro,1.0,Gaijin vai pegar agora
54:03,3243,fnx_artz,fnx_artz,engraçado,1.0,Kkkkkk
54:04,3244,biamzand,biamzand,engraçado,1.0,kkkkkkkkkkkkkkkkkkkkkk
54:04,3244,riperoso,Riperoso,neutro,1.0,o caba cagando
54:04,3244,wesleykolomar_br,wesleykolomar_br,engraçado,1.0,kkkkkkkkkkkkkkk
54:04,3244,thrillerzs,thrillerzs,engraçado,1.0,Doke kisamas kkkk
54:05,3245,aizenr6ss,aizenr6ss,engraçado,1.0,kkkkkkkkkkkkkkkkkkkkkkkk
54:06,3246,fnaticpe,fnaticpe,engraçado,1.0,kkkkkkkkkk
54:06,3246,grayoden,Grayoden,neutro,1.0,Aurou farma
54:08,3248,hellsing0123,hellsing0123,neutro,1.0,parece um russo pegando bixhinho
54:09,3249,user1337,user1337,engraçado,1.0,Risada do cebolinha
54:09,3249,eh_o_leo,EH_O_LEO,neutro,1.0,tá gordo
54:10,3250,andre_wubba_lubba_dub_dub,andre_wubba_lubba_dub_dub,confuso,1.0,o Baka voltou pro Japão de vez?
54:10,3250,liiaay01,liiaay01,engraçado,1.0,KKKKKKKKKK
54:10,3250,a_palavra_cabalistica_eh,凹凸凹凸凹凸凹凸凹凸凹,engraçado,1.0,olha o drip do cara kkkkkk
54:11,3251,pamfras2006,pamfras2006,neutro,1.0,Essas máquina é roubada
54:12,3252,sir_wonka0,sir_wonka0,neutro,1.0,Braga ta uma tchutchukinha
54:12,3252,lanadka,Lanadka,confuso,1.0,Pra que jogar bola na mavi? Arroganty
54:12,3252,inf3rn4l666,inf3rn4l666,engraçado,1.0,Kkkkk
54:13,3253,riperoso,Riperoso,neutro,1.0,Eita
54:14,3254,tobleroneopicional,tobleroneopicional,neutro,1.0,O profissional
54:17,3257,codinomepru,codinomepru,neutro,1.0,Que flexibilidade
54:17,3257,rogersouzzza,Rogersouzzza,engraçado,1.0,kkkkkkkkk
54:17,3257,erickhsn,erickhsn,neutro,1.0,que mobilidade
54:19,3259,atereza01,atereza01,neutro,1.0,cagando no mato
54:19,3259,xenohfanes,xenohfanes,engraçado,1.0,A julynha é o completo oposto do baka e ele fica mto fora da zona de conforto hahahahah
54:19,3259,sir_wonka0,sir_wonka0,neutro,1.0,É dento
54:20,3260,fnaticpe,fnaticpe,neutro,1.0,engual
54:20,3260,sweet_lou_,Sweet_Lou_,neutro,1.0,formou aurea
54:20,3260,gustavo_todo,gustavo_todo,neutro,1.0,agachando direitinho hein dog
54:20,3260,annoyinger,Annoyinger,neutro,1.0,é o squat slavo
54:21,3261,pinkp0p_,PINKP0P_,engraçado,1.0,LUL
54:22,3262,hitori_w,hitOri_W,neutro,1.0,squat
54:23,3263,thrillerzs,thrillerzs,neutro,1.0,Ta Incurtado o tornozelo
54:24,3264,kthyosu,kthyosu,neutro,1.0,hemorroida
54:24,3264,palhaco7,palhaco7,engraçado,1.0,Kkkkkkk
54:25,3265,tobleroneopicional,tobleroneopicional,neutro,1.0,IXIIIIII KAKAKAKAAKA
54:25,3265,liiaay01,liiaay01,neutro,1.0,parece mesmo
54:26,3266,marcosssantoro,MarcossSantoro,engraçado,1.0,Depois não levanta mais kkk
54:27,3267,dnzinn5_,dnzinn5_,engraçado,1.0,Kkkkkkkkkkkkkkkkkkkkkkkkkkk
54:27,3267,pope_francis_clone1,pope_francis_clone1,neutro,1.0,crlh
54:29,3269,morisleepy,morisleepy,neutro,1.0,O pensador
54:29,3269,zenith_2xko,zenith_2xko,engraçado,1.0,KKKKK
54:31,3271,biamzand,biamzand,neutro,1.0,hes cooking
54:31,3271,hughestw,hughestw,neutro,1.0,russogaijin
54:32,3272,voidlyron,Voidlyron,neutro,1.0,vdd
54:32,3272,ayanmelo,ayanmelo,neutro,1.0,pose pra sentar lentinho
54:33,3273,vz_gold,vz_gold,neutro,1.0,pjlobiDancebaby
54:33,3273,chriscod016,chriscod016,engraçado,1.0,oloko olha essa flexibilidade kkkkkkkkkkkkkkkkkkkkkkkkkkkkkkkk
54:34,3274,riperoso,Riperoso,neutro,1.0,Dps é 3 hrs deitado
54:35,3275,grayoden,Grayoden,neutro,1.0,Squat do calvo
54:36,3276,palhaco7,palhaco7,neutro,1.0,Ele tá think
54:38,3278,aizenr6ss,aizenr6ss,engraçado,1.0,kkkkkkkkk grande homem
54:39,3279,luukzits,luukzits,engraçado,1.0,KKKKKKKKKKKKKKKKK
54:40,3280,negzus,Negzus,positivo,1.0,krl q live boa
54:41,3281,atereza01,atereza01,neutro,1.0,reflexões fofas
54:41,3281,rogersouzzza,Rogersouzzza,engraçado,1.0,Olha a técnica do mestre kkkk
54:42,3282,negzus,Negzus,engraçado,1.0,kkkkkkkkkkkk
54:43,3283,wesleykolomar_br,wesleykolomar_br,neutro,1.0,tá acostumado ficar assim né baka
54:43,3283,loolzzx,loolzzx,neutro,1.0,"travou ali ó, não volta mais de pé"
54:44,3284,atereza01,atereza01,positivo,1.0,fodas
54:44,3284,jackppl,jackppl,neutro,1.0,Aura -100
54:46,3286,matheuzin_55,matheuzin_55,engraçado,1.0,kkkkkkkkkk
54:46,3286,fnaticpe,fnaticpe,neutro,1.0,ixi
54:47,3287,garibalds,garibalds,engraçado,1.0,é muita aura pra quem parece que tá cagando kkkkkkk
54:49,3289,mateus_ricci,Mateus_Ricci,confuso,1.0,Voltou para o Japão?
54:49,3289,luxnis_,luxnis_,neutro,1.0,perdeu aura
54:49,3289,voidlyron,Voidlyron,neutro,1.0,aaaaa
54:50,3290,marcosssantoro,MarcossSantoro,engraçado,0.667,Horrível kkkk
54:53,3293,thrillerzs,thrillerzs,engraçado,1.0,kkkkkkk oloko fez carinho na cabeça
54:54,3294,tobleroneopicional,tobleroneopicional,neutro,1.0,AURA -999999999
54:54,3294,lokky_sc,lokky_sc,engraçado,1.0,oia a habilidade do homi kkkkkkk
54:55,3295,hitori_w,hitOri_W,neutro,1.0,-1000 aura
54:57,3297,grayoden,Grayoden,engraçado,1.0,Carinho na cabeça com compartilhamento de paus wtf
54:58,3298,pope_francis_clone1,pope_francis_clone1,engraçado,0.5,carinho na cabeça ? la ele
55:00,3300,luukzits,luukzits,neutro,1.0,pega oo outro
55:06,3306,ordepenn,ordepenn,engraçado,1.0,"""tu so fez carinho na cabeca"" kkkkkkkkk"
55:10,3310,a_palavra_cabalistica_eh,凹凸凹凸凹凸凹凸凹凸凹,neutro,1.0,dois leigo
55:16,3316,naclarana,naclarana,confuso,1.0,Baka voltou a morar no Japão?
55:17,3317,loolzzx,loolzzx,neutro,1.0,farmando aura
55:20,3320,uniduni2327,UniDuni2327,engraçado,1.0,UniDuni2327 subscribed at Tier 1. They've subscribed for 3 months! presente pro rei da fimose
55:21,3321,sumidoperdido,sumidoperdido,confuso,1.0,ué ele nao tinha voltado pro br?
55:22,3322,sixkush,SixKush,neutro,1.0,"maior roubo de dinheiro essas maquinas, em todo canto do mundo"
55:23,3323,tobleroneopicional,tobleroneopicional,neutro,1.0,Bora bakaaaaaa
55:27,3327,palhaco7,palhaco7,neutro,1.0,Ragebait
55:28,3328,pulchram12,pulchram12,neutro,1.0,@naclarana Nao
55:28,3328,redwinepie,redwinepie,neutro,1.0,Troll demais
55:29,3329,alpharius_456,Alpharius_456,engraçado,1.0,nem queria smsm
55:38,3338,vz_gold,vz_gold,engraçado,1.0,Máquina rouba dinheiro LUL LUL LUL
55:41,3341,lancelot_darc,lancelot_darc,neutro,1.0,com certeza maquina manipulada igual as do Brasil
55:42,3342,passarobllue,passarobllue,neutro,1.0,O BAKA TA PARECENDO O VITOR GEMAPLYS
55:45,3345,carlinhs_,carlinhs_,neutro,1.0,mogado pela maquina
55:49,3349,redwinepie,redwinepie,neutro,1.0,Ashe mid
55:52,3352,aizenr6ss,aizenr6ss,neutro,1.0,scamado
55:53,3353,wesleykolomar_br,wesleykolomar_br,neutro,1.0,mogado
55:53,3353,danizitogm,DanizitoGM,neutro,1.0,scam
55:56,3356,atereza01,atereza01,negativo,1.0,flop
55:57,3357,marcosssantoro,MarcossSantoro,engraçado,1.0,Kkkk
55:59,3359,pinkp0p_,PINKP0P_,engraçado,1.0,LUL
56:00,3360,riperoso,Riperoso,neutro,1.0,A era das maquinas começou
56:02,3362,pulchram12,pulchram12,neutro,1.0,CaitThinking
56:03,3363,willmdrs,WillMDRS,neutro,1.0,scamados
56:03,3363,liiaay01,liiaay01,engraçado,1.0,tem que ir em outra kkkkkk
56:04,3364,thrillerzs,thrillerzs,confuso,1.0,Que roubo da misera essa garra
56:05,3365,loolzzx,loolzzx,engraçado,1.0,MOGGADO KKKKKKKK
56:08,3368,mateus_ricci,Mateus_Ricci,confuso,1.0,Voltou a morar no Japão?
56:09,3369,pope_francis_clone1,pope_francis_clone1,neutro,1.0,ta viciada
56:11,3371,gallack000,Gallack000,neutro,1.0,QUASE
56:12,3372,pope_francis_clone1,pope_francis_clone1,neutro,1.0,taporra
56:12,3372,lansabraba_mouse,LansaBraba_Mouse,engraçado,1.0,esses becos no Japão são diferenciados LUL
56:14,3374,fnaticpe,fnaticpe,engraçado,1.0,kkkkk
56:19,3379,pulchram12,pulchram12,engraçado,1.0,Kkkkkkkk
56:20,3380,nexus_jp,nexus_jp,engraçado,1.0,KKKKKKKKKKKKKK
56:21,3381,1alvarin,1alvarin,neutro,1.0,Tem um rolê q a garra pega mais forte se você deixar o tempo acabar
56:21,3381,grayoden,Grayoden,engraçado,1.0,Kkkkkkkkkkkkk
56:22,3382,annoyinger,Annoyinger,neutro,1.0,strangulo a bixinha
56:22,3382,gallack000,Gallack000,neutro,1.0,Tem q ser na cabeça
56:22,3382,gato_de_patins,gato_de_patins,engraçado,1.0,kkkkkkkkkkk
56:23,3383,fnaticpe,fnaticpe,engraçado,1.0,kkkkkkkk
56:23,3383,rogersouzzza,Rogersouzzza,engraçado,1.0,kkkkkk
56:25,3385,o_cyb3r,O_CYB3R,engraçado,1.0,KKKKKKKKKKkk
56:26,3386,loolzzx,loolzzx,neutro,1.0,enfia a mão lá dentro
56:26,3386,unapologetic_dog,unapologetic_dog,neutro,1.0,É a lisada do cebolinha
56:26,3386,reis_bohnen,reis_bohnen,engraçado,1.0,kkkk
56:26,3386,pisaoficial,PisaOficial,neutro,1.0,HeyHeyGuys HeyHeyGuys
56:27,3387,jackppl,jackppl,engraçado,1.0,Kkkkkkkkkkkkk
56:27,3387,andre_candido,aNDRe_CaNDiDo,neutro,1.0,ate travou a live
56:28,3388,pulchram12,pulchram12,engraçado,1.0,kkkkkkkkkkkkkkkkkkkkkk
56:29,3389,isaac17,isaac17,engraçado,1.0,kkkkkkkkkkk
56:29,3389,chriscod016,chriscod016,engraçado,1.0,kkkkkkkkkkkkkkkkkkkkkkkkkkkk que vergonha
56:30,3390,candrew___,Candrew___,engraçado,1.0,O cara olhando kkkkk
56:30,3390,thrillerzs,thrillerzs,engraçado,1.0,KKKKKKKKKK cara olhando ela
56:31,3391,unno2009,unno2009,engraçado,1.0,a cara do japakjkkk
56:32,3392,edubuscador,edubuscador,neutro,1.0,Sunimasennnnn
56:32,3392,marcosssantoro,MarcossSantoro,engraçado,1.0,Quaseekkkk
56:32,3392,liiaay01,liiaay01,engraçado,1.0,O japa olhando KKKKkk
56:33,3393,italoooowd,italoooowd,engraçado,1.0,O cara kkkkkkkkkkkkk
56:34,3394,lk_luizz,lk_luizz,neutro,1.0,me leva pro jp que eu rapo essas maquina ai
56:34,3394,lancelot_darc,lancelot_darc,neutro,1.0,beco do gacha
56:35,3395,fnaticpe,fnaticpe,neutro,1.0,k
56:35,3395,carlinhs_,carlinhs_,engraçado,1.0,kkkkkkkkkkk
56:36,3396,zenith_2xko,zenith_2xko,engraçado,1.0,KKKKKK
56:37,3397,paomofadoo_,paomofadoo_,engraçado,1.0,kkkkkkkkkkk
56:37,3397,lucian2_,lucian2_,engraçado,1.0,Eu vou embora hein kkkkkkkkkk
56:37,3397,wesleyp2p,wesleyp2p,engraçado,1.0,Ela é muito escandalosa KKKKKK
56:37,3397,riperoso,Riperoso,neutro,1.0,deixou foi mais longe
56:37,3397,kazuyamishima4,kazuyamishima4,engraçado,1.0,Kkkkkkkkkkkkkkkkk
56:39,3399,xablitera,xablitera,engraçado,1.0,n acredito primeira vez na live do BAKA!!!!!!!!!!!!
56:39,3399,chriscod016,chriscod016,engraçado,1.0,kkkkkkkkkkkkkkkkk
56:40,3400,atereza01,atereza01,neutro,1.0,ne case
56:40,3400,loolzzx,loolzzx,neutro,1.0,o cara in shock
56:40,3400,pisaoficial,PisaOficial,engraçado,1.0,kkkkkkkkkkkkkkkkkkkkkkkkkk
56:40,3400,pope_francis_clone1,pope_francis_clone1,engraçado,1.0,"o japa ""gringo da porra """
56:41,3401,nando_wk,nando_wk,engraçado,0.667,o japa olhando com olhar de desgosto kkkkkkkkkkk
56:42,3402,pulchram12,pulchram12,engraçado,1.0,kkkkkkkkkkkk
56:42,3402,wiltzzzzzz,wiltzzzzzz,engraçado,1.0,o cara do lado assustado kkk
56:44,3404,tobleroneopicional,tobleroneopicional,neutro,1.0,O japa olhando kakakaakakakakakaak
56:45,3405,thrillerzs,thrillerzs,positivo,0.5,Vamos combinar a descrição e a elegancia
56:45,3405,danizitogm,DanizitoGM,neutro,1.0,o japa tá julgando
56:46,3406,gsaimons,GSaimons,engraçado,1.0,O baka morrendo de vergonha kkkkk
56:47,3407,alpharius_456,Alpharius_456,engraçado,1.0,ele morrendo de vergonha kkkkkkkkkkk
56:49,3409,italoooowd,italoooowd,confuso,1.0,@lk_luizz Vai assaltar?
56:53,3413,fnaticpe,fnaticpe,neutro,1.0,F
56:54,3414,cezarbtw,cezarbtw,neutro,1.0,ihh
56:56,3416,luukzits,luukzits,neutro,1.0,VAI PERDER TUDO
56:56,3416,lostcaco,LostCaco,neutro,1.0,a etiqueta não deixa
56:56,3416,liiaay01,liiaay01,neutro,1.0,Viciou já
56:57,3417,carlinhs_,carlinhs_,neutro,1.0,viciou
56:58,3418,negzus,Negzus,engraçado,1.0,kkkkkkkkkkkkkkkkkkkkkkkkkkk
57:00,3420,redwinepie,redwinepie,neutro,1.0,Tsunade
57:00,3420,carlinhs_,carlinhs_,engraçado,1.0,horario bugado
57:02,3422,mcronaldsfeliz,McRonaldsFeliz,engraçado,0.5,Vicio em apostas é triste
57:02,3422,loolzzx,loolzzx,positivo,0.5,melhor máquina de pelúcia do que bet
57:03,3423,riperoso,Riperoso,neutro,1.0,Hiperfoco bateu
57:04,3424,unno2009,unno2009,neutro,1.0,ixi
57:04,3424,grayoden,Grayoden,engraçado,1.0,Kkkkkkkkkkkkk
57:05,3425,fnaticpe,fnaticpe,neutro,1.0,:O
57:05,3425,gallack000,Gallack000,neutro,1.0,KRL É PRO
57:06,3426,ayanmelo,ayanmelo,neutro,1.0,virou pessoal
57:07,3427,isaac17,isaac17,engraçado,1.0,kkkkkkkkkkkkkkkkkk
57:08,3428,wesleykolomar_br,wesleykolomar_br,neutro,1.0,caiu no vicio
57:09,3429,edubuscador,edubuscador,engraçado,1.0,kkkkkk
57:09,3429,vandeeeeer,vandeeeeer,neutro,1.0,crl
57:10,3430,zenith_2xko,zenith_2xko,neutro,1.0,ta pórra
57:11,3431,zkote28,zkote28,engraçado,1.0,kkkkkkkkkkkkkkkkkkkkkk
57:11,3431,vandeeeeer,vandeeeeer,engraçado,1.0,kkkkkkkkkk
57:12,3432,fnaticpe,fnaticpe,neutro,1.0,GG
57:14,3434,negzus,Negzus,neutro,1.0,KRL
57:14,3434,dalton_tw,Dalton_TW,neutro,1.0,QQQQQ
57:15,3435,atereza01,atereza01,neutro,1.0,osss
57:15,3435,luukzits,luukzits,engraçado,1.0,KKKKKKKKKKKKKKKKKKK
57:15,3435,carlinhs_,carlinhs_,neutro,1.0,KRL
57:15,3435,lokky_sc,lokky_sc,neutro,1.0,caiu na jogada da capybara
57:15,3435,sawdzin,SawdZin,neutro,1.0,krl
57:15,3435,herautuz,herautuz,neutro,1.0,nem fudendo
57:15,3435,gallack000,Gallack000,neutro,1.0,MANOOOOOOOOOOOOO
57:15,3435,gato_de_patins,gato_de_patins,neutro,1.0,nem fodendo
57:15,3435,edubuscador,edubuscador,neutro,1.0,eitaaaaaaaaaa
57:15,3435,ana_mand,ana_mand,confuso,1.0,Quem é essa menina?
57:15,3435,rapha_lee,rapha_lee,neutro,1.0,CARALHO
57:15,3435,spece123wq,spece123wq,confuso,1.0,já gastou oq ganhou na live
57:15,3435,negzus,Negzus,engraçado,1.0,KKKKKKKKKKKKKKKK
57:16,3436,nando_wk,nando_wk,neutro,1.0,carai
57:16,3436,allan_245,allan_245,neutro,1.0,xitada
57:16,3436,a_palavra_cabalistica_eh,凹凸凹凸凹凸凹凸凹凸凹,engraçado,0.667,pqp kkkkkkkkkkkkkk
57:16,3436,heartonlyheart,HeartOnlyHeart,engraçado,1.0,Kkkkkkkkkkkkkkkkk
57:16,3436,sixkush,SixKush,engraçado,1.0,NEM FUDENDO KKKKKKKKKKKKK
57:17,3437,lanadka,Lanadka,engraçado,1.0,Kkkkkkkkkkkkkkkkkkk oloko
57:17,3437,zkote28,zkote28,neutro,1.0,krlllllllllllllllllllll
57:17,3437,paomofadoo_,paomofadoo_,neutro,1.0,ggg porra
57:17,3437,dalton_tw,Dalton_TW,neutro,1.0,xiter
57:17,3437,peterdcn,peterdcn,neutro,1.0,farmou demais
57:17,3437,clyttex,clyttex,neutro,1.0,GG
57:18,3438,candrew___,Candrew___,engraçado,1.0,Krl kkkkkk
57:18,3438,zenith_2xko,zenith_2xko,engraçado,1.0,kkkkkk
57:18,3438,alpharius_456,Alpharius_456,engraçado,1.0,KKKKKKKKKKKKKKKKKK
57:18,3438,pisaoficial,PisaOficial,neutro,1.0,krl
57:18,3438,wesleykolomar_br,wesleykolomar_br,engraçado,1.0,kkkkkkkkkkkkkkkkkkkk
57:18,3438,pulchram12,pulchram12,neutro,1.0,GG
57:18,3438,lokky_sc,lokky_sc,neutro,1.0,GG
57:18,3438,o_cyb3r,O_CYB3R,engraçado,1.0,Nem fodendo KKKKKKKKKKK
57:19,3439,andre_candido,aNDRe_CaNDiDo,neutro,1.0,ai caraiii
57:19,3439,lapsos01,Lapsos01,neutro,1.0,hack
57:19,3439,negzus,Negzus,neutro,1.0,TAPORRA
57:19,3439,lrsf2,LRSF2,neutro,1.0,pro pleier
57:19,3439,matheuusss10,matheuusss10,positivo,1.0,GoatEmotey GoatEmotey
57:19,3439,rogersouzzza,Rogersouzzza,engraçado,1.0,kkkkkkkkkk
57:19,3439,idley1,Idley1,positivo,1.0,sifoda
57:20,3440,fliesbynight,FliesByNight,engraçado,1.0,KKKKKKKKKKKKKKKKKKKKKKKKKKKKKKKKK
57:20,3440,eh_o_leo,EH_O_LEO,neutro,1.0,GOD
57:20,3440,cezarbtw,cezarbtw,neutro,1.0,ta porraa
57:20,3440,alexom_303,alexom_303,neutro,1.0,OLOCO
57:20,3440,lucdms,lucdms,neutro,1.0,gg
57:20,3440,unapologetic_dog,unapologetic_dog,neutro,1.0,Profissional
57:21,3441,pisaoficial,PisaOficial,neutro,1.0,fala dela
57:21,3441,matheuzin_55,matheuzin_55,neutro,1.0,gg gênia
57:21,3441,chriscod016,chriscod016,neutro,1.0,GG
57:21,3441,pope_francis_clone1,pope_francis_clone1,neutro,1.0,TAPORRAAAAAAAAAAA
57:21,3441,negzus,Negzus,engraçado,1.0,KKKKKKKKKKKKKKKK
57:22,3442,xrestrito,xrestrito,neutro,1.0,foi ownado agr
57:22,3442,ozooby,Ozooby,engraçado,1.0,kkkkkkkkkkkkkkkkkkkkkk
57:22,3442,annoyinger,Annoyinger,neutro,1.0,jogo mt
57:22,3442,kegann999,Kegann999,engraçado,1.0,crl KKKKKKKKKKKKKK
57:22,3442,pinkp0p_,PINKP0P_,neutro,1.0,stolenGG
57:22,3442,lostcaco,LostCaco,neutro,1.0,humilhou o Baka
57:24,3444,dxpthhr,dxpthhr,neutro,1.0,OLOCOOO
57:24,3444,coolmelado,coolmelado,neutro,1.0,Kharaaaalhhhoooo
57:24,3444,pamfras2006,pamfras2006,engraçado,1.0,Kkkkkkkk pegou
57:24,3444,miqueslift,Miqueslift,neutro,1.0,FENOMENO
57:24,3444,liiaay01,liiaay01,engraçado,0.667,Que isso Kkkkkkk não acredito
57:24,3444,aizenr6ss,aizenr6ss,neutro,1.0,farmou aura
57:24,3444,paomofadoo_,paomofadoo_,neutro,1.0,fala dela porraaaa
57:24,3444,marcosssantoro,MarcossSantoro,engraçado,0.667,Genial kkkkk
57:24,3444,jackppl,jackppl,engraçado,1.0,Kkkkkkkkkkkkk
57:25,3445,carlinhs_,carlinhs_,inspirado,1.0,APRENDE AI BAKA
57:25,3445,gallack000,Gallack000,neutro,1.0,É PRO PLAYER
57:25,3445,soudir_,soudir_,engraçado,1.0,CARALHO KKKKKKKKKKKKK
57:25,3445,fnaticpe,fnaticpe,neutro,1.0,GENIA
57:25,3445,alexom_303,alexom_303,engraçado,1.0,KKKKKKKKKKKKKKKKKKKK
57:25,3445,bronojoga,bronojoga,neutro,1.0,TAPORRA
57:26,3446,luukzits,luukzits,neutro,1.0,SKILL DO CRL
57:26,3446,clyttex,clyttex,inspirado,1.0,APRENDE AI SEU NOOB
57:26,3446,eh_o_leo,EH_O_LEO,neutro,1.0,GOD DEMAIS
57:26,3446,bhrayan77,Bhrayan77,engraçado,1.0,mds kkkkkkkkkkkk
57:26,3446,pulchram12,pulchram12,engraçado,1.0,KKKKKKKKKKKKKKK W JULYNHA
57:26,3446,riperoso,Riperoso,neutro,1.0,moggado pela julynha
57:27,3447,a_palavra_cabalistica_eh,凹凸凹凸凹凸凹凸凹凸凹,engraçado,1.0,meu amigo aula kkkkk
57:27,3447,thrillerzs,thrillerzs,engraçado,1.0,KKKKKKKKKKKKK caraio ela meteu o combo proibido
57:27,3447,lokky_sc,lokky_sc,neutro,1.0,CAPYBARA
57:27,3447,utsuki133,utsuki133,neutro,1.0,krl
57:28,3448,atereza01,atereza01,positivo,1.0,oloco foda
57:28,3448,pinkp0p_,PINKP0P_,neutro,1.0,annana2GG
57:29,3449,loolzzx,loolzzx,neutro,1.0,+1000 de aura
57:30,3450,lancelot_darc,lancelot_darc,neutro,1.0,ganho no 50/50
57:30,3450,rofefps,Rofefps,neutro,1.0,Ta de hack
57:31,3451,coolmelado,coolmelado,neutro,1.0,MUITO PRÓ
57:31,3451,zenith_2xko,zenith_2xko,engraçado,1.0,lkkkkkkk
57:31,3451,inf3rn4l666,inf3rn4l666,neutro,1.0,GG
57:32,3452,grayoden,Grayoden,positivo,1.0,Baka está orgulhoso da filha
57:34,3454,redwinepie,redwinepie,confuso,1.0,???????????
57:35,3455,fliesbynight,FliesByNight,neutro,1.0,ativou o hack
57:36,3456,pinkp0p_,PINKP0P_,neutro,1.0,stolenGG
57:36,3456,jabberwocky_x,jabberwocky_x,confuso,1.0,Que diagnóstico ela tem?
57:37,3457,soudir_,soudir_,engraçado,1.0,jogou muito kkkkkkkkkkkk
57:38,3458,andre_candido,aNDRe_CaNDiDo,neutro,1.0,aceita carai
57:38,3458,sumidoperdido,sumidoperdido,neutro,1.0,Profissional de gacha
57:38,3458,wesleykolomar_br,wesleykolomar_br,neutro,1.0,leva pra mim
57:39,3459,thrillerzs,thrillerzs,neutro,1.0,Farmou agora em
57:39,3459,tobleroneopicional,tobleroneopicional,neutro,1.0,GG +9999999999999999 AURA
57:39,3459,morisleepy,morisleepy,neutro,1.0,Mitou
57:40,3460,user1337,user1337,neutro,1.0,+1000 aura
57:41,3461,lostcaco,LostCaco,neutro,1.0,Baka humilhado
57:44,3464,andre_candido,aNDRe_CaNDiDo,neutro,1.0,hoje vai ter
57:47,3467,paomofadoo_,paomofadoo_,neutro,1.0,é uma verruga
57:48,3468,ayanmelo,ayanmelo,neutro,1.0,espinha
57:49,3469,gato_de_patins,gato_de_patins,neutro,1.0,é um galo de tanto apanhar
57:52,3472,passarobllue,passarobllue,neutro,1.0,Um tumor
57:53,3473,himajindesuu,himajindesuu,neutro,1.0,Farmou mto
57:55,3475,alpharius_456,Alpharius_456,neutro,1.0,uma bolinha vermelha
57:57,3477,markxdc,MarkxDC,neutro,1.0,B b. Nm m n.  v
57:57,3477,liiaay01,liiaay01,neutro,1.0,Profissional demais
58:02,3482,phaantomlord,PhaantomLord,engraçado,1.0,Pokemon curitibano
58:10,3490,redwinepie,redwinepie,positivo,1.0,Não valeu
58:17,3497,markxdc,MarkxDC,neutro,1.0,N b. B m
58:18,3498,packves,Packves,engraçado,1.0,Packves subscribed with Prime.
58:23,3503,carlinhs_,carlinhs_,neutro,1.0,k
58:27,3507,gallack000,Gallack000,engraçado,1.0,KKKKKKKKKKKKKKKKKK
58:36,3516,tobleroneopicional,tobleroneopicional,neutro,1.0,Bora baka farma aura
58:36,3516,pulchram12,pulchram12,engraçado,1.0,Kkkkkkkk
58:40,3520,carlinhs_,carlinhs_,neutro,1.0,nt
58:41,3521,lostcaco,LostCaco,engraçado,1.0,Baka humilhado 2x kkk
58:41,3521,fnaticpe,fnaticpe,neutro,1.0,+1
58:42,3522,liiaay01,liiaay01,neutro,1.0,Aiiii quase
58:44,3524,annoyinger,Annoyinger,neutro,1.0,fico ca budinha na tela
58:44,3524,carlinhs_,carlinhs_,neutro,1.0,+1
58:44,3524,riperoso,Riperoso,neutro,1.0,mostra a dominancia
58:45,3525,grayoden,Grayoden,neutro,1.0,bakagaWetsumo
58:47,3527,bronojoga,bronojoga,engraçado,1.0,OMEGALUL
58:48,3528,matheuusss10,matheuusss10,engraçado,1.0,LUL LUL
58:50,3530,pulchram12,pulchram12,engraçado,1.0,kkkkkkkkkk
58:51,3531,unno2009,unno2009,engraçado,1.0,kkkkkkkkkkkk
58:52,3532,isaac17,isaac17,engraçado,1.0,kkkkkkkkkkkkkkkkk
58:52,3532,lanadka,Lanadka,engraçado,1.0,Q azar kkkkkkkkk
58:53,3533,willmdrs,WillMDRS,neutro,1.0,que
58:54,3534,annoyinger,Annoyinger,neutro,1.0,é o baka mesmo
58:55,3535,reis_bohnen,reis_bohnen,positivo,1.0,vamo nessa
58:56,3536,user1337,user1337,engraçado,1.0,LUL LUL
58:56,3536,alpharius_456,Alpharius_456,neutro,1.0,esse é TU
58:57,3537,fliesbynight,FliesByNight,engraçado,1.0,"""esse é tu"" kkkkkkkkkkk"
58:58,3538,luukzits,luukzits,neutro,1.0,SEGURA MEU PAU
58:58,3538,sylv_vtbr,sylv_vtbr,confuso,1.0,SEGURAR ONDE???
58:58,3538,allan_245,allan_245,confuso,1.0,segura no que ?????????
58:58,3538,alexom_303,alexom_303,engraçado,1.0,KKKKKKKKKKK
58:59,3539,riperoso,Riperoso,confuso,1.0,segura no meu pau?
58:59,3539,grayoden,Grayoden,neutro,1.0,Tem paus demais pra segurar
58:59,3539,lrsf2,LRSF2,confuso,1.0,q?
59:00,3540,a_palavra_cabalistica_eh,凹凸凹凸凹凸凹凸凹凸凹,engraçado,1.0,que situação kkkkk
59:00,3540,pristonfield,Pristonfield,neutro,1.0,Q
59:00,3540,igorluisk2,igorluisk2,engraçado,1.0,kkkkkkkkkkkkkkkkkkkkkkkkkkk
59:01,3541,aizenr6ss,aizenr6ss,engraçado,1.0,kkkkkkkkk essa mina é resenha
59:03,3543,redwinepie,redwinepie,neutro,1.0,Bitconha
59:03,3543,edubuscador,edubuscador,neutro,1.0,viciada nos gatcha
59:04,3544,loolzzx,loolzzx,engraçado,1.0,OXE KKKKKKKKKK
59:06,3546,ayanmelo,ayanmelo,engraçado,0.667,ela é toys por um motivo kkkk
59:06,3546,alexom_303,alexom_303,neutro,1.0,ai dentro
59:06,3546,pulchram12,pulchram12,engraçado,1.0,LUL LUL
59:07,3547,pristonfield,Pristonfield,confuso,1.0,segura na onde?
59:07,3547,negzus,Negzus,engraçado,1.0,KKKKKKKKKKKKKKKKK
59:08,3548,ozooby,Ozooby,confuso,1.0,SEGURA OQ?
59:08,3548,igorluisk2,igorluisk2,neutro,1.0,é tu
59:08,3548,pope_francis_clone1,pope_francis_clone1,neutro,1.0,eita
59:08,3548,pisaoficial,PisaOficial,engraçado,1.0,kkkkkkkkkkkkkkkk
59:08,3548,sir_wonka0,sir_wonka0,confuso,1.0,Segura onde??
59:10,3550,idley1,Idley1,neutro,1.0,ai não pow
59:11,3551,tobleroneopicional,tobleroneopicional,neutro,1.0,ESSE É TU KAKAKAKAAKAKAKAKAKAKA
59:11,3551,lucian2_,lucian2_,neutro,1.0,Segura meu pau kk
59:11,3551,idley1,Idley1,engraçado,1.0,kkkkk
59:11,3551,atereza01,atereza01,engraçado,1.0,KKKKKKKKK vc talando toys como se fosse sobrenome dela
59:12,3552,forseofcourse,forseofcourse,neutro,1.0,segura meu pau baka
59:13,3553,coxinhaa04,coxinhaa04,neutro,1.0,NotLikeThis
59:13,3553,lucioleal_,lucioleal_,neutro,1.0,Ela definitivamente é a julynha TOYS
59:16,3556,pisaoficial,PisaOficial,neutro,1.0,skipnhoLAELE
59:17,3557,soudir_,soudir_,engraçado,1.0,Segura meu pau kkkkkkkkkkk
59:23,3563,fnaticpe,fnaticpe,engraçado,1.0,julinha brinquedos ta resenhex
59:26,3566,markxdc,MarkxDC,neutro,1.0,N.  M b v bb.   B b b ;! Vn n   BM bnnb mm mvvvvvmnvnnvmnv vmvv        n úM
59:26,3566,kthyosu,kthyosu,positivo,1.0,papinho bom
59:27,3567,redwinepie,redwinepie,neutro,1.0,Oloko
59:28,3568,lanadka,Lanadka,engraçado,1.0,Segura no pau kkkkkkk
59:29,3569,thrillerzs,thrillerzs,neutro,1.0,Julinha pagando o novinho para diversão
59:29,3569,rick_viborg,Rick_Viborg,confuso,1.0,por traz?....
59:30,3570,liiaay01,liiaay01,engraçado,1.0,Vaii baka kkkkkk
59:30,3570,tobleroneopicional,tobleroneopicional,neutro,1.0,Ixi kakakak
59:31,3571,adilson_ofnone,adilson_ofnone,neutro,1.0,essa mina atiça minha ansiedade
59:31,3571,pekkazzi,pekkazzi,engraçado,1.0,Tigrinho da Julynha
59:32,3572,willmdrs,WillMDRS,neutro,1.0,perdemo
59:33,3573,markxdc,MarkxDC,confuso,1.0,Ihjn? Vmmvmmmm. N. B.  . vB b m
59:33,3573,paomofadoo_,paomofadoo_,neutro,1.0,o tiodeivis tomou de morador ali
59:34,3574,carlinhs_,carlinhs_,neutro,1.0,levanta a cabeça
59:35,3575,pristonfield,Pristonfield,neutro,1.0,não sabe
59:36,3576,1alvarin,1alvarin,neutro,1.0,"Se vocês deixarem o tempo da máquina acabar, a garra vai pegar mais forte"
59:40,3580,caarlos3600,caarlos3600,engraçado,0.5,manda a julinha me desbani kkk eu nunca mais falo que o namorado dela e calvo kkkk
59:41,3581,wiltzzzzzz,wiltzzzzzz,neutro,1.0,nao sabo
59:46,3586,grayoden,Grayoden,neutro,1.0,Julynha virou sugar mommy
59:46,3586,annoyinger,Annoyinger,neutro,1.0,ta na droga
59:46,3586,rapha_lee,rapha_lee,neutro,1.0,que animal
59:47,3587,alpharius_456,Alpharius_456,engraçado,1.0,mds kkkkk
59:47,3587,a_palavra_cabalistica_eh,凹凸凹凸凹凸凹凸凹凸凹,neutro,1.0,meu amigo
59:48,3588,pope_francis_clone1,pope_francis_clone1,neutro,1.0,taporraaaaaaaaa
59:50,3590,zenith_2xko,zenith_2xko,engraçado,1.0,kkkkkkk
59:53,3593,rogersouzzza,Rogersouzzza,engraçado,1.0,Depois dessa kkkkk
59:54,3594,carlinhs_,carlinhs_,neutro,1.0,deixe a profissional
59:56,3596,lostcaco,LostCaco,neutro,1.0,tem que chutar a máquina
59:56,3596,neonwolf_1435,neonwolf_1435,positivo,1.0,"""vai por trás, ela é muito boa"""
59:58,3598,pristonfield,Pristonfield,neutro,1.0,fora do range
59:58,3598,wesleykolomar_br,wesleykolomar_br,engraçado,1.0,é scriptado isso ai
1:00:00,3600,whirosh,whirosh,neutro,1.0,tal qual como um pachinko de ursinho
1:00:03,3603,pristonfield,Pristonfield,neutro,1.0,ensina julinha
1:00:03,3603,riperoso,Riperoso,engraçado,1.0,kkkkkkkk ela nao aceita a derrota igual vc
1:00:03,3603,rofefps,Rofefps,neutro,1.0,Ta viciada ela já
1:00:03,3603,liiaay01,liiaay01,neutro,1.0,O vício
1:00:07,3607,redwinepie,redwinepie,neutro,1.0,Aposta a Capivara
1:00:07,3607,andre_candido,aNDRe_CaNDiDo,neutro,1.0,ela é profissional tio
1:00:08,3608,carlinhs_,carlinhs_,engraçado,1.0,kkkkkkkkkk
1:00:10,3610,edubuscador,edubuscador,engraçado,1.0,kkkkkkk
1:00:11,3611,eh_o_leo,EH_O_LEO,neutro,1.0,GOD
1:00:13,3613,thrillerzs,thrillerzs,neutro,1.0,Cara secou com os olhos
1:00:14,3614,adilson_ofnone,adilson_ofnone,neutro,1.0,imagina uma moggada dessa
1:00:14,3614,hikkimoralles,hikkimoralles,engraçado,1.0,Kkkkkkkkkkkkkkkkkkkkkk
1:00:16,3616,noel11k,NoeL11k,engraçado,1.0,Kkkkkkkkkkkkk
1:00:17,3617,pope_francis_clone1,pope_francis_clone1,neutro,1.0,AURA
1:00:20,3620,fnaticpe,fnaticpe,neutro,1.0,:O
1:00:20,3620,pamfras2006,pamfras2006,neutro,1.0,Quase 2k de pessoas na live
1:00:21,3621,lucdms,lucdms,neutro,1.0,GGGGG
1:00:21,3621,hikkimoralles,hikkimoralles,neutro,1.0,Moggado
1:00:22,3622,carlinhs_,carlinhs_,neutro,1.0,fala dela
1:00:23,3623,andre_candido,aNDRe_CaNDiDo,frustrado,1.0,aff
1:00:23,3623,gallack000,Gallack000,neutro,1.0,MANOOOOO
1:00:23,3623,sixkush,SixKush,engraçado,1.0,KKKKKKKKKKKKKKKKKKKKKK
1:00:23,3623,willmdrs,WillMDRS,neutro,1.0,aeee
1:00:23,3623,pristonfield,Pristonfield,neutro,1.0,ela é pro player
1:00:23,3623,lostcaco,LostCaco,neutro,1.0,Baka humilhado 3x
1:00:24,3624,wesleykolomar_br,wesleykolomar_br,engraçado,1.0,kkkkkkkkkkkkkkkkkkkkkk
1:00:24,3624,pulchram12,pulchram12,engraçado,1.0,kkkkkkkk
1:00:24,3624,negzus,Negzus,neutro,1.0,CARALHO
1:00:24,3624,fnaticpe,fnaticpe,neutro,1.0,GG
1:00:24,3624,lanadka,Lanadka,engraçado,1.0,Mano kkkkkk
1:00:24,3624,bronojoga,bronojoga,engraçado,1.0,erinziPalmas
1:00:24,3624,igorluisk2,igorluisk2,engraçado,1.0,kkkkkkkkkkkkkkkkkkkkkkk
1:00:24,3624,carlinhs_,carlinhs_,neutro,1.0,MOGGADO
1:00:24,3624,isaac17,isaac17,engraçado,1.0,kkkkkkkkkkkkkkkkk
1:00:25,3625,eh_o_leo,EH_O_LEO,engraçado,1.0,KKKKKKKKKKKKKKKKKKKKKKKK
1:00:25,3625,biamzand,biamzand,neutro,1.0,DEUSA
1:00:25,3625,edubuscador,edubuscador,engraçado,1.0,kkkkkkkk nosssa
1:00:25,3625,thrillerzs,thrillerzs,engraçado,1.0,KKKKKKKKKKKK
1:00:25,3625,fliesbynight,FliesByNight,engraçado,1.0,kkkkkkkkkkkkkkkkkkkkkkkk
1:00:26,3626,ozooby,Ozooby,engraçado,1.0,kkkkkkkkkkkkkkkkkkkkk
1:00:26,3626,sweet_lou_,Sweet_Lou_,neutro,1.0,FORMOU AUREA DEMAIS
1:00:26,3626,alexom_303,alexom_303,engraçado,1.0,KKKKKKKKKKKKKKKK
1:00:27,3627,grayoden,Grayoden,neutro,1.0,Trapaceiros MeSweat
1:00:27,3627,pinkp0p_,PINKP0P_,neutro,1.0,ButtonMash
1:00:27,3627,marcosssantoro,MarcossSantoro,engraçado,0.667,Boa tomando uma surra kkkkkk
1:00:27,3627,lanadka,Lanadka,neutro,1.0,W
1:00:27,3627,matheuusss10,matheuusss10,neutro,1.0,PewPewPew PewPewPew
1:00:28,3628,matheuzin_55,matheuzin_55,engraçado,1.0,kkkkkkkkkkkkkkkkk
1:00:28,3628,smackdowntr,SmackDownTR,neutro,1.0,po cara parou
1:00:28,3628,tobleroneopicional,tobleroneopicional,neutro,1.0,Ela vicio kakakaakakakaakakak
1:00:29,3629,dxpthhr,dxpthhr,engraçado,1.0,KKKKKKKKKKK
1:00:29,3629,pope_francis_clone1,pope_francis_clone1,neutro,1.0,MOGADOOOOOOO
1:00:29,3629,negzus,Negzus,neutro,1.0,GAP
1:00:29,3629,gallack000,Gallack000,engraçado,1.0,kkkkkkkkkkkkkkkkkkkkkkkkkkkkk
1:00:29,3629,alpharius_456,Alpharius_456,engraçado,1.0,kkkkkkkkkkkkkk
1:00:29,3629,alexom_303,alexom_303,neutro,1.0,oloco
1:00:30,3630,noel11k,NoeL11k,engraçado,1.0,Kkkkkkkkkkkkkkk
1:00:30,3630,loolzzx,loolzzx,engraçado,0.667,A BRABA KKKKKKKKKK
1:00:30,3630,paomofadoo_,paomofadoo_,engraçado,1.0,KKKKKKKKKKKKK
1:00:30,3630,renn_qz,renn_qz,engraçado,1.0,kkkkkkkkkkk
1:00:30,3630,animol,AnImoL,neutro,1.0,VRAU
1:00:30,3630,utsuki133,utsuki133,engraçado,1.0,kkkkkkkkkkkkkkkkkkkkkkk
1:00:31,3631,atereza01,atereza01,neutro,1.0,mano impossível
1:00:31,3631,user1337,user1337,neutro,1.0,+2000 aura
1:00:31,3631,a_palavra_cabalistica_eh,凹凸凹凸凹凸凹凸凹凸凹,neutro,1.0,os BR dando preju na loja
1:00:32,3632,clyttex,clyttex,neutro,1.0,AURA + EGO
1:00:32,3632,redwinepie,redwinepie,neutro,1.0,PAID ACTOR
1:00:32,3632,luukzits,luukzits,neutro,1.0,MOOGGADO
1:00:33,3633,atereza01,atereza01,engraçado,1.0,kkkkkkkk
1:00:33,3633,dinozinbrk,Dinozinbrk,neutro,1.0,JAKAKAKAKAKAKJAKAKAKAK
1:00:34,3634,rogersouzzza,Rogersouzzza,engraçado,1.0,Joga muito kkkkkk
1:00:35,3635,sawdzin,SawdZin,neutro,1.0,nivel hacker
1:00:35,3635,unapologetic_dog,unapologetic_dog,neutro,1.0,Calaleo
1:00:35,3635,wesleykolomar_br,wesleykolomar_br,neutro,1.0,tá ficando fei pra gente baka
1:00:36,3636,pamfras2006,pamfras2006,engraçado,1.0,Kkkkkkkkk
1:00:36,3636,willmdrs,WillMDRS,neutro,1.0,fofo
1:00:37,3637,recanto_gamerr,recanto_gamerr,neutro,1.0,tá usando hack
1:00:37,3637,palhaco7,palhaco7,neutro,1.0,Ela tá diva
1:00:37,3637,pulchram12,pulchram12,engraçado,1.0,kkkkkkkkkkkk
1:00:37,3637,unno2009,unno2009,engraçado,1.0,ela dá sempre o mesmo gritokkkkkkkkk
1:00:38,3638,pekkazzi,pekkazzi,engraçado,1.0,O CRISTIANO RONALDO TÁ CARREGANDO TODO MUNDO
1:00:39,3639,bronojoga,bronojoga,neutro,1.0,fofo
1:00:39,3639,marcosssantoro,MarcossSantoro,engraçado,1.0,Kkkkkkkk
1:00:40,3640,andre_candido,aNDRe_CaNDiDo,neutro,1.0,pega ela baka
1:00:42,3642,lucdms,lucdms,neutro,1.0,Joga facil
1:00:42,3642,maxeyes1,MaxEyes1,neutro,1.0,vai tomando
1:00:42,3642,willmdrs,WillMDRS,neutro,1.0,isso foi fofo cara
1:00:43,3643,pristonfield,Pristonfield,confuso,1.0,PRO PLAYER?
1:00:44,3644,liiaay01,liiaay01,neutro,1.0,Baka humilhado demaiiiis
1:00:45,3645,pisaoficial,PisaOficial,neutro,1.0,ta xitada não tem como
1:00:45,3645,thrillerzs,thrillerzs,neutro,1.0,A preguiça caramelo
1:00:45,3645,baka_denji,Baka_Denji,neutro,1.0,Preguiça Gaijin
1:00:46,3646,fnaticpe,fnaticpe,neutro,1.0,JULINHA EGO
1:00:47,3647,wesleykolomar_br,wesleykolomar_br,neutro,1.0,2x0
1:00:48,3648,tobleroneopicional,tobleroneopicional,neutro,1.0,JULYNHA AURA SOBRE EGO
1:00:48,3648,morisleepy,morisleepy,neutro,1.0,PAY TO WIN
1:00:48,3648,idley1,Idley1,neutro,1.0,um baita de um preguiçosos mesmo
1:00:49,3649,maxeyes1,MaxEyes1,engraçado,1.0,OMEGALUL
1:00:49,3649,leonardoravel,leonardoravel,engraçado,1.0,Kkkkkkkk
1:00:49,3649,user1337,user1337,neutro,1.0,Cebolinha mandou bem
1:00:50,3650,unno2009,unno2009,neutro,1.0,pro demais
1:00:51,3651,lostcaco,LostCaco,neutro,1.0,humilhado 3x
1:00:51,3651,atereza01,atereza01,neutro,1.0,bonitinho esse
1:00:54,3654,omalditodokai,omalditodokai,positivo,0.5,ela é a namorada dele?
1:00:57,3657,alexom_303,alexom_303,neutro,1.0,olha a inveja tomando de conta
1:00:57,3657,grayoden,Grayoden,neutro,1.0,Moggou o betinha
1:00:59,3659,tobleroneopicional,tobleroneopicional,positivo,1.0,JULYNHA GOAT
1:00:59,3659,carlinhs_,carlinhs_,neutro,1.0,ela ta no auge
1:00:59,3659,thrillerzs,thrillerzs,neutro,1.0,A moeda dela tem os códigos
1:01:03,3663,unno2009,unno2009,neutro,1.0,ta no ápice da carreira
1:01:08,3668,pristonfield,Pristonfield,neutro,1.0,"@omalditodokai não, amiga so"
1:01:08,3668,ayanmelo,ayanmelo,neutro,1.0,pegou a pLeguiça
1:01:09,3669,carlinhs_,carlinhs_,engraçado,1.0,o vicio kkkkk
1:01:09,3669,ordepenn,ordepenn,neutro,1.0,@omalditodokai nao
1:01:09,3669,lostcaco,LostCaco,neutro,1.0,!contador humilhado 3x
1:01:09,3669,forseofcourse,forseofcourse,neutro,1.0,"depois de segurar o pau dela, ela conseguiu"
1:01:10,3670,tobleroneopicional,tobleroneopicional,neutro,1.0,BAKA MOGGADO
1:01:11,3671,hikkimoralles,hikkimoralles,engraçado,1.0,Julynha prime
1:01:12,3672,peterdcn,peterdcn,neutro,1.0,mas voces ja pegaram uma pochita uma vez
1:01:13,3673,alpharius_456,Alpharius_456,engraçado,1.0,prime julynha
1:01:15,3675,guilhermesl45,guilhermesl45,neutro,1.0,Pochoto
1:01:16,3676,grayoden,Grayoden,neutro,1.0,@omalditodokai É sugar mommy dele
1:01:21,3681,wesleykolomar_br,wesleykolomar_br,neutro,1.0,o gorro do saiko
1:01:23,3683,omalditodokai,omalditodokai,engraçado,1.0,"@Pristonfield eu sei, to trolando"
1:01:24,3684,igorluisk2,igorluisk2,neutro,1.0,pochita é god
1:01:25,3685,lancelot_darc,lancelot_darc,neutro,1.0,essa é nivel hard
1:01:26,3686,kajitoop,kajitoop,neutro,1.0,"ela ganhou, mas perdeu todo o dinheiro......................."
1:01:26,3686,soudir_,soudir_,neutro,1.0,Povo do Saiko
1:01:29,3689,fnaticpe,fnaticpe,engraçado,1.0,kkkk
1:01:30,3690,omalditodokai,omalditodokai,neutro,1.0,@Grayoden cara de sorte
1:01:32,3692,pulchram12,pulchram12,neutro,1.0,sushid17Omg
1:01:33,3693,lvmp008,lvmp008,neutro,1.0,OLD
1:01:35,3695,alpharius_456,Alpharius_456,engraçado,0.667,q isso kkkk
1:01:35,3695,guilhermesl45,guilhermesl45,neutro,1.0,Não
1:01:36,3696,liiaay01,liiaay01,engraçado,1.0,ixi KKKKkkkkk
1:01:37,3697,reis_bohnen,reis_bohnen,neutro,1.0,ela devia ser dubladora
1:01:39,3699,eh_o_leo,EH_O_LEO,engraçado,1.0,KKKKKKKKKKKKKKKK
1:01:39,3699,gato_de_patins,gato_de_patins,engraçado,1.0,kkkkkkkkkkkkkk
1:01:40,3700,loolzzx,loolzzx,neutro,1.0,que
1:01:41,3701,pinkp0p_,PINKP0P_,neutro,1.0,SingsMic SingsMic SingsMic
1:01:42,3702,rogersouzzza,Rogersouzzza,engraçado,1.0,kkkkkkkkkk
1:01:43,3703,edubuscador,edubuscador,neutro,1.0,nossa
1:01:45,3705,ddingo000,ddingo000,neutro,1.0,Doidinha
1:01:46,3706,jackppl,jackppl,engraçado,1.0,Kkkkkkkkkkk
1:01:47,3707,reis_bohnen,reis_bohnen,engraçado,1.0,kkkkkk
1:01:50,3710,pekkazzi,pekkazzi,neutro,1.0,ixi
1:01:53,3713,xablitera,xablitera,neutro,1.0,carai moss essa mina ai tomo MUITO lsd em vida
1:01:54,3714,a_palavra_cabalistica_eh,凹凸凹凸凹凸凹凸凹凸凹,neutro,1.0,atiçando
1:01:54,3714,xablitera,xablitera,engraçado,1.0,kkkkkkkkkkkkkkkkkkkkkkkkk
1:01:55,3715,carlinhs_,carlinhs_,neutro,1.0,ta na portinha ja
1:01:57,3717,alexom_303,alexom_303,neutro,1.0,tá oferecendo
1:01:57,3717,carlinhs_,carlinhs_,neutro,1.0,pega
1:01:57,3717,aizenr6ss,aizenr6ss,neutro,1.0,rabao
1:01:57,3717,annoyinger,Annoyinger,engraçado,1.0,ta pareceno o mario naquela imagem
1:01:59,3719,tobleroneopicional,tobleroneopicional,engraçado,1.0,Kkkkkkkkkkkkkkkk
1:02:00,3720,unno2009,unno2009,neutro,1.0,baka vai esgotar toda sociabilidade dele vai sumir por décadas
1:02:01,3721,liiaay01,liiaay01,confuso,1.0,Que isso baka
1:02:03,3723,danizitogm,DanizitoGM,neutro,1.0,tiçando
1:02:04,3724,redwinepie,redwinepie,neutro,1.0,Não tem como uma cara tão fofo falar palavras tão feias
1:02:05,3725,pinkp0p_,PINKP0P_,neutro,1.0,DinoDance
1:02:06,3726,cezarbtw,cezarbtw,neutro,1.0,DinoDance
1:02:06,3726,omalditodokai,omalditodokai,neutro,1.0,yoshi pronto pra ser abatido
1:02:08,3728,paomofadoo_,paomofadoo_,neutro,1.0,kirby!!
1:02:21,3741,zordep21,zOrdep21,neutro,1.0,Greenday pokando
1:02:22,3742,carlinhs_,carlinhs_,neutro,1.0,k
1:02:23,3743,pristonfield,Pristonfield,engraçado,1.0,kkkkkkkkkkkkkkk
1:02:23,3743,sixkush,SixKush,engraçado,1.0,KKKKKKKKKKKKKKK
1:02:23,3743,grayoden,Grayoden,engraçado,1.0,Kkkkkkkkkkkkk
1:02:24,3744,fnaticpe,fnaticpe,neutro,1.0,k
1:02:24,3744,herautuz,herautuz,neutro,1.0,imagina só
1:02:24,3744,paomofadoo_,paomofadoo_,engraçado,1.0,kkkkkkkkkkkkk
1:02:25,3745,guilhermesl45,guilhermesl45,engraçado,1.0,Não faz isso julinha kkkkk
1:02:26,3746,pekkazzi,pekkazzi,engraçado,1.0,KKKKKKKKKKKKKKKK
1:02:27,3747,rogersouzzza,Rogersouzzza,engraçado,1.0,kkkkkkkkkk
1:02:27,3747,pope_francis_clone1,pope_francis_clone1,neutro,1.0,coisa feia da porra
1:02:27,3747,alexom_303,alexom_303,neutro,1.0,eita
1:02:28,3748,atereza01,atereza01,confuso,1.0,esse q eh o paulistano?
1:02:28,3748,unno2009,unno2009,engraçado,1.0,kkkkkkkkkkk
1:02:28,3748,liiaay01,liiaay01,negativo,1.0,que negócio feio
1:02:31,3751,omalditodokai,omalditodokai,engraçado,1.0,kkkkkkkkkkkkkkkkkkkkkkkkkk
1:02:31,3751,marcosssantoro,MarcossSantoro,engraçado,1.0,Kkkkkk
1:02:32,3752,bronojoga,bronojoga,engraçado,1.0,OMEGALUL
1:02:32,3752,cezarbtw,cezarbtw,neutro,1.0,big!!
1:02:32,3752,pristonfield,Pristonfield,neutro,1.0,basta ler
1:02:34,3754,thrillerzs,thrillerzs,neutro,1.0,Parece que ele ta numa calcinha
1:02:35,3755,pulchram12,pulchram12,engraçado,1.0,kkkkkkkkkk
1:02:36,3756,ayanmelo,ayanmelo,neutro,1.0,ta empalhado essa porra
1:02:37,3757,loolzzx,loolzzx,engraçado,1.0,vish mano kkkkkkkkkk
1:02:37,3757,darkhunter2e,darkhunter2e,neutro,1.0,"oloco, tocando Green Day"
1:02:38,3758,hikkimoralles,hikkimoralles,engraçado,1.0,Kkkkkkkkkkkkkkkkkkkkkk
1:02:39,3759,lucdms,lucdms,engraçado,1.0,rhariQuenhe
1:02:42,3762,annoyinger,Annoyinger,neutro,1.0,bixo ta te mogando
1:02:43,3763,guilhermesl45,guilhermesl45,neutro,1.0,Bizarro
1:02:44,3764,gunterfp5,gunterFP5,neutro,1.0,Crlh 70 Cm
1:02:44,3764,lostcaco,LostCaco,neutro,1.0,segura o pau dela pra ela pegar o de 70 cm
1:02:49,3769,caarlos3600,caarlos3600,neutro,1.0,falta leitura no baka
1:02:49,3769,pulchram12,pulchram12,negativo,1.0,Apanhou feio esse bicho aí
1:02:52,3772,fnaticpe,fnaticpe,neutro,1.0,pprt
1:02:55,3775,hikkimoralles,hikkimoralles,neutro,1.0,bakagaPiu
1:03:00,3780,willmdrs,WillMDRS,neutro,1.0,oloko
1:03:02,3782,pope_francis_clone1,pope_francis_clone1,neutro,1.0,oloko
1:03:04,3784,rafaeloliverc,rafaeloliverc,neutro,1.0,dlinkoThanos
1:03:05,3785,tobleroneopicional,tobleroneopicional,neutro,1.0,BAKA ESTÁ MOGGEADO
1:03:06,3786,pristonfield,Pristonfield,engraçado,1.0,kkkkkkkkk
1:03:08,3788,liiaay01,liiaay01,engraçado,1.0,3 dias kkkkk
1:03:09,3789,erickhsn,erickhsn,neutro,1.0,1 é lucro
1:03:10,3790,zenith_2xko,zenith_2xko,neutro,1.0,tendi nada
1:03:13,3793,gabytokyo,gabytokyo,engraçado,1.0,a performance da voz kkkkk
1:03:14,3794,bruceluze,BruceLuze,engraçado,1.0,LUL
1:03:18,3798,redwinepie,redwinepie,engraçado,1.0,Honestidade kkkkkk
1:03:20,3800,pekkazzi,pekkazzi,neutro,1.0,Ele quase não faz um dia
1:03:30,3810,a_palavra_cabalistica_eh,凹凸凹凸凹凸凹凸凹凸凹,engraçado,1.0,mds queria um chopper :(
1:03:32,3812,lancelot_darc,lancelot_darc,neutro,1.0,to pobre fico só com o Pichu mesmo
1:03:36,3816,willmdrs,WillMDRS,engraçado,1.0,kkkkkkkkkkk
1:03:37,3817,pulchram12,pulchram12,neutro,1.0,sushid17Hihi
1:03:39,3819,igorluisk2,igorluisk2,engraçado,1.0,kkkkkkkkkkkk
1:03:39,3819,alexom_303,alexom_303,engraçado,1.0,KKKKKKKKKKKKKKKKK
1:03:40,3820,sandra_bullock_do_sertao,sandra_bullock_do_sertao,engraçado,0.5,ela fala com voz de criança ou eh assim mesmo a voz dela?
1:03:44,3824,paomofadoo_,paomofadoo_,neutro,1.0,oie
1:03:44,3824,guilhermesl45,guilhermesl45,engraçado,1.0,Kkkkkkkkkk
1:03:46,3826,annoyinger,Annoyinger,confuso,1.0,"@BakaGaijinLive agora q vc ta com os 2 pau na mao, qual é maior?"
1:03:52,3832,pulchram12,pulchram12,engraçado,1.0,kkkkkkkkkk
1:03:53,3833,lvmp008,lvmp008,neutro,1.0,cahasdka~çskdã
1:03:53,3833,kratoscarecaa,kratoscarecaa,neutro,1.0,O infinito
1:03:55,3835,fnaticpe,fnaticpe,neutro,1.0,kk
1:03:56,3836,caarlos3600,caarlos3600,confuso,1.0,pra ser feliz assim que nem ela tem que usar algum tipo de alucinogeno ou nao?
1:03:57,3837,erickhsn,erickhsn,neutro,1.0,filma legal
1:03:58,3838,matheuusss10,matheuusss10,neutro,1.0,PogChamp PogChamp
1:03:58,3838,reis_bohnen,reis_bohnen,neutro,1.0,inception
1:03:59,3839,sir_wonka0,sir_wonka0,confuso,1.0,Oq Kreygasm
1:04:00,3840,thrillerzs,thrillerzs,neutro,1.0,Eternal chat
1:04:04,3844,omalditodokai,omalditodokai,neutro,1.0,irado
1:04:04,3844,pinkp0p_,PINKP0P_,neutro,1.0,yoaninLupa
1:04:12,3852,pristonfield,Pristonfield,neutro,1.0,NT
1:04:12,3852,guilhermesl45,guilhermesl45,neutro,1.0,Ixi
1:04:16,3856,animol,AnImoL,neutro,1.0,multipass. Quer dizer multiverso
1:04:19,3859,atereza01,atereza01,neutro,1.0,preta
1:04:20,3860,pristonfield,Pristonfield,engraçado,1.0,kkkkkkkkkkk
1:04:21,3861,tobleroneopicional,tobleroneopicional,neutro,1.0,Ixi tá segurando o pau dela
1:04:21,3861,paomofadoo_,paomofadoo_,confuso,1.0,acho que sim...
1:04:22,3862,zenith_2xko,zenith_2xko,neutro,1.0,DinoDance DinoDance DinoDance DinoDance
1:04:24,3864,pekkazzi,pekkazzi,engraçado,1.0,A primeira ela erra de propósito pra manter a imagem de humilde
1:04:26,3866,kratoscarecaa,kratoscarecaa,neutro,1.0,Hoje não
1:04:28,3868,fnaticpe,fnaticpe,neutro,1.0,GG
1:04:29,3869,pinkp0p_,PINKP0P_,neutro,1.0,stolenGG
1:04:29,3869,lucdms,lucdms,neutro,1.0,MANO
1:04:30,3870,sweet_lou_,Sweet_Lou_,neutro,1.0,MANO
1:04:30,3870,lanadka,Lanadka,neutro,1.0,Mano
1:04:31,3871,pristonfield,Pristonfield,neutro,1.0,Ta chetada
1:04:31,3871,adilson_ofnone,adilson_ofnone,engraçado,1.0,kkkkkkkkkkkkkkkkkkkkkkkkkkk
1:04:31,3871,negzus,Negzus,neutro,1.0,CARALHO
1:04:31,3871,recanto_gamerr,recanto_gamerr,engraçado,1.0,kkkkkkkkkkk
1:04:32,3872,paomofadoo_,paomofadoo_,neutro,1.0,GG
1:04:32,3872,carlinhs_,carlinhs_,engraçado,1.0,kkkkkkkkkkkkkkkkkkkkkkkkkk
1:04:32,3872,tomiso9001,TomISO9001,neutro,1.0,Hoje sim
1:04:33,3873,a_palavra_cabalistica_eh,凹凸凹凸凹凸凹凸凹凸凹,engraçado,0.667,q isso kkkkkkkkkkkkkkkkk
1:04:33,3873,pulchram12,pulchram12,engraçado,1.0,Krl kkkkkkk
1:04:33,3873,thrillerzs,thrillerzs,neutro,1.0,mentira
1:04:33,3873,kratoscarecaa,kratoscarecaa,neutro,1.0,Porra
1:04:33,3873,alpharius_456,Alpharius_456,neutro,1.0,AURA
1:04:34,3874,paomofadoo_,paomofadoo_,neutro,1.0,YES!!!
1:04:34,3874,annoyinger,Annoyinger,neutro,1.0,Kobe!
1:04:34,3874,hikkimoralles,hikkimoralles,neutro,1.0,Caralho
1:04:35,3875,pamfras2006,pamfras2006,neutro,1.0,Olha a música ali
1:04:36,3876,sattxd,sattxd,engraçado,1.0,ai oh tigrinho
1:04:36,3876,furinguito,furinguito,neutro,1.0,ta xitada
1:04:36,3876,pope_francis_clone1,pope_francis_clone1,neutro,1.0,MOGGADOO
1:04:37,3877,atereza01,atereza01,neutro,1.0,tem máquina em casa
1:04:37,3877,omalditodokai,omalditodokai,neutro,1.0,IMPOSSIVEL
1:04:37,3877,rapdotyz,rapdotyz,neutro,1.0,ABSURDO
1:04:38,3878,ozooby,Ozooby,engraçado,1.0,cara kkkkkkkkkkkkkkkk
1:04:38,3878,erickhsn,erickhsn,neutro,1.0,AURA
1:04:38,3878,fnaticpe,fnaticpe,neutro,1.0,3 SEGUIDOS
1:04:38,3878,atereza01,atereza01,neutro,1.0,mano
1:04:39,3879,guilhermesl45,guilhermesl45,confuso,1.0,Q issoooo
1:04:40,3880,alpharius_456,Alpharius_456,neutro,1.0,q AURA  da porra
1:04:40,3880,maazard,Maazard,neutro,1.0,wp
1:04:40,3880,unapologetic_dog,unapologetic_dog,neutro,1.0,CALALEO
1:04:40,3880,leonardoravel,leonardoravel,engraçado,1.0,Klkkkkkkkkk
1:04:40,3880,redwinepie,redwinepie,neutro,1.0,Tsunade todinha
1:04:44,3884,loolzzx,loolzzx,neutro,1.0,pochita mini
1:04:45,3885,lostcaco,LostCaco,neutro,1.0,Baka humilhado 4x
1:04:46,3886,thrillerzs,thrillerzs,neutro,1.0,BAGULHO KIKOU CERTINHO
1:04:46,3886,peluciacensurada,PeluciaCensurada,engraçado,1.0,se é assim na máquina imagina no tigrinho
1:04:46,3886,tobleroneopicional,tobleroneopicional,neutro,1.0,TÁ XITADASSA
1:04:46,3886,clyttex,clyttex,neutro,1.0,xITADAAAA
1:04:46,3886,fliesbynight,FliesByNight,neutro,1.0,pro player demais seloko
1:04:47,3887,pulchram12,pulchram12,neutro,1.0,Mestre das máquinas
1:04:48,3888,sir_wonka0,sir_wonka0,neutro,1.0,N é possível
1:04:49,3889,alpharius_456,Alpharius_456,neutro,1.0,afeita
1:04:50,3890,pekkazzi,pekkazzi,engraçado,1.0,"""Devolve meu pau"" KKKKKKKKKKKKKKKKK"
1:04:50,3890,aizenr6ss,aizenr6ss,engraçado,1.0,caraca kkkkkkkk
1:04:51,3891,edubuscador,edubuscador,neutro,1.0,nossa skill nivel 100 no gatcha
1:04:51,3891,eh_o_leo,EH_O_LEO,neutro,1.0,ACEITA
1:04:53,3893,zenith_2xko,zenith_2xko,neutro,1.0,o pochita
1:04:53,3893,alpharius_456,Alpharius_456,neutro,1.0,aceita*
1:04:53,3893,andre_candido,aNDRe_CaNDiDo,neutro,1.0,aceita fiiiii
1:04:54,3894,palhaco7,palhaco7,neutro,1.0,A Júlia tá te empurrando de pelúcia
1:04:55,3895,lusca_a_d_s,lusca_a_d_s,neutro,1.0,"aceita o presente dela, cara"
1:04:56,3896,fnaticpe,fnaticpe,neutro,1.0,barata
1:04:56,3896,coxinhaa04,coxinhaa04,neutro,1.0,VoHiYo
1:04:57,3897,liiaay01,liiaay01,engraçado,1.0,Tá xitada demais kkkkk
1:04:58,3898,eh_o_leo,EH_O_LEO,neutro,1.0,ACEITA PORR4
1:04:59,3899,sattxd,sattxd,engraçado,1.0,tigrinho ja existia nessas maquinas a muito tempo
1:05:00,3900,andre_candido,aNDRe_CaNDiDo,neutro,1.0,aceita ffff
1:05:00,3900,zenith_2xko,zenith_2xko,neutro,1.0,barata
1:05:00,3900,tobleroneopicional,tobleroneopicional,neutro,1.0,KAKAKAAKAKAKAKAKAKAKAAKAKAKAKAKAK
1:05:02,3902,hunterma30,HunterMa30,engraçado,1.0,vão banir ela do Japão kkkkkkkkkkk
1:05:02,3902,sousply,sousply,neutro,1.0,gênio da maquina de apostas
1:05:03,3903,erickhsn,erickhsn,neutro,1.0,japão é limpo dizem
1:05:04,3904,sir_wonka0,sir_wonka0,neutro,1.0,A julinha n ta pura mentira AKAKAKKAKA
1:05:04,3904,rapha_lee,rapha_lee,neutro,1.0,pega a barata
1:05:04,3904,andre_candido,aNDRe_CaNDiDo,neutro,1.0,aceita cara
1:05:05,3905,danizitogm,DanizitoGM,engraçado,1.0,que criatura alienígena é essa
1:05:07,3907,matheuusss10,matheuusss10,neutro,1.0,Barata neom
1:05:10,3910,kratoscarecaa,kratoscarecaa,engraçado,1.0,Que boxo é esse kkkkkk
1:05:11,3911,thrillerzs,thrillerzs,neutro,1.0,Esses pachinco é tudo dela por isso
1:05:11,3911,lancelot_darc,lancelot_darc,neutro,1.0,Roachmon
1:05:12,3912,tobleroneopicional,tobleroneopicional,positivo,1.0,HÁ UMA NOVA GOAT DAS MAQUINAS
1:05:12,3912,carlinhs_,carlinhs_,engraçado,1.0,a julynha ta no horario bugado
1:05:15,3915,pristonfield,Pristonfield,neutro,1.0,chama ela
1:05:17,3917,animol,AnImoL,neutro,1.0,vai faltar supercola pra colar todos os bichos no corpo
1:05:17,3917,sir_wonka0,sir_wonka0,neutro,1.0,Ela vai falir os cara desse jeito
1:05:18,3918,braceroz,braceroz,neutro,1.0,Ela é a pessoa mais feliz do mundo
1:05:19,3919,omalditodokai,omalditodokai,neutro,1.0,tem que avisar o server japones que tem xitado na room
1:05:21,3921,marcosssantoro,MarcossSantoro,engraçado,1.0,Kkkkk
1:05:26,3926,unapologetic_dog,unapologetic_dog,confuso,1.0,Vai pro pachinco que o cebolinha tá com sorte hj
1:05:30,3930,carlinhs_,carlinhs_,engraçado,1.0,kkkkkkkkkkkk
1:05:31,3931,grayoden,Grayoden,neutro,1.0,Broso de Faga
1:05:32,3932,rapdotyz,rapdotyz,neutro,1.0,BRAZA
1:05:33,3933,isaac17,isaac17,neutro,1.0,KEKW
1:05:33,3933,alpharius_456,Alpharius_456,engraçado,1.0,KKKKKKKKKKKKKKKKKKKKK
1:05:33,3933,paomofadoo_,paomofadoo_,neutro,1.0,BRAZALLIAN
1:05:33,3933,gato_de_patins,gato_de_patins,neutro,1.0,é o brasa
1:05:35,3935,adilson_ofnone,adilson_ofnone,neutro,1.0,Brazallian
1:05:35,3935,lostcaco,LostCaco,neutro,1.0,Baka defensor de baratas
1:05:35,3935,pekkazzi,pekkazzi,neutro,1.0,BRAZALLIAN
1:05:38,3938,fnaticpe,fnaticpe,neutro,1.0,eita
1:05:40,3940,andre_candido,aNDRe_CaNDiDo,neutro,1.0,"tipo, mó braza"
1:05:40,3940,rogersouzzza,Rogersouzzza,engraçado,0.667,oxi kkkkkk
1:05:40,3940,marcosssantoro,MarcossSantoro,engraçado,1.0,Braza kkkkk
1:05:41,3941,luukzits,luukzits,engraçado,1.0,KKKKKKKKKKKK PENDURA NO TEU PAU
1:05:41,3941,erickhsn,erickhsn,neutro,1.0,é trocadilho
1:05:42,3942,ayanmelo,ayanmelo,engraçado,1.0,kkkkkkkkkkkkkkkkkkkk
1:05:43,3943,annoyinger,Annoyinger,neutro,1.0,é o brazalho
1:05:43,3943,maxwllxx,maxwllxx,engraçado,1.0,kkkkkkkkkk
1:05:44,3944,alexom_303,alexom_303,engraçado,0.667,que isso pô KKKKKKKKKKKKKK
1:05:44,3944,atereza01,atereza01,neutro,1.0,burazu
1:05:44,3944,liiaay01,liiaay01,engraçado,1.0,achou que é proporcional KKKkkkk
1:05:45,3945,erickhsn,erickhsn,neutro,1.0,braza e brazil
1:05:45,3945,fnaticpe,fnaticpe,confuso,1.0,?
1:05:46,3946,sir_wonka0,sir_wonka0,neutro,1.0,Akakakkakakakaka
1:05:46,3946,pulchram12,pulchram12,positivo,1.0,Brazalian é foda
1:05:47,3947,guilhermesl45,guilhermesl45,neutro,1.0,Julynha tá pros caralhos
1:05:48,3948,willmdrs,WillMDRS,engraçado,1.0,kkkkkkkkkkkk
1:05:49,3949,grayoden,Grayoden,engraçado,1.0,Kkkkkkkkkkkkkkkkkk
1:05:50,3950,redwinepie,redwinepie,neutro,1.0,É o BRAZA
1:05:51,3951,caarlos3600,caarlos3600,confuso,1.0,eae baka comeu?
1:05:51,3951,maxeyes1,MaxEyes1,engraçado,1.0,kkkkkkkkkkkkkkkkkkkkkkk
1:05:51,3951,marps321,marps321,neutro,1.0,É BRAZA BAKA
1:05:52,3952,designerdepiada,designerdepiada,neutro,1.0,we are brazallian
1:05:54,3954,ana_mand,ana_mand,positivo,0.5,Quem é essa menina? É a namorada dele?
1:05:55,3955,fnaticpe,fnaticpe,neutro,1.0,do nada
1:05:56,3956,sir_wonka0,sir_wonka0,confuso,1.0,?
1:05:57,3957,pristonfield,Pristonfield,engraçado,1.0,kkkkkkkkkkkkkkkkk
1:05:57,3957,nerbocksweet,NerbockSweet,neutro,1.0,kk
1:05:58,3958,lostcaco,LostCaco,neutro,1.0,mete o pau na barata
1:06:00,3960,its_zurako,its_zurako,neutro,1.0,baka virou sugar baby
1:06:00,3960,suprem696969,suprem696969,positivo,1.0,e o fogo de chão famoso restaurante
1:06:01,3961,paomofadoo_,paomofadoo_,engraçado,1.0,kkkkkk
1:06:01,3961,hikkimoralles,hikkimoralles,engraçado,1.0,Kkkkkkkkkkkkkkkkkkkkkk
1:06:03,3963,pope_francis_clone1,pope_francis_clone1,confuso,1.0,???????
1:06:05,3965,adilson_ofnone,adilson_ofnone,confuso,1.0,é o pais do joguinho? braza?
1:06:05,3965,guilhermesl45,guilhermesl45,engraçado,1.0,Kkkkkk
1:06:05,3965,pope_francis_clone1,pope_francis_clone1,engraçado,1.0,hahahaha
1:06:06,3966,isaac17,isaac17,engraçado,1.0,kkkkkkkkkkk
1:06:06,3966,erickhsn,erickhsn,neutro,1.0,pedreirona
1:06:07,3967,igorluisk2,igorluisk2,engraçado,1.0,kkkkkkkkkkkkkk
1:06:08,3968,tobleroneopicional,tobleroneopicional,neutro,1.0,BRAZA DE BRAZA KAKAKAAKAKAK
1:06:08,3968,alpharius_456,Alpharius_456,engraçado,1.0,kkkkkkk q fogo é esse
1:06:09,3969,lazarus_7z,Lazarus_7z,engraçado,1.0,tarada pa caraio hahaha
1:06:09,3969,zenith_2xko,zenith_2xko,engraçado,1.0,kkkkkkkk
1:06:13,3973,atereza01,atereza01,positivo,1.0,japonesas foda
1:06:14,3974,lanadka,Lanadka,engraçado,1.0,Kkkkkkkkkk
1:06:14,3974,annoyinger,Annoyinger,engraçado,1.0,pau superior
1:06:14,3974,grayoden,Grayoden,neutro,1.0,@ana_mand Achou ela no bueiro em Osaka
1:06:15,3975,natie_martins,natie_martins,neutro,1.0,Ta de cheat no Japão 2
1:06:15,3975,thrillerzs,thrillerzs,neutro,1.0,Ela ta se provando ser Chefe de obra
1:06:16,3976,rengako__,rengako__,neutro,1.0,baka já pensou que vc pode estar sobe o efeito de lsd
1:06:16,3976,paomofadoo_,paomofadoo_,engraçado,1.0,comentários precisos e cirúrgicos
1:06:18,3978,skatista_lvcido,skatista_lvcido,neutro,1.0,Sem contar essa skin da roça
1:06:18,3978,guilhermesl45,guilhermesl45,neutro,1.0,Vdd
1:06:23,3983,fnaticpe,fnaticpe,neutro,1.0,testo da julinha está alto
1:06:23,3983,xrestrito,xrestrito,neutro,1.0,foi superado pelo nova gen
1:06:24,3984,liiaay01,liiaay01,engraçado,1.0,Entregando muito conteúdo KKKkk
1:06:32,3992,thrillerzs,thrillerzs,neutro,1.0,Jaja ela fala oooh la em casa
1:06:32,3992,andre_candido,aNDRe_CaNDiDo,engraçado,1.0,ooo barriguinha  huhuuuuuuuuuuu da aquelan salivada de pedreiro kkkk
1:06:33,3993,1guinobre1,1guinobre1,neutro,1.0,Julinha vulgo o NPC mais engraçado das lives do baka
1:06:34,3994,lostcaco,LostCaco,neutro,1.0,Baka ta velho
1:06:35,3995,winklesdw,WINKLEsdw,neutro,1.0,Skin shine
1:06:39,3999,tobleroneopicional,tobleroneopicional,neutro,1.0,MUITO MAIS CONTEUDO JAKAAKAKAKA
1:06:48,4008,sir_wonka0,sir_wonka0,neutro,1.0,A idade chegou baka
1:06:57,4017,pekkazzi,pekkazzi,neutro,1.0,Capuz dela virou a bolsa da Hermione já fds
1:07:03,4023,atereza01,atereza01,neutro,1.0,eu
1:07:03,4023,furinguito,furinguito,neutro,1.0,"Acabei de seguir a julynhatoys, mt doida"
1:07:04,4024,pulchram12,pulchram12,neutro,1.0,Kabukicho live camera
1:07:06,4026,natie_martins,natie_martins,neutro,1.0,Baka aceita presente
1:07:07,4027,adilson_ofnone,adilson_ofnone,neutro,1.0,pendura todos no pal-de-selfie dela
1:07:10,4030,vitoruki,vitoruki,neutro,1.0,"tadinha, aceita os presentes dela"
1:07:13,4033,pope_francis_clone1,pope_francis_clone1,confuso,1.0,?
1:07:14,4034,andre_candido,aNDRe_CaNDiDo,engraçado,1.0,"vai baka, Põe a julynha nas configurações de fábrica"
1:07:15,4035,lanadka,Lanadka,engraçado,1.0,Eu roubaria os urso tudo é é é
1:07:36,4056,czarcecconello,CzarCecconello,positivo,0.5,"O NPC entrou pra história principal, estamos vivendo um momento épico."
1:07:39,4059,thrillerzs,thrillerzs,neutro,1.0,To na camera mas voces nao tao la
1:07:41,4061,fnaticpe,fnaticpe,neutro,1.0,opa
1:07:44,4064,hisoka3011,hisoka3011,engraçado,0.5,primeira vez q vejo o baka em live na twitch. pode falar oi pra mim?
1:07:50,4070,guilhermesl45,guilhermesl45,neutro,1.0,Um introvertido VS uma EXtrovertida
1:08:05,4085,natie_martins,natie_martins,engraçado,1.0,Kkkkksim
1:08:08,4088,pamfras2006,pamfras2006,neutro,1.0,É quase 11h
1:08:08,4088,ozooby,Ozooby,engraçado,1.0,kkkkkkkkkkkkkkk
1:08:09,4089,andre_candido,aNDRe_CaNDiDo,neutro,1.0,eieiiiita
1:08:10,4090,pristonfield,Pristonfield,engraçado,1.0,kkkkkkkkkkkkkkkk
1:08:11,4091,grayoden,Grayoden,neutro,1.0,"Fedendo, garganta seca, segurando paus, grande noite"
1:08:11,4091,clyttex,clyttex,neutro,1.0,sNIFF sNIFF
1:08:13,4093,pristonfield,Pristonfield,neutro,1.0,sniffa
1:08:15,4095,willmdrs,WillMDRS,neutro,1.0,sao japonesas
1:08:18,4098,andre_candido,aNDRe_CaNDiDo,neutro,1.0,ai sim hein morena
1:08:22,4102,lanadka,Lanadka,engraçado,1.0,Kkkkkkkkkkkkk
1:08:24,4104,redwinepie,redwinepie,neutro,1.0,Adoro gente feidida
1:08:26,4106,animol,AnImoL,engraçado,1.0,julynhSurprise
1:08:26,4106,vinizann,vinizann,engraçado,1.0,kkkkkkkk
1:08:28,4108,erickhsn,erickhsn,neutro,1.0,julinha é pedrerona em
1:08:34,4114,andre_candido,aNDRe_CaNDiDo,neutro,1.0,oooooo la em casa hein morena!
1:08:34,4114,reis_bohnen,reis_bohnen,neutro,1.0,sao brasileiras indo pra balada
1:08:35,4115,sylv_vtbr,sylv_vtbr,confuso,1.0,conseguiram ver eles na camera la? eu nn consegui D:
1:08:37,4117,kratoscarecaa,kratoscarecaa,neutro,1.0,NPC REPETINDO
1:08:38,4118,omalditodokai,omalditodokai,positivo,1.0,eu gosto de mulher com cheiro de suor
1:08:41,4121,reis_bohnen,reis_bohnen,neutro,1.0,curtir
1:08:46,4126,lostcaco,LostCaco,confuso,1.0,água molhada?
1:08:49,4129,erickhsn,erickhsn,confuso,1.0,eu?
1:08:51,4131,edubuscador,edubuscador,neutro,1.0,"Siga bem, Caminhoneira"
1:08:53,4133,andre_candido,aNDRe_CaNDiDo,confuso,1.0,seu pai é padeiro? pq eu quero dar minha rosca
1:08:53,4133,pulchram12,pulchram12,neutro,1.0,CaitThinking
1:08:54,4134,thrillerzs,thrillerzs,neutro,1.0,Caraio tiuzão ta puro não
1:08:59,4139,danizitogm,DanizitoGM,engraçado,1.0,o cara coringando
1:09:00,4140,lusca_a_d_s,lusca_a_d_s,engraçado,1.0,EU TO VENDO VOCES PELA CAMERA DA RUA KKKKKK
1:09:00,4140,guilhermesl45,guilhermesl45,neutro,1.0,Zumbi
1:09:08,4148,reis_bohnen,reis_bohnen,neutro,1.0,tiradentes
1:09:09,4149,grayoden,Grayoden,engraçado,1.0,@aNDRe_CaNDiDo Kkkkkkkkkkkkkkkkkkk
1:09:14,4154,raianwz,RaianWZ,neutro,1.0,mod em ascensão
1:09:17,4157,menel01,menel01,engraçado,1.0,LUL
1:09:19,4159,atereza01,atereza01,engraçado,1.0,kkkkkk
1:09:21,4161,strikewolf5,strikewolf5,neutro,1.0,"Fico feliz com essa live, me lembra momentos de felicidade e depressão de anos atrás"
1:09:22,4162,kratoscarecaa,kratoscarecaa,engraçado,1.0,Kkkkkkkkkk
1:09:28,4168,thrillerzs,thrillerzs,confuso,1.0,Da um desconto que ela nao saiu mais
1:09:29,4169,zenith_2xko,zenith_2xko,neutro,1.0,debuff
1:09:30,4170,sw1ftt_,Sw1ftt_,inspirado,1.0,Tava com tempo livre já que o baka não faz live né
1:09:30,4170,matheusane,Matheusane,neutro,1.0,Voce tbm rainaus
1:09:31,4171,pulchram12,pulchram12,engraçado,1.0,kkkkkkkkkkk
1:09:33,4173,pekkazzi,pekkazzi,neutro,1.0,"Ligou nem a seta, o cara ficou perdidasso"
1:09:34,4174,dinozinbrk,Dinozinbrk,neutro,1.0,KAKAKAKAKAKAKAKAKA
1:09:39,4179,tobleroneopicional,tobleroneopicional,positivo,0.5,Erickzada o goat
1:09:40,4180,isaac17,isaac17,neutro,1.0,Tá amarrado
1:09:43,4183,lanadka,Lanadka,neutro,1.0,Amaldiçoados
1:09:43,4183,xrestrito,xrestrito,neutro,1.0,ta com debuff agr
1:09:47,4187,binifpss,binifpss,neutro,1.0,bixo papao vai come teu cu essa noite baka
1:09:48,4188,peterdcn,peterdcn,neutro,1.0,@RaianWZ raian PETTHEPEEPO
1:09:49,4189,gsa7191,gsa7191,neutro,1.0,Baka se amaldicou só pa zua
1:09:50,4190,reis_bohnen,reis_bohnen,neutro,1.0,os bicho na funcao
1:09:50,4190,sir_wonka0,sir_wonka0,neutro,1.0,Vai pegar debuff
1:09:53,4193,guilhermesl45,guilhermesl45,neutro,1.0,Its over
1:09:53,4193,omalditodokai,omalditodokai,engraçado,1.0,só pode ser feitiçaria satanica pra estar mexendo assim
1:09:54,4194,animol,AnImoL,neutro,1.0,macumbado
1:09:55,4195,psyfoxxx,PsyFoxxx,positivo,1.0,Cheer100 Cheer1 estamos vivos
1:09:59,4199,johnboyzs,JohnBoyzS,confuso,1.0,baka voltou pro japão??
1:10:00,4200,reis_bohnen,reis_bohnen,engraçado,1.0,é o BICHO KKKKKK
1:10:00,4200,paomofadoo_,paomofadoo_,neutro,1.0,inimigos agora causam 15% a mais de dano
1:10:03,4203,sir_wonka0,sir_wonka0,neutro,1.0,-5 de sorte
1:10:04,4204,caarlos3600,caarlos3600,neutro,1.0,julinha tem 47 anos nem parece
1:10:09,4209,redwinepie,redwinepie,neutro,1.0,Segurança do Baka se escondendo
1:10:09,4209,dinozinbrk,Dinozinbrk,neutro,1.0,maldição do kukimata
1:10:12,4212,raianwz,RaianWZ,neutro,1.0,PETTHEPEEPO @peterdcn aobaa
1:10:19,4219,omalditodokai,omalditodokai,neutro,1.0,"@JohnBoyzS não, isso aí é fortaleza"
1:10:21,4221,binifpss,binifpss,neutro,1.0,nerd fofo
1:10:29,4229,lucian2_,lucian2_,neutro,1.0,Poha 47 nem parece
1:10:29,4229,lanadka,Lanadka,neutro,1.0,Ciclope
1:10:29,4229,reis_bohnen,reis_bohnen,neutro,1.0,julinha é menor de idade
1:10:30,4230,lancelot_darc,lancelot_darc,neutro,1.0,"pegou -100 de aura, mas agora tem +100 de ego"
1:10:31,4231,thrillerzs,thrillerzs,neutro,1.0,A mina ta olhando umas mina
1:10:35,4235,reis_bohnen,reis_bohnen,engraçado,1.0,Kappa
1:10:40,4240,willbits1,willbits1,engraçado,1.0,Live da Maria Gadu e Julynha
1:10:40,4240,hisoka3011,hisoka3011,neutro,1.0,@lucian2_ nah duvido
1:10:43,4243,kratoscarecaa,kratoscarecaa,neutro,1.0,Parece o Dexter
1:10:43,4243,sir_wonka0,sir_wonka0,neutro,1.0,@omalditodokai Oxe achei q era xique-xique
1:10:44,4244,rick_viborg,Rick_Viborg,confuso,1.0,Uai... o Baka voltou pro Japão?
1:10:45,4245,palhaco7,palhaco7,positivo,1.0,Coisa boa
1:10:46,4246,tobleroneopicional,tobleroneopicional,neutro,1.0,Anta gorda RS é insano
1:10:46,4246,isaac17,isaac17,engraçado,1.0,OMEGALUL
1:10:46,4246,reis_bohnen,reis_bohnen,neutro,1.0,vareta
1:10:49,4249,rafadesa80,rafadesa80,neutro,1.0,"Ei, carai!!!"
1:10:52,4252,igorluisk2,igorluisk2,engraçado,1.0,kkkkkkkkkkkkkkkkkkkkkk
1:10:53,4253,isaac17,isaac17,neutro,1.0,vish
1:10:53,4253,raianwz,RaianWZ,confuso,1.0,oi?
1:10:54,4254,animol,AnImoL,neutro,1.0,megaman
1:10:55,4255,pope_francis_clone1,pope_francis_clone1,neutro,1.0,taporra
1:10:55,4255,pristonfield,Pristonfield,neutro,1.0,calma ai
1:10:56,4256,lostcaco,LostCaco,neutro,1.0,Baka pegou um pau mais grosso
1:10:56,4256,hisoka3011,hisoka3011,engraçado,1.0,ahahahahahah
1:10:56,4256,vinizann,vinizann,confuso,1.0,q isso
1:10:57,4257,dinozinbrk,Dinozinbrk,neutro,1.0,a calma lá galera
1:10:57,4257,bronojoga,bronojoga,neutro,1.0,como e
1:10:57,4257,alpharius_456,Alpharius_456,engraçado,0.667,q isso kkkkkkk
1:10:57,4257,recucas,recucas,neutro,1.0,Calma
1:10:57,4257,eh_o_leo,EH_O_LEO,engraçado,1.0,KKKKKKKKKKKKKKKK
1:10:57,4257,guilhermesl45,guilhermesl45,neutro,1.0,Para
1:10:58,4258,hisoka3011,hisoka3011,neutro,1.0,la ele
1:11:00,4260,unno2009,unno2009,engraçado,1.0,kkkkkkkkkkkkk
1:11:01,4261,atereza01,atereza01,engraçado,1.0,@willbits1 kkkkkkk
1:11:01,4261,alexom_303,alexom_303,neutro,1.0,a mina do baka escutando isso
1:11:02,4262,thrillerzs,thrillerzs,neutro,1.0,Oloko Calma la é cedo aqui
1:11:04,4264,user1337,user1337,neutro,1.0,LA ELE 1000 VEZES
1:11:04,4264,rapdotyz,rapdotyz,confuso,1.0,eoq
1:11:05,4265,redwinepie,redwinepie,neutro,1.0,Eu usava um mais Grosso antes
1:11:05,4265,tiimoz,tiimoz,engraçado,1.0,esse baka kkkkkkkkkk
1:11:06,4266,psyfoxxx,PsyFoxxx,neutro,1.0,pegou óculos na máquina de pegar óculos
1:11:07,4267,sattxd,sattxd,neutro,1.0,vishhh
1:11:08,4268,furinguito,furinguito,engraçado,1.0,"@Rick_Viborg não po, é na bahia que ele ta"
1:11:08,4268,omalditodokai,omalditodokai,engraçado,1.0,"@Rick_Viborg não, ele ta em cu rosa, interior de minas gerais"
1:11:11,4271,andre_candido,aNDRe_CaNDiDo,confuso,1.0,"aii morena, vai viajar? então pra que esse pacote aqui OOOOOOOOO"
1:11:14,4274,sir_wonka0,sir_wonka0,confuso,1.0,Mais oq????
1:11:16,4276,tobleroneopicional,tobleroneopicional,neutro,1.0,Ixi kakaakakakakakak
1:11:18,4278,tiimoz,tiimoz,neutro,1.0,lá ele pro max infinito
1:11:19,4279,1guinobre1,1guinobre1,engraçado,1.0,Kkkkkkkkkkkk a Julinha não dá não ela é gente como gente
1:11:20,4280,lanadka,Lanadka,neutro,1.0,BEBAM ÁGUA
1:11:23,4283,henri_coo,henri_coo,engraçado,1.0,henri_coo subscribed with Prime.
1:11:24,4284,kaitojk25,kaitojk25,engraçado,1.0,kkkkkkkkk
1:11:25,4285,grayoden,Grayoden,neutro,1.0,xff
1:11:25,4285,mateusrangel0,mateusrangel0,engraçado,1.0,calma ai po kkkkkkkkkk
1:11:27,4287,carmeziin,carmeziin,engraçado,1.0,KKKKKKKKKKKKKK  tá muito rico
1:11:31,4291,pristonfield,Pristonfield,confuso,1.0,que passeio?
1:11:32,4292,lanadka,Lanadka,neutro,1.0,SE HIDRATEM
1:11:33,4293,guilhermesl45,guilhermesl45,engraçado,1.0,Kkkkkkkk
1:11:33,4293,rick_viborg,Rick_Viborg,engraçado,1.0,@furinguito suspeitei
1:11:37,4297,kratoscarecaa,kratoscarecaa,neutro,1.0,Beba água
1:11:38,4298,lancelot_darc,lancelot_darc,neutro,1.0,gacha de água se errar fica com sede
1:11:38,4298,carmeziin,carmeziin,neutro,1.0,Desumildade
1:11:44,4304,isaac17,isaac17,engraçado,1.0,Kappa
1:11:46,4306,pulchram12,pulchram12,engraçado,1.0,kkkkkkkkk
1:11:52,4312,thrillerzs,thrillerzs,neutro,1.0,Cara facilmente influenciado
1:11:53,4313,guilhermesl45,guilhermesl45,neutro,1.0,Foi
1:11:55,4315,pope_francis_clone1,pope_francis_clone1,neutro,1.0,mhm
1:11:56,4316,igorluisk2,igorluisk2,engraçado,1.0,kkkkkkkkkkkkkkkkkkkkkkkkkk
1:11:56,4316,user1337,user1337,neutro,1.0,"""sem querrer"""
1:11:57,4317,recucas,recucas,neutro,1.0,Calma
1:11:57,4317,diogoryo2,DioGoRyo2,engraçado,1.0,kkkkkkkkkkkkkkk
1:11:57,4317,tolkien_sem_underline,tolkien_sem_underline,neutro,1.0,chad
1:11:58,4318,lostcaco,LostCaco,confuso,1.0,qual o problema de pegar um pau mais grosso?
1:11:58,4318,vinizann,vinizann,neutro,1.0,ata
1:11:59,4319,erickhsn,erickhsn,neutro,1.0,cancelado ja
1:11:59,4319,gsa7191,gsa7191,confuso,1.0,"Q homem é esse intelectual, na minha tela?"
1:12:00,4320,caiopa3,caiopa3,neutro,1.0,Oloco
1:12:02,4322,andre_candido,aNDRe_CaNDiDo,confuso,1.0,corotinho ?° seu amiguinho
1:12:02,4322,carmeziin,carmeziin,neutro,1.0,"Sim, filho do Mads Mikkelsen"
1:12:03,4323,redwinepie,redwinepie,neutro,1.0,Todo mundo pega então a gente acaba pegando
1:12:04,4324,rick_viborg,Rick_Viborg,engraçado,1.0,O baka dando satisfação pra sua senhora kkkkk
1:12:04,4324,kratoscarecaa,kratoscarecaa,negativo,1.0,Mini caminhão de lixo
1:12:05,4325,atereza01,atereza01,engraçado,1.0,kkkkkkkkkkkkk
1:12:05,4325,soudir_,soudir_,engraçado,1.0,Kkkkkkkkkkkkkk
1:12:05,4325,jorge996493,jorge996493,neutro,1.0,aaaaai ze da manga
1:12:05,4325,pamfras2006,pamfras2006,neutro,1.0,É corote
1:12:05,4325,tobleroneopicional,tobleroneopicional,engraçado,1.0,Vazou o baka milionário
1:12:07,4327,giulianoff,Giulianoff,engraçado,1.0,Giulianoff subscribed with Prime.
1:12:08,4328,coolmelado,coolmelado,engraçado,1.0,Kkkkk
1:12:09,4329,diieguit0br,diieguit0br,neutro,1.0,Julinha tem mais testosterona que o baka pprt
1:12:11,4331,annoyinger,Annoyinger,neutro,1.0,corotinho
1:12:11,4331,gabriellsilvaalves,gabriellsilvaalves,neutro,1.0,A garrafinha parece um corote
1:12:11,4331,pristonfield,Pristonfield,neutro,1.0,corote
1:12:11,4331,sir_wonka0,sir_wonka0,neutro,1.0,Chuchuzinho baka
1:12:12,4332,fnaticpe,fnaticpe,neutro,1.0,batizada
1:12:12,4332,catchau2005,catchau2005,engraçado,1.0,carrinho de lixinho
1:12:13,4333,reis_bohnen,reis_bohnen,engraçado,1.0,essa garrafa me lembra daqueles refri de 2000
1:12:14,4334,animol,AnImoL,neutro,1.0,olha o carro do leeeeeeeeeeite
1:12:15,4335,sylv_vtbr,sylv_vtbr,negativo,1.0,"""ó meu carro"" passa um caminhão de lixo logo atraz"
1:12:15,4335,micalevisk,micalevisk,negativo,1.0,n vai se jogar no carro do lixo hein
1:12:16,4336,coolmelado,coolmelado,positivo,1.0,Boa julinha
1:12:16,4336,soudir_,soudir_,engraçado,1.0,Do leite kkkkkkk
1:12:18,4338,thrillerzs,thrillerzs,neutro,1.0,Corotinho
1:12:18,4338,hikkimoralles,hikkimoralles,neutro,1.0,Batizaram
1:12:20,4340,wesleyp2p,wesleyp2p,engraçado,1.0,KKKKKK
1:12:22,4342,omalditodokai,omalditodokai,confuso,1.0,quem é a gatinha de óculos?
1:12:22,4342,andre_candido,aNDRe_CaNDiDo,confuso,1.0,"eu acho que rolou um ""vai que cola"" nesse pega meu pau"
1:12:23,4343,gato_de_patins,gato_de_patins,engraçado,1.0,kkkkkkkkkkkkkkkkk
1:12:24,4344,braceroz,braceroz,neutro,1.0,Tomando corotinho japonês
1:12:24,4344,binifpss,binifpss,neutro,1.0,kakakakakakakakaka
1:12:26,4346,isaac17,isaac17,engraçado,1.0,OMEGALUL
1:12:27,4347,rezeile_zika,rezeile_zika,neutro,1.0,Nooooosssa
1:12:28,4348,lostcaco,LostCaco,positivo,1.0,Baka batizou com boa noite cinderela
1:12:28,4348,lancelot_darc,lancelot_darc,confuso,1.0,acho que é corote
1:12:28,4348,ryanslaayer,RyanSlaayer,neutro,1.0,Cara bebendo corante
1:12:29,4349,lazzyin,lazzyin,neutro,1.0,a agua ta com um gostinho de vodka
1:12:29,4349,eh_o_leo,EH_O_LEO,positivo,1.0,BOA NOITE CINDERELA
1:12:30,4350,atereza01,atereza01,neutro,1.0,agua feia
1:12:32,4352,vcolt_,vcolt_,neutro,1.0,...
1:12:32,4352,maxeyes1,MaxEyes1,neutro,1.0,garrafa de corote
1:12:33,4353,reis_bohnen,reis_bohnen,engraçado,1.0,agua molhada Kappa
1:12:33,4353,pristonfield,Pristonfield,neutro,1.0,@omalditodokai baka
1:12:35,4355,eujuniorsiiin,euJuniorsiiin,engraçado,1.0,humor e piadas
1:12:37,4357,gato_de_patins,gato_de_patins,neutro,1.0,@omalditodokai é o baka
1:12:37,4357,eh_o_leo,EH_O_LEO,confuso,1.0,BATIZOU A AGUA BAKA?
1:12:38,4358,grayoden,Grayoden,positivo,1.0,Gosto de leite de touro
1:12:38,4358,redwinepie,redwinepie,neutro,1.0,Saudades de um corote
1:12:39,4359,alexxxxxxx420,alexxxxxxx420,engraçado,1.0,Barrigudinha
1:12:39,4359,binifpss,binifpss,neutro,1.0,e estupida
1:12:40,4360,pekkazzi,pekkazzi,neutro,1.0,Foi juvenil
1:12:43,4363,doispontos_rams,doispontos_rams,neutro,1.0,A agua dos cara parece corote
1:12:43,4363,tobleroneopicional,tobleroneopicional,neutro,1.0,É pq n é água é corote
1:12:44,4364,sir_wonka0,sir_wonka0,neutro,1.0,Mds akakakkaka
1:12:46,4366,vhsentz,vhsentz,engraçado,1.0,Ela ri das próprias piadas🤣
1:12:51,4371,unno2009,unno2009,neutro,1.0,se isso aí não é vodka to maluco
1:12:53,4373,lanadka,Lanadka,engraçado,1.0,Kkkkkkkkkkkk
1:12:54,4374,unapologetic_dog,unapologetic_dog,neutro,1.0,Baka com medo do
1:12:54,4374,otaku_maliguino,otaku_maliguino,engraçado,0.667,Quero o que a julynha tomou kkkkk
1:12:55,4375,thrillerzs,thrillerzs,positivo,1.0,"Sem cheiro, sem gosto e sem cor"
1:12:56,4376,pristonfield,Pristonfield,neutro,1.0,isadora
1:12:56,4376,grayoden,Grayoden,engraçado,1.0,kkkkkkkkkkkkk
1:12:59,4379,alpharius_456,Alpharius_456,engraçado,1.0,isadora kkkkkkkkkkkkkkkkkkk
1:13:00,4380,douglaswcamargo,douglaswcamargo,neutro,1.0,INODORA é o nome da minha avó
1:13:00,4380,rapdotyz,rapdotyz,engraçado,1.0,KKKKKKKKKKK
1:13:01,4381,lazzyin,lazzyin,engraçado,1.0,ISADORA KKKKKKKKKKKKKKKKKKKKKKKKKKKKKKKKKKKKK
1:13:02,4382,kratoscarecaa,kratoscarecaa,neutro,1.0,Que chapadera dessa Julinha
1:13:03,4383,jhincriminoso,jhincrimInoso,confuso,1.0,julinha é pcd?
1:13:04,4384,lanadka,Lanadka,neutro,1.0,👉🏻👈🏻
1:13:04,4384,omalditodokai,omalditodokai,neutro,1.0,@gato_de_patins ta gatinha
1:13:04,4384,psyfoxxx,PsyFoxxx,neutro,1.0,insolente
1:13:05,4385,annoyinger,Annoyinger,neutro,1.0,incoerente
1:13:06,4386,pristonfield,Pristonfield,neutro,1.0,"isadora, inception"
1:13:06,4386,grayoden,Grayoden,neutro,1.0,indolor
1:13:06,4386,micalevisk,micalevisk,neutro,1.0,irracional
1:13:06,4386,braceroz,braceroz,neutro,1.0,Inodora é que não tem dor
1:13:09,4389,zenith_2xko,zenith_2xko,neutro,1.0,isadora
1:13:09,4389,guilhermesl45,guilhermesl45,engraçado,1.0,Kkkkkkkkkkkkk
1:13:09,4389,eujuniorsiiin,euJuniorsiiin,neutro,1.0,meus deus
1:13:10,4390,lancelot_darc,lancelot_darc,engraçado,1.0,inodora kkkkk
1:13:11,4391,hisoka3011,hisoka3011,neutro,1.0,queixo de rabo
1:13:11,4391,czarcecconello,CzarCecconello,neutro,1.0,71 aninhos com cara de 35
1:13:12,4392,lokky_sc,lokky_sc,neutro,1.0,isadora
1:13:13,4393,willbits1,willbits1,neutro,1.0,Realmente a água dela tava estragada
1:13:13,4393,lostcaco,LostCaco,neutro,1.0,isotrópica
1:13:14,4394,dinozinbrk,Dinozinbrk,neutro,1.0,isadora
1:13:16,4396,thrillerzs,thrillerzs,neutro,1.0,"Coloca o ratinho ai, Raaapaaaaiz"
1:13:17,4397,carmeziin,carmeziin,engraçado,1.0,ele sempre deixando ela na reflexão das palavras KKKKKKKKKKKKKKKKKKlKKKKKKKKKKKKKKKKKKKKKKKKK
1:13:17,4397,danizitogm,DanizitoGM,neutro,1.0,isadora insépta e específica
1:13:18,4398,binifpss,binifpss,engraçado,1.0,tricolor paulista
1:13:20,4400,a_palavra_cabalistica_eh,凹凸凹凸凹凸凹凸凹凸凹,engraçado,1.0,patati patata kkkkk
1:13:20,4400,tiimoz,tiimoz,neutro,1.0,"isadora, inseta"
1:13:20,4400,annoyinger,Annoyinger,neutro,1.0,incolor tem no magic
1:13:20,4400,pamfras2006,pamfras2006,neutro,1.0,Isaura
1:13:22,4402,natie_martins,natie_martins,neutro,1.0,Essa menina não ta pura
1:13:24,4404,catchau2005,catchau2005,neutro,1.0,sem cheiro
1:13:24,4404,micalevisk,micalevisk,neutro,1.0,isadora é a minha ex
1:13:24,4404,pekkazzi,pekkazzi,neutro,1.0,Hinode
1:13:29,4409,hisoka3011,hisoka3011,neutro,1.0,inodora sem odr
1:13:29,4409,doispontos_rams,doispontos_rams,neutro,1.0,"Até careta os cara ta fazendo, isso é muito corote"
1:13:30,4410,zenith_2xko,zenith_2xko,neutro,1.0,inodor
1:13:31,4411,hisoka3011,hisoka3011,neutro,1.0,odor
1:13:31,4411,tiimoz,tiimoz,neutro,1.0,isadora e inseta
1:13:34,4414,pulchram12,pulchram12,engraçado,1.0,Kkkkkkkkk
1:13:34,4414,sattxd,sattxd,neutro,1.0,baka ta sensual com esses oculos quje isso em
1:13:35,4415,omalditodokai,omalditodokai,neutro,1.0,@micalevisk fdp eu ia dizer isso
1:13:37,4417,atereza01,atereza01,neutro,1.0,intelectual dms com esse óculos
1:13:38,4418,braceroz,braceroz,neutro,1.0,Inodora é sem dor
1:13:38,4418,anelimico,anelimico,neutro,1.0,isadora é a amante do meu ex
1:13:39,4419,andre_candido,aNDRe_CaNDiDo,neutro,1.0,eiiita sai da frente poooooo
1:13:39,4419,dinozinbrk,Dinozinbrk,neutro,1.0,OLOKO
1:13:39,4419,lazzyin,lazzyin,neutro,1.0,coe
1:13:41,4421,eh_o_leo,EH_O_LEO,neutro,1.0,TÁ OLHANDO PRO BAKA
1:13:42,4422,alpharius_456,Alpharius_456,neutro,1.0,mt secante
1:13:42,4422,lanadka,Lanadka,engraçado,1.0,Kkkkkkkkkkkkk
1:13:43,4423,binifpss,binifpss,neutro,1.0,hiperfoco em mulher
1:13:44,4424,guilhermesl45,guilhermesl45,engraçado,0.667,Q issoooo kkkkkkk
1:13:44,4424,tiodeivis,tiodeivis,neutro,1.0,pense num bot fdp viu
1:13:46,4426,carmeziin,carmeziin,neutro,1.0,@micalevisk vish
1:13:46,4426,morisleepy,morisleepy,neutro,1.0,Omg
1:13:47,4427,maxpirne1,maxpirne1,neutro,1.0,julynha é muito jack cara
1:13:48,4428,mcronaldsfeliz,McRonaldsFeliz,neutro,1.0,@micalevisk A minha tbm ;-;
1:13:48,4428,passarobllue,passarobllue,neutro,1.0,Julynha toys do povo !!
1:13:49,4429,kratoscarecaa,kratoscarecaa,neutro,1.0,Conversas de alto QI
1:13:49,4429,maxpirne1,maxpirne1,neutro,1.0,que bizarro
1:13:49,4429,asaph_g,asaph_g,neutro,1.0,Mostra uma foto sua dormindo
1:13:50,4430,omalditodokai,omalditodokai,neutro,1.0,"@sattxd né, ta atiçando"
1:13:54,4434,catchau2005,catchau2005,neutro,1.0,tá cheio das picadas
1:13:54,4434,allancarllos,allancarllos,neutro,1.0,bela bunda
1:13:56,4436,lostcaco,LostCaco,confuso,1.0,a bunda do queixo do Baka tá mais mole
1:13:57,4437,gato_de_patins,gato_de_patins,engraçado,1.0,kkkkkkkkkkkkkk
1:13:57,4437,igorluisk2,igorluisk2,engraçado,1.0,kkkkkkkkkkkkkkkkkkkkkkkk
1:14:00,4440,braceroz,braceroz,neutro,1.0,Baka foi até o Japão pra tomar corote em live
1:14:00,4440,jh8nnys,jh8nnys,neutro,1.0,Queixorubro
1:14:01,4441,grayoden,Grayoden,neutro,1.0,todo mundo no cio Binoculous
1:14:01,4441,lanadka,Lanadka,neutro,1.0,Bumbum guloso
1:14:01,4441,annoyinger,Annoyinger,engraçado,1.0,kkkkkkkkkkk
1:14:02,4442,alouqq,alouqq,neutro,1.0,Julinha é caçadora de mulher
1:14:04,4444,soudir_,soudir_,engraçado,1.0,Kkkkkkkkkkkkkk
1:14:05,4445,alexom_303,alexom_303,engraçado,1.0,KKKKKKKKKKKKKKKKKKKKKK
1:14:05,4445,doispontos_rams,doispontos_rams,confuso,1.0,Quem é isadora mano?
1:14:05,4445,liiaay01,liiaay01,engraçado,1.0,KKKKKKkk
1:14:06,4446,marcosssantoro,MarcossSantoro,engraçado,1.0,Kkkkkkk
1:14:07,4447,zenith_2xko,zenith_2xko,neutro,1.0,para de me aticar baka
1:14:07,4447,hisoka3011,hisoka3011,neutro,1.0,queixorabo
1:14:07,4447,thrillerzs,thrillerzs,engraçado,1.0,KKKKKKKKKKKKKK JULINHA parece eu e meu amigo na rua olhando as mina
1:14:08,4448,hamtarocomunista,hamtarocomunista,neutro,1.0,O Baka é muito mais feliz no Japão !
1:14:08,4448,dinozinbrk,Dinozinbrk,inspirado,1.0,"Não importa quanto tempo se passe, julinha ainda continua olhando para as japonesas coxudas"
1:14:09,4449,ayanmelo,ayanmelo,neutro,1.0,levou picada na cara
1:14:10,4450,carmeziin,carmeziin,confuso,1.0,Que isso? Seduzindo na minha tela cara
1:14:11,4451,lancelot_darc,lancelot_darc,neutro,1.0,Baka Giga Chad
1:14:12,4452,tiimoz,tiimoz,confuso,1.0,belo queixo de bunda baka
1:14:13,4453,unno2009,unno2009,neutro,1.0,baka aumentou esse queixo dele
1:14:13,4453,eujuniorsiiin,euJuniorsiiin,neutro,1.0,queixo bumdudo
1:14:14,4454,annoyinger,Annoyinger,neutro,1.0,a franjinha q esconde a calvice
1:14:15,4455,alpharius_456,Alpharius_456,neutro,1.0,todo emo
1:14:17,4457,pristonfield,Pristonfield,neutro,1.0,ta parecendo uma lesbica
1:14:18,4458,victorhc137,victorhc137,positivo,1.0,Você tá lindo
1:14:19,4459,hisoka3011,hisoka3011,neutro,1.0,penteado de Justin Bieber
1:14:20,4460,jh8nnys,jh8nnys,neutro,1.0,Baka vai acabar torando julinha
1:14:23,4463,palhaco7,palhaco7,neutro,1.0,69
1:14:24,4464,redwinepie,redwinepie,engraçado,1.0,Eu adoro a risada dela
1:14:26,4466,grayoden,Grayoden,confuso,1.0,6942067?
1:14:27,4467,omalditodokai,omalditodokai,confuso,1.0,essa franja é pra esconder a calvície?
1:14:28,4468,micalevisk,micalevisk,positivo,1.0,vamo bater 69
1:14:30,4470,catchau2005,catchau2005,neutro,1.0,já bateu os 67
1:14:30,4470,diogoryo2,DioGoRyo2,neutro,1.0,já sigo ela
1:14:31,4471,erickhsn,erickhsn,neutro,1.0,67
1:14:32,4472,carmeziin,carmeziin,neutro,1.0,De bem
1:14:33,4473,liiaay01,liiaay01,neutro,1.0,Tem que deixar franja emo
1:14:33,4473,andersondok,andersondok,neutro,1.0,xd
1:14:34,4474,binifpss,binifpss,neutro,1.0,trabalhador
1:14:35,4475,dinozinbrk,Dinozinbrk,neutro,1.0,somos do bem
1:14:36,4476,braceroz,braceroz,confuso,1.0,Ela quer q bate em quem?
1:14:36,4476,pekkazzi,pekkazzi,engraçado,0.5,A maioria?
1:14:37,4477,wesleyp2p,wesleyp2p,neutro,1.0,Eu me comporto
1:14:37,4477,rofefps,Rofefps,neutro,1.0,Cidadão de bem
1:14:38,4478,pedro_9753,pedro_9753,neutro,1.0,é sim
1:14:38,4478,tiodeivis,tiodeivis,neutro,1.0,ja bateu 69
1:14:38,4478,pamfras2006,pamfras2006,neutro,1.0,67
1:14:40,4480,natie_martins,natie_martins,engraçado,0.667,Queixo bundudo é foda kkkkk
1:14:41,4481,allancarllos,allancarllos,engraçado,1.0,eu nao eu sou criminoso
1:14:42,4482,sir_wonka0,sir_wonka0,confuso,1.0,69??
1:14:42,4482,alnpng,alnpng,neutro,1.0,trabaiador
1:14:42,4482,raianwz,RaianWZ,confuso,1.0,67?
1:14:43,4483,nsei_hmm,nsei_hmm,neutro,1.0,rapa logo o cabelo
1:14:46,4486,sattxd,sattxd,neutro,1.0,tudo vagabundo
1:14:47,4487,redwinepie,redwinepie,neutro,1.0,Eu não me comportar
1:14:48,4488,grayoden,Grayoden,neutro,1.0,bunda queixuda
1:14:55,4495,sir_wonka0,sir_wonka0,neutro,1.0,N recomendo
1:14:55,4495,jhincriminoso,jhincrimInoso,engraçado,1.0,kkkkkk
1:14:58,4498,tulioapenas,tulioapenas,neutro,1.0,JA BATEU
1:15:01,4501,fliesbynight,FliesByNight,neutro,1.0,@julynhatoys
1:15:03,4503,coca_cola350ml,Coca_Cola350ml,confuso,1.0,QUem ja foi preso pode participar?
1:15:09,4509,jh8nnys,jh8nnys,neutro,1.0,Os sinais e o baka se fazendo de doido
1:15:09,4509,eujuniorsiiin,euJuniorsiiin,positivo,1.0,69 é uma meta boa
1:15:11,4511,redwinepie,redwinepie,neutro,1.0,"Se quiser me ter, tem que me aceitar como eu sou"
1:15:13,4513,natie_martins,natie_martins,engraçado,1.0,"Tem q se comportar, ela falando toneladas de besteira kkkkk"
1:15:14,4514,tiodeivis,tiodeivis,neutro,1.0,68 971
1:15:22,4522,thrillerzs,thrillerzs,engraçado,1.0,Agora que percebi que sigo ela tem uns anos kkk
1:15:22,4522,eh_o_leo,EH_O_LEO,engraçado,1.0,KKKKKKKKKK
1:15:25,4525,pedro_9753,pedro_9753,engraçado,1.0,kkkkkk
1:15:31,4531,rapha_lee,rapha_lee,neutro,1.0,brasileiro medio
1:15:33,4533,sattxd,sattxd,positivo,1.0,sonhou mt baixo pra quem ta no topo
1:15:35,4535,micalevisk,micalevisk,confuso,1.0,n pode atropelar veio??? q absurdo
1:15:36,4536,jh8nnys,jh8nnys,neutro,1.0,Baka ela tá tão na sua
1:15:38,4538,welingtonrm,welingtonrm,confuso,1.0,ele voltou pro japao ou ta so viajando pra la ?
1:15:41,4541,cafeaguado,cafeaguado,frustrado,1.0,Não pode mais bater embaixadinha andando de bicicleta afff
1:15:44,4544,erickhsn,erickhsn,engraçado,1.0,primeira vez q o baka bebe agua na stream
1:15:45,4545,lotuz_aka_king,lotuz_aka_king,engraçado,1.0,lotuz_aka_king subscribed with Prime.
1:15:47,4547,lanadka,Lanadka,neutro,1.0,Jogas na pessoas
1:15:54,4554,catchau2005,catchau2005,neutro,1.0,grau é arte mermao
1:15:57,4557,ayanmelo,ayanmelo,positivo,1.0,chamou pro beco safado
1:16:01,4561,guilhermesl45,guilhermesl45,neutro,1.0,Blz
1:16:07,4567,re4per_r_,re4per_r_,neutro,1.0,É verdade
1:16:09,4569,lotuz_aka_king,lotuz_aka_king,confuso,1.0,voltou pro japao quando???
1:16:12,4572,liiaay01,liiaay01,engraçado,1.0,@erickhsn É vodka KKKkk certeza
1:16:14,4574,carmeziin,carmeziin,confuso,1.0,Mostrando a garrafa? É sim
1:16:15,4575,simonweyne,simonweyne,confuso,1.0,PUNHETASSO MUDOU PRA MEIO DIA?
1:16:18,4578,catchau2005,catchau2005,engraçado,1.0,primeira vez que o baka bebe mijo em live
1:16:20,4580,hisoka3011,hisoka3011,neutro,1.0,ele bebe agua pra nao piorar a cistolis
1:16:21,4581,eujuniorsiiin,euJuniorsiiin,engraçado,1.0,@thrillerzs eu tambem
1:16:23,4583,thrillerzs,thrillerzs,confuso,1.0,Cara prefere beber suco de tomate do que água
1:16:26,4586,lostcaco,LostCaco,engraçado,0.5,@erickhsn ele já bebeu outras coisas?
1:16:28,4588,rafadesa80,rafadesa80,confuso,1.0,"Vai ficar definitivo, bakão?"
1:16:33,4593,erickhsn,erickhsn,neutro,1.0,@LostCaco tudo menos água
1:16:36,4596,marcosssantoro,MarcossSantoro,engraçado,1.0,Kkkk
1:16:37,4597,natie_martins,natie_martins,neutro,1.0,É sim!!!!
1:16:42,4602,lostcaco,LostCaco,engraçado,1.0,kkk
1:16:45,4605,lotuz_aka_king,lotuz_aka_king,neutro,1.0,"@rafadesa80 entao, tbm quero saber"
1:16:46,4606,bruceluze,BruceLuze,neutro,1.0,kk
1:16:48,4608,gato_de_patins,gato_de_patins,engraçado,1.0,kkkkkkkkkkk
1:16:48,4608,marcosssantoro,MarcossSantoro,engraçado,1.0,Piadas ao natural só..nkkkk
1:16:50,4610,adilson_ofnone,adilson_ofnone,neutro,1.0,predrera
1:16:51,4611,aizenr6ss,aizenr6ss,engraçado,1.0,tarada kkkkkkkkkkkkk
1:16:53,4613,lanadka,Lanadka,engraçado,1.0,Kkkkkk
1:16:54,4614,re4per_r_,re4per_r_,engraçado,1.0,Ela fica tarando todo mundo kkkkkkk
1:16:55,4615,tulioapenas,tulioapenas,engraçado,1.0,kkkkkkkkkkkk
1:16:56,4616,alexom_303,alexom_303,neutro,1.0,oloco
1:16:57,4617,pekkazzi,pekkazzi,neutro,1.0,@LostCaco Nem te conto
1:16:57,4617,andre_candido,aNDRe_CaNDiDo,confuso,1.0,"chega na japa e fala: aii morena, seu pai trabalhava na madereira? porque eu ajudo a levar as tora"
1:16:58,4618,ayanmelo,ayanmelo,neutro,1.0,julynha de pau duro
1:17:02,4622,wesleyp2p,wesleyp2p,neutro,1.0,"Mano, a julynha não para de olhar para as mulher KK"
1:17:06,4626,catchau2005,catchau2005,neutro,1.0,"Japão não era assim, foi dps do baka chegar"
1:17:07,4627,nsei_hmm,nsei_hmm,engraçado,0.667,qq ela tem com coxas ? a anos já é assim kkkk
1:17:09,4629,lanadka,Lanadka,engraçado,1.0,Julhinha ta atiçada kkkkkkk
1:17:09,4629,reis_bohnen,reis_bohnen,neutro,1.0,chama o miranha
1:17:10,4630,carmeziin,carmeziin,neutro,1.0,Ju tá na seca
1:17:16,4636,reis_bohnen,reis_bohnen,neutro,1.0,chama os power rangers
1:17:17,4637,carmeziin,carmeziin,engraçado,1.0,Primeira que der mole já era
1:17:21,4641,tulioapenas,tulioapenas,neutro,1.0,"mas hj temos que admitr, as japonesas estao muito bonitas"
1:17:25,4645,atereza01,atereza01,frustrado,1.0,pqp o andre ta locao
1:17:27,4647,catchau2005,catchau2005,confuso,1.0,fake táxi? vai nessa não baka
1:17:31,4651,lotuz_aka_king,lotuz_aka_king,neutro,1.0,baka desumilde
1:17:31,4651,erickhsn,erickhsn,neutro,1.0,tax free da trabalho de mais
1:17:34,4654,hamtarocomunista,hamtarocomunista,neutro,1.0,Ta em casa Baka!!
1:17:36,4656,andre_candido,aNDRe_CaNDiDo,neutro,1.0,"pensa, julynha ta só no DJ a meses"
1:17:40,4660,reis_bohnen,reis_bohnen,neutro,1.0,sempre @tulioapenas
1:17:40,4660,sir_wonka0,sir_wonka0,confuso,1.0,Baka ta acompnhando o brasileirao?
1:17:43,4663,asaph_g,asaph_g,confuso,1.0,Então ela prefere coxa doq o peito do frango
1:17:45,4665,zenith_2xko,zenith_2xko,neutro,1.0,fallen onfire
1:17:48,4668,jh8nnys,jh8nnys,neutro,1.0,Julinha só lançando os sinais pro baka
1:17:48,4668,omalditodokai,omalditodokai,engraçado,1.0,turista caga no chão
1:17:50,4670,thrillerzs,thrillerzs,confuso,1.0,Oloko que isso
1:17:51,4671,pulchram12,pulchram12,engraçado,1.0,Kkkkkkk
1:17:52,4672,lanadka,Lanadka,neutro,1.0,Nuuu
1:17:53,4673,reis_bohnen,reis_bohnen,neutro,1.0,EITAAAAA
1:17:54,4674,carmeziin,carmeziin,engraçado,1.0,KKKKKKKKKKKKKKKKKKlKKKK
1:17:58,4678,doispontos_rams,doispontos_rams,neutro,1.0,Graças a mim
1:17:58,4678,candrew___,Candrew___,engraçado,1.0,Só agora kkkk
1:17:59,4679,matheuusss10,matheuusss10,neutro,1.0,Shush
1:18:02,4682,re4per_r_,re4per_r_,engraçado,1.0,kkkkkkkkkkkk
1:18:02,4682,grayoden,Grayoden,neutro,1.0,distSmile
1:18:03,4683,paomofadoo_,paomofadoo_,engraçado,1.0,fruta q partiu kkkk
1:18:03,4683,sylv_vtbr,sylv_vtbr,neutro,1.0,"""fruta q partiu"""
1:18:06,4686,unno2009,unno2009,engraçado,1.0,só agorakkkkkkkkk
1:18:06,4686,pekkazzi,pekkazzi,engraçado,1.0,Ela gritar isso é maravilhosa kkkkkkkkkkkkkkkkkkkkk
1:18:07,4687,redwinepie,redwinepie,confuso,1.0,Fizeram um 69 ?
1:18:08,4688,ozooby,Ozooby,engraçado,1.0,que susto porra kkkkkkkkkkk
1:18:12,4692,alorien_11,alorien_11,positivo,1.0,"Salve baka, vc é meu fã, pede salve ai"
1:18:13,4693,hemoglobina05,hemoglobina05,engraçado,1.0,gritando 69 no meio da rua
1:18:15,4695,carmeziin,carmeziin,neutro,1.0,"Sim julynha, somos seres de bem"
1:18:18,4698,marcosssantoro,MarcossSantoro,engraçado,1.0,Kkkk comemoraces
1:18:18,4698,mrbunny_oficial,mrbunny_oficial,neutro,1.0,Voltou pro Japão vai voltar o punhetaço
1:18:25,4705,lotuz_aka_king,lotuz_aka_king,confuso,1.0,"que dia que você voltou que nem me avisou, baka gaijin da silva sauro?"
1:18:31,4711,thrillerzs,thrillerzs,neutro,1.0,1 hora punhetaço
1:18:31,4711,sylv_vtbr,sylv_vtbr,positivo,0.5,@alorien_11 tu ja deu o salve no inicio da frase besta
1:18:33,4713,ojoaolife,ojoaolife,confuso,1.0,"Oloko, voltou pro Japão quando ?"
1:18:33,4713,re4per_r_,re4per_r_,neutro,1.0,Eficiente
1:18:40,4720,lanadka,Lanadka,neutro,1.0,Vcs são mto bons em segurar paus
1:18:47,4727,paomofadoo_,paomofadoo_,neutro,1.0,bichão ta enxergando tudo
1:18:47,4727,czarcecconello,CzarCecconello,neutro,1.0,Punhetaço é ao meio dia agora galera
1:18:47,4727,dinozinbrk,Dinozinbrk,confuso,1.0,hora do Punhetaço?
1:18:47,4727,doispontos_rams,doispontos_rams,neutro,1.0,Punhetaço não rolou no brasil
1:18:48,4728,a_palavra_cabalistica_eh,凹凸凹凸凹凸凹凸凹凸凹,engraçado,1.0,nuca miope kkkkk
1:18:48,4728,catchau2005,catchau2005,neutro,1.0,camera de ré
1:18:49,4729,lostcaco,LostCaco,engraçado,1.0,NPC aleatório
1:18:50,4730,lusca_a_d_s,lusca_a_d_s,neutro,1.0,multi função
1:18:50,4730,sadplant0,sadplant0,engraçado,1.0,kkkkkkkkk
1:18:51,4731,lanadka,Lanadka,neutro,1.0,Mano
1:18:51,4731,annoyinger,Annoyinger,neutro,1.0,"oculos da meta, ta te gravando"
1:18:54,4734,alorien_11,alorien_11,neutro,1.0,"Nem percebi, slc"
1:18:55,4735,marcosssantoro,MarcossSantoro,neutro,1.0,NPC Bugado
1:18:56,4736,atereza01,atereza01,positivo,0.5,zoom fodas?
1:18:57,4737,alorien_11,alorien_11,neutro,1.0,KAKAKAKAKAA
1:18:58,4738,lanadka,Lanadka,neutro,1.0,Ajude ele baka
1:18:58,4738,redwinepie,redwinepie,neutro,1.0,As calças caindo e o rabo coçando
1:19:02,4742,paomofadoo_,paomofadoo_,neutro,1.0,domingão da resenha
1:19:05,4745,reis_bohnen,reis_bohnen,neutro,1.0,!time
1:19:10,4750,yawniess,yawniess,confuso,1.0,punhetaço so meio dia?
1:19:10,4750,atereza01,atereza01,confuso,1.0,sao paulo?
1:19:10,4750,carmeziin,carmeziin,confuso,1.0,Esse ano vai ter live de halloween?
1:19:11,4751,hemoglobina05,hemoglobina05,neutro,1.0,23 horas né
1:19:12,4752,doispontos_rams,doispontos_rams,neutro,1.0,Os cara andando com os pau mostrando em Tokyo
1:19:17,4757,aram_kings,aram_kings,confuso,1.0,no japão tem pixação ?
1:19:17,4757,catchau2005,catchau2005,neutro,1.0,fake taxis
1:19:18,4758,dxpthhr,dxpthhr,confuso,1.0,Rapaz... Quanto tempo que eu não participo de um punhetaço
1:19:22,4762,sumidoperdido,sumidoperdido,confuso,1.0,Qdo vai ser o punhetasso hj?
1:19:24,4764,hikkimoralles,hikkimoralles,neutro,1.0,Sendo zaralhado
1:19:25,4765,ojoaolife,ojoaolife,neutro,1.0,Um dia desse eu não tava vendo vídeo teu na avenida Paulista. Q qui cê ta fazendo ai
1:19:31,4771,lancelot_darc,lancelot_darc,confuso,1.0,tem uber no japão?
1:19:32,4772,eh_o_leo,EH_O_LEO,confuso,1.0,A mina do Baka voltou com ele pro BR?
1:19:37,4777,otaku_maliguino,otaku_maliguino,confuso,1.0,vai ter punhetasso ?
1:19:39,4779,sir_wonka0,sir_wonka0,neutro,1.0,@dxpthhr Eu nem lembrava mais desse nobre evento
1:19:40,4780,guilhermesl45,guilhermesl45,neutro,1.0,Você culpa
1:19:43,4783,thrillerzs,thrillerzs,neutro,1.0,Ja ia levar multa
1:19:44,4784,liiaay01,liiaay01,engraçado,1.0,Não sabem atravessar a rua KKKkkkk
1:19:45,4785,hisoka3011,hisoka3011,neutro,1.0,grafitti no japao
1:19:47,4787,nsei_hmm,nsei_hmm,engraçado,0.5,diminuíram o orçamento? só tem 2 tipos de carro kkk
1:19:48,4788,alpharius_456,Alpharius_456,neutro,1.0,@otaku_maliguino 12h
1:19:57,4797,thrillerzs,thrillerzs,engraçado,1.0,KKKKKKKKKK
1:19:57,4797,loolzzx,loolzzx,engraçado,1.0,KKKKKKKKKKKKKKK
1:19:57,4797,lotuz_aka_king,lotuz_aka_king,frustrado,1.0,filho da puta parou de agradecer na minha ve
1:20:00,4800,otaku_maliguino,otaku_maliguino,neutro,1.0,aaaaaa
1:20:01,4801,doispontos_rams,doispontos_rams,engraçado,1.0,Arigatanks
1:20:01,4801,micalevisk,micalevisk,confuso,1.0,july tem turbeculose?
1:20:02,4802,tulioapenas,tulioapenas,engraçado,1.0,arigapenisssssssssssss
1:20:02,4802,isaac17,isaac17,engraçado,1.0,OMEGALUL
1:20:03,4803,tiodeivis,tiodeivis,engraçado,1.0,KKKKKKKKKKKKKKKKKKKKKKKKKK
1:20:05,4805,guilhermesl45,guilhermesl45,engraçado,1.0,Kkkkkkkk
1:20:06,4806,sattxd,sattxd,neutro,1.0,da bença pae
1:20:06,4806,sadplant0,sadplant0,engraçado,1.0,kkkkkkkkkkkkkk
1:20:09,4809,elderk_popi,ポピーーーーーーーーーーーーーーーーー,engraçado,1.0,Jkkkkkkk
1:20:09,4809,cafeaguado,cafeaguado,engraçado,1.0,Arigathanks
1:20:10,4810,marcosssantoro,MarcossSantoro,engraçado,1.0,Kkkkk
1:20:12,4812,annoyinger,Annoyinger,engraçado,1.0,arigatenks bakalovers
1:20:12,4812,unno2009,unno2009,engraçado,1.0,kkkkkkkkkkkk
1:20:14,4814,redwinepie,redwinepie,confuso,1.0,É ao vivo mesmo ou eu to muito chapado ?
1:20:16,4816,loolzzx,loolzzx,positivo,0.5,"arigathanks é foda, deveria usar em todas as lives"
1:20:17,4817,rezeile_zika,rezeile_zika,engraçado,1.0,Essa risada não dá kklkkk
1:20:17,4817,caiopa3,caiopa3,neutro,1.0,@lotuz_aka_king E é
1:20:21,4821,catchau2005,catchau2005,engraçado,1.0,arigathanks
1:20:23,4823,pulchram12,pulchram12,engraçado,1.0,Kkkkkk
1:20:23,4823,thrillerzs,thrillerzs,neutro,1.0,Jojo Pose
1:20:27,4827,annoyinger,Annoyinger,neutro,1.0,é do megaman
1:20:28,4828,psyfoxxx,PsyFoxxx,neutro,1.0,não agradece então arrombado. desculpe
1:20:28,4828,suprem696969,suprem696969,neutro,1.0,essa parte de tokyo ta parecendo sao paulo
1:20:29,4829,reis_bohnen,reis_bohnen,engraçado,1.0,os japaneses com certeza acham estranho pessoas rindo assim em lugar publico
1:20:30,4830,alexom_303,alexom_303,engraçado,1.0,KKKKKKKKKKK
1:20:32,4832,atereza01,atereza01,neutro,1.0,tá atrás do coça cu ainda
1:20:32,4832,season1fighter,season1fighter,neutro,1.0,Servbot
1:20:33,4833,doispontos_rams,doispontos_rams,confuso,0.667,Isso é são paulo Camboriú???
1:20:33,4833,ayanmelo,ayanmelo,neutro,1.0,botijão de gas
1:20:34,4834,lotuz_aka_king,lotuz_aka_king,engraçado,1.0,arigarô gozaimassory
1:20:36,4836,andreadz7,andreadz7,neutro,1.0,coroa todo assado
1:20:36,4836,zenith_2xko,zenith_2xko,neutro,1.0,o cara do oculos
1:20:37,4837,peluciacensurada,PeluciaCensurada,neutro,1.0,eh um xupica
1:20:37,4837,lazzyin,lazzyin,engraçado,1.0,kkkkkkkkkkkkkkkkkk
1:20:39,4839,yawniess,yawniess,neutro,1.0,mendigos
1:20:40,4840,uhh_carol,uhh_carol,confuso,1.0,Pq ele anda assim???
1:20:41,4841,alexom_303,alexom_303,neutro,1.0,chuta ele
1:20:42,4842,lostcaco,LostCaco,neutro,1.0,npc spawnou de novo
1:20:47,4847,sattxd,sattxd,neutro,1.0,pede um cigarro pra esse npc
1:20:47,4847,peluciacensurada,PeluciaCensurada,neutro,1.0,o brasileiro está dentro de nós
1:20:50,4850,omalditodokai,omalditodokai,neutro,1.0,"pronto, chegaram em SP"
1:20:50,4850,tiodeivis,tiodeivis,neutro,1.0,mendigo lendo
1:20:53,4853,hemoglobina05,hemoglobina05,neutro,1.0,ja existe
1:20:54,4854,kratoscarecaa,kratoscarecaa,neutro,1.0,Hummm
1:20:55,4855,catchau2005,catchau2005,engraçado,1.0,"""o usuário de stand pode estar em qualquer lugar"" o usuário de stand:"
1:20:57,4857,pekkazzi,pekkazzi,confuso,1.0,Ele é o Neymar? Não tá andando em linha reta
1:20:59,4859,caarlos3600,caarlos3600,confuso,1.0,isso e cyberpunk com dlss5?
1:20:59,4859,tiodeivis,tiodeivis,neutro,1.0,maldito sistema
1:21:02,4862,atereza01,atereza01,neutro,1.0,sertesa
1:21:02,4862,danrley988,danrley988,neutro,1.0,É do MegaMan legends
1:21:02,4862,forseofcourse,forseofcourse,neutro,1.0,já existe nos earpods
1:21:03,4863,andre_candido,aNDRe_CaNDiDo,engraçado,1.0,samsung acabou de criar um que traduz
1:21:03,4863,peluciacensurada,PeluciaCensurada,neutro,1.0,tem o fone que traduz
1:21:03,4863,sattxd,sattxd,neutro,1.0,oia um dingo
1:21:04,4864,hellsing0123,hellsing0123,neutro,1.0,é só colcoar um Peixe Babel no ouvido
1:21:06,4866,tulioapenas,tulioapenas,positivo,0.5,"o mendingo ali ta lendo? ae sim japao e foda, ate os mendingos leem"
1:21:10,4870,dinozinbrk,Dinozinbrk,neutro,1.0,TA PORRA
1:21:12,4872,zenith_2xko,zenith_2xko,neutro,1.0,morremos
1:21:13,4873,yawniess,yawniess,neutro,1.0,o mendigo tava lendo
1:21:14,4874,marcosssantoro,MarcossSantoro,neutro,1.0,Levou um tir* nas pernas e bugou
1:21:14,4874,cafeaguado,cafeaguado,confuso,1.0,Quanto de enrgia será q o baka ja gerou pro Japão??
1:21:16,4876,willbits1,willbits1,neutro,1.0,oxe
1:21:18,4878,nando_wk,nando_wk,neutro,1.0,tiroteio
1:21:18,4878,tiodeivis,tiodeivis,neutro,1.0,"deve ta lendo em japones ainda, pra tu ver"
1:21:20,4880,nando_wk,nando_wk,neutro,1.0,tao no rj
1:21:22,4882,loolzzx,loolzzx,neutro,1.0,é o tal do chip da besta né manos
1:21:25,4885,dinozinbrk,Dinozinbrk,confuso,1.0,meteoro já chegou na terra?
1:21:31,4891,lostcaco,LostCaco,engraçado,1.0,@tiodeivis kkk
1:21:33,4893,lancelot_darc,lancelot_darc,engraçado,0.5,situação de rua tem no mundo todo isso é triste pra c@ralho
1:21:33,4893,reis_bohnen,reis_bohnen,neutro,1.0,até o japao tem problemas
1:21:36,4896,atereza01,atereza01,neutro,1.0,cred
1:21:40,4900,sattxd,sattxd,neutro,1.0,"o mendigo podia ta bebendo podia ta matando podia ta roubando mas nao, ele ta lendo vey"
1:21:42,4902,doispontos_rams,doispontos_rams,neutro,1.0,Entra no beco
1:21:48,4908,pulchram12,pulchram12,engraçado,1.0,LUL
1:21:51,4911,igorluisk2,igorluisk2,confuso,1.0,omoide?
1:21:52,4912,doispontos_rams,doispontos_rams,neutro,1.0,Beco fazer homem feliz
1:21:54,4914,natie_martins,natie_martins,neutro,1.0,Bem silencioso graças a Deus
1:21:56,4916,lanadka,Lanadka,negativo,1.0,Ta meio cheio de lixo spa
1:21:57,4917,erickhsn,erickhsn,neutro,1.0,o hype agora é china
1:21:57,4917,pekkazzi,pekkazzi,engraçado,1.0,KKKKKKKKKKKKKKKK
1:21:58,4918,pulchram12,pulchram12,engraçado,1.0,Kkkkkkkk
1:21:59,4919,atereza01,atereza01,neutro,1.0,mto sujo q nojo
1:22:00,4920,dinozinbrk,Dinozinbrk,neutro,1.0,"Japão não tem mais graça baka, agora o papo é ir pra China"
1:22:02,4922,peluciacensurada,PeluciaCensurada,neutro,1.0,essa foi rejeitada
1:22:05,4925,marcosssantoro,MarcossSantoro,engraçado,1.0,Kkkkkk skill 0
1:22:21,4941,uhh_carol,uhh_carol,neutro,1.0,O Baka ve um japonês e começa a gemer no ouvido deles
1:22:27,4947,peluciacensurada,PeluciaCensurada,engraçado,1.0,não beba depois de dirigir
1:22:28,4948,yawniess,yawniess,neutro,1.0,nem cabe um carro ai caraaa
1:22:28,4948,atereza01,atereza01,neutro,1.0,mijo
1:22:30,4950,lancelot_darc,lancelot_darc,neutro,1.0,"Japão ta ficando ""abandonado"" devido aos imigrantes"
1:22:31,4951,sixkush,SixKush,engraçado,1.0,não beber depois de digerir
1:22:32,4952,reis_bohnen,reis_bohnen,positivo,0.5,"kirin até é uma cerveja boa, mais tem gosta dagua"
1:22:36,4956,erickhsn,erickhsn,neutro,1.0,qata é o vou moide yokocho
1:22:39,4959,flanfumo,flanfumo,confuso,0.667,"que isso, esse filho da puta voltou pro japão?"
1:22:42,4962,season1fighter,season1fighter,engraçado,0.5,Champion District?
1:22:43,4963,liiaay01,liiaay01,neutro,1.0,Bonitinho
1:22:49,4969,rodmag22,rodmag22,confuso,1.0,Tem guaraná zero ai?
1:22:51,4971,peluciacensurada,PeluciaCensurada,confuso,1.0,bebeste?
1:22:52,4972,hisoka3011,hisoka3011,neutro,1.0,n pode entrar estrangeiro nesses restaurantes
1:22:59,4979,isaac17,isaac17,engraçado,1.0,kkkkkkkkkk
1:23:06,4986,marcosssantoro,MarcossSantoro,engraçado,1.0,Kkkkk
1:23:08,4988,lancelot_darc,lancelot_darc,confuso,1.0,Baka vai participar do jogo do abate?
1:23:08,4988,reis_bohnen,reis_bohnen,confuso,1.0,tem chá de mate ae?
1:23:09,4989,omalditodokai,omalditodokai,neutro,1.0,"@flanfumo não, isso é o maranhão"
1:23:13,4993,pekkazzi,pekkazzi,confuso,1.0,Fortaleza de novo?
1:23:15,4995,catchau2005,catchau2005,neutro,1.0,baka é a mãe de todes
1:23:15,4995,reis_bohnen,reis_bohnen,neutro,1.0,isso é alemao
1:23:15,4995,tiodeivis,tiodeivis,confuso,1.0,R O T H ?
1:23:16,4996,galeto,Galeto,confuso,1.0,ué voltou pro japao?
1:23:16,4996,dinozinbrk,Dinozinbrk,neutro,1.0,"baka foi embora do Japão e agora o Japão não tem mais graça, saiam do Japão e deixe só o baka para que ele restaure o Japão"
1:23:19,4999,l0peu,l0peu,confuso,1.0,Alguém fez o compilado de 10 horas da july gargalhando
1:23:19,4999,hisoka3011,hisoka3011,neutro,1.0,alemao
1:23:31,5011,reis_bohnen,reis_bohnen,positivo,0.5,"tá escrito, lindo aqui"
1:23:32,5012,thrillerzs,thrillerzs,neutro,1.0,O tal do gato
1:23:34,5014,hisoka3011,hisoka3011,neutro,1.0,@Dinozinbrk gado
1:23:38,5018,l0peu,l0peu,confuso,1.0,?
1:23:41,5021,sadplant0,sadplant0,engraçado,1.0,julyinha só rindo kkkkkkkk
1:23:44,5024,alexom_303,alexom_303,neutro,1.0,tobacco
1:23:45,5025,peluciacensurada,PeluciaCensurada,engraçado,1.0,ai tá escrito “escrevi sai correndo pau no cu de quem tá lendo”
1:23:46,5026,boggyneo,boggyneo,neutro,1.0,b
1:23:51,5031,atereza01,atereza01,neutro,1.0,tolinoel
1:23:53,5033,pulchram12,pulchram12,neutro,1.0,CaitThinking
1:23:53,5033,erickhsn,erickhsn,neutro,1.0,virou mainstream msm
1:23:56,5036,reis_bohnen,reis_bohnen,neutro,1.0,beco maneru
1:23:57,5037,pulchram12,pulchram12,engraçado,1.0,Kkkkkkk
1:23:58,5038,wesleykolomar_br,wesleykolomar_br,engraçado,1.0,kkkk
1:24:03,5043,erickhsn,erickhsn,neutro,1.0,hypando o omoide yokocho
1:24:07,5047,redwinepie,redwinepie,confuso,1.0,Nunca vi um estabelecimento dizendo que é fechado pra secsu
1:24:09,5049,annoyinger,Annoyinger,neutro,1.0,rapais
1:24:09,5049,andersondok,andersondok,neutro,1.0,eita
1:24:11,5051,ayanmelo,ayanmelo,neutro,1.0,ela ja ia passa a mina la
1:24:16,5056,annoyinger,Annoyinger,neutro,1.0,como a julynha pedreira nao comento aquilo
1:24:17,5057,ocaiuu,ocaiuu,neutro,1.0,rapaz
1:24:20,5060,sadplant0,sadplant0,neutro,1.0,a bolsa da julyinha parece aquelas que voce leva o gato pra passear
1:24:22,5062,tiodeivis,tiodeivis,neutro,1.0,esse é o beco da facada do japao
1:24:22,5062,reis_bohnen,reis_bohnen,neutro,1.0,local apertado hein
1:24:24,5064,l0peu,l0peu,neutro,1.0,Precisam fazer o compilado de 10 horas da july só gargalhando
1:24:25,5065,dxpthhr,dxpthhr,neutro,1.0,Capaz
1:24:27,5067,avoneci,avoNecI,neutro,1.0,MÓ RABÃO
1:24:30,5070,peluciacensurada,PeluciaCensurada,neutro,1.0,culpa da shopee
1:24:33,5073,pamfras2006,pamfras2006,confuso,1.0,Era o beco do banheiro?
1:24:46,5086,jh8nnys,jh8nnys,neutro,1.0,Que abundância mermao
1:24:56,5096,pekkazzi,pekkazzi,neutro,1.0,Negócio do negócio
1:25:09,5109,unapologetic_dog,unapologetic_dog,neutro,1.0,Baka larga a mão de ficar constrangido pela Julinha. Ela é massa
1:25:11,5111,atereza01,atereza01,neutro,1.0,sai correndo
1:25:15,5115,nsei_hmm,nsei_hmm,engraçado,0.667,Câmera boa kkkk
1:25:17,5117,rafadesa80,rafadesa80,engraçado,0.667,Atração do beco é foda kkkkkk
1:25:18,5118,reis_bohnen,reis_bohnen,positivo,1.0,famoso beco do isntagram
1:25:24,5124,lancelot_darc,lancelot_darc,neutro,1.0,"Julynha skin premium, Baka skin free"
1:25:27,5127,redwinepie,redwinepie,neutro,1.0,Eu respirado
1:25:28,5128,season1fighter,season1fighter,engraçado,1.0,Pergunta pra ela qual é o inicial favorito dela
1:25:39,5139,wesleyp2p,wesleyp2p,neutro,1.0,Ela se vestiu mó bem pra não tirar foto
1:25:39,5139,marcosssantoro,MarcossSantoro,confuso,1.0,Quero quero
1:25:40,5140,danizitogm,DanizitoGM,neutro,1.0,julynha comprou o passe de batalha
1:25:49,5149,sadplant0,sadplant0,neutro,1.0,ajuda a julyinha gente
1:25:51,5151,lanadka,Lanadka,neutro,1.0,EarnedIt
1:25:52,5152,citozfn,citozfn,confuso,1.0,Voltou pro Japão?
1:25:53,5153,mel0_qp,Mel0_qp,confuso,1.0,Julynha é líder de ginásio?
1:25:57,5157,redwinepie,redwinepie,neutro,1.0,Esquilos
1:25:57,5157,reis_bohnen,reis_bohnen,engraçado,1.0,é de risadas tbm
1:25:58,5158,soldadotrvs,soldadotrvs,engraçado,1.0,"soldadotrvs subscribed at Tier 1. They've subscribed for 16 months! Braga gaijin em live , bons tempos"
1:26:05,5165,thrillerzs,thrillerzs,neutro,1.0,Leva ela na maquinha de calcinha
1:26:06,5166,erickhsn,erickhsn,neutro,1.0,farmou aura
1:26:09,5169,peluciacensurada,PeluciaCensurada,neutro,1.0,eu nunca peguei três bicha seguido
1:26:11,5171,marcosssantoro,MarcossSantoro,positivo,1.0,Genial..
1:26:14,5174,dinozinbrk,Dinozinbrk,neutro,1.0,anos se passam e o baka ainda usa skin free
1:26:14,5174,pamfras2006,pamfras2006,neutro,1.0,Pegou 3
1:26:15,5175,unapologetic_dog,unapologetic_dog,neutro,1.0,Tem q levar a Julinha no pachinco
1:26:22,5182,liiaay01,liiaay01,engraçado,1.0,Foi magia KKKKkk
1:26:25,5185,marcosssantoro,MarcossSantoro,engraçado,1.0,Kkkk
1:26:31,5191,omalditodokai,omalditodokai,neutro,1.0,tava pensando nisso
1:26:32,5192,redwinepie,redwinepie,neutro,1.0,A Julynha foi o Sasuke da live
1:26:41,5201,thrillerzs,thrillerzs,neutro,1.0,3 consecutivas nem punhetaço tanka
1:26:46,5206,pulchram12,pulchram12,neutro,1.0,CaitThinking
1:26:46,5206,reis_bohnen,reis_bohnen,neutro,1.0,doctor tiradentes
1:26:58,5218,residente_dorminhoko,residente_dorminhoko,positivo,1.0,e vamo de beco
1:27:09,5229,wesleykolomar_br,wesleykolomar_br,neutro,1.0,X
1:27:14,5234,unno2009,unno2009,neutro,1.0,Pov
1:27:16,5236,alpharius_456,Alpharius_456,neutro,1.0,o cadeirudo ameagan
1:27:16,5236,tiodeivis,tiodeivis,positivo,1.0,SALVE JULYNHA
1:27:16,5236,atereza01,atereza01,engraçado,1.0,faz tempo q n participo de um siriricasso
1:27:19,5239,omalditodokai,omalditodokai,neutro,1.0,baka é assustador
1:27:20,5240,flanfumo,flanfumo,neutro,1.0,a droga o braga paizin
1:27:21,5241,redwinepie,redwinepie,engraçado,1.0,Isso daria uma foto
1:27:24,5244,isaac17,isaac17,neutro,1.0,KEKW
1:27:25,5245,pulchram12,pulchram12,engraçado,1.0,Kkkkkkk
1:27:25,5245,reis_bohnen,reis_bohnen,confuso,1.0,camera digital?
1:27:26,5246,pekkazzi,pekkazzi,neutro,1.0,Justo
1:27:28,5248,fliesbynight,FliesByNight,engraçado,1.0,kkkkkkkkkkkkkkkkkkkkkkkkkkkk
1:27:28,5248,residente_dorminhoko,residente_dorminhoko,neutro,1.0,pra que KEKW
1:27:32,5252,re4per_r_,re4per_r_,engraçado,1.0,Baka é muito grande na visão dela kkkkkkk
1:27:35,5255,thrillerzs,thrillerzs,engraçado,1.0,KKKKKKKKKKK
1:27:35,5255,dinozinbrk,Dinozinbrk,neutro,1.0,gastou uma pergunta baka
1:27:37,5257,rapdotyz,rapdotyz,neutro,1.0,resenha
1:27:37,5257,rezeile_zika,rezeile_zika,confuso,1.0,Pq ela tá de cosplay ??
1:27:38,5258,pulchram12,pulchram12,engraçado,1.0,Kkkkkkkkkkk
1:27:39,5259,f3l1pp33,f3l1pp33,engraçado,1.0,Kkkkkkkk
1:27:39,5259,unno2009,unno2009,engraçado,1.0,kkkkkkkkkkkkk
1:27:41,5261,l0peu,l0peu,neutro,1.0,"Faz sentido, faz muito sentido"
1:27:42,5262,wesleykolomar_br,wesleykolomar_br,engraçado,1.0,kkkkkkkkkkkk
1:27:44,5264,marcosssantoro,MarcossSantoro,engraçado,0.667,Boa sincero kkkk
1:27:45,5265,alpharius_456,Alpharius_456,neutro,1.0,o baka que é a alto ou a julynha é anã
1:27:48,5268,thrillerzs,thrillerzs,neutro,1.0,Ja penso se da de frente com o Baka num beco escuro sé loko
1:27:48,5268,paomofadoo_,paomofadoo_,neutro,1.0,"@rezeile_zika não é cosplay, ela nasceu assim"
1:27:49,5269,nety,nety,engraçado,1.0,kkkkkkkkkkk
1:27:53,5273,soldadotrvs,soldadotrvs,neutro,1.0,bakagaCalvo
1:27:58,5278,season1fighter,season1fighter,confuso,1.0,@rezeile_zika Por que não?
1:27:59,5279,dang0mez_,DanG0meZ_,neutro,1.0,possivel resenha
1:28:00,5280,atereza01,atereza01,neutro,1.0,coloca em cima do mijo do mendigo
1:28:01,5281,pekkazzi,pekkazzi,engraçado,1.0,@Alpharius_456 O Baka que é anã
1:28:01,5281,sadplant0,sadplant0,positivo,1.0,@rezeile_zika ela sempre tá com os melhores looks todos os dias
1:28:04,5284,doispontos_rams,doispontos_rams,confuso,1.0,Baka parecendo o proximo Jeffrey D
1:28:06,5286,grayoden,Grayoden,neutro,1.0,"Julynha tem 1,42"
1:28:07,5287,peluciacensurada,PeluciaCensurada,neutro,1.0,que coisa um de preto o outro jack sparrow do metaverso
1:28:08,5288,beatrizcrotti,beatrizcrotti,positivo,1.0,Te amo baka bom domingo
1:28:10,5290,dinozinbrk,Dinozinbrk,neutro,1.0,os cara entrando no beco com medo do baka
1:28:15,5295,sernitto,Sernitto,engraçado,1.0,tadinha então kkkkkkkkk
1:28:22,5302,beatrizcrotti,beatrizcrotti,neutro,1.0,Enfim becos japoneses
1:28:30,5310,marcosssantoro,MarcossSantoro,neutro,1.0,Profi
1:28:30,5310,rafadesa80,rafadesa80,confuso,1.0,Ela tá fazendo oferenda?
1:28:31,5311,redwinepie,redwinepie,neutro,1.0,Use a LUZ
1:28:31,5311,a_palavra_cabalistica_eh,凹凸凹凸凹凸凹凸凹凸凹,engraçado,1.0,parece que ela faz parte do beco kkkkk
1:28:33,5313,lanadka,Lanadka,neutro,1.0,Colocou em cima do xixi do rato
1:28:33,5313,bruceluze,BruceLuze,neutro,1.0,k
1:28:38,5318,unno2009,unno2009,neutro,1.0,da p ver
1:28:40,5320,andersondok,andersondok,neutro,1.0,ixi
1:28:41,5321,atereza01,atereza01,engraçado,1.0,da pa ve kkkkkkkk
1:28:42,5322,dang0mez_,DanG0meZ_,neutro,1.0,la ele
1:28:45,5325,001001001001xyzh,001001001001xyzh,engraçado,1.0,kkkk
1:28:47,5327,pulchram12,pulchram12,engraçado,1.0,Kkkkkkkk
1:28:48,5328,dinozinbrk,Dinozinbrk,neutro,1.0,de ladinho é poggers
1:28:49,5329,caiopa3,caiopa3,neutro,1.0,oloco
1:28:50,5330,lanadka,Lanadka,engraçado,1.0,Kkkkkkkkkkkkkkkkkkk
1:28:50,5330,pristonfield,Pristonfield,engraçado,1.0,kkkkkkkkkkkk
1:28:52,5332,reis_bohnen,reis_bohnen,neutro,1.0,o rosto mais pra luz
1:28:53,5333,dang0mez_,DanG0meZ_,neutro,1.0,o peniis
1:28:54,5334,marcosssantoro,MarcossSantoro,engraçado,1.0,Kkkkk profissional
1:28:57,5337,wesleykolomar_br,wesleykolomar_br,engraçado,1.0,kkkkkkkkkkk
1:29:00,5340,andersondok,andersondok,engraçado,1.0,de ladinho eh kapapride
1:29:00,5340,tiodeivis,tiodeivis,neutro,1.0,fotogenica
1:29:08,5348,palhaco7,palhaco7,confuso,1.0,O penis?
1:29:09,5349,pisaoficial,PisaOficial,neutro,1.0,:O :O :O :O :O
1:29:10,5350,sadplant0,sadplant0,neutro,1.0,ta bem legal o enquadramento
1:29:12,5352,reis_bohnen,reis_bohnen,neutro,1.0,vdd
1:29:14,5354,guilhermesl45,guilhermesl45,neutro,1.0,Vdd
1:29:15,5355,grayoden,Grayoden,neutro,1.0,SeemsGood
1:29:18,5358,adilson_ofnone,adilson_ofnone,neutro,1.0,tá na paleta dela
1:29:18,5358,lanadka,Lanadka,neutro,1.0,WeDidThat
1:29:21,5361,beatrizcrotti,beatrizcrotti,engraçado,1.0,Pega as luminárias atrás
1:29:21,5361,dr_reapper,dr_reapper,confuso,1.0,JACK SPARROW ?
1:29:21,5361,grayoden,Grayoden,neutro,1.0,Vdd
1:29:25,5365,boggyneo,boggyneo,neutro,1.0,bacana
1:29:25,5365,atereza01,atereza01,neutro,1.0,a gente nao meu amigo
1:29:26,5366,redwinepie,redwinepie,neutro,1.0,Papo meio secssual mas enfim
1:29:27,5367,isaac17,isaac17,neutro,1.0,SeemsGood
1:29:29,5369,furinguito,furinguito,confuso,1.0,julynha é de manaus?
1:29:30,5370,thrillerzs,thrillerzs,neutro,1.0,Parece que a luz ficou estourada kk
1:29:31,5371,lanadka,Lanadka,neutro,1.0,snopeyOMG
1:29:32,5372,paomofadoo_,paomofadoo_,neutro,1.0,baka acho q vc tem um talento pra tirar fotos
1:29:32,5372,hemoglobina05,hemoglobina05,neutro,1.0,é uns insectoid sinistro
1:29:33,5373,furinguito,furinguito,neutro,1.0,"porra, como ela conhece carapanã"
1:29:34,5374,l0peu,l0peu,neutro,1.0,Mosquito
1:29:34,5374,tiodeivis,tiodeivis,confuso,1.0,julynha é do pará ?
1:29:38,5378,doispontos_rams,doispontos_rams,neutro,1.0,E essa bota dando sopa ali
1:29:45,5385,doispontos_rams,doispontos_rams,neutro,1.0,Eu levava
1:29:46,5386,marcosssantoro,MarcossSantoro,engraçado,1.0,Legal kkkk
1:29:52,5392,reis_bohnen,reis_bohnen,neutro,1.0,"farmando aura, é como eu disse, mato grosso de aura"
1:29:53,5393,omalditodokai,omalditodokai,neutro,1.0,julynha ta parecendo o inspetor bugiganga
1:29:55,5395,paomofadoo_,paomofadoo_,confuso,1.0,ja pensou em fazer conteúdo com suas fotos?
1:29:59,5399,rafadesa80,rafadesa80,neutro,1.0,Ixi passou um careca
1:30:02,5402,wekys,Wekys,confuso,1.0,voltou pro japao?
1:30:04,5404,ayanmelo,ayanmelo,confuso,1.0,punhetasso 11:30?
1:30:11,5411,reis_bohnen,reis_bohnen,engraçado,1.0,kkkkkkk @omalditodokai
1:30:16,5416,dinozinbrk,Dinozinbrk,confuso,1.0,11 e meia o baka vai fazer oque chat? bater um punhetaço em conjunto?
1:30:17,5417,morttusdornitska,morttusdornitska,neutro,1.0,julyinha inspetor bugiganga
1:30:18,5418,jantardameianoite,jantardameianoite,confuso,1.0,Ué tá no japiu ?
1:30:23,5423,soldadotrvs,soldadotrvs,neutro,1.0,bakagaLovebeco
1:30:25,5425,grayoden,Grayoden,neutro,1.0,Punhetasso às 11:99
1:30:27,5427,kaworo27,kaworo27,neutro,1.0,carapanã mosquito no pará/norte
1:30:28,5428,palhaco7,palhaco7,confuso,1.0,Epa era live ali?
1:30:29,5429,atereza01,atereza01,neutro,1.0,mtas lives
1:30:29,5429,hemoglobina05,hemoglobina05,neutro,1.0,"pra nós não, pra julynha"
1:30:30,5430,samuelveiga10,samuelveiga10,positivo,1.0,O foda é quando o Dick escapa da pussy
1:30:35,5435,pulchram12,pulchram12,engraçado,1.0,kkkkkkkk
1:30:36,5436,erickhsn,erickhsn,neutro,1.0,mó grosso
1:30:37,5437,palhaco7,palhaco7,engraçado,1.0,Tinha um rival de live ali mata ele
1:30:41,5441,marcosssantoro,MarcossSantoro,engraçado,1.0,Sutil kkk
1:30:43,5443,reis_bohnen,reis_bohnen,neutro,1.0,inspetor bugiganga
1:30:46,5446,tiodeivis,tiodeivis,confuso,1.0,punhetasso ne as 12h n chat? me instiga nao
1:30:48,5448,codinomepru,codinomepru,neutro,1.0,Mó mal educado
1:30:50,5450,atereza01,atereza01,engraçado,1.0,a risada fake KKKKKKKK
1:30:51,5451,reis_bohnen,reis_bohnen,neutro,1.0,bugimochila
1:30:55,5455,re4per_r_,re4per_r_,positivo,1.0,Essa ficou bom
1:30:57,5457,paomofadoo_,paomofadoo_,positivo,1.0,porra ficou foda msm
1:30:58,5458,sadplant0,sadplant0,positivo,1.0,essa camera é foda
1:30:58,5458,isaac17,isaac17,neutro,1.0,SeemsGood
1:30:58,5458,jantardameianoite,jantardameianoite,neutro,1.0,Aula de vergonha alheia
1:31:00,5460,gotzaum,gotzaum,neutro,1.0,Skibidi
1:31:01,5461,lancelot_darc,lancelot_darc,positivo,1.0,ficou top
1:31:02,5462,lanadka,Lanadka,neutro,1.0,WeDidThat WeDidThat
1:31:02,5462,marcosssantoro,MarcossSantoro,positivo,1.0,Top top
1:31:03,5463,boggyneo,boggyneo,neutro,1.0,essa fico do krl
1:31:06,5466,sernitto,Sernitto,neutro,1.0,coitado do baka
1:31:06,5466,paomofadoo_,paomofadoo_,confuso,1.0,que camera é essa dele?
1:31:09,5469,beatrizcrotti,beatrizcrotti,positivo,1.0,Esse ficou melhor
1:31:11,5471,guilhermesl45,guilhermesl45,positivo,1.0,Boa
1:31:13,5473,lostcaco,LostCaco,positivo,0.5,@jantardameianoite aula de cringe
1:31:14,5474,rafadesa80,rafadesa80,positivo,1.0,"Porra, essa fico foda"
1:31:15,5475,reis_bohnen,reis_bohnen,neutro,1.0,vai sair bem
1:31:16,5476,omalditodokai,omalditodokai,neutro,1.0,falou hakuna matata pra mulher
1:31:20,5480,morttusdornitska,morttusdornitska,neutro,1.0,essa ficou do balacobaco
1:31:21,5481,grayoden,Grayoden,neutro,1.0,!flickr
1:31:21,5481,flanfumo,flanfumo,neutro,1.0,!camera
1:31:21,5481,nightbot,Nightbot,neutro,1.0,https://www.flickr.com/photos/193947137@N06/
1:31:22,5482,redwinepie,redwinepie,neutro,1.0,Yataaa
1:31:27,5487,jhincriminoso,jhincrimInoso,neutro,1.0,julinha deve ter facilmente uns 40 anos
1:31:29,5489,e006cr,e006cr,neutro,1.0,@paomofadoo_ Camera que tira foto
1:31:30,5490,jantardameianoite,jantardameianoite,neutro,1.0,Balacobaco
1:31:30,5490,wesleykolomar_br,wesleykolomar_br,neutro,1.0,tirar foto é dahora
1:31:30,5490,lancelot_darc,lancelot_darc,confuso,1.0,Baka ja pensou em ser fotografo?
1:31:30,5490,adilson_ofnone,adilson_ofnone,engraçado,1.0,manda um arigathanks pra senhora
1:31:34,5494,palhaco7,palhaco7,neutro,1.0,Nossa q legal
1:31:35,5495,paomofadoo_,paomofadoo_,positivo,1.0,@e006cr valeuuu
1:31:38,5498,reis_bohnen,reis_bohnen,neutro,1.0,o contrasto da luz ficou jóia
1:31:39,5499,marcosssantoro,MarcossSantoro,neutro,1.0,Fotografo particular
1:31:40,5500,sadplant0,sadplant0,confuso,1.0,@paomofadoo_ acho que é uma fuji
1:31:47,5507,lanadka,Lanadka,neutro,1.0,Catapimbas
1:31:49,5509,kenji_san_97,kenji_san_97,engraçado,0.5,Ficou tudo uma bosta tira outras (ZOEIRA)
1:31:59,5519,guilhermesl45,guilhermesl45,neutro,1.0,É muito estilo
1:32:02,5522,lansabraba_mouse,LansaBraba_Mouse,engraçado,1.0,"@jhincrimInoso ""julinho"" LUL"
1:32:06,5526,mijolas_,mijolas_,confuso,1.0,Voltou a tankar o japil?
1:32:08,5528,rezeile_zika,rezeile_zika,neutro,1.0,Falei errado
1:32:16,5536,douglaswcamargo,douglaswcamargo,neutro,1.0,CAPUZVARA
1:32:17,5537,jantardameianoite,jantardameianoite,engraçado,1.0,@jhincriminoso se pa tem kKKKKKK
1:32:21,5541,yurivistatv,YuriVistaTv,neutro,1.0,Fala Gatinhu ! ApplauseBreak
1:32:21,5541,dang0mez_,DanG0meZ_,neutro,1.0,alivio come ku
1:32:21,5541,dinozinbrk,Dinozinbrk,neutro,1.0,bakazokajin
1:32:22,5542,pinkp0p_,PINKP0P_,positivo,1.0,Boa
1:32:22,5542,boggyneo,boggyneo,neutro,1.0,fujifilm x100v
1:32:30,5550,annoyinger,Annoyinger,neutro,1.0,conchita de tu madre
1:32:31,5551,yurivistatv,YuriVistaTv,neutro,1.0,Jamais
1:32:33,5553,atereza01,atereza01,neutro,1.0,chama as preta ein Ó
1:32:38,5558,liiaay01,liiaay01,engraçado,1.0,Pega uma kkkkkk
1:32:39,5559,guilhermesl45,guilhermesl45,neutro,1.0,Com limão
1:32:39,5559,yurivistatv,YuriVistaTv,neutro,1.0,Concha tem muito Cálcio
1:32:40,5560,morttusdornitska,morttusdornitska,confuso,1.0,porque tem tanto japonês aí braga?
1:32:40,5560,lostcaco,LostCaco,neutro,1.0,Baka voltou pro jp pra encontrar o careca coconut
1:32:41,5561,kaynpombao,kaynpombao,neutro,1.0,rouba a bike
1:32:42,5562,darkhunter2e,darkhunter2e,confuso,1.0,então teus cocelho tmb ta juando?
1:32:43,5563,pulchram12,pulchram12,neutro,1.0,CaitThinking
1:32:43,5563,palhaco7,palhaco7,neutro,1.0,Pede pro baka fazer surra de bunds julia
1:32:45,5565,omalditodokai,omalditodokai,neutro,1.0,"isso ai tem cheiro de perereca, cuidado"
1:32:47,5567,nver0_0,nver0_0,positivo,1.0,Trem bom demais
1:32:48,5568,unno2009,unno2009,neutro,1.0,Julinha tdah
1:32:50,5570,sadplant0,sadplant0,engraçado,1.0,kkkkkkkkk
1:32:51,5571,aiuhs,aiuhs,confuso,1.0,Tá na liberdade?
1:32:51,5571,reis_bohnen,reis_bohnen,neutro,1.0,as luzes no japao sao differente
1:32:53,5573,thrillerzs,thrillerzs,neutro,1.0,Baka ta na cesta dunada
1:32:55,5575,wesleykolomar_br,wesleykolomar_br,engraçado,1.0,kkkkkkkkkkkk
1:32:56,5576,reis_bohnen,reis_bohnen,neutro,1.0,muito grello
1:32:56,5576,dinozinbrk,Dinozinbrk,neutro,1.0,tira nois daí
1:32:57,5577,marcosssantoro,MarcossSantoro,engraçado,1.0,Kkkk
1:32:57,5577,jantardameianoite,jantardameianoite,neutro,1.0,Essa liberdade tá diferente
1:32:58,5578,negligenciagames,negligenciaGames,neutro,1.0,11:15 Baka
1:33:03,5583,re4per_r_,re4per_r_,engraçado,1.0,Ela tem mais pensamentos intrusivos q o normal kkkkk
1:33:06,5586,bandidadaisa,bandidadaisa,neutro,1.0,"""que porra é essa menina"" me quebrou kekw"
1:33:08,5588,palhaco7,palhaco7,positivo,1.0,Coisa boa
1:33:08,5588,liiaay01,liiaay01,engraçado,1.0,KKKKKKKKKK
1:33:11,5591,psyfoxxx,PsyFoxxx,neutro,1.0,a câmera da @julynhatoys é tipo a arma do predador. Só que ela fica predando molieres
1:33:11,5591,hemoglobina05,hemoglobina05,neutro,1.0,é teu ganha pão paizão
1:33:19,5599,rezeile_zika,rezeile_zika,neutro,1.0,Já mijei muito ai
1:33:19,5599,flanfumo,flanfumo,neutro,1.0,o cara ainda lembra
1:33:21,5601,giulianoff,Giulianoff,neutro,1.0,Ai tem um cheirão de mijo
1:33:22,5602,soldadotrvs,soldadotrvs,neutro,1.0,Ele sabe estigar os subs
1:33:23,5603,season1fighter,season1fighter,engraçado,1.0,23:00 do domingão e esse tanto de gente na rua... No Brazil taria tudo deserto
1:33:25,5605,tiodeivis,tiodeivis,neutro,1.0,é pra vcs
1:33:28,5608,yurivistatv,YuriVistaTv,neutro,1.0,Árvore de Pão
1:33:28,5608,reis_bohnen,reis_bohnen,neutro,1.0,com todo respeito
1:33:29,5609,diieguit0br,diieguit0br,neutro,1.0,um português passou por aí
1:33:30,5610,rezeile_zika,rezeile_zika,neutro,1.0,Tava chovendo pão ai
1:33:30,5610,paomofadoo_,paomofadoo_,neutro,1.0,pão D:
1:33:31,5611,lanadka,Lanadka,neutro,1.0,Arroganty
1:33:34,5614,psyfoxxx,PsyFoxxx,neutro,1.0,teve mijaço aí
1:33:35,5615,dinozinbrk,Dinozinbrk,neutro,1.0,e bug do dev
1:33:35,5615,atereza01,atereza01,neutro,1.0,pão com mijo
1:33:36,5616,kegann999,Kegann999,neutro,1.0,os japa acharam engraçado
1:33:37,5617,morttusdornitska,morttusdornitska,confuso,1.0,porque tem tanto japonês por ai braga?
1:33:38,5618,omalditodokai,omalditodokai,neutro,1.0,@season1fighter em SP não
1:33:41,5621,despersonalizar,despersonalizar,confuso,1.0,como está a regulamentação do punhetasso em setembro?
1:33:44,5624,tiodeivis,tiodeivis,neutro,1.0,@Lanadka ARROGANTCHI
1:33:47,5627,erickhsn,erickhsn,neutro,1.0,descrava o cheiro de mijo
1:33:48,5628,tiodeivis,tiodeivis,confuso,1.0,donde quieres?
1:33:51,5631,rafadesa80,rafadesa80,engraçado,1.0,"Ih, ô baka somelie de mijo kkkkk"
1:33:55,5635,dang0mez_,DanG0meZ_,neutro,1.0,cheio de chines
1:33:55,5635,uhh_carol,uhh_carol,confuso,1.0,PRA QUE?
1:33:58,5638,soldadotrvs,soldadotrvs,engraçado,1.0,Solta a rima aí baka
1:34:02,5642,yawniess,yawniess,neutro,1.0,fallous
1:34:03,5643,pekkazzi,pekkazzi,confuso,1.0,Falos?
1:34:05,5645,lanadka,Lanadka,neutro,1.0,@tiodeivis A mi noo
1:34:05,5645,peluciacensurada,PeluciaCensurada,positivo,0.5,obrigado pelos falos
1:34:06,5646,uhh_carol,uhh_carol,confuso,1.0,PRA QUE JOGAR A BOLA NA MAVI?
1:34:06,5646,paomofadoo_,paomofadoo_,neutro,1.0,sniffa mais
1:34:06,5646,theo_henrique_,Theo_Henrique_,neutro,1.0,Jó Ken pão
1:34:10,5650,uhh_carol,uhh_carol,confuso,1.0,HÃ?
1:34:10,5650,gunterfp5,gunterFP5,neutro,1.0,Imersão
1:34:11,5651,season1fighter,season1fighter,engraçado,1.0,"@omalditodokai Moro em SP, o centro chega a ser assustador a essa hora PrideLaugh"
1:34:13,5653,bandidadaisa,bandidadaisa,neutro,1.0,NOJO
1:34:13,5653,liiaay01,liiaay01,neutro,1.0,Precisa
1:34:13,5653,palhaco7,palhaco7,neutro,1.0,Sniffa legal
1:34:15,5655,yurivistatv,YuriVistaTv,neutro,1.0,Jurínea ApplauseBreak
1:34:20,5660,morttusdornitska,morttusdornitska,confuso,1.0,sommelier de mijo??
1:34:21,5661,reis_bohnen,reis_bohnen,neutro,1.0,cheiro de monhaco
1:34:21,5661,wesleykolomar_br,wesleykolomar_br,neutro,1.0,quan a nota
1:34:23,5663,paomofadoo_,paomofadoo_,neutro,1.0,notas de álcool
1:34:23,5663,saposaposo,saposaposo,neutro,1.0,a
1:34:24,5664,re4per_r_,re4per_r_,confuso,1.0,Qual a porcentagem de água?
1:34:25,5665,thrillerzs,thrillerzs,positivo,1.0,Notas de topo alcolico com cafe
1:34:26,5666,atereza01,atereza01,neutro,1.0,tbc
1:34:27,5667,nver0_0,nver0_0,neutro,1.0,De Cevada
1:34:28,5668,hugostosaooo,hugostosaooo,neutro,1.0,11:17
1:34:28,5668,eze_808,eze_808,confuso,1.0,voltou pro xapão?
1:34:28,5668,rafadesa80,rafadesa80,engraçado,1.0,Hahahahahaha
1:34:29,5669,dang0mez_,DanG0meZ_,neutro,1.0,fascinante
1:34:29,5669,atereza01,atereza01,neutro,1.0,tnc
1:34:29,5669,lanadka,Lanadka,engraçado,1.0,Kkkkkkkk
1:34:33,5673,saposaposo,saposaposo,neutro,1.0,oi
1:34:34,5674,kaynpombao,kaynpombao,engraçado,1.0,kkkkkkkkkkkkkkkk
1:34:36,5676,reis_bohnen,reis_bohnen,engraçado,1.0,sommelier de mijo kkkkkk
1:34:37,5677,bruceluze,BruceLuze,neutro,1.0,k
1:34:37,5677,pulchram12,pulchram12,neutro,1.0,CaitThinking
1:34:39,5679,lanadka,Lanadka,neutro,1.0,Olokooo
1:34:40,5680,dinozinbrk,Dinozinbrk,neutro,1.0,KAKAKAKAKAKAKK
1:34:40,5680,doispontos_rams,doispontos_rams,neutro,1.0,Nota quanto pra esse xixi
1:34:42,5682,danizitogm,DanizitoGM,neutro,1.0,ngm falou isso
1:34:43,5683,atereza01,atereza01,neutro,1.0,oss
1:34:44,5684,giulianoff,Giulianoff,neutro,1.0,Maluco ta com calor
1:34:44,5684,redwinepie,redwinepie,engraçado,1.0,Julynha tá no céu hoje igual a gente kkkkkkk
1:34:45,5685,dang0mez_,DanG0meZ_,neutro,1.0,maxista
1:34:45,5685,rezeile_zika,rezeile_zika,neutro,1.0,Ajuda o mendigo
1:34:45,5685,lana_tomioka,lana_tomioka,engraçado,1.0,Kkkkkkkkkkkkkk
1:34:46,5686,lanadka,Lanadka,neutro,1.0,Arrogantyyy
1:34:46,5686,pulchram12,pulchram12,engraçado,1.0,Kkkkkkkkkkk
1:34:46,5686,thrillerzs,thrillerzs,engraçado,1.0,"No coração, Duença de figado e rin parando"
1:34:47,5687,professorakpopercomunista,professorakpopercomunista,neutro,1.0,nojo da mina
1:34:47,5687,nathanguisan,nathanguisan,neutro,1.0,!clima
1:34:47,5687,nightbot,Nightbot,neutro,1.0,Agora em Tokyo tá 75F (24C)
1:34:49,5689,kenji_san_97,kenji_san_97,neutro,1.0,Live 4D tem até cheiro
1:34:49,5689,morttusdornitska,morttusdornitska,neutro,1.0,mentiroso
1:34:50,5690,despersonalizar,despersonalizar,neutro,1.0,nekrolinaBased
1:34:50,5690,jantardameianoite,jantardameianoite,engraçado,1.0,O japonês deitado com calor kkkkkk
1:34:53,5693,hazulol,hazulol,neutro,1.0,churta
1:34:53,5693,marcosssantoro,MarcossSantoro,engraçado,1.0,Kkkkk
1:34:54,5694,finlandex,Finlandex,confuso,1.0,baka voltou pro japão ou só ta de visita msm?
1:34:56,5696,doispontos_rams,doispontos_rams,confuso,1.0,Incel?
1:34:59,5699,unno2009,unno2009,neutro,1.0,desumilde demais tá maluco
1:35:00,5700,diieguit0br,diieguit0br,engraçado,1.0,Surimu Shedu
1:35:01,5701,liiaay01,liiaay01,engraçado,1.0,a desculpinha kkkkkkk
1:35:01,5701,danizitogm,DanizitoGM,neutro,1.0,(espalhar mentiras)
1:35:04,5704,palhaco7,palhaco7,neutro,1.0,Oloko
1:35:05,5705,yawniess,yawniess,neutro,1.0,mendigo ta passando calorrr
1:35:06,5706,dinozinbrk,Dinozinbrk,neutro,1.0,ta pprra
1:35:07,5707,lanadka,Lanadka,neutro,1.0,Bah
1:35:08,5708,morttusdornitska,morttusdornitska,neutro,1.0,mó pauzão
1:35:08,5708,doispontos_rams,doispontos_rams,confuso,1.0,Japones com pau grande?
1:35:10,5710,tiodeivis,tiodeivis,neutro,1.0,"o cara faz questao de mostrar pra todo mundo ainda, bota la em cima"
1:35:10,5710,yurivistatv,YuriVistaTv,neutro,1.0,Carai. Lotadasso 11 da noite
1:35:14,5714,dimytri13,dimytri13,confuso,1.0,essa é a amante?
1:35:14,5714,dang0mez_,DanG0meZ_,neutro,1.0,pauzudu
1:35:14,5714,aiuhs,aiuhs,neutro,1.0,PAUZUDO
1:35:15,5715,ayanmelo,ayanmelo,neutro,1.0,slimu sheido
1:35:17,5717,hazulol,hazulol,neutro,1.0,os npc td igual
1:35:19,5719,yurivistatv,YuriVistaTv,neutro,1.0,Mais cheio q SP
1:35:19,5719,kuques,Kuques,positivo,0.5,na hora que tomei meu café veio esse gosto pqp
1:35:20,5720,lanadka,Lanadka,neutro,1.0,Atende
1:35:21,5721,psyfoxxx,PsyFoxxx,frustrado,1.0,@Finlandex não tankou o br
1:35:26,5726,caramelosallgado,caramelosallgado,confuso,1.0,eles vão pegar oq?
1:35:28,5728,morttusdornitska,morttusdornitska,confuso,1.0,PAU GRANDE????? JAPA
1:35:28,5728,guhmoura11,guhmoura11,neutro,1.0,Agora são 11h17 em sp
1:35:28,5728,lanadka,Lanadka,neutro,1.0,Atende tao ligando ai
1:35:29,5729,peluciacensurada,PeluciaCensurada,neutro,1.0,fica nas quadradesas
1:35:29,5729,flanfumo,flanfumo,neutro,1.0,"irmao 11 da noite de um domingo,pq tem tudo isso de gente na rua"
1:35:32,5732,rafadesa80,rafadesa80,neutro,1.0,Maldito sistema...abaixo aos corpes
1:35:32,5732,alpharius_456,Alpharius_456,engraçado,1.0,@Kuques KKKKKKKKKKKK
1:35:32,5732,flanfumo,flanfumo,neutro,1.0,que porra é essa
1:35:32,5732,morttusdornitska,morttusdornitska,neutro,1.0,QUE
1:35:36,5736,tiodeivis,tiodeivis,neutro,1.0,O.o
1:35:36,5736,pristonfield,Pristonfield,neutro,1.0,ue
1:35:41,5741,morttusdornitska,morttusdornitska,confuso,1.0,??????
1:35:41,5741,kaynpombao,kaynpombao,neutro,1.0,coisa de coisa...
1:35:45,5745,guilhermesl45,guilhermesl45,engraçado,1.0,Kkkkkk
1:35:46,5746,palhaco7,palhaco7,neutro,1.0,Tem muita coisa coisada
1:35:49,5749,morttusdornitska,morttusdornitska,neutro,1.0,ix...
1:35:50,5750,soldadotrvs,soldadotrvs,engraçado,1.0,Lança a rima aí baka
1:35:50,5750,xrestrito,xrestrito,confuso,1.0,live vai até as 11:30 só?
1:35:57,5757,sadplant0,sadplant0,confuso,1.0,camera aí é mais barato baka?
1:36:04,5764,palhaco7,palhaco7,engraçado,0.5,Rivalidade de lojas?
1:36:11,5771,gunterfp5,gunterFP5,neutro,1.0,"Quase meia noite, não tem 1 CLT que vai trabalhar amanhã cedo aí não"
1:36:13,5773,jantardameianoite,jantardameianoite,neutro,1.0,Tira foto dos guardinhas ai pra ver se eles gostam
1:36:19,5779,lancelot_darc,lancelot_darc,neutro,1.0,Japão o país que não dorme
1:36:20,5780,morttusdornitska,morttusdornitska,engraçado,1.0,rima pa nois japa
1:36:22,5782,zenith_2xko,zenith_2xko,neutro,1.0,DinoDance
1:36:24,5784,lanadka,Lanadka,neutro,1.0,Chama nois
1:36:25,5785,season1fighter,season1fighter,neutro,1.0,@gunterfp5 País desenvolvido
1:36:26,5786,micalevisk,micalevisk,confuso,1.0,didi?
1:36:26,5786,redwinepie,redwinepie,engraçado,0.5,Brisar em Ginza não é uma opção? A noite ?
1:36:28,5788,vinizann,vinizann,neutro,1.0,vou ver e te aviso
1:36:30,5790,season1fighter,season1fighter,engraçado,1.0,HahaThisisfine
1:36:34,5794,wesleykolomar_br,wesleykolomar_br,neutro,1.0,[e vagabundo nos
1:36:36,5796,wesleyp2p,wesleyp2p,neutro,1.0,Somos vagabundos
1:36:38,5798,dinozinbrk,Dinozinbrk,neutro,1.0,preguiçoso e desempregados
1:36:38,5798,beatrizcrotti,beatrizcrotti,neutro,1.0,Trabucadas
1:36:39,5799,palhaco7,palhaco7,neutro,1.0,Os caba é vagabundo Julia
1:36:40,5800,maxeyes1,MaxEyes1,neutro,1.0,eu acordando de madrugada
1:36:41,5801,micalevisk,micalevisk,neutro,1.0,acordar cedo num domingo é de fude
1:36:44,5804,guilhermesl45,guilhermesl45,neutro,1.0,Acordei no meio
1:36:44,5804,omalditodokai,omalditodokai,neutro,1.0,"pleno domingo fdp, to na cama ainda"
1:36:46,5806,peluciacensurada,PeluciaCensurada,neutro,1.0,galera prefere live de dia pq tá escuro
1:36:47,5807,unapologetic_dog,unapologetic_dog,neutro,1.0,@vinizann Bem dessa
1:36:48,5808,euuuuuuuuuubrunu,euuuuuuuuuubrunu,neutro,1.0,Essa mina tem voz de anime
1:36:49,5809,paomofadoo_,paomofadoo_,neutro,1.0,ei seu titti frutti
1:36:50,5810,o_cafe_quente,o_cafe_quente,neutro,1.0,É vdd acabei de Acordar
1:36:51,5811,mun1zvictor,Mun1zVictor,neutro,1.0,Perdi um pedação da live msm :(
1:36:51,5811,ozidrain,ozidrain,neutro,1.0,pagar divida de agiota hj
1:36:52,5812,danizitogm,DanizitoGM,neutro,1.0,sair pra almoçar
1:36:53,5813,influenzias,Influenzias,neutro,1.0,indio fraco cueca forte
1:36:58,5818,eoezek,EoEzek,positivo,1.0,Cheer1 baka boa noite
1:36:59,5819,hamtarocomunista,hamtarocomunista,engraçado,1.0,"O bala conversou demais, ele não tá preparado para outra live 🤣"
1:36:59,5819,morisleepy,morisleepy,neutro,1.0,Domingo só acorda 13:00 em diante
1:37:00,5820,morttusdornitska,morttusdornitska,confuso,1.0,oq vc tem contra almoçar na casa da vó tosada?
1:37:04,5824,ayanmelo,ayanmelo,neutro,1.0,levei minha vó pra tosa
1:37:06,5826,jantardameianoite,jantardameianoite,neutro,1.0,o karatê vai levar o cachorro pra vó torsar
1:37:09,5829,re4per_r_,re4per_r_,neutro,1.0,De dia n tem nada
1:37:10,5830,otaku_maliguino,otaku_maliguino,neutro,1.0,Geeemeeeee baka gemeeeeeee
1:37:16,5836,redwinepie,redwinepie,neutro,1.0,Quem que toza vó
1:37:17,5837,dinozinbrk,Dinozinbrk,frustrado,1.0,"de dia e horrível, dito isso vocês tem que tá na madrugada"
1:37:17,5837,jeffstaz,jeffstaz,positivo,1.0,"Meu cachorro me levou pra tosar hj, foda isso"
1:37:18,5838,erickhsn,erickhsn,neutro,1.0,procura um evento pra ir diurno
1:37:18,5838,pulchram12,pulchram12,neutro,1.0,BigSad
1:37:20,5840,hamtarocomunista,hamtarocomunista,neutro,1.0,A energia social indo embora
1:37:21,5841,guilhermesl45,guilhermesl45,neutro,1.0,Monster
1:37:22,5842,hazulol,hazulol,neutro,1.0,ta pohha
1:37:22,5842,liiaay01,liiaay01,engraçado,1.0,Precisa ser de noite pra gente KKKkk
1:37:29,5849,beatrizcrotti,beatrizcrotti,neutro,1.0,Levei meu peixe na natação
1:37:31,5851,pamfras2006,pamfras2006,neutro,1.0,11:20
1:37:31,5851,pekkazzi,pekkazzi,engraçado,1.0,@erickhsn Um missa
1:37:32,5852,suprem696969,suprem696969,engraçado,1.0,subarinho
1:37:33,5853,lanadka,Lanadka,neutro,1.0,Olokoo
1:37:45,5865,victor_bailiot,victor_bailiot,confuso,1.0,cobra quanto pra assustar uma casa de 3 quartos?
1:37:46,5866,jantardameianoite,jantardameianoite,engraçado,0.5,Faz live as 18h aí no Japão horário de Boku no pico
1:37:51,5871,o_cafe_quente,o_cafe_quente,confuso,1.0,"E a gemida baka,  ta tendo?"
1:37:51,5871,dmelosh,dmelosh,neutro,1.0,Cheguei agora
1:37:57,5877,otaku_maliguino,otaku_maliguino,neutro,1.0,GEEEEEMEEEEEE BAKAAAAAA GEMEEEEEEE
1:38:00,5880,inoellee,INoellee,confuso,1.0,Vai ficar aí no Japão por muito tempo baía?
1:38:08,5888,eze_808,eze_808,neutro,1.0,franguinho assado hummmm
1:38:10,5890,thrillerzs,thrillerzs,positivo,1.0,"Tem que usar cueca box, baka mano essas do tarzan ai é foda"
1:38:11,5891,omalditodokai,omalditodokai,neutro,1.0,assado já dá pra comer...
1:38:16,5896,morttusdornitska,morttusdornitska,neutro,1.0,passa talquinho no bumbum bragança
1:38:17,5897,soldadotrvs,soldadotrvs,neutro,1.0,Proibido gozar rapaziada
1:38:19,5899,dinozinbrk,Dinozinbrk,neutro,1.0,e o show do straykids
1:38:20,5900,influenzias,Influenzias,engraçado,1.0,"os dois turistas mais vagos do mundo, sabem de nada"
1:38:25,5905,atereza01,atereza01,confuso,1.0,2015?
1:38:31,5911,guilhermesl45,guilhermesl45,neutro,1.0,Pog
1:38:32,5912,tiodeivis,tiodeivis,neutro,1.0,:O
1:38:33,5913,zenith_2xko,zenith_2xko,neutro,1.0,PogChamp
1:38:38,5918,liiaay01,liiaay01,engraçado,1.0,já era KKKkk
1:38:38,5918,palhaco7,palhaco7,neutro,1.0,:O :O :O
1:38:39,5919,dinozinbrk,Dinozinbrk,neutro,1.0,perdeu o time
1:38:39,5919,lanadka,Lanadka,neutro,1.0,SUBtember
1:38:44,5924,jantardameianoite,jantardameianoite,neutro,1.0,pog julynha
1:38:46,5926,wesleykolomar_br,wesleykolomar_br,confuso,1.0,goroadingo?
1:38:47,5927,uhh_carol,uhh_carol,neutro,1.0,Stay
1:38:49,5929,dang0mez_,DanG0meZ_,neutro,1.0,fala portugueis
1:38:52,5932,morttusdornitska,morttusdornitska,neutro,1.0,perdeu o time fudeu
1:38:54,5934,zenith_2xko,zenith_2xko,neutro,1.0,PogChamp PogChamp PogChamp
1:38:54,5934,redwinepie,redwinepie,confuso,1.0,Baka sabe ler Katakana ?
1:39:08,5948,despersonalizar,despersonalizar,neutro,1.0,nekrolinaLoading
1:39:12,5952,morttusdornitska,morttusdornitska,neutro,1.0,goroadingo
1:39:20,5960,dang0mez_,DanG0meZ_,neutro,1.0,QUE SUSTO
1:39:21,5961,dinozinbrk,Dinozinbrk,neutro,1.0,KAKAKAKAKAKAKAK
1:39:22,5962,sadplant0,sadplant0,engraçado,1.0,kkkkkkkkkkk
1:39:23,5963,atereza01,atereza01,neutro,1.0,papo de podólogo
1:39:23,5963,unno2009,unno2009,engraçado,1.0,KKKKK
1:39:24,5964,re4per_r_,re4per_r_,engraçado,1.0,kkkkkkkk
1:39:24,5964,danizitogm,DanizitoGM,engraçado,1.0,kkkkk
1:39:24,5964,rafadesa80,rafadesa80,confuso,1.0,Vai lançar uns videozinho no YouTube?! Por favoooooooor!!!!
1:39:25,5965,jantardameianoite,jantardameianoite,neutro,1.0,Óculos bonito baka tesao
1:39:25,5965,aizenr6ss,aizenr6ss,engraçado,1.0,kkkkkkkkkkkkk
1:39:25,5965,morttusdornitska,morttusdornitska,engraçado,1.0,KKKKKKKKKKKKKKKKKK
1:39:26,5966,wesleykolomar_br,wesleykolomar_br,engraçado,1.0,kkkkkkkkkkkkkkk
1:39:26,5966,dinozinbrk,Dinozinbrk,neutro,1.0,quebrou
1:39:27,5967,winklesdw,WINKLEsdw,engraçado,1.0,Kkkkkkkkkkkkk
1:39:27,5967,pristonfield,Pristonfield,engraçado,1.0,kkkkkkkkkkkkk
1:39:27,5967,pekkazzi,pekkazzi,neutro,1.0,Curtiu
1:39:28,5968,alpharius_456,Alpharius_456,engraçado,1.0,kkkkkkkkkkk
1:39:29,5969,morttusdornitska,morttusdornitska,neutro,1.0,cascou
1:39:29,5969,27guii,27guii,neutro,1.0,k
1:39:29,5969,sernitto,Sernitto,engraçado,1.0,"slk, crinjada"
1:39:29,5969,1alvarin,1alvarin,neutro,1.0,Falta 9 minutos baka
1:39:30,5970,rapdotyz,rapdotyz,neutro,1.0,acabou com ela essa
1:39:30,5970,dmelosh,dmelosh,engraçado,1.0,kkkkkkkk
1:39:30,5970,axiszor,axiszor,engraçado,1.0,QUEBRARAM A JURITA
1:39:30,5970,esaulss,esaulss,engraçado,1.0,KKKKKKKKKKKK
1:39:31,5971,liiaay01,liiaay01,engraçado,1.0,KKKKKKKKKK
1:39:31,5971,kenji_san_97,kenji_san_97,engraçado,1.0,kkkkkkkkkkkkkkkkkkkk
1:39:31,5971,pulchram12,pulchram12,neutro,1.0,CaitThinking
1:39:32,5972,guilhermesl45,guilhermesl45,engraçado,1.0,Kkkkkk
1:39:32,5972,lazzyin,lazzyin,engraçado,1.0,kkkkkkkkkkkkkkkkkkkkkkkkkkkk
1:39:32,5972,vinsttv_,vinsttv_,engraçado,1.0,KKKKKKKKKKKKKKKKKKKKKKKK
1:39:32,5972,boggyneo,boggyneo,engraçado,1.0,kkkkkkkkkkkkkk
1:39:33,5973,lostcaco,LostCaco,neutro,1.0,vai desmaiar
1:39:35,5975,rapdotyz,rapdotyz,engraçado,1.0,kkkkkkkkkkkkkkkkkkkk
1:39:35,5975,tiodeivis,tiodeivis,neutro,1.0,perdeu foi tudo
1:39:35,5975,season1fighter,season1fighter,neutro,1.0,Quim Jonho
1:39:36,5976,thrillerzs,thrillerzs,neutro,1.0,Ta passando mal
1:39:36,5976,dmelosh,dmelosh,engraçado,1.0,KKKKKKKK
1:39:39,5979,morttusdornitska,morttusdornitska,engraçado,1.0,kkkkkkkkkkkkkkkkk
1:39:40,5980,sousply,sousply,engraçado,1.0,kkkkkkkkkkkkkkkk
1:39:40,5980,re4per_r_,re4per_r_,engraçado,1.0,Ela n aguenta kkkkkkkk
1:39:43,5983,manosam77,manosam77,confuso,1.0,"Gente uma pergunta, ele voltou pro Japão só pra visita ou pra morar mesmo?"
1:39:44,5984,cocoricor,cocoricor,engraçado,1.0,cocoricor watched 3 consecutive streams and sparked a watch streak!
1:39:46,5986,morttusdornitska,morttusdornitska,neutro,1.0,ate tossiu
1:39:50,5990,axiszor,axiszor,engraçado,1.0,KKKKKKKKKKKK spowteNODDERS
1:39:51,5991,pulchram12,pulchram12,engraçado,1.0,Kkkkkkkk
1:39:52,5992,guilhermesl45,guilhermesl45,neutro,1.0,Matou a menina
1:39:53,5993,dinozinbrk,Dinozinbrk,engraçado,1.0,trouxe risos
1:39:54,5994,jantardameianoite,jantardameianoite,neutro,1.0,Kim jong un do BTS
1:39:57,5997,doispontos_rams,doispontos_rams,engraçado,1.0,A julinha morrendo de rir kkkkk
1:39:57,5997,micalevisk,micalevisk,neutro,1.0,a julynha fuma kk
1:39:58,5998,ordepenn,ordepenn,confuso,1.0,@manosam77 me falaro que era pa visita
1:39:58,5998,giulianoff,Giulianoff,engraçado,1.0,Julynha tem a risada do cebolinha kkkkk
1:39:58,5998,erickhsn,erickhsn,neutro,1.0,pior q parecia
1:40:01,6001,thrillerzs,thrillerzs,neutro,1.0,PEga leve ela vai ter um AVC
1:40:02,6002,sw1ftt_,Sw1ftt_,engraçado,1.0,A risada da julinha é muito contagiante kkkkkk
1:40:02,6002,dantadashi,dantadashi,neutro,1.0,era o Kim Jon Tres
1:40:03,6003,fnaticpe,fnaticpe,neutro,1.0,engual
1:40:04,6004,rafadesa80,rafadesa80,engraçado,1.0,Vixi tadinha da Ju kkkkk
1:40:05,6005,pekkazzi,pekkazzi,neutro,1.0,Julynha com a tosse da minha avó que fuma Derby
1:40:06,6006,erickhsn,erickhsn,negativo,1.0,o japão flopou
1:40:06,6006,soldadotrvs,soldadotrvs,neutro,1.0,Tá jurado na Coreia do norte
1:40:08,6008,renatorgal,Renatorgal,confuso,1.0,ebola?
1:40:08,6008,morttusdornitska,morttusdornitska,neutro,1.0,é o braga dos raciocínios rápidos
1:40:12,6012,palhaco7,palhaco7,negativo,1.0,Flopou
1:40:13,6013,dang0mez_,DanG0meZ_,neutro,1.0,RESENHA A BEÇA
1:40:14,6014,maxxy_bb,maxxy_bb,neutro,1.0,japil faliu
1:40:17,6017,duarttxs,duarttxs,positivo,1.0,matou o pikachu
1:40:23,6023,wesleykolomar_br,wesleykolomar_br,neutro,1.0,os japas tão de jetlag
1:40:24,6024,psyfoxxx,PsyFoxxx,engraçado,1.0,porte de frigobar
1:40:32,6032,manosam77,manosam77,engraçado,1.0,"@ordepenpvp Q pena, 🥲 kkkkk"
1:40:32,6032,palhaco7,palhaco7,neutro,1.0,A moda agr é China
1:40:35,6035,omalditodokai,omalditodokai,neutro,1.0,o vazio do japao
1:40:36,6036,dinozinbrk,Dinozinbrk,neutro,1.0,baka saiu do Japão e o Japão perdeu a cor
1:40:37,6037,o_cafe_quente,o_cafe_quente,confuso,1.0,"E o gemido baka, ta tendo ainda?"
1:40:38,6038,xenohfanes,xenohfanes,neutro,1.0,"não pode ser o kin jon un, ele tá aqui em carapicuíba"
1:40:50,6050,omalditodokai,omalditodokai,neutro,1.0,japao está de luto porque baka voltou
1:40:53,6053,rafadesa80,rafadesa80,neutro,1.0,"Julinha, qual a marca de cigarro você fuma VoHiYo"
1:40:54,6054,fumarfazbem,FumarFazBem,neutro,1.0,leva ela pra um beco e mete a vara :)
1:40:59,6059,pedrotako,pedrotako,neutro,1.0,"Economia né pai, sapato apertou"
1:41:05,6065,zenith_2xko,zenith_2xko,neutro,1.0,"dps que o leo strondar chegou, assustou os japas com os musculos"
1:41:07,6067,gibimbax05,gibimbax05,confuso,1.0,Porque não fica mais gravada as lives na twitch??? Só consigo ver ao vivo mesmo
1:41:08,6068,palhaco7,palhaco7,neutro,1.0,O_o
1:41:10,6070,manosam77,manosam77,neutro,1.0,@FumarFazBem Marolou
1:41:11,6071,vinsttv_,vinsttv_,confuso,1.0,@FumarFazBem ?????????????
1:41:14,6074,ayanmelo,ayanmelo,engraçado,0.667,"que isso, os cara se perde kkkkk]"
1:41:14,6074,fnaticpe,fnaticpe,engraçado,1.0,kkkk
1:41:17,6077,omalditodokai,omalditodokai,confuso,1.0,@FumarFazBem que isso neandertal
1:41:22,6082,doispontos_rams,doispontos_rams,neutro,1.0,São paulo ta chovendo desde que o baka foi embora
1:41:24,6084,guilhermesl45,guilhermesl45,confuso,1.0,Q isso
1:41:25,6085,macilento12,macilento12,neutro,1.0,"Quase 11:30, bala"
1:41:25,6085,lostcaco,LostCaco,engraçado,1.0,linha do tempo alternativa: se n tivesse voltado pro br o jp n teria mudado
1:41:25,6085,gallack000,Gallack000,confuso,1.0,q isso
1:41:26,6086,smackdowntr,SmackDownTR,engraçado,1.0,live cheia de risadonhas
1:41:28,6088,lancelot_darc,lancelot_darc,confuso,1.0,@FumarFazBem que isso rapaz?
1:41:30,6090,sumidoperdido,sumidoperdido,engraçado,1.0,Cigarrin verde só se for ela nao para de dar risada
1:41:34,6094,peluciacensurada,PeluciaCensurada,neutro,1.0,fuma uma jambra doida
1:41:36,6096,luukzits,luukzits,confuso,1.0,vcs não comem?
1:41:38,6098,gallack000,Gallack000,neutro,1.0,gallac5Sad
1:41:38,6098,palhaco7,palhaco7,neutro,1.0,Faz o teste do bafômetro nela
1:41:42,6102,general52,General52,neutro,1.0,julinha tenta imitar o cebolinha pfvr
1:41:44,6104,bernardo_kra,Bernardo_Kra,neutro,1.0,EarnedIt
1:41:45,6105,guilhermesl45,guilhermesl45,neutro,1.0,11:24
1:41:45,6105,lucioleal_,lucioleal_,neutro,1.0,!clima
1:41:45,6105,nightbot,Nightbot,neutro,1.0,Agora em Tokyo tá 75F (24C)
1:41:52,6112,dinozinbrk,Dinozinbrk,neutro,1.0,KAKAKAKAKAKAKAKAK
1:41:53,6113,urangotango37,urangotango37,neutro,1.0,Cadê os terraços bala!!!!
1:41:53,6113,erickhsn,erickhsn,neutro,1.0,formato 24h > 12h
1:41:54,6114,season1fighter,season1fighter,neutro,1.0,@luukzits Fotossíntese
1:41:54,6114,pekkazzi,pekkazzi,neutro,1.0,"Sabe não, tá metendo o loko"
1:41:55,6115,baka_denji,Baka_Denji,neutro,1.0,6 minutos!
1:41:56,6116,pulchram12,pulchram12,neutro,1.0,CaitThinking
1:41:58,6118,atereza01,atereza01,neutro,1.0,6 e 6 da tarde mano
1:42:01,6121,a_palavra_cabalistica_eh,凹凸凹凸凹凸凹凸凹凸凹,neutro,1.0,o cara usa PM e AM tsc tsc
1:42:05,6125,morttusdornitska,morttusdornitska,neutro,1.0,ESPINHUDO
1:42:08,6128,gibimbax05,gibimbax05,neutro,1.0,"Baka, deixa as lives salvas no twitch, não consigo ver as antigas"
1:42:10,6130,peluciacensurada,PeluciaCensurada,neutro,1.0,levou uma pirocada
1:42:10,6130,season1fighter,season1fighter,neutro,1.0,Toma Roacutan
1:42:10,6130,soldadotrvs,soldadotrvs,neutro,1.0,Sigma boi
1:42:11,6131,andre_candido,aNDRe_CaNDiDo,confuso,1.0,estorou a picada?
1:42:12,6132,ayanmelo,ayanmelo,neutro,1.0,foi a pica dura
1:42:13,6133,guilhermesl45,guilhermesl45,neutro,1.0,Eu não sei
1:42:15,6135,dinozinbrk,Dinozinbrk,neutro,1.0,DANM
1:42:19,6139,xenohfanes,xenohfanes,neutro,1.0,picada de penislongo
1:42:21,6141,pekkazzi,pekkazzi,neutro,1.0,@atereza01 18:18
1:42:23,6143,duarttxs,duarttxs,neutro,1.0,Relogio do CR7
1:42:25,6145,redwinepie,redwinepie,neutro,1.0,Coletou
1:42:25,6145,adilson_ofnone,adilson_ofnone,confuso,1.0,ganhou em máquina tb?
1:42:27,6147,dinozinbrk,Dinozinbrk,confuso,1.0,não era Zmove?
1:42:28,6148,morttusdornitska,morttusdornitska,neutro,1.0,cara com uma pica dura no rosto
1:42:30,6150,jantardameianoite,jantardameianoite,confuso,1.0,Julynha tá roubando ??
1:42:32,6152,urangotango37,urangotango37,neutro,1.0,Vai subir não terraços baka!!
1:42:32,6152,alpharius_456,Alpharius_456,neutro,1.0,5min baka
1:42:34,6154,peluciacensurada,PeluciaCensurada,neutro,1.0,cueca do picachu
1:42:34,6154,dr0yd,dr0yd,neutro,1.0,relogio do faustão
1:42:38,6158,o_cafe_quente,o_cafe_quente,neutro,1.0,So no sexo
1:42:40,6160,vcolt_,vcolt_,neutro,1.0,só roupa de gnt normal
1:42:41,6161,thrillerzs,thrillerzs,neutro,1.0,Então éé veja bem...
1:42:43,6163,andersondok,andersondok,neutro,1.0,eita
1:42:44,6164,dinozinbrk,Dinozinbrk,inspirado,1.0,anos muda e o baka ainda continua com seu uniforme
1:42:45,6165,diieguit0br,diieguit0br,confuso,1.0,luta o que? jiu jitsu?
1:42:46,6166,fumarfazbem,FumarFazBem,neutro,1.0,oi
1:42:47,6167,dang0mez_,DanG0meZ_,confuso,0.667,como assim vc nao tem roupa do pikachu baka ?
1:42:48,6168,saposaposo,saposaposo,neutro,1.0,eita
1:42:50,6170,uhh_carol,uhh_carol,neutro,1.0,Só tem esse tênis tbm ne
1:42:50,6170,bruceluze,BruceLuze,neutro,1.0,kk
1:42:51,6171,sadplant0,sadplant0,neutro,1.0,baka standard look
1:42:51,6171,andersondok,andersondok,neutro,1.0,so veste preto
1:42:53,6173,jantardameianoite,jantardameianoite,neutro,1.0,eita
1:42:54,6174,morttusdornitska,morttusdornitska,neutro,1.0,5min!!!
1:42:54,6174,erickhsn,erickhsn,neutro,1.0,chad
1:42:54,6174,andre_candido,aNDRe_CaNDiDo,neutro,1.0,eeeeeeeeeeeeeeeeeeeita
1:42:54,6174,arkkanjo10,arkkanjo10,neutro,1.0,Dentu
1:42:56,6176,gallack000,Gallack000,engraçado,1.0,kkkkkkkkkkkkkkkkkkk
1:43:04,6184,guilhermesl45,guilhermesl45,neutro,1.0,Damn
1:43:04,6184,liiaay01,liiaay01,engraçado,1.0,Imagina o baka com um tênis KKKkk igual ao da Julinha
1:43:05,6185,dinozinbrk,Dinozinbrk,confuso,1.0,se não quer jogar passa o controle!
1:43:05,6185,sumidoperdido,sumidoperdido,neutro,1.0,Oloco belo par de pernas
1:43:06,6186,andre_candido,aNDRe_CaNDiDo,neutro,1.0,se loco cachoeira
1:43:08,6188,a_palavra_cabalistica_eh,凹凸凹凸凹凸凹凸凹凸凹,neutro,1.0,carne só cai no prato do vegano
1:43:09,6189,omalditodokai,omalditodokai,neutro,1.0,malditos japoneses
1:43:10,6190,morisleepy,morisleepy,neutro,1.0,Pernas
1:43:11,6191,duarttxs,duarttxs,engraçado,1.0,trisal
1:43:11,6191,zenith_2xko,zenith_2xko,confuso,1.0,acho que ela ta roubando ela
1:43:11,6191,passarobllue,passarobllue,neutro,1.0,É irmã
1:43:12,6192,kenji_san_97,kenji_san_97,neutro,1.0,T R I S A L
1:43:15,6195,morttusdornitska,morttusdornitska,neutro,1.0,não sabemos a lore por trás
1:43:16,6196,lanadka,Lanadka,neutro,1.0,Ora bolas
1:43:16,6196,palhaco7,palhaco7,positivo,0.5,E se o broder for o namorado dele?
1:43:19,6199,urangotango37,urangotango37,engraçado,1.0,Baka já está de luto pala própria morte
1:43:21,6201,xenohfanes,xenohfanes,neutro,1.0,ela tá levando ele pra passear na vdd
1:43:22,6202,ayanmelo,ayanmelo,neutro,1.0,pickpocket
1:43:23,6203,italoooowd,italoooowd,positivo,0.5,E se ele namora os 2?
1:43:24,6204,pekkazzi,pekkazzi,neutro,1.0,ia dá
1:43:24,6204,andre_candido,aNDRe_CaNDiDo,neutro,1.0,"ia da, mas nao deu"
1:43:25,6205,jantardameianoite,jantardameianoite,neutro,1.0,Ya ada
1:43:25,6205,o_cafe_quente,o_cafe_quente,confuso,1.0,Aqui no chat n tem mod?
1:43:27,6207,gallack000,Gallack000,neutro,1.0,Iada onichan
1:43:27,6207,axiszor,axiszor,neutro,1.0,AYAYA
1:43:29,6209,dinozinbrk,Dinozinbrk,neutro,1.0,KAKAKAKAKAKAKAK
1:43:30,6210,peluciacensurada,PeluciaCensurada,neutro,1.0,as mina são superestimadas os brother são pra sempre
1:43:32,6212,tiodeivis,tiodeivis,neutro,1.0,AYAYA
1:43:32,6212,lostcaco,LostCaco,neutro,1.0,yamete kudasai
1:43:32,6212,sw1ftt_,Sw1ftt_,neutro,1.0,Os caras quase se tr9mbaram ali
1:43:33,6213,morttusdornitska,morttusdornitska,neutro,1.0,e se o mano for tio dela tlgd
1:43:36,6216,thrillerzs,thrillerzs,neutro,1.0,Cara falou em galinha
1:43:38,6218,qmrvovozinho,QMRVoVoZiNhO,neutro,1.0,pareceu um pokemon
1:43:39,6219,sernitto,Sernitto,neutro,1.0,aparentemente o baka hoje ta num extremo de engraçado
1:43:39,6219,dinozinbrk,Dinozinbrk,neutro,1.0,4 minutos baka
1:43:39,6219,annoyinger,Annoyinger,neutro,1.0,rotary club
1:43:40,6220,soldadotrvs,soldadotrvs,neutro,1.0,Baka onichan
1:43:41,6221,passarobllue,passarobllue,neutro,1.0,O Leão do pica pau
1:43:43,6223,doispontos_rams,doispontos_rams,confuso,1.0,@passarobllue E isso impede eles??
1:43:44,6224,dang0mez_,DanG0meZ_,neutro,1.0,leanru
1:43:44,6224,duarttxs,duarttxs,neutro,1.0,agua potavel
1:43:45,6225,gallack000,Gallack000,neutro,1.0,Esse leão n ta puro n
1:43:45,6225,gibimbax05,gibimbax05,neutro,1.0,Puzzle Resident evil
1:43:46,6226,xrestrito,xrestrito,confuso,1.0,desbloqueia o mapa isso ai
1:43:47,6227,andre_candido,aNDRe_CaNDiDo,neutro,1.0,"tem que esfregar, ai a agua sai"
1:43:49,6229,morttusdornitska,morttusdornitska,engraçado,1.0,parece uma bilola
1:43:50,6230,pulchram12,pulchram12,engraçado,1.0,Kkkkkkk
1:43:51,6231,tiodeivis,tiodeivis,neutro,1.0,é uma pata de cachorro
1:43:54,6234,vinsttv_,vinsttv_,neutro,1.0,é pra liberar o mapa
1:43:55,6235,rafadesa80,rafadesa80,neutro,1.0,Runas antigas
1:43:55,6235,guilhermesl45,guilhermesl45,neutro,1.0,Puzzle
1:43:57,6237,catchau2005,catchau2005,engraçado,0.75,a risada da Julinha é mto boa kkkkkk
1:43:58,6238,doispontos_rams,doispontos_rams,confuso,1.0,Runas?
1:43:59,6239,alorien_11,alorien_11,neutro,1.0,Kakakakaakakaka
1:44:00,6240,sixkush,SixKush,neutro,1.0,ponto de respaw
1:44:00,6240,dang0mez_,DanG0meZ_,engraçado,1.0,Massinaria
1:44:01,6241,maxxy_bb,maxxy_bb,neutro,1.0,bebe ai
1:44:02,6242,coolmelado,coolmelado,frustrado,1.0,AFF...O BAKA NAO GEMEU NENHUMA VEZ NA LIVE😒
1:44:04,6244,liiaay01,liiaay01,engraçado,1.0,Traduz baka kkkkk
1:44:04,6244,lanadka,Lanadka,neutro,1.0,Bebe ai
1:44:05,6245,pristonfield,Pristonfield,confuso,1.0,agua pro otavio?
1:44:06,6246,soldadotrvs,soldadotrvs,neutro,1.0,Leão do Proerd foi longe
1:44:07,6247,yawniess,yawniess,neutro,1.0,magia
1:44:09,6249,diieguit0br,diieguit0br,neutro,1.0,baka para de usar palavras complicadas pra julinha
1:44:09,6249,tiodeivis,tiodeivis,engraçado,1.0,bilola
1:44:14,6254,omalditodokai,omalditodokai,neutro,1.0,kumi oku diken talendu
1:44:14,6254,season1fighter,season1fighter,engraçado,1.0,@guilhermesl45 HypeLUL
1:44:17,6257,bakinae,bakinae,neutro,1.0,demiurgo
1:44:18,6258,rafadesa80,rafadesa80,neutro,1.0,Lê em voz alta que libera um Digimon
1:44:19,6259,boggyneo,boggyneo,neutro,1.0,bebedouro
1:44:19,6259,wesleykolomar_br,wesleykolomar_br,neutro,1.0,ó
1:44:21,6261,gibimbax05,gibimbax05,neutro,1.0,Leomon
1:44:25,6265,urangotango37,urangotango37,confuso,1.0,Vai ter punhetaço hoje baka?
1:44:25,6265,lanadka,Lanadka,neutro,1.0,Leão de narnia
1:44:27,6267,dinozinbrk,Dinozinbrk,neutro,1.0,KAKAKAKAKAKAKA
1:44:28,6268,andre_candido,aNDRe_CaNDiDo,neutro,1.0,da pra colocar o pau ai seh loco
1:44:29,6269,otaku_maliguino,otaku_maliguino,neutro,1.0,Geme ai baakaa
1:44:29,6269,jantardameianoite,jantardameianoite,neutro,1.0,Leão Illuminati
1:44:30,6270,dards39,dards39,neutro,1.0,Achei que era a clt ali
1:44:31,6271,saposaposo,saposaposo,neutro,1.0,leao do imposto de renda
1:44:32,6272,lancelot_darc,lancelot_darc,neutro,1.0,Um unown ali
1:44:33,6273,pamfras2006,pamfras2006,neutro,1.0,TheIlluminati
1:44:33,6273,o_cafe_quente,o_cafe_quente,neutro,1.0,Mó bucetao na boca do leao
1:44:34,6274,ayanmelo,ayanmelo,neutro,1.0,leão da receita
1:44:40,6280,saposaposo,saposaposo,neutro,1.0,É O LEAO DA RECEITA
1:44:41,6281,jpinkm4nn,jpinkm4nn,engraçado,1.0,PODE SER UM TIGRINHO...
1:44:42,6282,soldadotrvs,soldadotrvs,neutro,1.0,Leão da receita federal
1:44:42,6282,dinozinbrk,Dinozinbrk,neutro,1.0,aposta no leãozinho julynha
1:44:44,6284,lostcaco,LostCaco,neutro,1.0,Baka ficou pão duro dps q voltou do BR
1:44:44,6284,dmelosh,dmelosh,engraçado,1.0,KKKKK
1:44:45,6285,morttusdornitska,morttusdornitska,engraçado,1.0,protegendo o gasto no tigrinho
1:44:47,6287,doispontos_rams,doispontos_rams,neutro,1.0,Leão da sorte nova bet
1:44:49,6289,coolmelado,coolmelado,neutro,1.0,GEME BAKINHA CHAN!!
1:44:52,6292,sadplant0,sadplant0,neutro,1.0,a julyinha arrasa nas maquinas de pegar bichinho
1:44:53,6293,palhaco7,palhaco7,neutro,1.0,A little julia vai ser uma vítima fortíssima do capitalismo
1:44:53,6293,king2mc,king2mc,engraçado,1.0,o tigrin do Japão é o Leao
1:44:54,6294,erickhsn,erickhsn,neutro,1.0,porcos fazedores de latte
1:44:56,6296,rafadesa80,rafadesa80,neutro,1.0,Oooooooi
1:44:57,6297,peterdcn,peterdcn,neutro,1.0,as donzelas da noite aí
1:44:57,6297,coolmelado,coolmelado,neutro,1.0,Só uma vez vai
1:45:09,6309,doispontos_rams,doispontos_rams,neutro,1.0,3 minutos pra algo
1:45:09,6309,fumarfazbem,FumarFazBem,confuso,1.0,essa mina encostada é gp ?
1:45:10,6310,rick_viborg,Rick_Viborg,neutro,1.0,11:27
1:45:19,6319,redwinepie,redwinepie,engraçado,1.0,Julynha daria uma ótima dubladora
1:45:19,6319,soldadotrvs,soldadotrvs,neutro,1.0,3 minutos pra meia noite
1:45:21,6321,pulchram12,pulchram12,neutro,1.0,sushid17Kk
1:45:25,6325,atereza01,atereza01,confuso,0.667,n vai ter siriricasso??
1:45:33,6333,jantardameianoite,jantardameianoite,engraçado,1.0,Julynha modo serio
1:45:41,6341,gallack000,Gallack000,neutro,1.0,krl
1:45:46,6346,biel_soares_,biel_soares_,engraçado,1.0,biel_soares_ subscribed at Tier 1.
1:45:53,6353,dinozinbrk,Dinozinbrk,neutro,1.0,ta falando com o cara das skils julynha
1:45:59,6359,erickhsn,erickhsn,neutro,1.0,esse eu tenho
1:46:00,6360,morttusdornitska,morttusdornitska,neutro,1.0,NEM PEGOU O CASACO
1:46:02,6362,tiodeivis,tiodeivis,positivo,1.0,foda hein
1:46:02,6362,wesleykolomar_br,wesleykolomar_br,positivo,1.0,foda
1:46:02,6362,eh_o_leo,EH_O_LEO,confuso,1.0,JULINHA COLECIONA POKEMON TCG?
1:46:04,6364,a_palavra_cabalistica_eh,凹凸凹凸凹凸凹凸凹凸凹,positivo,1.0,foda
1:46:05,6365,jantardameianoite,jantardameianoite,positivo,1.0,Braba a estampa
1:46:06,6366,ryan_goslingdrive7,ryan_goslingdrive7,confuso,0.667,Baka como está o pipi nesse frio do japil??
1:46:07,6367,guilhermesl45,guilhermesl45,positivo,1.0,Vini é pika
1:46:07,6367,omalditodokai,omalditodokai,confuso,1.0,é hentai?
1:46:08,6368,pulchram12,pulchram12,neutro,1.0,W ViniArt
1:46:10,6370,morttusdornitska,morttusdornitska,neutro,1.0,BRAGA PORRA
1:46:16,6376,wesleykolomar_br,wesleykolomar_br,neutro,1.0,me deu inveja
1:46:19,6379,vinsttv_,vinsttv_,engraçado,1.0,KKKKKKKKKKKKKKKKKKKKKKK
1:46:20,6380,atereza01,atereza01,engraçado,1.0,sorrizo ronaldo
1:46:25,6385,gibimbax05,gibimbax05,confuso,1.0,Tem como ver a live gravada??
1:46:28,6388,unno2009,unno2009,positivo,1.0,bom ângulo esse baka
1:46:28,6388,dinozinbrk,Dinozinbrk,neutro,1.0,OLOKO
1:46:29,6389,sumidoperdido,sumidoperdido,neutro,1.0,Para de filmar a cara feia do baka
1:46:30,6390,atereza01,atereza01,positivo,1.0,oloco foda
1:46:33,6393,gallack000,Gallack000,engraçado,1.0,kkkkkkkkkkkkkkkkkk
1:46:33,6393,dmelosh,dmelosh,engraçado,1.0,KKKKKKK
1:46:33,6393,rafadesa80,rafadesa80,positivo,1.0,Caraio casaco muito foda!!
1:46:35,6395,thrillerzs,thrillerzs,positivo,1.0,Pikachu albino
1:46:40,6400,malfector,Malfector,neutro,1.0,união sinistra
1:46:40,6400,liiaay01,liiaay01,positivo,1.0,MT foda
1:46:42,6402,jantardameianoite,jantardameianoite,positivo,1.0,Pikachu raro oloco
1:46:43,6403,gabrelnascimento,gabrelnascimento,engraçado,1.0,Eu queria dar pra ele...
1:46:43,6403,guilhermesl45,guilhermesl45,engraçado,1.0,Kkkkkkk
1:46:47,6407,unno2009,unno2009,neutro,1.0,tem 30 anos q nem você baka
1:46:50,6410,erickhsn,erickhsn,neutro,1.0,só revender no brasil pro neymar
1:46:50,6410,dinozinbrk,Dinozinbrk,neutro,1.0,mas o baka tem
1:46:51,6411,morttusdornitska,morttusdornitska,positivo,1.0,Pikachu lavado 7 meses na máquina é foda
1:46:51,6411,clyttex,clyttex,neutro,1.0,Godii
1:46:52,6412,atereza01,atereza01,neutro,1.0,faio
1:46:52,6412,fumarfazbem,FumarFazBem,confuso,1.0,ela é doidinha ?
1:46:54,6414,soldadotrvs,soldadotrvs,neutro,1.0,Se vender compra uma casa
1:46:54,6414,rafadesa80,rafadesa80,positivo,1.0,Pikachu com albinismo
1:46:55,6415,ryan_goslingdrive7,ryan_goslingdrive7,confuso,0.667,Julinha toys te deu Pika??
1:46:56,6416,alpharius_456,Alpharius_456,neutro,1.0,a voz indo pro krl
1:46:58,6418,erickhsn,erickhsn,confuso,1.0,é uma polaroid?
1:47:03,6423,harryboy_,harryboy_,engraçado,1.0,Julinha tá parecendo um carro alegórico do carnaval kkk
1:47:05,6425,matyfofo,matyfofo,neutro,1.0,puberde
1:47:05,6425,tobleroneopicional,tobleroneopicional,neutro,1.0,Kakakakakakakakakakaa brabissimo
1:47:05,6425,sadplant0,sadplant0,engraçado,1.0,julyinha ta rica
1:47:06,6426,atereza01,atereza01,neutro,1.0,q bunitinho
1:47:08,6428,a_palavra_cabalistica_eh,凹凸凹凸凹凸凹凸凹凸凹,neutro,1.0,ta mimando o baka
1:47:11,6431,unno2009,unno2009,neutro,1.0,oloco
1:47:11,6431,ceboladefumada,ceboladefumada,confuso,1.0,Ela tem autissimo?
1:47:16,6436,re4per_r_,re4per_r_,neutro,1.0,Baka acho q ela qr ti comer
1:47:17,6437,saposaposo,saposaposo,neutro,1.0,1m
1:47:19,6439,matheusane,Matheusane,engraçado,1.0,@erickhsn sim
1:47:21,6441,pekkazzi,pekkazzi,neutro,1.0,Julynha lançou a lootbox pro Brgaa
1:47:22,6442,guilhermesl45,guilhermesl45,neutro,1.0,11:30
1:47:25,6445,rafadesa80,rafadesa80,confuso,1.0,Altíssimo?!
1:47:26,6446,maxxy_bb,maxxy_bb,neutro,1.0,mimimei
1:47:27,6447,eh_o_leo,EH_O_LEO,neutro,1.0,ABRAÇA ELA
1:47:28,6448,smelllycat_,smelllycat_,neutro,1.0,Que gracinha
1:47:28,6448,danizitogm,DanizitoGM,neutro,1.0,vai perder a voz baka kk
1:47:28,6448,jantardameianoite,jantardameianoite,neutro,1.0,Mimou ele
1:47:30,6450,redwinepie,redwinepie,neutro,1.0,Casal demais
1:47:30,6450,season1fighter,season1fighter,confuso,1.0,@ceboladefumada E o Baka não tem?
1:47:31,6451,soldadotrvs,soldadotrvs,neutro,1.0,One minute
1:47:32,6452,smelllycat_,smelllycat_,neutro,1.0,Muito fofa
1:47:32,6452,pamfras2006,pamfras2006,neutro,1.0,11:30
1:47:34,6454,gibimbax05,gibimbax05,neutro,1.0,Bja ela
1:47:34,6454,morttusdornitska,morttusdornitska,neutro,1.0,11:30
1:47:35,6455,nexus_jp,nexus_jp,neutro,1.0,11:30
1:47:35,6455,sadplant0,sadplant0,neutro,1.0,mas tem que mimar os amigos mesmo
1:47:35,6455,raquete_do_guda,raquete_do_guda,neutro,1.0,11:30
1:47:37,6457,eh_o_leo,EH_O_LEO,neutro,1.0,FOFA
1:47:38,6458,vcolt_,vcolt_,neutro,1.0,11:30
1:47:38,6458,palhaco7,palhaco7,neutro,1.0,É 11:30
1:47:40,6460,alpharius_456,Alpharius_456,neutro,1.0,1:30
1:47:42,6462,lana_tomioka,lana_tomioka,neutro,1.0,11:30
1:47:42,6462,iksicarius,iksicarius,neutro,1.0,Vai e
1:47:42,6462,alpharius_456,Alpharius_456,neutro,1.0,11:30
1:47:43,6463,sw1ftt_,Sw1ftt_,neutro,1.0,11:30
1:47:44,6464,ceboladefumada,ceboladefumada,neutro,1.0,@season1fighter não sei
1:47:44,6464,rofefps,Rofefps,neutro,1.0,11 e30
1:47:46,6466,morttusdornitska,morttusdornitska,neutro,1.0,É 11:30
1:47:46,6466,uhh_carol,uhh_carol,neutro,1.0,11:30 BAKA
1:47:46,6466,soldadotrvs,soldadotrvs,neutro,1.0,11:30
1:47:47,6467,noiiiii445,noiiiii445,neutro,1.0,vc ja é diabetico
1:47:48,6468,dinozinbrk,Dinozinbrk,confuso,1.0,11:30 punhetaço?
1:47:49,6469,danizitogm,DanizitoGM,neutro,1.0,AAAAAAA 11:30
1:47:49,6469,rick_viborg,Rick_Viborg,neutro,1.0,11:3
1:47:50,6470,1alvarin,1alvarin,neutro,1.0,11:30
1:47:51,6471,annoyinger,Annoyinger,engraçado,1.0,a julinha da varios presente raro e o baka entrega propaganda pra transforma a julinha em ad pros casaco dele
1:47:51,6471,rafadesa80,rafadesa80,engraçado,1.0,"Julinha, ganhou inscrito"
1:47:52,6472,morttusdornitska,morttusdornitska,neutro,1.0,11 e meia
1:47:53,6473,ianvitornob,ianvitornob,neutro,1.0,11:30
1:47:55,6475,peluciacensurada,PeluciaCensurada,neutro,1.0,vai ficar adiabático
1:47:56,6476,uhh_carol,uhh_carol,neutro,1.0,11:30
1:47:56,6476,saposaposo,saposaposo,neutro,1.0,eita
1:47:56,6476,palhaco7,palhaco7,neutro,1.0,🚨🚨🚨 11:30
1:47:57,6477,ryanslaayer,RyanSlaayer,neutro,1.0,11:30
1:47:57,6477,iksicarius,iksicarius,neutro,1.0,Vai até umas 3h00 baka
1:47:58,6478,coolmelado,coolmelado,confuso,1.0,Que isso
1:47:59,6479,pillsandknives,PillsAndKnives,neutro,1.0,fap
1:47:59,6479,kenji_san_97,kenji_san_97,neutro,1.0,ONZIMEIA
1:48:00,6480,jantardameianoite,jantardameianoite,neutro,1.0,Explana nao
1:48:00,6480,eh_o_leo,EH_O_LEO,neutro,1.0,IXIII
1:48:01,6481,27guii,27guii,confuso,1.0,oxi
1:48:02,6482,maxxy_bb,maxxy_bb,confuso,1.0,que isso baka
1:48:03,6483,season1fighter,season1fighter,engraçado,0.5,@ceboladefumada Eu acho que sim HypeLUL
1:48:03,6483,ayanmelo,ayanmelo,neutro,1.0,eita
1:48:03,6483,lancelot_darc,lancelot_darc,neutro,1.0,thirty minutes for the midnight
1:48:04,6484,coolmelado,coolmelado,confuso,1.0,Que isso bka
1:48:04,6484,atereza01,atereza01,neutro,1.0,OhWow
1:48:06,6486,raquete_do_guda,raquete_do_guda,neutro,1.0,11:30
1:48:06,6486,rafadesa80,rafadesa80,neutro,1.0,É setembro poha
1:48:09,6489,redwinepie,redwinepie,neutro,1.0,Offzideia
1:48:09,6489,kaynpombao,kaynpombao,neutro,1.0,11:30
1:48:09,6489,rick_viborg,Rick_Viborg,neutro,1.0,11:30
1:48:10,6490,boggyneo,boggyneo,neutro,1.0,seis e onibus
1:48:12,6492,brenzok,brenzok,neutro,1.0,11:30
1:48:12,6492,danielsk191,danielsk191,engraçado,1.0,kkkkkkkkkkkkkkkkk
1:48:14,6494,uhh_carol,uhh_carol,neutro,1.0,11:30 prr
1:48:14,6494,morttusdornitska,morttusdornitska,confuso,1.0,que isso hein
1:48:15,6495,palhaco7,palhaco7,neutro,1.0,🚨🚨🚨🚨🚨11:30
1:48:16,6496,karanbola,karanbola,neutro,1.0,11:30
1:48:17,6497,urangotango37,urangotango37,neutro,1.0,11:30
1:48:17,6497,psyfoxxx,PsyFoxxx,engraçado,1.0,@erickhsn uma instamax da fujifilm
1:48:19,6499,rafadesa80,rafadesa80,neutro,1.0,SEPTEMBER
1:48:19,6499,sw1ftt_,Sw1ftt_,neutro,1.0,11h30
1:48:20,6500,pulchram12,pulchram12,neutro,1.0,CaitThinking
1:48:24,6504,1alvarin,1alvarin,neutro,1.0,11:300
1:48:24,6504,guilhermesl45,guilhermesl45,engraçado,1.0,Kkkkkkk
1:48:24,6504,zenith_2xko,zenith_2xko,engraçado,1.0,kkkkk
1:48:27,6507,danizitogm,DanizitoGM,neutro,1.0,alerta de onze e meia
1:48:27,6507,morttusdornitska,morttusdornitska,neutro,1.0,omze e meias
1:48:29,6509,pristonfield,Pristonfield,engraçado,1.0,kkkkkkkkkkkkkkkk
1:48:30,6510,lana_tomioka,lana_tomioka,neutro,1.0,11 e meia
1:48:31,6511,1alvarin,1alvarin,neutro,1.0,11:30
1:48:31,6511,rafadesa80,rafadesa80,confuso,1.0,QUE ISSO JULINHAAAAAA
1:48:32,6512,palhaco7,palhaco7,confuso,1.0,É a hora do fumo?
1:48:32,6512,dang0mez_,DanG0meZ_,neutro,1.0,maconha no japão da pena de morte ne
1:48:32,6512,dinozinbrk,Dinozinbrk,confuso,1.0,como tá sabendo o cheiro da canabis julynha?
1:48:33,6513,tiodeivis,tiodeivis,neutro,1.0,ta calejado
1:48:33,6513,alpharius_456,Alpharius_456,engraçado,1.0,kkkkkkkkkkkkk
1:48:33,6513,igorluisk2,igorluisk2,engraçado,1.0,kkkkkkkkkk
1:48:34,6514,kaynpombao,kaynpombao,engraçado,1.0,horario oficial da resenha 11:30
1:48:34,6514,wesleykolomar_br,wesleykolomar_br,neutro,1.0,11h em
1:48:35,6515,fumarfazbem,FumarFazBem,neutro,1.0,ele ta acostumado
1:48:36,6516,soldadotrvs,soldadotrvs,neutro,1.0,Punhetaço cancelando rapaziada até segunda ordem
1:48:36,6516,morttusdornitska,morttusdornitska,neutro,1.0,OLHA O CHAT
1:48:37,6517,lanadka,Lanadka,neutro,1.0,Hm que deliciaaa
1:48:38,6518,diieguit0br,diieguit0br,confuso,1.0,baka o que tá acontecendo com tua voz?
1:48:38,6518,alberteinstein79,alberteinstein79,positivo,1.0,pamonha
1:48:38,6518,maxxy_bb,maxxy_bb,confuso,1.0,baka fingindo que nao conhece o cheiro
1:48:39,6519,rafadesa80,rafadesa80,positivo,0.5,Camonha?!?!
1:48:40,6520,aspiiira,ASPIIIRA,confuso,1.0,é meio dia o punhetasso ou ta proibido devido aos eventos de setembro?
1:48:41,6521,palhaco7,palhaco7,neutro,1.0,É 11 e 🧦
1:48:45,6525,atereza01,atereza01,neutro,1.0,ta sabendo
1:48:47,6527,danielsk191,danielsk191,neutro,1.0,ele tá acostumado já
1:48:51,6531,jantardameianoite,jantardameianoite,neutro,1.0,😔acaba a live nao
1:48:54,6534,redwinepie,redwinepie,neutro,1.0,CADE A GALERA DA DROGA
1:48:57,6537,remi423u,remi423u,neutro,1.0,Larga o beck kulynha
1:48:57,6537,maxxy_bb,maxxy_bb,neutro,1.0,Nossa
1:48:58,6538,fumarfazbem,FumarFazBem,neutro,1.0,quem fumou não sente o cheiro
1:49:00,6540,lancelot_darc,lancelot_darc,neutro,1.0,tem dias que é de noite
1:49:05,6545,rafadesa80,rafadesa80,neutro,1.0,Acaba não.... tá dahora
1:49:12,6552,morttusdornitska,morttusdornitska,confuso,1.0,punhetaço ou não?
1:49:14,6554,unno2009,unno2009,neutro,1.0,ta cega
1:49:15,6555,gallack000,Gallack000,engraçado,1.0,kkkkkkkkkkkkkkkkkkk
1:49:15,6555,ordepenn,ordepenn,neutro,1.0,@FumarFazBem eu nao esqueci
1:49:18,6558,yezgg,yezgg,confuso,1.0,ele voltou pra jp?
1:49:19,6559,liiaay01,liiaay01,confuso,1.0,Quantos graus??
1:49:24,6564,dang0mez_,DanG0meZ_,neutro,1.0,velho cego
1:49:25,6565,a_palavra_cabalistica_eh,凹凸凹凸凹凸凹凸凹凸凹,neutro,1.0,idade chegou
1:49:26,6566,kyry7i,kyry7i,engraçado,1.0,Só por estilo kkkk
1:49:27,6567,tuilso,tuilso,confuso,1.0,caralho face reveal?
1:49:27,6567,dinozinbrk,Dinozinbrk,neutro,1.0,"e só estilo, ele quer ficar igual um personagem de anime"
1:49:29,6569,lancelot_darc,lancelot_darc,neutro,1.0,não pode aqui ta de dia
1:49:29,6569,atereza01,atereza01,engraçado,1.0,puts sem siririca
1:49:32,6572,yondaimeshintarou,YondaimeShintarou,engraçado,1.0,kkkkkkkkkkkkkkkkkkkkkkkk
1:49:32,6572,sernitto,Sernitto,engraçado,1.0,pq caralho ele usaria de mentira
1:49:35,6575,rapdotyz,rapdotyz,positivo,1.0,diálogos fodas
1:49:35,6575,jantardameianoite,jantardameianoite,neutro,1.0,galo cego
1:49:35,6575,ganash1,Ganash1,confuso,1.0,Onde posso comprar esse casaco que o baka deu?
1:49:36,6576,pekkazzi,pekkazzi,engraçado,1.0,KKKKKKKKKKKKKKKKKKKK
1:49:37,6577,soudir_,soudir_,engraçado,1.0,Kkkkkkkkkkkkkk
1:49:37,6577,atereza01,atereza01,engraçado,1.0,kkkkkkk
1:49:41,6581,doispontos_rams,doispontos_rams,neutro,1.0,Ta com olho necrozando
1:49:43,6583,soldadotrvs,soldadotrvs,positivo,1.0,Ficou mais lindo braga
1:49:44,6584,gallack000,Gallack000,neutro,1.0,O grande olho cego
1:49:44,6584,aizenr6ss,aizenr6ss,engraçado,1.0,kkkkkkkkkkk
1:49:45,6585,lancelot_darc,lancelot_darc,neutro,1.0,é Setembro Amarelo diga não
1:49:46,6586,unno2009,unno2009,engraçado,1.0,vários graus
1:49:46,6586,maxxy_bb,maxxy_bb,neutro,1.0,eu tenho 2.75 nos dois
1:49:46,6586,beatrizcrotti,beatrizcrotti,confuso,1.0,Baka vai ter live DNV quando??
1:49:47,6587,morttusdornitska,morttusdornitska,neutro,1.0,nem lembra
1:49:54,6594,atereza01,atereza01,neutro,1.0,japonesa dos seios
1:49:57,6597,lobinhokun,LobinhoKun,positivo,0.5,galo sego é bom kkk
1:49:59,6599,dang0mez_,DanG0meZ_,neutro,1.0,eu tambem
1:50:00,6600,erickhsn,erickhsn,neutro,1.0,"como n, sabe fazer insec"
1:50:00,6600,pekkazzi,pekkazzi,engraçado,1.0,Jogando LOL
1:50:02,6602,otaku_maliguino,otaku_maliguino,neutro,1.0,11:32
1:50:04,6604,erickhsn,erickhsn,neutro,1.0,n é pra todo mundo
1:50:07,6607,eh_o_leo,EH_O_LEO,engraçado,1.0,LOL
1:50:07,6607,omalditodokai,omalditodokai,neutro,1.0,femboy e futa house
1:50:09,6609,gallack000,Gallack000,neutro,1.0,gallac5Sus
1:50:13,6613,thrillerzs,thrillerzs,neutro,1.0,Zara ali dunada
1:50:16,6616,morttusdornitska,morttusdornitska,neutro,1.0,gosta de uma ardidas.
1:50:18,6618,peterdcn,peterdcn,engraçado,1.0,"@erickhsn ""sabe"""
1:50:18,6618,aspiiira,ASPIIIRA,engraçado,1.0,lol fode a vista do homem
1:50:37,6637,urangotango37,urangotango37,neutro,1.0,A extrassístoles do baka subiu para o olho
1:50:37,6637,dinozinbrk,Dinozinbrk,positivo,1.0,achamos o point das pessoas em
1:50:39,6639,hemoglobina05,hemoglobina05,confuso,1.0,troca troca ?
1:50:41,6641,otaku_maliguino,otaku_maliguino,neutro,1.0,11:33
1:50:46,6646,atereza01,atereza01,neutro,1.0,fumagem
1:50:46,6646,nicholas06af,nicholas06af,confuso,1.0,voltou pro jp?
1:50:48,6648,lancelot_darc,lancelot_darc,neutro,1.0,tem uma quest ai entra
1:50:59,6659,influenzias,Influenzias,neutro,1.0,@nicholas06af É Porto Alegre
1:50:59,6659,bakanadegasexuberantes,BakaNadegasExuberantes,engraçado,1.0,kkkkkkkkkkkkkkkkk
1:51:01,6661,doispontos_rams,doispontos_rams,confuso,1.0,Esse é o bairro da liberdade???
1:51:04,6664,guilhermesl45,guilhermesl45,engraçado,1.0,Kkkkkk
1:51:05,6665,alberteinstein79,alberteinstein79,positivo,1.0,pamonha
1:51:08,6668,omalditodokai,omalditodokai,confuso,1.0,tenho que virar streamer então
1:51:09,6669,lanadka,Lanadka,neutro,1.0,Credoo
1:51:14,6674,morttusdornitska,morttusdornitska,engraçado,1.0,pisou na urina e dane-se
1:51:16,6676,nando_wk,nando_wk,engraçado,1.0,baka prime
1:51:20,6680,maxxy_bb,maxxy_bb,neutro,1.0,Baka chad
1:51:21,6681,aspiiira,ASPIIIRA,neutro,1.0,prova o mijo alheio e vira sommelier
1:51:21,6681,danielsk191,danielsk191,engraçado,1.0,KKKKKKKKKKKK
1:51:24,6684,dinozinbrk,Dinozinbrk,engraçado,1.0,"cuidado com as tarefas secundária aí em, não dá para fugir em cutscene"
1:51:27,6687,xenohfanes,xenohfanes,neutro,1.0,porta das backrooms
1:51:27,6687,morttusdornitska,morttusdornitska,neutro,1.0,W braga
1:51:30,6690,yezgg,yezgg,engraçado,1.0,faz essa missao secundaria
1:51:32,6692,kenji_san_97,kenji_san_97,neutro,1.0,ANDANDO PELAS RUAS PARALELAS DA ESTAÇAO BRAS
1:51:37,6697,guilhermesl45,guilhermesl45,confuso,1.0,?
1:51:40,6700,pristonfield,Pristonfield,confuso,1.0,?
1:51:43,6703,unno2009,unno2009,neutro,1.0,entra no sete além aí baka
1:51:46,6706,doispontos_rams,doispontos_rams,confuso,0.667,Baka era main sett no lol??
1:51:48,6708,despersonalizar,despersonalizar,neutro,1.0,descanse em paz matinhochan 🕊
1:51:50,6710,alberteinstein79,alberteinstein79,confuso,1.0,estão em osasco?
1:51:51,6711,pekkazzi,pekkazzi,neutro,1.0,Compreensível
1:51:51,6711,chavinho_h30,chavinho_h30,confuso,1.0,?
1:51:54,6714,pedreirosensualizador,pedreirosensualizador,positivo,1.0,Top 5 diálogos fodas
1:51:55,6715,bakanadegasexuberantes,BakaNadegasExuberantes,confuso,1.0,maconha n era mt dificil de conseguir no jp?
1:52:01,6721,lancelot_darc,lancelot_darc,neutro,1.0,cuidado é mais um episódio de Alice in Borderland
1:52:07,6727,nukecorpss_,nukecorpss_,positivo,1.0,Salve
1:52:07,6727,erickhsn,erickhsn,neutro,1.0,n conheço
1:52:09,6729,liiaay01,liiaay01,engraçado,1.0,Não KKKkkkkkk
1:52:09,6729,otaku_maliguino,otaku_maliguino,neutro,1.0,11:34
1:52:10,6730,sernitto,Sernitto,neutro,1.0,pessoal não pega referencia assim
1:52:15,6735,rafadesa80,rafadesa80,neutro,1.0,Tá explicado o cheiro de maconha era o baka
1:52:15,6735,redwinepie,redwinepie,neutro,1.0,Eu entendi a referência
1:52:15,6735,motukagame,motukagame,engraçado,1.0,matrix
1:52:15,6735,pulchram12,pulchram12,neutro,1.0,CaitThinking
1:52:16,6736,edubuscador,edubuscador,engraçado,1.0,Matrix Reload a porta
1:52:19,6739,eh_o_leo,EH_O_LEO,confuso,1.0,INTIMOU?
1:52:19,6739,urangotango37,urangotango37,neutro,1.0,Sabe em um terraço aí para o punhetaço coletivo
1:52:21,6741,maxxy_bb,maxxy_bb,confuso,1.0,tem de que?
1:52:22,6742,wesleykolomar_br,wesleykolomar_br,confuso,1.0,tem oq?
1:52:24,6744,kenji_san_97,kenji_san_97,confuso,1.0,CU ?
1:52:27,6747,aspiiira,ASPIIIRA,confuso,1.0,tem cu?
1:52:29,6749,hiyesu,Hiyesu,neutro,1.0,oxe voltou pro japao
1:52:29,6749,sombra_lunar666,Sombra_Lunar666,confuso,1.0,Nem ferrando ele foi pro Japão quando chat?
1:52:31,6751,dinozinbrk,Dinozinbrk,confuso,1.0,cu de velho?
1:52:34,6754,ayanmelo,ayanmelo,engraçado,1.0,qoo de curioso
1:52:36,6756,pekkazzi,pekkazzi,confuso,1.0,Tem cu de alexandre?
1:52:43,6763,sylv_vtbr,sylv_vtbr,confuso,1.0,"""ce gosta de cu verde?"""
1:52:44,6764,peluciacensurada,PeluciaCensurada,neutro,1.0,pessoal tá tudo com o cérebro derretido por culpa do claude
1:52:49,6769,ink_luzt,インク欲,confuso,1.0,"eu to em duvida, aí é diadema ou  osasco? @BakaGaijinLive"
1:52:52,6772,danielsk191,danielsk191,neutro,1.0,cu verde da urach
1:52:53,6773,atereza01,atereza01,neutro,1.0,alfa
1:52:56,6776,erickhsn,erickhsn,neutro,1.0,barulho de coca
1:53:03,6783,pristonfield,Pristonfield,engraçado,1.0,kkkkkkkkk
1:53:04,6784,dinozinbrk,Dinozinbrk,neutro,1.0,baka está com o money
1:53:07,6787,erickhsn,erickhsn,neutro,1.0,caralho 2 águas no mesmo dia
1:53:07,6787,psyfoxxx,PsyFoxxx,engraçado,1.0,LUL
1:53:10,6790,erickhsn,erickhsn,neutro,1.0,ta mudado
1:53:14,6794,erickhsn,erickhsn,neutro,1.0,é o barulho da coca
1:53:15,6795,yezgg,yezgg,positivo,1.0,gosto de cu de chocolate
1:53:16,6796,unno2009,unno2009,engraçado,1.0,só pq o erick falou
1:53:17,6797,tiodeivis,tiodeivis,confuso,1.0,é a musica da coca cola  ?
1:53:18,6798,pristonfield,Pristonfield,neutro,1.0,musica da coca cola
1:53:18,6798,alpharius_456,Alpharius_456,neutro,1.0,2 aguas na live é novidade
1:53:20,6800,lanadka,Lanadka,neutro,1.0,Música da coca
1:53:21,6801,kenji_san_97,kenji_san_97,neutro,1.0,a musiquinha da coca cola
1:53:22,6802,a_palavra_cabalistica_eh,凹凸凹凸凹凸凹凸凹凸凹,neutro,1.0,mais corote
1:53:23,6803,liiaay01,liiaay01,neutro,1.0,Tá ficando saudável
1:53:26,6806,tiodeivis,tiodeivis,neutro,1.0,q fofo
1:53:38,6818,erickhsn,erickhsn,engraçado,1.0,"1 água ja é raro, 2 definitivamente foi a primeira vez"
1:53:39,6819,xenohfanes,xenohfanes,confuso,1.0,teu corpo aguenta isso tudo de agua no msm dia mano? Te cuida
1:53:39,6819,pristonfield,Pristonfield,neutro,1.0,Q
1:53:40,6820,guilhermesl45,guilhermesl45,engraçado,1.0,Kkkkkkk
1:53:42,6822,pekkazzi,pekkazzi,neutro,1.0,Se filma bebendo pra a gente ver que não tá só fingindo
1:53:43,6823,kegann999,Kegann999,neutro,1.0,vixi
1:53:43,6823,jantardameianoite,jantardameianoite,neutro,1.0,Que fofo esse casal
1:53:44,6824,tiodeivis,tiodeivis,confuso,1.0,aí tu deixa a gente em qualquer lugar?
1:53:45,6825,redwinepie,redwinepie,confuso,1.0,Isso ai nas placas é sangue ?
1:53:45,6825,27guii,27guii,neutro,1.0,k
1:53:47,6827,bakanadegasexuberantes,BakaNadegasExuberantes,engraçado,1.0,Kappa
1:53:48,6828,boggyneo,boggyneo,neutro,1.0,parede
1:53:48,6828,kenji_san_97,kenji_san_97,neutro,1.0,disumildo
1:53:49,6829,lanadka,Lanadka,neutro,1.0,Arroganty
1:53:51,6831,biel_soares_,biel_soares_,engraçado,1.0,kkkkkkkkkk
1:53:53,6833,maxxy_bb,maxxy_bb,neutro,1.0,filma legal baka
1:53:59,6839,tiodeivis,tiodeivis,confuso,1.0,oxi
1:54:00,6840,wood_padeiro,Wood_Padeiro,neutro,1.0,julinha igual o carro do google com essa camera
1:54:00,6840,morttusdornitska,morttusdornitska,neutro,1.0,oshiman
1:54:05,6845,kenji_san_97,kenji_san_97,neutro,1.0,OSHIMAN'S
1:54:07,6847,erickhsn,erickhsn,neutro,1.0,15:36
1:54:08,6848,alphaya8,alphaya8,positivo,0.5,É de boa achar banheiro aí se precisar?
1:54:11,6851,ianvitornob,ianvitornob,neutro,1.0,11:36
1:54:11,6851,yurivistatv,YuriVistaTv,neutro,1.0,"New Era "" FortHype"
1:54:14,6854,aspiiira,ASPIIIRA,neutro,1.0,11:36
1:54:14,6854,dinozinbrk,Dinozinbrk,neutro,1.0,"galera, parem de falar sacanagens de duplo sentido, estou na tv"
1:54:15,6855,loolzzx,loolzzx,neutro,1.0,onde cês tão se metendo gente
1:54:24,6864,alpharius_456,Alpharius_456,neutro,1.0,mo breu
1:54:26,6866,italoooowd,italoooowd,engraçado,0.5,Cuidado pra não ter uma intoxicação hídrica com tanta água que ce ta bebendo
1:54:28,6868,atereza01,atereza01,engraçado,0.5,vai dar pra siriricar entao?
1:54:28,6868,urangotango37,urangotango37,confuso,1.0,Já tá em qual EP esse anime aqui?
1:54:34,6874,lancelot_darc,lancelot_darc,engraçado,0.5,e o banheiro nada? o tanto de água que bebeu logo da o piriri
1:54:39,6879,otaku_maliguino,otaku_maliguino,neutro,1.0,Geeeeemeee baka
1:54:44,6884,deyvisonmoraes,DeyvisonMoraes,engraçado,0.5,"oxi, que parte do brasil é essa? kkkkkkk xD"
1:54:46,6886,rhummebr,RhummeBr,confuso,1.0,vai ter o punhetasso q horas?
1:54:57,6897,lostcaco,LostCaco,neutro,1.0,"""que horas são"" - com voz de sumô japonês"
1:54:58,6898,sernitto,Sernitto,confuso,1.0,qual o mais barato?
1:55:03,6903,dmelosh,dmelosh,neutro,1.0,Osasco
1:55:07,6907,erickhsn,erickhsn,confuso,1.0,quero ir de air china na proxima vez
1:55:09,6909,gallack000,Gallack000,neutro,1.0,slk
1:55:10,6910,dinozinbrk,Dinozinbrk,confuso,1.0,quando a live na Coreia do Norte?
1:55:10,6910,hanyche,hanyche,neutro,1.0,@DeyvisonMoraes é mod pra ficar japao
1:55:11,6911,liiaay01,liiaay01,engraçado,1.0,MDS KKKKkk
1:55:13,6913,noiiiii445,noiiiii445,neutro,1.0,podia ter ficado preso la
1:55:15,6915,azagromba,azagromba,frustrado,1.0,olha o cara de volta pro japão não tanko o bostil
1:55:19,6919,rafadesa80,rafadesa80,confuso,1.0,Conheceu o Jungcuck?
1:55:27,6927,gabriel33lisboa,Gabriel33Lisboa,positivo,0.5,esse voo da ethiopia é de boa baka? vo pegar esse voo tbm
1:55:30,6930,eh_o_leo,EH_O_LEO,confuso,1.0,QANTO CUSTA UM VOO PARA O JAPÃO?
1:55:32,6932,sernitto,Sernitto,engraçado,1.0,fiquei com medo de comprar esse da ethiopia air lines kkkkkkkkk
1:55:33,6933,matyfofo,matyfofo,confuso,1.0,os cara do bts te recebeu lá?
1:55:37,6937,atereza01,atereza01,neutro,1.0,só tira e mija ai mm
1:55:39,6939,kegann999,Kegann999,neutro,1.0,julynha bebendo corote
1:55:46,6946,xrestrito,xrestrito,confuso,1.0,ondeéqocaramijaaki?
1:55:48,6948,noiiiii445,noiiiii445,engraçado,1.0,kkkkkkkkkkkk
1:55:48,6948,sylv_vtbr,sylv_vtbr,neutro,1.0,taporra
1:55:49,6949,alpharius_456,Alpharius_456,positivo,0.5,@Gabriel33Lisboa quanto ficou
1:55:50,6950,guilhermesl45,guilhermesl45,engraçado,1.0,Kkkkkk
1:55:50,6950,urangotango37,urangotango37,confuso,1.0,Já lançou o para beta tester o sexo 3 baka?
1:55:54,6954,jantardameianoite,jantardameianoite,neutro,1.0,50 graus slc
1:55:56,6956,dinozinbrk,Dinozinbrk,neutro,1.0,Nice information
1:55:56,6956,tainshok_,Tainshok_,neutro,1.0,Pra que jogar a bola na mavie po
1:55:57,6957,pekkazzi,pekkazzi,neutro,1.0,A NATURALIDADE DELA PRA FALAR
1:55:58,6958,azagromba,azagromba,confuso,1.0,como pode essa mina ser assim e ter cara de velha?
1:55:58,6958,lanadka,Lanadka,neutro,1.0,Bizarro
1:55:59,6959,tiodeivis,tiodeivis,confuso,1.0,CINQUENTA?
1:56:02,6962,kenji_san_97,kenji_san_97,positivo,1.0,QUE EPOCA BOA PRA SE VIVER
1:56:05,6965,soudir_,soudir_,engraçado,1.0,Kkkkkkkkkkk
1:56:09,6969,paomofadoo_,paomofadoo_,neutro,1.0,"""ce perdeu"""
1:56:09,6969,pekkazzi,pekkazzi,engraçado,1.0,@Tainshok_ KKKKKKKKKKKKKKKKKK VSFD
1:56:19,6979,matyfofo,matyfofo,neutro,1.0,perdeu o evento do ano hein baka
1:56:20,6980,ceboladefumada,ceboladefumada,neutro,1.0,mds
1:56:22,6982,yabertinho,YaBertinho,neutro,1.0,dupla dinamica
1:56:22,6982,lostcaco,LostCaco,neutro,1.0,faz 20 anos que ela tem 18 anos
1:56:23,6983,atereza01,atereza01,engraçado,1.0,@Tainshok_ kkkkkkkkkkkkk
1:56:24,6984,kenji_san_97,kenji_san_97,neutro,1.0,PEGA ELEVADOR
1:56:30,6990,liiaay01,liiaay01,engraçado,1.0,MDS KKKKKKkk
1:56:30,6990,gabriel33lisboa,Gabriel33Lisboa,engraçado,1.0,@Alpharius_456 peguei com milha
1:56:31,6991,alpharius_456,Alpharius_456,engraçado,1.0,@paomofadoo_ vdd KKKKKKKKKKKKK
1:56:32,6992,redwinepie,redwinepie,positivo,1.0,Vamo caminhando pra ginza
1:56:35,6995,jantardameianoite,jantardameianoite,neutro,1.0,Tão idosos msm
1:56:36,6996,jpinkm4nn,jpinkm4nn,neutro,1.0,pega no colo
1:56:37,6997,loolzzx,loolzzx,neutro,1.0,vão ter dormir no hotel cápsula
1:56:39,6999,paomofadoo_,paomofadoo_,engraçado,0.667,po pelo amor de deus kkkkkkkkkk
1:56:41,7001,alpharius_456,Alpharius_456,positivo,0.5,@Gabriel33Lisboa sabe mt
1:56:46,7006,tiodeivis,tiodeivis,neutro,1.0,"cavalo n sobe escada tbm, se pá ela é um cavalo tá"
1:56:49,7009,liiaay01,liiaay01,neutro,1.0,Idosos demais
1:56:51,7011,hikkimoralles,hikkimoralles,neutro,1.0,bakagaFrog
1:56:53,7013,donatte,Donatte,confuso,1.0,uai o baka volto ?
1:57:12,7032,atereza01,atereza01,neutro,1.0,fire
1:57:18,7038,atereza01,atereza01,neutro,1.0,não é bobo nem nada
1:57:19,7039,alpharius_456,Alpharius_456,neutro,1.0,@Donatte passeio
1:57:33,7053,rick_viborg,Rick_Viborg,engraçado,1.0,@Donatte reprise
1:57:34,7054,pulchram12,pulchram12,engraçado,1.0,LUL
1:57:36,7056,atereza01,atereza01,neutro,1.0,pq o cara tem rabo
1:57:38,7058,passarobllue,passarobllue,neutro,1.0,Projeto de toji
1:57:39,7059,aspiiira,ASPIIIRA,positivo,0.5,aql calcinha usada que tu escondeu no topo de predio existe ainda?
1:57:39,7059,jantardameianoite,jantardameianoite,neutro,1.0,o Kiko e a Chiquinha no Japao
1:57:41,7061,morttusdornitska,morttusdornitska,confuso,1.0,e fingindo que não tem nenhum
1:57:43,7063,donatte,Donatte,neutro,1.0,live gravada
1:57:47,7067,morttusdornitska,morttusdornitska,neutro,1.0,como pode
1:57:47,7067,danizitogm,DanizitoGM,neutro,1.0,@Donatte rerun
1:57:52,7072,baka_denji,Baka_Denji,inspirado,1.0,Faz live ou video ensinando a editar!!
1:57:53,7073,atereza01,atereza01,engraçado,0.667,@jantardameianoite mkkkkkkkkkkkkkkkkk
1:57:54,7074,dinozinbrk,Dinozinbrk,neutro,1.0,julynha tá gastando toda as skills de sorte
1:57:56,7076,jantardameianoite,jantardameianoite,neutro,1.0,Não é live gravada seus peixe boi
1:58:01,7081,liiaay01,liiaay01,neutro,1.0,Emo
1:58:04,7084,guilhermesl45,guilhermesl45,neutro,1.0,Vish
1:58:04,7084,urangotango37,urangotango37,engraçado,0.5,"Baka, quantos pombos seriam necessários para te levantar, considerando que cada um pesa em torno de 2,5kg e estão todos dentro do seu cu"
1:58:09,7089,this_is_pedro,This_is_Pedro,neutro,1.0,Bala Cabeludo
1:58:10,7090,donatte,Donatte,positivo,1.0,"AI e foda em mano, live de video velho hehe"
1:58:11,7091,paomofadoo_,paomofadoo_,positivo,1.0,@jantardameianoite é sim mano
1:58:12,7092,urahara_iwnl,urahara_iwnl,neutro,1.0,Live gravada ao vivo
1:58:14,7094,kratoszxkun,KratosZxKun,neutro,1.0,real
1:58:15,7095,mimillaszz,Mimillaszz,confuso,1.0,qual a proxima live? so pra eu ver se vale a pena esperar
1:58:16,7096,jantardameianoite,jantardameianoite,neutro,1.0,Toma
1:58:17,7097,otaku_maliguino,otaku_maliguino,neutro,1.0,live gravada sim
1:58:17,7097,tainshok_,Tainshok_,positivo,1.0,"Vc ficou gostosinho com esse óculos baka, gostei"
1:58:23,7103,yawniess,yawniess,confuso,1.0,punhetaco meio dia?
1:58:29,7109,jantardameianoite,jantardameianoite,neutro,1.0,Acabou de responder
1:58:32,7112,pamfras2006,pamfras2006,neutro,1.0,Pedro bala
1:58:34,7114,yurigabofc,yurigabofc,neutro,1.0,Finalmente estou vendo uma live sua kk
1:58:35,7115,pekkazzi,pekkazzi,positivo,0.5,@jantardameianoite É isso que o sistema quer que você pense
1:58:36,7116,redwinepie,redwinepie,neutro,1.0,Conheço
1:58:37,7117,sernitto,Sernitto,neutro,1.0,vai cair
1:58:42,7122,otaku_maliguino,otaku_maliguino,engraçado,1.0,se não fosse gravada ele iria gemer
1:58:45,7125,deyvisonmoraes,DeyvisonMoraes,positivo,0.5,"Cara quase nunca faz live e quando faz ja ta do outro lado do mundo, ai é foda"
1:58:46,7126,atereza01,atereza01,neutro,1.0,ne case
1:58:47,7127,nsei_hmm,nsei_hmm,neutro,1.0,nessa virada perdi setembro
1:58:47,7127,xenohfanes,xenohfanes,neutro,1.0,"carai, vai travar naquele jogo"
1:58:49,7129,erickhsn,erickhsn,confuso,1.0,ta ficando onde? yokohama?
1:58:50,7130,sw1ftt_,Sw1ftt_,confuso,1.0,Vai dar?
1:58:51,7131,aspiiira,ASPIIIRA,confuso,1.0,11:41 da manhã e vc quer q eu acredite que ta de noite?
1:58:57,7137,jantardameianoite,jantardameianoite,neutro,1.0,Olha o baka de saia
1:58:57,7137,loolzzx,loolzzx,neutro,1.0,meia noite te conto uma segredo
1:58:58,7138,sernitto,Sernitto,neutro,1.0,entrando na backrooms
1:59:00,7140,morttusdornitska,morttusdornitska,confuso,0.667,@jantardameianoite exatamente oq o governo quer que vc pense
1:59:03,7143,lostcaco,LostCaco,neutro,1.0,"""aqui a gnt vai dar ali na frente ali ó"""
1:59:05,7145,cahzin,Cahzin,engraçado,0.5,Baka não tankou o BR haha
1:59:06,7146,iceborn9999,iceborn9999,confuso,1.0,"Em que região ele tá, chat?"
1:59:11,7151,otaku_maliguino,otaku_maliguino,neutro,1.0,e gravada manin
1:59:12,7152,kratoszxkun,KratosZxKun,confuso,1.0,"nem ta de manha mano, solzaço que ta afzendokk"
1:59:15,7155,this_is_pedro,This_is_Pedro,neutro,1.0,Viajar pro Japão pra engordar ainda mais
1:59:16,7156,apenasjg,apenasjg,confuso,1.0,"Já deu de andar na liberdade baka, quando volta a stream de mesa?"
1:59:18,7158,maxxy_bb,maxxy_bb,neutro,1.0,as japonesas gostam de salto ne
1:59:20,7160,umbalde,umBalde,confuso,1.0,Aumentou o preço? FAZ O L
1:59:30,7170,otaku_maliguino,otaku_maliguino,neutro,1.0,kakakakaka sol da rachando ja
1:59:32,7172,morttusdornitska,morttusdornitska,neutro,1.0,@iceborn9999 Itaporanga
1:59:35,7175,lancelot_darc,lancelot_darc,neutro,1.0,ele ta no castelo infinito
1:59:35,7175,thejobind,thejobind,confuso,1.0,da pra comprar maconha no japao ?
1:59:38,7178,paomofadoo_,paomofadoo_,neutro,1.0,@maxxy_bb de água tbm
1:59:41,7181,otaku_maliguino,otaku_maliguino,neutro,1.0,ou
1:59:41,7181,alpharius_456,Alpharius_456,neutro,1.0,"@maxxy_bb em media, o japao é mais baixo"
1:59:48,7188,otaku_maliguino,otaku_maliguino,confuso,1.0,Alguem de Goias ?
1:59:49,7189,iceborn9999,iceborn9999,neutro,1.0,@morttusdornitska Achei que era Itapipoca
1:59:51,7191,season1fighter,season1fighter,neutro,1.0,@maxxy_bb Ewconde o fato delas serem tão baixinhas
1:59:52,7192,atereza01,atereza01,neutro,1.0,gays japonesas
1:59:52,7192,jantardameianoite,jantardameianoite,engraçado,0.5,Me perderia fácil aí pqp
1:59:58,7198,dinozinbrk,Dinozinbrk,neutro,1.0,live gravada não vai ter punhetaço tropa
1:59:58,7198,negligenciagames,negligenciaGames,neutro,1.0,"dom dom dom, dom quixote"
1:59:59,7199,eh_o_leo,EH_O_LEO,neutro,1.0,@otaku_maliguino EUUU
2:00:02,7202,martinsfelip1,MartinsFelip1,neutro,1.0,@otaku_maliguino eu
2:00:10,7210,morttusdornitska,morttusdornitska,neutro,1.0,@iceborn9999 perdoe-me
2:00:11,7211,noiiiii445,noiiiii445,engraçado,1.0,JESUS CHRIST
2:00:12,7212,mclov1nnn_,mclov1nnn_,neutro,1.0,amem
2:00:12,7212,dinozinbrk,Dinozinbrk,confuso,1.0,JAYZ?
2:00:13,7213,alpharius_456,Alpharius_456,engraçado,1.0,"@thejobind só uma vez, depois é perpetua kkkk"
2:00:17,7217,vhc_c,vhc_c,engraçado,1.0,"Baka, conferi aqui, vc perdeu esse trem que sai agora as 23h, agora só amanha de manha...."
2:00:18,7218,otaku_maliguino,otaku_maliguino,confuso,1.0,Cidade ?
2:00:20,7220,aspiiira,ASPIIIRA,confuso,1.0,essa é a estação sacomã? não acompanho muito
2:00:24,7224,tiodeivis,tiodeivis,engraçado,1.0,meu mano Jesus Christ
2:00:26,7226,jantardameianoite,jantardameianoite,neutro,1.0,Vish live acabando
2:00:30,7230,sernitto,Sernitto,confuso,1.0,Japão crente é reau?
2:00:37,7237,iceborn9999,iceborn9999,engraçado,1.0,@ASPIIIRA Corinthians - Itaquera essa
2:00:40,7240,redwinepie,redwinepie,neutro,1.0,A Julynha é tipo aquele vendedor do Resident Evil só que ela vai junto
2:00:41,7241,kratoszxkun,KratosZxKun,frustrado,1.0,affs
2:00:42,7242,morttusdornitska,morttusdornitska,neutro,1.0,@otaku_maliguino goias mencionado 🔥
2:00:44,7244,kratoszxkun,KratosZxKun,neutro,1.0,cabei de chegar
2:00:44,7244,loolzzx,loolzzx,neutro,1.0,@otaku_maliguino cidade das piscinas
2:00:46,7246,otaku_maliguino,otaku_maliguino,confuso,1.0,@MartinsFelip1 cidade ?
2:00:46,7246,andre_candido,aNDRe_CaNDiDo,confuso,1.0,aumentou o preço ? FAZ O 高
2:00:49,7249,kratoszxkun,KratosZxKun,neutro,1.0,:(
2:00:49,7249,vinitorinhasbatata,ViniTorinhasBatata,neutro,1.0,"Eles tão em Jundiapeba pessoal, o Japão do Brasil"
2:00:53,7253,sw1ftt_,Sw1ftt_,confuso,1.0,Tá ficando em hotel baka?
2:00:55,7255,atereza01,atereza01,neutro,1.0,kawaii dms
2:00:55,7255,dinozinbrk,Dinozinbrk,neutro,1.0,2 horas
2:00:56,7256,thrillerzs,thrillerzs,neutro,1.0,2
2:00:56,7256,nando_wk,nando_wk,neutro,1.0,2h
2:00:56,7256,italoooowd,italoooowd,neutro,1.0,2h
2:00:56,7256,apenasjg,apenasjg,neutro,1.0,4 horas
2:00:57,7257,donatte,Donatte,neutro,1.0,2 hora a rerun
2:00:57,7257,dmelosh,dmelosh,neutro,1.0,2 horas
2:00:57,7257,guhmoura11,guhmoura11,neutro,1.0,2h
2:00:57,7257,kthyosu,kthyosu,neutro,1.0,2h
2:00:57,7257,sawdzin,SawdZin,neutro,1.0,30 min
2:00:57,7257,kaynpombao,kaynpombao,neutro,1.0,2h
2:00:57,7257,hikkimoralles,hikkimoralles,neutro,1.0,2 hora
2:00:57,7257,hellsing0123,hellsing0123,neutro,1.0,2h
2:00:57,7257,0poaishu,0poaishu,neutro,1.0,dua hora
2:00:57,7257,alpharius_456,Alpharius_456,neutro,1.0,2h
2:00:58,7258,dsoramonkey,DSoraMonkey,neutro,1.0,2h
2:00:58,7258,eduardo_fm32,eduardo_fm32,neutro,1.0,2 horas
2:00:58,7258,this_is_pedro,This_is_Pedro,neutro,1.0,"Perdi quase 2h de irl, erro da minha parte"
2:00:58,7258,asrielobr,asrielobr,neutro,1.0,2 hora
2:00:59,7259,cahzin,Cahzin,neutro,1.0,2h
2:00:59,7259,nexus_jp,nexus_jp,neutro,1.0,2hirass
2:00:59,7259,kenji_san_97,kenji_san_97,confuso,1.0,ESTAO NA ESTAÇÃO BARRA FUNDA?
2:00:59,7259,kyry7i,kyry7i,neutro,1.0,2 horas
2:00:59,7259,guilhermesl45,guilhermesl45,neutro,1.0,1 dia
2:00:59,7259,boggyneo,boggyneo,neutro,1.0,2
2:00:59,7259,leoleo332,leoleo332,engraçado,1.0,@ViniTorinhasBatata KKKKKKKKKKKKKKKKKKKKKKK
2:00:59,7259,iceborn9999,iceborn9999,neutro,1.0,2 horas
2:00:59,7259,weslynsb,weslynsb,neutro,1.0,12 HORAS
2:01:00,7260,pekkazzi,pekkazzi,neutro,1.0,2 horas
2:01:01,7261,mahxete,mahxete,engraçado,1.0,mahxete subscribed with Prime.
2:01:01,7261,wesleykolomar_br,wesleykolomar_br,neutro,1.0,2h
2:01:02,7262,oniscientes,Oniscientes,neutro,1.0,30min
2:01:02,7262,vinsttv_,vinsttv_,neutro,1.0,ta doido pra desligar a live
2:01:02,7262,beto_souza_22,beto_souza_22,neutro,1.0,2h
2:01:04,7264,codinomepru,codinomepru,neutro,1.0,2hrs
2:01:04,7264,tiodeivis,tiodeivis,engraçado,1.0,2:00 literalmente kkkkkkk
2:01:05,7265,otaku_maliguino,otaku_maliguino,confuso,1.0,@loolzzx eoq ?
2:01:06,7266,coolmelado,coolmelado,neutro,1.0,O SUFICIENTE
2:01:07,7267,noiiiii445,noiiiii445,neutro,1.0,exatas 2h tropeçe julynhatoys
2:01:08,7268,pulchram12,pulchram12,neutro,1.0,2hrs
2:01:09,7269,liiaay01,liiaay01,neutro,1.0,15 minutos
2:01:10,7270,jantardameianoite,jantardameianoite,neutro,1.0,8 horas
2:01:11,7271,digowsky,Digowsky,confuso,1.0,Baka o Nando Moura te fez voltar pro Japão?
2:01:11,7271,sawdzin,SawdZin,neutro,1.0,exatos 34 min
2:01:15,7275,zordep21,zOrdep21,neutro,1.0,2
2:01:18,7278,aspiiira,ASPIIIRA,neutro,1.0,"@iceborn9999 por isso ta cheio desse jeito, essa linha é amaldiçoada"
2:01:19,7279,lancelot_darc,lancelot_darc,neutro,1.0,Suzuki 24 horas
2:01:21,7281,this_is_pedro,This_is_Pedro,confuso,1.0,Vai rodar um pouco na Paulista hoje?
2:01:21,7281,yawniess,yawniess,confuso,1.0,juiz de fora?
2:01:24,7284,otaku_maliguino,otaku_maliguino,frustrado,1.0,pqp
2:01:25,7285,morttusdornitska,morttusdornitska,neutro,1.0,POUCOS MINUTOS!!!
2:01:25,7285,jantardameianoite,jantardameianoite,neutro,1.0,34 min
2:01:25,7285,sernitto,Sernitto,neutro,1.0,mais de 1min é certeza
2:01:31,7291,otaku_maliguino,otaku_maliguino,neutro,1.0,bando de kpt
2:01:32,7292,gusttavo_lothbrok,gusttavo_lothbrok,neutro,1.0,Eae Baka! Emfim peguei uma live
2:01:33,7293,walfface,walfface,engraçado,1.0,Isso ai é aqui no interior da bahia
2:01:37,7297,sw1ftt_,Sw1ftt_,confuso,1.0,E o AP baka? Tá no mesmo ainda?
2:01:43,7303,otaku_maliguino,otaku_maliguino,neutro,1.0,full spam
2:01:44,7304,donatte,Donatte,engraçado,1.0,isso ai  é santa rita do sapucai
2:01:44,7304,riiyuji,Riiyuji,engraçado,1.0,kkkkkkkkkkk
2:01:47,7307,leobonhart_,LeoBonhart_,neutro,1.0,nunca fui nessa parte da liberdade
2:01:55,7315,soldadotrvs,soldadotrvs,confuso,1.0,Qual fim levou o orb da calçola?
2:02:02,7322,pekkazzi,pekkazzi,engraçado,1.0,Isso aí é Coronel Ezequiel Rio Grande do Norte
2:02:03,7323,unno2009,unno2009,neutro,1.0,se perdero
2:02:04,7324,nando_wk,nando_wk,confuso,1.0,baka ja bateu foto com o kojima?
2:02:06,7326,andre_candido,aNDRe_CaNDiDo,neutro,1.0,oooooopa
2:02:07,7327,this_is_pedro,This_is_Pedro,neutro,1.0,Estação surpresa
2:02:10,7330,raypeke,raypeke,confuso,1.0,Será q da tempo para o punhetaço? 🤔
2:02:11,7331,andre_candido,aNDRe_CaNDiDo,neutro,1.0,tem carne a vista
2:02:12,7332,jantardameianoite,jantardameianoite,neutro,1.0,Se perderam kakaka
2:02:13,7333,noiiiii445,noiiiii445,neutro,1.0,essa muie ta com as nadega de fora
2:02:17,7337,sylv_vtbr,sylv_vtbr,neutro,1.0,@soldadotrvs comeram
2:02:18,7338,erickhsn,erickhsn,neutro,1.0,44
2:02:19,7339,guilhermesl45,guilhermesl45,neutro,1.0,44
2:02:20,7340,alpharius_456,Alpharius_456,neutro,1.0,11:44
2:02:20,7340,riiyuji,Riiyuji,neutro,1.0,tu reclama mto dog
2:02:21,7341,beto_souza_22,beto_souza_22,neutro,1.0,😮😮😮
2:02:21,7341,despersonalizar,despersonalizar,neutro,1.0,papo de undaia
2:02:21,7341,rafadesa80,rafadesa80,neutro,1.0,OoooooooooooopaaaAaaaaAaaaa
2:02:22,7342,atereza01,atereza01,neutro,1.0,pq
2:02:25,7345,liiaay01,liiaay01,neutro,1.0,São 11:44
2:02:26,7346,atereza01,atereza01,frustrado,1.0,pqp
2:02:26,7346,thejobind,thejobind,confuso,1.0,quem e essa mina cheia de item ? da TK nela e rouba tudo SeemsGood SeemsGood SeemsGood SeemsGood
2:02:27,7347,loolzzx,loolzzx,positivo,1.0,@otaku_maliguino cê perguntou de qual cidade do Goiás éramos e falei que sou da cidade das piscinas kk
2:02:27,7347,otaku_maliguino,otaku_maliguino,neutro,1.0,Pai e de Goiania rapaziada que respondeu
2:02:27,7347,morttusdornitska,morttusdornitska,neutro,1.0,11:44
2:02:28,7348,jantardameianoite,jantardameianoite,neutro,1.0,Pergunta pro chatgpt
2:02:29,7349,dinozinbrk,Dinozinbrk,neutro,1.0,são 00:44
2:02:31,7351,edu_v30,edu_v30,neutro,1.0,rapaz
2:02:32,7352,pamfras2006,pamfras2006,neutro,1.0,@soldadotrvs Tiraram do prédi
2:02:34,7354,wesleykolomar_br,wesleykolomar_br,positivo,1.0,valeu
2:02:35,7355,vinitorinhasbatata,ViniTorinhasBatata,neutro,1.0,vinito5Cabsmaozinha vinito5Cabsmaozinha vinito5Cabsmaozinha
2:02:36,7356,shaierastar,ShaieraStar,confuso,1.0,Pessoal não reclama de ficar com câmera gravando não?
2:02:37,7357,rapdotyz,rapdotyz,positivo,1.0,valeu
2:02:38,7358,erickhsn,erickhsn,neutro,1.0,xau
2:02:40,7360,alpharius_456,Alpharius_456,neutro,1.0,flws
2:02:40,7360,pulchram12,pulchram12,positivo,1.0,Vlw
2:02:41,7361,maxxy_bb,maxxy_bb,positivo,1.0,vlw vlw
2:02:41,7361,kratoszxkun,KratosZxKun,neutro,1.0,tchautchau
2:02:42,7362,dinozinbrk,Dinozinbrk,positivo,1.0,VALEU VALEU JUJU
2:02:43,7363,pekkazzi,pekkazzi,positivo,1.0,Valeu
2:02:43,7363,tiodeivis,tiodeivis,positivo,1.0,valeu julynhaa
2:02:43,7363,vinizann,vinizann,positivo,1.0,vlw
2:02:43,7363,clyttex,clyttex,positivo,1.0,Vlww
2:02:44,7364,loolzzx,loolzzx,neutro,1.0,bye Julinha 🥹
2:02:46,7366,thrillerzs,thrillerzs,neutro,1.0,Tchau Xun xun
2:02:46,7366,eh_o_leo,EH_O_LEO,neutro,1.0,VALEEEEEEEEEU
2:02:47,7367,aspiiira,ASPIIIRA,neutro,1.0,fofo
2:02:47,7367,omalditodokai,omalditodokai,neutro,1.0,TCHAU JULYNHA
2:02:47,7367,iceborn9999,iceborn9999,positivo,1.0,Vlw vlw tmj
2:02:47,7367,riiyuji,Riiyuji,positivo,1.0,vlw vlw
2:02:47,7367,this_is_pedro,This_is_Pedro,neutro,1.0,Até mais
2:02:48,7368,otaku_maliguino,otaku_maliguino,engraçado,1.0,@loolzzx nunca vi man kkk
2:02:49,7369,rafadesa80,rafadesa80,neutro,1.0,Faz mais!!!
2:02:49,7369,bandidadaisa,bandidadaisa,neutro,1.0,Tchau Ju
2:02:49,7369,xrestrito,xrestrito,positivo,1.0,vlww
2:02:49,7369,lancelot_darc,lancelot_darc,neutro,1.0,cuidado vai encontrar com Muzan
2:02:49,7369,this_is_pedro,This_is_Pedro,positivo,1.0,Valeu valeu
2:02:50,7370,a_palavra_cabalistica_eh,凹凸凹凸凹凸凹凸凹凸凹,neutro,1.0,raleu jilinha
2:02:51,7371,hikkimoralles,hikkimoralles,neutro,1.0,BigSad
2:02:51,7371,flockie7,flockie7,positivo,1.0,valeu julynhaaaa
2:02:52,7372,italoooowd,italoooowd,neutro,1.0,Txau
2:02:52,7372,soldadotrvs,soldadotrvs,positivo,1.0,Vlw
2:02:53,7373,vinsttv_,vinsttv_,neutro,1.0,tchau juilinha
2:02:53,7373,guilhermesl45,guilhermesl45,neutro,1.0,Tchau julinha
2:02:54,7374,maxxy_bb,maxxy_bb,neutro,1.0,F
2:02:55,7375,morttusdornitska,morttusdornitska,neutro,1.0,NAOOOOO
2:02:55,7375,unno2009,unno2009,positivo,1.0,vlw vlw
2:02:56,7376,pulchram12,pulchram12,neutro,1.0,Tchau
2:02:56,7376,boggyneo,boggyneo,positivo,1.0,valeu
2:02:56,7376,wesleykolomar_br,wesleykolomar_br,neutro,1.0,gg
2:02:56,7376,sw1ftt_,Sw1ftt_,neutro,1.0,Flw julinhaa
2:02:56,7376,howuol,howuol,neutro,1.0,flw jilinha
2:02:57,7377,noiiiii445,noiiiii445,confuso,1.0,essa miseravel é fofinha
2:02:57,7377,blue_snow86,blue_snow86,neutro,1.0,Ja acabou....
2:02:57,7377,sylv_vtbr,sylv_vtbr,engraçado,1.0,@ShaieraStar tem TANTO turista la q virou normal
2:02:58,7378,rafadesa80,rafadesa80,neutro,1.0,Tchaaauuuu julinhaaaa
2:02:58,7378,donatte,Donatte,neutro,1.0,meteu um vai com deus pro baka
2:02:59,7379,kise_ryota__,Kise_Ryota__,positivo,1.0,Juju é a melhor
2:02:59,7379,alpharius_456,Alpharius_456,neutro,1.0,aaaaaaahhh
2:02:59,7379,riiyuji,Riiyuji,positivo,1.0,live boa da peste
2:03:00,7380,danielsk191,danielsk191,neutro,1.0,xau julynha
2:03:00,7380,atereza01,atereza01,positivo,1.0,Deus amém 🙏
2:03:01,7381,alpharius_456,Alpharius_456,neutro,1.0,q susto
2:03:01,7381,dinozinbrk,Dinozinbrk,positivo,1.0,agora é a hora que vamos chorar
2:03:02,7382,tiodeivis,tiodeivis,neutro,1.0,chora baka pro clipe
2:03:03,7383,this_is_pedro,This_is_Pedro,neutro,1.0,Vai com Jc
2:03:04,7384,residente_dorminhoko,residente_dorminhoko,confuso,1.0,a gente vai de beise?
2:03:05,7385,liiaay01,liiaay01,neutro,1.0,Tchau julynhaa
2:03:06,7386,vinitorinhasbatata,ViniTorinhasBatata,neutro,1.0,"Mandou nem ""Que Deus te proteja na caminhada"""
2:03:06,7386,vinizann,vinizann,neutro,1.0,susto
2:03:07,7387,shaierastar,ShaieraStar,neutro,1.0,@sylv_vtbr Entendi
2:03:08,7388,redwinepie,redwinepie,engraçado,0.5,Oh tristeza
2:03:09,7389,thejobind,thejobind,neutro,1.0,DA TK NELA E ROUBA OS ITENS MANO
2:03:09,7389,loolzzx,loolzzx,engraçado,1.0,@otaku_maliguino caldas novas véi kjkkkkk meu Deus
2:03:11,7391,otaku_maliguino,otaku_maliguino,neutro,1.0,Geme ai paizao
2:03:11,7391,asrielobr,asrielobr,neutro,1.0,visão
2:03:14,7394,this_is_pedro,This_is_Pedro,neutro,1.0,Plin plon
2:03:16,7396,hitori_w,hitOri_W,neutro,1.0,agora é lavar a mão e ir dormir
2:03:16,7396,sw1ftt_,Sw1ftt_,neutro,1.0,Segunda live preso na estação
2:03:17,7397,aspiiira,ASPIIIRA,engraçado,1.0,15 minutos pro siriricasso
2:03:18,7398,sernitto,Sernitto,neutro,1.0,hora da sidequest
2:03:19,7399,hikkimoralles,hikkimoralles,confuso,1.0,Punhetaço agora?
2:03:20,7400,atereza01,atereza01,neutro,1.0,agui
2:03:20,7400,lostcaco,LostCaco,neutro,1.0,agora rola o punhetaço
2:03:21,7401,xenohfanes,xenohfanes,neutro,1.0,vai pela sombra camarada
2:03:22,7402,allantorresbr,AllanTorresBR,negativo,1.0,@BakaGaijinLive chato se despedir
2:03:23,7403,igorluisk2,igorluisk2,positivo,1.0,agora voltamos para a depressão
2:03:23,7403,apenasjg,apenasjg,neutro,1.0,15 min...
2:03:24,7404,otaku_maliguino,otaku_maliguino,frustrado,1.0,@loolzzx puta merda akakkakakkaka nunca fui
2:03:25,7405,morttusdornitska,morttusdornitska,neutro,1.0,agora é a hora que o filho chora e a mãe não vê
2:03:26,7406,soldadotrvs,soldadotrvs,inspirado,1.0,Desaprendeu a andar japil
2:03:26,7406,jantardameianoite,jantardameianoite,engraçado,1.0,Arigato
2:03:27,7407,shaierastar,ShaieraStar,neutro,1.0,Da hora pq adoro ver os videos do yt
2:03:27,7407,vinigom3s_,vinigom3s_,neutro,1.0,"Que porra é essa, bakagaijota virou nerd com esse óculos"
2:03:29,7409,erickhsn,erickhsn,neutro,1.0,espera legal
2:03:30,7410,redwinepie,redwinepie,neutro,1.0,BigSad
2:03:30,7410,liiaay01,liiaay01,neutro,1.0,baka perdido no Japão
2:03:32,7412,lancelot_darc,lancelot_darc,engraçado,1.0,FeelsVi  achei kawari a despedida
2:03:33,7413,this_is_pedro,This_is_Pedro,neutro,1.0,Aguenta 15 min pro punhetaço
2:03:34,7414,thrillerzs,thrillerzs,confuso,1.0,Espera o proximo pro punhetaço rolar
2:03:35,7415,ayanmelo,ayanmelo,confuso,1.0,liberou o punhetaço agora?
2:03:36,7416,nando_wk,nando_wk,confuso,1.0,ds reference?
2:03:36,7416,season1fighter,season1fighter,engraçado,1.0,PrideFloat
2:03:38,7418,jantardameianoite,jantardameianoite,neutro,1.0,Grava tudo aí safado foge nao
2:03:39,7419,yawniess,yawniess,confuso,1.0,agora ta liberado???
2:03:39,7419,lostcaco,LostCaco,neutro,1.0,rola punhetaço no trem
2:03:41,7421,unno2009,unno2009,neutro,1.0,despachou a Julinha
2:03:41,7421,this_is_pedro,This_is_Pedro,neutro,1.0,Plin plon
2:03:44,7424,ianllc,ianllc,confuso,1.0,Ele voltou pro Japão galera?
2:03:45,7425,raamza,Raamza,confuso,1.0,Oxe voltou??
2:03:46,7426,riiyuji,Riiyuji,neutro,1.0,perde legal o trem
2:03:47,7427,donatte,Donatte,neutro,1.0,"ta com cara de homem baka, que estranho"
2:03:47,7427,guilhermesl45,guilhermesl45,neutro,1.0,Tem que esperar o punhetaço
2:03:47,7427,loolzzx,loolzzx,neutro,1.0,Baka é emo
2:03:49,7429,iceborn9999,iceborn9999,neutro,1.0,"Baka com 30 anos e ainda tem espinha, que porra é essa"
2:03:49,7429,wesleykolomar_br,wesleykolomar_br,neutro,1.0,só faltou levantar o dedo
2:03:50,7430,soldadotrvs,soldadotrvs,neutro,1.0,Punhetaço proibido ⛔⛔⛔⛔⛔
2:03:52,7432,weslynsb,weslynsb,neutro,1.0,N
2:03:53,7433,erickhsn,erickhsn,engraçado,1.0,o nerd de hj é o cara rico de amanhã
2:03:55,7435,rafadesa80,rafadesa80,neutro,1.0,Agora é lavar a mão e dormir
2:03:55,7435,tiodeivis,tiodeivis,neutro,1.0,filma a estação ai p nois
2:03:56,7436,bandidadaisa,bandidadaisa,neutro,1.0,O tipico nerd do ti
2:03:57,7437,metyflix,MetyFlix,neutro,1.0,Emo do Fresno
2:04:01,7441,morttusdornitska,morttusdornitska,neutro,1.0,flw
2:04:07,7447,liiaay01,liiaay01,neutro,1.0,Emo nerd
2:04:07,7447,peluciacensurada,PeluciaCensurada,neutro,1.0,tá velhão eim
2:04:07,7447,atereza01,atereza01,neutro,1.0,ele adora carregar livros
2:04:08,7448,weslynsb,weslynsb,engraçado,1.0,@MetyFlix kkkkkksksk
2:04:12,7452,emanuel1234513,emanuel1234513,neutro,1.0,Cabelo branco baka
2:04:13,7453,eudenyzin,eudenyzin,engraçado,1.0,A carinha dele
2:04:13,7453,dinozinbrk,Dinozinbrk,neutro,1.0,AKAKAKAKAKAKAAKAK
2:04:14,7454,riiyuji,Riiyuji,neutro,1.0,ela nem fecha
2:04:17,7457,erickhsn,erickhsn,engraçado,0.5,vc poderia aprender
2:04:17,7457,brunoabdi,brunoabdi,neutro,1.0,Nos somos uma perca d tempo para vc ne BAKA
2:04:17,7457,hemoglobina05,hemoglobina05,neutro,1.0,ela farma
2:04:18,7458,1pablinpn,1pablinpn,confuso,1.0,Vc está na estação luz ?
2:04:19,7459,morttusdornitska,morttusdornitska,neutro,1.0,vai ó integrante do restart
2:04:19,7459,guilhermesl45,guilhermesl45,neutro,1.0,Vdd
2:04:20,7460,vinitorinhasbatata,ViniTorinhasBatata,neutro,1.0,O nerd de hj é cara mamado de amanhã
2:04:23,7463,aspiiira,ASPIIIRA,neutro,1.0,ta idoso em
2:04:24,7464,dantadashi,dantadashi,confuso,1.0,vai morar no Japao de novo?
2:04:24,7464,fumarfazbem,FumarFazBem,confuso,1.0,é osasco?
2:04:24,7464,pamfras2006,pamfras2006,engraçado,1.0,É o trem que vai pra belo horizonte
2:04:25,7465,rickpowd,リックパウダー,neutro,1.0,bakagaAsianfrog
2:04:25,7465,yezgg,yezgg,neutro,1.0,proibido aqui em aracaju sergipe
2:04:27,7467,caioba_tnm,caioba_tnm,neutro,1.0,cheguei pisando fofo pra n machucar os ovos
2:04:29,7469,k_amaral9,k_amaral9,confuso,1.0,Oshi voltou pro Japão?
2:04:29,7469,jantardameianoite,jantardameianoite,neutro,1.0,Fecha a live não
2:04:29,7469,stankke,Stankke,neutro,1.0,"Braga, você parece minha fimose"
2:04:31,7471,liiaay01,liiaay01,engraçado,1.0,a bateria social acabando KKKkk
2:04:32,7472,sernitto,Sernitto,confuso,1.0,@BakaGaijinLive a ethiopian air lines não é paia pra krl?
2:04:32,7472,dxpthhr,dxpthhr,neutro,1.0,Espera dar meia noite braga
2:04:35,7475,noiiiii445,noiiiii445,inspirado,1.0,qnd tu vai fazer voz fofa igual ela aprenda
2:04:40,7480,ianllc,ianllc,confuso,1.0,Ele voltou a morar no Japão galera??
2:04:41,7481,lostcaco,LostCaco,confuso,1.0,"agora que tá só nós juntinhos, rola punhetaço?"
2:04:41,7481,grayoden,Grayoden,neutro,1.0,HonkShoe
2:04:42,7482,guilhermesl45,guilhermesl45,neutro,1.0,Não vejo
2:04:42,7482,wesleykolomar_br,wesleykolomar_br,neutro,1.0,mostra o lado ent
2:04:44,7484,riiyuji,Riiyuji,neutro,1.0,esses tempo era papo de 16hr e ela nem na stream tava
2:04:46,7486,erickhsn,erickhsn,confuso,1.0,"agora n tem doxing, já q n mora mais ai"
2:04:49,7489,atereza01,atereza01,neutro,1.0,tru
2:04:49,7489,rafadesa80,rafadesa80,engraçado,1.0,"Frio de 12 graus aqui, calor de 30 aí,  a voz vai pro caraleo"
2:04:49,7489,dinozinbrk,Dinozinbrk,confuso,1.0,sem punhetaço hoje?
2:04:50,7490,vinitorinhasbatata,ViniTorinhasBatata,neutro,1.0,Mostra seus lados então
2:04:52,7492,alpharius_456,Alpharius_456,neutro,1.0,@ianllc passeio
2:04:52,7492,a_palavra_cabalistica_eh,凹凸凹凸凹凸凹凸凹凸凹,neutro,1.0,jaja é live na fila do INSS
2:04:53,7493,soldadotrvs,soldadotrvs,neutro,1.0,bakagaLovebeco bakagaLovebeco bakagaLovebeco
2:04:54,7494,guilherme_alexandre2008,guilherme_alexandre2008,positivo,1.0,EU TE AMO RABO DE CHÁ
2:04:55,7495,jantardameianoite,jantardameianoite,neutro,1.0,Qual lado
2:04:59,7499,rickpowd,リックパウダー,neutro,1.0,falo bakagozadin
2:05:01,7501,asrielobr,asrielobr,confuso,1.0,agr vc vai pro cabaré?
2:05:03,7503,stankke,Stankke,engraçado,1.0,no prime você falaria tem que ver meu lado e colocaria a camera do lado do seu rosto
2:05:03,7503,1pablinpn,1pablinpn,confuso,1.0,Aí é a luz ?
2:05:04,7504,ddingo000,ddingo000,neutro,1.0,SeemsGood
2:05:05,7505,hellsing0123,hellsing0123,neutro,1.0,"esse Entre Outros nao perde uma live, bixo dedicado"
2:05:06,7506,porcoprata,PORCOPRATA,neutro,1.0,"@pamfras2006 nem tem como errar, com BH tendo só uma linha"
2:05:07,7507,jantardameianoite,jantardameianoite,engraçado,1.0,Live na fila do INSS kkkkk
2:05:09,7509,brunoabdi,brunoabdi,positivo,1.0,Ja foi melhor BAKA ...voltei
2:05:09,7509,unapologetic_dog,unapologetic_dog,engraçado,1.0,Julinha levou o carisma da live junto com ela
2:05:13,7513,tiodeivis,tiodeivis,neutro,1.0,baka ta washed essa é a real
2:05:14,7514,morttusdornitska,morttusdornitska,engraçado,1.0,bakagozadin KKKKKKKKKKKKK
2:05:17,7517,lobinhokun,LobinhoKun,neutro,1.0,"segue a julynha la galera , live todo dia IAmClap"
2:05:18,7518,aspiiira,ASPIIIRA,confuso,1.0,a pergunta que nao quer calar: vai ter punhetasso ou nao?
2:05:18,7518,this_is_pedro,This_is_Pedro,neutro,1.0,Faz tour pelo lugar que tu tá ficando
2:05:19,7519,otaku_maliguino,otaku_maliguino,confuso,1.0,Quantas horas ai ?
2:05:23,7523,riiyuji,Riiyuji,neutro,1.0,q parte do liberdade é essa
2:05:24,7524,redwinepie,redwinepie,engraçado,1.0,"Se tivesse live assim pelo menos uma vez por mês, eu seria o bêbado mais feliz do mundo"
2:05:25,7525,rafadesa80,rafadesa80,neutro,1.0,"@Dinozinbrk Já foi man, perdeu"
2:05:29,7529,mun1zvictor,Mun1zVictor,confuso,1.0,"Galera, quanto é a sequência de lives assistidas do Baka de vcs? Eu tô com 14"
2:05:31,7531,dinozinbrk,Dinozinbrk,confuso,1.0,pessoal aqui de xique xique Bahia está chegando no Japão para te dar doxing baka
2:05:31,7531,pekkazzi,pekkazzi,engraçado,0.5,@Alpharius_456 Qual passeio? SUBprise
2:05:36,7536,lostcaco,LostCaco,neutro,1.0,punhetasso no trem
2:05:39,7539,thrillerzs,thrillerzs,neutro,1.0,"Foi nostalgica hoje baka, vou gozar por hoje deste momento"
2:05:42,7542,noiiiii445,noiiiii445,engraçado,0.667,botaram tua casa no google maps baka ? kkkkkkkk
2:05:45,7545,gusttavo_lothbrok,gusttavo_lothbrok,confuso,1.0,Qual o canal da Julia?
2:05:46,7546,lumchannel,LumChannel,neutro,1.0,"Tá quase na hora galera, o jejum está grande"
2:05:50,7550,morttusdornitska,morttusdornitska,neutro,1.0,punhetasso em público
2:05:50,7550,riiyuji,Riiyuji,confuso,1.0,punhetasso ja ta liberado baka?
2:05:54,7554,jantardameianoite,jantardameianoite,engraçado,1.0,@mun1zvictor tá porra deis de 2023 ent kkk
2:05:56,7556,rickpowd,リックパウダー,neutro,1.0,espera o punhetaçoooooooo
2:05:57,7557,lambisgoio_gosma,lambisgoio_gosma,confuso,1.0,Oi baka (sem intenções sexuais)
2:05:59,7559,hitori_w,hitOri_W,neutro,1.0,o cara do BTS agachado ali
2:06:03,7563,aspiiira,ASPIIIRA,neutro,1.0,@pekkazzi bruxo passeios
2:06:04,7564,lolls2,lolls2,neutro,1.0,"faz tour do hotel, baka"
2:06:04,7564,rafadesa80,rafadesa80,neutro,1.0,@gusttavo_lothbrok Julinhatoys
2:06:06,7566,dinozinbrk,Dinozinbrk,neutro,1.0,@gusttavo_lothbrok julynhatoys
2:06:08,7568,aspiiira,ASPIIIRA,neutro,1.0,ajuda dog
2:06:09,7569,bakanadegasexuberantes,BakaNadegasExuberantes,neutro,1.0,da zoom
2:06:10,7570,liiaay01,liiaay01,neutro,1.0,Ecaaaa
2:06:10,7570,vinitorinhasbatata,ViniTorinhasBatata,confuso,1.0,Os trem aí já falam?
2:06:11,7571,umbalde,umBalde,neutro,1.0,Ajuda ela zé
2:06:12,7572,thrillerzs,thrillerzs,neutro,1.0,Nossa ela ta vomitada
2:06:12,7572,erickhsn,erickhsn,positivo,1.0,é o balanço do trem é foda
2:06:13,7573,jantardameianoite,jantardameianoite,neutro,1.0,Ajuda ela baka
2:06:15,7575,weslynsb,weslynsb,neutro,1.0,ajuda la
2:06:15,7575,marcosssantoro,MarcossSantoro,neutro,1.0,aoo vivooo
2:06:15,7575,atereza01,atereza01,engraçado,1.0,sem siriricasso <\\\3
2:06:16,7576,brucutuu,BrucuTUU,engraçado,1.0,"depois que eu descobri a cunheta, nao pude mais parar"
2:06:24,7584,atereza01,atereza01,neutro,1.0,tenho emetofobia credo
2:06:24,7584,guilherme_alexandre2008,guilherme_alexandre2008,confuso,1.0,Oi Baka (com intenções sexuais)
2:06:30,7590,gusttavo_lothbrok,gusttavo_lothbrok,positivo,1.0,Vlwww Toys
2:06:31,7591,rickpowd,リックパウダー,neutro,1.0,ganka ela
2:06:31,7591,flacoxbt,flacoxbt,neutro,1.0,tA FOCADO BAKA
2:06:33,7593,wesleykolomar_br,wesleykolomar_br,neutro,1.0,atente
2:06:37,7597,tiodeivis,tiodeivis,neutro,1.0,"se dá oi é pq quer dar, n tem essa"
2:06:39,7599,riiyuji,Riiyuji,confuso,1.0,BAKA punhetasso ja ta liberado baka????
2:06:42,7602,pulchram12,pulchram12,neutro,1.0,Manda raid
2:06:45,7605,noiiiii445,noiiiii445,neutro,1.0,acho q ela nao é de correr
2:06:50,7610,vinitorinhasbatata,ViniTorinhasBatata,confuso,1.0,"Volto nerfado ainda baka, cadê seu HUD japonostico mostrando as horas e clima????"
2:06:50,7610,morttusdornitska,morttusdornitska,neutro,1.0,sem cunhetasso hoje <\\\3
2:06:50,7610,soldadotrvs,soldadotrvs,confuso,1.0,Tá pra visita ou trabalho Braga?
2:06:52,7612,xenohfanes,xenohfanes,neutro,1.0,"Oi Julynha, vim pelo baka"
2:06:54,7614,morttusdornitska,morttusdornitska,confuso,1.0,pode isso guys?
2:06:55,7615,sattxd,sattxd,confuso,1.0,vai raidar?
2:06:55,7615,jeffstaz,jeffstaz,neutro,1.0,Oi baka (com interação homossexual)
2:06:56,7616,erickhsn,erickhsn,neutro,1.0,sim senhor
2:06:57,7617,flacoxbt,flacoxbt,neutro,1.0,SUBtember
2:06:59,7619,dinozinbrk,Dinozinbrk,engraçado,1.0,o erick tá
2:07:00,7620,charles_smjr,Charles_SMJr,engraçado,0.6,"não sei oq é melhor, a live ou o próprio chat kkkk"
2:07:01,7621,riiyuji,Riiyuji,neutro,1.0,tu é vagabundo rapaz
2:07:03,7623,tiodeivis,tiodeivis,neutro,1.0,</3
2:07:06,7626,linsc96,LinsC96,confuso,1.0,"oxe, quando foi que ele voltou pro jp?"
2:07:06,7626,wesleyp2p,wesleyp2p,neutro,1.0,Gg Raid pra julynha
2:07:10,7630,aspiiira,ASPIIIRA,neutro,1.0,fecha não patrao
2:07:10,7630,erickhsn,erickhsn,neutro,1.0,consigo
2:07:11,7631,brunoabdi,brunoabdi,neutro,1.0,nao
2:07:13,7633,erickhsn,erickhsn,confuso,1.0,agora?
2:07:13,7633,mun1zvictor,Mun1zVictor,engraçado,1.0,"""cunhetasso"" KKJKKKKKJKKKKK"
2:07:17,7637,guilhermesl45,guilhermesl45,engraçado,1.0,Kkkkkk
2:07:19,7639,dinozinbrk,Dinozinbrk,engraçado,1.0,trabalha erick
2:07:19,7639,atereza01,atereza01,neutro,1.0,adeus <\\\\\3
2:07:19,7639,kyry7i,kyry7i,positivo,1.0,Vlw Baka
2:07:19,7639,morrismky,MorrisMky,neutro,1.0,HypeWave
2:07:19,7639,mimillaszz,Mimillaszz,neutro,1.0,depressao de domingo
2:07:20,7640,yawniess,yawniess,inspirado,1.0,porra de raid caraaaaa continua a livezuda
2:07:20,7640,pedreirosensualizador,pedreirosensualizador,neutro,1.0,Não po
2:07:21,7641,rickpowd,リックパウダー,engraçado,0.5,e o salário do erick?
2:07:22,7642,hamtarocomunista,hamtarocomunista,engraçado,0.5,A bateria social já foi?
2:07:22,7642,loolzzx,loolzzx,engraçado,1.0,KIKKKKKKKKK
2:07:23,7643,dxpthhr,dxpthhr,neutro,1.0,Espera dar meia noite barca
2:07:23,7643,bakanadegasexuberantes,BakaNadegasExuberantes,confuso,1.0,hj chefe?
2:07:24,7644,this_is_pedro,This_is_Pedro,engraçado,1.0,Kkkk
2:07:24,7644,otaku_maliguino,otaku_maliguino,neutro,1.0,cunhetasso aaakkaa
2:07:26,7646,k_amaral9,k_amaral9,neutro,1.0,Fecha ñ chefe
2:07:27,7647,rwnanz,rwnanz,neutro,1.0,o cara n vai esperar 00h
2:07:28,7648,mcronaldsfeliz,McRonaldsFeliz,neutro,1.0,Adeus bk
2:07:28,7648,sp4wnfps,SP4WNfps,neutro,1.0,espera ahhhhhh eu vou gozaaar
2:07:29,7649,pedreirosensualizador,pedreirosensualizador,neutro,1.0,E o punhetaco
2:07:29,7649,guilherme_alexandre2008,guilherme_alexandre2008,neutro,1.0,Tmj Bakao
2:07:30,7650,jantardameianoite,jantardameianoite,positivo,1.0,grava até o trem chegar aí depois vamo la
2:07:31,7651,rhummebr,RhummeBr,neutro,1.0,Ée nozes baka
2:07:31,7651,blue_snow86,blue_snow86,neutro,1.0,"Deixa esse video salvo, não vi o começo, por favor"
2:07:32,7652,marcosssantoro,MarcossSantoro,confuso,1.0,proxima live quando?
2:07:32,7652,tiodeivis,tiodeivis,neutro,1.0,gg
2:07:32,7652,erickhsn,erickhsn,neutro,1.0,ta la
2:07:33,7653,season1fighter,season1fighter,neutro,1.0,Isso é jingle de videogame
2:07:34,7654,peluciacensurada,PeluciaCensurada,neutro,1.0,juuu sannn maannnn sennn
2:07:34,7654,ryanslaayer,RyanSlaayer,neutro,1.0,Gg
2:07:35,7655,atereza01,atereza01,positivo,1.0,boa viagem tmj
2:07:36,7656,otaku_maliguino,otaku_maliguino,neutro,1.0,geeeeeeme
2:07:36,7656,rapdotyz,rapdotyz,positivo,1.0,vagabundo e foda
2:07:36,7656,soldadotrvs,soldadotrvs,neutro,1.0,Flw baka
2:07:37,7657,rickpowd,リックパウダー,engraçado,1.0,erick disse aqui que quer receber salario
2:07:37,7657,vinitorinhasbatata,ViniTorinhasBatata,neutro,1.0,2h já trabalhou d+ rapaz pode descansar
2:07:38,7658,rhummebr,RhummeBr,neutro,1.0,Beijo no koração
2:07:38,7658,otaku_maliguino,otaku_maliguino,neutro,1.0,gemeeem
2:07:38,7658,redwinepie,redwinepie,neutro,1.0,Adeus Baka
2:07:40,7660,bakanadegasexuberantes,BakaNadegasExuberantes,neutro,1.0,10 min
2:07:41,7661,guilhermesl45,guilhermesl45,neutro,1.0,Flw
2:07:42,7662,otaku_maliguino,otaku_maliguino,neutro,1.0,geeeeme
2:07:42,7662,lostcaco,LostCaco,neutro,1.0,"baka tá velho, n aguenta mais live"
2:07:42,7662,tiodeivis,tiodeivis,positivo,1.0,"tamo junto baka, espero q Deus te acompanhe na volta"
2:07:42,7662,morttusdornitska,morttusdornitska,engraçado,1.0,acabou a bateria social fecha a live
2:07:43,7663,boggyneo,boggyneo,positivo,1.0,boa noite bom dia
2:07:43,7663,otaku_maliguino,otaku_maliguino,neutro,1.0,geeeme
2:07:43,7663,adilson_ofnone,adilson_ofnone,neutro,1.0,té mais
2:07:44,7664,rogersouzzza,Rogersouzzza,positivo,1.0,Valeu pela Live Baka!!!!
2:07:44,7664,dinozinbrk,Dinozinbrk,positivo,1.0,vlw bakaaa
2:07:44,7664,raypeke,raypeke,neutro,1.0,Punhetassk na Julinha mesmo
2:07:44,7664,thrillerzs,thrillerzs,neutro,1.0,Flw cachorro do mang
2:07:45,7665,rafadesa80,rafadesa80,neutro,1.0,Não esquece o YouTube
2:07:45,7665,bakalovee,bakalovee,neutro,1.0,Tmj
2:07:45,7665,adilson_ofnone,adilson_ofnone,neutro,1.0,é nois
2:07:45,7665,mun1zvictor,Mun1zVictor,neutro,1.0,Blz
2:07:45,7665,rapdotyz,rapdotyz,neutro,1.0,flw
2:07:46,7666,karanbola,karanbola,neutro,1.0,flw
2:07:46,7666,morttusdornitska,morttusdornitska,neutro,1.0,vagabundo
2:07:46,7666,kegann999,Kegann999,neutro,1.0,flw
2:07:46,7666,nando_wk,nando_wk,neutro,1.0,flw
2:07:47,7667,sp4wnfps,SP4WNfps,neutro,1.0,o cara nao vai esperar o punhetaço
2:07:47,7667,karanbola,karanbola,neutro,1.0,até mais
2:07:47,7667,baka_denji,Baka_Denji,neutro,1.0,Falouu
2:07:47,7667,nety,nety,positivo,1.0,vlw
2:07:47,7667,peluciacensurada,PeluciaCensurada,positivo,1.0,valeu
2:07:47,7667,loolzzx,loolzzx,neutro,1.0,bejo na bunda Baka <3
2:07:47,7667,kthyosu,kthyosu,neutro,1.0,adeus
2:07:48,7668,kratoszxkun,KratosZxKun,neutro,1.0,aterate
2:07:48,7668,alpharius_456,Alpharius_456,neutro,1.0,tmj
2:07:48,7668,ryanslaayer,RyanSlaayer,neutro,1.0,Tmj
2:07:48,7668,erickhsn,erickhsn,engraçado,1.0,arigato
2:07:48,7668,sawdzin,SawdZin,neutro,1.0,flw
2:07:48,7668,vinitorinhasbatata,ViniTorinhasBatata,neutro,1.0,vinito5Cabsmaozinha vinito5Cabsmaozinha vinito5Cabsmaozinha vinito5Cabsmaozinha vinito5Cabsmaozinha
2:07:48,7668,hikkimoralles,hikkimoralles,neutro,1.0,Flw
2:07:49,7669,rafadesa80,rafadesa80,neutro,1.0,Falou!
2:07:49,7669,rogersouzzza,Rogersouzzza,neutro,1.0,Até a próxima
2:07:49,7669,pekkazzi,pekkazzi,neutro,1.0,Adeus braga
2:07:50,7670,vinizann,vinizann,positivo,1.0,vlw
2:07:50,7670,pulchram12,pulchram12,positivo,1.0,Vamo lá
2:07:50,7670,liiaay01,liiaay01,neutro,1.0,Beijinhos
2:07:50,7670,marcosssantoro,MarcossSantoro,neutro,1.0,flw
2:07:50,7670,iceborn9999,iceborn9999,positivo,1.0,"Vlw Baka, vlw chat. Tmj"
2:07:50,7670,ocaiuu,ocaiuu,positivo,1.0,vlw
2:07:50,7670,jantardameianoite,jantardameianoite,neutro,1.0,espera o trem :(
2:07:51,7671,dxpthhr,dxpthhr,positivo,1.0,Vlw flw
2:07:51,7671,donatte,Donatte,neutro,1.0,FLW BAKA
2:07:51,7671,apenasjg,apenasjg,neutro,1.0,Adeus
2:07:51,7671,morttusdornitska,morttusdornitska,neutro,1.0,pilantra
2:07:52,7672,hemoglobina05,hemoglobina05,neutro,1.0,adios
2:07:52,7672,kenji_san_97,kenji_san_97,neutro,1.0,FWS
2:07:52,7672,owwess,owwess,neutro,1.0,flw
2:07:52,7672,kratoszxkun,KratosZxKun,positivo,1.0,vlwwww
2:07:52,7672,k_amaral9,k_amaral9,neutro,1.0,Flw
2:07:52,7672,atereza01,atereza01,neutro,1.0,cadê o chinês
2:07:53,7673,morisleepy,morisleepy,neutro,1.0,Flw
2:07:53,7673,biel_soares_,biel_soares_,neutro,1.0,flw
2:07:53,7673,aizenr6ss,aizenr6ss,positivo,1.0,vlw
2:07:53,7673,negaoarregao,negaoarregao,neutro,1.0,Tchau baka
2:07:53,7673,wesleykolomar_br,wesleykolomar_br,confuso,1.0,trabalhou mais do que o neymar em 3 anos
2:07:54,7674,raypeke,raypeke,positivo,1.0,Vlw
2:07:54,7674,bakanadegasexuberantes,BakaNadegasExuberantes,neutro,1.0,NotLikeThis
2:07:54,7674,ebuzz250,Ebuzz250,neutro,1.0,Flw
2:07:55,7675,soldadotrvs,soldadotrvs,neutro,1.0,bakagaLovebeco bakagaLovebeco
2:07:55,7675,marps321,marps321,positivo,1.0,trabalhou mto boa noite
2:07:56,7676,kenji_san_97,kenji_san_97,neutro,1.0,FLWS
2:07:56,7676,felippefarr,felippefarr,neutro,1.0,raleu
2:07:56,7676,lambisgoio_gosma,lambisgoio_gosma,confuso,1.0,"Tchau (com intenções sexuais),"
2:07:56,7676,beatrizcrotti,beatrizcrotti,neutro,1.0,Quando a próxima
2:07:58,7678,xrestrito,xrestrito,neutro,1.0,flwww
2:07:58,7678,rwnanz,rwnanz,confuso,1.0,até a proxima lindao
2:07:58,7678,dinozinbrk,Dinozinbrk,engraçado,1.0,trabalha erickzada
2:07:58,7678,rofefps,Rofefps,positivo,1.0,Vlw
2:07:58,7678,ismaelkkkkk,ismaelkkkkk,neutro,1.0,Flw baka
2:07:59,7679,sousply,sousply,neutro,1.0,flw
2:07:59,7679,yviniss,yviniss,neutro,1.0,Flwww
2:07:59,7679,alison284,alison284,neutro,1.0,flw
2:07:59,7679,aspiiira,ASPIIIRA,neutro,1.0,flw
2:07:59,7679,hachimura23,hachimura23,neutro,1.0,Flw
2:07:59,7679,hemoglobina05,hemoglobina05,neutro,1.0,fecha logo
2:08:00,7680,this_is_pedro,This_is_Pedro,neutro,1.0,Tchau
2:08:00,7680,nexus_jp,nexus_jp,positivo,1.0,vlw baka
2:08:01,7681,igorluisk2,igorluisk2,neutro,1.0,flw
2:08:02,7682,rafael44541l,rafael44541l,neutro,1.0,Flwwww
2:08:03,7683,lucdms,lucdms,neutro,1.0,FLWS
2:08:03,7683,morisleepy,morisleepy,neutro,1.0,Até mais
2:08:04,7684,rogersouzzza,Rogersouzzza,neutro,1.0,flw
2:08:04,7684,wesleykolomar_br,wesleykolomar_br,neutro,1.0,flw
2:08:04,7684,lumchannel,LumChannel,engraçado,0.667,O jejum segue kkkk vlw
2:08:04,7684,coolmelado,coolmelado,neutro,1.0,Nao se joga Baka
2:08:04,7684,vinitorinhasbatata,ViniTorinhasBatata,confuso,1.0,QUEM APERTOU MINHA COXA AQ???
2:08:05,7685,coxinhaa04,coxinhaa04,neutro,1.0,Flw
2:08:05,7685,rickpowd,リックパウダー,neutro,1.0,10 min pro punhetaço yawnSad
2:08:06,7686,sw1ftt_,Sw1ftt_,neutro,1.0,Flw bakaaaa
2:08:06,7686,aspiiira,ASPIIIRA,neutro,1.0,rala
2:08:06,7686,omalditodokai,omalditodokai,neutro,1.0,tchauuu
2:08:06,7686,otaku_maliguino,otaku_maliguino,neutro,1.0,flw
2:08:06,7686,boggyneo,boggyneo,neutro,1.0,flw
2:08:07,7687,marcosssantoro,MarcossSantoro,neutro,1.0,flw flw
2:08:08,7688,ner0_tf,ner0_tf,neutro,1.0,Flw
2:08:09,7689,rofefps,Rofefps,neutro,1.0,Flw
2:08:09,7689,blue_snow86,blue_snow86,neutro,1.0,BigSad BigSad
2:08:09,7689,soldadotrvs,soldadotrvs,confuso,1.0,Amanhã tem mais ?
2:08:10,7690,vinitorinhasbatata,ViniTorinhasBatata,inspirado,1.0,CONTINUA
2:08:10,7690,rickppmpc,rickppmpc,neutro,1.0,flw
2:08:10,7690,alpharius_456,Alpharius_456,neutro,1.0,flw
2:08:11,7691,nikorasu18_,nikorasu18_,neutro,1.0,flw
2:08:11,7691,jantardameianoite,jantardameianoite,neutro,1.0,Maconheiro
2:08:11,7691,otaku_maliguino,otaku_maliguino,neutro,1.0,Beijo nas nadegas
2:08:12,7692,this_is_pedro,This_is_Pedro,neutro,1.0,<3
2:08:12,7692,dinozinbrk,Dinozinbrk,neutro,1.0,raida legal dogao
2:08:12,7692,smelllycat_,smelllycat_,neutro,1.0,VoHiYo
2:08:12,7692,beatrizcrotti,beatrizcrotti,positivo,1.0,Te amo
2:08:14,7694,ryanslaayer,RyanSlaayer,positivo,1.0,Tchau beijo te amo me liga
2:08:15,7695,mun1zvictor,Mun1zVictor,positivo,1.0,Vlwwww
2:08:17,7697,thrillerzs,thrillerzs,neutro,1.0,Fecha meu pau vai inchar
2:08:17,7697,rebequiiz,Rebequiiz,neutro,1.0,minere1Letsdance minere1Letsdance minere1Letsdance minere1Letsdance
2:08:17,7697,seivyfx,seivyfx,neutro,1.0,flw
2:08:18,7698,marteeww,marteeww,neutro,1.0,txchauu
2:08:19,7699,tiodeivis,tiodeivis,confuso,1.0,@リックパウダー talvez na proxima amg D:
2:08:19,7699,iceborn9999,iceborn9999,neutro,1.0,CADE ESSA PORRA DESSE TREM
2:08:19,7699,phanthasmha,phanthasmha,neutro,1.0,Entrei no final :((((
2:08:19,7699,zenith_2xko,zenith_2xko,neutro,1.0,tahcut
2:08:20,7700,hellsing0123,hellsing0123,neutro,1.0,bjunda
2:08:21,7701,this_is_pedro,This_is_Pedro,positivo,1.0,Vlw
2:08:22,7702,tiodeivis,tiodeivis,neutro,1.0,:(
2:08:22,7702,erickhsn,erickhsn,neutro,1.0,aguardando seu sinal
2:08:22,7702,pulchram12,pulchram12,neutro,1.0,HeyGuys
2:08:23,7703,maxxy_bb,maxxy_bb,neutro,1.0,😔
2:08:25,7705,morttusdornitska,morttusdornitska,neutro,1.0,faltando poucos minutos e o bragança fecha...
2:08:26,7706,liiaay01,liiaay01,confuso,1.0,amanhã tem mais live?
2:08:27,7707,erickhsn,erickhsn,positivo,1.0,nunca combinamos isos
2:08:27,7707,zenith_2xko,zenith_2xko,neutro,1.0,PogChamp PogChamp PogChamp PogChamp
2:08:27,7707,rickpowd,リックパウダー,neutro,1.0,@tiodeivis :z
2:08:27,7707,soldadotrvs,soldadotrvs,neutro,1.0,Geme em sinais aí baka
2:08:29,7709,tiodeivis,tiodeivis,neutro,1.0,FOGO!!!
2:08:29,7709,mun1zvictor,Mun1zVictor,positivo,1.0,♥️
2:08:33,7713,jantardameianoite,jantardameianoite,neutro,1.0,:(
2:08:33,7713,marps321,marps321,engraçado,1.0,kkkkk
2:08:33,7713,putiferocast0,PutiferoCast0,confuso,1.0,tô sentindo cheiro de maconha... que acendeu?
2:08:34,7714,zordep21,zOrdep21,neutro,1.0,Trem atrasado do enem
2:08:35,7715,dinozinbrk,Dinozinbrk,engraçado,1.0,já pode raidar erickzada
2:08:37,7717,atereza01,atereza01,neutro,1.0,:’(
2:08:39,7719,blue_snow86,blue_snow86,engraçado,1.0,Please leave this area. kkkkkkkkkkkkk
2:08:39,7719,this_is_pedro,This_is_Pedro,neutro,1.0,Geme quando for pra raid
2:08:40,7720,dxpthhr,dxpthhr,neutro,1.0,Paz
2:08:40,7720,pekkazzi,pekkazzi,engraçado,1.0,KKKKKKKKKKKKKKKKKKKKKKKKKK
2:08:40,7720,dinozinbrk,Dinozinbrk,neutro,1.0,DANM
2:08:40,7720,aspiiira,ASPIIIRA,neutro,1.0,da uma gemida
2:08:40,7720,tiodeivis,tiodeivis,neutro,1.0,:/
2:08:40,7720,raypeke,raypeke,engraçado,1.0,Kkkkkkkkkkk
2:08:41,7721,vinitorinhasbatata,ViniTorinhasBatata,neutro,1.0,FrogWow
2:08:42,7722,asrielobr,asrielobr,neutro,1.0,pisca o cu em codigo morse
2:08:42,7722,apenasjg,apenasjg,neutro,1.0,Aura
2:08:43,7723,atereza01,atereza01,neutro,1.0,(8)
2:08:43,7723,biel_soares_,biel_soares_,engraçado,1.0,kkkkkkkkkkk
2:08:44,7724,rickpowd,リックパウダー,engraçado,1.0,dale erick
2:08:44,7724,riiyuji,Riiyuji,neutro,1.0,slc
2:08:45,7725,rickppmpc,rickppmpc,neutro,1.0,BigSad
2:08:46,7726,zenith_2xko,zenith_2xko,engraçado,1.0,lkkkkkkkkkk]
2:08:46,7726,maxxy_bb,maxxy_bb,confuso,1.0,so ano que vem agora
2:08:46,7726,a_palavra_cabalistica_eh,凹凸凹凸凹凸凹凸凹凸凹,neutro,1.0,raleu mo fi raleu
2:08:46,7726,guilhermesl45,guilhermesl45,neutro,1.0,DinoDance DinoDance DinoDance
2:08:46,7726,iceborn9999,iceborn9999,engraçado,1.0,kkkkkkkkkkkkkk
2:08:47,7727,morttusdornitska,morttusdornitska,neutro,1.0,Raid rapeize
2:08:47,7727,sw1ftt_,Sw1ftt_,neutro,1.0,<3 <3 <3 <3
2:08:48,7728,asrielobr,asrielobr,neutro,1.0,aura
2:08:49,7729,dinozinbrk,Dinozinbrk,neutro,1.0,CHINESE AURA
